[0.094s] DEBUG:colcon:Command line arguments: ['/usr/bin/colcon', 'build', '--symlink-install']
[0.094s] DEBUG:colcon:Parsed command line arguments: Namespace(log_base=None, log_level=None, verb_name='build', build_base='build', install_base='install', merge_install=False, symlink_install=True, test_result_base=None, continue_on_error=False, executor='parallel', parallel_workers=12, event_handlers=None, ignore_user_meta=False, metas=['./colcon.meta'], base_paths=['.'], packages_ignore=None, packages_ignore_regex=None, paths=None, packages_up_to=None, packages_up_to_regex=None, packages_above=None, packages_above_and_dependencies=None, packages_above_depth=None, packages_select_by_dep=None, packages_skip_by_dep=None, packages_skip_up_to=None, packages_select_build_failed=False, packages_skip_build_finished=False, packages_select_test_failures=False, packages_skip_test_passed=False, packages_select=None, packages_skip=None, packages_select_regex=None, packages_skip_regex=None, packages_start=None, packages_end=None, allow_overriding=[], cmake_args=None, cmake_target=None, cmake_target_skip_unavailable=False, cmake_clean_cache=False, cmake_clean_first=False, cmake_force_configure=False, ament_cmake_args=None, catkin_cmake_args=None, catkin_skip_building_tests=False, mixin_files=None, mixin=None, verb_parser=<colcon_mixin.mixin.mixin_argument.MixinArgumentDecorator object at 0x7a1b475426b0>, verb_extension=<colcon_core.verb.build.BuildVerb object at 0x7a1b4766bf70>, main=<bound method BuildVerb.main of <colcon_core.verb.build.BuildVerb object at 0x7a1b4766bf70>>, mixin_verb=('build',))
[0.249s] Level 1:colcon.colcon_core.package_discovery:discover_packages(colcon_meta) check parameters
[0.249s] Level 1:colcon.colcon_core.package_discovery:discover_packages(recursive) check parameters
[0.249s] Level 1:colcon.colcon_core.package_discovery:discover_packages(ignore) check parameters
[0.249s] Level 1:colcon.colcon_core.package_discovery:discover_packages(path) check parameters
[0.249s] Level 1:colcon.colcon_core.package_discovery:discover_packages(colcon_meta) discover
[0.249s] Level 1:colcon.colcon_core.package_discovery:discover_packages(recursive) discover
[0.249s] INFO:colcon.colcon_core.package_discovery:Crawling recursively for packages in '/home/nguyen/ros2_ws/src/ros2_arctos_HCMUT'
[0.249s] Level 1:colcon.colcon_core.package_identification:_identify(.) by extensions ['ignore', 'ignore_ament_install']
[0.249s] Level 1:colcon.colcon_core.package_identification:_identify(.) by extension 'ignore'
[0.249s] Level 1:colcon.colcon_core.package_identification:_identify(.) by extension 'ignore_ament_install'
[0.249s] Level 1:colcon.colcon_core.package_identification:_identify(.) by extensions ['colcon_pkg']
[0.249s] Level 1:colcon.colcon_core.package_identification:_identify(.) by extension 'colcon_pkg'
[0.249s] Level 1:colcon.colcon_core.package_identification:_identify(.) by extensions ['colcon_meta']
[0.249s] Level 1:colcon.colcon_core.package_identification:_identify(.) by extension 'colcon_meta'
[0.250s] Level 1:colcon.colcon_core.package_identification:_identify(.) by extensions ['ros']
[0.250s] Level 1:colcon.colcon_core.package_identification:_identify(.) by extension 'ros'
[0.259s] Level 1:colcon.colcon_core.package_identification:_identify(.) by extensions ['cmake', 'python']
[0.259s] Level 1:colcon.colcon_core.package_identification:_identify(.) by extension 'cmake'
[0.259s] Level 1:colcon.colcon_core.package_identification:_identify(.) by extension 'python'
[0.259s] Level 1:colcon.colcon_core.package_identification:_identify(.) by extensions ['python_setup_py']
[0.259s] Level 1:colcon.colcon_core.package_identification:_identify(.) by extension 'python_setup_py'
[0.259s] Level 1:colcon.colcon_core.package_identification:_identify(arctos_bringup) by extensions ['ignore', 'ignore_ament_install']
[0.259s] Level 1:colcon.colcon_core.package_identification:_identify(arctos_bringup) by extension 'ignore'
[0.259s] Level 1:colcon.colcon_core.package_identification:_identify(arctos_bringup) by extension 'ignore_ament_install'
[0.259s] Level 1:colcon.colcon_core.package_identification:_identify(arctos_bringup) by extensions ['colcon_pkg']
[0.259s] Level 1:colcon.colcon_core.package_identification:_identify(arctos_bringup) by extension 'colcon_pkg'
[0.259s] Level 1:colcon.colcon_core.package_identification:_identify(arctos_bringup) by extensions ['colcon_meta']
[0.259s] Level 1:colcon.colcon_core.package_identification:_identify(arctos_bringup) by extension 'colcon_meta'
[0.260s] Level 1:colcon.colcon_core.package_identification:_identify(arctos_bringup) by extensions ['ros']
[0.260s] Level 1:colcon.colcon_core.package_identification:_identify(arctos_bringup) by extension 'ros'
[0.260s] DEBUG:colcon.colcon_core.package_identification:Failed to parse potential ROS package manifest in'arctos_bringup': Error(s) in package 'arctos_bringup/package.xml':
The manifest contains invalid XML:
mismatched tag: line 19, column 2
[0.261s] Level 1:colcon.colcon_core.package_identification:_identify(arctos_bringup) by extensions ['cmake', 'python']
[0.261s] Level 1:colcon.colcon_core.package_identification:_identify(arctos_bringup) by extension 'cmake'
[0.262s] Level 1:colcon.colcon_core.package_identification:_identify(arctos_bringup) by extension 'python'
[0.262s] DEBUG:colcon.colcon_core.package_identification:Package 'arctos_bringup' with type 'cmake' and name 'arctos_bringup'
[0.262s] Level 1:colcon.colcon_core.package_identification:_identify(arctos_description) by extensions ['ignore', 'ignore_ament_install']
[0.262s] Level 1:colcon.colcon_core.package_identification:_identify(arctos_description) by extension 'ignore'
[0.262s] Level 1:colcon.colcon_core.package_identification:_identify(arctos_description) by extension 'ignore_ament_install'
[0.262s] Level 1:colcon.colcon_core.package_identification:_identify(arctos_description) by extensions ['colcon_pkg']
[0.262s] Level 1:colcon.colcon_core.package_identification:_identify(arctos_description) by extension 'colcon_pkg'
[0.262s] Level 1:colcon.colcon_core.package_identification:_identify(arctos_description) by extensions ['colcon_meta']
[0.262s] Level 1:colcon.colcon_core.package_identification:_identify(arctos_description) by extension 'colcon_meta'
[0.262s] Level 1:colcon.colcon_core.package_identification:_identify(arctos_description) by extensions ['ros']
[0.262s] Level 1:colcon.colcon_core.package_identification:_identify(arctos_description) by extension 'ros'
[0.264s] DEBUG:colcon.colcon_core.package_identification:Package 'arctos_description' with type 'ros.ament_cmake' and name 'arctos_description'
[0.264s] Level 1:colcon.colcon_core.package_identification:_identify(arctos_hardware_interface) by extensions ['ignore', 'ignore_ament_install']
[0.264s] Level 1:colcon.colcon_core.package_identification:_identify(arctos_hardware_interface) by extension 'ignore'
[0.264s] Level 1:colcon.colcon_core.package_identification:_identify(arctos_hardware_interface) by extension 'ignore_ament_install'
[0.264s] Level 1:colcon.colcon_core.package_identification:_identify(arctos_hardware_interface) by extensions ['colcon_pkg']
[0.264s] Level 1:colcon.colcon_core.package_identification:_identify(arctos_hardware_interface) by extension 'colcon_pkg'
[0.264s] Level 1:colcon.colcon_core.package_identification:_identify(arctos_hardware_interface) by extensions ['colcon_meta']
[0.264s] Level 1:colcon.colcon_core.package_identification:_identify(arctos_hardware_interface) by extension 'colcon_meta'
[0.264s] Level 1:colcon.colcon_core.package_identification:_identify(arctos_hardware_interface) by extensions ['ros']
[0.264s] Level 1:colcon.colcon_core.package_identification:_identify(arctos_hardware_interface) by extension 'ros'
[0.265s] DEBUG:colcon.colcon_core.package_identification:Package 'arctos_hardware_interface' with type 'ros.ament_cmake' and name 'arctos_hardware_interface'
[0.265s] Level 1:colcon.colcon_core.package_identification:_identify(arctos_motor_driver) by extensions ['ignore', 'ignore_ament_install']
[0.265s] Level 1:colcon.colcon_core.package_identification:_identify(arctos_motor_driver) by extension 'ignore'
[0.265s] Level 1:colcon.colcon_core.package_identification:_identify(arctos_motor_driver) by extension 'ignore_ament_install'
[0.265s] Level 1:colcon.colcon_core.package_identification:_identify(arctos_motor_driver) by extensions ['colcon_pkg']
[0.265s] Level 1:colcon.colcon_core.package_identification:_identify(arctos_motor_driver) by extension 'colcon_pkg'
[0.265s] Level 1:colcon.colcon_core.package_identification:_identify(arctos_motor_driver) by extensions ['colcon_meta']
[0.265s] Level 1:colcon.colcon_core.package_identification:_identify(arctos_motor_driver) by extension 'colcon_meta'
[0.265s] Level 1:colcon.colcon_core.package_identification:_identify(arctos_motor_driver) by extensions ['ros']
[0.265s] Level 1:colcon.colcon_core.package_identification:_identify(arctos_motor_driver) by extension 'ros'
[0.266s] DEBUG:colcon.colcon_core.package_identification:Package 'arctos_motor_driver' with type 'ros.ament_cmake' and name 'arctos_motor_driver'
[0.266s] Level 1:colcon.colcon_core.package_identification:_identify(arctos_moveit_config) by extensions ['ignore', 'ignore_ament_install']
[0.266s] Level 1:colcon.colcon_core.package_identification:_identify(arctos_moveit_config) by extension 'ignore'
[0.266s] Level 1:colcon.colcon_core.package_identification:_identify(arctos_moveit_config) by extension 'ignore_ament_install'
[0.266s] Level 1:colcon.colcon_core.package_identification:_identify(arctos_moveit_config) by extensions ['colcon_pkg']
[0.266s] Level 1:colcon.colcon_core.package_identification:_identify(arctos_moveit_config) by extension 'colcon_pkg'
[0.266s] Level 1:colcon.colcon_core.package_identification:_identify(arctos_moveit_config) by extensions ['colcon_meta']
[0.266s] Level 1:colcon.colcon_core.package_identification:_identify(arctos_moveit_config) by extension 'colcon_meta'
[0.266s] Level 1:colcon.colcon_core.package_identification:_identify(arctos_moveit_config) by extensions ['ros']
[0.266s] Level 1:colcon.colcon_core.package_identification:_identify(arctos_moveit_config) by extension 'ros'
[0.267s] DEBUG:colcon.colcon_core.package_identification:Package 'arctos_moveit_config' with type 'ros.ament_cmake' and name 'arctos_moveit_config'
[0.267s] Level 1:colcon.colcon_core.package_identification:_identify(assets) by extensions ['ignore', 'ignore_ament_install']
[0.267s] Level 1:colcon.colcon_core.package_identification:_identify(assets) by extension 'ignore'
[0.267s] Level 1:colcon.colcon_core.package_identification:_identify(assets) by extension 'ignore_ament_install'
[0.267s] Level 1:colcon.colcon_core.package_identification:_identify(assets) by extensions ['colcon_pkg']
[0.267s] Level 1:colcon.colcon_core.package_identification:_identify(assets) by extension 'colcon_pkg'
[0.267s] Level 1:colcon.colcon_core.package_identification:_identify(assets) by extensions ['colcon_meta']
[0.267s] Level 1:colcon.colcon_core.package_identification:_identify(assets) by extension 'colcon_meta'
[0.267s] Level 1:colcon.colcon_core.package_identification:_identify(assets) by extensions ['ros']
[0.268s] Level 1:colcon.colcon_core.package_identification:_identify(assets) by extension 'ros'
[0.268s] Level 1:colcon.colcon_core.package_identification:_identify(assets) by extensions ['cmake', 'python']
[0.268s] Level 1:colcon.colcon_core.package_identification:_identify(assets) by extension 'cmake'
[0.268s] Level 1:colcon.colcon_core.package_identification:_identify(assets) by extension 'python'
[0.268s] Level 1:colcon.colcon_core.package_identification:_identify(assets) by extensions ['python_setup_py']
[0.268s] Level 1:colcon.colcon_core.package_identification:_identify(assets) by extension 'python_setup_py'
[0.268s] Level 1:colcon.colcon_core.package_identification:_identify(assets/home_sensors) by extensions ['ignore', 'ignore_ament_install']
[0.268s] Level 1:colcon.colcon_core.package_identification:_identify(assets/home_sensors) by extension 'ignore'
[0.268s] Level 1:colcon.colcon_core.package_identification:_identify(assets/home_sensors) by extension 'ignore_ament_install'
[0.268s] Level 1:colcon.colcon_core.package_identification:_identify(assets/home_sensors) by extensions ['colcon_pkg']
[0.268s] Level 1:colcon.colcon_core.package_identification:_identify(assets/home_sensors) by extension 'colcon_pkg'
[0.268s] Level 1:colcon.colcon_core.package_identification:_identify(assets/home_sensors) by extensions ['colcon_meta']
[0.268s] Level 1:colcon.colcon_core.package_identification:_identify(assets/home_sensors) by extension 'colcon_meta'
[0.268s] Level 1:colcon.colcon_core.package_identification:_identify(assets/home_sensors) by extensions ['ros']
[0.268s] Level 1:colcon.colcon_core.package_identification:_identify(assets/home_sensors) by extension 'ros'
[0.268s] Level 1:colcon.colcon_core.package_identification:_identify(assets/home_sensors) by extensions ['cmake', 'python']
[0.268s] Level 1:colcon.colcon_core.package_identification:_identify(assets/home_sensors) by extension 'cmake'
[0.268s] Level 1:colcon.colcon_core.package_identification:_identify(assets/home_sensors) by extension 'python'
[0.268s] Level 1:colcon.colcon_core.package_identification:_identify(assets/home_sensors) by extensions ['python_setup_py']
[0.268s] Level 1:colcon.colcon_core.package_identification:_identify(assets/home_sensors) by extension 'python_setup_py'
[0.268s] Level 1:colcon.colcon_core.package_identification:_identify(assets/zero_position) by extensions ['ignore', 'ignore_ament_install']
[0.268s] Level 1:colcon.colcon_core.package_identification:_identify(assets/zero_position) by extension 'ignore'
[0.268s] Level 1:colcon.colcon_core.package_identification:_identify(assets/zero_position) by extension 'ignore_ament_install'
[0.269s] Level 1:colcon.colcon_core.package_identification:_identify(assets/zero_position) by extensions ['colcon_pkg']
[0.269s] Level 1:colcon.colcon_core.package_identification:_identify(assets/zero_position) by extension 'colcon_pkg'
[0.269s] Level 1:colcon.colcon_core.package_identification:_identify(assets/zero_position) by extensions ['colcon_meta']
[0.269s] Level 1:colcon.colcon_core.package_identification:_identify(assets/zero_position) by extension 'colcon_meta'
[0.269s] Level 1:colcon.colcon_core.package_identification:_identify(assets/zero_position) by extensions ['ros']
[0.269s] Level 1:colcon.colcon_core.package_identification:_identify(assets/zero_position) by extension 'ros'
[0.269s] Level 1:colcon.colcon_core.package_identification:_identify(assets/zero_position) by extensions ['cmake', 'python']
[0.269s] Level 1:colcon.colcon_core.package_identification:_identify(assets/zero_position) by extension 'cmake'
[0.269s] Level 1:colcon.colcon_core.package_identification:_identify(assets/zero_position) by extension 'python'
[0.269s] Level 1:colcon.colcon_core.package_identification:_identify(assets/zero_position) by extensions ['python_setup_py']
[0.269s] Level 1:colcon.colcon_core.package_identification:_identify(assets/zero_position) by extension 'python_setup_py'
[0.269s] Level 1:colcon.colcon_core.package_identification:_identify(build) by extensions ['ignore', 'ignore_ament_install']
[0.269s] Level 1:colcon.colcon_core.package_identification:_identify(build) by extension 'ignore'
[0.269s] Level 1:colcon.colcon_core.package_identification:_identify(build) ignored
[0.269s] Level 1:colcon.colcon_core.package_identification:_identify(gamepadControl) by extensions ['ignore', 'ignore_ament_install']
[0.269s] Level 1:colcon.colcon_core.package_identification:_identify(gamepadControl) by extension 'ignore'
[0.269s] Level 1:colcon.colcon_core.package_identification:_identify(gamepadControl) by extension 'ignore_ament_install'
[0.269s] Level 1:colcon.colcon_core.package_identification:_identify(gamepadControl) by extensions ['colcon_pkg']
[0.269s] Level 1:colcon.colcon_core.package_identification:_identify(gamepadControl) by extension 'colcon_pkg'
[0.269s] Level 1:colcon.colcon_core.package_identification:_identify(gamepadControl) by extensions ['colcon_meta']
[0.269s] Level 1:colcon.colcon_core.package_identification:_identify(gamepadControl) by extension 'colcon_meta'
[0.269s] Level 1:colcon.colcon_core.package_identification:_identify(gamepadControl) by extensions ['ros']
[0.270s] Level 1:colcon.colcon_core.package_identification:_identify(gamepadControl) by extension 'ros'
[0.270s] Level 1:colcon.colcon_core.package_identification:_identify(gamepadControl) by extensions ['cmake', 'python']
[0.270s] Level 1:colcon.colcon_core.package_identification:_identify(gamepadControl) by extension 'cmake'
[0.270s] Level 1:colcon.colcon_core.package_identification:_identify(gamepadControl) by extension 'python'
[0.270s] Level 1:colcon.colcon_core.package_identification:_identify(gamepadControl) by extensions ['python_setup_py']
[0.270s] Level 1:colcon.colcon_core.package_identification:_identify(gamepadControl) by extension 'python_setup_py'
[0.270s] Level 1:colcon.colcon_core.package_identification:_identify(gazebo_ros2_control) by extensions ['ignore', 'ignore_ament_install']
[0.270s] Level 1:colcon.colcon_core.package_identification:_identify(gazebo_ros2_control) by extension 'ignore'
[0.270s] Level 1:colcon.colcon_core.package_identification:_identify(gazebo_ros2_control) by extension 'ignore_ament_install'
[0.270s] Level 1:colcon.colcon_core.package_identification:_identify(gazebo_ros2_control) by extensions ['colcon_pkg']
[0.270s] Level 1:colcon.colcon_core.package_identification:_identify(gazebo_ros2_control) by extension 'colcon_pkg'
[0.270s] Level 1:colcon.colcon_core.package_identification:_identify(gazebo_ros2_control) by extensions ['colcon_meta']
[0.270s] Level 1:colcon.colcon_core.package_identification:_identify(gazebo_ros2_control) by extension 'colcon_meta'
[0.270s] Level 1:colcon.colcon_core.package_identification:_identify(gazebo_ros2_control) by extensions ['ros']
[0.270s] Level 1:colcon.colcon_core.package_identification:_identify(gazebo_ros2_control) by extension 'ros'
[0.271s] DEBUG:colcon.colcon_core.package_identification:Package 'gazebo_ros2_control' with type 'ros.ament_cmake' and name 'gazebo_ros2_control'
[0.271s] Level 1:colcon.colcon_core.package_identification:_identify(install) by extensions ['ignore', 'ignore_ament_install']
[0.271s] Level 1:colcon.colcon_core.package_identification:_identify(install) by extension 'ignore'
[0.271s] Level 1:colcon.colcon_core.package_identification:_identify(install) ignored
[0.271s] Level 1:colcon.colcon_core.package_identification:_identify(log) by extensions ['ignore', 'ignore_ament_install']
[0.271s] Level 1:colcon.colcon_core.package_identification:_identify(log) by extension 'ignore'
[0.271s] Level 1:colcon.colcon_core.package_identification:_identify(log) ignored
[0.271s] Level 1:colcon.colcon_core.package_identification:_identify(scripts) by extensions ['ignore', 'ignore_ament_install']
[0.271s] Level 1:colcon.colcon_core.package_identification:_identify(scripts) by extension 'ignore'
[0.271s] Level 1:colcon.colcon_core.package_identification:_identify(scripts) by extension 'ignore_ament_install'
[0.271s] Level 1:colcon.colcon_core.package_identification:_identify(scripts) by extensions ['colcon_pkg']
[0.271s] Level 1:colcon.colcon_core.package_identification:_identify(scripts) by extension 'colcon_pkg'
[0.271s] Level 1:colcon.colcon_core.package_identification:_identify(scripts) by extensions ['colcon_meta']
[0.271s] Level 1:colcon.colcon_core.package_identification:_identify(scripts) by extension 'colcon_meta'
[0.271s] Level 1:colcon.colcon_core.package_identification:_identify(scripts) by extensions ['ros']
[0.271s] Level 1:colcon.colcon_core.package_identification:_identify(scripts) by extension 'ros'
[0.271s] Level 1:colcon.colcon_core.package_identification:_identify(scripts) by extensions ['cmake', 'python']
[0.271s] Level 1:colcon.colcon_core.package_identification:_identify(scripts) by extension 'cmake'
[0.271s] Level 1:colcon.colcon_core.package_identification:_identify(scripts) by extension 'python'
[0.271s] Level 1:colcon.colcon_core.package_identification:_identify(scripts) by extensions ['python_setup_py']
[0.271s] Level 1:colcon.colcon_core.package_identification:_identify(scripts) by extension 'python_setup_py'
[0.272s] Level 1:colcon.colcon_core.package_identification:_identify(scripts/stepper_motor) by extensions ['ignore', 'ignore_ament_install']
[0.272s] Level 1:colcon.colcon_core.package_identification:_identify(scripts/stepper_motor) by extension 'ignore'
[0.272s] Level 1:colcon.colcon_core.package_identification:_identify(scripts/stepper_motor) by extension 'ignore_ament_install'
[0.272s] Level 1:colcon.colcon_core.package_identification:_identify(scripts/stepper_motor) by extensions ['colcon_pkg']
[0.272s] Level 1:colcon.colcon_core.package_identification:_identify(scripts/stepper_motor) by extension 'colcon_pkg'
[0.272s] Level 1:colcon.colcon_core.package_identification:_identify(scripts/stepper_motor) by extensions ['colcon_meta']
[0.272s] Level 1:colcon.colcon_core.package_identification:_identify(scripts/stepper_motor) by extension 'colcon_meta'
[0.272s] Level 1:colcon.colcon_core.package_identification:_identify(scripts/stepper_motor) by extensions ['ros']
[0.272s] Level 1:colcon.colcon_core.package_identification:_identify(scripts/stepper_motor) by extension 'ros'
[0.272s] Level 1:colcon.colcon_core.package_identification:_identify(scripts/stepper_motor) by extensions ['cmake', 'python']
[0.272s] Level 1:colcon.colcon_core.package_identification:_identify(scripts/stepper_motor) by extension 'cmake'
[0.272s] Level 1:colcon.colcon_core.package_identification:_identify(scripts/stepper_motor) by extension 'python'
[0.272s] Level 1:colcon.colcon_core.package_identification:_identify(scripts/stepper_motor) by extensions ['python_setup_py']
[0.272s] Level 1:colcon.colcon_core.package_identification:_identify(scripts/stepper_motor) by extension 'python_setup_py'
[0.272s] Level 1:colcon.colcon_core.package_identification:_identify(scripts/stepper_motor/data) by extensions ['ignore', 'ignore_ament_install']
[0.272s] Level 1:colcon.colcon_core.package_identification:_identify(scripts/stepper_motor/data) by extension 'ignore'
[0.272s] Level 1:colcon.colcon_core.package_identification:_identify(scripts/stepper_motor/data) by extension 'ignore_ament_install'
[0.272s] Level 1:colcon.colcon_core.package_identification:_identify(scripts/stepper_motor/data) by extensions ['colcon_pkg']
[0.272s] Level 1:colcon.colcon_core.package_identification:_identify(scripts/stepper_motor/data) by extension 'colcon_pkg'
[0.272s] Level 1:colcon.colcon_core.package_identification:_identify(scripts/stepper_motor/data) by extensions ['colcon_meta']
[0.272s] Level 1:colcon.colcon_core.package_identification:_identify(scripts/stepper_motor/data) by extension 'colcon_meta'
[0.272s] Level 1:colcon.colcon_core.package_identification:_identify(scripts/stepper_motor/data) by extensions ['ros']
[0.272s] Level 1:colcon.colcon_core.package_identification:_identify(scripts/stepper_motor/data) by extension 'ros'
[0.272s] Level 1:colcon.colcon_core.package_identification:_identify(scripts/stepper_motor/data) by extensions ['cmake', 'python']
[0.273s] Level 1:colcon.colcon_core.package_identification:_identify(scripts/stepper_motor/data) by extension 'cmake'
[0.273s] Level 1:colcon.colcon_core.package_identification:_identify(scripts/stepper_motor/data) by extension 'python'
[0.273s] Level 1:colcon.colcon_core.package_identification:_identify(scripts/stepper_motor/data) by extensions ['python_setup_py']
[0.273s] Level 1:colcon.colcon_core.package_identification:_identify(scripts/stepper_motor/data) by extension 'python_setup_py'
[0.273s] Level 1:colcon.colcon_core.package_identification:_identify(serial) by extensions ['ignore', 'ignore_ament_install']
[0.273s] Level 1:colcon.colcon_core.package_identification:_identify(serial) by extension 'ignore'
[0.273s] Level 1:colcon.colcon_core.package_identification:_identify(serial) by extension 'ignore_ament_install'
[0.273s] Level 1:colcon.colcon_core.package_identification:_identify(serial) by extensions ['colcon_pkg']
[0.273s] Level 1:colcon.colcon_core.package_identification:_identify(serial) by extension 'colcon_pkg'
[0.273s] Level 1:colcon.colcon_core.package_identification:_identify(serial) by extensions ['colcon_meta']
[0.273s] Level 1:colcon.colcon_core.package_identification:_identify(serial) by extension 'colcon_meta'
[0.273s] Level 1:colcon.colcon_core.package_identification:_identify(serial) by extensions ['ros']
[0.273s] Level 1:colcon.colcon_core.package_identification:_identify(serial) by extension 'ros'
[0.273s] DEBUG:colcon.colcon_core.package_identification:Package 'serial' with type 'ros.ament_cmake' and name 'serial'
[0.274s] Level 1:colcon.colcon_core.package_identification:_identify(src) by extensions ['ignore', 'ignore_ament_install']
[0.274s] Level 1:colcon.colcon_core.package_identification:_identify(src) by extension 'ignore'
[0.274s] Level 1:colcon.colcon_core.package_identification:_identify(src) by extension 'ignore_ament_install'
[0.274s] Level 1:colcon.colcon_core.package_identification:_identify(src) by extensions ['colcon_pkg']
[0.274s] Level 1:colcon.colcon_core.package_identification:_identify(src) by extension 'colcon_pkg'
[0.274s] Level 1:colcon.colcon_core.package_identification:_identify(src) by extensions ['colcon_meta']
[0.274s] Level 1:colcon.colcon_core.package_identification:_identify(src) by extension 'colcon_meta'
[0.274s] Level 1:colcon.colcon_core.package_identification:_identify(src) by extensions ['ros']
[0.274s] Level 1:colcon.colcon_core.package_identification:_identify(src) by extension 'ros'
[0.274s] Level 1:colcon.colcon_core.package_identification:_identify(src) by extensions ['cmake', 'python']
[0.274s] Level 1:colcon.colcon_core.package_identification:_identify(src) by extension 'cmake'
[0.274s] Level 1:colcon.colcon_core.package_identification:_identify(src) by extension 'python'
[0.274s] Level 1:colcon.colcon_core.package_identification:_identify(src) by extensions ['python_setup_py']
[0.274s] Level 1:colcon.colcon_core.package_identification:_identify(src) by extension 'python_setup_py'
[0.274s] Level 1:colcon.colcon_core.package_identification:_identify(src/v4l2_camera) by extensions ['ignore', 'ignore_ament_install']
[0.274s] Level 1:colcon.colcon_core.package_identification:_identify(src/v4l2_camera) by extension 'ignore'
[0.274s] Level 1:colcon.colcon_core.package_identification:_identify(src/v4l2_camera) by extension 'ignore_ament_install'
[0.274s] Level 1:colcon.colcon_core.package_identification:_identify(src/v4l2_camera) by extensions ['colcon_pkg']
[0.274s] Level 1:colcon.colcon_core.package_identification:_identify(src/v4l2_camera) by extension 'colcon_pkg'
[0.274s] Level 1:colcon.colcon_core.package_identification:_identify(src/v4l2_camera) by extensions ['colcon_meta']
[0.274s] Level 1:colcon.colcon_core.package_identification:_identify(src/v4l2_camera) by extension 'colcon_meta'
[0.274s] Level 1:colcon.colcon_core.package_identification:_identify(src/v4l2_camera) by extensions ['ros']
[0.274s] Level 1:colcon.colcon_core.package_identification:_identify(src/v4l2_camera) by extension 'ros'
[0.275s] DEBUG:colcon.colcon_core.package_identification:Package 'src/v4l2_camera' with type 'ros.ament_cmake' and name 'v4l2_camera'
[0.275s] Level 1:colcon.colcon_core.package_discovery:discover_packages(recursive) using defaults
[0.275s] Level 1:colcon.colcon_core.package_discovery:discover_packages(ignore) discover
[0.275s] Level 1:colcon.colcon_core.package_discovery:discover_packages(ignore) using defaults
[0.275s] Level 1:colcon.colcon_core.package_discovery:discover_packages(path) discover
[0.275s] Level 1:colcon.colcon_core.package_discovery:discover_packages(path) using defaults
[0.306s] Level 1:colcon.colcon_core.package_discovery:discover_packages(prefix_path) check parameters
[0.306s] Level 1:colcon.colcon_core.package_discovery:discover_packages(prefix_path) discover
[0.309s] DEBUG:colcon.colcon_installed_package_information.package_discovery:Found 8 installed packages in /home/nguyen/ros2_ws/install
[0.309s] DEBUG:colcon.colcon_installed_package_information.package_discovery:Found 8 installed packages in /home/nguyen/ros2_ws/src/ros2_arctos_HCMUT/install
[0.310s] DEBUG:colcon.colcon_installed_package_information.package_discovery:Found 9 installed packages in /home/nguyen/ros2_ws_1/install
[0.312s] DEBUG:colcon.colcon_installed_package_information.package_discovery:Found 355 installed packages in /opt/ros/humble
[0.314s] Level 1:colcon.colcon_core.package_discovery:discover_packages(prefix_path) using defaults
[0.353s] Level 5:colcon.colcon_core.verb:set package 'arctos_description' build argument 'cmake_args' from command line to 'None'
[0.353s] Level 5:colcon.colcon_core.verb:set package 'arctos_description' build argument 'cmake_target' from command line to 'None'
[0.353s] Level 5:colcon.colcon_core.verb:set package 'arctos_description' build argument 'cmake_target_skip_unavailable' from command line to 'False'
[0.353s] Level 5:colcon.colcon_core.verb:set package 'arctos_description' build argument 'cmake_clean_cache' from command line to 'False'
[0.353s] Level 5:colcon.colcon_core.verb:set package 'arctos_description' build argument 'cmake_clean_first' from command line to 'False'
[0.353s] Level 5:colcon.colcon_core.verb:set package 'arctos_description' build argument 'cmake_force_configure' from command line to 'False'
[0.353s] Level 5:colcon.colcon_core.verb:set package 'arctos_description' build argument 'ament_cmake_args' from command line to 'None'
[0.354s] Level 5:colcon.colcon_core.verb:set package 'arctos_description' build argument 'catkin_cmake_args' from command line to 'None'
[0.354s] Level 5:colcon.colcon_core.verb:set package 'arctos_description' build argument 'catkin_skip_building_tests' from command line to 'False'
[0.354s] DEBUG:colcon.colcon_core.verb:Building package 'arctos_description' with the following arguments: {'ament_cmake_args': None, 'build_base': '/home/nguyen/ros2_ws/src/ros2_arctos_HCMUT/build/arctos_description', 'catkin_cmake_args': None, 'catkin_skip_building_tests': False, 'cmake_args': None, 'cmake_clean_cache': False, 'cmake_clean_first': False, 'cmake_force_configure': False, 'cmake_target': None, 'cmake_target_skip_unavailable': False, 'install_base': '/home/nguyen/ros2_ws/src/ros2_arctos_HCMUT/install/arctos_description', 'merge_install': False, 'path': '/home/nguyen/ros2_ws/src/ros2_arctos_HCMUT/arctos_description', 'symlink_install': True, 'test_result_base': None}
[0.354s] Level 5:colcon.colcon_core.verb:set package 'gazebo_ros2_control' build argument 'cmake_args' from command line to 'None'
[0.354s] Level 5:colcon.colcon_core.verb:set package 'gazebo_ros2_control' build argument 'cmake_target' from command line to 'None'
[0.354s] Level 5:colcon.colcon_core.verb:set package 'gazebo_ros2_control' build argument 'cmake_target_skip_unavailable' from command line to 'False'
[0.354s] Level 5:colcon.colcon_core.verb:set package 'gazebo_ros2_control' build argument 'cmake_clean_cache' from command line to 'False'
[0.354s] Level 5:colcon.colcon_core.verb:set package 'gazebo_ros2_control' build argument 'cmake_clean_first' from command line to 'False'
[0.354s] Level 5:colcon.colcon_core.verb:set package 'gazebo_ros2_control' build argument 'cmake_force_configure' from command line to 'False'
[0.354s] Level 5:colcon.colcon_core.verb:set package 'gazebo_ros2_control' build argument 'ament_cmake_args' from command line to 'None'
[0.354s] Level 5:colcon.colcon_core.verb:set package 'gazebo_ros2_control' build argument 'catkin_cmake_args' from command line to 'None'
[0.354s] Level 5:colcon.colcon_core.verb:set package 'gazebo_ros2_control' build argument 'catkin_skip_building_tests' from command line to 'False'
[0.354s] DEBUG:colcon.colcon_core.verb:Building package 'gazebo_ros2_control' with the following arguments: {'ament_cmake_args': None, 'build_base': '/home/nguyen/ros2_ws/src/ros2_arctos_HCMUT/build/gazebo_ros2_control', 'catkin_cmake_args': None, 'catkin_skip_building_tests': False, 'cmake_args': None, 'cmake_clean_cache': False, 'cmake_clean_first': False, 'cmake_force_configure': False, 'cmake_target': None, 'cmake_target_skip_unavailable': False, 'install_base': '/home/nguyen/ros2_ws/src/ros2_arctos_HCMUT/install/gazebo_ros2_control', 'merge_install': False, 'path': '/home/nguyen/ros2_ws/src/ros2_arctos_HCMUT/gazebo_ros2_control', 'symlink_install': True, 'test_result_base': None}
[0.354s] Level 5:colcon.colcon_core.verb:set package 'serial' build argument 'cmake_args' from command line to 'None'
[0.355s] Level 5:colcon.colcon_core.verb:set package 'serial' build argument 'cmake_target' from command line to 'None'
[0.355s] Level 5:colcon.colcon_core.verb:set package 'serial' build argument 'cmake_target_skip_unavailable' from command line to 'False'
[0.355s] Level 5:colcon.colcon_core.verb:set package 'serial' build argument 'cmake_clean_cache' from command line to 'False'
[0.355s] Level 5:colcon.colcon_core.verb:set package 'serial' build argument 'cmake_clean_first' from command line to 'False'
[0.355s] Level 5:colcon.colcon_core.verb:set package 'serial' build argument 'cmake_force_configure' from command line to 'False'
[0.355s] Level 5:colcon.colcon_core.verb:set package 'serial' build argument 'ament_cmake_args' from command line to 'None'
[0.355s] Level 5:colcon.colcon_core.verb:set package 'serial' build argument 'catkin_cmake_args' from command line to 'None'
[0.355s] Level 5:colcon.colcon_core.verb:set package 'serial' build argument 'catkin_skip_building_tests' from command line to 'False'
[0.355s] DEBUG:colcon.colcon_core.verb:Building package 'serial' with the following arguments: {'ament_cmake_args': None, 'build_base': '/home/nguyen/ros2_ws/src/ros2_arctos_HCMUT/build/serial', 'catkin_cmake_args': None, 'catkin_skip_building_tests': False, 'cmake_args': None, 'cmake_clean_cache': False, 'cmake_clean_first': False, 'cmake_force_configure': False, 'cmake_target': None, 'cmake_target_skip_unavailable': False, 'install_base': '/home/nguyen/ros2_ws/src/ros2_arctos_HCMUT/install/serial', 'merge_install': False, 'path': '/home/nguyen/ros2_ws/src/ros2_arctos_HCMUT/serial', 'symlink_install': True, 'test_result_base': None}
[0.355s] Level 5:colcon.colcon_core.verb:set package 'v4l2_camera' build argument 'cmake_args' from command line to 'None'
[0.355s] Level 5:colcon.colcon_core.verb:set package 'v4l2_camera' build argument 'cmake_target' from command line to 'None'
[0.355s] Level 5:colcon.colcon_core.verb:set package 'v4l2_camera' build argument 'cmake_target_skip_unavailable' from command line to 'False'
[0.355s] Level 5:colcon.colcon_core.verb:set package 'v4l2_camera' build argument 'cmake_clean_cache' from command line to 'False'
[0.355s] Level 5:colcon.colcon_core.verb:set package 'v4l2_camera' build argument 'cmake_clean_first' from command line to 'False'
[0.355s] Level 5:colcon.colcon_core.verb:set package 'v4l2_camera' build argument 'cmake_force_configure' from command line to 'False'
[0.355s] Level 5:colcon.colcon_core.verb:set package 'v4l2_camera' build argument 'ament_cmake_args' from command line to 'None'
[0.355s] Level 5:colcon.colcon_core.verb:set package 'v4l2_camera' build argument 'catkin_cmake_args' from command line to 'None'
[0.355s] Level 5:colcon.colcon_core.verb:set package 'v4l2_camera' build argument 'catkin_skip_building_tests' from command line to 'False'
[0.355s] DEBUG:colcon.colcon_core.verb:Building package 'v4l2_camera' with the following arguments: {'ament_cmake_args': None, 'build_base': '/home/nguyen/ros2_ws/src/ros2_arctos_HCMUT/build/v4l2_camera', 'catkin_cmake_args': None, 'catkin_skip_building_tests': False, 'cmake_args': None, 'cmake_clean_cache': False, 'cmake_clean_first': False, 'cmake_force_configure': False, 'cmake_target': None, 'cmake_target_skip_unavailable': False, 'install_base': '/home/nguyen/ros2_ws/src/ros2_arctos_HCMUT/install/v4l2_camera', 'merge_install': False, 'path': '/home/nguyen/ros2_ws/src/ros2_arctos_HCMUT/src/v4l2_camera', 'symlink_install': True, 'test_result_base': None}
[0.355s] Level 5:colcon.colcon_core.verb:set package 'arctos_motor_driver' build argument 'cmake_args' from command line to 'None'
[0.356s] Level 5:colcon.colcon_core.verb:set package 'arctos_motor_driver' build argument 'cmake_target' from command line to 'None'
[0.356s] Level 5:colcon.colcon_core.verb:set package 'arctos_motor_driver' build argument 'cmake_target_skip_unavailable' from command line to 'False'
[0.356s] Level 5:colcon.colcon_core.verb:set package 'arctos_motor_driver' build argument 'cmake_clean_cache' from command line to 'False'
[0.356s] Level 5:colcon.colcon_core.verb:set package 'arctos_motor_driver' build argument 'cmake_clean_first' from command line to 'False'
[0.356s] Level 5:colcon.colcon_core.verb:set package 'arctos_motor_driver' build argument 'cmake_force_configure' from command line to 'False'
[0.356s] Level 5:colcon.colcon_core.verb:set package 'arctos_motor_driver' build argument 'ament_cmake_args' from command line to 'None'
[0.356s] Level 5:colcon.colcon_core.verb:set package 'arctos_motor_driver' build argument 'catkin_cmake_args' from command line to 'None'
[0.356s] Level 5:colcon.colcon_core.verb:set package 'arctos_motor_driver' build argument 'catkin_skip_building_tests' from command line to 'False'
[0.356s] DEBUG:colcon.colcon_core.verb:Building package 'arctos_motor_driver' with the following arguments: {'ament_cmake_args': None, 'build_base': '/home/nguyen/ros2_ws/src/ros2_arctos_HCMUT/build/arctos_motor_driver', 'catkin_cmake_args': None, 'catkin_skip_building_tests': False, 'cmake_args': None, 'cmake_clean_cache': False, 'cmake_clean_first': False, 'cmake_force_configure': False, 'cmake_target': None, 'cmake_target_skip_unavailable': False, 'install_base': '/home/nguyen/ros2_ws/src/ros2_arctos_HCMUT/install/arctos_motor_driver', 'merge_install': False, 'path': '/home/nguyen/ros2_ws/src/ros2_arctos_HCMUT/arctos_motor_driver', 'symlink_install': True, 'test_result_base': None}
[0.356s] Level 5:colcon.colcon_core.verb:set package 'arctos_moveit_config' build argument 'cmake_args' from command line to 'None'
[0.356s] Level 5:colcon.colcon_core.verb:set package 'arctos_moveit_config' build argument 'cmake_target' from command line to 'None'
[0.356s] Level 5:colcon.colcon_core.verb:set package 'arctos_moveit_config' build argument 'cmake_target_skip_unavailable' from command line to 'False'
[0.356s] Level 5:colcon.colcon_core.verb:set package 'arctos_moveit_config' build argument 'cmake_clean_cache' from command line to 'False'
[0.356s] Level 5:colcon.colcon_core.verb:set package 'arctos_moveit_config' build argument 'cmake_clean_first' from command line to 'False'
[0.356s] Level 5:colcon.colcon_core.verb:set package 'arctos_moveit_config' build argument 'cmake_force_configure' from command line to 'False'
[0.356s] Level 5:colcon.colcon_core.verb:set package 'arctos_moveit_config' build argument 'ament_cmake_args' from command line to 'None'
[0.356s] Level 5:colcon.colcon_core.verb:set package 'arctos_moveit_config' build argument 'catkin_cmake_args' from command line to 'None'
[0.356s] Level 5:colcon.colcon_core.verb:set package 'arctos_moveit_config' build argument 'catkin_skip_building_tests' from command line to 'False'
[0.356s] DEBUG:colcon.colcon_core.verb:Building package 'arctos_moveit_config' with the following arguments: {'ament_cmake_args': None, 'build_base': '/home/nguyen/ros2_ws/src/ros2_arctos_HCMUT/build/arctos_moveit_config', 'catkin_cmake_args': None, 'catkin_skip_building_tests': False, 'cmake_args': None, 'cmake_clean_cache': False, 'cmake_clean_first': False, 'cmake_force_configure': False, 'cmake_target': None, 'cmake_target_skip_unavailable': False, 'install_base': '/home/nguyen/ros2_ws/src/ros2_arctos_HCMUT/install/arctos_moveit_config', 'merge_install': False, 'path': '/home/nguyen/ros2_ws/src/ros2_arctos_HCMUT/arctos_moveit_config', 'symlink_install': True, 'test_result_base': None}
[0.356s] Level 5:colcon.colcon_core.verb:set package 'arctos_hardware_interface' build argument 'cmake_args' from command line to 'None'
[0.356s] Level 5:colcon.colcon_core.verb:set package 'arctos_hardware_interface' build argument 'cmake_target' from command line to 'None'
[0.357s] Level 5:colcon.colcon_core.verb:set package 'arctos_hardware_interface' build argument 'cmake_target_skip_unavailable' from command line to 'False'
[0.357s] Level 5:colcon.colcon_core.verb:set package 'arctos_hardware_interface' build argument 'cmake_clean_cache' from command line to 'False'
[0.357s] Level 5:colcon.colcon_core.verb:set package 'arctos_hardware_interface' build argument 'cmake_clean_first' from command line to 'False'
[0.357s] Level 5:colcon.colcon_core.verb:set package 'arctos_hardware_interface' build argument 'cmake_force_configure' from command line to 'False'
[0.357s] Level 5:colcon.colcon_core.verb:set package 'arctos_hardware_interface' build argument 'ament_cmake_args' from command line to 'None'
[0.357s] Level 5:colcon.colcon_core.verb:set package 'arctos_hardware_interface' build argument 'catkin_cmake_args' from command line to 'None'
[0.357s] Level 5:colcon.colcon_core.verb:set package 'arctos_hardware_interface' build argument 'catkin_skip_building_tests' from command line to 'False'
[0.357s] DEBUG:colcon.colcon_core.verb:Building package 'arctos_hardware_interface' with the following arguments: {'ament_cmake_args': None, 'build_base': '/home/nguyen/ros2_ws/src/ros2_arctos_HCMUT/build/arctos_hardware_interface', 'catkin_cmake_args': None, 'catkin_skip_building_tests': False, 'cmake_args': None, 'cmake_clean_cache': False, 'cmake_clean_first': False, 'cmake_force_configure': False, 'cmake_target': None, 'cmake_target_skip_unavailable': False, 'install_base': '/home/nguyen/ros2_ws/src/ros2_arctos_HCMUT/install/arctos_hardware_interface', 'merge_install': False, 'path': '/home/nguyen/ros2_ws/src/ros2_arctos_HCMUT/arctos_hardware_interface', 'symlink_install': True, 'test_result_base': None}
[0.357s] Level 5:colcon.colcon_core.verb:set package 'arctos_bringup' build argument 'cmake_args' from command line to 'None'
[0.357s] Level 5:colcon.colcon_core.verb:set package 'arctos_bringup' build argument 'cmake_target' from command line to 'None'
[0.357s] Level 5:colcon.colcon_core.verb:set package 'arctos_bringup' build argument 'cmake_target_skip_unavailable' from command line to 'False'
[0.357s] Level 5:colcon.colcon_core.verb:set package 'arctos_bringup' build argument 'cmake_clean_cache' from command line to 'False'
[0.357s] Level 5:colcon.colcon_core.verb:set package 'arctos_bringup' build argument 'cmake_clean_first' from command line to 'False'
[0.357s] Level 5:colcon.colcon_core.verb:set package 'arctos_bringup' build argument 'cmake_force_configure' from command line to 'False'
[0.357s] Level 5:colcon.colcon_core.verb:set package 'arctos_bringup' build argument 'ament_cmake_args' from command line to 'None'
[0.357s] Level 5:colcon.colcon_core.verb:set package 'arctos_bringup' build argument 'catkin_cmake_args' from command line to 'None'
[0.357s] Level 5:colcon.colcon_core.verb:set package 'arctos_bringup' build argument 'catkin_skip_building_tests' from command line to 'False'
[0.357s] DEBUG:colcon.colcon_core.verb:Building package 'arctos_bringup' with the following arguments: {'ament_cmake_args': None, 'build_base': '/home/nguyen/ros2_ws/src/ros2_arctos_HCMUT/build/arctos_bringup', 'catkin_cmake_args': None, 'catkin_skip_building_tests': False, 'cmake_args': None, 'cmake_clean_cache': False, 'cmake_clean_first': False, 'cmake_force_configure': False, 'cmake_target': None, 'cmake_target_skip_unavailable': False, 'install_base': '/home/nguyen/ros2_ws/src/ros2_arctos_HCMUT/install/arctos_bringup', 'merge_install': False, 'path': '/home/nguyen/ros2_ws/src/ros2_arctos_HCMUT/arctos_bringup', 'symlink_install': True, 'test_result_base': None}
[0.357s] INFO:colcon.colcon_core.executor:Executing jobs using 'parallel' executor
[0.358s] DEBUG:colcon.colcon_parallel_executor.executor.parallel:run_until_complete
[0.358s] INFO:colcon.colcon_ros.task.ament_cmake.build:Building ROS package in '/home/nguyen/ros2_ws/src/ros2_arctos_HCMUT/serial' with build type 'ament_cmake'
[0.358s] INFO:colcon.colcon_cmake.task.cmake.build:Building CMake package in '/home/nguyen/ros2_ws/src/ros2_arctos_HCMUT/serial'
[0.360s] INFO:colcon.colcon_core.plugin_system:Skipping extension 'colcon_core.shell.bat': Not used on non-Windows systems
[0.361s] INFO:colcon.colcon_core.shell:Skip shell extension 'powershell' for command environment: Not usable outside of PowerShell
[0.361s] DEBUG:colcon.colcon_core.shell:Skip shell extension 'dsv' for command environment
[0.366s] INFO:colcon.colcon_ros.task.ament_cmake.build:Building ROS package in '/home/nguyen/ros2_ws/src/ros2_arctos_HCMUT/arctos_description' with build type 'ament_cmake'
[0.366s] INFO:colcon.colcon_cmake.task.cmake.build:Building CMake package in '/home/nguyen/ros2_ws/src/ros2_arctos_HCMUT/arctos_description'
[0.367s] INFO:colcon.colcon_core.shell:Skip shell extension 'powershell' for command environment: Not usable outside of PowerShell
[0.367s] DEBUG:colcon.colcon_core.shell:Skip shell extension 'dsv' for command environment
[0.373s] INFO:colcon.colcon_ros.task.ament_cmake.build:Building ROS package in '/home/nguyen/ros2_ws/src/ros2_arctos_HCMUT/gazebo_ros2_control' with build type 'ament_cmake'
[0.374s] INFO:colcon.colcon_cmake.task.cmake.build:Building CMake package in '/home/nguyen/ros2_ws/src/ros2_arctos_HCMUT/gazebo_ros2_control'
[0.374s] INFO:colcon.colcon_core.shell:Skip shell extension 'powershell' for command environment: Not usable outside of PowerShell
[0.374s] DEBUG:colcon.colcon_core.shell:Skip shell extension 'dsv' for command environment
[0.380s] INFO:colcon.colcon_ros.task.ament_cmake.build:Building ROS package in '/home/nguyen/ros2_ws/src/ros2_arctos_HCMUT/src/v4l2_camera' with build type 'ament_cmake'
[0.380s] INFO:colcon.colcon_cmake.task.cmake.build:Building CMake package in '/home/nguyen/ros2_ws/src/ros2_arctos_HCMUT/src/v4l2_camera'
[0.380s] INFO:colcon.colcon_core.shell:Skip shell extension 'powershell' for command environment: Not usable outside of PowerShell
[0.380s] DEBUG:colcon.colcon_core.shell:Skip shell extension 'dsv' for command environment
[0.393s] DEBUG:colcon.colcon_core.event_handler.log_command:Invoking command in '/home/nguyen/ros2_ws/src/ros2_arctos_HCMUT/build/serial': CMAKE_PREFIX_PATH=${CMAKE_PREFIX_PATH}:/home/nguyen/ros2_ws_1/install/gazebo_simulation:/opt/ros/humble /usr/bin/cmake /home/nguyen/ros2_ws/src/ros2_arctos_HCMUT/serial -DAMENT_CMAKE_SYMLINK_INSTALL=1 -DCMAKE_INSTALL_PREFIX=/home/nguyen/ros2_ws/src/ros2_arctos_HCMUT/install/serial
[0.397s] DEBUG:colcon.colcon_core.event_handler.log_command:Invoking command in '/home/nguyen/ros2_ws/src/ros2_arctos_HCMUT/build/arctos_description': CMAKE_PREFIX_PATH=${CMAKE_PREFIX_PATH}:/home/nguyen/ros2_ws_1/install/gazebo_simulation:/opt/ros/humble /usr/bin/cmake /home/nguyen/ros2_ws/src/ros2_arctos_HCMUT/arctos_description -DAMENT_CMAKE_SYMLINK_INSTALL=1 -DCMAKE_INSTALL_PREFIX=/home/nguyen/ros2_ws/src/ros2_arctos_HCMUT/install/arctos_description
[0.401s] DEBUG:colcon.colcon_core.event_handler.log_command:Invoking command in '/home/nguyen/ros2_ws/src/ros2_arctos_HCMUT/build/gazebo_ros2_control': CMAKE_PREFIX_PATH=${CMAKE_PREFIX_PATH}:/home/nguyen/ros2_ws_1/install/gazebo_simulation:/opt/ros/humble /usr/bin/cmake /home/nguyen/ros2_ws/src/ros2_arctos_HCMUT/gazebo_ros2_control -DAMENT_CMAKE_SYMLINK_INSTALL=1 -DCMAKE_INSTALL_PREFIX=/home/nguyen/ros2_ws/src/ros2_arctos_HCMUT/install/gazebo_ros2_control
[0.406s] DEBUG:colcon.colcon_core.event_handler.log_command:Invoking command in '/home/nguyen/ros2_ws/src/ros2_arctos_HCMUT/build/v4l2_camera': CMAKE_PREFIX_PATH=${CMAKE_PREFIX_PATH}:/home/nguyen/ros2_ws_1/install/gazebo_simulation:/opt/ros/humble /usr/bin/cmake /home/nguyen/ros2_ws/src/ros2_arctos_HCMUT/src/v4l2_camera -DAMENT_CMAKE_SYMLINK_INSTALL=1 -DCMAKE_INSTALL_PREFIX=/home/nguyen/ros2_ws/src/ros2_arctos_HCMUT/install/v4l2_camera
[0.631s] DEBUG:colcon.colcon_core.event_handler.log_command:Invoked command in '/home/nguyen/ros2_ws/src/ros2_arctos_HCMUT/build/arctos_description' returned '0': CMAKE_PREFIX_PATH=${CMAKE_PREFIX_PATH}:/home/nguyen/ros2_ws_1/install/gazebo_simulation:/opt/ros/humble /usr/bin/cmake /home/nguyen/ros2_ws/src/ros2_arctos_HCMUT/arctos_description -DAMENT_CMAKE_SYMLINK_INSTALL=1 -DCMAKE_INSTALL_PREFIX=/home/nguyen/ros2_ws/src/ros2_arctos_HCMUT/install/arctos_description
[0.633s] DEBUG:colcon.colcon_core.event_handler.log_command:Invoking command in '/home/nguyen/ros2_ws/src/ros2_arctos_HCMUT/build/arctos_description': CMAKE_PREFIX_PATH=${CMAKE_PREFIX_PATH}:/home/nguyen/ros2_ws_1/install/gazebo_simulation:/opt/ros/humble /usr/bin/cmake --build /home/nguyen/ros2_ws/src/ros2_arctos_HCMUT/build/arctos_description -- -j12 -l12
[0.634s] DEBUG:colcon.colcon_core.event_handler.log_command:Invoked command in '/home/nguyen/ros2_ws/src/ros2_arctos_HCMUT/build/gazebo_ros2_control' returned '0': CMAKE_PREFIX_PATH=${CMAKE_PREFIX_PATH}:/home/nguyen/ros2_ws_1/install/gazebo_simulation:/opt/ros/humble /usr/bin/cmake /home/nguyen/ros2_ws/src/ros2_arctos_HCMUT/gazebo_ros2_control -DAMENT_CMAKE_SYMLINK_INSTALL=1 -DCMAKE_INSTALL_PREFIX=/home/nguyen/ros2_ws/src/ros2_arctos_HCMUT/install/gazebo_ros2_control
[0.636s] DEBUG:colcon.colcon_core.event_handler.log_command:Invoking command in '/home/nguyen/ros2_ws/src/ros2_arctos_HCMUT/build/gazebo_ros2_control': CMAKE_PREFIX_PATH=${CMAKE_PREFIX_PATH}:/home/nguyen/ros2_ws_1/install/gazebo_simulation:/opt/ros/humble /usr/bin/cmake --build /home/nguyen/ros2_ws/src/ros2_arctos_HCMUT/build/gazebo_ros2_control -- -j12 -l12
[0.661s] DEBUG:colcon.colcon_core.event_handler.log_command:Invoked command in '/home/nguyen/ros2_ws/src/ros2_arctos_HCMUT/build/serial' returned '0': CMAKE_PREFIX_PATH=${CMAKE_PREFIX_PATH}:/home/nguyen/ros2_ws_1/install/gazebo_simulation:/opt/ros/humble /usr/bin/cmake /home/nguyen/ros2_ws/src/ros2_arctos_HCMUT/serial -DAMENT_CMAKE_SYMLINK_INSTALL=1 -DCMAKE_INSTALL_PREFIX=/home/nguyen/ros2_ws/src/ros2_arctos_HCMUT/install/serial
[0.663s] DEBUG:colcon.colcon_core.event_handler.log_command:Invoking command in '/home/nguyen/ros2_ws/src/ros2_arctos_HCMUT/build/serial': CMAKE_PREFIX_PATH=${CMAKE_PREFIX_PATH}:/home/nguyen/ros2_ws_1/install/gazebo_simulation:/opt/ros/humble /usr/bin/cmake --build /home/nguyen/ros2_ws/src/ros2_arctos_HCMUT/build/serial -- -j12 -l12
[0.681s] DEBUG:colcon.colcon_core.event_handler.log_command:Invoked command in '/home/nguyen/ros2_ws/src/ros2_arctos_HCMUT/build/arctos_description' returned '0': CMAKE_PREFIX_PATH=${CMAKE_PREFIX_PATH}:/home/nguyen/ros2_ws_1/install/gazebo_simulation:/opt/ros/humble /usr/bin/cmake --build /home/nguyen/ros2_ws/src/ros2_arctos_HCMUT/build/arctos_description -- -j12 -l12
[0.697s] DEBUG:colcon.colcon_core.event_handler.log_command:Invoking command in '/home/nguyen/ros2_ws/src/ros2_arctos_HCMUT/build/arctos_description': CMAKE_PREFIX_PATH=${CMAKE_PREFIX_PATH}:/home/nguyen/ros2_ws_1/install/gazebo_simulation:/opt/ros/humble /usr/bin/cmake --install /home/nguyen/ros2_ws/src/ros2_arctos_HCMUT/build/arctos_description
[0.698s] DEBUG:colcon.colcon_core.event_handler.log_command:Invoked command in '/home/nguyen/ros2_ws/src/ros2_arctos_HCMUT/build/gazebo_ros2_control' returned '0': CMAKE_PREFIX_PATH=${CMAKE_PREFIX_PATH}:/home/nguyen/ros2_ws_1/install/gazebo_simulation:/opt/ros/humble /usr/bin/cmake --build /home/nguyen/ros2_ws/src/ros2_arctos_HCMUT/build/gazebo_ros2_control -- -j12 -l12
[0.700s] DEBUG:colcon.colcon_core.event_handler.log_command:Invoking command in '/home/nguyen/ros2_ws/src/ros2_arctos_HCMUT/build/gazebo_ros2_control': CMAKE_PREFIX_PATH=${CMAKE_PREFIX_PATH}:/home/nguyen/ros2_ws_1/install/gazebo_simulation:/opt/ros/humble /usr/bin/cmake --install /home/nguyen/ros2_ws/src/ros2_arctos_HCMUT/build/gazebo_ros2_control
[0.784s] DEBUG:colcon.colcon_core.event_handler.log_command:Invoked command in '/home/nguyen/ros2_ws/src/ros2_arctos_HCMUT/build/serial' returned '0': CMAKE_PREFIX_PATH=${CMAKE_PREFIX_PATH}:/home/nguyen/ros2_ws_1/install/gazebo_simulation:/opt/ros/humble /usr/bin/cmake --build /home/nguyen/ros2_ws/src/ros2_arctos_HCMUT/build/serial -- -j12 -l12
[0.788s] DEBUG:colcon.colcon_core.event_handler.log_command:Invoking command in '/home/nguyen/ros2_ws/src/ros2_arctos_HCMUT/build/serial': CMAKE_PREFIX_PATH=${CMAKE_PREFIX_PATH}:/home/nguyen/ros2_ws_1/install/gazebo_simulation:/opt/ros/humble /usr/bin/cmake --install /home/nguyen/ros2_ws/src/ros2_arctos_HCMUT/build/serial
[0.841s] Level 1:colcon.colcon_core.environment:create_environment_scripts_only(serial)
[0.842s] DEBUG:colcon.colcon_core.event_handler.log_command:Invoked command in '/home/nguyen/ros2_ws/src/ros2_arctos_HCMUT/build/serial' returned '0': CMAKE_PREFIX_PATH=${CMAKE_PREFIX_PATH}:/home/nguyen/ros2_ws_1/install/gazebo_simulation:/opt/ros/humble /usr/bin/cmake --install /home/nguyen/ros2_ws/src/ros2_arctos_HCMUT/build/serial
[0.844s] Level 1:colcon.colcon_core.environment:checking '/home/nguyen/ros2_ws/src/ros2_arctos_HCMUT/install/serial' for CMake module files
[0.845s] Level 1:colcon.colcon_core.environment:checking '/home/nguyen/ros2_ws/src/ros2_arctos_HCMUT/install/serial' for CMake config files
[0.845s] Level 1:colcon.colcon_core.shell:create_environment_hook('serial', 'cmake_prefix_path')
[0.845s] INFO:colcon.colcon_core.shell:Creating environment hook '/home/nguyen/ros2_ws/src/ros2_arctos_HCMUT/install/serial/share/serial/hook/cmake_prefix_path.ps1'
[0.846s] INFO:colcon.colcon_core.shell:Creating environment descriptor '/home/nguyen/ros2_ws/src/ros2_arctos_HCMUT/install/serial/share/serial/hook/cmake_prefix_path.dsv'
[0.847s] INFO:colcon.colcon_core.shell:Creating environment hook '/home/nguyen/ros2_ws/src/ros2_arctos_HCMUT/install/serial/share/serial/hook/cmake_prefix_path.sh'
[0.848s] Level 1:colcon.colcon_core.environment:checking '/home/nguyen/ros2_ws/src/ros2_arctos_HCMUT/install/serial/lib'
[0.849s] Level 1:colcon.colcon_core.environment:checking '/home/nguyen/ros2_ws/src/ros2_arctos_HCMUT/install/serial/bin'
[0.849s] Level 1:colcon.colcon_core.environment:checking '/home/nguyen/ros2_ws/src/ros2_arctos_HCMUT/install/serial/lib/pkgconfig/serial.pc'
[0.849s] Level 1:colcon.colcon_core.environment:checking '/home/nguyen/ros2_ws/src/ros2_arctos_HCMUT/install/serial/lib/python3.10/site-packages'
[0.850s] Level 1:colcon.colcon_core.environment:checking '/home/nguyen/ros2_ws/src/ros2_arctos_HCMUT/install/serial/bin'
[0.850s] INFO:colcon.colcon_core.shell:Creating package script '/home/nguyen/ros2_ws/src/ros2_arctos_HCMUT/install/serial/share/serial/package.ps1'
[0.851s] INFO:colcon.colcon_core.shell:Creating package descriptor '/home/nguyen/ros2_ws/src/ros2_arctos_HCMUT/install/serial/share/serial/package.dsv'
[0.852s] INFO:colcon.colcon_core.shell:Creating package script '/home/nguyen/ros2_ws/src/ros2_arctos_HCMUT/install/serial/share/serial/package.sh'
[0.853s] INFO:colcon.colcon_core.shell:Creating package script '/home/nguyen/ros2_ws/src/ros2_arctos_HCMUT/install/serial/share/serial/package.bash'
[0.854s] INFO:colcon.colcon_core.shell:Creating package script '/home/nguyen/ros2_ws/src/ros2_arctos_HCMUT/install/serial/share/serial/package.zsh'
[0.854s] Level 1:colcon.colcon_core.environment:create_file_with_runtime_dependencies(/home/nguyen/ros2_ws/src/ros2_arctos_HCMUT/install/serial/share/colcon-core/packages/serial)
[0.855s] Level 1:colcon.colcon_core.environment:create_environment_scripts_only(serial)
[0.855s] Level 1:colcon.colcon_core.environment:checking '/home/nguyen/ros2_ws/src/ros2_arctos_HCMUT/install/serial' for CMake module files
[0.855s] Level 1:colcon.colcon_core.environment:checking '/home/nguyen/ros2_ws/src/ros2_arctos_HCMUT/install/serial' for CMake config files
[0.856s] Level 1:colcon.colcon_core.shell:create_environment_hook('serial', 'cmake_prefix_path')
[0.856s] INFO:colcon.colcon_core.shell:Creating environment hook '/home/nguyen/ros2_ws/src/ros2_arctos_HCMUT/install/serial/share/serial/hook/cmake_prefix_path.ps1'
[0.856s] INFO:colcon.colcon_core.shell:Creating environment descriptor '/home/nguyen/ros2_ws/src/ros2_arctos_HCMUT/install/serial/share/serial/hook/cmake_prefix_path.dsv'
[0.857s] INFO:colcon.colcon_core.shell:Creating environment hook '/home/nguyen/ros2_ws/src/ros2_arctos_HCMUT/install/serial/share/serial/hook/cmake_prefix_path.sh'
[0.857s] Level 1:colcon.colcon_core.environment:checking '/home/nguyen/ros2_ws/src/ros2_arctos_HCMUT/install/serial/lib'
[0.857s] Level 1:colcon.colcon_core.environment:checking '/home/nguyen/ros2_ws/src/ros2_arctos_HCMUT/install/serial/bin'
[0.857s] Level 1:colcon.colcon_core.environment:checking '/home/nguyen/ros2_ws/src/ros2_arctos_HCMUT/install/serial/lib/pkgconfig/serial.pc'
[0.857s] Level 1:colcon.colcon_core.environment:checking '/home/nguyen/ros2_ws/src/ros2_arctos_HCMUT/install/serial/lib/python3.10/site-packages'
[0.858s] Level 1:colcon.colcon_core.environment:checking '/home/nguyen/ros2_ws/src/ros2_arctos_HCMUT/install/serial/bin'
[0.858s] INFO:colcon.colcon_core.shell:Creating package script '/home/nguyen/ros2_ws/src/ros2_arctos_HCMUT/install/serial/share/serial/package.ps1'
[0.860s] INFO:colcon.colcon_core.shell:Creating package descriptor '/home/nguyen/ros2_ws/src/ros2_arctos_HCMUT/install/serial/share/serial/package.dsv'
[0.860s] INFO:colcon.colcon_core.shell:Creating package script '/home/nguyen/ros2_ws/src/ros2_arctos_HCMUT/install/serial/share/serial/package.sh'
[0.861s] INFO:colcon.colcon_core.shell:Creating package script '/home/nguyen/ros2_ws/src/ros2_arctos_HCMUT/install/serial/share/serial/package.bash'
[0.862s] INFO:colcon.colcon_core.shell:Creating package script '/home/nguyen/ros2_ws/src/ros2_arctos_HCMUT/install/serial/share/serial/package.zsh'
[0.863s] Level 1:colcon.colcon_core.environment:create_file_with_runtime_dependencies(/home/nguyen/ros2_ws/src/ros2_arctos_HCMUT/install/serial/share/colcon-core/packages/serial)
[0.864s] INFO:colcon.colcon_ros.task.ament_cmake.build:Building ROS package in '/home/nguyen/ros2_ws/src/ros2_arctos_HCMUT/arctos_motor_driver' with build type 'ament_cmake'
[0.864s] INFO:colcon.colcon_cmake.task.cmake.build:Building CMake package in '/home/nguyen/ros2_ws/src/ros2_arctos_HCMUT/arctos_motor_driver'
[0.864s] INFO:colcon.colcon_core.shell:Skip shell extension 'powershell' for command environment: Not usable outside of PowerShell
[0.865s] DEBUG:colcon.colcon_core.shell:Skip shell extension 'dsv' for command environment
[0.875s] Level 1:colcon.colcon_core.environment:create_environment_scripts_only(arctos_description)
[0.875s] Level 1:colcon.colcon_core.environment:checking '/home/nguyen/ros2_ws/src/ros2_arctos_HCMUT/install/arctos_description' for CMake module files
[0.876s] DEBUG:colcon.colcon_core.event_handler.log_command:Invoked command in '/home/nguyen/ros2_ws/src/ros2_arctos_HCMUT/build/arctos_description' returned '0': CMAKE_PREFIX_PATH=${CMAKE_PREFIX_PATH}:/home/nguyen/ros2_ws_1/install/gazebo_simulation:/opt/ros/humble /usr/bin/cmake --install /home/nguyen/ros2_ws/src/ros2_arctos_HCMUT/build/arctos_description
[0.876s] Level 1:colcon.colcon_core.environment:checking '/home/nguyen/ros2_ws/src/ros2_arctos_HCMUT/install/arctos_description' for CMake config files
[0.877s] Level 1:colcon.colcon_core.shell:create_environment_hook('arctos_description', 'cmake_prefix_path')
[0.877s] INFO:colcon.colcon_core.shell:Creating environment hook '/home/nguyen/ros2_ws/src/ros2_arctos_HCMUT/install/arctos_description/share/arctos_description/hook/cmake_prefix_path.ps1'
[0.877s] INFO:colcon.colcon_core.shell:Creating environment descriptor '/home/nguyen/ros2_ws/src/ros2_arctos_HCMUT/install/arctos_description/share/arctos_description/hook/cmake_prefix_path.dsv'
[0.878s] INFO:colcon.colcon_core.shell:Creating environment hook '/home/nguyen/ros2_ws/src/ros2_arctos_HCMUT/install/arctos_description/share/arctos_description/hook/cmake_prefix_path.sh'
[0.878s] Level 1:colcon.colcon_core.environment:checking '/home/nguyen/ros2_ws/src/ros2_arctos_HCMUT/install/arctos_description/bin'
[0.878s] Level 1:colcon.colcon_core.environment:checking '/home/nguyen/ros2_ws/src/ros2_arctos_HCMUT/install/arctos_description/lib/pkgconfig/arctos_description.pc'
[0.879s] Level 1:colcon.colcon_core.environment:checking '/home/nguyen/ros2_ws/src/ros2_arctos_HCMUT/install/arctos_description/lib/python3.10/site-packages'
[0.879s] Level 1:colcon.colcon_core.environment:checking '/home/nguyen/ros2_ws/src/ros2_arctos_HCMUT/install/arctos_description/bin'
[0.879s] INFO:colcon.colcon_core.shell:Creating package script '/home/nguyen/ros2_ws/src/ros2_arctos_HCMUT/install/arctos_description/share/arctos_description/package.ps1'
[0.880s] INFO:colcon.colcon_core.shell:Creating package descriptor '/home/nguyen/ros2_ws/src/ros2_arctos_HCMUT/install/arctos_description/share/arctos_description/package.dsv'
[0.880s] INFO:colcon.colcon_core.shell:Creating package script '/home/nguyen/ros2_ws/src/ros2_arctos_HCMUT/install/arctos_description/share/arctos_description/package.sh'
[0.880s] INFO:colcon.colcon_core.shell:Creating package script '/home/nguyen/ros2_ws/src/ros2_arctos_HCMUT/install/arctos_description/share/arctos_description/package.bash'
[0.881s] INFO:colcon.colcon_core.shell:Creating package script '/home/nguyen/ros2_ws/src/ros2_arctos_HCMUT/install/arctos_description/share/arctos_description/package.zsh'
[0.881s] Level 1:colcon.colcon_core.environment:create_file_with_runtime_dependencies(/home/nguyen/ros2_ws/src/ros2_arctos_HCMUT/install/arctos_description/share/colcon-core/packages/arctos_description)
[0.882s] Level 1:colcon.colcon_core.environment:create_environment_scripts_only(arctos_description)
[0.882s] Level 1:colcon.colcon_core.environment:checking '/home/nguyen/ros2_ws/src/ros2_arctos_HCMUT/install/arctos_description' for CMake module files
[0.882s] Level 1:colcon.colcon_core.environment:checking '/home/nguyen/ros2_ws/src/ros2_arctos_HCMUT/install/arctos_description' for CMake config files
[0.882s] Level 1:colcon.colcon_core.shell:create_environment_hook('arctos_description', 'cmake_prefix_path')
[0.883s] INFO:colcon.colcon_core.shell:Creating environment hook '/home/nguyen/ros2_ws/src/ros2_arctos_HCMUT/install/arctos_description/share/arctos_description/hook/cmake_prefix_path.ps1'
[0.883s] INFO:colcon.colcon_core.shell:Creating environment descriptor '/home/nguyen/ros2_ws/src/ros2_arctos_HCMUT/install/arctos_description/share/arctos_description/hook/cmake_prefix_path.dsv'
[0.883s] INFO:colcon.colcon_core.shell:Creating environment hook '/home/nguyen/ros2_ws/src/ros2_arctos_HCMUT/install/arctos_description/share/arctos_description/hook/cmake_prefix_path.sh'
[0.884s] Level 1:colcon.colcon_core.environment:checking '/home/nguyen/ros2_ws/src/ros2_arctos_HCMUT/install/arctos_description/bin'
[0.884s] Level 1:colcon.colcon_core.environment:checking '/home/nguyen/ros2_ws/src/ros2_arctos_HCMUT/install/arctos_description/lib/pkgconfig/arctos_description.pc'
[0.884s] Level 1:colcon.colcon_core.environment:checking '/home/nguyen/ros2_ws/src/ros2_arctos_HCMUT/install/arctos_description/lib/python3.10/site-packages'
[0.884s] Level 1:colcon.colcon_core.environment:checking '/home/nguyen/ros2_ws/src/ros2_arctos_HCMUT/install/arctos_description/bin'
[0.885s] INFO:colcon.colcon_core.shell:Creating package script '/home/nguyen/ros2_ws/src/ros2_arctos_HCMUT/install/arctos_description/share/arctos_description/package.ps1'
[0.885s] INFO:colcon.colcon_core.shell:Creating package descriptor '/home/nguyen/ros2_ws/src/ros2_arctos_HCMUT/install/arctos_description/share/arctos_description/package.dsv'
[0.885s] INFO:colcon.colcon_core.shell:Creating package script '/home/nguyen/ros2_ws/src/ros2_arctos_HCMUT/install/arctos_description/share/arctos_description/package.sh'
[0.886s] INFO:colcon.colcon_core.shell:Creating package script '/home/nguyen/ros2_ws/src/ros2_arctos_HCMUT/install/arctos_description/share/arctos_description/package.bash'
[0.886s] INFO:colcon.colcon_core.shell:Creating package script '/home/nguyen/ros2_ws/src/ros2_arctos_HCMUT/install/arctos_description/share/arctos_description/package.zsh'
[0.887s] Level 1:colcon.colcon_core.environment:create_file_with_runtime_dependencies(/home/nguyen/ros2_ws/src/ros2_arctos_HCMUT/install/arctos_description/share/colcon-core/packages/arctos_description)
[0.888s] INFO:colcon.colcon_ros.task.ament_cmake.build:Building ROS package in '/home/nguyen/ros2_ws/src/ros2_arctos_HCMUT/arctos_moveit_config' with build type 'ament_cmake'
[0.888s] INFO:colcon.colcon_cmake.task.cmake.build:Building CMake package in '/home/nguyen/ros2_ws/src/ros2_arctos_HCMUT/arctos_moveit_config'
[0.888s] INFO:colcon.colcon_core.shell:Skip shell extension 'powershell' for command environment: Not usable outside of PowerShell
[0.888s] DEBUG:colcon.colcon_core.shell:Skip shell extension 'dsv' for command environment
[0.898s] Level 1:colcon.colcon_core.environment:create_environment_scripts_only(gazebo_ros2_control)
[0.899s] Level 1:colcon.colcon_core.environment:checking '/home/nguyen/ros2_ws/src/ros2_arctos_HCMUT/install/gazebo_ros2_control' for CMake module files
[0.900s] DEBUG:colcon.colcon_core.event_handler.log_command:Invoking command in '/home/nguyen/ros2_ws/src/ros2_arctos_HCMUT/build/arctos_motor_driver': CMAKE_PREFIX_PATH=/home/nguyen/ros2_ws/src/ros2_arctos_HCMUT/install/serial:/home/nguyen/ros2_ws/install/gazebo_ros2_control:/home/nguyen/ros2_ws/src/ros2_arctos_HCMUT/install/v4l2_camera:/home/nguyen/ros2_ws/src/ros2_arctos_HCMUT/install/arctos_bringup:/home/nguyen/ros2_ws/src/ros2_arctos_HCMUT/install/arctos_hardware_interface:/home/nguyen/ros2_ws/src/ros2_arctos_HCMUT/install/arctos_motor_driver:/home/nguyen/ros2_ws/src/ros2_arctos_HCMUT/install/gazebo_ros2_control:/home/nguyen/ros2_ws/src/ros2_arctos_HCMUT/install/arctos_moveit_config:/home/nguyen/ros2_ws/src/ros2_arctos_HCMUT/install/arctos_description:/home/nguyen/ros2_ws_1/install/v4l2_camera:/home/nguyen/ros2_ws_1/install/arctos_system_tests:/home/nguyen/ros2_ws_1/install/arctos_moveit_config:/home/nguyen/ros2_ws_1/install/arctos_motor_driver:/home/nguyen/ros2_ws_1/install/arctos_gazebo:/home/nguyen/ros2_ws_1/install/arctos_description:/home/nguyen/ros2_ws_1/install/arctos_camera:/home/nguyen/ros2_ws_1/install/arctos_bringup:/home/nguyen/ros2_ws/install/v4l2_camera:/home/nguyen/ros2_ws/install/arctos_bringup:/home/nguyen/ros2_ws/install/arctos_hardware_interface:/home/nguyen/ros2_ws/install/arctos_motor_driver:/home/nguyen/ros2_ws/install/serial:/home/nguyen/ros2_ws/install/arctos_moveit_config:/home/nguyen/ros2_ws/install/arctos_description:/home/nguyen/ros2_ws_1/install/gazebo_simulation:/opt/ros/humble /usr/bin/cmake /home/nguyen/ros2_ws/src/ros2_arctos_HCMUT/arctos_motor_driver -DAMENT_CMAKE_SYMLINK_INSTALL=1 -DCMAKE_INSTALL_PREFIX=/home/nguyen/ros2_ws/src/ros2_arctos_HCMUT/install/arctos_motor_driver
[0.900s] DEBUG:colcon.colcon_core.event_handler.log_command:Invoked command in '/home/nguyen/ros2_ws/src/ros2_arctos_HCMUT/build/gazebo_ros2_control' returned '0': CMAKE_PREFIX_PATH=${CMAKE_PREFIX_PATH}:/home/nguyen/ros2_ws_1/install/gazebo_simulation:/opt/ros/humble /usr/bin/cmake --install /home/nguyen/ros2_ws/src/ros2_arctos_HCMUT/build/gazebo_ros2_control
[0.900s] Level 1:colcon.colcon_core.environment:checking '/home/nguyen/ros2_ws/src/ros2_arctos_HCMUT/install/gazebo_ros2_control' for CMake config files
[0.900s] Level 1:colcon.colcon_core.shell:create_environment_hook('gazebo_ros2_control', 'cmake_prefix_path')
[0.901s] INFO:colcon.colcon_core.shell:Creating environment hook '/home/nguyen/ros2_ws/src/ros2_arctos_HCMUT/install/gazebo_ros2_control/share/gazebo_ros2_control/hook/cmake_prefix_path.ps1'
[0.901s] INFO:colcon.colcon_core.shell:Creating environment descriptor '/home/nguyen/ros2_ws/src/ros2_arctos_HCMUT/install/gazebo_ros2_control/share/gazebo_ros2_control/hook/cmake_prefix_path.dsv'
[0.901s] INFO:colcon.colcon_core.shell:Creating environment hook '/home/nguyen/ros2_ws/src/ros2_arctos_HCMUT/install/gazebo_ros2_control/share/gazebo_ros2_control/hook/cmake_prefix_path.sh'
[0.902s] Level 1:colcon.colcon_core.environment:checking '/home/nguyen/ros2_ws/src/ros2_arctos_HCMUT/install/gazebo_ros2_control/bin'
[0.902s] Level 1:colcon.colcon_core.environment:checking '/home/nguyen/ros2_ws/src/ros2_arctos_HCMUT/install/gazebo_ros2_control/lib/pkgconfig/gazebo_ros2_control.pc'
[0.902s] Level 1:colcon.colcon_core.environment:checking '/home/nguyen/ros2_ws/src/ros2_arctos_HCMUT/install/gazebo_ros2_control/lib/python3.10/site-packages'
[0.903s] Level 1:colcon.colcon_core.environment:checking '/home/nguyen/ros2_ws/src/ros2_arctos_HCMUT/install/gazebo_ros2_control/bin'
[0.903s] INFO:colcon.colcon_core.shell:Creating package script '/home/nguyen/ros2_ws/src/ros2_arctos_HCMUT/install/gazebo_ros2_control/share/gazebo_ros2_control/package.ps1'
[0.903s] INFO:colcon.colcon_core.shell:Creating package descriptor '/home/nguyen/ros2_ws/src/ros2_arctos_HCMUT/install/gazebo_ros2_control/share/gazebo_ros2_control/package.dsv'
[0.904s] INFO:colcon.colcon_core.shell:Creating package script '/home/nguyen/ros2_ws/src/ros2_arctos_HCMUT/install/gazebo_ros2_control/share/gazebo_ros2_control/package.sh'
[0.904s] INFO:colcon.colcon_core.shell:Creating package script '/home/nguyen/ros2_ws/src/ros2_arctos_HCMUT/install/gazebo_ros2_control/share/gazebo_ros2_control/package.bash'
[0.905s] INFO:colcon.colcon_core.shell:Creating package script '/home/nguyen/ros2_ws/src/ros2_arctos_HCMUT/install/gazebo_ros2_control/share/gazebo_ros2_control/package.zsh'
[0.905s] Level 1:colcon.colcon_core.environment:create_file_with_runtime_dependencies(/home/nguyen/ros2_ws/src/ros2_arctos_HCMUT/install/gazebo_ros2_control/share/colcon-core/packages/gazebo_ros2_control)
[0.906s] Level 1:colcon.colcon_core.environment:create_environment_scripts_only(gazebo_ros2_control)
[0.906s] Level 1:colcon.colcon_core.environment:checking '/home/nguyen/ros2_ws/src/ros2_arctos_HCMUT/install/gazebo_ros2_control' for CMake module files
[0.906s] Level 1:colcon.colcon_core.environment:checking '/home/nguyen/ros2_ws/src/ros2_arctos_HCMUT/install/gazebo_ros2_control' for CMake config files
[0.906s] Level 1:colcon.colcon_core.shell:create_environment_hook('gazebo_ros2_control', 'cmake_prefix_path')
[0.907s] INFO:colcon.colcon_core.shell:Creating environment hook '/home/nguyen/ros2_ws/src/ros2_arctos_HCMUT/install/gazebo_ros2_control/share/gazebo_ros2_control/hook/cmake_prefix_path.ps1'
[0.907s] INFO:colcon.colcon_core.shell:Creating environment descriptor '/home/nguyen/ros2_ws/src/ros2_arctos_HCMUT/install/gazebo_ros2_control/share/gazebo_ros2_control/hook/cmake_prefix_path.dsv'
[0.907s] INFO:colcon.colcon_core.shell:Creating environment hook '/home/nguyen/ros2_ws/src/ros2_arctos_HCMUT/install/gazebo_ros2_control/share/gazebo_ros2_control/hook/cmake_prefix_path.sh'
[0.908s] Level 1:colcon.colcon_core.environment:checking '/home/nguyen/ros2_ws/src/ros2_arctos_HCMUT/install/gazebo_ros2_control/bin'
[0.908s] Level 1:colcon.colcon_core.environment:checking '/home/nguyen/ros2_ws/src/ros2_arctos_HCMUT/install/gazebo_ros2_control/lib/pkgconfig/gazebo_ros2_control.pc'
[0.908s] Level 1:colcon.colcon_core.environment:checking '/home/nguyen/ros2_ws/src/ros2_arctos_HCMUT/install/gazebo_ros2_control/lib/python3.10/site-packages'
[0.908s] Level 1:colcon.colcon_core.environment:checking '/home/nguyen/ros2_ws/src/ros2_arctos_HCMUT/install/gazebo_ros2_control/bin'
[0.909s] INFO:colcon.colcon_core.shell:Creating package script '/home/nguyen/ros2_ws/src/ros2_arctos_HCMUT/install/gazebo_ros2_control/share/gazebo_ros2_control/package.ps1'
[0.909s] INFO:colcon.colcon_core.shell:Creating package descriptor '/home/nguyen/ros2_ws/src/ros2_arctos_HCMUT/install/gazebo_ros2_control/share/gazebo_ros2_control/package.dsv'
[0.910s] INFO:colcon.colcon_core.shell:Creating package script '/home/nguyen/ros2_ws/src/ros2_arctos_HCMUT/install/gazebo_ros2_control/share/gazebo_ros2_control/package.sh'
[0.910s] INFO:colcon.colcon_core.shell:Creating package script '/home/nguyen/ros2_ws/src/ros2_arctos_HCMUT/install/gazebo_ros2_control/share/gazebo_ros2_control/package.bash'
[0.910s] INFO:colcon.colcon_core.shell:Creating package script '/home/nguyen/ros2_ws/src/ros2_arctos_HCMUT/install/gazebo_ros2_control/share/gazebo_ros2_control/package.zsh'
[0.911s] Level 1:colcon.colcon_core.environment:create_file_with_runtime_dependencies(/home/nguyen/ros2_ws/src/ros2_arctos_HCMUT/install/gazebo_ros2_control/share/colcon-core/packages/gazebo_ros2_control)
[0.915s] DEBUG:colcon.colcon_core.event_handler.log_command:Invoking command in '/home/nguyen/ros2_ws/src/ros2_arctos_HCMUT/build/arctos_moveit_config': CMAKE_PREFIX_PATH=/home/nguyen/ros2_ws/src/ros2_arctos_HCMUT/install/arctos_description:/home/nguyen/ros2_ws/install/gazebo_ros2_control:/home/nguyen/ros2_ws/src/ros2_arctos_HCMUT/install/v4l2_camera:/home/nguyen/ros2_ws/src/ros2_arctos_HCMUT/install/arctos_bringup:/home/nguyen/ros2_ws/src/ros2_arctos_HCMUT/install/arctos_hardware_interface:/home/nguyen/ros2_ws/src/ros2_arctos_HCMUT/install/arctos_motor_driver:/home/nguyen/ros2_ws/src/ros2_arctos_HCMUT/install/serial:/home/nguyen/ros2_ws/src/ros2_arctos_HCMUT/install/gazebo_ros2_control:/home/nguyen/ros2_ws/src/ros2_arctos_HCMUT/install/arctos_moveit_config:/home/nguyen/ros2_ws_1/install/v4l2_camera:/home/nguyen/ros2_ws_1/install/arctos_system_tests:/home/nguyen/ros2_ws_1/install/arctos_moveit_config:/home/nguyen/ros2_ws_1/install/arctos_motor_driver:/home/nguyen/ros2_ws_1/install/arctos_gazebo:/home/nguyen/ros2_ws_1/install/arctos_description:/home/nguyen/ros2_ws_1/install/arctos_camera:/home/nguyen/ros2_ws_1/install/arctos_bringup:/home/nguyen/ros2_ws/install/v4l2_camera:/home/nguyen/ros2_ws/install/arctos_bringup:/home/nguyen/ros2_ws/install/arctos_hardware_interface:/home/nguyen/ros2_ws/install/arctos_motor_driver:/home/nguyen/ros2_ws/install/serial:/home/nguyen/ros2_ws/install/arctos_moveit_config:/home/nguyen/ros2_ws/install/arctos_description:/home/nguyen/ros2_ws_1/install/gazebo_simulation:/opt/ros/humble /usr/bin/cmake /home/nguyen/ros2_ws/src/ros2_arctos_HCMUT/arctos_moveit_config -DAMENT_CMAKE_SYMLINK_INSTALL=1 -DCMAKE_INSTALL_PREFIX=/home/nguyen/ros2_ws/src/ros2_arctos_HCMUT/install/arctos_moveit_config
[1.082s] DEBUG:colcon.colcon_core.event_handler.log_command:Invoked command in '/home/nguyen/ros2_ws/src/ros2_arctos_HCMUT/build/v4l2_camera' returned '0': CMAKE_PREFIX_PATH=${CMAKE_PREFIX_PATH}:/home/nguyen/ros2_ws_1/install/gazebo_simulation:/opt/ros/humble /usr/bin/cmake /home/nguyen/ros2_ws/src/ros2_arctos_HCMUT/src/v4l2_camera -DAMENT_CMAKE_SYMLINK_INSTALL=1 -DCMAKE_INSTALL_PREFIX=/home/nguyen/ros2_ws/src/ros2_arctos_HCMUT/install/v4l2_camera
[1.085s] DEBUG:colcon.colcon_core.event_handler.log_command:Invoking command in '/home/nguyen/ros2_ws/src/ros2_arctos_HCMUT/build/v4l2_camera': CMAKE_PREFIX_PATH=${CMAKE_PREFIX_PATH}:/home/nguyen/ros2_ws_1/install/gazebo_simulation:/opt/ros/humble /usr/bin/cmake --build /home/nguyen/ros2_ws/src/ros2_arctos_HCMUT/build/v4l2_camera -- -j12 -l12
[1.153s] DEBUG:colcon.colcon_core.event_handler.log_command:Invoked command in '/home/nguyen/ros2_ws/src/ros2_arctos_HCMUT/build/arctos_moveit_config' returned '0': CMAKE_PREFIX_PATH=/home/nguyen/ros2_ws/src/ros2_arctos_HCMUT/install/arctos_description:/home/nguyen/ros2_ws/install/gazebo_ros2_control:/home/nguyen/ros2_ws/src/ros2_arctos_HCMUT/install/v4l2_camera:/home/nguyen/ros2_ws/src/ros2_arctos_HCMUT/install/arctos_bringup:/home/nguyen/ros2_ws/src/ros2_arctos_HCMUT/install/arctos_hardware_interface:/home/nguyen/ros2_ws/src/ros2_arctos_HCMUT/install/arctos_motor_driver:/home/nguyen/ros2_ws/src/ros2_arctos_HCMUT/install/serial:/home/nguyen/ros2_ws/src/ros2_arctos_HCMUT/install/gazebo_ros2_control:/home/nguyen/ros2_ws/src/ros2_arctos_HCMUT/install/arctos_moveit_config:/home/nguyen/ros2_ws_1/install/v4l2_camera:/home/nguyen/ros2_ws_1/install/arctos_system_tests:/home/nguyen/ros2_ws_1/install/arctos_moveit_config:/home/nguyen/ros2_ws_1/install/arctos_motor_driver:/home/nguyen/ros2_ws_1/install/arctos_gazebo:/home/nguyen/ros2_ws_1/install/arctos_description:/home/nguyen/ros2_ws_1/install/arctos_camera:/home/nguyen/ros2_ws_1/install/arctos_bringup:/home/nguyen/ros2_ws/install/v4l2_camera:/home/nguyen/ros2_ws/install/arctos_bringup:/home/nguyen/ros2_ws/install/arctos_hardware_interface:/home/nguyen/ros2_ws/install/arctos_motor_driver:/home/nguyen/ros2_ws/install/serial:/home/nguyen/ros2_ws/install/arctos_moveit_config:/home/nguyen/ros2_ws/install/arctos_description:/home/nguyen/ros2_ws_1/install/gazebo_simulation:/opt/ros/humble /usr/bin/cmake /home/nguyen/ros2_ws/src/ros2_arctos_HCMUT/arctos_moveit_config -DAMENT_CMAKE_SYMLINK_INSTALL=1 -DCMAKE_INSTALL_PREFIX=/home/nguyen/ros2_ws/src/ros2_arctos_HCMUT/install/arctos_moveit_config
[1.155s] DEBUG:colcon.colcon_core.event_handler.log_command:Invoking command in '/home/nguyen/ros2_ws/src/ros2_arctos_HCMUT/build/arctos_moveit_config': CMAKE_PREFIX_PATH=/home/nguyen/ros2_ws/src/ros2_arctos_HCMUT/install/arctos_description:/home/nguyen/ros2_ws/install/gazebo_ros2_control:/home/nguyen/ros2_ws/src/ros2_arctos_HCMUT/install/v4l2_camera:/home/nguyen/ros2_ws/src/ros2_arctos_HCMUT/install/arctos_bringup:/home/nguyen/ros2_ws/src/ros2_arctos_HCMUT/install/arctos_hardware_interface:/home/nguyen/ros2_ws/src/ros2_arctos_HCMUT/install/arctos_motor_driver:/home/nguyen/ros2_ws/src/ros2_arctos_HCMUT/install/serial:/home/nguyen/ros2_ws/src/ros2_arctos_HCMUT/install/gazebo_ros2_control:/home/nguyen/ros2_ws/src/ros2_arctos_HCMUT/install/arctos_moveit_config:/home/nguyen/ros2_ws_1/install/v4l2_camera:/home/nguyen/ros2_ws_1/install/arctos_system_tests:/home/nguyen/ros2_ws_1/install/arctos_moveit_config:/home/nguyen/ros2_ws_1/install/arctos_motor_driver:/home/nguyen/ros2_ws_1/install/arctos_gazebo:/home/nguyen/ros2_ws_1/install/arctos_description:/home/nguyen/ros2_ws_1/install/arctos_camera:/home/nguyen/ros2_ws_1/install/arctos_bringup:/home/nguyen/ros2_ws/install/v4l2_camera:/home/nguyen/ros2_ws/install/arctos_bringup:/home/nguyen/ros2_ws/install/arctos_hardware_interface:/home/nguyen/ros2_ws/install/arctos_motor_driver:/home/nguyen/ros2_ws/install/serial:/home/nguyen/ros2_ws/install/arctos_moveit_config:/home/nguyen/ros2_ws/install/arctos_description:/home/nguyen/ros2_ws_1/install/gazebo_simulation:/opt/ros/humble /usr/bin/cmake --build /home/nguyen/ros2_ws/src/ros2_arctos_HCMUT/build/arctos_moveit_config -- -j12 -l12
[1.203s] DEBUG:colcon.colcon_core.event_handler.log_command:Invoked command in '/home/nguyen/ros2_ws/src/ros2_arctos_HCMUT/build/arctos_moveit_config' returned '0': CMAKE_PREFIX_PATH=/home/nguyen/ros2_ws/src/ros2_arctos_HCMUT/install/arctos_description:/home/nguyen/ros2_ws/install/gazebo_ros2_control:/home/nguyen/ros2_ws/src/ros2_arctos_HCMUT/install/v4l2_camera:/home/nguyen/ros2_ws/src/ros2_arctos_HCMUT/install/arctos_bringup:/home/nguyen/ros2_ws/src/ros2_arctos_HCMUT/install/arctos_hardware_interface:/home/nguyen/ros2_ws/src/ros2_arctos_HCMUT/install/arctos_motor_driver:/home/nguyen/ros2_ws/src/ros2_arctos_HCMUT/install/serial:/home/nguyen/ros2_ws/src/ros2_arctos_HCMUT/install/gazebo_ros2_control:/home/nguyen/ros2_ws/src/ros2_arctos_HCMUT/install/arctos_moveit_config:/home/nguyen/ros2_ws_1/install/v4l2_camera:/home/nguyen/ros2_ws_1/install/arctos_system_tests:/home/nguyen/ros2_ws_1/install/arctos_moveit_config:/home/nguyen/ros2_ws_1/install/arctos_motor_driver:/home/nguyen/ros2_ws_1/install/arctos_gazebo:/home/nguyen/ros2_ws_1/install/arctos_description:/home/nguyen/ros2_ws_1/install/arctos_camera:/home/nguyen/ros2_ws_1/install/arctos_bringup:/home/nguyen/ros2_ws/install/v4l2_camera:/home/nguyen/ros2_ws/install/arctos_bringup:/home/nguyen/ros2_ws/install/arctos_hardware_interface:/home/nguyen/ros2_ws/install/arctos_motor_driver:/home/nguyen/ros2_ws/install/serial:/home/nguyen/ros2_ws/install/arctos_moveit_config:/home/nguyen/ros2_ws/install/arctos_description:/home/nguyen/ros2_ws_1/install/gazebo_simulation:/opt/ros/humble /usr/bin/cmake --build /home/nguyen/ros2_ws/src/ros2_arctos_HCMUT/build/arctos_moveit_config -- -j12 -l12
[1.206s] DEBUG:colcon.colcon_core.event_handler.log_command:Invoking command in '/home/nguyen/ros2_ws/src/ros2_arctos_HCMUT/build/arctos_moveit_config': CMAKE_PREFIX_PATH=/home/nguyen/ros2_ws/src/ros2_arctos_HCMUT/install/arctos_description:/home/nguyen/ros2_ws/install/gazebo_ros2_control:/home/nguyen/ros2_ws/src/ros2_arctos_HCMUT/install/v4l2_camera:/home/nguyen/ros2_ws/src/ros2_arctos_HCMUT/install/arctos_bringup:/home/nguyen/ros2_ws/src/ros2_arctos_HCMUT/install/arctos_hardware_interface:/home/nguyen/ros2_ws/src/ros2_arctos_HCMUT/install/arctos_motor_driver:/home/nguyen/ros2_ws/src/ros2_arctos_HCMUT/install/serial:/home/nguyen/ros2_ws/src/ros2_arctos_HCMUT/install/gazebo_ros2_control:/home/nguyen/ros2_ws/src/ros2_arctos_HCMUT/install/arctos_moveit_config:/home/nguyen/ros2_ws_1/install/v4l2_camera:/home/nguyen/ros2_ws_1/install/arctos_system_tests:/home/nguyen/ros2_ws_1/install/arctos_moveit_config:/home/nguyen/ros2_ws_1/install/arctos_motor_driver:/home/nguyen/ros2_ws_1/install/arctos_gazebo:/home/nguyen/ros2_ws_1/install/arctos_description:/home/nguyen/ros2_ws_1/install/arctos_camera:/home/nguyen/ros2_ws_1/install/arctos_bringup:/home/nguyen/ros2_ws/install/v4l2_camera:/home/nguyen/ros2_ws/install/arctos_bringup:/home/nguyen/ros2_ws/install/arctos_hardware_interface:/home/nguyen/ros2_ws/install/arctos_motor_driver:/home/nguyen/ros2_ws/install/serial:/home/nguyen/ros2_ws/install/arctos_moveit_config:/home/nguyen/ros2_ws/install/arctos_description:/home/nguyen/ros2_ws_1/install/gazebo_simulation:/opt/ros/humble /usr/bin/cmake --install /home/nguyen/ros2_ws/src/ros2_arctos_HCMUT/build/arctos_moveit_config
[1.228s] DEBUG:colcon.colcon_core.event_handler.log_command:Invoked command in '/home/nguyen/ros2_ws/src/ros2_arctos_HCMUT/build/v4l2_camera' returned '0': CMAKE_PREFIX_PATH=${CMAKE_PREFIX_PATH}:/home/nguyen/ros2_ws_1/install/gazebo_simulation:/opt/ros/humble /usr/bin/cmake --build /home/nguyen/ros2_ws/src/ros2_arctos_HCMUT/build/v4l2_camera -- -j12 -l12
[1.230s] DEBUG:colcon.colcon_core.event_handler.log_command:Invoking command in '/home/nguyen/ros2_ws/src/ros2_arctos_HCMUT/build/v4l2_camera': CMAKE_PREFIX_PATH=${CMAKE_PREFIX_PATH}:/home/nguyen/ros2_ws_1/install/gazebo_simulation:/opt/ros/humble /usr/bin/cmake --install /home/nguyen/ros2_ws/src/ros2_arctos_HCMUT/build/v4l2_camera
[1.243s] Level 1:colcon.colcon_core.environment:create_environment_scripts_only(arctos_moveit_config)
[1.243s] Level 1:colcon.colcon_core.environment:checking '/home/nguyen/ros2_ws/src/ros2_arctos_HCMUT/install/arctos_moveit_config' for CMake module files
[1.244s] DEBUG:colcon.colcon_core.event_handler.log_command:Invoked command in '/home/nguyen/ros2_ws/src/ros2_arctos_HCMUT/build/arctos_moveit_config' returned '0': CMAKE_PREFIX_PATH=/home/nguyen/ros2_ws/src/ros2_arctos_HCMUT/install/arctos_description:/home/nguyen/ros2_ws/install/gazebo_ros2_control:/home/nguyen/ros2_ws/src/ros2_arctos_HCMUT/install/v4l2_camera:/home/nguyen/ros2_ws/src/ros2_arctos_HCMUT/install/arctos_bringup:/home/nguyen/ros2_ws/src/ros2_arctos_HCMUT/install/arctos_hardware_interface:/home/nguyen/ros2_ws/src/ros2_arctos_HCMUT/install/arctos_motor_driver:/home/nguyen/ros2_ws/src/ros2_arctos_HCMUT/install/serial:/home/nguyen/ros2_ws/src/ros2_arctos_HCMUT/install/gazebo_ros2_control:/home/nguyen/ros2_ws/src/ros2_arctos_HCMUT/install/arctos_moveit_config:/home/nguyen/ros2_ws_1/install/v4l2_camera:/home/nguyen/ros2_ws_1/install/arctos_system_tests:/home/nguyen/ros2_ws_1/install/arctos_moveit_config:/home/nguyen/ros2_ws_1/install/arctos_motor_driver:/home/nguyen/ros2_ws_1/install/arctos_gazebo:/home/nguyen/ros2_ws_1/install/arctos_description:/home/nguyen/ros2_ws_1/install/arctos_camera:/home/nguyen/ros2_ws_1/install/arctos_bringup:/home/nguyen/ros2_ws/install/v4l2_camera:/home/nguyen/ros2_ws/install/arctos_bringup:/home/nguyen/ros2_ws/install/arctos_hardware_interface:/home/nguyen/ros2_ws/install/arctos_motor_driver:/home/nguyen/ros2_ws/install/serial:/home/nguyen/ros2_ws/install/arctos_moveit_config:/home/nguyen/ros2_ws/install/arctos_description:/home/nguyen/ros2_ws_1/install/gazebo_simulation:/opt/ros/humble /usr/bin/cmake --install /home/nguyen/ros2_ws/src/ros2_arctos_HCMUT/build/arctos_moveit_config
[1.245s] Level 1:colcon.colcon_core.environment:checking '/home/nguyen/ros2_ws/src/ros2_arctos_HCMUT/install/arctos_moveit_config' for CMake config files
[1.246s] Level 1:colcon.colcon_core.shell:create_environment_hook('arctos_moveit_config', 'cmake_prefix_path')
[1.246s] INFO:colcon.colcon_core.shell:Creating environment hook '/home/nguyen/ros2_ws/src/ros2_arctos_HCMUT/install/arctos_moveit_config/share/arctos_moveit_config/hook/cmake_prefix_path.ps1'
[1.247s] INFO:colcon.colcon_core.shell:Creating environment descriptor '/home/nguyen/ros2_ws/src/ros2_arctos_HCMUT/install/arctos_moveit_config/share/arctos_moveit_config/hook/cmake_prefix_path.dsv'
[1.247s] INFO:colcon.colcon_core.shell:Creating environment hook '/home/nguyen/ros2_ws/src/ros2_arctos_HCMUT/install/arctos_moveit_config/share/arctos_moveit_config/hook/cmake_prefix_path.sh'
[1.248s] Level 1:colcon.colcon_core.environment:checking '/home/nguyen/ros2_ws/src/ros2_arctos_HCMUT/install/arctos_moveit_config/bin'
[1.248s] Level 1:colcon.colcon_core.environment:checking '/home/nguyen/ros2_ws/src/ros2_arctos_HCMUT/install/arctos_moveit_config/lib/pkgconfig/arctos_moveit_config.pc'
[1.248s] Level 1:colcon.colcon_core.environment:checking '/home/nguyen/ros2_ws/src/ros2_arctos_HCMUT/install/arctos_moveit_config/lib/python3.10/site-packages'
[1.248s] Level 1:colcon.colcon_core.environment:checking '/home/nguyen/ros2_ws/src/ros2_arctos_HCMUT/install/arctos_moveit_config/bin'
[1.248s] INFO:colcon.colcon_core.shell:Creating package script '/home/nguyen/ros2_ws/src/ros2_arctos_HCMUT/install/arctos_moveit_config/share/arctos_moveit_config/package.ps1'
[1.249s] INFO:colcon.colcon_core.shell:Creating package descriptor '/home/nguyen/ros2_ws/src/ros2_arctos_HCMUT/install/arctos_moveit_config/share/arctos_moveit_config/package.dsv'
[1.249s] INFO:colcon.colcon_core.shell:Creating package script '/home/nguyen/ros2_ws/src/ros2_arctos_HCMUT/install/arctos_moveit_config/share/arctos_moveit_config/package.sh'
[1.250s] INFO:colcon.colcon_core.shell:Creating package script '/home/nguyen/ros2_ws/src/ros2_arctos_HCMUT/install/arctos_moveit_config/share/arctos_moveit_config/package.bash'
[1.250s] INFO:colcon.colcon_core.shell:Creating package script '/home/nguyen/ros2_ws/src/ros2_arctos_HCMUT/install/arctos_moveit_config/share/arctos_moveit_config/package.zsh'
[1.250s] Level 1:colcon.colcon_core.environment:create_file_with_runtime_dependencies(/home/nguyen/ros2_ws/src/ros2_arctos_HCMUT/install/arctos_moveit_config/share/colcon-core/packages/arctos_moveit_config)
[1.251s] Level 1:colcon.colcon_core.environment:create_environment_scripts_only(arctos_moveit_config)
[1.251s] Level 1:colcon.colcon_core.environment:checking '/home/nguyen/ros2_ws/src/ros2_arctos_HCMUT/install/arctos_moveit_config' for CMake module files
[1.251s] Level 1:colcon.colcon_core.environment:checking '/home/nguyen/ros2_ws/src/ros2_arctos_HCMUT/install/arctos_moveit_config' for CMake config files
[1.252s] Level 1:colcon.colcon_core.shell:create_environment_hook('arctos_moveit_config', 'cmake_prefix_path')
[1.252s] INFO:colcon.colcon_core.shell:Creating environment hook '/home/nguyen/ros2_ws/src/ros2_arctos_HCMUT/install/arctos_moveit_config/share/arctos_moveit_config/hook/cmake_prefix_path.ps1'
[1.252s] INFO:colcon.colcon_core.shell:Creating environment descriptor '/home/nguyen/ros2_ws/src/ros2_arctos_HCMUT/install/arctos_moveit_config/share/arctos_moveit_config/hook/cmake_prefix_path.dsv'
[1.253s] INFO:colcon.colcon_core.shell:Creating environment hook '/home/nguyen/ros2_ws/src/ros2_arctos_HCMUT/install/arctos_moveit_config/share/arctos_moveit_config/hook/cmake_prefix_path.sh'
[1.253s] Level 1:colcon.colcon_core.environment:checking '/home/nguyen/ros2_ws/src/ros2_arctos_HCMUT/install/arctos_moveit_config/bin'
[1.253s] Level 1:colcon.colcon_core.environment:checking '/home/nguyen/ros2_ws/src/ros2_arctos_HCMUT/install/arctos_moveit_config/lib/pkgconfig/arctos_moveit_config.pc'
[1.253s] Level 1:colcon.colcon_core.environment:checking '/home/nguyen/ros2_ws/src/ros2_arctos_HCMUT/install/arctos_moveit_config/lib/python3.10/site-packages'
[1.254s] Level 1:colcon.colcon_core.environment:checking '/home/nguyen/ros2_ws/src/ros2_arctos_HCMUT/install/arctos_moveit_config/bin'
[1.254s] INFO:colcon.colcon_core.shell:Creating package script '/home/nguyen/ros2_ws/src/ros2_arctos_HCMUT/install/arctos_moveit_config/share/arctos_moveit_config/package.ps1'
[1.254s] INFO:colcon.colcon_core.shell:Creating package descriptor '/home/nguyen/ros2_ws/src/ros2_arctos_HCMUT/install/arctos_moveit_config/share/arctos_moveit_config/package.dsv'
[1.255s] INFO:colcon.colcon_core.shell:Creating package script '/home/nguyen/ros2_ws/src/ros2_arctos_HCMUT/install/arctos_moveit_config/share/arctos_moveit_config/package.sh'
[1.255s] INFO:colcon.colcon_core.shell:Creating package script '/home/nguyen/ros2_ws/src/ros2_arctos_HCMUT/install/arctos_moveit_config/share/arctos_moveit_config/package.bash'
[1.255s] INFO:colcon.colcon_core.shell:Creating package script '/home/nguyen/ros2_ws/src/ros2_arctos_HCMUT/install/arctos_moveit_config/share/arctos_moveit_config/package.zsh'
[1.256s] Level 1:colcon.colcon_core.environment:create_file_with_runtime_dependencies(/home/nguyen/ros2_ws/src/ros2_arctos_HCMUT/install/arctos_moveit_config/share/colcon-core/packages/arctos_moveit_config)
[1.266s] Level 1:colcon.colcon_core.environment:create_environment_scripts_only(v4l2_camera)
[1.267s] Level 1:colcon.colcon_core.environment:checking '/home/nguyen/ros2_ws/src/ros2_arctos_HCMUT/install/v4l2_camera' for CMake module files
[1.267s] DEBUG:colcon.colcon_core.event_handler.log_command:Invoked command in '/home/nguyen/ros2_ws/src/ros2_arctos_HCMUT/build/v4l2_camera' returned '0': CMAKE_PREFIX_PATH=${CMAKE_PREFIX_PATH}:/home/nguyen/ros2_ws_1/install/gazebo_simulation:/opt/ros/humble /usr/bin/cmake --install /home/nguyen/ros2_ws/src/ros2_arctos_HCMUT/build/v4l2_camera
[1.268s] Level 1:colcon.colcon_core.environment:checking '/home/nguyen/ros2_ws/src/ros2_arctos_HCMUT/install/v4l2_camera' for CMake config files
[1.268s] Level 1:colcon.colcon_core.shell:create_environment_hook('v4l2_camera', 'cmake_prefix_path')
[1.268s] INFO:colcon.colcon_core.shell:Creating environment hook '/home/nguyen/ros2_ws/src/ros2_arctos_HCMUT/install/v4l2_camera/share/v4l2_camera/hook/cmake_prefix_path.ps1'
[1.269s] INFO:colcon.colcon_core.shell:Creating environment descriptor '/home/nguyen/ros2_ws/src/ros2_arctos_HCMUT/install/v4l2_camera/share/v4l2_camera/hook/cmake_prefix_path.dsv'
[1.270s] INFO:colcon.colcon_core.shell:Creating environment hook '/home/nguyen/ros2_ws/src/ros2_arctos_HCMUT/install/v4l2_camera/share/v4l2_camera/hook/cmake_prefix_path.sh'
[1.271s] Level 1:colcon.colcon_core.environment:checking '/home/nguyen/ros2_ws/src/ros2_arctos_HCMUT/install/v4l2_camera/lib'
[1.271s] Level 1:colcon.colcon_core.shell:create_environment_hook('v4l2_camera', 'ld_library_path_lib')
[1.272s] INFO:colcon.colcon_core.shell:Creating environment hook '/home/nguyen/ros2_ws/src/ros2_arctos_HCMUT/install/v4l2_camera/share/v4l2_camera/hook/ld_library_path_lib.ps1'
[1.273s] INFO:colcon.colcon_core.shell:Creating environment descriptor '/home/nguyen/ros2_ws/src/ros2_arctos_HCMUT/install/v4l2_camera/share/v4l2_camera/hook/ld_library_path_lib.dsv'
[1.273s] INFO:colcon.colcon_core.shell:Creating environment hook '/home/nguyen/ros2_ws/src/ros2_arctos_HCMUT/install/v4l2_camera/share/v4l2_camera/hook/ld_library_path_lib.sh'
[1.274s] Level 1:colcon.colcon_core.environment:checking '/home/nguyen/ros2_ws/src/ros2_arctos_HCMUT/install/v4l2_camera/bin'
[1.274s] Level 1:colcon.colcon_core.environment:checking '/home/nguyen/ros2_ws/src/ros2_arctos_HCMUT/install/v4l2_camera/lib/pkgconfig/v4l2_camera.pc'
[1.274s] Level 1:colcon.colcon_core.environment:checking '/home/nguyen/ros2_ws/src/ros2_arctos_HCMUT/install/v4l2_camera/lib/python3.10/site-packages'
[1.274s] Level 1:colcon.colcon_core.environment:checking '/home/nguyen/ros2_ws/src/ros2_arctos_HCMUT/install/v4l2_camera/bin'
[1.275s] INFO:colcon.colcon_core.shell:Creating package script '/home/nguyen/ros2_ws/src/ros2_arctos_HCMUT/install/v4l2_camera/share/v4l2_camera/package.ps1'
[1.275s] INFO:colcon.colcon_core.shell:Creating package descriptor '/home/nguyen/ros2_ws/src/ros2_arctos_HCMUT/install/v4l2_camera/share/v4l2_camera/package.dsv'
[1.276s] INFO:colcon.colcon_core.shell:Creating package script '/home/nguyen/ros2_ws/src/ros2_arctos_HCMUT/install/v4l2_camera/share/v4l2_camera/package.sh'
[1.277s] INFO:colcon.colcon_core.shell:Creating package script '/home/nguyen/ros2_ws/src/ros2_arctos_HCMUT/install/v4l2_camera/share/v4l2_camera/package.bash'
[1.277s] INFO:colcon.colcon_core.shell:Creating package script '/home/nguyen/ros2_ws/src/ros2_arctos_HCMUT/install/v4l2_camera/share/v4l2_camera/package.zsh'
[1.277s] Level 1:colcon.colcon_core.environment:create_file_with_runtime_dependencies(/home/nguyen/ros2_ws/src/ros2_arctos_HCMUT/install/v4l2_camera/share/colcon-core/packages/v4l2_camera)
[1.278s] Level 1:colcon.colcon_core.environment:create_environment_scripts_only(v4l2_camera)
[1.278s] Level 1:colcon.colcon_core.environment:checking '/home/nguyen/ros2_ws/src/ros2_arctos_HCMUT/install/v4l2_camera' for CMake module files
[1.279s] Level 1:colcon.colcon_core.environment:checking '/home/nguyen/ros2_ws/src/ros2_arctos_HCMUT/install/v4l2_camera' for CMake config files
[1.279s] Level 1:colcon.colcon_core.shell:create_environment_hook('v4l2_camera', 'cmake_prefix_path')
[1.279s] INFO:colcon.colcon_core.shell:Creating environment hook '/home/nguyen/ros2_ws/src/ros2_arctos_HCMUT/install/v4l2_camera/share/v4l2_camera/hook/cmake_prefix_path.ps1'
[1.280s] INFO:colcon.colcon_core.shell:Creating environment descriptor '/home/nguyen/ros2_ws/src/ros2_arctos_HCMUT/install/v4l2_camera/share/v4l2_camera/hook/cmake_prefix_path.dsv'
[1.280s] INFO:colcon.colcon_core.shell:Creating environment hook '/home/nguyen/ros2_ws/src/ros2_arctos_HCMUT/install/v4l2_camera/share/v4l2_camera/hook/cmake_prefix_path.sh'
[1.281s] Level 1:colcon.colcon_core.environment:checking '/home/nguyen/ros2_ws/src/ros2_arctos_HCMUT/install/v4l2_camera/lib'
[1.281s] Level 1:colcon.colcon_core.shell:create_environment_hook('v4l2_camera', 'ld_library_path_lib')
[1.281s] INFO:colcon.colcon_core.shell:Creating environment hook '/home/nguyen/ros2_ws/src/ros2_arctos_HCMUT/install/v4l2_camera/share/v4l2_camera/hook/ld_library_path_lib.ps1'
[1.281s] INFO:colcon.colcon_core.shell:Creating environment descriptor '/home/nguyen/ros2_ws/src/ros2_arctos_HCMUT/install/v4l2_camera/share/v4l2_camera/hook/ld_library_path_lib.dsv'
[1.282s] INFO:colcon.colcon_core.shell:Creating environment hook '/home/nguyen/ros2_ws/src/ros2_arctos_HCMUT/install/v4l2_camera/share/v4l2_camera/hook/ld_library_path_lib.sh'
[1.282s] Level 1:colcon.colcon_core.environment:checking '/home/nguyen/ros2_ws/src/ros2_arctos_HCMUT/install/v4l2_camera/bin'
[1.282s] Level 1:colcon.colcon_core.environment:checking '/home/nguyen/ros2_ws/src/ros2_arctos_HCMUT/install/v4l2_camera/lib/pkgconfig/v4l2_camera.pc'
[1.282s] Level 1:colcon.colcon_core.environment:checking '/home/nguyen/ros2_ws/src/ros2_arctos_HCMUT/install/v4l2_camera/lib/python3.10/site-packages'
[1.283s] Level 1:colcon.colcon_core.environment:checking '/home/nguyen/ros2_ws/src/ros2_arctos_HCMUT/install/v4l2_camera/bin'
[1.283s] INFO:colcon.colcon_core.shell:Creating package script '/home/nguyen/ros2_ws/src/ros2_arctos_HCMUT/install/v4l2_camera/share/v4l2_camera/package.ps1'
[1.284s] INFO:colcon.colcon_core.shell:Creating package descriptor '/home/nguyen/ros2_ws/src/ros2_arctos_HCMUT/install/v4l2_camera/share/v4l2_camera/package.dsv'
[1.285s] INFO:colcon.colcon_core.shell:Creating package script '/home/nguyen/ros2_ws/src/ros2_arctos_HCMUT/install/v4l2_camera/share/v4l2_camera/package.sh'
[1.286s] INFO:colcon.colcon_core.shell:Creating package script '/home/nguyen/ros2_ws/src/ros2_arctos_HCMUT/install/v4l2_camera/share/v4l2_camera/package.bash'
[1.287s] INFO:colcon.colcon_core.shell:Creating package script '/home/nguyen/ros2_ws/src/ros2_arctos_HCMUT/install/v4l2_camera/share/v4l2_camera/package.zsh'
[1.288s] Level 1:colcon.colcon_core.environment:create_file_with_runtime_dependencies(/home/nguyen/ros2_ws/src/ros2_arctos_HCMUT/install/v4l2_camera/share/colcon-core/packages/v4l2_camera)
[1.483s] DEBUG:colcon.colcon_core.event_handler.log_command:Invoked command in '/home/nguyen/ros2_ws/src/ros2_arctos_HCMUT/build/arctos_motor_driver' returned '0': CMAKE_PREFIX_PATH=/home/nguyen/ros2_ws/src/ros2_arctos_HCMUT/install/serial:/home/nguyen/ros2_ws/install/gazebo_ros2_control:/home/nguyen/ros2_ws/src/ros2_arctos_HCMUT/install/v4l2_camera:/home/nguyen/ros2_ws/src/ros2_arctos_HCMUT/install/arctos_bringup:/home/nguyen/ros2_ws/src/ros2_arctos_HCMUT/install/arctos_hardware_interface:/home/nguyen/ros2_ws/src/ros2_arctos_HCMUT/install/arctos_motor_driver:/home/nguyen/ros2_ws/src/ros2_arctos_HCMUT/install/gazebo_ros2_control:/home/nguyen/ros2_ws/src/ros2_arctos_HCMUT/install/arctos_moveit_config:/home/nguyen/ros2_ws/src/ros2_arctos_HCMUT/install/arctos_description:/home/nguyen/ros2_ws_1/install/v4l2_camera:/home/nguyen/ros2_ws_1/install/arctos_system_tests:/home/nguyen/ros2_ws_1/install/arctos_moveit_config:/home/nguyen/ros2_ws_1/install/arctos_motor_driver:/home/nguyen/ros2_ws_1/install/arctos_gazebo:/home/nguyen/ros2_ws_1/install/arctos_description:/home/nguyen/ros2_ws_1/install/arctos_camera:/home/nguyen/ros2_ws_1/install/arctos_bringup:/home/nguyen/ros2_ws/install/v4l2_camera:/home/nguyen/ros2_ws/install/arctos_bringup:/home/nguyen/ros2_ws/install/arctos_hardware_interface:/home/nguyen/ros2_ws/install/arctos_motor_driver:/home/nguyen/ros2_ws/install/serial:/home/nguyen/ros2_ws/install/arctos_moveit_config:/home/nguyen/ros2_ws/install/arctos_description:/home/nguyen/ros2_ws_1/install/gazebo_simulation:/opt/ros/humble /usr/bin/cmake /home/nguyen/ros2_ws/src/ros2_arctos_HCMUT/arctos_motor_driver -DAMENT_CMAKE_SYMLINK_INSTALL=1 -DCMAKE_INSTALL_PREFIX=/home/nguyen/ros2_ws/src/ros2_arctos_HCMUT/install/arctos_motor_driver
[1.486s] DEBUG:colcon.colcon_core.event_handler.log_command:Invoking command in '/home/nguyen/ros2_ws/src/ros2_arctos_HCMUT/build/arctos_motor_driver': CMAKE_PREFIX_PATH=/home/nguyen/ros2_ws/src/ros2_arctos_HCMUT/install/serial:/home/nguyen/ros2_ws/install/gazebo_ros2_control:/home/nguyen/ros2_ws/src/ros2_arctos_HCMUT/install/v4l2_camera:/home/nguyen/ros2_ws/src/ros2_arctos_HCMUT/install/arctos_bringup:/home/nguyen/ros2_ws/src/ros2_arctos_HCMUT/install/arctos_hardware_interface:/home/nguyen/ros2_ws/src/ros2_arctos_HCMUT/install/arctos_motor_driver:/home/nguyen/ros2_ws/src/ros2_arctos_HCMUT/install/gazebo_ros2_control:/home/nguyen/ros2_ws/src/ros2_arctos_HCMUT/install/arctos_moveit_config:/home/nguyen/ros2_ws/src/ros2_arctos_HCMUT/install/arctos_description:/home/nguyen/ros2_ws_1/install/v4l2_camera:/home/nguyen/ros2_ws_1/install/arctos_system_tests:/home/nguyen/ros2_ws_1/install/arctos_moveit_config:/home/nguyen/ros2_ws_1/install/arctos_motor_driver:/home/nguyen/ros2_ws_1/install/arctos_gazebo:/home/nguyen/ros2_ws_1/install/arctos_description:/home/nguyen/ros2_ws_1/install/arctos_camera:/home/nguyen/ros2_ws_1/install/arctos_bringup:/home/nguyen/ros2_ws/install/v4l2_camera:/home/nguyen/ros2_ws/install/arctos_bringup:/home/nguyen/ros2_ws/install/arctos_hardware_interface:/home/nguyen/ros2_ws/install/arctos_motor_driver:/home/nguyen/ros2_ws/install/serial:/home/nguyen/ros2_ws/install/arctos_moveit_config:/home/nguyen/ros2_ws/install/arctos_description:/home/nguyen/ros2_ws_1/install/gazebo_simulation:/opt/ros/humble /usr/bin/cmake --build /home/nguyen/ros2_ws/src/ros2_arctos_HCMUT/build/arctos_motor_driver -- -j12 -l12
[1.610s] DEBUG:colcon.colcon_core.event_handler.log_command:Invoked command in '/home/nguyen/ros2_ws/src/ros2_arctos_HCMUT/build/arctos_motor_driver' returned '0': CMAKE_PREFIX_PATH=/home/nguyen/ros2_ws/src/ros2_arctos_HCMUT/install/serial:/home/nguyen/ros2_ws/install/gazebo_ros2_control:/home/nguyen/ros2_ws/src/ros2_arctos_HCMUT/install/v4l2_camera:/home/nguyen/ros2_ws/src/ros2_arctos_HCMUT/install/arctos_bringup:/home/nguyen/ros2_ws/src/ros2_arctos_HCMUT/install/arctos_hardware_interface:/home/nguyen/ros2_ws/src/ros2_arctos_HCMUT/install/arctos_motor_driver:/home/nguyen/ros2_ws/src/ros2_arctos_HCMUT/install/gazebo_ros2_control:/home/nguyen/ros2_ws/src/ros2_arctos_HCMUT/install/arctos_moveit_config:/home/nguyen/ros2_ws/src/ros2_arctos_HCMUT/install/arctos_description:/home/nguyen/ros2_ws_1/install/v4l2_camera:/home/nguyen/ros2_ws_1/install/arctos_system_tests:/home/nguyen/ros2_ws_1/install/arctos_moveit_config:/home/nguyen/ros2_ws_1/install/arctos_motor_driver:/home/nguyen/ros2_ws_1/install/arctos_gazebo:/home/nguyen/ros2_ws_1/install/arctos_description:/home/nguyen/ros2_ws_1/install/arctos_camera:/home/nguyen/ros2_ws_1/install/arctos_bringup:/home/nguyen/ros2_ws/install/v4l2_camera:/home/nguyen/ros2_ws/install/arctos_bringup:/home/nguyen/ros2_ws/install/arctos_hardware_interface:/home/nguyen/ros2_ws/install/arctos_motor_driver:/home/nguyen/ros2_ws/install/serial:/home/nguyen/ros2_ws/install/arctos_moveit_config:/home/nguyen/ros2_ws/install/arctos_description:/home/nguyen/ros2_ws_1/install/gazebo_simulation:/opt/ros/humble /usr/bin/cmake --build /home/nguyen/ros2_ws/src/ros2_arctos_HCMUT/build/arctos_motor_driver -- -j12 -l12
[1.612s] DEBUG:colcon.colcon_core.event_handler.log_command:Invoking command in '/home/nguyen/ros2_ws/src/ros2_arctos_HCMUT/build/arctos_motor_driver': CMAKE_PREFIX_PATH=/home/nguyen/ros2_ws/src/ros2_arctos_HCMUT/install/serial:/home/nguyen/ros2_ws/install/gazebo_ros2_control:/home/nguyen/ros2_ws/src/ros2_arctos_HCMUT/install/v4l2_camera:/home/nguyen/ros2_ws/src/ros2_arctos_HCMUT/install/arctos_bringup:/home/nguyen/ros2_ws/src/ros2_arctos_HCMUT/install/arctos_hardware_interface:/home/nguyen/ros2_ws/src/ros2_arctos_HCMUT/install/arctos_motor_driver:/home/nguyen/ros2_ws/src/ros2_arctos_HCMUT/install/gazebo_ros2_control:/home/nguyen/ros2_ws/src/ros2_arctos_HCMUT/install/arctos_moveit_config:/home/nguyen/ros2_ws/src/ros2_arctos_HCMUT/install/arctos_description:/home/nguyen/ros2_ws_1/install/v4l2_camera:/home/nguyen/ros2_ws_1/install/arctos_system_tests:/home/nguyen/ros2_ws_1/install/arctos_moveit_config:/home/nguyen/ros2_ws_1/install/arctos_motor_driver:/home/nguyen/ros2_ws_1/install/arctos_gazebo:/home/nguyen/ros2_ws_1/install/arctos_description:/home/nguyen/ros2_ws_1/install/arctos_camera:/home/nguyen/ros2_ws_1/install/arctos_bringup:/home/nguyen/ros2_ws/install/v4l2_camera:/home/nguyen/ros2_ws/install/arctos_bringup:/home/nguyen/ros2_ws/install/arctos_hardware_interface:/home/nguyen/ros2_ws/install/arctos_motor_driver:/home/nguyen/ros2_ws/install/serial:/home/nguyen/ros2_ws/install/arctos_moveit_config:/home/nguyen/ros2_ws/install/arctos_description:/home/nguyen/ros2_ws_1/install/gazebo_simulation:/opt/ros/humble /usr/bin/cmake --install /home/nguyen/ros2_ws/src/ros2_arctos_HCMUT/build/arctos_motor_driver
[1.643s] Level 1:colcon.colcon_core.environment:create_environment_scripts_only(arctos_motor_driver)
[1.644s] Level 1:colcon.colcon_core.environment:checking '/home/nguyen/ros2_ws/src/ros2_arctos_HCMUT/install/arctos_motor_driver' for CMake module files
[1.644s] DEBUG:colcon.colcon_core.event_handler.log_command:Invoked command in '/home/nguyen/ros2_ws/src/ros2_arctos_HCMUT/build/arctos_motor_driver' returned '0': CMAKE_PREFIX_PATH=/home/nguyen/ros2_ws/src/ros2_arctos_HCMUT/install/serial:/home/nguyen/ros2_ws/install/gazebo_ros2_control:/home/nguyen/ros2_ws/src/ros2_arctos_HCMUT/install/v4l2_camera:/home/nguyen/ros2_ws/src/ros2_arctos_HCMUT/install/arctos_bringup:/home/nguyen/ros2_ws/src/ros2_arctos_HCMUT/install/arctos_hardware_interface:/home/nguyen/ros2_ws/src/ros2_arctos_HCMUT/install/arctos_motor_driver:/home/nguyen/ros2_ws/src/ros2_arctos_HCMUT/install/gazebo_ros2_control:/home/nguyen/ros2_ws/src/ros2_arctos_HCMUT/install/arctos_moveit_config:/home/nguyen/ros2_ws/src/ros2_arctos_HCMUT/install/arctos_description:/home/nguyen/ros2_ws_1/install/v4l2_camera:/home/nguyen/ros2_ws_1/install/arctos_system_tests:/home/nguyen/ros2_ws_1/install/arctos_moveit_config:/home/nguyen/ros2_ws_1/install/arctos_motor_driver:/home/nguyen/ros2_ws_1/install/arctos_gazebo:/home/nguyen/ros2_ws_1/install/arctos_description:/home/nguyen/ros2_ws_1/install/arctos_camera:/home/nguyen/ros2_ws_1/install/arctos_bringup:/home/nguyen/ros2_ws/install/v4l2_camera:/home/nguyen/ros2_ws/install/arctos_bringup:/home/nguyen/ros2_ws/install/arctos_hardware_interface:/home/nguyen/ros2_ws/install/arctos_motor_driver:/home/nguyen/ros2_ws/install/serial:/home/nguyen/ros2_ws/install/arctos_moveit_config:/home/nguyen/ros2_ws/install/arctos_description:/home/nguyen/ros2_ws_1/install/gazebo_simulation:/opt/ros/humble /usr/bin/cmake --install /home/nguyen/ros2_ws/src/ros2_arctos_HCMUT/build/arctos_motor_driver
[1.645s] Level 1:colcon.colcon_core.environment:checking '/home/nguyen/ros2_ws/src/ros2_arctos_HCMUT/install/arctos_motor_driver' for CMake config files
[1.645s] Level 1:colcon.colcon_core.shell:create_environment_hook('arctos_motor_driver', 'cmake_prefix_path')
[1.645s] INFO:colcon.colcon_core.shell:Creating environment hook '/home/nguyen/ros2_ws/src/ros2_arctos_HCMUT/install/arctos_motor_driver/share/arctos_motor_driver/hook/cmake_prefix_path.ps1'
[1.645s] INFO:colcon.colcon_core.shell:Creating environment descriptor '/home/nguyen/ros2_ws/src/ros2_arctos_HCMUT/install/arctos_motor_driver/share/arctos_motor_driver/hook/cmake_prefix_path.dsv'
[1.646s] INFO:colcon.colcon_core.shell:Creating environment hook '/home/nguyen/ros2_ws/src/ros2_arctos_HCMUT/install/arctos_motor_driver/share/arctos_motor_driver/hook/cmake_prefix_path.sh'
[1.646s] Level 1:colcon.colcon_core.environment:checking '/home/nguyen/ros2_ws/src/ros2_arctos_HCMUT/install/arctos_motor_driver/lib'
[1.646s] Level 1:colcon.colcon_core.shell:create_environment_hook('arctos_motor_driver', 'ld_library_path_lib')
[1.646s] INFO:colcon.colcon_core.shell:Creating environment hook '/home/nguyen/ros2_ws/src/ros2_arctos_HCMUT/install/arctos_motor_driver/share/arctos_motor_driver/hook/ld_library_path_lib.ps1'
[1.647s] INFO:colcon.colcon_core.shell:Creating environment descriptor '/home/nguyen/ros2_ws/src/ros2_arctos_HCMUT/install/arctos_motor_driver/share/arctos_motor_driver/hook/ld_library_path_lib.dsv'
[1.647s] INFO:colcon.colcon_core.shell:Creating environment hook '/home/nguyen/ros2_ws/src/ros2_arctos_HCMUT/install/arctos_motor_driver/share/arctos_motor_driver/hook/ld_library_path_lib.sh'
[1.647s] Level 1:colcon.colcon_core.environment:checking '/home/nguyen/ros2_ws/src/ros2_arctos_HCMUT/install/arctos_motor_driver/bin'
[1.648s] Level 1:colcon.colcon_core.environment:checking '/home/nguyen/ros2_ws/src/ros2_arctos_HCMUT/install/arctos_motor_driver/lib/pkgconfig/arctos_motor_driver.pc'
[1.648s] Level 1:colcon.colcon_core.environment:checking '/home/nguyen/ros2_ws/src/ros2_arctos_HCMUT/install/arctos_motor_driver/lib/python3.10/site-packages'
[1.648s] Level 1:colcon.colcon_core.environment:checking '/home/nguyen/ros2_ws/src/ros2_arctos_HCMUT/install/arctos_motor_driver/bin'
[1.648s] INFO:colcon.colcon_core.shell:Creating package script '/home/nguyen/ros2_ws/src/ros2_arctos_HCMUT/install/arctos_motor_driver/share/arctos_motor_driver/package.ps1'
[1.649s] INFO:colcon.colcon_core.shell:Creating package descriptor '/home/nguyen/ros2_ws/src/ros2_arctos_HCMUT/install/arctos_motor_driver/share/arctos_motor_driver/package.dsv'
[1.649s] INFO:colcon.colcon_core.shell:Creating package script '/home/nguyen/ros2_ws/src/ros2_arctos_HCMUT/install/arctos_motor_driver/share/arctos_motor_driver/package.sh'
[1.650s] INFO:colcon.colcon_core.shell:Creating package script '/home/nguyen/ros2_ws/src/ros2_arctos_HCMUT/install/arctos_motor_driver/share/arctos_motor_driver/package.bash'
[1.650s] INFO:colcon.colcon_core.shell:Creating package script '/home/nguyen/ros2_ws/src/ros2_arctos_HCMUT/install/arctos_motor_driver/share/arctos_motor_driver/package.zsh'
[1.650s] Level 1:colcon.colcon_core.environment:create_file_with_runtime_dependencies(/home/nguyen/ros2_ws/src/ros2_arctos_HCMUT/install/arctos_motor_driver/share/colcon-core/packages/arctos_motor_driver)
[1.651s] Level 1:colcon.colcon_core.environment:create_environment_scripts_only(arctos_motor_driver)
[1.651s] Level 1:colcon.colcon_core.environment:checking '/home/nguyen/ros2_ws/src/ros2_arctos_HCMUT/install/arctos_motor_driver' for CMake module files
[1.651s] Level 1:colcon.colcon_core.environment:checking '/home/nguyen/ros2_ws/src/ros2_arctos_HCMUT/install/arctos_motor_driver' for CMake config files
[1.651s] Level 1:colcon.colcon_core.shell:create_environment_hook('arctos_motor_driver', 'cmake_prefix_path')
[1.652s] INFO:colcon.colcon_core.shell:Creating environment hook '/home/nguyen/ros2_ws/src/ros2_arctos_HCMUT/install/arctos_motor_driver/share/arctos_motor_driver/hook/cmake_prefix_path.ps1'
[1.652s] INFO:colcon.colcon_core.shell:Creating environment descriptor '/home/nguyen/ros2_ws/src/ros2_arctos_HCMUT/install/arctos_motor_driver/share/arctos_motor_driver/hook/cmake_prefix_path.dsv'
[1.652s] INFO:colcon.colcon_core.shell:Creating environment hook '/home/nguyen/ros2_ws/src/ros2_arctos_HCMUT/install/arctos_motor_driver/share/arctos_motor_driver/hook/cmake_prefix_path.sh'
[1.653s] Level 1:colcon.colcon_core.environment:checking '/home/nguyen/ros2_ws/src/ros2_arctos_HCMUT/install/arctos_motor_driver/lib'
[1.653s] Level 1:colcon.colcon_core.shell:create_environment_hook('arctos_motor_driver', 'ld_library_path_lib')
[1.653s] INFO:colcon.colcon_core.shell:Creating environment hook '/home/nguyen/ros2_ws/src/ros2_arctos_HCMUT/install/arctos_motor_driver/share/arctos_motor_driver/hook/ld_library_path_lib.ps1'
[1.653s] INFO:colcon.colcon_core.shell:Creating environment descriptor '/home/nguyen/ros2_ws/src/ros2_arctos_HCMUT/install/arctos_motor_driver/share/arctos_motor_driver/hook/ld_library_path_lib.dsv'
[1.654s] INFO:colcon.colcon_core.shell:Creating environment hook '/home/nguyen/ros2_ws/src/ros2_arctos_HCMUT/install/arctos_motor_driver/share/arctos_motor_driver/hook/ld_library_path_lib.sh'
[1.654s] Level 1:colcon.colcon_core.environment:checking '/home/nguyen/ros2_ws/src/ros2_arctos_HCMUT/install/arctos_motor_driver/bin'
[1.654s] Level 1:colcon.colcon_core.environment:checking '/home/nguyen/ros2_ws/src/ros2_arctos_HCMUT/install/arctos_motor_driver/lib/pkgconfig/arctos_motor_driver.pc'
[1.654s] Level 1:colcon.colcon_core.environment:checking '/home/nguyen/ros2_ws/src/ros2_arctos_HCMUT/install/arctos_motor_driver/lib/python3.10/site-packages'
[1.654s] Level 1:colcon.colcon_core.environment:checking '/home/nguyen/ros2_ws/src/ros2_arctos_HCMUT/install/arctos_motor_driver/bin'
[1.655s] INFO:colcon.colcon_core.shell:Creating package script '/home/nguyen/ros2_ws/src/ros2_arctos_HCMUT/install/arctos_motor_driver/share/arctos_motor_driver/package.ps1'
[1.655s] INFO:colcon.colcon_core.shell:Creating package descriptor '/home/nguyen/ros2_ws/src/ros2_arctos_HCMUT/install/arctos_motor_driver/share/arctos_motor_driver/package.dsv'
[1.656s] INFO:colcon.colcon_core.shell:Creating package script '/home/nguyen/ros2_ws/src/ros2_arctos_HCMUT/install/arctos_motor_driver/share/arctos_motor_driver/package.sh'
[1.656s] INFO:colcon.colcon_core.shell:Creating package script '/home/nguyen/ros2_ws/src/ros2_arctos_HCMUT/install/arctos_motor_driver/share/arctos_motor_driver/package.bash'
[1.656s] INFO:colcon.colcon_core.shell:Creating package script '/home/nguyen/ros2_ws/src/ros2_arctos_HCMUT/install/arctos_motor_driver/share/arctos_motor_driver/package.zsh'
[1.657s] Level 1:colcon.colcon_core.environment:create_file_with_runtime_dependencies(/home/nguyen/ros2_ws/src/ros2_arctos_HCMUT/install/arctos_motor_driver/share/colcon-core/packages/arctos_motor_driver)
[1.657s] INFO:colcon.colcon_ros.task.ament_cmake.build:Building ROS package in '/home/nguyen/ros2_ws/src/ros2_arctos_HCMUT/arctos_hardware_interface' with build type 'ament_cmake'
[1.657s] INFO:colcon.colcon_cmake.task.cmake.build:Building CMake package in '/home/nguyen/ros2_ws/src/ros2_arctos_HCMUT/arctos_hardware_interface'
[1.657s] INFO:colcon.colcon_core.shell:Skip shell extension 'powershell' for command environment: Not usable outside of PowerShell
[1.657s] DEBUG:colcon.colcon_core.shell:Skip shell extension 'dsv' for command environment
[1.676s] DEBUG:colcon.colcon_core.event_handler.log_command:Invoking command in '/home/nguyen/ros2_ws/src/ros2_arctos_HCMUT/build/arctos_hardware_interface': CMAKE_PREFIX_PATH=/home/nguyen/ros2_ws/src/ros2_arctos_HCMUT/install/arctos_motor_driver:/home/nguyen/ros2_ws/src/ros2_arctos_HCMUT/install/serial:/home/nguyen/ros2_ws/install/gazebo_ros2_control:/home/nguyen/ros2_ws/src/ros2_arctos_HCMUT/install/v4l2_camera:/home/nguyen/ros2_ws/src/ros2_arctos_HCMUT/install/arctos_bringup:/home/nguyen/ros2_ws/src/ros2_arctos_HCMUT/install/arctos_hardware_interface:/home/nguyen/ros2_ws/src/ros2_arctos_HCMUT/install/gazebo_ros2_control:/home/nguyen/ros2_ws/src/ros2_arctos_HCMUT/install/arctos_moveit_config:/home/nguyen/ros2_ws/src/ros2_arctos_HCMUT/install/arctos_description:/home/nguyen/ros2_ws_1/install/v4l2_camera:/home/nguyen/ros2_ws_1/install/arctos_system_tests:/home/nguyen/ros2_ws_1/install/arctos_moveit_config:/home/nguyen/ros2_ws_1/install/arctos_motor_driver:/home/nguyen/ros2_ws_1/install/arctos_gazebo:/home/nguyen/ros2_ws_1/install/arctos_description:/home/nguyen/ros2_ws_1/install/arctos_camera:/home/nguyen/ros2_ws_1/install/arctos_bringup:/home/nguyen/ros2_ws/install/v4l2_camera:/home/nguyen/ros2_ws/install/arctos_bringup:/home/nguyen/ros2_ws/install/arctos_hardware_interface:/home/nguyen/ros2_ws/install/arctos_motor_driver:/home/nguyen/ros2_ws/install/serial:/home/nguyen/ros2_ws/install/arctos_moveit_config:/home/nguyen/ros2_ws/install/arctos_description:/home/nguyen/ros2_ws_1/install/gazebo_simulation:/opt/ros/humble LD_LIBRARY_PATH=/home/nguyen/ros2_ws/src/ros2_arctos_HCMUT/install/arctos_motor_driver/lib:/home/nguyen/ros2_ws/src/ros2_arctos_HCMUT/install/v4l2_camera/lib:/home/nguyen/ros2_ws/src/ros2_arctos_HCMUT/install/arctos_hardware_interface/lib:/home/nguyen/ros2_ws/src/ros2_arctos_HCMUT/install/serial/lib:/home/nguyen/ros2_ws_1/install/v4l2_camera/lib:/home/nguyen/ros2_ws/install/v4l2_camera/lib:/home/nguyen/ros2_ws/install/arctos_hardware_interface/lib:/home/nguyen/ros2_ws/install/arctos_motor_driver/lib:/home/nguyen/ros2_ws/install/serial/lib:/opt/ros/humble/opt/rviz_ogre_vendor/lib:/opt/ros/humble/lib/x86_64-linux-gnu:/opt/ros/humble/lib /usr/bin/cmake /home/nguyen/ros2_ws/src/ros2_arctos_HCMUT/arctos_hardware_interface -DAMENT_CMAKE_SYMLINK_INSTALL=1 -DCMAKE_INSTALL_PREFIX=/home/nguyen/ros2_ws/src/ros2_arctos_HCMUT/install/arctos_hardware_interface
[2.434s] DEBUG:colcon.colcon_core.event_handler.log_command:Invoked command in '/home/nguyen/ros2_ws/src/ros2_arctos_HCMUT/build/arctos_hardware_interface' returned '0': CMAKE_PREFIX_PATH=/home/nguyen/ros2_ws/src/ros2_arctos_HCMUT/install/arctos_motor_driver:/home/nguyen/ros2_ws/src/ros2_arctos_HCMUT/install/serial:/home/nguyen/ros2_ws/install/gazebo_ros2_control:/home/nguyen/ros2_ws/src/ros2_arctos_HCMUT/install/v4l2_camera:/home/nguyen/ros2_ws/src/ros2_arctos_HCMUT/install/arctos_bringup:/home/nguyen/ros2_ws/src/ros2_arctos_HCMUT/install/arctos_hardware_interface:/home/nguyen/ros2_ws/src/ros2_arctos_HCMUT/install/gazebo_ros2_control:/home/nguyen/ros2_ws/src/ros2_arctos_HCMUT/install/arctos_moveit_config:/home/nguyen/ros2_ws/src/ros2_arctos_HCMUT/install/arctos_description:/home/nguyen/ros2_ws_1/install/v4l2_camera:/home/nguyen/ros2_ws_1/install/arctos_system_tests:/home/nguyen/ros2_ws_1/install/arctos_moveit_config:/home/nguyen/ros2_ws_1/install/arctos_motor_driver:/home/nguyen/ros2_ws_1/install/arctos_gazebo:/home/nguyen/ros2_ws_1/install/arctos_description:/home/nguyen/ros2_ws_1/install/arctos_camera:/home/nguyen/ros2_ws_1/install/arctos_bringup:/home/nguyen/ros2_ws/install/v4l2_camera:/home/nguyen/ros2_ws/install/arctos_bringup:/home/nguyen/ros2_ws/install/arctos_hardware_interface:/home/nguyen/ros2_ws/install/arctos_motor_driver:/home/nguyen/ros2_ws/install/serial:/home/nguyen/ros2_ws/install/arctos_moveit_config:/home/nguyen/ros2_ws/install/arctos_description:/home/nguyen/ros2_ws_1/install/gazebo_simulation:/opt/ros/humble LD_LIBRARY_PATH=/home/nguyen/ros2_ws/src/ros2_arctos_HCMUT/install/arctos_motor_driver/lib:/home/nguyen/ros2_ws/src/ros2_arctos_HCMUT/install/v4l2_camera/lib:/home/nguyen/ros2_ws/src/ros2_arctos_HCMUT/install/arctos_hardware_interface/lib:/home/nguyen/ros2_ws/src/ros2_arctos_HCMUT/install/serial/lib:/home/nguyen/ros2_ws_1/install/v4l2_camera/lib:/home/nguyen/ros2_ws/install/v4l2_camera/lib:/home/nguyen/ros2_ws/install/arctos_hardware_interface/lib:/home/nguyen/ros2_ws/install/arctos_motor_driver/lib:/home/nguyen/ros2_ws/install/serial/lib:/opt/ros/humble/opt/rviz_ogre_vendor/lib:/opt/ros/humble/lib/x86_64-linux-gnu:/opt/ros/humble/lib /usr/bin/cmake /home/nguyen/ros2_ws/src/ros2_arctos_HCMUT/arctos_hardware_interface -DAMENT_CMAKE_SYMLINK_INSTALL=1 -DCMAKE_INSTALL_PREFIX=/home/nguyen/ros2_ws/src/ros2_arctos_HCMUT/install/arctos_hardware_interface
[2.436s] DEBUG:colcon.colcon_core.event_handler.log_command:Invoking command in '/home/nguyen/ros2_ws/src/ros2_arctos_HCMUT/build/arctos_hardware_interface': CMAKE_PREFIX_PATH=/home/nguyen/ros2_ws/src/ros2_arctos_HCMUT/install/arctos_motor_driver:/home/nguyen/ros2_ws/src/ros2_arctos_HCMUT/install/serial:/home/nguyen/ros2_ws/install/gazebo_ros2_control:/home/nguyen/ros2_ws/src/ros2_arctos_HCMUT/install/v4l2_camera:/home/nguyen/ros2_ws/src/ros2_arctos_HCMUT/install/arctos_bringup:/home/nguyen/ros2_ws/src/ros2_arctos_HCMUT/install/arctos_hardware_interface:/home/nguyen/ros2_ws/src/ros2_arctos_HCMUT/install/gazebo_ros2_control:/home/nguyen/ros2_ws/src/ros2_arctos_HCMUT/install/arctos_moveit_config:/home/nguyen/ros2_ws/src/ros2_arctos_HCMUT/install/arctos_description:/home/nguyen/ros2_ws_1/install/v4l2_camera:/home/nguyen/ros2_ws_1/install/arctos_system_tests:/home/nguyen/ros2_ws_1/install/arctos_moveit_config:/home/nguyen/ros2_ws_1/install/arctos_motor_driver:/home/nguyen/ros2_ws_1/install/arctos_gazebo:/home/nguyen/ros2_ws_1/install/arctos_description:/home/nguyen/ros2_ws_1/install/arctos_camera:/home/nguyen/ros2_ws_1/install/arctos_bringup:/home/nguyen/ros2_ws/install/v4l2_camera:/home/nguyen/ros2_ws/install/arctos_bringup:/home/nguyen/ros2_ws/install/arctos_hardware_interface:/home/nguyen/ros2_ws/install/arctos_motor_driver:/home/nguyen/ros2_ws/install/serial:/home/nguyen/ros2_ws/install/arctos_moveit_config:/home/nguyen/ros2_ws/install/arctos_description:/home/nguyen/ros2_ws_1/install/gazebo_simulation:/opt/ros/humble LD_LIBRARY_PATH=/home/nguyen/ros2_ws/src/ros2_arctos_HCMUT/install/arctos_motor_driver/lib:/home/nguyen/ros2_ws/src/ros2_arctos_HCMUT/install/v4l2_camera/lib:/home/nguyen/ros2_ws/src/ros2_arctos_HCMUT/install/arctos_hardware_interface/lib:/home/nguyen/ros2_ws/src/ros2_arctos_HCMUT/install/serial/lib:/home/nguyen/ros2_ws_1/install/v4l2_camera/lib:/home/nguyen/ros2_ws/install/v4l2_camera/lib:/home/nguyen/ros2_ws/install/arctos_hardware_interface/lib:/home/nguyen/ros2_ws/install/arctos_motor_driver/lib:/home/nguyen/ros2_ws/install/serial/lib:/opt/ros/humble/opt/rviz_ogre_vendor/lib:/opt/ros/humble/lib/x86_64-linux-gnu:/opt/ros/humble/lib /usr/bin/cmake --build /home/nguyen/ros2_ws/src/ros2_arctos_HCMUT/build/arctos_hardware_interface -- -j12 -l12
[2.564s] DEBUG:colcon.colcon_core.event_handler.log_command:Invoked command in '/home/nguyen/ros2_ws/src/ros2_arctos_HCMUT/build/arctos_hardware_interface' returned '0': CMAKE_PREFIX_PATH=/home/nguyen/ros2_ws/src/ros2_arctos_HCMUT/install/arctos_motor_driver:/home/nguyen/ros2_ws/src/ros2_arctos_HCMUT/install/serial:/home/nguyen/ros2_ws/install/gazebo_ros2_control:/home/nguyen/ros2_ws/src/ros2_arctos_HCMUT/install/v4l2_camera:/home/nguyen/ros2_ws/src/ros2_arctos_HCMUT/install/arctos_bringup:/home/nguyen/ros2_ws/src/ros2_arctos_HCMUT/install/arctos_hardware_interface:/home/nguyen/ros2_ws/src/ros2_arctos_HCMUT/install/gazebo_ros2_control:/home/nguyen/ros2_ws/src/ros2_arctos_HCMUT/install/arctos_moveit_config:/home/nguyen/ros2_ws/src/ros2_arctos_HCMUT/install/arctos_description:/home/nguyen/ros2_ws_1/install/v4l2_camera:/home/nguyen/ros2_ws_1/install/arctos_system_tests:/home/nguyen/ros2_ws_1/install/arctos_moveit_config:/home/nguyen/ros2_ws_1/install/arctos_motor_driver:/home/nguyen/ros2_ws_1/install/arctos_gazebo:/home/nguyen/ros2_ws_1/install/arctos_description:/home/nguyen/ros2_ws_1/install/arctos_camera:/home/nguyen/ros2_ws_1/install/arctos_bringup:/home/nguyen/ros2_ws/install/v4l2_camera:/home/nguyen/ros2_ws/install/arctos_bringup:/home/nguyen/ros2_ws/install/arctos_hardware_interface:/home/nguyen/ros2_ws/install/arctos_motor_driver:/home/nguyen/ros2_ws/install/serial:/home/nguyen/ros2_ws/install/arctos_moveit_config:/home/nguyen/ros2_ws/install/arctos_description:/home/nguyen/ros2_ws_1/install/gazebo_simulation:/opt/ros/humble LD_LIBRARY_PATH=/home/nguyen/ros2_ws/src/ros2_arctos_HCMUT/install/arctos_motor_driver/lib:/home/nguyen/ros2_ws/src/ros2_arctos_HCMUT/install/v4l2_camera/lib:/home/nguyen/ros2_ws/src/ros2_arctos_HCMUT/install/arctos_hardware_interface/lib:/home/nguyen/ros2_ws/src/ros2_arctos_HCMUT/install/serial/lib:/home/nguyen/ros2_ws_1/install/v4l2_camera/lib:/home/nguyen/ros2_ws/install/v4l2_camera/lib:/home/nguyen/ros2_ws/install/arctos_hardware_interface/lib:/home/nguyen/ros2_ws/install/arctos_motor_driver/lib:/home/nguyen/ros2_ws/install/serial/lib:/opt/ros/humble/opt/rviz_ogre_vendor/lib:/opt/ros/humble/lib/x86_64-linux-gnu:/opt/ros/humble/lib /usr/bin/cmake --build /home/nguyen/ros2_ws/src/ros2_arctos_HCMUT/build/arctos_hardware_interface -- -j12 -l12
[2.566s] DEBUG:colcon.colcon_core.event_handler.log_command:Invoking command in '/home/nguyen/ros2_ws/src/ros2_arctos_HCMUT/build/arctos_hardware_interface': CMAKE_PREFIX_PATH=/home/nguyen/ros2_ws/src/ros2_arctos_HCMUT/install/arctos_motor_driver:/home/nguyen/ros2_ws/src/ros2_arctos_HCMUT/install/serial:/home/nguyen/ros2_ws/install/gazebo_ros2_control:/home/nguyen/ros2_ws/src/ros2_arctos_HCMUT/install/v4l2_camera:/home/nguyen/ros2_ws/src/ros2_arctos_HCMUT/install/arctos_bringup:/home/nguyen/ros2_ws/src/ros2_arctos_HCMUT/install/arctos_hardware_interface:/home/nguyen/ros2_ws/src/ros2_arctos_HCMUT/install/gazebo_ros2_control:/home/nguyen/ros2_ws/src/ros2_arctos_HCMUT/install/arctos_moveit_config:/home/nguyen/ros2_ws/src/ros2_arctos_HCMUT/install/arctos_description:/home/nguyen/ros2_ws_1/install/v4l2_camera:/home/nguyen/ros2_ws_1/install/arctos_system_tests:/home/nguyen/ros2_ws_1/install/arctos_moveit_config:/home/nguyen/ros2_ws_1/install/arctos_motor_driver:/home/nguyen/ros2_ws_1/install/arctos_gazebo:/home/nguyen/ros2_ws_1/install/arctos_description:/home/nguyen/ros2_ws_1/install/arctos_camera:/home/nguyen/ros2_ws_1/install/arctos_bringup:/home/nguyen/ros2_ws/install/v4l2_camera:/home/nguyen/ros2_ws/install/arctos_bringup:/home/nguyen/ros2_ws/install/arctos_hardware_interface:/home/nguyen/ros2_ws/install/arctos_motor_driver:/home/nguyen/ros2_ws/install/serial:/home/nguyen/ros2_ws/install/arctos_moveit_config:/home/nguyen/ros2_ws/install/arctos_description:/home/nguyen/ros2_ws_1/install/gazebo_simulation:/opt/ros/humble LD_LIBRARY_PATH=/home/nguyen/ros2_ws/src/ros2_arctos_HCMUT/install/arctos_motor_driver/lib:/home/nguyen/ros2_ws/src/ros2_arctos_HCMUT/install/v4l2_camera/lib:/home/nguyen/ros2_ws/src/ros2_arctos_HCMUT/install/arctos_hardware_interface/lib:/home/nguyen/ros2_ws/src/ros2_arctos_HCMUT/install/serial/lib:/home/nguyen/ros2_ws_1/install/v4l2_camera/lib:/home/nguyen/ros2_ws/install/v4l2_camera/lib:/home/nguyen/ros2_ws/install/arctos_hardware_interface/lib:/home/nguyen/ros2_ws/install/arctos_motor_driver/lib:/home/nguyen/ros2_ws/install/serial/lib:/opt/ros/humble/opt/rviz_ogre_vendor/lib:/opt/ros/humble/lib/x86_64-linux-gnu:/opt/ros/humble/lib /usr/bin/cmake --install /home/nguyen/ros2_ws/src/ros2_arctos_HCMUT/build/arctos_hardware_interface
[2.599s] Level 1:colcon.colcon_core.environment:create_environment_scripts_only(arctos_hardware_interface)
[2.600s] Level 1:colcon.colcon_core.environment:checking '/home/nguyen/ros2_ws/src/ros2_arctos_HCMUT/install/arctos_hardware_interface' for CMake module files
[2.600s] DEBUG:colcon.colcon_core.event_handler.log_command:Invoked command in '/home/nguyen/ros2_ws/src/ros2_arctos_HCMUT/build/arctos_hardware_interface' returned '0': CMAKE_PREFIX_PATH=/home/nguyen/ros2_ws/src/ros2_arctos_HCMUT/install/arctos_motor_driver:/home/nguyen/ros2_ws/src/ros2_arctos_HCMUT/install/serial:/home/nguyen/ros2_ws/install/gazebo_ros2_control:/home/nguyen/ros2_ws/src/ros2_arctos_HCMUT/install/v4l2_camera:/home/nguyen/ros2_ws/src/ros2_arctos_HCMUT/install/arctos_bringup:/home/nguyen/ros2_ws/src/ros2_arctos_HCMUT/install/arctos_hardware_interface:/home/nguyen/ros2_ws/src/ros2_arctos_HCMUT/install/gazebo_ros2_control:/home/nguyen/ros2_ws/src/ros2_arctos_HCMUT/install/arctos_moveit_config:/home/nguyen/ros2_ws/src/ros2_arctos_HCMUT/install/arctos_description:/home/nguyen/ros2_ws_1/install/v4l2_camera:/home/nguyen/ros2_ws_1/install/arctos_system_tests:/home/nguyen/ros2_ws_1/install/arctos_moveit_config:/home/nguyen/ros2_ws_1/install/arctos_motor_driver:/home/nguyen/ros2_ws_1/install/arctos_gazebo:/home/nguyen/ros2_ws_1/install/arctos_description:/home/nguyen/ros2_ws_1/install/arctos_camera:/home/nguyen/ros2_ws_1/install/arctos_bringup:/home/nguyen/ros2_ws/install/v4l2_camera:/home/nguyen/ros2_ws/install/arctos_bringup:/home/nguyen/ros2_ws/install/arctos_hardware_interface:/home/nguyen/ros2_ws/install/arctos_motor_driver:/home/nguyen/ros2_ws/install/serial:/home/nguyen/ros2_ws/install/arctos_moveit_config:/home/nguyen/ros2_ws/install/arctos_description:/home/nguyen/ros2_ws_1/install/gazebo_simulation:/opt/ros/humble LD_LIBRARY_PATH=/home/nguyen/ros2_ws/src/ros2_arctos_HCMUT/install/arctos_motor_driver/lib:/home/nguyen/ros2_ws/src/ros2_arctos_HCMUT/install/v4l2_camera/lib:/home/nguyen/ros2_ws/src/ros2_arctos_HCMUT/install/arctos_hardware_interface/lib:/home/nguyen/ros2_ws/src/ros2_arctos_HCMUT/install/serial/lib:/home/nguyen/ros2_ws_1/install/v4l2_camera/lib:/home/nguyen/ros2_ws/install/v4l2_camera/lib:/home/nguyen/ros2_ws/install/arctos_hardware_interface/lib:/home/nguyen/ros2_ws/install/arctos_motor_driver/lib:/home/nguyen/ros2_ws/install/serial/lib:/opt/ros/humble/opt/rviz_ogre_vendor/lib:/opt/ros/humble/lib/x86_64-linux-gnu:/opt/ros/humble/lib /usr/bin/cmake --install /home/nguyen/ros2_ws/src/ros2_arctos_HCMUT/build/arctos_hardware_interface
[2.601s] Level 1:colcon.colcon_core.environment:checking '/home/nguyen/ros2_ws/src/ros2_arctos_HCMUT/install/arctos_hardware_interface' for CMake config files
[2.602s] Level 1:colcon.colcon_core.shell:create_environment_hook('arctos_hardware_interface', 'cmake_prefix_path')
[2.602s] INFO:colcon.colcon_core.shell:Creating environment hook '/home/nguyen/ros2_ws/src/ros2_arctos_HCMUT/install/arctos_hardware_interface/share/arctos_hardware_interface/hook/cmake_prefix_path.ps1'
[2.602s] INFO:colcon.colcon_core.shell:Creating environment descriptor '/home/nguyen/ros2_ws/src/ros2_arctos_HCMUT/install/arctos_hardware_interface/share/arctos_hardware_interface/hook/cmake_prefix_path.dsv'
[2.603s] INFO:colcon.colcon_core.shell:Creating environment hook '/home/nguyen/ros2_ws/src/ros2_arctos_HCMUT/install/arctos_hardware_interface/share/arctos_hardware_interface/hook/cmake_prefix_path.sh'
[2.603s] Level 1:colcon.colcon_core.environment:checking '/home/nguyen/ros2_ws/src/ros2_arctos_HCMUT/install/arctos_hardware_interface/lib'
[2.604s] Level 1:colcon.colcon_core.shell:create_environment_hook('arctos_hardware_interface', 'ld_library_path_lib')
[2.604s] INFO:colcon.colcon_core.shell:Creating environment hook '/home/nguyen/ros2_ws/src/ros2_arctos_HCMUT/install/arctos_hardware_interface/share/arctos_hardware_interface/hook/ld_library_path_lib.ps1'
[2.604s] INFO:colcon.colcon_core.shell:Creating environment descriptor '/home/nguyen/ros2_ws/src/ros2_arctos_HCMUT/install/arctos_hardware_interface/share/arctos_hardware_interface/hook/ld_library_path_lib.dsv'
[2.605s] INFO:colcon.colcon_core.shell:Creating environment hook '/home/nguyen/ros2_ws/src/ros2_arctos_HCMUT/install/arctos_hardware_interface/share/arctos_hardware_interface/hook/ld_library_path_lib.sh'
[2.605s] Level 1:colcon.colcon_core.environment:checking '/home/nguyen/ros2_ws/src/ros2_arctos_HCMUT/install/arctos_hardware_interface/bin'
[2.605s] Level 1:colcon.colcon_core.environment:checking '/home/nguyen/ros2_ws/src/ros2_arctos_HCMUT/install/arctos_hardware_interface/lib/pkgconfig/arctos_hardware_interface.pc'
[2.605s] Level 1:colcon.colcon_core.environment:checking '/home/nguyen/ros2_ws/src/ros2_arctos_HCMUT/install/arctos_hardware_interface/lib/python3.10/site-packages'
[2.606s] Level 1:colcon.colcon_core.environment:checking '/home/nguyen/ros2_ws/src/ros2_arctos_HCMUT/install/arctos_hardware_interface/bin'
[2.606s] INFO:colcon.colcon_core.shell:Creating package script '/home/nguyen/ros2_ws/src/ros2_arctos_HCMUT/install/arctos_hardware_interface/share/arctos_hardware_interface/package.ps1'
[2.607s] INFO:colcon.colcon_core.shell:Creating package descriptor '/home/nguyen/ros2_ws/src/ros2_arctos_HCMUT/install/arctos_hardware_interface/share/arctos_hardware_interface/package.dsv'
[2.607s] INFO:colcon.colcon_core.shell:Creating package script '/home/nguyen/ros2_ws/src/ros2_arctos_HCMUT/install/arctos_hardware_interface/share/arctos_hardware_interface/package.sh'
[2.608s] INFO:colcon.colcon_core.shell:Creating package script '/home/nguyen/ros2_ws/src/ros2_arctos_HCMUT/install/arctos_hardware_interface/share/arctos_hardware_interface/package.bash'
[2.608s] INFO:colcon.colcon_core.shell:Creating package script '/home/nguyen/ros2_ws/src/ros2_arctos_HCMUT/install/arctos_hardware_interface/share/arctos_hardware_interface/package.zsh'
[2.609s] Level 1:colcon.colcon_core.environment:create_file_with_runtime_dependencies(/home/nguyen/ros2_ws/src/ros2_arctos_HCMUT/install/arctos_hardware_interface/share/colcon-core/packages/arctos_hardware_interface)
[2.609s] Level 1:colcon.colcon_core.environment:create_environment_scripts_only(arctos_hardware_interface)
[2.610s] Level 1:colcon.colcon_core.environment:checking '/home/nguyen/ros2_ws/src/ros2_arctos_HCMUT/install/arctos_hardware_interface' for CMake module files
[2.610s] Level 1:colcon.colcon_core.environment:checking '/home/nguyen/ros2_ws/src/ros2_arctos_HCMUT/install/arctos_hardware_interface' for CMake config files
[2.611s] Level 1:colcon.colcon_core.shell:create_environment_hook('arctos_hardware_interface', 'cmake_prefix_path')
[2.611s] INFO:colcon.colcon_core.shell:Creating environment hook '/home/nguyen/ros2_ws/src/ros2_arctos_HCMUT/install/arctos_hardware_interface/share/arctos_hardware_interface/hook/cmake_prefix_path.ps1'
[2.611s] INFO:colcon.colcon_core.shell:Creating environment descriptor '/home/nguyen/ros2_ws/src/ros2_arctos_HCMUT/install/arctos_hardware_interface/share/arctos_hardware_interface/hook/cmake_prefix_path.dsv'
[2.612s] INFO:colcon.colcon_core.shell:Creating environment hook '/home/nguyen/ros2_ws/src/ros2_arctos_HCMUT/install/arctos_hardware_interface/share/arctos_hardware_interface/hook/cmake_prefix_path.sh'
[2.612s] Level 1:colcon.colcon_core.environment:checking '/home/nguyen/ros2_ws/src/ros2_arctos_HCMUT/install/arctos_hardware_interface/lib'
[2.612s] Level 1:colcon.colcon_core.shell:create_environment_hook('arctos_hardware_interface', 'ld_library_path_lib')
[2.612s] INFO:colcon.colcon_core.shell:Creating environment hook '/home/nguyen/ros2_ws/src/ros2_arctos_HCMUT/install/arctos_hardware_interface/share/arctos_hardware_interface/hook/ld_library_path_lib.ps1'
[2.613s] INFO:colcon.colcon_core.shell:Creating environment descriptor '/home/nguyen/ros2_ws/src/ros2_arctos_HCMUT/install/arctos_hardware_interface/share/arctos_hardware_interface/hook/ld_library_path_lib.dsv'
[2.613s] INFO:colcon.colcon_core.shell:Creating environment hook '/home/nguyen/ros2_ws/src/ros2_arctos_HCMUT/install/arctos_hardware_interface/share/arctos_hardware_interface/hook/ld_library_path_lib.sh'
[2.614s] Level 1:colcon.colcon_core.environment:checking '/home/nguyen/ros2_ws/src/ros2_arctos_HCMUT/install/arctos_hardware_interface/bin'
[2.614s] Level 1:colcon.colcon_core.environment:checking '/home/nguyen/ros2_ws/src/ros2_arctos_HCMUT/install/arctos_hardware_interface/lib/pkgconfig/arctos_hardware_interface.pc'
[2.614s] Level 1:colcon.colcon_core.environment:checking '/home/nguyen/ros2_ws/src/ros2_arctos_HCMUT/install/arctos_hardware_interface/lib/python3.10/site-packages'
[2.614s] Level 1:colcon.colcon_core.environment:checking '/home/nguyen/ros2_ws/src/ros2_arctos_HCMUT/install/arctos_hardware_interface/bin'
[2.614s] INFO:colcon.colcon_core.shell:Creating package script '/home/nguyen/ros2_ws/src/ros2_arctos_HCMUT/install/arctos_hardware_interface/share/arctos_hardware_interface/package.ps1'
[2.615s] INFO:colcon.colcon_core.shell:Creating package descriptor '/home/nguyen/ros2_ws/src/ros2_arctos_HCMUT/install/arctos_hardware_interface/share/arctos_hardware_interface/package.dsv'
[2.616s] INFO:colcon.colcon_core.shell:Creating package script '/home/nguyen/ros2_ws/src/ros2_arctos_HCMUT/install/arctos_hardware_interface/share/arctos_hardware_interface/package.sh'
[2.616s] INFO:colcon.colcon_core.shell:Creating package script '/home/nguyen/ros2_ws/src/ros2_arctos_HCMUT/install/arctos_hardware_interface/share/arctos_hardware_interface/package.bash'
[2.616s] INFO:colcon.colcon_core.shell:Creating package script '/home/nguyen/ros2_ws/src/ros2_arctos_HCMUT/install/arctos_hardware_interface/share/arctos_hardware_interface/package.zsh'
[2.617s] Level 1:colcon.colcon_core.environment:create_file_with_runtime_dependencies(/home/nguyen/ros2_ws/src/ros2_arctos_HCMUT/install/arctos_hardware_interface/share/colcon-core/packages/arctos_hardware_interface)
[2.617s] INFO:colcon.colcon_cmake.task.cmake.build:Building CMake package in '/home/nguyen/ros2_ws/src/ros2_arctos_HCMUT/arctos_bringup'
[2.617s] INFO:colcon.colcon_core.shell:Skip shell extension 'powershell' for command environment: Not usable outside of PowerShell
[2.618s] DEBUG:colcon.colcon_core.shell:Skip shell extension 'dsv' for command environment
[2.642s] DEBUG:colcon.colcon_core.event_handler.log_command:Invoking command in '/home/nguyen/ros2_ws/src/ros2_arctos_HCMUT/build/arctos_bringup': CMAKE_PREFIX_PATH=/home/nguyen/ros2_ws/src/ros2_arctos_HCMUT/install/arctos_hardware_interface:/home/nguyen/ros2_ws/src/ros2_arctos_HCMUT/install/arctos_moveit_config:/home/nguyen/ros2_ws/src/ros2_arctos_HCMUT/install/arctos_motor_driver:/home/nguyen/ros2_ws/src/ros2_arctos_HCMUT/install/serial:/home/nguyen/ros2_ws/src/ros2_arctos_HCMUT/install/arctos_description:/home/nguyen/ros2_ws/install/gazebo_ros2_control:/home/nguyen/ros2_ws/src/ros2_arctos_HCMUT/install/v4l2_camera:/home/nguyen/ros2_ws/src/ros2_arctos_HCMUT/install/arctos_bringup:/home/nguyen/ros2_ws/src/ros2_arctos_HCMUT/install/gazebo_ros2_control:/home/nguyen/ros2_ws_1/install/v4l2_camera:/home/nguyen/ros2_ws_1/install/arctos_system_tests:/home/nguyen/ros2_ws_1/install/arctos_moveit_config:/home/nguyen/ros2_ws_1/install/arctos_motor_driver:/home/nguyen/ros2_ws_1/install/arctos_gazebo:/home/nguyen/ros2_ws_1/install/arctos_description:/home/nguyen/ros2_ws_1/install/arctos_camera:/home/nguyen/ros2_ws_1/install/arctos_bringup:/home/nguyen/ros2_ws/install/v4l2_camera:/home/nguyen/ros2_ws/install/arctos_bringup:/home/nguyen/ros2_ws/install/arctos_hardware_interface:/home/nguyen/ros2_ws/install/arctos_motor_driver:/home/nguyen/ros2_ws/install/serial:/home/nguyen/ros2_ws/install/arctos_moveit_config:/home/nguyen/ros2_ws/install/arctos_description LD_LIBRARY_PATH=/home/nguyen/ros2_ws/src/ros2_arctos_HCMUT/install/arctos_hardware_interface/lib:/home/nguyen/ros2_ws/src/ros2_arctos_HCMUT/install/arctos_motor_driver/lib:/home/nguyen/ros2_ws/src/ros2_arctos_HCMUT/install/v4l2_camera/lib:/home/nguyen/ros2_ws/src/ros2_arctos_HCMUT/install/serial/lib:/home/nguyen/ros2_ws_1/install/v4l2_camera/lib:/home/nguyen/ros2_ws/install/v4l2_camera/lib:/home/nguyen/ros2_ws/install/arctos_hardware_interface/lib:/home/nguyen/ros2_ws/install/arctos_motor_driver/lib:/home/nguyen/ros2_ws/install/serial/lib:/opt/ros/humble/opt/rviz_ogre_vendor/lib:/opt/ros/humble/lib/x86_64-linux-gnu:/opt/ros/humble/lib /usr/bin/cmake --build /home/nguyen/ros2_ws/src/ros2_arctos_HCMUT/build/arctos_bringup -- -j12 -l12
[3.332s] DEBUG:colcon.colcon_core.event_handler.log_command:Invoked command in '/home/nguyen/ros2_ws/src/ros2_arctos_HCMUT/build/arctos_bringup' returned '2': CMAKE_PREFIX_PATH=/home/nguyen/ros2_ws/src/ros2_arctos_HCMUT/install/arctos_hardware_interface:/home/nguyen/ros2_ws/src/ros2_arctos_HCMUT/install/arctos_moveit_config:/home/nguyen/ros2_ws/src/ros2_arctos_HCMUT/install/arctos_motor_driver:/home/nguyen/ros2_ws/src/ros2_arctos_HCMUT/install/serial:/home/nguyen/ros2_ws/src/ros2_arctos_HCMUT/install/arctos_description:/home/nguyen/ros2_ws/install/gazebo_ros2_control:/home/nguyen/ros2_ws/src/ros2_arctos_HCMUT/install/v4l2_camera:/home/nguyen/ros2_ws/src/ros2_arctos_HCMUT/install/arctos_bringup:/home/nguyen/ros2_ws/src/ros2_arctos_HCMUT/install/gazebo_ros2_control:/home/nguyen/ros2_ws_1/install/v4l2_camera:/home/nguyen/ros2_ws_1/install/arctos_system_tests:/home/nguyen/ros2_ws_1/install/arctos_moveit_config:/home/nguyen/ros2_ws_1/install/arctos_motor_driver:/home/nguyen/ros2_ws_1/install/arctos_gazebo:/home/nguyen/ros2_ws_1/install/arctos_description:/home/nguyen/ros2_ws_1/install/arctos_camera:/home/nguyen/ros2_ws_1/install/arctos_bringup:/home/nguyen/ros2_ws/install/v4l2_camera:/home/nguyen/ros2_ws/install/arctos_bringup:/home/nguyen/ros2_ws/install/arctos_hardware_interface:/home/nguyen/ros2_ws/install/arctos_motor_driver:/home/nguyen/ros2_ws/install/serial:/home/nguyen/ros2_ws/install/arctos_moveit_config:/home/nguyen/ros2_ws/install/arctos_description LD_LIBRARY_PATH=/home/nguyen/ros2_ws/src/ros2_arctos_HCMUT/install/arctos_hardware_interface/lib:/home/nguyen/ros2_ws/src/ros2_arctos_HCMUT/install/arctos_motor_driver/lib:/home/nguyen/ros2_ws/src/ros2_arctos_HCMUT/install/v4l2_camera/lib:/home/nguyen/ros2_ws/src/ros2_arctos_HCMUT/install/serial/lib:/home/nguyen/ros2_ws_1/install/v4l2_camera/lib:/home/nguyen/ros2_ws/install/v4l2_camera/lib:/home/nguyen/ros2_ws/install/arctos_hardware_interface/lib:/home/nguyen/ros2_ws/install/arctos_motor_driver/lib:/home/nguyen/ros2_ws/install/serial/lib:/opt/ros/humble/opt/rviz_ogre_vendor/lib:/opt/ros/humble/lib/x86_64-linux-gnu:/opt/ros/humble/lib /usr/bin/cmake --build /home/nguyen/ros2_ws/src/ros2_arctos_HCMUT/build/arctos_bringup -- -j12 -l12
[3.342s] DEBUG:colcon.colcon_parallel_executor.executor.parallel:closing loop
[3.343s] DEBUG:colcon.colcon_parallel_executor.executor.parallel:loop closed
[3.343s] DEBUG:colcon.colcon_parallel_executor.executor.parallel:run_until_complete finished with '2'
[3.343s] DEBUG:colcon.colcon_core.event_reactor:joining thread
[3.350s] INFO:colcon.colcon_core.plugin_system:Skipping extension 'colcon_notification.desktop_notification.terminal_notifier': Not used on non-Darwin systems
[3.350s] INFO:colcon.colcon_core.plugin_system:Skipping extension 'colcon_notification.desktop_notification.win32': Not used on non-Windows systems
[3.350s] INFO:colcon.colcon_notification.desktop_notification:Sending desktop notification using 'notify2'
[3.365s] DEBUG:colcon.colcon_core.event_reactor:joined thread
[3.365s] INFO:colcon.colcon_core.shell:Creating prefix script '/home/nguyen/ros2_ws/src/ros2_arctos_HCMUT/install/local_setup.ps1'
[3.367s] INFO:colcon.colcon_core.shell:Creating prefix util module '/home/nguyen/ros2_ws/src/ros2_arctos_HCMUT/install/_local_setup_util_ps1.py'
[3.369s] INFO:colcon.colcon_core.shell:Creating prefix chain script '/home/nguyen/ros2_ws/src/ros2_arctos_HCMUT/install/setup.ps1'
[3.371s] INFO:colcon.colcon_core.shell:Creating prefix script '/home/nguyen/ros2_ws/src/ros2_arctos_HCMUT/install/local_setup.sh'
[3.372s] INFO:colcon.colcon_core.shell:Creating prefix util module '/home/nguyen/ros2_ws/src/ros2_arctos_HCMUT/install/_local_setup_util_sh.py'
[3.372s] INFO:colcon.colcon_core.shell:Creating prefix chain script '/home/nguyen/ros2_ws/src/ros2_arctos_HCMUT/install/setup.sh'
[3.374s] INFO:colcon.colcon_core.shell:Creating prefix script '/home/nguyen/ros2_ws/src/ros2_arctos_HCMUT/install/local_setup.bash'
[3.375s] INFO:colcon.colcon_core.shell:Creating prefix chain script '/home/nguyen/ros2_ws/src/ros2_arctos_HCMUT/install/setup.bash'
[3.376s] INFO:colcon.colcon_core.shell:Creating prefix script '/home/nguyen/ros2_ws/src/ros2_arctos_HCMUT/install/local_setup.zsh'
[3.377s] INFO:colcon.colcon_core.shell:Creating prefix chain script '/home/nguyen/ros2_ws/src/ros2_arctos_HCMUT/install/setup.zsh'
