[0.152s] DEBUG:colcon:Command line arguments: ['/usr/bin/colcon', 'build']
[0.152s] DEBUG:colcon:Parsed command line arguments: Namespace(log_base=None, log_level=None, verb_name='build', build_base='build', install_base='install', merge_install=False, symlink_install=False, test_result_base=None, continue_on_error=False, executor='parallel', parallel_workers=12, event_handlers=None, ignore_user_meta=False, metas=['./colcon.meta'], base_paths=['.'], packages_ignore=None, packages_ignore_regex=None, paths=None, packages_up_to=None, packages_up_to_regex=None, packages_above=None, packages_above_and_dependencies=None, packages_above_depth=None, packages_select_by_dep=None, packages_skip_by_dep=None, packages_skip_up_to=None, packages_select_build_failed=False, packages_skip_build_finished=False, packages_select_test_failures=False, packages_skip_test_passed=False, packages_select=None, packages_skip=None, packages_select_regex=None, packages_skip_regex=None, packages_start=None, packages_end=None, allow_overriding=[], cmake_args=None, cmake_target=None, cmake_target_skip_unavailable=False, cmake_clean_cache=False, cmake_clean_first=False, cmake_force_configure=False, ament_cmake_args=None, catkin_cmake_args=None, catkin_skip_building_tests=False, mixin_files=None, mixin=None, verb_parser=<colcon_mixin.mixin.mixin_argument.MixinArgumentDecorator object at 0x7e596800a920>, verb_extension=<colcon_core.verb.build.BuildVerb object at 0x7e59681ac220>, main=<bound method BuildVerb.main of <colcon_core.verb.build.BuildVerb object at 0x7e59681ac220>>, mixin_verb=('build',))
[0.387s] Level 1:colcon.colcon_core.package_discovery:discover_packages(colcon_meta) check parameters
[0.387s] Level 1:colcon.colcon_core.package_discovery:discover_packages(recursive) check parameters
[0.387s] Level 1:colcon.colcon_core.package_discovery:discover_packages(ignore) check parameters
[0.387s] Level 1:colcon.colcon_core.package_discovery:discover_packages(path) check parameters
[0.387s] Level 1:colcon.colcon_core.package_discovery:discover_packages(colcon_meta) discover
[0.387s] Level 1:colcon.colcon_core.package_discovery:discover_packages(recursive) discover
[0.387s] INFO:colcon.colcon_core.package_discovery:Crawling recursively for packages in '/home/nguyen/ros2_ws/src/ros2_arctos_HCMUT'
[0.387s] Level 1:colcon.colcon_core.package_identification:_identify(.) by extensions ['ignore', 'ignore_ament_install']
[0.387s] Level 1:colcon.colcon_core.package_identification:_identify(.) by extension 'ignore'
[0.387s] Level 1:colcon.colcon_core.package_identification:_identify(.) by extension 'ignore_ament_install'
[0.387s] Level 1:colcon.colcon_core.package_identification:_identify(.) by extensions ['colcon_pkg']
[0.388s] Level 1:colcon.colcon_core.package_identification:_identify(.) by extension 'colcon_pkg'
[0.388s] Level 1:colcon.colcon_core.package_identification:_identify(.) by extensions ['colcon_meta']
[0.388s] Level 1:colcon.colcon_core.package_identification:_identify(.) by extension 'colcon_meta'
[0.388s] Level 1:colcon.colcon_core.package_identification:_identify(.) by extensions ['ros']
[0.388s] Level 1:colcon.colcon_core.package_identification:_identify(.) by extension 'ros'
[0.401s] Level 1:colcon.colcon_core.package_identification:_identify(.) by extensions ['cmake', 'python']
[0.402s] Level 1:colcon.colcon_core.package_identification:_identify(.) by extension 'cmake'
[0.402s] Level 1:colcon.colcon_core.package_identification:_identify(.) by extension 'python'
[0.402s] Level 1:colcon.colcon_core.package_identification:_identify(.) by extensions ['python_setup_py']
[0.402s] Level 1:colcon.colcon_core.package_identification:_identify(.) by extension 'python_setup_py'
[0.402s] Level 1:colcon.colcon_core.package_identification:_identify(arctos_bringup) by extensions ['ignore', 'ignore_ament_install']
[0.402s] Level 1:colcon.colcon_core.package_identification:_identify(arctos_bringup) by extension 'ignore'
[0.402s] Level 1:colcon.colcon_core.package_identification:_identify(arctos_bringup) by extension 'ignore_ament_install'
[0.402s] Level 1:colcon.colcon_core.package_identification:_identify(arctos_bringup) by extensions ['colcon_pkg']
[0.402s] Level 1:colcon.colcon_core.package_identification:_identify(arctos_bringup) by extension 'colcon_pkg'
[0.402s] Level 1:colcon.colcon_core.package_identification:_identify(arctos_bringup) by extensions ['colcon_meta']
[0.402s] Level 1:colcon.colcon_core.package_identification:_identify(arctos_bringup) by extension 'colcon_meta'
[0.402s] Level 1:colcon.colcon_core.package_identification:_identify(arctos_bringup) by extensions ['ros']
[0.402s] Level 1:colcon.colcon_core.package_identification:_identify(arctos_bringup) by extension 'ros'
[0.405s] DEBUG:colcon.colcon_core.package_identification:Package 'arctos_bringup' with type 'ros.ament_cmake' and name 'arctos_bringup'
[0.406s] Level 1:colcon.colcon_core.package_identification:_identify(arctos_description) by extensions ['ignore', 'ignore_ament_install']
[0.406s] Level 1:colcon.colcon_core.package_identification:_identify(arctos_description) by extension 'ignore'
[0.406s] Level 1:colcon.colcon_core.package_identification:_identify(arctos_description) by extension 'ignore_ament_install'
[0.406s] Level 1:colcon.colcon_core.package_identification:_identify(arctos_description) by extensions ['colcon_pkg']
[0.406s] Level 1:colcon.colcon_core.package_identification:_identify(arctos_description) by extension 'colcon_pkg'
[0.406s] Level 1:colcon.colcon_core.package_identification:_identify(arctos_description) by extensions ['colcon_meta']
[0.406s] Level 1:colcon.colcon_core.package_identification:_identify(arctos_description) by extension 'colcon_meta'
[0.406s] Level 1:colcon.colcon_core.package_identification:_identify(arctos_description) by extensions ['ros']
[0.406s] Level 1:colcon.colcon_core.package_identification:_identify(arctos_description) by extension 'ros'
[0.407s] DEBUG:colcon.colcon_core.package_identification:Package 'arctos_description' with type 'ros.ament_cmake' and name 'arctos_description'
[0.407s] Level 1:colcon.colcon_core.package_identification:_identify(arctos_hardware_interface) by extensions ['ignore', 'ignore_ament_install']
[0.407s] Level 1:colcon.colcon_core.package_identification:_identify(arctos_hardware_interface) by extension 'ignore'
[0.407s] Level 1:colcon.colcon_core.package_identification:_identify(arctos_hardware_interface) by extension 'ignore_ament_install'
[0.407s] Level 1:colcon.colcon_core.package_identification:_identify(arctos_hardware_interface) by extensions ['colcon_pkg']
[0.407s] Level 1:colcon.colcon_core.package_identification:_identify(arctos_hardware_interface) by extension 'colcon_pkg'
[0.407s] Level 1:colcon.colcon_core.package_identification:_identify(arctos_hardware_interface) by extensions ['colcon_meta']
[0.408s] Level 1:colcon.colcon_core.package_identification:_identify(arctos_hardware_interface) by extension 'colcon_meta'
[0.408s] Level 1:colcon.colcon_core.package_identification:_identify(arctos_hardware_interface) by extensions ['ros']
[0.408s] Level 1:colcon.colcon_core.package_identification:_identify(arctos_hardware_interface) by extension 'ros'
[0.409s] DEBUG:colcon.colcon_core.package_identification:Package 'arctos_hardware_interface' with type 'ros.ament_cmake' and name 'arctos_hardware_interface'
[0.410s] Level 1:colcon.colcon_core.package_identification:_identify(arctos_motor_driver) by extensions ['ignore', 'ignore_ament_install']
[0.410s] Level 1:colcon.colcon_core.package_identification:_identify(arctos_motor_driver) by extension 'ignore'
[0.410s] Level 1:colcon.colcon_core.package_identification:_identify(arctos_motor_driver) by extension 'ignore_ament_install'
[0.410s] Level 1:colcon.colcon_core.package_identification:_identify(arctos_motor_driver) by extensions ['colcon_pkg']
[0.410s] Level 1:colcon.colcon_core.package_identification:_identify(arctos_motor_driver) by extension 'colcon_pkg'
[0.410s] Level 1:colcon.colcon_core.package_identification:_identify(arctos_motor_driver) by extensions ['colcon_meta']
[0.410s] Level 1:colcon.colcon_core.package_identification:_identify(arctos_motor_driver) by extension 'colcon_meta'
[0.410s] Level 1:colcon.colcon_core.package_identification:_identify(arctos_motor_driver) by extensions ['ros']
[0.410s] Level 1:colcon.colcon_core.package_identification:_identify(arctos_motor_driver) by extension 'ros'
[0.411s] DEBUG:colcon.colcon_core.package_identification:Package 'arctos_motor_driver' with type 'ros.ament_cmake' and name 'arctos_motor_driver'
[0.411s] Level 1:colcon.colcon_core.package_identification:_identify(arctos_moveit_config) by extensions ['ignore', 'ignore_ament_install']
[0.411s] Level 1:colcon.colcon_core.package_identification:_identify(arctos_moveit_config) by extension 'ignore'
[0.411s] Level 1:colcon.colcon_core.package_identification:_identify(arctos_moveit_config) by extension 'ignore_ament_install'
[0.412s] Level 1:colcon.colcon_core.package_identification:_identify(arctos_moveit_config) by extensions ['colcon_pkg']
[0.412s] Level 1:colcon.colcon_core.package_identification:_identify(arctos_moveit_config) by extension 'colcon_pkg'
[0.412s] Level 1:colcon.colcon_core.package_identification:_identify(arctos_moveit_config) by extensions ['colcon_meta']
[0.412s] Level 1:colcon.colcon_core.package_identification:_identify(arctos_moveit_config) by extension 'colcon_meta'
[0.412s] Level 1:colcon.colcon_core.package_identification:_identify(arctos_moveit_config) by extensions ['ros']
[0.412s] Level 1:colcon.colcon_core.package_identification:_identify(arctos_moveit_config) by extension 'ros'
[0.413s] DEBUG:colcon.colcon_core.package_identification:Package 'arctos_moveit_config' with type 'ros.ament_cmake' and name 'arctos_moveit_config'
[0.413s] Level 1:colcon.colcon_core.package_identification:_identify(assets) by extensions ['ignore', 'ignore_ament_install']
[0.413s] Level 1:colcon.colcon_core.package_identification:_identify(assets) by extension 'ignore'
[0.413s] Level 1:colcon.colcon_core.package_identification:_identify(assets) by extension 'ignore_ament_install'
[0.413s] Level 1:colcon.colcon_core.package_identification:_identify(assets) by extensions ['colcon_pkg']
[0.413s] Level 1:colcon.colcon_core.package_identification:_identify(assets) by extension 'colcon_pkg'
[0.413s] Level 1:colcon.colcon_core.package_identification:_identify(assets) by extensions ['colcon_meta']
[0.413s] Level 1:colcon.colcon_core.package_identification:_identify(assets) by extension 'colcon_meta'
[0.413s] Level 1:colcon.colcon_core.package_identification:_identify(assets) by extensions ['ros']
[0.413s] Level 1:colcon.colcon_core.package_identification:_identify(assets) by extension 'ros'
[0.414s] Level 1:colcon.colcon_core.package_identification:_identify(assets) by extensions ['cmake', 'python']
[0.414s] Level 1:colcon.colcon_core.package_identification:_identify(assets) by extension 'cmake'
[0.414s] Level 1:colcon.colcon_core.package_identification:_identify(assets) by extension 'python'
[0.414s] Level 1:colcon.colcon_core.package_identification:_identify(assets) by extensions ['python_setup_py']
[0.414s] Level 1:colcon.colcon_core.package_identification:_identify(assets) by extension 'python_setup_py'
[0.414s] Level 1:colcon.colcon_core.package_identification:_identify(assets/home_sensors) by extensions ['ignore', 'ignore_ament_install']
[0.414s] Level 1:colcon.colcon_core.package_identification:_identify(assets/home_sensors) by extension 'ignore'
[0.414s] Level 1:colcon.colcon_core.package_identification:_identify(assets/home_sensors) by extension 'ignore_ament_install'
[0.414s] Level 1:colcon.colcon_core.package_identification:_identify(assets/home_sensors) by extensions ['colcon_pkg']
[0.414s] Level 1:colcon.colcon_core.package_identification:_identify(assets/home_sensors) by extension 'colcon_pkg'
[0.414s] Level 1:colcon.colcon_core.package_identification:_identify(assets/home_sensors) by extensions ['colcon_meta']
[0.414s] Level 1:colcon.colcon_core.package_identification:_identify(assets/home_sensors) by extension 'colcon_meta'
[0.414s] Level 1:colcon.colcon_core.package_identification:_identify(assets/home_sensors) by extensions ['ros']
[0.414s] Level 1:colcon.colcon_core.package_identification:_identify(assets/home_sensors) by extension 'ros'
[0.414s] Level 1:colcon.colcon_core.package_identification:_identify(assets/home_sensors) by extensions ['cmake', 'python']
[0.415s] Level 1:colcon.colcon_core.package_identification:_identify(assets/home_sensors) by extension 'cmake'
[0.415s] Level 1:colcon.colcon_core.package_identification:_identify(assets/home_sensors) by extension 'python'
[0.415s] Level 1:colcon.colcon_core.package_identification:_identify(assets/home_sensors) by extensions ['python_setup_py']
[0.415s] Level 1:colcon.colcon_core.package_identification:_identify(assets/home_sensors) by extension 'python_setup_py'
[0.415s] Level 1:colcon.colcon_core.package_identification:_identify(assets/zero_position) by extensions ['ignore', 'ignore_ament_install']
[0.415s] Level 1:colcon.colcon_core.package_identification:_identify(assets/zero_position) by extension 'ignore'
[0.415s] Level 1:colcon.colcon_core.package_identification:_identify(assets/zero_position) by extension 'ignore_ament_install'
[0.415s] Level 1:colcon.colcon_core.package_identification:_identify(assets/zero_position) by extensions ['colcon_pkg']
[0.415s] Level 1:colcon.colcon_core.package_identification:_identify(assets/zero_position) by extension 'colcon_pkg'
[0.415s] Level 1:colcon.colcon_core.package_identification:_identify(assets/zero_position) by extensions ['colcon_meta']
[0.415s] Level 1:colcon.colcon_core.package_identification:_identify(assets/zero_position) by extension 'colcon_meta'
[0.415s] Level 1:colcon.colcon_core.package_identification:_identify(assets/zero_position) by extensions ['ros']
[0.415s] Level 1:colcon.colcon_core.package_identification:_identify(assets/zero_position) by extension 'ros'
[0.415s] Level 1:colcon.colcon_core.package_identification:_identify(assets/zero_position) by extensions ['cmake', 'python']
[0.415s] Level 1:colcon.colcon_core.package_identification:_identify(assets/zero_position) by extension 'cmake'
[0.416s] Level 1:colcon.colcon_core.package_identification:_identify(assets/zero_position) by extension 'python'
[0.416s] Level 1:colcon.colcon_core.package_identification:_identify(assets/zero_position) by extensions ['python_setup_py']
[0.416s] Level 1:colcon.colcon_core.package_identification:_identify(assets/zero_position) by extension 'python_setup_py'
[0.416s] Level 1:colcon.colcon_core.package_identification:_identify(build) by extensions ['ignore', 'ignore_ament_install']
[0.416s] Level 1:colcon.colcon_core.package_identification:_identify(build) by extension 'ignore'
[0.416s] Level 1:colcon.colcon_core.package_identification:_identify(build) ignored
[0.416s] Level 1:colcon.colcon_core.package_identification:_identify(gamepadControl) by extensions ['ignore', 'ignore_ament_install']
[0.416s] Level 1:colcon.colcon_core.package_identification:_identify(gamepadControl) by extension 'ignore'
[0.416s] Level 1:colcon.colcon_core.package_identification:_identify(gamepadControl) by extension 'ignore_ament_install'
[0.416s] Level 1:colcon.colcon_core.package_identification:_identify(gamepadControl) by extensions ['colcon_pkg']
[0.416s] Level 1:colcon.colcon_core.package_identification:_identify(gamepadControl) by extension 'colcon_pkg'
[0.416s] Level 1:colcon.colcon_core.package_identification:_identify(gamepadControl) by extensions ['colcon_meta']
[0.416s] Level 1:colcon.colcon_core.package_identification:_identify(gamepadControl) by extension 'colcon_meta'
[0.416s] Level 1:colcon.colcon_core.package_identification:_identify(gamepadControl) by extensions ['ros']
[0.417s] Level 1:colcon.colcon_core.package_identification:_identify(gamepadControl) by extension 'ros'
[0.417s] Level 1:colcon.colcon_core.package_identification:_identify(gamepadControl) by extensions ['cmake', 'python']
[0.417s] Level 1:colcon.colcon_core.package_identification:_identify(gamepadControl) by extension 'cmake'
[0.417s] Level 1:colcon.colcon_core.package_identification:_identify(gamepadControl) by extension 'python'
[0.417s] Level 1:colcon.colcon_core.package_identification:_identify(gamepadControl) by extensions ['python_setup_py']
[0.417s] Level 1:colcon.colcon_core.package_identification:_identify(gamepadControl) by extension 'python_setup_py'
[0.417s] Level 1:colcon.colcon_core.package_identification:_identify(install) by extensions ['ignore', 'ignore_ament_install']
[0.417s] Level 1:colcon.colcon_core.package_identification:_identify(install) by extension 'ignore'
[0.417s] Level 1:colcon.colcon_core.package_identification:_identify(install) ignored
[0.417s] Level 1:colcon.colcon_core.package_identification:_identify(log) by extensions ['ignore', 'ignore_ament_install']
[0.417s] Level 1:colcon.colcon_core.package_identification:_identify(log) by extension 'ignore'
[0.417s] Level 1:colcon.colcon_core.package_identification:_identify(log) ignored
[0.417s] Level 1:colcon.colcon_core.package_identification:_identify(scripts) by extensions ['ignore', 'ignore_ament_install']
[0.418s] Level 1:colcon.colcon_core.package_identification:_identify(scripts) by extension 'ignore'
[0.418s] Level 1:colcon.colcon_core.package_identification:_identify(scripts) by extension 'ignore_ament_install'
[0.418s] Level 1:colcon.colcon_core.package_identification:_identify(scripts) by extensions ['colcon_pkg']
[0.418s] Level 1:colcon.colcon_core.package_identification:_identify(scripts) by extension 'colcon_pkg'
[0.418s] Level 1:colcon.colcon_core.package_identification:_identify(scripts) by extensions ['colcon_meta']
[0.418s] Level 1:colcon.colcon_core.package_identification:_identify(scripts) by extension 'colcon_meta'
[0.418s] Level 1:colcon.colcon_core.package_identification:_identify(scripts) by extensions ['ros']
[0.418s] Level 1:colcon.colcon_core.package_identification:_identify(scripts) by extension 'ros'
[0.418s] Level 1:colcon.colcon_core.package_identification:_identify(scripts) by extensions ['cmake', 'python']
[0.418s] Level 1:colcon.colcon_core.package_identification:_identify(scripts) by extension 'cmake'
[0.418s] Level 1:colcon.colcon_core.package_identification:_identify(scripts) by extension 'python'
[0.418s] Level 1:colcon.colcon_core.package_identification:_identify(scripts) by extensions ['python_setup_py']
[0.418s] Level 1:colcon.colcon_core.package_identification:_identify(scripts) by extension 'python_setup_py'
[0.418s] Level 1:colcon.colcon_core.package_identification:_identify(scripts/stepper_motor) by extensions ['ignore', 'ignore_ament_install']
[0.419s] Level 1:colcon.colcon_core.package_identification:_identify(scripts/stepper_motor) by extension 'ignore'
[0.419s] Level 1:colcon.colcon_core.package_identification:_identify(scripts/stepper_motor) by extension 'ignore_ament_install'
[0.419s] Level 1:colcon.colcon_core.package_identification:_identify(scripts/stepper_motor) by extensions ['colcon_pkg']
[0.419s] Level 1:colcon.colcon_core.package_identification:_identify(scripts/stepper_motor) by extension 'colcon_pkg'
[0.419s] Level 1:colcon.colcon_core.package_identification:_identify(scripts/stepper_motor) by extensions ['colcon_meta']
[0.419s] Level 1:colcon.colcon_core.package_identification:_identify(scripts/stepper_motor) by extension 'colcon_meta'
[0.419s] Level 1:colcon.colcon_core.package_identification:_identify(scripts/stepper_motor) by extensions ['ros']
[0.419s] Level 1:colcon.colcon_core.package_identification:_identify(scripts/stepper_motor) by extension 'ros'
[0.419s] Level 1:colcon.colcon_core.package_identification:_identify(scripts/stepper_motor) by extensions ['cmake', 'python']
[0.419s] Level 1:colcon.colcon_core.package_identification:_identify(scripts/stepper_motor) by extension 'cmake'
[0.419s] Level 1:colcon.colcon_core.package_identification:_identify(scripts/stepper_motor) by extension 'python'
[0.419s] Level 1:colcon.colcon_core.package_identification:_identify(scripts/stepper_motor) by extensions ['python_setup_py']
[0.419s] Level 1:colcon.colcon_core.package_identification:_identify(scripts/stepper_motor) by extension 'python_setup_py'
[0.419s] Level 1:colcon.colcon_core.package_identification:_identify(scripts/stepper_motor/data) by extensions ['ignore', 'ignore_ament_install']
[0.419s] Level 1:colcon.colcon_core.package_identification:_identify(scripts/stepper_motor/data) by extension 'ignore'
[0.420s] Level 1:colcon.colcon_core.package_identification:_identify(scripts/stepper_motor/data) by extension 'ignore_ament_install'
[0.420s] Level 1:colcon.colcon_core.package_identification:_identify(scripts/stepper_motor/data) by extensions ['colcon_pkg']
[0.420s] Level 1:colcon.colcon_core.package_identification:_identify(scripts/stepper_motor/data) by extension 'colcon_pkg'
[0.420s] Level 1:colcon.colcon_core.package_identification:_identify(scripts/stepper_motor/data) by extensions ['colcon_meta']
[0.420s] Level 1:colcon.colcon_core.package_identification:_identify(scripts/stepper_motor/data) by extension 'colcon_meta'
[0.420s] Level 1:colcon.colcon_core.package_identification:_identify(scripts/stepper_motor/data) by extensions ['ros']
[0.420s] Level 1:colcon.colcon_core.package_identification:_identify(scripts/stepper_motor/data) by extension 'ros'
[0.420s] Level 1:colcon.colcon_core.package_identification:_identify(scripts/stepper_motor/data) by extensions ['cmake', 'python']
[0.420s] Level 1:colcon.colcon_core.package_identification:_identify(scripts/stepper_motor/data) by extension 'cmake'
[0.420s] Level 1:colcon.colcon_core.package_identification:_identify(scripts/stepper_motor/data) by extension 'python'
[0.420s] Level 1:colcon.colcon_core.package_identification:_identify(scripts/stepper_motor/data) by extensions ['python_setup_py']
[0.420s] Level 1:colcon.colcon_core.package_identification:_identify(scripts/stepper_motor/data) by extension 'python_setup_py'
[0.420s] Level 1:colcon.colcon_core.package_identification:_identify(serial) by extensions ['ignore', 'ignore_ament_install']
[0.421s] Level 1:colcon.colcon_core.package_identification:_identify(serial) by extension 'ignore'
[0.421s] Level 1:colcon.colcon_core.package_identification:_identify(serial) by extension 'ignore_ament_install'
[0.421s] Level 1:colcon.colcon_core.package_identification:_identify(serial) by extensions ['colcon_pkg']
[0.421s] Level 1:colcon.colcon_core.package_identification:_identify(serial) by extension 'colcon_pkg'
[0.421s] Level 1:colcon.colcon_core.package_identification:_identify(serial) by extensions ['colcon_meta']
[0.421s] Level 1:colcon.colcon_core.package_identification:_identify(serial) by extension 'colcon_meta'
[0.421s] Level 1:colcon.colcon_core.package_identification:_identify(serial) by extensions ['ros']
[0.421s] Level 1:colcon.colcon_core.package_identification:_identify(serial) by extension 'ros'
[0.422s] DEBUG:colcon.colcon_core.package_identification:Package 'serial' with type 'ros.ament_cmake' and name 'serial'
[0.422s] Level 1:colcon.colcon_core.package_identification:_identify(src) by extensions ['ignore', 'ignore_ament_install']
[0.422s] Level 1:colcon.colcon_core.package_identification:_identify(src) by extension 'ignore'
[0.422s] Level 1:colcon.colcon_core.package_identification:_identify(src) by extension 'ignore_ament_install'
[0.422s] Level 1:colcon.colcon_core.package_identification:_identify(src) by extensions ['colcon_pkg']
[0.422s] Level 1:colcon.colcon_core.package_identification:_identify(src) by extension 'colcon_pkg'
[0.422s] Level 1:colcon.colcon_core.package_identification:_identify(src) by extensions ['colcon_meta']
[0.422s] Level 1:colcon.colcon_core.package_identification:_identify(src) by extension 'colcon_meta'
[0.422s] Level 1:colcon.colcon_core.package_identification:_identify(src) by extensions ['ros']
[0.422s] Level 1:colcon.colcon_core.package_identification:_identify(src) by extension 'ros'
[0.423s] Level 1:colcon.colcon_core.package_identification:_identify(src) by extensions ['cmake', 'python']
[0.423s] Level 1:colcon.colcon_core.package_identification:_identify(src) by extension 'cmake'
[0.423s] Level 1:colcon.colcon_core.package_identification:_identify(src) by extension 'python'
[0.423s] Level 1:colcon.colcon_core.package_identification:_identify(src) by extensions ['python_setup_py']
[0.423s] Level 1:colcon.colcon_core.package_identification:_identify(src) by extension 'python_setup_py'
[0.423s] Level 1:colcon.colcon_core.package_identification:_identify(src/v4l2_camera) by extensions ['ignore', 'ignore_ament_install']
[0.423s] Level 1:colcon.colcon_core.package_identification:_identify(src/v4l2_camera) by extension 'ignore'
[0.423s] Level 1:colcon.colcon_core.package_identification:_identify(src/v4l2_camera) by extension 'ignore_ament_install'
[0.423s] Level 1:colcon.colcon_core.package_identification:_identify(src/v4l2_camera) by extensions ['colcon_pkg']
[0.423s] Level 1:colcon.colcon_core.package_identification:_identify(src/v4l2_camera) by extension 'colcon_pkg'
[0.423s] Level 1:colcon.colcon_core.package_identification:_identify(src/v4l2_camera) by extensions ['colcon_meta']
[0.423s] Level 1:colcon.colcon_core.package_identification:_identify(src/v4l2_camera) by extension 'colcon_meta'
[0.423s] Level 1:colcon.colcon_core.package_identification:_identify(src/v4l2_camera) by extensions ['ros']
[0.423s] Level 1:colcon.colcon_core.package_identification:_identify(src/v4l2_camera) by extension 'ros'
[0.425s] DEBUG:colcon.colcon_core.package_identification:Package 'src/v4l2_camera' with type 'ros.ament_cmake' and name 'v4l2_camera'
[0.425s] Level 1:colcon.colcon_core.package_discovery:discover_packages(recursive) using defaults
[0.425s] Level 1:colcon.colcon_core.package_discovery:discover_packages(ignore) discover
[0.425s] Level 1:colcon.colcon_core.package_discovery:discover_packages(ignore) using defaults
[0.425s] Level 1:colcon.colcon_core.package_discovery:discover_packages(path) discover
[0.425s] Level 1:colcon.colcon_core.package_discovery:discover_packages(path) using defaults
[0.481s] Level 1:colcon.colcon_core.package_discovery:discover_packages(prefix_path) check parameters
[0.481s] Level 1:colcon.colcon_core.package_discovery:discover_packages(prefix_path) discover
[0.484s] DEBUG:colcon.colcon_installed_package_information.package_discovery:Found 9 installed packages in /home/nguyen/ros2_ws_1/install
[0.484s] DEBUG:colcon.colcon_installed_package_information.package_discovery:Found 6 installed packages in /home/nguyen/ros2_ws/install
[0.487s] DEBUG:colcon.colcon_installed_package_information.package_discovery:Found 351 installed packages in /opt/ros/humble
[0.489s] Level 1:colcon.colcon_core.package_discovery:discover_packages(prefix_path) using defaults
[0.548s] Level 5:colcon.colcon_core.verb:set package 'arctos_description' build argument 'cmake_args' from command line to 'None'
[0.548s] Level 5:colcon.colcon_core.verb:set package 'arctos_description' build argument 'cmake_target' from command line to 'None'
[0.548s] Level 5:colcon.colcon_core.verb:set package 'arctos_description' build argument 'cmake_target_skip_unavailable' from command line to 'False'
[0.548s] Level 5:colcon.colcon_core.verb:set package 'arctos_description' build argument 'cmake_clean_cache' from command line to 'False'
[0.548s] Level 5:colcon.colcon_core.verb:set package 'arctos_description' build argument 'cmake_clean_first' from command line to 'False'
[0.548s] Level 5:colcon.colcon_core.verb:set package 'arctos_description' build argument 'cmake_force_configure' from command line to 'False'
[0.548s] Level 5:colcon.colcon_core.verb:set package 'arctos_description' build argument 'ament_cmake_args' from command line to 'None'
[0.548s] Level 5:colcon.colcon_core.verb:set package 'arctos_description' build argument 'catkin_cmake_args' from command line to 'None'
[0.548s] Level 5:colcon.colcon_core.verb:set package 'arctos_description' build argument 'catkin_skip_building_tests' from command line to 'False'
[0.548s] DEBUG:colcon.colcon_core.verb:Building package 'arctos_description' with the following arguments: {'ament_cmake_args': None, 'build_base': '/home/nguyen/ros2_ws/src/ros2_arctos_HCMUT/build/arctos_description', 'catkin_cmake_args': None, 'catkin_skip_building_tests': False, 'cmake_args': None, 'cmake_clean_cache': False, 'cmake_clean_first': False, 'cmake_force_configure': False, 'cmake_target': None, 'cmake_target_skip_unavailable': False, 'install_base': '/home/nguyen/ros2_ws/src/ros2_arctos_HCMUT/install/arctos_description', 'merge_install': False, 'path': '/home/nguyen/ros2_ws/src/ros2_arctos_HCMUT/arctos_description', 'symlink_install': False, 'test_result_base': None}
[0.549s] Level 5:colcon.colcon_core.verb:set package 'serial' build argument 'cmake_args' from command line to 'None'
[0.549s] Level 5:colcon.colcon_core.verb:set package 'serial' build argument 'cmake_target' from command line to 'None'
[0.549s] Level 5:colcon.colcon_core.verb:set package 'serial' build argument 'cmake_target_skip_unavailable' from command line to 'False'
[0.549s] Level 5:colcon.colcon_core.verb:set package 'serial' build argument 'cmake_clean_cache' from command line to 'False'
[0.549s] Level 5:colcon.colcon_core.verb:set package 'serial' build argument 'cmake_clean_first' from command line to 'False'
[0.549s] Level 5:colcon.colcon_core.verb:set package 'serial' build argument 'cmake_force_configure' from command line to 'False'
[0.549s] Level 5:colcon.colcon_core.verb:set package 'serial' build argument 'ament_cmake_args' from command line to 'None'
[0.549s] Level 5:colcon.colcon_core.verb:set package 'serial' build argument 'catkin_cmake_args' from command line to 'None'
[0.549s] Level 5:colcon.colcon_core.verb:set package 'serial' build argument 'catkin_skip_building_tests' from command line to 'False'
[0.549s] DEBUG:colcon.colcon_core.verb:Building package 'serial' with the following arguments: {'ament_cmake_args': None, 'build_base': '/home/nguyen/ros2_ws/src/ros2_arctos_HCMUT/build/serial', 'catkin_cmake_args': None, 'catkin_skip_building_tests': False, 'cmake_args': None, 'cmake_clean_cache': False, 'cmake_clean_first': False, 'cmake_force_configure': False, 'cmake_target': None, 'cmake_target_skip_unavailable': False, 'install_base': '/home/nguyen/ros2_ws/src/ros2_arctos_HCMUT/install/serial', 'merge_install': False, 'path': '/home/nguyen/ros2_ws/src/ros2_arctos_HCMUT/serial', 'symlink_install': False, 'test_result_base': None}
[0.549s] Level 5:colcon.colcon_core.verb:set package 'v4l2_camera' build argument 'cmake_args' from command line to 'None'
[0.549s] Level 5:colcon.colcon_core.verb:set package 'v4l2_camera' build argument 'cmake_target' from command line to 'None'
[0.549s] Level 5:colcon.colcon_core.verb:set package 'v4l2_camera' build argument 'cmake_target_skip_unavailable' from command line to 'False'
[0.549s] Level 5:colcon.colcon_core.verb:set package 'v4l2_camera' build argument 'cmake_clean_cache' from command line to 'False'
[0.549s] Level 5:colcon.colcon_core.verb:set package 'v4l2_camera' build argument 'cmake_clean_first' from command line to 'False'
[0.549s] Level 5:colcon.colcon_core.verb:set package 'v4l2_camera' build argument 'cmake_force_configure' from command line to 'False'
[0.549s] Level 5:colcon.colcon_core.verb:set package 'v4l2_camera' build argument 'ament_cmake_args' from command line to 'None'
[0.550s] Level 5:colcon.colcon_core.verb:set package 'v4l2_camera' build argument 'catkin_cmake_args' from command line to 'None'
[0.550s] Level 5:colcon.colcon_core.verb:set package 'v4l2_camera' build argument 'catkin_skip_building_tests' from command line to 'False'
[0.550s] DEBUG:colcon.colcon_core.verb:Building package 'v4l2_camera' with the following arguments: {'ament_cmake_args': None, 'build_base': '/home/nguyen/ros2_ws/src/ros2_arctos_HCMUT/build/v4l2_camera', 'catkin_cmake_args': None, 'catkin_skip_building_tests': False, 'cmake_args': None, 'cmake_clean_cache': False, 'cmake_clean_first': False, 'cmake_force_configure': False, 'cmake_target': None, 'cmake_target_skip_unavailable': False, 'install_base': '/home/nguyen/ros2_ws/src/ros2_arctos_HCMUT/install/v4l2_camera', 'merge_install': False, 'path': '/home/nguyen/ros2_ws/src/ros2_arctos_HCMUT/src/v4l2_camera', 'symlink_install': False, 'test_result_base': None}
[0.550s] Level 5:colcon.colcon_core.verb:set package 'arctos_motor_driver' build argument 'cmake_args' from command line to 'None'
[0.550s] Level 5:colcon.colcon_core.verb:set package 'arctos_motor_driver' build argument 'cmake_target' from command line to 'None'
[0.550s] Level 5:colcon.colcon_core.verb:set package 'arctos_motor_driver' build argument 'cmake_target_skip_unavailable' from command line to 'False'
[0.550s] Level 5:colcon.colcon_core.verb:set package 'arctos_motor_driver' build argument 'cmake_clean_cache' from command line to 'False'
[0.550s] Level 5:colcon.colcon_core.verb:set package 'arctos_motor_driver' build argument 'cmake_clean_first' from command line to 'False'
[0.550s] Level 5:colcon.colcon_core.verb:set package 'arctos_motor_driver' build argument 'cmake_force_configure' from command line to 'False'
[0.550s] Level 5:colcon.colcon_core.verb:set package 'arctos_motor_driver' build argument 'ament_cmake_args' from command line to 'None'
[0.550s] Level 5:colcon.colcon_core.verb:set package 'arctos_motor_driver' build argument 'catkin_cmake_args' from command line to 'None'
[0.550s] Level 5:colcon.colcon_core.verb:set package 'arctos_motor_driver' build argument 'catkin_skip_building_tests' from command line to 'False'
[0.550s] DEBUG:colcon.colcon_core.verb:Building package 'arctos_motor_driver' with the following arguments: {'ament_cmake_args': None, 'build_base': '/home/nguyen/ros2_ws/src/ros2_arctos_HCMUT/build/arctos_motor_driver', 'catkin_cmake_args': None, 'catkin_skip_building_tests': False, 'cmake_args': None, 'cmake_clean_cache': False, 'cmake_clean_first': False, 'cmake_force_configure': False, 'cmake_target': None, 'cmake_target_skip_unavailable': False, 'install_base': '/home/nguyen/ros2_ws/src/ros2_arctos_HCMUT/install/arctos_motor_driver', 'merge_install': False, 'path': '/home/nguyen/ros2_ws/src/ros2_arctos_HCMUT/arctos_motor_driver', 'symlink_install': False, 'test_result_base': None}
[0.551s] Level 5:colcon.colcon_core.verb:set package 'arctos_moveit_config' build argument 'cmake_args' from command line to 'None'
[0.551s] Level 5:colcon.colcon_core.verb:set package 'arctos_moveit_config' build argument 'cmake_target' from command line to 'None'
[0.551s] Level 5:colcon.colcon_core.verb:set package 'arctos_moveit_config' build argument 'cmake_target_skip_unavailable' from command line to 'False'
[0.551s] Level 5:colcon.colcon_core.verb:set package 'arctos_moveit_config' build argument 'cmake_clean_cache' from command line to 'False'
[0.551s] Level 5:colcon.colcon_core.verb:set package 'arctos_moveit_config' build argument 'cmake_clean_first' from command line to 'False'
[0.551s] Level 5:colcon.colcon_core.verb:set package 'arctos_moveit_config' build argument 'cmake_force_configure' from command line to 'False'
[0.551s] Level 5:colcon.colcon_core.verb:set package 'arctos_moveit_config' build argument 'ament_cmake_args' from command line to 'None'
[0.551s] Level 5:colcon.colcon_core.verb:set package 'arctos_moveit_config' build argument 'catkin_cmake_args' from command line to 'None'
[0.551s] Level 5:colcon.colcon_core.verb:set package 'arctos_moveit_config' build argument 'catkin_skip_building_tests' from command line to 'False'
[0.551s] DEBUG:colcon.colcon_core.verb:Building package 'arctos_moveit_config' with the following arguments: {'ament_cmake_args': None, 'build_base': '/home/nguyen/ros2_ws/src/ros2_arctos_HCMUT/build/arctos_moveit_config', 'catkin_cmake_args': None, 'catkin_skip_building_tests': False, 'cmake_args': None, 'cmake_clean_cache': False, 'cmake_clean_first': False, 'cmake_force_configure': False, 'cmake_target': None, 'cmake_target_skip_unavailable': False, 'install_base': '/home/nguyen/ros2_ws/src/ros2_arctos_HCMUT/install/arctos_moveit_config', 'merge_install': False, 'path': '/home/nguyen/ros2_ws/src/ros2_arctos_HCMUT/arctos_moveit_config', 'symlink_install': False, 'test_result_base': None}
[0.551s] Level 5:colcon.colcon_core.verb:set package 'arctos_hardware_interface' build argument 'cmake_args' from command line to 'None'
[0.551s] Level 5:colcon.colcon_core.verb:set package 'arctos_hardware_interface' build argument 'cmake_target' from command line to 'None'
[0.551s] Level 5:colcon.colcon_core.verb:set package 'arctos_hardware_interface' build argument 'cmake_target_skip_unavailable' from command line to 'False'
[0.551s] Level 5:colcon.colcon_core.verb:set package 'arctos_hardware_interface' build argument 'cmake_clean_cache' from command line to 'False'
[0.551s] Level 5:colcon.colcon_core.verb:set package 'arctos_hardware_interface' build argument 'cmake_clean_first' from command line to 'False'
[0.552s] Level 5:colcon.colcon_core.verb:set package 'arctos_hardware_interface' build argument 'cmake_force_configure' from command line to 'False'
[0.552s] Level 5:colcon.colcon_core.verb:set package 'arctos_hardware_interface' build argument 'ament_cmake_args' from command line to 'None'
[0.552s] Level 5:colcon.colcon_core.verb:set package 'arctos_hardware_interface' build argument 'catkin_cmake_args' from command line to 'None'
[0.552s] Level 5:colcon.colcon_core.verb:set package 'arctos_hardware_interface' build argument 'catkin_skip_building_tests' from command line to 'False'
[0.552s] DEBUG:colcon.colcon_core.verb:Building package 'arctos_hardware_interface' with the following arguments: {'ament_cmake_args': None, 'build_base': '/home/nguyen/ros2_ws/src/ros2_arctos_HCMUT/build/arctos_hardware_interface', 'catkin_cmake_args': None, 'catkin_skip_building_tests': False, 'cmake_args': None, 'cmake_clean_cache': False, 'cmake_clean_first': False, 'cmake_force_configure': False, 'cmake_target': None, 'cmake_target_skip_unavailable': False, 'install_base': '/home/nguyen/ros2_ws/src/ros2_arctos_HCMUT/install/arctos_hardware_interface', 'merge_install': False, 'path': '/home/nguyen/ros2_ws/src/ros2_arctos_HCMUT/arctos_hardware_interface', 'symlink_install': False, 'test_result_base': None}
[0.552s] Level 5:colcon.colcon_core.verb:set package 'arctos_bringup' build argument 'cmake_args' from command line to 'None'
[0.552s] Level 5:colcon.colcon_core.verb:set package 'arctos_bringup' build argument 'cmake_target' from command line to 'None'
[0.552s] Level 5:colcon.colcon_core.verb:set package 'arctos_bringup' build argument 'cmake_target_skip_unavailable' from command line to 'False'
[0.552s] Level 5:colcon.colcon_core.verb:set package 'arctos_bringup' build argument 'cmake_clean_cache' from command line to 'False'
[0.552s] Level 5:colcon.colcon_core.verb:set package 'arctos_bringup' build argument 'cmake_clean_first' from command line to 'False'
[0.552s] Level 5:colcon.colcon_core.verb:set package 'arctos_bringup' build argument 'cmake_force_configure' from command line to 'False'
[0.552s] Level 5:colcon.colcon_core.verb:set package 'arctos_bringup' build argument 'ament_cmake_args' from command line to 'None'
[0.552s] Level 5:colcon.colcon_core.verb:set package 'arctos_bringup' build argument 'catkin_cmake_args' from command line to 'None'
[0.552s] Level 5:colcon.colcon_core.verb:set package 'arctos_bringup' build argument 'catkin_skip_building_tests' from command line to 'False'
[0.552s] DEBUG:colcon.colcon_core.verb:Building package 'arctos_bringup' with the following arguments: {'ament_cmake_args': None, 'build_base': '/home/nguyen/ros2_ws/src/ros2_arctos_HCMUT/build/arctos_bringup', 'catkin_cmake_args': None, 'catkin_skip_building_tests': False, 'cmake_args': None, 'cmake_clean_cache': False, 'cmake_clean_first': False, 'cmake_force_configure': False, 'cmake_target': None, 'cmake_target_skip_unavailable': False, 'install_base': '/home/nguyen/ros2_ws/src/ros2_arctos_HCMUT/install/arctos_bringup', 'merge_install': False, 'path': '/home/nguyen/ros2_ws/src/ros2_arctos_HCMUT/arctos_bringup', 'symlink_install': False, 'test_result_base': None}
[0.552s] INFO:colcon.colcon_core.executor:Executing jobs using 'parallel' executor
[0.554s] DEBUG:colcon.colcon_parallel_executor.executor.parallel:run_until_complete
[0.554s] INFO:colcon.colcon_ros.task.ament_cmake.build:Building ROS package in '/home/nguyen/ros2_ws/src/ros2_arctos_HCMUT/serial' with build type 'ament_cmake'
[0.554s] INFO:colcon.colcon_cmake.task.cmake.build:Building CMake package in '/home/nguyen/ros2_ws/src/ros2_arctos_HCMUT/serial'
[0.557s] INFO:colcon.colcon_core.plugin_system:Skipping extension 'colcon_core.shell.bat': Not used on non-Windows systems
[0.558s] INFO:colcon.colcon_core.shell:Skip shell extension 'powershell' for command environment: Not usable outside of PowerShell
[0.558s] DEBUG:colcon.colcon_core.shell:Skip shell extension 'dsv' for command environment
[0.564s] INFO:colcon.colcon_ros.task.ament_cmake.build:Building ROS package in '/home/nguyen/ros2_ws/src/ros2_arctos_HCMUT/arctos_description' with build type 'ament_cmake'
[0.564s] INFO:colcon.colcon_cmake.task.cmake.build:Building CMake package in '/home/nguyen/ros2_ws/src/ros2_arctos_HCMUT/arctos_description'
[0.565s] INFO:colcon.colcon_core.shell:Skip shell extension 'powershell' for command environment: Not usable outside of PowerShell
[0.565s] DEBUG:colcon.colcon_core.shell:Skip shell extension 'dsv' for command environment
[0.573s] INFO:colcon.colcon_ros.task.ament_cmake.build:Building ROS package in '/home/nguyen/ros2_ws/src/ros2_arctos_HCMUT/src/v4l2_camera' with build type 'ament_cmake'
[0.574s] INFO:colcon.colcon_cmake.task.cmake.build:Building CMake package in '/home/nguyen/ros2_ws/src/ros2_arctos_HCMUT/src/v4l2_camera'
[0.574s] INFO:colcon.colcon_core.shell:Skip shell extension 'powershell' for command environment: Not usable outside of PowerShell
[0.574s] DEBUG:colcon.colcon_core.shell:Skip shell extension 'dsv' for command environment
[0.589s] DEBUG:colcon.colcon_core.event_handler.log_command:Invoking command in '/home/nguyen/ros2_ws/src/ros2_arctos_HCMUT/build/serial': CMAKE_PREFIX_PATH=${CMAKE_PREFIX_PATH}:/home/nguyen/ros2_ws_1/install/gazebo_simulation:/opt/ros/humble /usr/bin/cmake /home/nguyen/ros2_ws/src/ros2_arctos_HCMUT/serial -DCMAKE_INSTALL_PREFIX=/home/nguyen/ros2_ws/src/ros2_arctos_HCMUT/install/serial
[0.600s] DEBUG:colcon.colcon_core.event_handler.log_command:Invoking command in '/home/nguyen/ros2_ws/src/ros2_arctos_HCMUT/build/arctos_description': CMAKE_PREFIX_PATH=${CMAKE_PREFIX_PATH}:/home/nguyen/ros2_ws_1/install/gazebo_simulation:/opt/ros/humble /usr/bin/cmake /home/nguyen/ros2_ws/src/ros2_arctos_HCMUT/arctos_description -DCMAKE_INSTALL_PREFIX=/home/nguyen/ros2_ws/src/ros2_arctos_HCMUT/install/arctos_description
[0.606s] DEBUG:colcon.colcon_core.event_handler.log_command:Invoking command in '/home/nguyen/ros2_ws/src/ros2_arctos_HCMUT/build/v4l2_camera': CMAKE_PREFIX_PATH=${CMAKE_PREFIX_PATH}:/home/nguyen/ros2_ws_1/install/gazebo_simulation:/opt/ros/humble /usr/bin/cmake /home/nguyen/ros2_ws/src/ros2_arctos_HCMUT/src/v4l2_camera -DCMAKE_INSTALL_PREFIX=/home/nguyen/ros2_ws/src/ros2_arctos_HCMUT/install/v4l2_camera
[0.979s] DEBUG:colcon.colcon_core.event_handler.log_command:Invoked command in '/home/nguyen/ros2_ws/src/ros2_arctos_HCMUT/build/arctos_description' returned '0': CMAKE_PREFIX_PATH=${CMAKE_PREFIX_PATH}:/home/nguyen/ros2_ws_1/install/gazebo_simulation:/opt/ros/humble /usr/bin/cmake /home/nguyen/ros2_ws/src/ros2_arctos_HCMUT/arctos_description -DCMAKE_INSTALL_PREFIX=/home/nguyen/ros2_ws/src/ros2_arctos_HCMUT/install/arctos_description
[0.980s] DEBUG:colcon.colcon_core.event_handler.log_command:Invoking command in '/home/nguyen/ros2_ws/src/ros2_arctos_HCMUT/build/arctos_description': CMAKE_PREFIX_PATH=${CMAKE_PREFIX_PATH}:/home/nguyen/ros2_ws_1/install/gazebo_simulation:/opt/ros/humble /usr/bin/cmake --build /home/nguyen/ros2_ws/src/ros2_arctos_HCMUT/build/arctos_description -- -j12 -l12
[1.032s] DEBUG:colcon.colcon_core.event_handler.log_command:Invoked command in '/home/nguyen/ros2_ws/src/ros2_arctos_HCMUT/build/serial' returned '0': CMAKE_PREFIX_PATH=${CMAKE_PREFIX_PATH}:/home/nguyen/ros2_ws_1/install/gazebo_simulation:/opt/ros/humble /usr/bin/cmake /home/nguyen/ros2_ws/src/ros2_arctos_HCMUT/serial -DCMAKE_INSTALL_PREFIX=/home/nguyen/ros2_ws/src/ros2_arctos_HCMUT/install/serial
[1.035s] DEBUG:colcon.colcon_core.event_handler.log_command:Invoking command in '/home/nguyen/ros2_ws/src/ros2_arctos_HCMUT/build/serial': CMAKE_PREFIX_PATH=${CMAKE_PREFIX_PATH}:/home/nguyen/ros2_ws_1/install/gazebo_simulation:/opt/ros/humble /usr/bin/cmake --build /home/nguyen/ros2_ws/src/ros2_arctos_HCMUT/build/serial -- -j12 -l12
[1.052s] DEBUG:colcon.colcon_core.event_handler.log_command:Invoked command in '/home/nguyen/ros2_ws/src/ros2_arctos_HCMUT/build/arctos_description' returned '0': CMAKE_PREFIX_PATH=${CMAKE_PREFIX_PATH}:/home/nguyen/ros2_ws_1/install/gazebo_simulation:/opt/ros/humble /usr/bin/cmake --build /home/nguyen/ros2_ws/src/ros2_arctos_HCMUT/build/arctos_description -- -j12 -l12
[1.073s] DEBUG:colcon.colcon_core.event_handler.log_command:Invoking command in '/home/nguyen/ros2_ws/src/ros2_arctos_HCMUT/build/arctos_description': CMAKE_PREFIX_PATH=${CMAKE_PREFIX_PATH}:/home/nguyen/ros2_ws_1/install/gazebo_simulation:/opt/ros/humble /usr/bin/cmake --install /home/nguyen/ros2_ws/src/ros2_arctos_HCMUT/build/arctos_description
[1.123s] Level 1:colcon.colcon_core.environment:create_environment_scripts_only(arctos_description)
[1.124s] DEBUG:colcon.colcon_core.event_handler.log_command:Invoked command in '/home/nguyen/ros2_ws/src/ros2_arctos_HCMUT/build/arctos_description' returned '0': CMAKE_PREFIX_PATH=${CMAKE_PREFIX_PATH}:/home/nguyen/ros2_ws_1/install/gazebo_simulation:/opt/ros/humble /usr/bin/cmake --install /home/nguyen/ros2_ws/src/ros2_arctos_HCMUT/build/arctos_description
[1.128s] Level 1:colcon.colcon_core.environment:checking '/home/nguyen/ros2_ws/src/ros2_arctos_HCMUT/install/arctos_description' for CMake module files
[1.129s] Level 1:colcon.colcon_core.environment:checking '/home/nguyen/ros2_ws/src/ros2_arctos_HCMUT/install/arctos_description' for CMake config files
[1.130s] Level 1:colcon.colcon_core.shell:create_environment_hook('arctos_description', 'cmake_prefix_path')
[1.130s] INFO:colcon.colcon_core.shell:Creating environment hook '/home/nguyen/ros2_ws/src/ros2_arctos_HCMUT/install/arctos_description/share/arctos_description/hook/cmake_prefix_path.ps1'
[1.132s] INFO:colcon.colcon_core.shell:Creating environment descriptor '/home/nguyen/ros2_ws/src/ros2_arctos_HCMUT/install/arctos_description/share/arctos_description/hook/cmake_prefix_path.dsv'
[1.133s] INFO:colcon.colcon_core.shell:Creating environment hook '/home/nguyen/ros2_ws/src/ros2_arctos_HCMUT/install/arctos_description/share/arctos_description/hook/cmake_prefix_path.sh'
[1.136s] Level 1:colcon.colcon_core.environment:checking '/home/nguyen/ros2_ws/src/ros2_arctos_HCMUT/install/arctos_description/bin'
[1.136s] Level 1:colcon.colcon_core.environment:checking '/home/nguyen/ros2_ws/src/ros2_arctos_HCMUT/install/arctos_description/lib/pkgconfig/arctos_description.pc'
[1.137s] Level 1:colcon.colcon_core.environment:checking '/home/nguyen/ros2_ws/src/ros2_arctos_HCMUT/install/arctos_description/lib/python3.10/site-packages'
[1.137s] Level 1:colcon.colcon_core.environment:checking '/home/nguyen/ros2_ws/src/ros2_arctos_HCMUT/install/arctos_description/bin'
[1.138s] INFO:colcon.colcon_core.shell:Creating package script '/home/nguyen/ros2_ws/src/ros2_arctos_HCMUT/install/arctos_description/share/arctos_description/package.ps1'
[1.141s] INFO:colcon.colcon_core.shell:Creating package descriptor '/home/nguyen/ros2_ws/src/ros2_arctos_HCMUT/install/arctos_description/share/arctos_description/package.dsv'
[1.143s] INFO:colcon.colcon_core.shell:Creating package script '/home/nguyen/ros2_ws/src/ros2_arctos_HCMUT/install/arctos_description/share/arctos_description/package.sh'
[1.146s] INFO:colcon.colcon_core.shell:Creating package script '/home/nguyen/ros2_ws/src/ros2_arctos_HCMUT/install/arctos_description/share/arctos_description/package.bash'
[1.148s] INFO:colcon.colcon_core.shell:Creating package script '/home/nguyen/ros2_ws/src/ros2_arctos_HCMUT/install/arctos_description/share/arctos_description/package.zsh'
[1.150s] Level 1:colcon.colcon_core.environment:create_file_with_runtime_dependencies(/home/nguyen/ros2_ws/src/ros2_arctos_HCMUT/install/arctos_description/share/colcon-core/packages/arctos_description)
[1.152s] Level 1:colcon.colcon_core.environment:create_environment_scripts_only(arctos_description)
[1.153s] Level 1:colcon.colcon_core.environment:checking '/home/nguyen/ros2_ws/src/ros2_arctos_HCMUT/install/arctos_description' for CMake module files
[1.155s] Level 1:colcon.colcon_core.environment:checking '/home/nguyen/ros2_ws/src/ros2_arctos_HCMUT/install/arctos_description' for CMake config files
[1.156s] Level 1:colcon.colcon_core.shell:create_environment_hook('arctos_description', 'cmake_prefix_path')
[1.156s] INFO:colcon.colcon_core.shell:Creating environment hook '/home/nguyen/ros2_ws/src/ros2_arctos_HCMUT/install/arctos_description/share/arctos_description/hook/cmake_prefix_path.ps1'
[1.157s] INFO:colcon.colcon_core.shell:Creating environment descriptor '/home/nguyen/ros2_ws/src/ros2_arctos_HCMUT/install/arctos_description/share/arctos_description/hook/cmake_prefix_path.dsv'
[1.158s] INFO:colcon.colcon_core.shell:Creating environment hook '/home/nguyen/ros2_ws/src/ros2_arctos_HCMUT/install/arctos_description/share/arctos_description/hook/cmake_prefix_path.sh'
[1.160s] Level 1:colcon.colcon_core.environment:checking '/home/nguyen/ros2_ws/src/ros2_arctos_HCMUT/install/arctos_description/bin'
[1.160s] Level 1:colcon.colcon_core.environment:checking '/home/nguyen/ros2_ws/src/ros2_arctos_HCMUT/install/arctos_description/lib/pkgconfig/arctos_description.pc'
[1.160s] Level 1:colcon.colcon_core.environment:checking '/home/nguyen/ros2_ws/src/ros2_arctos_HCMUT/install/arctos_description/lib/python3.10/site-packages'
[1.161s] Level 1:colcon.colcon_core.environment:checking '/home/nguyen/ros2_ws/src/ros2_arctos_HCMUT/install/arctos_description/bin'
[1.162s] INFO:colcon.colcon_core.shell:Creating package script '/home/nguyen/ros2_ws/src/ros2_arctos_HCMUT/install/arctos_description/share/arctos_description/package.ps1'
[1.163s] INFO:colcon.colcon_core.shell:Creating package descriptor '/home/nguyen/ros2_ws/src/ros2_arctos_HCMUT/install/arctos_description/share/arctos_description/package.dsv'
[1.164s] INFO:colcon.colcon_core.shell:Creating package script '/home/nguyen/ros2_ws/src/ros2_arctos_HCMUT/install/arctos_description/share/arctos_description/package.sh'
[1.166s] INFO:colcon.colcon_core.shell:Creating package script '/home/nguyen/ros2_ws/src/ros2_arctos_HCMUT/install/arctos_description/share/arctos_description/package.bash'
[1.167s] INFO:colcon.colcon_core.shell:Creating package script '/home/nguyen/ros2_ws/src/ros2_arctos_HCMUT/install/arctos_description/share/arctos_description/package.zsh'
[1.168s] Level 1:colcon.colcon_core.environment:create_file_with_runtime_dependencies(/home/nguyen/ros2_ws/src/ros2_arctos_HCMUT/install/arctos_description/share/colcon-core/packages/arctos_description)
[1.169s] INFO:colcon.colcon_ros.task.ament_cmake.build:Building ROS package in '/home/nguyen/ros2_ws/src/ros2_arctos_HCMUT/arctos_moveit_config' with build type 'ament_cmake'
[1.170s] INFO:colcon.colcon_cmake.task.cmake.build:Building CMake package in '/home/nguyen/ros2_ws/src/ros2_arctos_HCMUT/arctos_moveit_config'
[1.170s] INFO:colcon.colcon_core.shell:Skip shell extension 'powershell' for command environment: Not usable outside of PowerShell
[1.170s] DEBUG:colcon.colcon_core.shell:Skip shell extension 'dsv' for command environment
[1.192s] DEBUG:colcon.colcon_core.event_handler.log_command:Invoking command in '/home/nguyen/ros2_ws/src/ros2_arctos_HCMUT/build/arctos_moveit_config': AMENT_PREFIX_PATH=/home/nguyen/ros2_ws/src/ros2_arctos_HCMUT/install/arctos_description:${AMENT_PREFIX_PATH} CMAKE_PREFIX_PATH=/home/nguyen/ros2_ws/src/ros2_arctos_HCMUT/install/arctos_description:/home/nguyen/ros2_ws_1/install/v4l2_camera:/home/nguyen/ros2_ws_1/install/arctos_system_tests:/home/nguyen/ros2_ws_1/install/arctos_moveit_config:/home/nguyen/ros2_ws_1/install/arctos_motor_driver:/home/nguyen/ros2_ws_1/install/arctos_gazebo:/home/nguyen/ros2_ws_1/install/arctos_description:/home/nguyen/ros2_ws_1/install/arctos_camera:/home/nguyen/ros2_ws_1/install/arctos_bringup:/home/nguyen/ros2_ws/install/arctos_bringup:/home/nguyen/ros2_ws/install/arctos_hardware_interface:/home/nguyen/ros2_ws/install/arctos_motor_driver:/home/nguyen/ros2_ws/install/serial:/home/nguyen/ros2_ws/install/arctos_moveit_config:/home/nguyen/ros2_ws/install/arctos_description:/home/nguyen/ros2_ws_1/install/gazebo_simulation:/opt/ros/humble /usr/bin/cmake /home/nguyen/ros2_ws/src/ros2_arctos_HCMUT/arctos_moveit_config -DCMAKE_INSTALL_PREFIX=/home/nguyen/ros2_ws/src/ros2_arctos_HCMUT/install/arctos_moveit_config
[1.641s] DEBUG:colcon.colcon_core.event_handler.log_command:Invoked command in '/home/nguyen/ros2_ws/src/ros2_arctos_HCMUT/build/arctos_moveit_config' returned '0': AMENT_PREFIX_PATH=/home/nguyen/ros2_ws/src/ros2_arctos_HCMUT/install/arctos_description:${AMENT_PREFIX_PATH} CMAKE_PREFIX_PATH=/home/nguyen/ros2_ws/src/ros2_arctos_HCMUT/install/arctos_description:/home/nguyen/ros2_ws_1/install/v4l2_camera:/home/nguyen/ros2_ws_1/install/arctos_system_tests:/home/nguyen/ros2_ws_1/install/arctos_moveit_config:/home/nguyen/ros2_ws_1/install/arctos_motor_driver:/home/nguyen/ros2_ws_1/install/arctos_gazebo:/home/nguyen/ros2_ws_1/install/arctos_description:/home/nguyen/ros2_ws_1/install/arctos_camera:/home/nguyen/ros2_ws_1/install/arctos_bringup:/home/nguyen/ros2_ws/install/arctos_bringup:/home/nguyen/ros2_ws/install/arctos_hardware_interface:/home/nguyen/ros2_ws/install/arctos_motor_driver:/home/nguyen/ros2_ws/install/serial:/home/nguyen/ros2_ws/install/arctos_moveit_config:/home/nguyen/ros2_ws/install/arctos_description:/home/nguyen/ros2_ws_1/install/gazebo_simulation:/opt/ros/humble /usr/bin/cmake /home/nguyen/ros2_ws/src/ros2_arctos_HCMUT/arctos_moveit_config -DCMAKE_INSTALL_PREFIX=/home/nguyen/ros2_ws/src/ros2_arctos_HCMUT/install/arctos_moveit_config
[1.646s] DEBUG:colcon.colcon_core.event_handler.log_command:Invoking command in '/home/nguyen/ros2_ws/src/ros2_arctos_HCMUT/build/arctos_moveit_config': AMENT_PREFIX_PATH=/home/nguyen/ros2_ws/src/ros2_arctos_HCMUT/install/arctos_description:${AMENT_PREFIX_PATH} CMAKE_PREFIX_PATH=/home/nguyen/ros2_ws/src/ros2_arctos_HCMUT/install/arctos_description:/home/nguyen/ros2_ws_1/install/v4l2_camera:/home/nguyen/ros2_ws_1/install/arctos_system_tests:/home/nguyen/ros2_ws_1/install/arctos_moveit_config:/home/nguyen/ros2_ws_1/install/arctos_motor_driver:/home/nguyen/ros2_ws_1/install/arctos_gazebo:/home/nguyen/ros2_ws_1/install/arctos_description:/home/nguyen/ros2_ws_1/install/arctos_camera:/home/nguyen/ros2_ws_1/install/arctos_bringup:/home/nguyen/ros2_ws/install/arctos_bringup:/home/nguyen/ros2_ws/install/arctos_hardware_interface:/home/nguyen/ros2_ws/install/arctos_motor_driver:/home/nguyen/ros2_ws/install/serial:/home/nguyen/ros2_ws/install/arctos_moveit_config:/home/nguyen/ros2_ws/install/arctos_description:/home/nguyen/ros2_ws_1/install/gazebo_simulation:/opt/ros/humble /usr/bin/cmake --build /home/nguyen/ros2_ws/src/ros2_arctos_HCMUT/build/arctos_moveit_config -- -j12 -l12
[1.756s] DEBUG:colcon.colcon_core.event_handler.log_command:Invoked command in '/home/nguyen/ros2_ws/src/ros2_arctos_HCMUT/build/arctos_moveit_config' returned '0': AMENT_PREFIX_PATH=/home/nguyen/ros2_ws/src/ros2_arctos_HCMUT/install/arctos_description:${AMENT_PREFIX_PATH} CMAKE_PREFIX_PATH=/home/nguyen/ros2_ws/src/ros2_arctos_HCMUT/install/arctos_description:/home/nguyen/ros2_ws_1/install/v4l2_camera:/home/nguyen/ros2_ws_1/install/arctos_system_tests:/home/nguyen/ros2_ws_1/install/arctos_moveit_config:/home/nguyen/ros2_ws_1/install/arctos_motor_driver:/home/nguyen/ros2_ws_1/install/arctos_gazebo:/home/nguyen/ros2_ws_1/install/arctos_description:/home/nguyen/ros2_ws_1/install/arctos_camera:/home/nguyen/ros2_ws_1/install/arctos_bringup:/home/nguyen/ros2_ws/install/arctos_bringup:/home/nguyen/ros2_ws/install/arctos_hardware_interface:/home/nguyen/ros2_ws/install/arctos_motor_driver:/home/nguyen/ros2_ws/install/serial:/home/nguyen/ros2_ws/install/arctos_moveit_config:/home/nguyen/ros2_ws/install/arctos_description:/home/nguyen/ros2_ws_1/install/gazebo_simulation:/opt/ros/humble /usr/bin/cmake --build /home/nguyen/ros2_ws/src/ros2_arctos_HCMUT/build/arctos_moveit_config -- -j12 -l12
[1.761s] DEBUG:colcon.colcon_core.event_handler.log_command:Invoking command in '/home/nguyen/ros2_ws/src/ros2_arctos_HCMUT/build/arctos_moveit_config': AMENT_PREFIX_PATH=/home/nguyen/ros2_ws/src/ros2_arctos_HCMUT/install/arctos_description:${AMENT_PREFIX_PATH} CMAKE_PREFIX_PATH=/home/nguyen/ros2_ws/src/ros2_arctos_HCMUT/install/arctos_description:/home/nguyen/ros2_ws_1/install/v4l2_camera:/home/nguyen/ros2_ws_1/install/arctos_system_tests:/home/nguyen/ros2_ws_1/install/arctos_moveit_config:/home/nguyen/ros2_ws_1/install/arctos_motor_driver:/home/nguyen/ros2_ws_1/install/arctos_gazebo:/home/nguyen/ros2_ws_1/install/arctos_description:/home/nguyen/ros2_ws_1/install/arctos_camera:/home/nguyen/ros2_ws_1/install/arctos_bringup:/home/nguyen/ros2_ws/install/arctos_bringup:/home/nguyen/ros2_ws/install/arctos_hardware_interface:/home/nguyen/ros2_ws/install/arctos_motor_driver:/home/nguyen/ros2_ws/install/serial:/home/nguyen/ros2_ws/install/arctos_moveit_config:/home/nguyen/ros2_ws/install/arctos_description:/home/nguyen/ros2_ws_1/install/gazebo_simulation:/opt/ros/humble /usr/bin/cmake --install /home/nguyen/ros2_ws/src/ros2_arctos_HCMUT/build/arctos_moveit_config
[1.821s] Level 1:colcon.colcon_core.environment:create_environment_scripts_only(arctos_moveit_config)
[1.822s] Level 1:colcon.colcon_core.environment:checking '/home/nguyen/ros2_ws/src/ros2_arctos_HCMUT/install/arctos_moveit_config' for CMake module files
[1.823s] DEBUG:colcon.colcon_core.event_handler.log_command:Invoked command in '/home/nguyen/ros2_ws/src/ros2_arctos_HCMUT/build/arctos_moveit_config' returned '0': AMENT_PREFIX_PATH=/home/nguyen/ros2_ws/src/ros2_arctos_HCMUT/install/arctos_description:${AMENT_PREFIX_PATH} CMAKE_PREFIX_PATH=/home/nguyen/ros2_ws/src/ros2_arctos_HCMUT/install/arctos_description:/home/nguyen/ros2_ws_1/install/v4l2_camera:/home/nguyen/ros2_ws_1/install/arctos_system_tests:/home/nguyen/ros2_ws_1/install/arctos_moveit_config:/home/nguyen/ros2_ws_1/install/arctos_motor_driver:/home/nguyen/ros2_ws_1/install/arctos_gazebo:/home/nguyen/ros2_ws_1/install/arctos_description:/home/nguyen/ros2_ws_1/install/arctos_camera:/home/nguyen/ros2_ws_1/install/arctos_bringup:/home/nguyen/ros2_ws/install/arctos_bringup:/home/nguyen/ros2_ws/install/arctos_hardware_interface:/home/nguyen/ros2_ws/install/arctos_motor_driver:/home/nguyen/ros2_ws/install/serial:/home/nguyen/ros2_ws/install/arctos_moveit_config:/home/nguyen/ros2_ws/install/arctos_description:/home/nguyen/ros2_ws_1/install/gazebo_simulation:/opt/ros/humble /usr/bin/cmake --install /home/nguyen/ros2_ws/src/ros2_arctos_HCMUT/build/arctos_moveit_config
[1.824s] Level 1:colcon.colcon_core.environment:checking '/home/nguyen/ros2_ws/src/ros2_arctos_HCMUT/install/arctos_moveit_config' for CMake config files
[1.825s] Level 1:colcon.colcon_core.shell:create_environment_hook('arctos_moveit_config', 'cmake_prefix_path')
[1.825s] INFO:colcon.colcon_core.shell:Creating environment hook '/home/nguyen/ros2_ws/src/ros2_arctos_HCMUT/install/arctos_moveit_config/share/arctos_moveit_config/hook/cmake_prefix_path.ps1'
[1.827s] INFO:colcon.colcon_core.shell:Creating environment descriptor '/home/nguyen/ros2_ws/src/ros2_arctos_HCMUT/install/arctos_moveit_config/share/arctos_moveit_config/hook/cmake_prefix_path.dsv'
[1.828s] INFO:colcon.colcon_core.shell:Creating environment hook '/home/nguyen/ros2_ws/src/ros2_arctos_HCMUT/install/arctos_moveit_config/share/arctos_moveit_config/hook/cmake_prefix_path.sh'
[1.829s] Level 1:colcon.colcon_core.environment:checking '/home/nguyen/ros2_ws/src/ros2_arctos_HCMUT/install/arctos_moveit_config/bin'
[1.829s] Level 1:colcon.colcon_core.environment:checking '/home/nguyen/ros2_ws/src/ros2_arctos_HCMUT/install/arctos_moveit_config/lib/pkgconfig/arctos_moveit_config.pc'
[1.830s] Level 1:colcon.colcon_core.environment:checking '/home/nguyen/ros2_ws/src/ros2_arctos_HCMUT/install/arctos_moveit_config/lib/python3.10/site-packages'
[1.831s] Level 1:colcon.colcon_core.environment:checking '/home/nguyen/ros2_ws/src/ros2_arctos_HCMUT/install/arctos_moveit_config/bin'
[1.832s] INFO:colcon.colcon_core.shell:Creating package script '/home/nguyen/ros2_ws/src/ros2_arctos_HCMUT/install/arctos_moveit_config/share/arctos_moveit_config/package.ps1'
[1.833s] INFO:colcon.colcon_core.shell:Creating package descriptor '/home/nguyen/ros2_ws/src/ros2_arctos_HCMUT/install/arctos_moveit_config/share/arctos_moveit_config/package.dsv'
[1.835s] INFO:colcon.colcon_core.shell:Creating package script '/home/nguyen/ros2_ws/src/ros2_arctos_HCMUT/install/arctos_moveit_config/share/arctos_moveit_config/package.sh'
[1.836s] INFO:colcon.colcon_core.shell:Creating package script '/home/nguyen/ros2_ws/src/ros2_arctos_HCMUT/install/arctos_moveit_config/share/arctos_moveit_config/package.bash'
[1.838s] INFO:colcon.colcon_core.shell:Creating package script '/home/nguyen/ros2_ws/src/ros2_arctos_HCMUT/install/arctos_moveit_config/share/arctos_moveit_config/package.zsh'
[1.839s] Level 1:colcon.colcon_core.environment:create_file_with_runtime_dependencies(/home/nguyen/ros2_ws/src/ros2_arctos_HCMUT/install/arctos_moveit_config/share/colcon-core/packages/arctos_moveit_config)
[1.841s] Level 1:colcon.colcon_core.environment:create_environment_scripts_only(arctos_moveit_config)
[1.842s] Level 1:colcon.colcon_core.environment:checking '/home/nguyen/ros2_ws/src/ros2_arctos_HCMUT/install/arctos_moveit_config' for CMake module files
[1.843s] Level 1:colcon.colcon_core.environment:checking '/home/nguyen/ros2_ws/src/ros2_arctos_HCMUT/install/arctos_moveit_config' for CMake config files
[1.844s] Level 1:colcon.colcon_core.shell:create_environment_hook('arctos_moveit_config', 'cmake_prefix_path')
[1.845s] INFO:colcon.colcon_core.shell:Creating environment hook '/home/nguyen/ros2_ws/src/ros2_arctos_HCMUT/install/arctos_moveit_config/share/arctos_moveit_config/hook/cmake_prefix_path.ps1'
[1.847s] INFO:colcon.colcon_core.shell:Creating environment descriptor '/home/nguyen/ros2_ws/src/ros2_arctos_HCMUT/install/arctos_moveit_config/share/arctos_moveit_config/hook/cmake_prefix_path.dsv'
[1.848s] INFO:colcon.colcon_core.shell:Creating environment hook '/home/nguyen/ros2_ws/src/ros2_arctos_HCMUT/install/arctos_moveit_config/share/arctos_moveit_config/hook/cmake_prefix_path.sh'
[1.850s] Level 1:colcon.colcon_core.environment:checking '/home/nguyen/ros2_ws/src/ros2_arctos_HCMUT/install/arctos_moveit_config/bin'
[1.850s] Level 1:colcon.colcon_core.environment:checking '/home/nguyen/ros2_ws/src/ros2_arctos_HCMUT/install/arctos_moveit_config/lib/pkgconfig/arctos_moveit_config.pc'
[1.851s] Level 1:colcon.colcon_core.environment:checking '/home/nguyen/ros2_ws/src/ros2_arctos_HCMUT/install/arctos_moveit_config/lib/python3.10/site-packages'
[1.851s] Level 1:colcon.colcon_core.environment:checking '/home/nguyen/ros2_ws/src/ros2_arctos_HCMUT/install/arctos_moveit_config/bin'
[1.852s] INFO:colcon.colcon_core.shell:Creating package script '/home/nguyen/ros2_ws/src/ros2_arctos_HCMUT/install/arctos_moveit_config/share/arctos_moveit_config/package.ps1'
[1.854s] INFO:colcon.colcon_core.shell:Creating package descriptor '/home/nguyen/ros2_ws/src/ros2_arctos_HCMUT/install/arctos_moveit_config/share/arctos_moveit_config/package.dsv'
[1.855s] INFO:colcon.colcon_core.shell:Creating package script '/home/nguyen/ros2_ws/src/ros2_arctos_HCMUT/install/arctos_moveit_config/share/arctos_moveit_config/package.sh'
[1.856s] INFO:colcon.colcon_core.shell:Creating package script '/home/nguyen/ros2_ws/src/ros2_arctos_HCMUT/install/arctos_moveit_config/share/arctos_moveit_config/package.bash'
[1.857s] INFO:colcon.colcon_core.shell:Creating package script '/home/nguyen/ros2_ws/src/ros2_arctos_HCMUT/install/arctos_moveit_config/share/arctos_moveit_config/package.zsh'
[1.858s] Level 1:colcon.colcon_core.environment:create_file_with_runtime_dependencies(/home/nguyen/ros2_ws/src/ros2_arctos_HCMUT/install/arctos_moveit_config/share/colcon-core/packages/arctos_moveit_config)
[3.190s] DEBUG:colcon.colcon_core.event_handler.log_command:Invoked command in '/home/nguyen/ros2_ws/src/ros2_arctos_HCMUT/build/v4l2_camera' returned '0': CMAKE_PREFIX_PATH=${CMAKE_PREFIX_PATH}:/home/nguyen/ros2_ws_1/install/gazebo_simulation:/opt/ros/humble /usr/bin/cmake /home/nguyen/ros2_ws/src/ros2_arctos_HCMUT/src/v4l2_camera -DCMAKE_INSTALL_PREFIX=/home/nguyen/ros2_ws/src/ros2_arctos_HCMUT/install/v4l2_camera
[3.193s] DEBUG:colcon.colcon_core.event_handler.log_command:Invoking command in '/home/nguyen/ros2_ws/src/ros2_arctos_HCMUT/build/v4l2_camera': CMAKE_PREFIX_PATH=${CMAKE_PREFIX_PATH}:/home/nguyen/ros2_ws_1/install/gazebo_simulation:/opt/ros/humble /usr/bin/cmake --build /home/nguyen/ros2_ws/src/ros2_arctos_HCMUT/build/v4l2_camera -- -j12 -l12
[7.357s] DEBUG:colcon.colcon_core.event_handler.log_command:Invoked command in '/home/nguyen/ros2_ws/src/ros2_arctos_HCMUT/build/serial' returned '0': CMAKE_PREFIX_PATH=${CMAKE_PREFIX_PATH}:/home/nguyen/ros2_ws_1/install/gazebo_simulation:/opt/ros/humble /usr/bin/cmake --build /home/nguyen/ros2_ws/src/ros2_arctos_HCMUT/build/serial -- -j12 -l12
[7.360s] DEBUG:colcon.colcon_core.event_handler.log_command:Invoking command in '/home/nguyen/ros2_ws/src/ros2_arctos_HCMUT/build/serial': CMAKE_PREFIX_PATH=${CMAKE_PREFIX_PATH}:/home/nguyen/ros2_ws_1/install/gazebo_simulation:/opt/ros/humble /usr/bin/cmake --install /home/nguyen/ros2_ws/src/ros2_arctos_HCMUT/build/serial
[7.397s] Level 1:colcon.colcon_core.environment:create_environment_scripts_only(serial)
[7.398s] Level 1:colcon.colcon_core.environment:checking '/home/nguyen/ros2_ws/src/ros2_arctos_HCMUT/install/serial' for CMake module files
[7.399s] DEBUG:colcon.colcon_core.event_handler.log_command:Invoked command in '/home/nguyen/ros2_ws/src/ros2_arctos_HCMUT/build/serial' returned '0': CMAKE_PREFIX_PATH=${CMAKE_PREFIX_PATH}:/home/nguyen/ros2_ws_1/install/gazebo_simulation:/opt/ros/humble /usr/bin/cmake --install /home/nguyen/ros2_ws/src/ros2_arctos_HCMUT/build/serial
[7.400s] Level 1:colcon.colcon_core.environment:checking '/home/nguyen/ros2_ws/src/ros2_arctos_HCMUT/install/serial' for CMake config files
[7.400s] Level 1:colcon.colcon_core.shell:create_environment_hook('serial', 'cmake_prefix_path')
[7.400s] INFO:colcon.colcon_core.shell:Creating environment hook '/home/nguyen/ros2_ws/src/ros2_arctos_HCMUT/install/serial/share/serial/hook/cmake_prefix_path.ps1'
[7.401s] INFO:colcon.colcon_core.shell:Creating environment descriptor '/home/nguyen/ros2_ws/src/ros2_arctos_HCMUT/install/serial/share/serial/hook/cmake_prefix_path.dsv'
[7.402s] INFO:colcon.colcon_core.shell:Creating environment hook '/home/nguyen/ros2_ws/src/ros2_arctos_HCMUT/install/serial/share/serial/hook/cmake_prefix_path.sh'
[7.403s] Level 1:colcon.colcon_core.environment:checking '/home/nguyen/ros2_ws/src/ros2_arctos_HCMUT/install/serial/lib'
[7.404s] Level 1:colcon.colcon_core.environment:checking '/home/nguyen/ros2_ws/src/ros2_arctos_HCMUT/install/serial/bin'
[7.404s] Level 1:colcon.colcon_core.environment:checking '/home/nguyen/ros2_ws/src/ros2_arctos_HCMUT/install/serial/lib/pkgconfig/serial.pc'
[7.404s] Level 1:colcon.colcon_core.environment:checking '/home/nguyen/ros2_ws/src/ros2_arctos_HCMUT/install/serial/lib/python3.10/site-packages'
[7.404s] Level 1:colcon.colcon_core.environment:checking '/home/nguyen/ros2_ws/src/ros2_arctos_HCMUT/install/serial/bin'
[7.405s] INFO:colcon.colcon_core.shell:Creating package script '/home/nguyen/ros2_ws/src/ros2_arctos_HCMUT/install/serial/share/serial/package.ps1'
[7.406s] INFO:colcon.colcon_core.shell:Creating package descriptor '/home/nguyen/ros2_ws/src/ros2_arctos_HCMUT/install/serial/share/serial/package.dsv'
[7.406s] INFO:colcon.colcon_core.shell:Creating package script '/home/nguyen/ros2_ws/src/ros2_arctos_HCMUT/install/serial/share/serial/package.sh'
[7.407s] INFO:colcon.colcon_core.shell:Creating package script '/home/nguyen/ros2_ws/src/ros2_arctos_HCMUT/install/serial/share/serial/package.bash'
[7.408s] INFO:colcon.colcon_core.shell:Creating package script '/home/nguyen/ros2_ws/src/ros2_arctos_HCMUT/install/serial/share/serial/package.zsh'
[7.408s] Level 1:colcon.colcon_core.environment:create_file_with_runtime_dependencies(/home/nguyen/ros2_ws/src/ros2_arctos_HCMUT/install/serial/share/colcon-core/packages/serial)
[7.409s] Level 1:colcon.colcon_core.environment:create_environment_scripts_only(serial)
[7.409s] Level 1:colcon.colcon_core.environment:checking '/home/nguyen/ros2_ws/src/ros2_arctos_HCMUT/install/serial' for CMake module files
[7.410s] Level 1:colcon.colcon_core.environment:checking '/home/nguyen/ros2_ws/src/ros2_arctos_HCMUT/install/serial' for CMake config files
[7.410s] Level 1:colcon.colcon_core.shell:create_environment_hook('serial', 'cmake_prefix_path')
[7.411s] INFO:colcon.colcon_core.shell:Creating environment hook '/home/nguyen/ros2_ws/src/ros2_arctos_HCMUT/install/serial/share/serial/hook/cmake_prefix_path.ps1'
[7.412s] INFO:colcon.colcon_core.shell:Creating environment descriptor '/home/nguyen/ros2_ws/src/ros2_arctos_HCMUT/install/serial/share/serial/hook/cmake_prefix_path.dsv'
[7.412s] INFO:colcon.colcon_core.shell:Creating environment hook '/home/nguyen/ros2_ws/src/ros2_arctos_HCMUT/install/serial/share/serial/hook/cmake_prefix_path.sh'
[7.413s] Level 1:colcon.colcon_core.environment:checking '/home/nguyen/ros2_ws/src/ros2_arctos_HCMUT/install/serial/lib'
[7.413s] Level 1:colcon.colcon_core.environment:checking '/home/nguyen/ros2_ws/src/ros2_arctos_HCMUT/install/serial/bin'
[7.413s] Level 1:colcon.colcon_core.environment:checking '/home/nguyen/ros2_ws/src/ros2_arctos_HCMUT/install/serial/lib/pkgconfig/serial.pc'
[7.413s] Level 1:colcon.colcon_core.environment:checking '/home/nguyen/ros2_ws/src/ros2_arctos_HCMUT/install/serial/lib/python3.10/site-packages'
[7.414s] Level 1:colcon.colcon_core.environment:checking '/home/nguyen/ros2_ws/src/ros2_arctos_HCMUT/install/serial/bin'
[7.414s] INFO:colcon.colcon_core.shell:Creating package script '/home/nguyen/ros2_ws/src/ros2_arctos_HCMUT/install/serial/share/serial/package.ps1'
[7.415s] INFO:colcon.colcon_core.shell:Creating package descriptor '/home/nguyen/ros2_ws/src/ros2_arctos_HCMUT/install/serial/share/serial/package.dsv'
[7.416s] INFO:colcon.colcon_core.shell:Creating package script '/home/nguyen/ros2_ws/src/ros2_arctos_HCMUT/install/serial/share/serial/package.sh'
[7.417s] INFO:colcon.colcon_core.shell:Creating package script '/home/nguyen/ros2_ws/src/ros2_arctos_HCMUT/install/serial/share/serial/package.bash'
[7.417s] INFO:colcon.colcon_core.shell:Creating package script '/home/nguyen/ros2_ws/src/ros2_arctos_HCMUT/install/serial/share/serial/package.zsh'
[7.418s] Level 1:colcon.colcon_core.environment:create_file_with_runtime_dependencies(/home/nguyen/ros2_ws/src/ros2_arctos_HCMUT/install/serial/share/colcon-core/packages/serial)
[7.419s] INFO:colcon.colcon_ros.task.ament_cmake.build:Building ROS package in '/home/nguyen/ros2_ws/src/ros2_arctos_HCMUT/arctos_motor_driver' with build type 'ament_cmake'
[7.419s] INFO:colcon.colcon_cmake.task.cmake.build:Building CMake package in '/home/nguyen/ros2_ws/src/ros2_arctos_HCMUT/arctos_motor_driver'
[7.419s] INFO:colcon.colcon_core.shell:Skip shell extension 'powershell' for command environment: Not usable outside of PowerShell
[7.420s] DEBUG:colcon.colcon_core.shell:Skip shell extension 'dsv' for command environment
[7.444s] DEBUG:colcon.colcon_core.event_handler.log_command:Invoking command in '/home/nguyen/ros2_ws/src/ros2_arctos_HCMUT/build/arctos_motor_driver': AMENT_PREFIX_PATH=/home/nguyen/ros2_ws/src/ros2_arctos_HCMUT/install/serial:${AMENT_PREFIX_PATH} CMAKE_PREFIX_PATH=/home/nguyen/ros2_ws/src/ros2_arctos_HCMUT/install/serial:/home/nguyen/ros2_ws_1/install/v4l2_camera:/home/nguyen/ros2_ws_1/install/arctos_system_tests:/home/nguyen/ros2_ws_1/install/arctos_moveit_config:/home/nguyen/ros2_ws_1/install/arctos_motor_driver:/home/nguyen/ros2_ws_1/install/arctos_gazebo:/home/nguyen/ros2_ws_1/install/arctos_description:/home/nguyen/ros2_ws_1/install/arctos_camera:/home/nguyen/ros2_ws_1/install/arctos_bringup:/home/nguyen/ros2_ws/install/arctos_bringup:/home/nguyen/ros2_ws/install/arctos_hardware_interface:/home/nguyen/ros2_ws/install/arctos_motor_driver:/home/nguyen/ros2_ws/install/serial:/home/nguyen/ros2_ws/install/arctos_moveit_config:/home/nguyen/ros2_ws/install/arctos_description:/home/nguyen/ros2_ws_1/install/gazebo_simulation:/opt/ros/humble LD_LIBRARY_PATH=/home/nguyen/ros2_ws/src/ros2_arctos_HCMUT/install/serial/lib:${LD_LIBRARY_PATH} /usr/bin/cmake /home/nguyen/ros2_ws/src/ros2_arctos_HCMUT/arctos_motor_driver -DCMAKE_INSTALL_PREFIX=/home/nguyen/ros2_ws/src/ros2_arctos_HCMUT/install/arctos_motor_driver
[8.324s] DEBUG:colcon.colcon_core.event_handler.log_command:Invoked command in '/home/nguyen/ros2_ws/src/ros2_arctos_HCMUT/build/arctos_motor_driver' returned '0': AMENT_PREFIX_PATH=/home/nguyen/ros2_ws/src/ros2_arctos_HCMUT/install/serial:${AMENT_PREFIX_PATH} CMAKE_PREFIX_PATH=/home/nguyen/ros2_ws/src/ros2_arctos_HCMUT/install/serial:/home/nguyen/ros2_ws_1/install/v4l2_camera:/home/nguyen/ros2_ws_1/install/arctos_system_tests:/home/nguyen/ros2_ws_1/install/arctos_moveit_config:/home/nguyen/ros2_ws_1/install/arctos_motor_driver:/home/nguyen/ros2_ws_1/install/arctos_gazebo:/home/nguyen/ros2_ws_1/install/arctos_description:/home/nguyen/ros2_ws_1/install/arctos_camera:/home/nguyen/ros2_ws_1/install/arctos_bringup:/home/nguyen/ros2_ws/install/arctos_bringup:/home/nguyen/ros2_ws/install/arctos_hardware_interface:/home/nguyen/ros2_ws/install/arctos_motor_driver:/home/nguyen/ros2_ws/install/serial:/home/nguyen/ros2_ws/install/arctos_moveit_config:/home/nguyen/ros2_ws/install/arctos_description:/home/nguyen/ros2_ws_1/install/gazebo_simulation:/opt/ros/humble LD_LIBRARY_PATH=/home/nguyen/ros2_ws/src/ros2_arctos_HCMUT/install/serial/lib:${LD_LIBRARY_PATH} /usr/bin/cmake /home/nguyen/ros2_ws/src/ros2_arctos_HCMUT/arctos_motor_driver -DCMAKE_INSTALL_PREFIX=/home/nguyen/ros2_ws/src/ros2_arctos_HCMUT/install/arctos_motor_driver
[8.328s] DEBUG:colcon.colcon_core.event_handler.log_command:Invoking command in '/home/nguyen/ros2_ws/src/ros2_arctos_HCMUT/build/arctos_motor_driver': AMENT_PREFIX_PATH=/home/nguyen/ros2_ws/src/ros2_arctos_HCMUT/install/serial:${AMENT_PREFIX_PATH} CMAKE_PREFIX_PATH=/home/nguyen/ros2_ws/src/ros2_arctos_HCMUT/install/serial:/home/nguyen/ros2_ws_1/install/v4l2_camera:/home/nguyen/ros2_ws_1/install/arctos_system_tests:/home/nguyen/ros2_ws_1/install/arctos_moveit_config:/home/nguyen/ros2_ws_1/install/arctos_motor_driver:/home/nguyen/ros2_ws_1/install/arctos_gazebo:/home/nguyen/ros2_ws_1/install/arctos_description:/home/nguyen/ros2_ws_1/install/arctos_camera:/home/nguyen/ros2_ws_1/install/arctos_bringup:/home/nguyen/ros2_ws/install/arctos_bringup:/home/nguyen/ros2_ws/install/arctos_hardware_interface:/home/nguyen/ros2_ws/install/arctos_motor_driver:/home/nguyen/ros2_ws/install/serial:/home/nguyen/ros2_ws/install/arctos_moveit_config:/home/nguyen/ros2_ws/install/arctos_description:/home/nguyen/ros2_ws_1/install/gazebo_simulation:/opt/ros/humble LD_LIBRARY_PATH=/home/nguyen/ros2_ws/src/ros2_arctos_HCMUT/install/serial/lib:${LD_LIBRARY_PATH} /usr/bin/cmake --build /home/nguyen/ros2_ws/src/ros2_arctos_HCMUT/build/arctos_motor_driver -- -j12 -l12
[20.776s] DEBUG:colcon.colcon_core.event_handler.log_command:Invoked command in '/home/nguyen/ros2_ws/src/ros2_arctos_HCMUT/build/arctos_motor_driver' returned '0': AMENT_PREFIX_PATH=/home/nguyen/ros2_ws/src/ros2_arctos_HCMUT/install/serial:${AMENT_PREFIX_PATH} CMAKE_PREFIX_PATH=/home/nguyen/ros2_ws/src/ros2_arctos_HCMUT/install/serial:/home/nguyen/ros2_ws_1/install/v4l2_camera:/home/nguyen/ros2_ws_1/install/arctos_system_tests:/home/nguyen/ros2_ws_1/install/arctos_moveit_config:/home/nguyen/ros2_ws_1/install/arctos_motor_driver:/home/nguyen/ros2_ws_1/install/arctos_gazebo:/home/nguyen/ros2_ws_1/install/arctos_description:/home/nguyen/ros2_ws_1/install/arctos_camera:/home/nguyen/ros2_ws_1/install/arctos_bringup:/home/nguyen/ros2_ws/install/arctos_bringup:/home/nguyen/ros2_ws/install/arctos_hardware_interface:/home/nguyen/ros2_ws/install/arctos_motor_driver:/home/nguyen/ros2_ws/install/serial:/home/nguyen/ros2_ws/install/arctos_moveit_config:/home/nguyen/ros2_ws/install/arctos_description:/home/nguyen/ros2_ws_1/install/gazebo_simulation:/opt/ros/humble LD_LIBRARY_PATH=/home/nguyen/ros2_ws/src/ros2_arctos_HCMUT/install/serial/lib:${LD_LIBRARY_PATH} /usr/bin/cmake --build /home/nguyen/ros2_ws/src/ros2_arctos_HCMUT/build/arctos_motor_driver -- -j12 -l12
[20.779s] DEBUG:colcon.colcon_core.event_handler.log_command:Invoking command in '/home/nguyen/ros2_ws/src/ros2_arctos_HCMUT/build/arctos_motor_driver': AMENT_PREFIX_PATH=/home/nguyen/ros2_ws/src/ros2_arctos_HCMUT/install/serial:${AMENT_PREFIX_PATH} CMAKE_PREFIX_PATH=/home/nguyen/ros2_ws/src/ros2_arctos_HCMUT/install/serial:/home/nguyen/ros2_ws_1/install/v4l2_camera:/home/nguyen/ros2_ws_1/install/arctos_system_tests:/home/nguyen/ros2_ws_1/install/arctos_moveit_config:/home/nguyen/ros2_ws_1/install/arctos_motor_driver:/home/nguyen/ros2_ws_1/install/arctos_gazebo:/home/nguyen/ros2_ws_1/install/arctos_description:/home/nguyen/ros2_ws_1/install/arctos_camera:/home/nguyen/ros2_ws_1/install/arctos_bringup:/home/nguyen/ros2_ws/install/arctos_bringup:/home/nguyen/ros2_ws/install/arctos_hardware_interface:/home/nguyen/ros2_ws/install/arctos_motor_driver:/home/nguyen/ros2_ws/install/serial:/home/nguyen/ros2_ws/install/arctos_moveit_config:/home/nguyen/ros2_ws/install/arctos_description:/home/nguyen/ros2_ws_1/install/gazebo_simulation:/opt/ros/humble LD_LIBRARY_PATH=/home/nguyen/ros2_ws/src/ros2_arctos_HCMUT/install/serial/lib:${LD_LIBRARY_PATH} /usr/bin/cmake --install /home/nguyen/ros2_ws/src/ros2_arctos_HCMUT/build/arctos_motor_driver
[20.820s] Level 1:colcon.colcon_core.environment:create_environment_scripts_only(arctos_motor_driver)
[20.821s] Level 1:colcon.colcon_core.environment:checking '/home/nguyen/ros2_ws/src/ros2_arctos_HCMUT/install/arctos_motor_driver' for CMake module files
[20.821s] DEBUG:colcon.colcon_core.event_handler.log_command:Invoked command in '/home/nguyen/ros2_ws/src/ros2_arctos_HCMUT/build/arctos_motor_driver' returned '0': AMENT_PREFIX_PATH=/home/nguyen/ros2_ws/src/ros2_arctos_HCMUT/install/serial:${AMENT_PREFIX_PATH} CMAKE_PREFIX_PATH=/home/nguyen/ros2_ws/src/ros2_arctos_HCMUT/install/serial:/home/nguyen/ros2_ws_1/install/v4l2_camera:/home/nguyen/ros2_ws_1/install/arctos_system_tests:/home/nguyen/ros2_ws_1/install/arctos_moveit_config:/home/nguyen/ros2_ws_1/install/arctos_motor_driver:/home/nguyen/ros2_ws_1/install/arctos_gazebo:/home/nguyen/ros2_ws_1/install/arctos_description:/home/nguyen/ros2_ws_1/install/arctos_camera:/home/nguyen/ros2_ws_1/install/arctos_bringup:/home/nguyen/ros2_ws/install/arctos_bringup:/home/nguyen/ros2_ws/install/arctos_hardware_interface:/home/nguyen/ros2_ws/install/arctos_motor_driver:/home/nguyen/ros2_ws/install/serial:/home/nguyen/ros2_ws/install/arctos_moveit_config:/home/nguyen/ros2_ws/install/arctos_description:/home/nguyen/ros2_ws_1/install/gazebo_simulation:/opt/ros/humble LD_LIBRARY_PATH=/home/nguyen/ros2_ws/src/ros2_arctos_HCMUT/install/serial/lib:${LD_LIBRARY_PATH} /usr/bin/cmake --install /home/nguyen/ros2_ws/src/ros2_arctos_HCMUT/build/arctos_motor_driver
[20.822s] Level 1:colcon.colcon_core.environment:checking '/home/nguyen/ros2_ws/src/ros2_arctos_HCMUT/install/arctos_motor_driver' for CMake config files
[20.823s] Level 1:colcon.colcon_core.shell:create_environment_hook('arctos_motor_driver', 'cmake_prefix_path')
[20.823s] INFO:colcon.colcon_core.shell:Creating environment hook '/home/nguyen/ros2_ws/src/ros2_arctos_HCMUT/install/arctos_motor_driver/share/arctos_motor_driver/hook/cmake_prefix_path.ps1'
[20.823s] INFO:colcon.colcon_core.shell:Creating environment descriptor '/home/nguyen/ros2_ws/src/ros2_arctos_HCMUT/install/arctos_motor_driver/share/arctos_motor_driver/hook/cmake_prefix_path.dsv'
[20.824s] INFO:colcon.colcon_core.shell:Creating environment hook '/home/nguyen/ros2_ws/src/ros2_arctos_HCMUT/install/arctos_motor_driver/share/arctos_motor_driver/hook/cmake_prefix_path.sh'
[20.824s] Level 1:colcon.colcon_core.environment:checking '/home/nguyen/ros2_ws/src/ros2_arctos_HCMUT/install/arctos_motor_driver/lib'
[20.824s] Level 1:colcon.colcon_core.shell:create_environment_hook('arctos_motor_driver', 'ld_library_path_lib')
[20.825s] INFO:colcon.colcon_core.shell:Creating environment hook '/home/nguyen/ros2_ws/src/ros2_arctos_HCMUT/install/arctos_motor_driver/share/arctos_motor_driver/hook/ld_library_path_lib.ps1'
[20.825s] INFO:colcon.colcon_core.shell:Creating environment descriptor '/home/nguyen/ros2_ws/src/ros2_arctos_HCMUT/install/arctos_motor_driver/share/arctos_motor_driver/hook/ld_library_path_lib.dsv'
[20.825s] INFO:colcon.colcon_core.shell:Creating environment hook '/home/nguyen/ros2_ws/src/ros2_arctos_HCMUT/install/arctos_motor_driver/share/arctos_motor_driver/hook/ld_library_path_lib.sh'
[20.826s] Level 1:colcon.colcon_core.environment:checking '/home/nguyen/ros2_ws/src/ros2_arctos_HCMUT/install/arctos_motor_driver/bin'
[20.826s] Level 1:colcon.colcon_core.environment:checking '/home/nguyen/ros2_ws/src/ros2_arctos_HCMUT/install/arctos_motor_driver/lib/pkgconfig/arctos_motor_driver.pc'
[20.826s] Level 1:colcon.colcon_core.environment:checking '/home/nguyen/ros2_ws/src/ros2_arctos_HCMUT/install/arctos_motor_driver/lib/python3.10/site-packages'
[20.826s] Level 1:colcon.colcon_core.environment:checking '/home/nguyen/ros2_ws/src/ros2_arctos_HCMUT/install/arctos_motor_driver/bin'
[20.826s] INFO:colcon.colcon_core.shell:Creating package script '/home/nguyen/ros2_ws/src/ros2_arctos_HCMUT/install/arctos_motor_driver/share/arctos_motor_driver/package.ps1'
[20.827s] INFO:colcon.colcon_core.shell:Creating package descriptor '/home/nguyen/ros2_ws/src/ros2_arctos_HCMUT/install/arctos_motor_driver/share/arctos_motor_driver/package.dsv'
[20.827s] INFO:colcon.colcon_core.shell:Creating package script '/home/nguyen/ros2_ws/src/ros2_arctos_HCMUT/install/arctos_motor_driver/share/arctos_motor_driver/package.sh'
[20.828s] INFO:colcon.colcon_core.shell:Creating package script '/home/nguyen/ros2_ws/src/ros2_arctos_HCMUT/install/arctos_motor_driver/share/arctos_motor_driver/package.bash'
[20.828s] INFO:colcon.colcon_core.shell:Creating package script '/home/nguyen/ros2_ws/src/ros2_arctos_HCMUT/install/arctos_motor_driver/share/arctos_motor_driver/package.zsh'
[20.828s] Level 1:colcon.colcon_core.environment:create_file_with_runtime_dependencies(/home/nguyen/ros2_ws/src/ros2_arctos_HCMUT/install/arctos_motor_driver/share/colcon-core/packages/arctos_motor_driver)
[20.829s] Level 1:colcon.colcon_core.environment:create_environment_scripts_only(arctos_motor_driver)
[20.829s] Level 1:colcon.colcon_core.environment:checking '/home/nguyen/ros2_ws/src/ros2_arctos_HCMUT/install/arctos_motor_driver' for CMake module files
[20.829s] Level 1:colcon.colcon_core.environment:checking '/home/nguyen/ros2_ws/src/ros2_arctos_HCMUT/install/arctos_motor_driver' for CMake config files
[20.830s] Level 1:colcon.colcon_core.shell:create_environment_hook('arctos_motor_driver', 'cmake_prefix_path')
[20.830s] INFO:colcon.colcon_core.shell:Creating environment hook '/home/nguyen/ros2_ws/src/ros2_arctos_HCMUT/install/arctos_motor_driver/share/arctos_motor_driver/hook/cmake_prefix_path.ps1'
[20.830s] INFO:colcon.colcon_core.shell:Creating environment descriptor '/home/nguyen/ros2_ws/src/ros2_arctos_HCMUT/install/arctos_motor_driver/share/arctos_motor_driver/hook/cmake_prefix_path.dsv'
[20.830s] INFO:colcon.colcon_core.shell:Creating environment hook '/home/nguyen/ros2_ws/src/ros2_arctos_HCMUT/install/arctos_motor_driver/share/arctos_motor_driver/hook/cmake_prefix_path.sh'
[20.831s] Level 1:colcon.colcon_core.environment:checking '/home/nguyen/ros2_ws/src/ros2_arctos_HCMUT/install/arctos_motor_driver/lib'
[20.831s] Level 1:colcon.colcon_core.shell:create_environment_hook('arctos_motor_driver', 'ld_library_path_lib')
[20.831s] INFO:colcon.colcon_core.shell:Creating environment hook '/home/nguyen/ros2_ws/src/ros2_arctos_HCMUT/install/arctos_motor_driver/share/arctos_motor_driver/hook/ld_library_path_lib.ps1'
[20.832s] INFO:colcon.colcon_core.shell:Creating environment descriptor '/home/nguyen/ros2_ws/src/ros2_arctos_HCMUT/install/arctos_motor_driver/share/arctos_motor_driver/hook/ld_library_path_lib.dsv'
[20.832s] INFO:colcon.colcon_core.shell:Creating environment hook '/home/nguyen/ros2_ws/src/ros2_arctos_HCMUT/install/arctos_motor_driver/share/arctos_motor_driver/hook/ld_library_path_lib.sh'
[20.832s] Level 1:colcon.colcon_core.environment:checking '/home/nguyen/ros2_ws/src/ros2_arctos_HCMUT/install/arctos_motor_driver/bin'
[20.832s] Level 1:colcon.colcon_core.environment:checking '/home/nguyen/ros2_ws/src/ros2_arctos_HCMUT/install/arctos_motor_driver/lib/pkgconfig/arctos_motor_driver.pc'
[20.832s] Level 1:colcon.colcon_core.environment:checking '/home/nguyen/ros2_ws/src/ros2_arctos_HCMUT/install/arctos_motor_driver/lib/python3.10/site-packages'
[20.833s] Level 1:colcon.colcon_core.environment:checking '/home/nguyen/ros2_ws/src/ros2_arctos_HCMUT/install/arctos_motor_driver/bin'
[20.833s] INFO:colcon.colcon_core.shell:Creating package script '/home/nguyen/ros2_ws/src/ros2_arctos_HCMUT/install/arctos_motor_driver/share/arctos_motor_driver/package.ps1'
[20.834s] INFO:colcon.colcon_core.shell:Creating package descriptor '/home/nguyen/ros2_ws/src/ros2_arctos_HCMUT/install/arctos_motor_driver/share/arctos_motor_driver/package.dsv'
[20.834s] INFO:colcon.colcon_core.shell:Creating package script '/home/nguyen/ros2_ws/src/ros2_arctos_HCMUT/install/arctos_motor_driver/share/arctos_motor_driver/package.sh'
[20.834s] INFO:colcon.colcon_core.shell:Creating package script '/home/nguyen/ros2_ws/src/ros2_arctos_HCMUT/install/arctos_motor_driver/share/arctos_motor_driver/package.bash'
[20.835s] INFO:colcon.colcon_core.shell:Creating package script '/home/nguyen/ros2_ws/src/ros2_arctos_HCMUT/install/arctos_motor_driver/share/arctos_motor_driver/package.zsh'
[20.835s] Level 1:colcon.colcon_core.environment:create_file_with_runtime_dependencies(/home/nguyen/ros2_ws/src/ros2_arctos_HCMUT/install/arctos_motor_driver/share/colcon-core/packages/arctos_motor_driver)
[20.835s] INFO:colcon.colcon_ros.task.ament_cmake.build:Building ROS package in '/home/nguyen/ros2_ws/src/ros2_arctos_HCMUT/arctos_hardware_interface' with build type 'ament_cmake'
[20.836s] INFO:colcon.colcon_cmake.task.cmake.build:Building CMake package in '/home/nguyen/ros2_ws/src/ros2_arctos_HCMUT/arctos_hardware_interface'
[20.836s] INFO:colcon.colcon_core.shell:Skip shell extension 'powershell' for command environment: Not usable outside of PowerShell
[20.836s] DEBUG:colcon.colcon_core.shell:Skip shell extension 'dsv' for command environment
[20.854s] DEBUG:colcon.colcon_core.event_handler.log_command:Invoking command in '/home/nguyen/ros2_ws/src/ros2_arctos_HCMUT/build/arctos_hardware_interface': AMENT_PREFIX_PATH=/home/nguyen/ros2_ws/src/ros2_arctos_HCMUT/install/arctos_motor_driver:/home/nguyen/ros2_ws/src/ros2_arctos_HCMUT/install/serial:${AMENT_PREFIX_PATH} CMAKE_PREFIX_PATH=/home/nguyen/ros2_ws/src/ros2_arctos_HCMUT/install/arctos_motor_driver:/home/nguyen/ros2_ws/src/ros2_arctos_HCMUT/install/serial:/home/nguyen/ros2_ws_1/install/v4l2_camera:/home/nguyen/ros2_ws_1/install/arctos_system_tests:/home/nguyen/ros2_ws_1/install/arctos_moveit_config:/home/nguyen/ros2_ws_1/install/arctos_motor_driver:/home/nguyen/ros2_ws_1/install/arctos_gazebo:/home/nguyen/ros2_ws_1/install/arctos_description:/home/nguyen/ros2_ws_1/install/arctos_camera:/home/nguyen/ros2_ws_1/install/arctos_bringup:/home/nguyen/ros2_ws/install/arctos_bringup:/home/nguyen/ros2_ws/install/arctos_hardware_interface:/home/nguyen/ros2_ws/install/arctos_motor_driver:/home/nguyen/ros2_ws/install/serial:/home/nguyen/ros2_ws/install/arctos_moveit_config:/home/nguyen/ros2_ws/install/arctos_description:/home/nguyen/ros2_ws_1/install/gazebo_simulation:/opt/ros/humble LD_LIBRARY_PATH=/home/nguyen/ros2_ws/src/ros2_arctos_HCMUT/install/arctos_motor_driver/lib:/home/nguyen/ros2_ws/src/ros2_arctos_HCMUT/install/serial/lib:${LD_LIBRARY_PATH} /usr/bin/cmake /home/nguyen/ros2_ws/src/ros2_arctos_HCMUT/arctos_hardware_interface -DCMAKE_INSTALL_PREFIX=/home/nguyen/ros2_ws/src/ros2_arctos_HCMUT/install/arctos_hardware_interface
[21.627s] DEBUG:colcon.colcon_core.event_handler.log_command:Invoked command in '/home/nguyen/ros2_ws/src/ros2_arctos_HCMUT/build/arctos_hardware_interface' returned '0': AMENT_PREFIX_PATH=/home/nguyen/ros2_ws/src/ros2_arctos_HCMUT/install/arctos_motor_driver:/home/nguyen/ros2_ws/src/ros2_arctos_HCMUT/install/serial:${AMENT_PREFIX_PATH} CMAKE_PREFIX_PATH=/home/nguyen/ros2_ws/src/ros2_arctos_HCMUT/install/arctos_motor_driver:/home/nguyen/ros2_ws/src/ros2_arctos_HCMUT/install/serial:/home/nguyen/ros2_ws_1/install/v4l2_camera:/home/nguyen/ros2_ws_1/install/arctos_system_tests:/home/nguyen/ros2_ws_1/install/arctos_moveit_config:/home/nguyen/ros2_ws_1/install/arctos_motor_driver:/home/nguyen/ros2_ws_1/install/arctos_gazebo:/home/nguyen/ros2_ws_1/install/arctos_description:/home/nguyen/ros2_ws_1/install/arctos_camera:/home/nguyen/ros2_ws_1/install/arctos_bringup:/home/nguyen/ros2_ws/install/arctos_bringup:/home/nguyen/ros2_ws/install/arctos_hardware_interface:/home/nguyen/ros2_ws/install/arctos_motor_driver:/home/nguyen/ros2_ws/install/serial:/home/nguyen/ros2_ws/install/arctos_moveit_config:/home/nguyen/ros2_ws/install/arctos_description:/home/nguyen/ros2_ws_1/install/gazebo_simulation:/opt/ros/humble LD_LIBRARY_PATH=/home/nguyen/ros2_ws/src/ros2_arctos_HCMUT/install/arctos_motor_driver/lib:/home/nguyen/ros2_ws/src/ros2_arctos_HCMUT/install/serial/lib:${LD_LIBRARY_PATH} /usr/bin/cmake /home/nguyen/ros2_ws/src/ros2_arctos_HCMUT/arctos_hardware_interface -DCMAKE_INSTALL_PREFIX=/home/nguyen/ros2_ws/src/ros2_arctos_HCMUT/install/arctos_hardware_interface
[21.628s] DEBUG:colcon.colcon_core.event_handler.log_command:Invoking command in '/home/nguyen/ros2_ws/src/ros2_arctos_HCMUT/build/arctos_hardware_interface': AMENT_PREFIX_PATH=/home/nguyen/ros2_ws/src/ros2_arctos_HCMUT/install/arctos_motor_driver:/home/nguyen/ros2_ws/src/ros2_arctos_HCMUT/install/serial:${AMENT_PREFIX_PATH} CMAKE_PREFIX_PATH=/home/nguyen/ros2_ws/src/ros2_arctos_HCMUT/install/arctos_motor_driver:/home/nguyen/ros2_ws/src/ros2_arctos_HCMUT/install/serial:/home/nguyen/ros2_ws_1/install/v4l2_camera:/home/nguyen/ros2_ws_1/install/arctos_system_tests:/home/nguyen/ros2_ws_1/install/arctos_moveit_config:/home/nguyen/ros2_ws_1/install/arctos_motor_driver:/home/nguyen/ros2_ws_1/install/arctos_gazebo:/home/nguyen/ros2_ws_1/install/arctos_description:/home/nguyen/ros2_ws_1/install/arctos_camera:/home/nguyen/ros2_ws_1/install/arctos_bringup:/home/nguyen/ros2_ws/install/arctos_bringup:/home/nguyen/ros2_ws/install/arctos_hardware_interface:/home/nguyen/ros2_ws/install/arctos_motor_driver:/home/nguyen/ros2_ws/install/serial:/home/nguyen/ros2_ws/install/arctos_moveit_config:/home/nguyen/ros2_ws/install/arctos_description:/home/nguyen/ros2_ws_1/install/gazebo_simulation:/opt/ros/humble LD_LIBRARY_PATH=/home/nguyen/ros2_ws/src/ros2_arctos_HCMUT/install/arctos_motor_driver/lib:/home/nguyen/ros2_ws/src/ros2_arctos_HCMUT/install/serial/lib:${LD_LIBRARY_PATH} /usr/bin/cmake --build /home/nguyen/ros2_ws/src/ros2_arctos_HCMUT/build/arctos_hardware_interface -- -j12 -l12
[21.735s] DEBUG:colcon.colcon_core.event_handler.log_command:Invoked command in '/home/nguyen/ros2_ws/src/ros2_arctos_HCMUT/build/v4l2_camera' returned '0': CMAKE_PREFIX_PATH=${CMAKE_PREFIX_PATH}:/home/nguyen/ros2_ws_1/install/gazebo_simulation:/opt/ros/humble /usr/bin/cmake --build /home/nguyen/ros2_ws/src/ros2_arctos_HCMUT/build/v4l2_camera -- -j12 -l12
[21.737s] DEBUG:colcon.colcon_core.event_handler.log_command:Invoking command in '/home/nguyen/ros2_ws/src/ros2_arctos_HCMUT/build/v4l2_camera': CMAKE_PREFIX_PATH=${CMAKE_PREFIX_PATH}:/home/nguyen/ros2_ws_1/install/gazebo_simulation:/opt/ros/humble /usr/bin/cmake --install /home/nguyen/ros2_ws/src/ros2_arctos_HCMUT/build/v4l2_camera
[21.775s] Level 1:colcon.colcon_core.environment:create_environment_scripts_only(v4l2_camera)
[21.776s] Level 1:colcon.colcon_core.environment:checking '/home/nguyen/ros2_ws/src/ros2_arctos_HCMUT/install/v4l2_camera' for CMake module files
[21.776s] DEBUG:colcon.colcon_core.event_handler.log_command:Invoked command in '/home/nguyen/ros2_ws/src/ros2_arctos_HCMUT/build/v4l2_camera' returned '0': CMAKE_PREFIX_PATH=${CMAKE_PREFIX_PATH}:/home/nguyen/ros2_ws_1/install/gazebo_simulation:/opt/ros/humble /usr/bin/cmake --install /home/nguyen/ros2_ws/src/ros2_arctos_HCMUT/build/v4l2_camera
[21.777s] Level 1:colcon.colcon_core.environment:checking '/home/nguyen/ros2_ws/src/ros2_arctos_HCMUT/install/v4l2_camera' for CMake config files
[21.777s] Level 1:colcon.colcon_core.shell:create_environment_hook('v4l2_camera', 'cmake_prefix_path')
[21.777s] INFO:colcon.colcon_core.shell:Creating environment hook '/home/nguyen/ros2_ws/src/ros2_arctos_HCMUT/install/v4l2_camera/share/v4l2_camera/hook/cmake_prefix_path.ps1'
[21.778s] INFO:colcon.colcon_core.shell:Creating environment descriptor '/home/nguyen/ros2_ws/src/ros2_arctos_HCMUT/install/v4l2_camera/share/v4l2_camera/hook/cmake_prefix_path.dsv'
[21.778s] INFO:colcon.colcon_core.shell:Creating environment hook '/home/nguyen/ros2_ws/src/ros2_arctos_HCMUT/install/v4l2_camera/share/v4l2_camera/hook/cmake_prefix_path.sh'
[21.779s] Level 1:colcon.colcon_core.environment:checking '/home/nguyen/ros2_ws/src/ros2_arctos_HCMUT/install/v4l2_camera/lib'
[21.779s] Level 1:colcon.colcon_core.shell:create_environment_hook('v4l2_camera', 'ld_library_path_lib')
[21.779s] INFO:colcon.colcon_core.shell:Creating environment hook '/home/nguyen/ros2_ws/src/ros2_arctos_HCMUT/install/v4l2_camera/share/v4l2_camera/hook/ld_library_path_lib.ps1'
[21.779s] INFO:colcon.colcon_core.shell:Creating environment descriptor '/home/nguyen/ros2_ws/src/ros2_arctos_HCMUT/install/v4l2_camera/share/v4l2_camera/hook/ld_library_path_lib.dsv'
[21.780s] INFO:colcon.colcon_core.shell:Creating environment hook '/home/nguyen/ros2_ws/src/ros2_arctos_HCMUT/install/v4l2_camera/share/v4l2_camera/hook/ld_library_path_lib.sh'
[21.780s] Level 1:colcon.colcon_core.environment:checking '/home/nguyen/ros2_ws/src/ros2_arctos_HCMUT/install/v4l2_camera/bin'
[21.780s] Level 1:colcon.colcon_core.environment:checking '/home/nguyen/ros2_ws/src/ros2_arctos_HCMUT/install/v4l2_camera/lib/pkgconfig/v4l2_camera.pc'
[21.780s] Level 1:colcon.colcon_core.environment:checking '/home/nguyen/ros2_ws/src/ros2_arctos_HCMUT/install/v4l2_camera/lib/python3.10/site-packages'
[21.781s] Level 1:colcon.colcon_core.environment:checking '/home/nguyen/ros2_ws/src/ros2_arctos_HCMUT/install/v4l2_camera/bin'
[21.781s] INFO:colcon.colcon_core.shell:Creating package script '/home/nguyen/ros2_ws/src/ros2_arctos_HCMUT/install/v4l2_camera/share/v4l2_camera/package.ps1'
[21.781s] INFO:colcon.colcon_core.shell:Creating package descriptor '/home/nguyen/ros2_ws/src/ros2_arctos_HCMUT/install/v4l2_camera/share/v4l2_camera/package.dsv'
[21.782s] INFO:colcon.colcon_core.shell:Creating package script '/home/nguyen/ros2_ws/src/ros2_arctos_HCMUT/install/v4l2_camera/share/v4l2_camera/package.sh'
[21.782s] INFO:colcon.colcon_core.shell:Creating package script '/home/nguyen/ros2_ws/src/ros2_arctos_HCMUT/install/v4l2_camera/share/v4l2_camera/package.bash'
[21.782s] INFO:colcon.colcon_core.shell:Creating package script '/home/nguyen/ros2_ws/src/ros2_arctos_HCMUT/install/v4l2_camera/share/v4l2_camera/package.zsh'
[21.783s] Level 1:colcon.colcon_core.environment:create_file_with_runtime_dependencies(/home/nguyen/ros2_ws/src/ros2_arctos_HCMUT/install/v4l2_camera/share/colcon-core/packages/v4l2_camera)
[21.783s] Level 1:colcon.colcon_core.environment:create_environment_scripts_only(v4l2_camera)
[21.783s] Level 1:colcon.colcon_core.environment:checking '/home/nguyen/ros2_ws/src/ros2_arctos_HCMUT/install/v4l2_camera' for CMake module files
[21.784s] Level 1:colcon.colcon_core.environment:checking '/home/nguyen/ros2_ws/src/ros2_arctos_HCMUT/install/v4l2_camera' for CMake config files
[21.784s] Level 1:colcon.colcon_core.shell:create_environment_hook('v4l2_camera', 'cmake_prefix_path')
[21.784s] INFO:colcon.colcon_core.shell:Creating environment hook '/home/nguyen/ros2_ws/src/ros2_arctos_HCMUT/install/v4l2_camera/share/v4l2_camera/hook/cmake_prefix_path.ps1'
[21.785s] INFO:colcon.colcon_core.shell:Creating environment descriptor '/home/nguyen/ros2_ws/src/ros2_arctos_HCMUT/install/v4l2_camera/share/v4l2_camera/hook/cmake_prefix_path.dsv'
[21.785s] INFO:colcon.colcon_core.shell:Creating environment hook '/home/nguyen/ros2_ws/src/ros2_arctos_HCMUT/install/v4l2_camera/share/v4l2_camera/hook/cmake_prefix_path.sh'
[21.786s] Level 1:colcon.colcon_core.environment:checking '/home/nguyen/ros2_ws/src/ros2_arctos_HCMUT/install/v4l2_camera/lib'
[21.786s] Level 1:colcon.colcon_core.shell:create_environment_hook('v4l2_camera', 'ld_library_path_lib')
[21.786s] INFO:colcon.colcon_core.shell:Creating environment hook '/home/nguyen/ros2_ws/src/ros2_arctos_HCMUT/install/v4l2_camera/share/v4l2_camera/hook/ld_library_path_lib.ps1'
[21.786s] INFO:colcon.colcon_core.shell:Creating environment descriptor '/home/nguyen/ros2_ws/src/ros2_arctos_HCMUT/install/v4l2_camera/share/v4l2_camera/hook/ld_library_path_lib.dsv'
[21.787s] INFO:colcon.colcon_core.shell:Creating environment hook '/home/nguyen/ros2_ws/src/ros2_arctos_HCMUT/install/v4l2_camera/share/v4l2_camera/hook/ld_library_path_lib.sh'
[21.787s] Level 1:colcon.colcon_core.environment:checking '/home/nguyen/ros2_ws/src/ros2_arctos_HCMUT/install/v4l2_camera/bin'
[21.787s] Level 1:colcon.colcon_core.environment:checking '/home/nguyen/ros2_ws/src/ros2_arctos_HCMUT/install/v4l2_camera/lib/pkgconfig/v4l2_camera.pc'
[21.787s] Level 1:colcon.colcon_core.environment:checking '/home/nguyen/ros2_ws/src/ros2_arctos_HCMUT/install/v4l2_camera/lib/python3.10/site-packages'
[21.787s] Level 1:colcon.colcon_core.environment:checking '/home/nguyen/ros2_ws/src/ros2_arctos_HCMUT/install/v4l2_camera/bin'
[21.788s] INFO:colcon.colcon_core.shell:Creating package script '/home/nguyen/ros2_ws/src/ros2_arctos_HCMUT/install/v4l2_camera/share/v4l2_camera/package.ps1'
[21.789s] INFO:colcon.colcon_core.shell:Creating package descriptor '/home/nguyen/ros2_ws/src/ros2_arctos_HCMUT/install/v4l2_camera/share/v4l2_camera/package.dsv'
[21.789s] INFO:colcon.colcon_core.shell:Creating package script '/home/nguyen/ros2_ws/src/ros2_arctos_HCMUT/install/v4l2_camera/share/v4l2_camera/package.sh'
[21.789s] INFO:colcon.colcon_core.shell:Creating package script '/home/nguyen/ros2_ws/src/ros2_arctos_HCMUT/install/v4l2_camera/share/v4l2_camera/package.bash'
[21.790s] INFO:colcon.colcon_core.shell:Creating package script '/home/nguyen/ros2_ws/src/ros2_arctos_HCMUT/install/v4l2_camera/share/v4l2_camera/package.zsh'
[21.790s] Level 1:colcon.colcon_core.environment:create_file_with_runtime_dependencies(/home/nguyen/ros2_ws/src/ros2_arctos_HCMUT/install/v4l2_camera/share/colcon-core/packages/v4l2_camera)
[31.612s] DEBUG:colcon.colcon_core.event_handler.log_command:Invoked command in '/home/nguyen/ros2_ws/src/ros2_arctos_HCMUT/build/arctos_hardware_interface' returned '0': AMENT_PREFIX_PATH=/home/nguyen/ros2_ws/src/ros2_arctos_HCMUT/install/arctos_motor_driver:/home/nguyen/ros2_ws/src/ros2_arctos_HCMUT/install/serial:${AMENT_PREFIX_PATH} CMAKE_PREFIX_PATH=/home/nguyen/ros2_ws/src/ros2_arctos_HCMUT/install/arctos_motor_driver:/home/nguyen/ros2_ws/src/ros2_arctos_HCMUT/install/serial:/home/nguyen/ros2_ws_1/install/v4l2_camera:/home/nguyen/ros2_ws_1/install/arctos_system_tests:/home/nguyen/ros2_ws_1/install/arctos_moveit_config:/home/nguyen/ros2_ws_1/install/arctos_motor_driver:/home/nguyen/ros2_ws_1/install/arctos_gazebo:/home/nguyen/ros2_ws_1/install/arctos_description:/home/nguyen/ros2_ws_1/install/arctos_camera:/home/nguyen/ros2_ws_1/install/arctos_bringup:/home/nguyen/ros2_ws/install/arctos_bringup:/home/nguyen/ros2_ws/install/arctos_hardware_interface:/home/nguyen/ros2_ws/install/arctos_motor_driver:/home/nguyen/ros2_ws/install/serial:/home/nguyen/ros2_ws/install/arctos_moveit_config:/home/nguyen/ros2_ws/install/arctos_description:/home/nguyen/ros2_ws_1/install/gazebo_simulation:/opt/ros/humble LD_LIBRARY_PATH=/home/nguyen/ros2_ws/src/ros2_arctos_HCMUT/install/arctos_motor_driver/lib:/home/nguyen/ros2_ws/src/ros2_arctos_HCMUT/install/serial/lib:${LD_LIBRARY_PATH} /usr/bin/cmake --build /home/nguyen/ros2_ws/src/ros2_arctos_HCMUT/build/arctos_hardware_interface -- -j12 -l12
[31.614s] DEBUG:colcon.colcon_core.event_handler.log_command:Invoking command in '/home/nguyen/ros2_ws/src/ros2_arctos_HCMUT/build/arctos_hardware_interface': AMENT_PREFIX_PATH=/home/nguyen/ros2_ws/src/ros2_arctos_HCMUT/install/arctos_motor_driver:/home/nguyen/ros2_ws/src/ros2_arctos_HCMUT/install/serial:${AMENT_PREFIX_PATH} CMAKE_PREFIX_PATH=/home/nguyen/ros2_ws/src/ros2_arctos_HCMUT/install/arctos_motor_driver:/home/nguyen/ros2_ws/src/ros2_arctos_HCMUT/install/serial:/home/nguyen/ros2_ws_1/install/v4l2_camera:/home/nguyen/ros2_ws_1/install/arctos_system_tests:/home/nguyen/ros2_ws_1/install/arctos_moveit_config:/home/nguyen/ros2_ws_1/install/arctos_motor_driver:/home/nguyen/ros2_ws_1/install/arctos_gazebo:/home/nguyen/ros2_ws_1/install/arctos_description:/home/nguyen/ros2_ws_1/install/arctos_camera:/home/nguyen/ros2_ws_1/install/arctos_bringup:/home/nguyen/ros2_ws/install/arctos_bringup:/home/nguyen/ros2_ws/install/arctos_hardware_interface:/home/nguyen/ros2_ws/install/arctos_motor_driver:/home/nguyen/ros2_ws/install/serial:/home/nguyen/ros2_ws/install/arctos_moveit_config:/home/nguyen/ros2_ws/install/arctos_description:/home/nguyen/ros2_ws_1/install/gazebo_simulation:/opt/ros/humble LD_LIBRARY_PATH=/home/nguyen/ros2_ws/src/ros2_arctos_HCMUT/install/arctos_motor_driver/lib:/home/nguyen/ros2_ws/src/ros2_arctos_HCMUT/install/serial/lib:${LD_LIBRARY_PATH} /usr/bin/cmake --install /home/nguyen/ros2_ws/src/ros2_arctos_HCMUT/build/arctos_hardware_interface
[31.650s] Level 1:colcon.colcon_core.environment:create_environment_scripts_only(arctos_hardware_interface)
[31.650s] Level 1:colcon.colcon_core.environment:checking '/home/nguyen/ros2_ws/src/ros2_arctos_HCMUT/install/arctos_hardware_interface' for CMake module files
[31.651s] DEBUG:colcon.colcon_core.event_handler.log_command:Invoked command in '/home/nguyen/ros2_ws/src/ros2_arctos_HCMUT/build/arctos_hardware_interface' returned '0': AMENT_PREFIX_PATH=/home/nguyen/ros2_ws/src/ros2_arctos_HCMUT/install/arctos_motor_driver:/home/nguyen/ros2_ws/src/ros2_arctos_HCMUT/install/serial:${AMENT_PREFIX_PATH} CMAKE_PREFIX_PATH=/home/nguyen/ros2_ws/src/ros2_arctos_HCMUT/install/arctos_motor_driver:/home/nguyen/ros2_ws/src/ros2_arctos_HCMUT/install/serial:/home/nguyen/ros2_ws_1/install/v4l2_camera:/home/nguyen/ros2_ws_1/install/arctos_system_tests:/home/nguyen/ros2_ws_1/install/arctos_moveit_config:/home/nguyen/ros2_ws_1/install/arctos_motor_driver:/home/nguyen/ros2_ws_1/install/arctos_gazebo:/home/nguyen/ros2_ws_1/install/arctos_description:/home/nguyen/ros2_ws_1/install/arctos_camera:/home/nguyen/ros2_ws_1/install/arctos_bringup:/home/nguyen/ros2_ws/install/arctos_bringup:/home/nguyen/ros2_ws/install/arctos_hardware_interface:/home/nguyen/ros2_ws/install/arctos_motor_driver:/home/nguyen/ros2_ws/install/serial:/home/nguyen/ros2_ws/install/arctos_moveit_config:/home/nguyen/ros2_ws/install/arctos_description:/home/nguyen/ros2_ws_1/install/gazebo_simulation:/opt/ros/humble LD_LIBRARY_PATH=/home/nguyen/ros2_ws/src/ros2_arctos_HCMUT/install/arctos_motor_driver/lib:/home/nguyen/ros2_ws/src/ros2_arctos_HCMUT/install/serial/lib:${LD_LIBRARY_PATH} /usr/bin/cmake --install /home/nguyen/ros2_ws/src/ros2_arctos_HCMUT/build/arctos_hardware_interface
[31.651s] Level 1:colcon.colcon_core.environment:checking '/home/nguyen/ros2_ws/src/ros2_arctos_HCMUT/install/arctos_hardware_interface' for CMake config files
[31.652s] Level 1:colcon.colcon_core.shell:create_environment_hook('arctos_hardware_interface', 'cmake_prefix_path')
[31.652s] INFO:colcon.colcon_core.shell:Creating environment hook '/home/nguyen/ros2_ws/src/ros2_arctos_HCMUT/install/arctos_hardware_interface/share/arctos_hardware_interface/hook/cmake_prefix_path.ps1'
[31.652s] INFO:colcon.colcon_core.shell:Creating environment descriptor '/home/nguyen/ros2_ws/src/ros2_arctos_HCMUT/install/arctos_hardware_interface/share/arctos_hardware_interface/hook/cmake_prefix_path.dsv'
[31.652s] INFO:colcon.colcon_core.shell:Creating environment hook '/home/nguyen/ros2_ws/src/ros2_arctos_HCMUT/install/arctos_hardware_interface/share/arctos_hardware_interface/hook/cmake_prefix_path.sh'
[31.653s] Level 1:colcon.colcon_core.environment:checking '/home/nguyen/ros2_ws/src/ros2_arctos_HCMUT/install/arctos_hardware_interface/lib'
[31.653s] Level 1:colcon.colcon_core.shell:create_environment_hook('arctos_hardware_interface', 'ld_library_path_lib')
[31.653s] INFO:colcon.colcon_core.shell:Creating environment hook '/home/nguyen/ros2_ws/src/ros2_arctos_HCMUT/install/arctos_hardware_interface/share/arctos_hardware_interface/hook/ld_library_path_lib.ps1'
[31.654s] INFO:colcon.colcon_core.shell:Creating environment descriptor '/home/nguyen/ros2_ws/src/ros2_arctos_HCMUT/install/arctos_hardware_interface/share/arctos_hardware_interface/hook/ld_library_path_lib.dsv'
[31.654s] INFO:colcon.colcon_core.shell:Creating environment hook '/home/nguyen/ros2_ws/src/ros2_arctos_HCMUT/install/arctos_hardware_interface/share/arctos_hardware_interface/hook/ld_library_path_lib.sh'
[31.654s] Level 1:colcon.colcon_core.environment:checking '/home/nguyen/ros2_ws/src/ros2_arctos_HCMUT/install/arctos_hardware_interface/bin'
[31.654s] Level 1:colcon.colcon_core.environment:checking '/home/nguyen/ros2_ws/src/ros2_arctos_HCMUT/install/arctos_hardware_interface/lib/pkgconfig/arctos_hardware_interface.pc'
[31.654s] Level 1:colcon.colcon_core.environment:checking '/home/nguyen/ros2_ws/src/ros2_arctos_HCMUT/install/arctos_hardware_interface/lib/python3.10/site-packages'
[31.655s] Level 1:colcon.colcon_core.environment:checking '/home/nguyen/ros2_ws/src/ros2_arctos_HCMUT/install/arctos_hardware_interface/bin'
[31.655s] INFO:colcon.colcon_core.shell:Creating package script '/home/nguyen/ros2_ws/src/ros2_arctos_HCMUT/install/arctos_hardware_interface/share/arctos_hardware_interface/package.ps1'
[31.655s] INFO:colcon.colcon_core.shell:Creating package descriptor '/home/nguyen/ros2_ws/src/ros2_arctos_HCMUT/install/arctos_hardware_interface/share/arctos_hardware_interface/package.dsv'
[31.656s] INFO:colcon.colcon_core.shell:Creating package script '/home/nguyen/ros2_ws/src/ros2_arctos_HCMUT/install/arctos_hardware_interface/share/arctos_hardware_interface/package.sh'
[31.656s] INFO:colcon.colcon_core.shell:Creating package script '/home/nguyen/ros2_ws/src/ros2_arctos_HCMUT/install/arctos_hardware_interface/share/arctos_hardware_interface/package.bash'
[31.656s] INFO:colcon.colcon_core.shell:Creating package script '/home/nguyen/ros2_ws/src/ros2_arctos_HCMUT/install/arctos_hardware_interface/share/arctos_hardware_interface/package.zsh'
[31.657s] Level 1:colcon.colcon_core.environment:create_file_with_runtime_dependencies(/home/nguyen/ros2_ws/src/ros2_arctos_HCMUT/install/arctos_hardware_interface/share/colcon-core/packages/arctos_hardware_interface)
[31.657s] Level 1:colcon.colcon_core.environment:create_environment_scripts_only(arctos_hardware_interface)
[31.657s] Level 1:colcon.colcon_core.environment:checking '/home/nguyen/ros2_ws/src/ros2_arctos_HCMUT/install/arctos_hardware_interface' for CMake module files
[31.658s] Level 1:colcon.colcon_core.environment:checking '/home/nguyen/ros2_ws/src/ros2_arctos_HCMUT/install/arctos_hardware_interface' for CMake config files
[31.658s] Level 1:colcon.colcon_core.shell:create_environment_hook('arctos_hardware_interface', 'cmake_prefix_path')
[31.658s] INFO:colcon.colcon_core.shell:Creating environment hook '/home/nguyen/ros2_ws/src/ros2_arctos_HCMUT/install/arctos_hardware_interface/share/arctos_hardware_interface/hook/cmake_prefix_path.ps1'
[31.659s] INFO:colcon.colcon_core.shell:Creating environment descriptor '/home/nguyen/ros2_ws/src/ros2_arctos_HCMUT/install/arctos_hardware_interface/share/arctos_hardware_interface/hook/cmake_prefix_path.dsv'
[31.659s] INFO:colcon.colcon_core.shell:Creating environment hook '/home/nguyen/ros2_ws/src/ros2_arctos_HCMUT/install/arctos_hardware_interface/share/arctos_hardware_interface/hook/cmake_prefix_path.sh'
[31.659s] Level 1:colcon.colcon_core.environment:checking '/home/nguyen/ros2_ws/src/ros2_arctos_HCMUT/install/arctos_hardware_interface/lib'
[31.660s] Level 1:colcon.colcon_core.shell:create_environment_hook('arctos_hardware_interface', 'ld_library_path_lib')
[31.660s] INFO:colcon.colcon_core.shell:Creating environment hook '/home/nguyen/ros2_ws/src/ros2_arctos_HCMUT/install/arctos_hardware_interface/share/arctos_hardware_interface/hook/ld_library_path_lib.ps1'
[31.660s] INFO:colcon.colcon_core.shell:Creating environment descriptor '/home/nguyen/ros2_ws/src/ros2_arctos_HCMUT/install/arctos_hardware_interface/share/arctos_hardware_interface/hook/ld_library_path_lib.dsv'
[31.660s] INFO:colcon.colcon_core.shell:Creating environment hook '/home/nguyen/ros2_ws/src/ros2_arctos_HCMUT/install/arctos_hardware_interface/share/arctos_hardware_interface/hook/ld_library_path_lib.sh'
[31.661s] Level 1:colcon.colcon_core.environment:checking '/home/nguyen/ros2_ws/src/ros2_arctos_HCMUT/install/arctos_hardware_interface/bin'
[31.661s] Level 1:colcon.colcon_core.environment:checking '/home/nguyen/ros2_ws/src/ros2_arctos_HCMUT/install/arctos_hardware_interface/lib/pkgconfig/arctos_hardware_interface.pc'
[31.661s] Level 1:colcon.colcon_core.environment:checking '/home/nguyen/ros2_ws/src/ros2_arctos_HCMUT/install/arctos_hardware_interface/lib/python3.10/site-packages'
[31.661s] Level 1:colcon.colcon_core.environment:checking '/home/nguyen/ros2_ws/src/ros2_arctos_HCMUT/install/arctos_hardware_interface/bin'
[31.661s] INFO:colcon.colcon_core.shell:Creating package script '/home/nguyen/ros2_ws/src/ros2_arctos_HCMUT/install/arctos_hardware_interface/share/arctos_hardware_interface/package.ps1'
[31.662s] INFO:colcon.colcon_core.shell:Creating package descriptor '/home/nguyen/ros2_ws/src/ros2_arctos_HCMUT/install/arctos_hardware_interface/share/arctos_hardware_interface/package.dsv'
[31.662s] INFO:colcon.colcon_core.shell:Creating package script '/home/nguyen/ros2_ws/src/ros2_arctos_HCMUT/install/arctos_hardware_interface/share/arctos_hardware_interface/package.sh'
[31.663s] INFO:colcon.colcon_core.shell:Creating package script '/home/nguyen/ros2_ws/src/ros2_arctos_HCMUT/install/arctos_hardware_interface/share/arctos_hardware_interface/package.bash'
[31.663s] INFO:colcon.colcon_core.shell:Creating package script '/home/nguyen/ros2_ws/src/ros2_arctos_HCMUT/install/arctos_hardware_interface/share/arctos_hardware_interface/package.zsh'
[31.663s] Level 1:colcon.colcon_core.environment:create_file_with_runtime_dependencies(/home/nguyen/ros2_ws/src/ros2_arctos_HCMUT/install/arctos_hardware_interface/share/colcon-core/packages/arctos_hardware_interface)
[31.664s] INFO:colcon.colcon_ros.task.ament_cmake.build:Building ROS package in '/home/nguyen/ros2_ws/src/ros2_arctos_HCMUT/arctos_bringup' with build type 'ament_cmake'
[31.664s] INFO:colcon.colcon_cmake.task.cmake.build:Building CMake package in '/home/nguyen/ros2_ws/src/ros2_arctos_HCMUT/arctos_bringup'
[31.664s] INFO:colcon.colcon_core.shell:Skip shell extension 'powershell' for command environment: Not usable outside of PowerShell
[31.664s] DEBUG:colcon.colcon_core.shell:Skip shell extension 'dsv' for command environment
[31.687s] DEBUG:colcon.colcon_core.event_handler.log_command:Invoking command in '/home/nguyen/ros2_ws/src/ros2_arctos_HCMUT/build/arctos_bringup': AMENT_PREFIX_PATH=/home/nguyen/ros2_ws/src/ros2_arctos_HCMUT/install/arctos_hardware_interface:/home/nguyen/ros2_ws/src/ros2_arctos_HCMUT/install/arctos_moveit_config:/home/nguyen/ros2_ws/src/ros2_arctos_HCMUT/install/arctos_motor_driver:/home/nguyen/ros2_ws/src/ros2_arctos_HCMUT/install/serial:/home/nguyen/ros2_ws/src/ros2_arctos_HCMUT/install/arctos_description:${AMENT_PREFIX_PATH} CMAKE_PREFIX_PATH=/home/nguyen/ros2_ws/src/ros2_arctos_HCMUT/install/arctos_hardware_interface:/home/nguyen/ros2_ws/src/ros2_arctos_HCMUT/install/arctos_moveit_config:/home/nguyen/ros2_ws/src/ros2_arctos_HCMUT/install/arctos_motor_driver:/home/nguyen/ros2_ws/src/ros2_arctos_HCMUT/install/serial:/home/nguyen/ros2_ws/src/ros2_arctos_HCMUT/install/arctos_description:/home/nguyen/ros2_ws_1/install/v4l2_camera:/home/nguyen/ros2_ws_1/install/arctos_system_tests:/home/nguyen/ros2_ws_1/install/arctos_moveit_config:/home/nguyen/ros2_ws_1/install/arctos_motor_driver:/home/nguyen/ros2_ws_1/install/arctos_gazebo:/home/nguyen/ros2_ws_1/install/arctos_description:/home/nguyen/ros2_ws_1/install/arctos_camera:/home/nguyen/ros2_ws_1/install/arctos_bringup:/home/nguyen/ros2_ws/install/arctos_bringup:/home/nguyen/ros2_ws/install/arctos_hardware_interface:/home/nguyen/ros2_ws/install/arctos_motor_driver:/home/nguyen/ros2_ws/install/serial:/home/nguyen/ros2_ws/install/arctos_moveit_config:/home/nguyen/ros2_ws/install/arctos_description:/home/nguyen/ros2_ws_1/install/gazebo_simulation:/opt/ros/humble LD_LIBRARY_PATH=/home/nguyen/ros2_ws/src/ros2_arctos_HCMUT/install/arctos_hardware_interface/lib:/home/nguyen/ros2_ws/src/ros2_arctos_HCMUT/install/arctos_motor_driver/lib:/home/nguyen/ros2_ws/src/ros2_arctos_HCMUT/install/serial/lib:${LD_LIBRARY_PATH} /usr/bin/cmake /home/nguyen/ros2_ws/src/ros2_arctos_HCMUT/arctos_bringup -DCMAKE_INSTALL_PREFIX=/home/nguyen/ros2_ws/src/ros2_arctos_HCMUT/install/arctos_bringup
[32.324s] DEBUG:colcon.colcon_core.event_handler.log_command:Invoked command in '/home/nguyen/ros2_ws/src/ros2_arctos_HCMUT/build/arctos_bringup' returned '0': AMENT_PREFIX_PATH=/home/nguyen/ros2_ws/src/ros2_arctos_HCMUT/install/arctos_hardware_interface:/home/nguyen/ros2_ws/src/ros2_arctos_HCMUT/install/arctos_moveit_config:/home/nguyen/ros2_ws/src/ros2_arctos_HCMUT/install/arctos_motor_driver:/home/nguyen/ros2_ws/src/ros2_arctos_HCMUT/install/serial:/home/nguyen/ros2_ws/src/ros2_arctos_HCMUT/install/arctos_description:${AMENT_PREFIX_PATH} CMAKE_PREFIX_PATH=/home/nguyen/ros2_ws/src/ros2_arctos_HCMUT/install/arctos_hardware_interface:/home/nguyen/ros2_ws/src/ros2_arctos_HCMUT/install/arctos_moveit_config:/home/nguyen/ros2_ws/src/ros2_arctos_HCMUT/install/arctos_motor_driver:/home/nguyen/ros2_ws/src/ros2_arctos_HCMUT/install/serial:/home/nguyen/ros2_ws/src/ros2_arctos_HCMUT/install/arctos_description:/home/nguyen/ros2_ws_1/install/v4l2_camera:/home/nguyen/ros2_ws_1/install/arctos_system_tests:/home/nguyen/ros2_ws_1/install/arctos_moveit_config:/home/nguyen/ros2_ws_1/install/arctos_motor_driver:/home/nguyen/ros2_ws_1/install/arctos_gazebo:/home/nguyen/ros2_ws_1/install/arctos_description:/home/nguyen/ros2_ws_1/install/arctos_camera:/home/nguyen/ros2_ws_1/install/arctos_bringup:/home/nguyen/ros2_ws/install/arctos_bringup:/home/nguyen/ros2_ws/install/arctos_hardware_interface:/home/nguyen/ros2_ws/install/arctos_motor_driver:/home/nguyen/ros2_ws/install/serial:/home/nguyen/ros2_ws/install/arctos_moveit_config:/home/nguyen/ros2_ws/install/arctos_description:/home/nguyen/ros2_ws_1/install/gazebo_simulation:/opt/ros/humble LD_LIBRARY_PATH=/home/nguyen/ros2_ws/src/ros2_arctos_HCMUT/install/arctos_hardware_interface/lib:/home/nguyen/ros2_ws/src/ros2_arctos_HCMUT/install/arctos_motor_driver/lib:/home/nguyen/ros2_ws/src/ros2_arctos_HCMUT/install/serial/lib:${LD_LIBRARY_PATH} /usr/bin/cmake /home/nguyen/ros2_ws/src/ros2_arctos_HCMUT/arctos_bringup -DCMAKE_INSTALL_PREFIX=/home/nguyen/ros2_ws/src/ros2_arctos_HCMUT/install/arctos_bringup
[32.325s] DEBUG:colcon.colcon_core.event_handler.log_command:Invoking command in '/home/nguyen/ros2_ws/src/ros2_arctos_HCMUT/build/arctos_bringup': AMENT_PREFIX_PATH=/home/nguyen/ros2_ws/src/ros2_arctos_HCMUT/install/arctos_hardware_interface:/home/nguyen/ros2_ws/src/ros2_arctos_HCMUT/install/arctos_moveit_config:/home/nguyen/ros2_ws/src/ros2_arctos_HCMUT/install/arctos_motor_driver:/home/nguyen/ros2_ws/src/ros2_arctos_HCMUT/install/serial:/home/nguyen/ros2_ws/src/ros2_arctos_HCMUT/install/arctos_description:${AMENT_PREFIX_PATH} CMAKE_PREFIX_PATH=/home/nguyen/ros2_ws/src/ros2_arctos_HCMUT/install/arctos_hardware_interface:/home/nguyen/ros2_ws/src/ros2_arctos_HCMUT/install/arctos_moveit_config:/home/nguyen/ros2_ws/src/ros2_arctos_HCMUT/install/arctos_motor_driver:/home/nguyen/ros2_ws/src/ros2_arctos_HCMUT/install/serial:/home/nguyen/ros2_ws/src/ros2_arctos_HCMUT/install/arctos_description:/home/nguyen/ros2_ws_1/install/v4l2_camera:/home/nguyen/ros2_ws_1/install/arctos_system_tests:/home/nguyen/ros2_ws_1/install/arctos_moveit_config:/home/nguyen/ros2_ws_1/install/arctos_motor_driver:/home/nguyen/ros2_ws_1/install/arctos_gazebo:/home/nguyen/ros2_ws_1/install/arctos_description:/home/nguyen/ros2_ws_1/install/arctos_camera:/home/nguyen/ros2_ws_1/install/arctos_bringup:/home/nguyen/ros2_ws/install/arctos_bringup:/home/nguyen/ros2_ws/install/arctos_hardware_interface:/home/nguyen/ros2_ws/install/arctos_motor_driver:/home/nguyen/ros2_ws/install/serial:/home/nguyen/ros2_ws/install/arctos_moveit_config:/home/nguyen/ros2_ws/install/arctos_description:/home/nguyen/ros2_ws_1/install/gazebo_simulation:/opt/ros/humble LD_LIBRARY_PATH=/home/nguyen/ros2_ws/src/ros2_arctos_HCMUT/install/arctos_hardware_interface/lib:/home/nguyen/ros2_ws/src/ros2_arctos_HCMUT/install/arctos_motor_driver/lib:/home/nguyen/ros2_ws/src/ros2_arctos_HCMUT/install/serial/lib:${LD_LIBRARY_PATH} /usr/bin/cmake --build /home/nguyen/ros2_ws/src/ros2_arctos_HCMUT/build/arctos_bringup -- -j12 -l12
[32.375s] DEBUG:colcon.colcon_core.event_handler.log_command:Invoked command in '/home/nguyen/ros2_ws/src/ros2_arctos_HCMUT/build/arctos_bringup' returned '0': AMENT_PREFIX_PATH=/home/nguyen/ros2_ws/src/ros2_arctos_HCMUT/install/arctos_hardware_interface:/home/nguyen/ros2_ws/src/ros2_arctos_HCMUT/install/arctos_moveit_config:/home/nguyen/ros2_ws/src/ros2_arctos_HCMUT/install/arctos_motor_driver:/home/nguyen/ros2_ws/src/ros2_arctos_HCMUT/install/serial:/home/nguyen/ros2_ws/src/ros2_arctos_HCMUT/install/arctos_description:${AMENT_PREFIX_PATH} CMAKE_PREFIX_PATH=/home/nguyen/ros2_ws/src/ros2_arctos_HCMUT/install/arctos_hardware_interface:/home/nguyen/ros2_ws/src/ros2_arctos_HCMUT/install/arctos_moveit_config:/home/nguyen/ros2_ws/src/ros2_arctos_HCMUT/install/arctos_motor_driver:/home/nguyen/ros2_ws/src/ros2_arctos_HCMUT/install/serial:/home/nguyen/ros2_ws/src/ros2_arctos_HCMUT/install/arctos_description:/home/nguyen/ros2_ws_1/install/v4l2_camera:/home/nguyen/ros2_ws_1/install/arctos_system_tests:/home/nguyen/ros2_ws_1/install/arctos_moveit_config:/home/nguyen/ros2_ws_1/install/arctos_motor_driver:/home/nguyen/ros2_ws_1/install/arctos_gazebo:/home/nguyen/ros2_ws_1/install/arctos_description:/home/nguyen/ros2_ws_1/install/arctos_camera:/home/nguyen/ros2_ws_1/install/arctos_bringup:/home/nguyen/ros2_ws/install/arctos_bringup:/home/nguyen/ros2_ws/install/arctos_hardware_interface:/home/nguyen/ros2_ws/install/arctos_motor_driver:/home/nguyen/ros2_ws/install/serial:/home/nguyen/ros2_ws/install/arctos_moveit_config:/home/nguyen/ros2_ws/install/arctos_description:/home/nguyen/ros2_ws_1/install/gazebo_simulation:/opt/ros/humble LD_LIBRARY_PATH=/home/nguyen/ros2_ws/src/ros2_arctos_HCMUT/install/arctos_hardware_interface/lib:/home/nguyen/ros2_ws/src/ros2_arctos_HCMUT/install/arctos_motor_driver/lib:/home/nguyen/ros2_ws/src/ros2_arctos_HCMUT/install/serial/lib:${LD_LIBRARY_PATH} /usr/bin/cmake --build /home/nguyen/ros2_ws/src/ros2_arctos_HCMUT/build/arctos_bringup -- -j12 -l12
[32.378s] DEBUG:colcon.colcon_core.event_handler.log_command:Invoking command in '/home/nguyen/ros2_ws/src/ros2_arctos_HCMUT/build/arctos_bringup': AMENT_PREFIX_PATH=/home/nguyen/ros2_ws/src/ros2_arctos_HCMUT/install/arctos_hardware_interface:/home/nguyen/ros2_ws/src/ros2_arctos_HCMUT/install/arctos_moveit_config:/home/nguyen/ros2_ws/src/ros2_arctos_HCMUT/install/arctos_motor_driver:/home/nguyen/ros2_ws/src/ros2_arctos_HCMUT/install/serial:/home/nguyen/ros2_ws/src/ros2_arctos_HCMUT/install/arctos_description:${AMENT_PREFIX_PATH} CMAKE_PREFIX_PATH=/home/nguyen/ros2_ws/src/ros2_arctos_HCMUT/install/arctos_hardware_interface:/home/nguyen/ros2_ws/src/ros2_arctos_HCMUT/install/arctos_moveit_config:/home/nguyen/ros2_ws/src/ros2_arctos_HCMUT/install/arctos_motor_driver:/home/nguyen/ros2_ws/src/ros2_arctos_HCMUT/install/serial:/home/nguyen/ros2_ws/src/ros2_arctos_HCMUT/install/arctos_description:/home/nguyen/ros2_ws_1/install/v4l2_camera:/home/nguyen/ros2_ws_1/install/arctos_system_tests:/home/nguyen/ros2_ws_1/install/arctos_moveit_config:/home/nguyen/ros2_ws_1/install/arctos_motor_driver:/home/nguyen/ros2_ws_1/install/arctos_gazebo:/home/nguyen/ros2_ws_1/install/arctos_description:/home/nguyen/ros2_ws_1/install/arctos_camera:/home/nguyen/ros2_ws_1/install/arctos_bringup:/home/nguyen/ros2_ws/install/arctos_bringup:/home/nguyen/ros2_ws/install/arctos_hardware_interface:/home/nguyen/ros2_ws/install/arctos_motor_driver:/home/nguyen/ros2_ws/install/serial:/home/nguyen/ros2_ws/install/arctos_moveit_config:/home/nguyen/ros2_ws/install/arctos_description:/home/nguyen/ros2_ws_1/install/gazebo_simulation:/opt/ros/humble LD_LIBRARY_PATH=/home/nguyen/ros2_ws/src/ros2_arctos_HCMUT/install/arctos_hardware_interface/lib:/home/nguyen/ros2_ws/src/ros2_arctos_HCMUT/install/arctos_motor_driver/lib:/home/nguyen/ros2_ws/src/ros2_arctos_HCMUT/install/serial/lib:${LD_LIBRARY_PATH} /usr/bin/cmake --install /home/nguyen/ros2_ws/src/ros2_arctos_HCMUT/build/arctos_bringup
[32.404s] Level 1:colcon.colcon_core.environment:create_environment_scripts_only(arctos_bringup)
[32.404s] Level 1:colcon.colcon_core.environment:checking '/home/nguyen/ros2_ws/src/ros2_arctos_HCMUT/install/arctos_bringup' for CMake module files
[32.405s] DEBUG:colcon.colcon_core.event_handler.log_command:Invoked command in '/home/nguyen/ros2_ws/src/ros2_arctos_HCMUT/build/arctos_bringup' returned '0': AMENT_PREFIX_PATH=/home/nguyen/ros2_ws/src/ros2_arctos_HCMUT/install/arctos_hardware_interface:/home/nguyen/ros2_ws/src/ros2_arctos_HCMUT/install/arctos_moveit_config:/home/nguyen/ros2_ws/src/ros2_arctos_HCMUT/install/arctos_motor_driver:/home/nguyen/ros2_ws/src/ros2_arctos_HCMUT/install/serial:/home/nguyen/ros2_ws/src/ros2_arctos_HCMUT/install/arctos_description:${AMENT_PREFIX_PATH} CMAKE_PREFIX_PATH=/home/nguyen/ros2_ws/src/ros2_arctos_HCMUT/install/arctos_hardware_interface:/home/nguyen/ros2_ws/src/ros2_arctos_HCMUT/install/arctos_moveit_config:/home/nguyen/ros2_ws/src/ros2_arctos_HCMUT/install/arctos_motor_driver:/home/nguyen/ros2_ws/src/ros2_arctos_HCMUT/install/serial:/home/nguyen/ros2_ws/src/ros2_arctos_HCMUT/install/arctos_description:/home/nguyen/ros2_ws_1/install/v4l2_camera:/home/nguyen/ros2_ws_1/install/arctos_system_tests:/home/nguyen/ros2_ws_1/install/arctos_moveit_config:/home/nguyen/ros2_ws_1/install/arctos_motor_driver:/home/nguyen/ros2_ws_1/install/arctos_gazebo:/home/nguyen/ros2_ws_1/install/arctos_description:/home/nguyen/ros2_ws_1/install/arctos_camera:/home/nguyen/ros2_ws_1/install/arctos_bringup:/home/nguyen/ros2_ws/install/arctos_bringup:/home/nguyen/ros2_ws/install/arctos_hardware_interface:/home/nguyen/ros2_ws/install/arctos_motor_driver:/home/nguyen/ros2_ws/install/serial:/home/nguyen/ros2_ws/install/arctos_moveit_config:/home/nguyen/ros2_ws/install/arctos_description:/home/nguyen/ros2_ws_1/install/gazebo_simulation:/opt/ros/humble LD_LIBRARY_PATH=/home/nguyen/ros2_ws/src/ros2_arctos_HCMUT/install/arctos_hardware_interface/lib:/home/nguyen/ros2_ws/src/ros2_arctos_HCMUT/install/arctos_motor_driver/lib:/home/nguyen/ros2_ws/src/ros2_arctos_HCMUT/install/serial/lib:${LD_LIBRARY_PATH} /usr/bin/cmake --install /home/nguyen/ros2_ws/src/ros2_arctos_HCMUT/build/arctos_bringup
[32.405s] Level 1:colcon.colcon_core.environment:checking '/home/nguyen/ros2_ws/src/ros2_arctos_HCMUT/install/arctos_bringup' for CMake config files
[32.406s] Level 1:colcon.colcon_core.shell:create_environment_hook('arctos_bringup', 'cmake_prefix_path')
[32.406s] INFO:colcon.colcon_core.shell:Creating environment hook '/home/nguyen/ros2_ws/src/ros2_arctos_HCMUT/install/arctos_bringup/share/arctos_bringup/hook/cmake_prefix_path.ps1'
[32.406s] INFO:colcon.colcon_core.shell:Creating environment descriptor '/home/nguyen/ros2_ws/src/ros2_arctos_HCMUT/install/arctos_bringup/share/arctos_bringup/hook/cmake_prefix_path.dsv'
[32.407s] INFO:colcon.colcon_core.shell:Creating environment hook '/home/nguyen/ros2_ws/src/ros2_arctos_HCMUT/install/arctos_bringup/share/arctos_bringup/hook/cmake_prefix_path.sh'
[32.407s] Level 1:colcon.colcon_core.environment:checking '/home/nguyen/ros2_ws/src/ros2_arctos_HCMUT/install/arctos_bringup/bin'
[32.407s] Level 1:colcon.colcon_core.environment:checking '/home/nguyen/ros2_ws/src/ros2_arctos_HCMUT/install/arctos_bringup/lib/pkgconfig/arctos_bringup.pc'
[32.407s] Level 1:colcon.colcon_core.environment:checking '/home/nguyen/ros2_ws/src/ros2_arctos_HCMUT/install/arctos_bringup/lib/python3.10/site-packages'
[32.408s] Level 1:colcon.colcon_core.environment:checking '/home/nguyen/ros2_ws/src/ros2_arctos_HCMUT/install/arctos_bringup/bin'
[32.408s] INFO:colcon.colcon_core.shell:Creating package script '/home/nguyen/ros2_ws/src/ros2_arctos_HCMUT/install/arctos_bringup/share/arctos_bringup/package.ps1'
[32.409s] INFO:colcon.colcon_core.shell:Creating package descriptor '/home/nguyen/ros2_ws/src/ros2_arctos_HCMUT/install/arctos_bringup/share/arctos_bringup/package.dsv'
[32.410s] INFO:colcon.colcon_core.shell:Creating package script '/home/nguyen/ros2_ws/src/ros2_arctos_HCMUT/install/arctos_bringup/share/arctos_bringup/package.sh'
[32.411s] INFO:colcon.colcon_core.shell:Creating package script '/home/nguyen/ros2_ws/src/ros2_arctos_HCMUT/install/arctos_bringup/share/arctos_bringup/package.bash'
[32.411s] INFO:colcon.colcon_core.shell:Creating package script '/home/nguyen/ros2_ws/src/ros2_arctos_HCMUT/install/arctos_bringup/share/arctos_bringup/package.zsh'
[32.411s] Level 1:colcon.colcon_core.environment:create_file_with_runtime_dependencies(/home/nguyen/ros2_ws/src/ros2_arctos_HCMUT/install/arctos_bringup/share/colcon-core/packages/arctos_bringup)
[32.412s] Level 1:colcon.colcon_core.environment:create_environment_scripts_only(arctos_bringup)
[32.412s] Level 1:colcon.colcon_core.environment:checking '/home/nguyen/ros2_ws/src/ros2_arctos_HCMUT/install/arctos_bringup' for CMake module files
[32.413s] Level 1:colcon.colcon_core.environment:checking '/home/nguyen/ros2_ws/src/ros2_arctos_HCMUT/install/arctos_bringup' for CMake config files
[32.413s] Level 1:colcon.colcon_core.shell:create_environment_hook('arctos_bringup', 'cmake_prefix_path')
[32.413s] INFO:colcon.colcon_core.shell:Creating environment hook '/home/nguyen/ros2_ws/src/ros2_arctos_HCMUT/install/arctos_bringup/share/arctos_bringup/hook/cmake_prefix_path.ps1'
[32.414s] INFO:colcon.colcon_core.shell:Creating environment descriptor '/home/nguyen/ros2_ws/src/ros2_arctos_HCMUT/install/arctos_bringup/share/arctos_bringup/hook/cmake_prefix_path.dsv'
[32.414s] INFO:colcon.colcon_core.shell:Creating environment hook '/home/nguyen/ros2_ws/src/ros2_arctos_HCMUT/install/arctos_bringup/share/arctos_bringup/hook/cmake_prefix_path.sh'
[32.414s] Level 1:colcon.colcon_core.environment:checking '/home/nguyen/ros2_ws/src/ros2_arctos_HCMUT/install/arctos_bringup/bin'
[32.414s] Level 1:colcon.colcon_core.environment:checking '/home/nguyen/ros2_ws/src/ros2_arctos_HCMUT/install/arctos_bringup/lib/pkgconfig/arctos_bringup.pc'
[32.415s] Level 1:colcon.colcon_core.environment:checking '/home/nguyen/ros2_ws/src/ros2_arctos_HCMUT/install/arctos_bringup/lib/python3.10/site-packages'
[32.415s] Level 1:colcon.colcon_core.environment:checking '/home/nguyen/ros2_ws/src/ros2_arctos_HCMUT/install/arctos_bringup/bin'
[32.415s] INFO:colcon.colcon_core.shell:Creating package script '/home/nguyen/ros2_ws/src/ros2_arctos_HCMUT/install/arctos_bringup/share/arctos_bringup/package.ps1'
[32.416s] INFO:colcon.colcon_core.shell:Creating package descriptor '/home/nguyen/ros2_ws/src/ros2_arctos_HCMUT/install/arctos_bringup/share/arctos_bringup/package.dsv'
[32.416s] INFO:colcon.colcon_core.shell:Creating package script '/home/nguyen/ros2_ws/src/ros2_arctos_HCMUT/install/arctos_bringup/share/arctos_bringup/package.sh'
[32.416s] INFO:colcon.colcon_core.shell:Creating package script '/home/nguyen/ros2_ws/src/ros2_arctos_HCMUT/install/arctos_bringup/share/arctos_bringup/package.bash'
[32.417s] INFO:colcon.colcon_core.shell:Creating package script '/home/nguyen/ros2_ws/src/ros2_arctos_HCMUT/install/arctos_bringup/share/arctos_bringup/package.zsh'
[32.417s] Level 1:colcon.colcon_core.environment:create_file_with_runtime_dependencies(/home/nguyen/ros2_ws/src/ros2_arctos_HCMUT/install/arctos_bringup/share/colcon-core/packages/arctos_bringup)
[32.418s] DEBUG:colcon.colcon_parallel_executor.executor.parallel:closing loop
[32.418s] DEBUG:colcon.colcon_parallel_executor.executor.parallel:loop closed
[32.418s] DEBUG:colcon.colcon_parallel_executor.executor.parallel:run_until_complete finished with '0'
[32.418s] DEBUG:colcon.colcon_core.event_reactor:joining thread
[32.423s] INFO:colcon.colcon_core.plugin_system:Skipping extension 'colcon_notification.desktop_notification.terminal_notifier': Not used on non-Darwin systems
[32.423s] INFO:colcon.colcon_core.plugin_system:Skipping extension 'colcon_notification.desktop_notification.win32': Not used on non-Windows systems
[32.423s] INFO:colcon.colcon_notification.desktop_notification:Sending desktop notification using 'notify2'
[32.436s] DEBUG:colcon.colcon_core.event_reactor:joined thread
[32.437s] INFO:colcon.colcon_core.shell:Creating prefix script '/home/nguyen/ros2_ws/src/ros2_arctos_HCMUT/install/local_setup.ps1'
[32.438s] INFO:colcon.colcon_core.shell:Creating prefix util module '/home/nguyen/ros2_ws/src/ros2_arctos_HCMUT/install/_local_setup_util_ps1.py'
[32.439s] INFO:colcon.colcon_core.shell:Creating prefix chain script '/home/nguyen/ros2_ws/src/ros2_arctos_HCMUT/install/setup.ps1'
[32.442s] INFO:colcon.colcon_core.shell:Creating prefix script '/home/nguyen/ros2_ws/src/ros2_arctos_HCMUT/install/local_setup.sh'
[32.443s] INFO:colcon.colcon_core.shell:Creating prefix util module '/home/nguyen/ros2_ws/src/ros2_arctos_HCMUT/install/_local_setup_util_sh.py'
[32.444s] INFO:colcon.colcon_core.shell:Creating prefix chain script '/home/nguyen/ros2_ws/src/ros2_arctos_HCMUT/install/setup.sh'
[32.445s] INFO:colcon.colcon_core.shell:Creating prefix script '/home/nguyen/ros2_ws/src/ros2_arctos_HCMUT/install/local_setup.bash'
[32.446s] INFO:colcon.colcon_core.shell:Creating prefix chain script '/home/nguyen/ros2_ws/src/ros2_arctos_HCMUT/install/setup.bash'
[32.447s] INFO:colcon.colcon_core.shell:Creating prefix script '/home/nguyen/ros2_ws/src/ros2_arctos_HCMUT/install/local_setup.zsh'
[32.448s] INFO:colcon.colcon_core.shell:Creating prefix chain script '/home/nguyen/ros2_ws/src/ros2_arctos_HCMUT/install/setup.zsh'
