timestamp,event,joint,value_rad,value_deg,unit,file,line,highlight
1772355710.276,Sent velocity command,C_joint,0.319,18.27735366467326,rad/s,log_1_3_2026,10,
1772355710.276,Sent position command,C_joint,0.00658,0.3770062291960817,rad,log_1_3_2026,12,
1772355710.326,Sent velocity command,C_joint,0.6,34.37746770784939,rad/s,log_1_3_2026,14,
1772355710.326,Sent position command,C_joint,0.03001,1.7194463431876004,rad,log_1_3_2026,16,
1772355710.376,Sent velocity command,C_joint,0.901,51.62349734128718,rad/s,log_1_3_2026,20,
1772355710.376,Sent position command,C_joint,0.06759,3.872621737289234,rad,log_1_3_2026,22,
1772355710.426,Sent velocity command,C_joint,1.2,68.75493541569878,rad/s,log_1_3_2026,24,
1772355710.426,Sent position command,C_joint,0.12,6.875493541569878,rad,log_1_3_2026,26,
1772355710.476,Updated motor position,motor_6,,0.0,deg,log_1_3_2026,29,***
1772355710.476,Sent velocity command,C_joint,1.501,86.00096504913655,rad/s,log_1_3_2026,30,
1772355710.476,Sent position command,C_joint,0.18766,10.752125983425028,rad,log_1_3_2026,32,
1772355710.526,Sent velocity command,C_joint,1.8,103.13240312354819,rad/s,log_1_3_2026,34,
1772355710.526,Sent position command,C_joint,0.27,15.469860468532229,rad,log_1_3_2026,36,
1772355710.576,Updated motor position,motor_6,,0.3,deg,log_1_3_2026,39,***
1772355710.576,Sent velocity command,C_joint,2.101,120.37843275698596,rad/s,log_1_3_2026,40,
1772355710.576,Sent position command,C_joint,0.36774,21.069949958140896,rad,log_1_3_2026,42,
1772355710.626,Sent velocity command,C_joint,2.4,137.50987083139756,rad/s,log_1_3_2026,44,
1772355710.626,Sent position command,C_joint,0.47998,27.500828250689253,rad,log_1_3_2026,46,
1772355710.676,Updated motor position,motor_6,,1.16,deg,log_1_3_2026,49,***
1772355710.676,Sent velocity command,C_joint,2.701,154.75590046483535,rad/s,log_1_3_2026,50,
1772355710.676,Sent position command,C_joint,0.60787,34.82838549261735,rad,log_1_3_2026,52,
1772355710.726,Sent velocity command,C_joint,3.0,171.88733853924697,rad/s,log_1_3_2026,54,
1772355710.726,Sent position command,C_joint,0.75,42.97183463481174,rad,log_1_3_2026,56,
1772355710.776,Updated motor position,motor_6,,1.79,deg,log_1_3_2026,59,***
1772355710.776,Sent velocity command,C_joint,3.154,180.71088858426165,rad/s,log_1_3_2026,60,
1772355710.776,Sent position command,C_joint,0.90534,51.87216102437395,rad,log_1_3_2026,62,
1772355710.826,Sent velocity command,C_joint,3.142,180.02333923010465,rad/s,log_1_3_2026,64,
1772355710.826,Sent position command,C_joint,1.06247,60.87504685926458,rad,log_1_3_2026,66,
1772355710.876,Updated motor position,motor_6,,3.49,deg,log_1_3_2026,69,***
1772355710.876,Sent position command,C_joint,1.21989,69.89454847021399,rad,log_1_3_2026,71,
1772355710.926,Sent position command,C_joint,1.37662,78.87451599329938,rad,log_1_3_2026,74,
1772355710.976,Updated motor position,motor_6,,5.32,deg,log_1_3_2026,77,***
1772355710.976,Sent position command,C_joint,1.53407,87.8957364776342,rad,log_1_3_2026,79,
1772355711.026,Sent position command,C_joint,1.69079,96.87513104292447,rad,log_1_3_2026,82,
1772355711.076,Updated motor position,motor_6,,6.93,deg,log_1_3_2026,85,***
1772355711.076,Sent position command,C_joint,1.84822,105.89520561166901,rad,log_1_3_2026,87,
1772355711.126,Sent position command,C_joint,2.00497,114.87631905034468,rad,log_1_3_2026,90,
1772355711.176,Updated motor position,motor_6,,9.87,deg,log_1_3_2026,93,***
1772355711.176,Sent position command,C_joint,2.16235,123.89352883011357,rad,log_1_3_2026,95,
1772355711.226,Sent position command,C_joint,2.3191,132.87464226878922,rad,log_1_3_2026,98,
1772355711.276,Updated motor position,motor_6,,12.9,deg,log_1_3_2026,101,***
1772355711.276,Sent position command,C_joint,2.47667,141.9027382466656,rad,log_1_3_2026,103,
1772355711.326,Sent position command,C_joint,2.63327,150.8752573184143,rad,log_1_3_2026,106,
1772355711.376,Updated motor position,motor_6,,15.87,deg,log_1_3_2026,109,***
1772355711.376,Sent position command,C_joint,2.7908,159.90106146511013,rad,log_1_3_2026,111,
1772355711.426,Sent position command,C_joint,2.94744,168.87587236803935,rad,log_1_3_2026,114,
1772355711.476,Updated motor position,motor_6,,19.39,deg,log_1_3_2026,117,***
1772355711.476,Sent position command,C_joint,3.10495,177.90053059914496,rad,log_1_3_2026,119,
1772355711.526,Sent position command,C_joint,3.26158,186.87476854427905,rad,log_1_3_2026,122,
1772355711.576,Updated motor position,motor_6,,23.98,deg,log_1_3_2026,125,***
1772355711.576,Sent position command,C_joint,3.41904,195.89656198640898,rad,log_1_3_2026,127,
1772355711.626,Sent position command,C_joint,3.57577,204.87652950949436,rad,log_1_3_2026,130,
1772355711.676,Updated motor position,motor_6,,28.12,deg,log_1_3_2026,133,***
1772355711.676,Sent position command,C_joint,3.73322,213.8977499938292,rad,log_1_3_2026,135,
1772355711.726,Sent position command,C_joint,3.88992,222.8759986435292,rad,log_1_3_2026,138,
1772355711.776,Updated motor position,motor_6,,33.32,deg,log_1_3_2026,141,***
1772355711.776,Sent position command,C_joint,4.04766,231.91383490392278,rad,log_1_3_2026,143,
1772355711.826,Sent position command,C_joint,4.20414,240.8794784821299,rad,log_1_3_2026,146,
1772355711.876,Updated motor position,motor_6,,38.22,deg,log_1_3_2026,149,***
1772355711.876,Sent velocity command,C_joint,3.092,177.15855025445055,rad/s,log_1_3_2026,150,
1772355711.876,Sent position command,C_joint,4.36111,249.87319699229846,rad,log_1_3_2026,152,
1772355711.926,Sent velocity command,C_joint,2.803,160.60006997516976,rad/s,log_1_3_2026,154,
1772355711.926,Sent position command,C_joint,4.5087,258.32948109063426,rad,log_1_3_2026,156,
1772355711.976,Updated motor position,motor_6,,43.99,deg,log_1_3_2026,159,***
1772355711.976,Sent velocity command,C_joint,2.503,143.41133612124506,rad/s,log_1_3_2026,160,
1772355711.976,Sent position command,C_joint,4.64161,265.94466314571804,rad,log_1_3_2026,162,
1772355712.026,Sent velocity command,C_joint,2.203,126.22260226732035,rad/s,log_1_3_2026,164,
1772355712.026,Sent position command,C_joint,4.75902,272.671760618349,rad,log_1_3_2026,166,
1772355712.076,Updated motor position,motor_6,,50.74,deg,log_1_3_2026,169,***
1772355712.076,Sent velocity command,C_joint,1.903,109.03386841339567,rad/s,log_1_3_2026,170,
1772355712.076,Sent position command,C_joint,4.86192,278.5674963302452,rad,log_1_3_2026,172,
1772355712.126,Sent velocity command,C_joint,1.603,91.84513455947096,rad/s,log_1_3_2026,174,
1772355712.126,Sent position command,C_joint,4.94935,283.576866333074,rad,log_1_3_2026,176,
1772355712.176,Updated motor position,motor_6,,57.39,deg,log_1_3_2026,179,***
1772355712.176,Sent velocity command,C_joint,1.303,74.65640070554626,rad/s,log_1_3_2026,180,
1772355712.176,Sent position command,C_joint,5.02217,287.74914499721666,rad,log_1_3_2026,182,
1772355712.226,Sent velocity command,C_joint,1.003,57.467666851621566,rad/s,log_1_3_2026,184,
1772355712.226,Sent position command,C_joint,5.07968,291.044225277014,rad,log_1_3_2026,186,
1772355712.276,Updated motor position,motor_6,,64.14,deg,log_1_3_2026,189,***
1772355712.276,Sent velocity command,C_joint,0.702,40.22163721818379,rad/s,log_1_3_2026,190,
1772355712.276,Sent position command,C_joint,5.12247,293.4959116823788,rad,log_1_3_2026,192,
1772355712.326,Sent velocity command,C_joint,0.403,23.09019914377218,rad/s,log_1_3_2026,194,
1772355712.326,Sent position command,C_joint,5.15,295.073264492374,rad,log_1_3_2026,196,
1772355712.376,Updated motor position,motor_6,,69.68,deg,log_1_3_2026,199,***
1772355712.376,Sent velocity command,C_joint,0.103,5.901465289847479,rad/s,log_1_3_2026,200,
1772355712.376,Sent position command,C_joint,5.16268,295.79977497659985,rad,log_1_3_2026,202,
1772355712.426,Sent velocity command,C_joint,0.0,0.0,rad/s,log_1_3_2026,205,
1772355712.476,Updated motor position,motor_6,,75.44,deg,log_1_3_2026,207,***
1772355712.576,Updated motor position,motor_6,,82.76,deg,log_1_3_2026,211,***
1772355712.676,Updated motor position,motor_6,,88.71,deg,log_1_3_2026,213,***
1772355712.776,Updated motor position,motor_6,,95.22,deg,log_1_3_2026,215,***
1772355712.876,Updated motor position,motor_6,,101.83,deg,log_1_3_2026,217,***
1772355712.976,Updated motor position,motor_6,,108.63,deg,log_1_3_2026,219,***
1772355713.076,Updated motor position,motor_6,,115.0,deg,log_1_3_2026,221,***
1772355713.176,Updated motor position,motor_6,,122.07,deg,log_1_3_2026,223,***
1772355713.276,Updated motor position,motor_6,,128.74,deg,log_1_3_2026,225,***
1772355713.376,Updated motor position,motor_6,,134.07,deg,log_1_3_2026,227,***
1772355713.476,Updated motor position,motor_6,,140.12,deg,log_1_3_2026,229,***
1772355713.576,Updated motor position,motor_6,,147.51,deg,log_1_3_2026,237,***
1772355713.676,Updated motor position,motor_6,,154.39,deg,log_1_3_2026,239,***
1772355713.776,Updated motor position,motor_6,,161.48,deg,log_1_3_2026,241,***
1772355713.876,Updated motor position,motor_6,,167.68,deg,log_1_3_2026,243,***
1772355713.976,Updated motor position,motor_6,,174.4,deg,log_1_3_2026,245,***
1772355714.076,Updated motor position,motor_6,,181.18,deg,log_1_3_2026,247,***
1772355714.176,Updated motor position,motor_6,,188.03,deg,log_1_3_2026,249,***
1772355714.276,Updated motor position,motor_6,,194.38,deg,log_1_3_2026,251,***
1772355714.376,Updated motor position,motor_6,,199.83,deg,log_1_3_2026,253,***
1772355714.476,Updated motor position,motor_6,,206.53,deg,log_1_3_2026,255,***
1772355714.576,Updated motor position,motor_6,,213.98,deg,log_1_3_2026,257,***
1772355714.676,Updated motor position,motor_6,,220.7,deg,log_1_3_2026,259,***
1772355714.776,Updated motor position,motor_6,,227.63,deg,log_1_3_2026,261,***
1772355714.876,Updated motor position,motor_6,,232.96,deg,log_1_3_2026,263,***
1772355714.976,Updated motor position,motor_6,,239.41,deg,log_1_3_2026,265,***
1772355715.076,Updated motor position,motor_6,,245.76,deg,log_1_3_2026,267,***
1772355715.176,Updated motor position,motor_6,,252.96,deg,log_1_3_2026,269,***
1772355715.276,Updated motor position,motor_6,,259.39,deg,log_1_3_2026,271,***
1772355715.376,Updated motor position,motor_6,,265.63,deg,log_1_3_2026,273,***
1772355715.476,Updated motor position,motor_6,,270.09,deg,log_1_3_2026,275,***
1772355715.576,Updated motor position,motor_6,,275.43,deg,log_1_3_2026,277,***
1772355715.676,Updated motor position,motor_6,,279.53,deg,log_1_3_2026,279,***
1772355715.776,Updated motor position,motor_6,,283.27,deg,log_1_3_2026,281,***
1772355715.876,Updated motor position,motor_6,,286.41,deg,log_1_3_2026,283,***
1772355715.976,Updated motor position,motor_6,,289.17,deg,log_1_3_2026,285,***
1772355716.076,Updated motor position,motor_6,,291.67,deg,log_1_3_2026,287,***
1772355716.176,Updated motor position,motor_6,,293.64,deg,log_1_3_2026,289,***
1772355716.276,Updated motor position,motor_6,,294.92,deg,log_1_3_2026,291,***
1772355716.376,Updated motor position,motor_6,,295.7,deg,log_1_3_2026,293,***
1772355716.476,Updated motor position,motor_6,,295.8,deg,log_1_3_2026,295,***
1772355716.576,Updated motor position,motor_6,,295.8,deg,log_1_3_2026,297,***
1772355716.976,Updated motor position,motor_6,,295.8,deg,log_1_3_2026,302,***
1772355717.176,Updated motor position,motor_6,,295.8,deg,log_1_3_2026,305,***
1772355717.276,Updated motor position,motor_6,,295.8,deg,log_1_3_2026,307,***
1772355717.576,Updated motor position,motor_6,,295.8,deg,log_1_3_2026,311,***
1772355717.776,Updated motor position,motor_6,,295.8,deg,log_1_3_2026,314,***
1772355717.876,Updated motor position,motor_6,,295.79,deg,log_1_3_2026,316,***
1772355886.114,Sent velocity command,C_joint,0.159,9.11002894258009,rad/s,log_1_3_2026_1,11,
1772355886.114,Sent position command,C_joint,0.00328,0.18793015680291,rad,log_1_3_2026_1,13,
1772355886.164,Sent velocity command,C_joint,0.3,17.188733853924695,rad/s,log_1_3_2026_1,17,
1772355886.164,Sent position command,C_joint,0.01503,0.8611555660816274,rad,log_1_3_2026_1,19,
1772355886.214,Sent velocity command,C_joint,0.45,25.783100780887047,rad/s,log_1_3_2026_1,21,
1772355886.214,Sent position command,C_joint,0.03374,1.9331596007713976,rad,log_1_3_2026_1,23,
1772355886.264,Sent velocity command,C_joint,0.6,34.37746770784939,rad/s,log_1_3_2026_1,26,
1772355886.264,Sent position command,C_joint,0.06001,3.4383197285800704,rad,log_1_3_2026_1,28,
1772355886.314,Sent velocity command,C_joint,0.75,42.97183463481174,rad/s,log_1_3_2026_1,30,
1772355886.314,Sent position command,C_joint,0.09374,5.370906371556337,rad,log_1_3_2026_1,32,
1772355886.364,Updated motor position,motor_6,,0.05,deg,log_1_3_2026_1,35,***
1772355886.364,Sent velocity command,C_joint,0.901,51.62349734128718,rad/s,log_1_3_2026_1,36,
1772355886.364,Sent position command,C_joint,0.13524,7.748681221349253,rad,log_1_3_2026_1,38,
1772355886.414,Sent velocity command,C_joint,1.05,60.160568488736445,rad/s,log_1_3_2026_1,40,
1772355886.414,Sent position command,C_joint,0.18373,10.526953569938616,rad,log_1_3_2026_1,42,
1772355886.464,Updated motor position,motor_6,,0.28,deg,log_1_3_2026_1,45,***
1772355886.464,Sent velocity command,C_joint,1.201,68.81223119521188,rad/s,log_1_3_2026_1,46,
1772355886.464,Sent position command,C_joint,0.24036,13.771613563764467,rad,log_1_3_2026_1,48,
1772355886.514,Sent velocity command,C_joint,1.35,77.34930234266115,rad/s,log_1_3_2026_1,50,
1772355886.514,Sent position command,C_joint,0.3037,17.400728238123104,rad,log_1_3_2026_1,52,
1772355886.564,Updated motor position,motor_6,,0.81,deg,log_1_3_2026_1,55,***
1772355886.564,Sent velocity command,C_joint,1.5,85.94366926962348,rad/s,log_1_3_2026_1,56,
1772355886.564,Sent position command,C_joint,0.37517,21.495657599923096,rad,log_1_3_2026_1,58,
1772355886.614,Sent velocity command,C_joint,1.65,94.53803619658582,rad/s,log_1_3_2026_1,60,
1772355886.614,Sent position command,C_joint,0.45369,25.994522207290316,rad,log_1_3_2026_1,62,
1772355886.664,Updated motor position,motor_6,,1.75,deg,log_1_3_2026_1,65,***
1772355886.664,Sent velocity command,C_joint,1.8,103.13240312354819,rad/s,log_1_3_2026_1,66,
1772355886.664,Sent position command,C_joint,0.54024,30.953471924147596,rad,log_1_3_2026_1,68,
1772355886.714,Sent velocity command,C_joint,1.95,111.72677005051052,rad/s,log_1_3_2026_1,70,
1772355886.714,Sent position command,C_joint,0.63369,36.30776251964514,rad,log_1_3_2026_1,72,
1772355886.764,Updated motor position,motor_6,,2.9,deg,log_1_3_2026_1,75,***
1772355886.764,Sent velocity command,C_joint,2.1,120.32113697747289,rad/s,log_1_3_2026_1,76,
1772355886.764,Sent position command,C_joint,0.73516,42.1215652668376,rad,log_1_3_2026_1,78,
1772355886.814,Sent velocity command,C_joint,2.25,128.91550390443524,rad/s,log_1_3_2026_1,80,
1772355886.814,Sent position command,C_joint,0.8437,48.34044917518756,rad,log_1_3_2026_1,82,
1772355886.864,Updated motor position,motor_6,,3.83,deg,log_1_3_2026_1,85,***
1772355886.864,Sent velocity command,C_joint,2.4,137.50987083139756,rad/s,log_1_3_2026_1,86,
1772355886.864,Sent position command,C_joint,0.96023,55.01712636184704,rad,log_1_3_2026_1,88,
1772355886.914,Sent velocity command,C_joint,2.55,146.10423775835991,rad/s,log_1_3_2026_1,90,
1772355886.914,Sent position command,C_joint,1.08368,62.09029034273705,rad,log_1_3_2026_1,92,
1772355886.964,Updated motor position,motor_6,,5.22,deg,log_1_3_2026_1,95,***
1772355886.964,Sent velocity command,C_joint,2.7,154.6986046853223,rad/s,log_1_3_2026_1,96,
1772355886.964,Sent position command,C_joint,1.21542,69.63843633579052,rad,log_1_3_2026_1,98,
1772355887.014,Sent velocity command,C_joint,2.85,163.29297161228462,rad/s,log_1_3_2026_1,100,
1772355887.014,Sent position command,C_joint,1.35365,77.55843193788388,rad,log_1_3_2026_1,102,
1772355887.064,Updated motor position,motor_6,,7.03,deg,log_1_3_2026_1,105,***
1772355887.064,Sent velocity command,C_joint,3.0,171.88733853924697,rad/s,log_1_3_2026_1,106,
1772355887.064,Sent position command,C_joint,1.50024,85.95742025670663,rad,log_1_3_2026_1,108,
1772355887.114,Sent velocity command,C_joint,3.132,179.45038143497385,rad/s,log_1_3_2026_1,110,
1772355887.114,Sent position command,C_joint,1.65367,94.74831170739884,rad,log_1_3_2026_1,112,
1772355887.164,Updated motor position,motor_6,,8.73,deg,log_1_3_2026_1,115,***
1772355887.164,Sent velocity command,C_joint,3.142,180.02333923010465,rad/s,log_1_3_2026_1,116,
1772355887.164,Sent position command,C_joint,1.81103,103.76437557157747,rad,log_1_3_2026_1,118,
1772355887.214,Sent position command,C_joint,1.96782,112.74778084143365,rad,log_1_3_2026_1,121,
1772355887.264,Updated motor position,motor_6,,10.37,deg,log_1_3_2026_1,124,***
1772355887.264,Sent position command,C_joint,2.12522,121.76613653679281,rad,log_1_3_2026_1,126,
1772355887.314,Sent position command,C_joint,2.28198,130.7478229332636,rad,log_1_3_2026_1,129,
1772355887.364,Updated motor position,motor_6,,12.67,deg,log_1_3_2026_1,132,***
1772355887.364,Sent position command,C_joint,2.43955,139.77591891114,rad,log_1_3_2026_1,134,
1772355887.414,Sent position command,C_joint,2.59613,148.74729206729842,rad,log_1_3_2026_1,137,
1772355887.464,Updated motor position,motor_6,,14.73,deg,log_1_3_2026_1,140,***
1772355887.464,Sent position command,C_joint,2.75368,157.77424212958454,rad,log_1_3_2026_1,142,
1772355887.514,Sent position command,C_joint,2.91032,166.74905303251376,rad,log_1_3_2026_1,145,
1772355887.564,Updated motor position,motor_6,,17.39,deg,log_1_3_2026_1,148,***
1772355887.564,Sent position command,C_joint,3.06771,175.76683577007776,rad,log_1_3_2026_1,150,
1772355887.614,Sent position command,C_joint,3.22444,184.74680329316317,rad,log_1_3_2026_1,153,
1772355887.664,Updated motor position,motor_6,,20.64,deg,log_1_3_2026_1,156,***
1772355887.664,Sent position command,C_joint,3.38192,193.76974265088336,rad,log_1_3_2026_1,158,
1772355887.714,Sent position command,C_joint,3.53862,202.74799130058335,rad,log_1_3_2026_1,161,
1772355887.764,Updated motor position,motor_6,,23.32,deg,log_1_3_2026_1,164,***
1772355887.764,Sent velocity command,C_joint,3.103,177.78880382909446,rad/s,log_1_3_2026_1,165,
1772355887.764,Sent position command,C_joint,3.69587,211.75775262901558,rad,log_1_3_2026_1,167,
1772355887.814,Sent velocity command,C_joint,2.953,169.19443690213208,rad/s,log_1_3_2026_1,169,
1772355887.814,Sent position command,C_joint,3.84686,220.40884237769586,rad,log_1_3_2026_1,171,
1772355887.864,Updated motor position,motor_6,,26.81,deg,log_1_3_2026_1,174,***
1772355887.864,Sent velocity command,C_joint,2.803,160.60006997516976,rad/s,log_1_3_2026_1,175,
1772355887.864,Sent position command,C_joint,3.99142,228.69152026410706,rad,log_1_3_2026_1,177,
1772355887.914,Sent velocity command,C_joint,2.653,152.0057030482074,rad/s,log_1_3_2026_1,179,
1772355887.914,Sent position command,C_joint,4.1272,236.47114120639338,rad,log_1_3_2026_1,181,
1772355887.964,Updated motor position,motor_6,,30.41,deg,log_1_3_2026_1,184,***
1772355887.964,Sent velocity command,C_joint,2.503,143.41133612124506,rad/s,log_1_3_2026_1,185,
1772355887.964,Sent position command,C_joint,4.25643,243.875474792869,rad,log_1_3_2026_1,187,
1772355888.014,Sent velocity command,C_joint,2.353,134.8169691942827,rad/s,log_1_3_2026_1,189,
1772355888.014,Sent position command,C_joint,4.37755,250.81513960749353,rad,log_1_3_2026_1,191,
1772355888.064,Updated motor position,motor_6,,34.42,deg,log_1_3_2026_1,194,***
1772355888.064,Sent velocity command,C_joint,2.203,126.22260226732035,rad/s,log_1_3_2026_1,195,
1772355888.064,Sent position command,C_joint,4.49192,257.3680579104048,rad,log_1_3_2026_1,197,
1772355888.114,Sent velocity command,C_joint,2.053,117.628235340358,rad/s,log_1_3_2026_1,199,
1772355888.114,Sent position command,C_joint,4.59791,263.44083758099634,rad,log_1_3_2026_1,201,
1772355888.164,Updated motor position,motor_6,,38.06,deg,log_1_3_2026_1,204,***
1772355888.164,Sent velocity command,C_joint,1.903,109.03386841339567,rad/s,log_1_3_2026_1,205,
1772355888.164,Sent position command,C_joint,4.69726,269.13317327562106,rad,log_1_3_2026_1,207,
1772355888.214,Sent velocity command,C_joint,1.753,100.4395014864333,rad/s,log_1_3_2026_1,209,
1772355888.214,Sent position command,C_joint,4.78825,274.3465162535164,rad,log_1_3_2026_1,211,
1772355888.264,Updated motor position,motor_6,,42.24,deg,log_1_3_2026_1,214,***
1772355888.264,Sent velocity command,C_joint,1.603,91.84513455947096,rad/s,log_1_3_2026_1,215,
1772355888.264,Sent position command,C_joint,4.87258,279.1782693398547,rad,log_1_3_2026_1,217,
1772355888.314,Sent velocity command,C_joint,1.453,83.25076763250861,rad/s,log_1_3_2026_1,219,
1772355888.314,Sent position command,C_joint,4.9486,283.53389449843917,rad,log_1_3_2026_1,221,
1772355888.364,Updated motor position,motor_6,,46.56,deg,log_1_3_2026_1,224,***
1772355888.364,Sent velocity command,C_joint,1.303,74.65640070554626,rad/s,log_1_3_2026_1,225,
1772355888.364,Sent position command,C_joint,5.01766,287.4907410316127,rad,log_1_3_2026_1,227,
1772355888.414,Sent velocity command,C_joint,1.153,66.06203377858392,rad/s,log_1_3_2026_1,229,
1772355888.414,Sent position command,C_joint,5.07894,291.00182640017437,rad,log_1_3_2026_1,231,
1772355888.464,Updated motor position,motor_6,,51.64,deg,log_1_3_2026_1,234,***
1772355888.465,Sent velocity command,C_joint,1.003,57.467666851621566,rad/s,log_1_3_2026_1,235,
1772355888.465,Sent position command,C_joint,5.13308,294.1038199030126,rad,log_1_3_2026_1,237,
1772355888.514,Sent velocity command,C_joint,0.853,48.87329992465922,rad/s,log_1_3_2026_1,239,
1772355888.514,Sent position command,C_joint,5.1793,296.75203083210727,rad,log_1_3_2026_1,241,
1772355888.564,Updated motor position,motor_6,,56.21,deg,log_1_3_2026_1,244,***
1772355888.564,Sent velocity command,C_joint,0.703,40.27893299769687,rad/s,log_1_3_2026_1,245,
1772355888.564,Sent position command,C_joint,5.21837,298.9905769376834,rad,log_1_3_2026_1,247,
1772355888.614,Sent velocity command,C_joint,0.553,31.684566070734526,rad/s,log_1_3_2026_1,249,
1772355888.614,Sent position command,C_joint,5.24966,300.7833618786478,rad,log_1_3_2026_1,251,
1772355888.664,Updated motor position,motor_6,,61.81,deg,log_1_3_2026_1,254,***
1772355888.664,Sent velocity command,C_joint,0.403,23.09019914377218,rad/s,log_1_3_2026_1,255,
1772355888.664,Sent position command,C_joint,5.27364,302.15731467137147,rad,log_1_3_2026_1,257,
1772355888.714,Sent velocity command,C_joint,0.253,14.495832216809827,rad/s,log_1_3_2026_1,259,
1772355888.714,Sent position command,C_joint,5.28999,303.0941006664104,rad,log_1_3_2026_1,261,
1772355888.764,Updated motor position,motor_6,,67.2,deg,log_1_3_2026_1,264,***
1772355888.764,Sent velocity command,C_joint,0.103,5.901465289847479,rad/s,log_1_3_2026_1,265,
1772355888.764,Sent position command,C_joint,5.29893,303.60632493525736,rad,log_1_3_2026_1,267,
1772355888.814,Sent velocity command,C_joint,0.0,0.0,rad/s,log_1_3_2026_1,270,
1772355888.814,Sent position command,C_joint,5.3007,303.7077384649955,rad,log_1_3_2026_1,272,
1772355888.864,Updated motor position,motor_6,,72.97,deg,log_1_3_2026_1,276,***
1772355888.964,Updated motor position,motor_6,,78.49,deg,log_1_3_2026_1,278,***
1772355889.064,Updated motor position,motor_6,,85.21,deg,log_1_3_2026_1,281,***
1772355889.164,Updated motor position,motor_6,,91.72,deg,log_1_3_2026_1,283,***
1772355889.264,Updated motor position,motor_6,,98.53,deg,log_1_3_2026_1,285,***
1772355889.364,Updated motor position,motor_6,,104.54,deg,log_1_3_2026_1,287,***
1772355889.464,Updated motor position,motor_6,,111.24,deg,log_1_3_2026_1,289,***
1772355889.564,Updated motor position,motor_6,,117.67,deg,log_1_3_2026_1,291,***
1772355889.664,Updated motor position,motor_6,,125.08,deg,log_1_3_2026_1,293,***
1772355889.764,Updated motor position,motor_6,,131.98,deg,log_1_3_2026_1,295,***
1772355889.864,Updated motor position,motor_6,,138.77,deg,log_1_3_2026_1,303,***
1772355889.964,Updated motor position,motor_6,,144.75,deg,log_1_3_2026_1,305,***
1772355890.064,Updated motor position,motor_6,,152.09,deg,log_1_3_2026_1,307,***
1772355890.164,Updated motor position,motor_6,,158.42,deg,log_1_3_2026_1,309,***
1772355890.264,Updated motor position,motor_6,,165.53,deg,log_1_3_2026_1,311,***
1772355890.364,Updated motor position,motor_6,,172.25,deg,log_1_3_2026_1,313,***
1772355890.464,Updated motor position,motor_6,,179.01,deg,log_1_3_2026_1,315,***
1772355890.564,Updated motor position,motor_6,,185.34,deg,log_1_3_2026_1,317,***
1772355890.664,Updated motor position,motor_6,,192.5,deg,log_1_3_2026_1,319,***
1772355890.764,Updated motor position,motor_6,,199.22,deg,log_1_3_2026_1,321,***
1772355890.864,Updated motor position,motor_6,,206.0,deg,log_1_3_2026_1,323,***
1772355890.964,Updated motor position,motor_6,,212.33,deg,log_1_3_2026_1,325,***
1772355891.064,Updated motor position,motor_6,,219.36,deg,log_1_3_2026_1,327,***
1772355891.164,Updated motor position,motor_6,,225.93,deg,log_1_3_2026_1,329,***
1772355891.264,Updated motor position,motor_6,,232.73,deg,log_1_3_2026_1,331,***
1772355891.364,Updated motor position,motor_6,,237.65,deg,log_1_3_2026_1,333,***
1772355891.464,Updated motor position,motor_6,,243.26,deg,log_1_3_2026_1,335,***
1772355891.564,Updated motor position,motor_6,,249.6,deg,log_1_3_2026_1,337,***
1772355891.664,Updated motor position,motor_6,,254.77,deg,log_1_3_2026_1,339,***
1772355891.764,Updated motor position,motor_6,,259.74,deg,log_1_3_2026_1,341,***
1772355891.864,Updated motor position,motor_6,,264.12,deg,log_1_3_2026_1,343,***
1772355891.964,Updated motor position,motor_6,,268.25,deg,log_1_3_2026_1,345,***
1772355892.064,Updated motor position,motor_6,,272.53,deg,log_1_3_2026_1,347,***
1772355892.164,Updated motor position,motor_6,,276.09,deg,log_1_3_2026_1,349,***
1772355892.264,Updated motor position,motor_6,,279.69,deg,log_1_3_2026_1,351,***
1772355892.364,Updated motor position,motor_6,,283.07,deg,log_1_3_2026_1,353,***
1772355892.464,Updated motor position,motor_6,,286.49,deg,log_1_3_2026_1,355,***
1772355892.564,Updated motor position,motor_6,,288.95,deg,log_1_3_2026_1,357,***
1772355892.664,Updated motor position,motor_6,,291.87,deg,log_1_3_2026_1,359,***
1772355892.764,Updated motor position,motor_6,,294.08,deg,log_1_3_2026_1,361,***
1772355892.864,Updated motor position,motor_6,,296.37,deg,log_1_3_2026_1,363,***
1772355892.964,Updated motor position,motor_6,,298.2,deg,log_1_3_2026_1,365,***
1772355893.064,Updated motor position,motor_6,,299.7,deg,log_1_3_2026_1,367,***
1772355893.164,Updated motor position,motor_6,,300.99,deg,log_1_3_2026_1,369,***
1772355893.264,Updated motor position,motor_6,,302.12,deg,log_1_3_2026_1,371,***
1772355893.364,Updated motor position,motor_6,,302.99,deg,log_1_3_2026_1,373,***
1772355893.464,Updated motor position,motor_6,,303.52,deg,log_1_3_2026_1,375,***
1772355893.564,Updated motor position,motor_6,,303.68,deg,log_1_3_2026_1,377,***
1772355893.664,Updated motor position,motor_6,,303.7,deg,log_1_3_2026_1,379,***
1772355893.764,Updated motor position,motor_6,,303.71,deg,log_1_3_2026_1,381,***
1772355893.864,Updated motor position,motor_6,,303.71,deg,log_1_3_2026_1,383,***
1772355894.164,Updated motor position,motor_6,,303.71,deg,log_1_3_2026_1,387,***
1772355894.564,Updated motor position,motor_6,,303.7,deg,log_1_3_2026_1,392,***
1772355894.964,Updated motor position,motor_6,,303.7,deg,log_1_3_2026_1,397,***
1772355895.364,Updated motor position,motor_6,,303.7,deg,log_1_3_2026_1,402,***
1772355895.864,Updated motor position,motor_6,,303.7,deg,log_1_3_2026_1,408,***
1772355896.564,Updated motor position,motor_6,,303.7,deg,log_1_3_2026_1,416,***
1772355897.164,Updated motor position,motor_6,,303.7,deg,log_1_3_2026_1,423,***
1772356091.198,Sent velocity command,C_joint,0.053,3.036676314193363,rad/s,log_1_3_2026_2,11,
1772356091.198,Sent position command,C_joint,0.0011,0.06302535746439056,rad,log_1_3_2026_2,13,
1772356091.248,Sent velocity command,C_joint,0.1,5.729577951308233,rad/s,log_1_3_2026_2,15,
1772356091.248,Sent position command,C_joint,0.00501,0.2870518553605424,rad,log_1_3_2026_2,17,
1772356091.298,Sent velocity command,C_joint,0.15,8.594366926962348,rad/s,log_1_3_2026_2,21,
1772356091.298,Sent position command,C_joint,0.01131,0.6480152662929611,rad,log_1_3_2026_2,23,
1772356091.347,Sent velocity command,C_joint,0.2,11.459155902616466,rad/s,log_1_3_2026_2,25,
1772356091.348,Sent position command,C_joint,0.02,1.1459155902616465,rad,log_1_3_2026_2,27,
1772356091.398,Sent velocity command,C_joint,0.25,14.32394487827058,rad/s,log_1_3_2026_2,30,
1772356091.398,Sent position command,C_joint,0.03128,1.7922119831692152,rad,log_1_3_2026_2,32,
1772356091.447,Sent velocity command,C_joint,0.3,17.188733853924695,rad/s,log_1_3_2026_2,34,
1772356091.448,Sent position command,C_joint,0.045,2.5783100780887045,rad,log_1_3_2026_2,36,
1772356091.497,Updated motor position,motor_6,,0.0,deg,log_1_3_2026_2,39,***
1772356091.498,Sent velocity command,C_joint,0.35,20.05352282957881,rad/s,log_1_3_2026_2,40,
1772356091.498,Sent position command,C_joint,0.06137,3.516241988717862,rad,log_1_3_2026_2,42,
1772356091.547,Sent velocity command,C_joint,0.4,22.918311805232932,rad/s,log_1_3_2026_2,44,
1772356091.548,Sent position command,C_joint,0.08001,4.584235318841716,rad,log_1_3_2026_2,46,
1772356091.597,Updated motor position,motor_6,,0.19,deg,log_1_3_2026_2,49,***
1772356091.598,Sent velocity command,C_joint,0.45,25.783100780887047,rad/s,log_1_3_2026_2,50,
1772356091.598,Sent position command,C_joint,0.10131,5.80463542247037,rad,log_1_3_2026_2,52,
1772356091.648,Sent velocity command,C_joint,0.5,28.64788975654116,rad/s,log_1_3_2026_2,54,
1772356091.648,Sent position command,C_joint,0.12504,7.164264270315814,rad,log_1_3_2026_2,56,
1772356091.697,Updated motor position,motor_6,,0.45,deg,log_1_3_2026_2,59,***
1772356091.698,Sent velocity command,C_joint,0.55,31.51267873219528,rad/s,log_1_3_2026_2,60,
1772356091.698,Sent position command,C_joint,0.15138,8.673435102690402,rad,log_1_3_2026_2,62,
1772356091.748,Sent velocity command,C_joint,0.6,34.37746770784939,rad/s,log_1_3_2026_2,64,
1772356091.748,Sent position command,C_joint,0.18003,10.31495918574021,rad,log_1_3_2026_2,66,
1772356091.797,Updated motor position,motor_6,,0.65,deg,log_1_3_2026_2,69,***
1772356091.798,Sent velocity command,C_joint,0.65,37.24225668350351,rad/s,log_1_3_2026_2,70,
1772356091.798,Sent position command,C_joint,0.21134,12.108890042294819,rad,log_1_3_2026_2,72,
1772356091.847,Sent velocity command,C_joint,0.7,40.10704565915762,rad/s,log_1_3_2026_2,74,
1772356091.848,Sent position command,C_joint,0.245,14.03746598070517,rad,log_1_3_2026_2,76,
1772356091.897,Updated motor position,motor_6,,1.07,deg,log_1_3_2026_2,79,***
1772356091.898,Sent velocity command,C_joint,0.75,42.97183463481174,rad/s,log_1_3_2026_2,80,
1772356091.898,Sent position command,C_joint,0.28142,16.124178270571626,rad,log_1_3_2026_2,82,
1772356091.947,Sent velocity command,C_joint,0.8,45.836623610465864,rad/s,log_1_3_2026_2,84,
1772356091.948,Sent position command,C_joint,0.32001,18.335222401981476,rad,log_1_3_2026_2,86,
1772356091.997,Updated motor position,motor_6,,1.64,deg,log_1_3_2026_2,89,***
1772356091.998,Sent velocity command,C_joint,0.85,48.70141258611997,rad/s,log_1_3_2026_2,90,
1772356091.998,Sent position command,C_joint,0.36136,20.70440288484743,rad,log_1_3_2026_2,92,
1772356092.047,Sent velocity command,C_joint,0.9,51.56620156177409,rad/s,log_1_3_2026_2,94,
1772356092.048,Sent position command,C_joint,0.40501,23.20536366059347,rad,log_1_3_2026_2,96,
1772356092.098,Updated motor position,motor_6,,2.23,deg,log_1_3_2026_2,99,***
1772356092.098,Sent velocity command,C_joint,0.951,54.488286316941284,rad/s,log_1_3_2026_2,100,
1772356092.098,Sent position command,C_joint,0.45176,25.88394135283007,rad,log_1_3_2026_2,102,
1772356092.148,Sent velocity command,C_joint,1.0,57.29577951308232,rad/s,log_1_3_2026_2,104,
1772356092.148,Sent position command,C_joint,0.50009,28.65304637669734,rad,log_1_3_2026_2,106,
1772356092.197,Updated motor position,motor_6,,2.67,deg,log_1_3_2026_2,109,***
1772356092.198,Sent velocity command,C_joint,1.05,60.160568488736445,rad/s,log_1_3_2026_2,110,
1772356092.198,Sent position command,C_joint,0.55141,31.593465781308723,rad,log_1_3_2026_2,112,
1772356092.247,Sent velocity command,C_joint,1.1,63.02535746439056,rad/s,log_1_3_2026_2,114,
1772356092.248,Sent position command,C_joint,0.60501,34.664519563209936,rad,log_1_3_2026_2,116,
1772356092.297,Updated motor position,motor_6,,3.43,deg,log_1_3_2026_2,119,***
1772356092.298,Sent velocity command,C_joint,1.15,65.89014644004466,rad/s,log_1_3_2026_2,120,
1772356092.298,Sent position command,C_joint,0.66152,37.90230406349422,rad,log_1_3_2026_2,122,
1772356092.347,Sent velocity command,C_joint,1.2,68.75493541569878,rad/s,log_1_3_2026_2,124,
1772356092.348,Sent position command,C_joint,0.72002,41.254107165009536,rad,log_1_3_2026_2,126,
1772356092.397,Updated motor position,motor_6,,4.4,deg,log_1_3_2026_2,129,***
1772356092.398,Sent velocity command,C_joint,1.25,71.6197243913529,rad/s,log_1_3_2026_2,130,
1772356092.398,Sent position command,C_joint,0.78142,44.77206802711279,rad,log_1_3_2026_2,132,
1772356092.448,Sent velocity command,C_joint,1.3,74.48451336700703,rad/s,log_1_3_2026_2,134,
1772356092.448,Sent position command,C_joint,0.84507,48.418944393120476,rad,log_1_3_2026_2,136,
1772356092.497,Updated motor position,motor_6,,5.21,deg,log_1_3_2026_2,139,***
1772356092.498,Sent velocity command,C_joint,1.35,77.34930234266115,rad/s,log_1_3_2026_2,140,
1772356092.498,Sent position command,C_joint,0.91157,52.22911373074045,rad,log_1_3_2026_2,142,
1772356092.548,Sent velocity command,C_joint,1.4,80.21409131831524,rad/s,log_1_3_2026_2,144,
1772356092.548,Sent position command,C_joint,0.98005,56.15272871179633,rad,log_1_3_2026_2,146,
1772356092.598,Updated motor position,motor_6,,5.99,deg,log_1_3_2026_2,149,***
1772356092.598,Sent velocity command,C_joint,1.45,83.07888029396936,rad/s,log_1_3_2026_2,150,
1772356092.598,Sent position command,C_joint,1.05167,60.25625244052329,rad,log_1_3_2026_2,152,
1772356092.647,Sent velocity command,C_joint,1.5,85.94366926962348,rad/s,log_1_3_2026_2,154,
1772356092.648,Sent position command,C_joint,1.12501,64.45832491001275,rad,log_1_3_2026_2,156,
1772356092.698,Updated motor position,motor_6,,7.03,deg,log_1_3_2026_2,159,***
1772356092.698,Sent velocity command,C_joint,1.55,88.8084582452776,rad/s,log_1_3_2026_2,160,
1772356092.698,Sent position command,C_joint,1.20196,68.86723514354442,rad,log_1_3_2026_2,162,
1772356092.747,Sent velocity command,C_joint,1.6,91.67324722093173,rad/s,log_1_3_2026_2,164,
1772356092.748,Sent position command,C_joint,1.28002,73.33974369233563,rad,log_1_3_2026_2,166,
1772356092.798,Updated motor position,motor_6,,8.37,deg,log_1_3_2026_2,169,***
1772356092.798,Sent velocity command,C_joint,1.65,94.53803619658582,rad/s,log_1_3_2026_2,170,
1772356092.798,Sent position command,C_joint,1.36207,78.04086240138403,rad,log_1_3_2026_2,172,
1772356092.847,Sent velocity command,C_joint,1.7,97.40282517223994,rad/s,log_1_3_2026_2,174,
1772356092.848,Sent position command,C_joint,1.44503,82.79412026978935,rad,log_1_3_2026_2,176,
1772356092.897,Updated motor position,motor_6,,9.67,deg,log_1_3_2026_2,179,***
1772356092.898,Sent velocity command,C_joint,1.75,100.26761414789407,rad/s,log_1_3_2026_2,180,
1772356092.898,Sent position command,C_joint,1.53164,87.75650773341741,rad,log_1_3_2026_2,182,
1772356092.947,Sent velocity command,C_joint,1.8,103.13240312354819,rad/s,log_1_3_2026_2,184,
1772356092.948,Sent position command,C_joint,1.62004,92.82145464237388,rad,log_1_3_2026_2,186,
1772356092.997,Updated motor position,motor_6,,10.57,deg,log_1_3_2026_2,189,***
1772356092.998,Sent velocity command,C_joint,1.85,105.99719209920231,rad/s,log_1_3_2026_2,190,
1772356092.998,Sent position command,C_joint,1.71169,98.07261283474787,rad,log_1_3_2026_2,192,
1772356093.047,Sent velocity command,C_joint,1.9,108.8619810748564,rad/s,log_1_3_2026_2,194,
1772356093.048,Sent position command,C_joint,1.80503,103.42060089449897,rad,log_1_3_2026_2,196,
1772356093.097,Updated motor position,motor_6,,11.94,deg,log_1_3_2026_2,199,***
1772356093.098,Sent velocity command,C_joint,1.95,111.72677005051052,rad/s,log_1_3_2026_2,200,
1772356093.098,Sent position command,C_joint,1.9017,108.95938390002866,rad,log_1_3_2026_2,202,
1772356093.147,Sent velocity command,C_joint,2.0,114.59155902616465,rad/s,log_1_3_2026_2,204,
1772356093.148,Sent position command,C_joint,2.00005,114.59442381514029,rad,log_1_3_2026_2,206,
1772356093.197,Updated motor position,motor_6,,13.58,deg,log_1_3_2026_2,209,***
1772356093.198,Sent velocity command,C_joint,2.05,117.45634800181875,rad/s,log_1_3_2026_2,210,
1772356093.198,Sent position command,C_joint,2.1017,120.41853980264513,rad,log_1_3_2026_2,212,
1772356093.247,Sent velocity command,C_joint,2.1,120.32113697747289,rad/s,log_1_3_2026_2,214,
1772356093.248,Sent position command,C_joint,2.20503,126.3389126997319,rad,log_1_3_2026_2,216,
1772356093.297,Updated motor position,motor_6,,14.95,deg,log_1_3_2026_2,219,***
1772356093.298,Sent velocity command,C_joint,2.15,123.18592595312698,rad/s,log_1_3_2026_2,220,
1772356093.298,Sent position command,C_joint,2.31172,132.4517994159827,rad,log_1_3_2026_2,222,
1772356093.348,Sent velocity command,C_joint,2.2,126.05071492878112,rad/s,log_1_3_2026_2,224,
1772356093.348,Sent position command,C_joint,2.4201,138.66151599961054,rad,log_1_3_2026_2,226,
1772356093.397,Updated motor position,motor_6,,16.23,deg,log_1_3_2026_2,229,***
1772356093.398,Sent position command,C_joint,2.53081,145.00473174950386,rad,log_1_3_2026_2,231,
1772356093.447,Sent velocity command,C_joint,2.153,123.35781329166625,rad/s,log_1_3_2026_2,233,
1772356093.448,Sent position command,C_joint,2.63971,151.24424213847854,rad,log_1_3_2026_2,235,
1772356093.497,Updated motor position,motor_6,,18.01,deg,log_1_3_2026_2,238,***
1772356093.498,Sent velocity command,C_joint,2.103,120.49302431601214,rad/s,log_1_3_2026_2,239,
1772356093.498,Sent position command,C_joint,2.74631,157.3519722345731,rad,log_1_3_2026_2,241,
1772356093.547,Sent velocity command,C_joint,2.053,117.628235340358,rad/s,log_1_3_2026_2,243,
1772356093.548,Sent position command,C_joint,2.85001,163.29354457007975,rad,log_1_3_2026_2,245,
1772356093.597,Updated motor position,motor_6,,19.82,deg,log_1_3_2026_2,248,***
1772356093.598,Sent velocity command,C_joint,2.003,114.7634463647039,rad/s,log_1_3_2026_2,249,
1772356093.598,Sent position command,C_joint,2.95163,169.11594168419919,rad,log_1_3_2026_2,251,
1772356093.648,Sent velocity command,C_joint,1.953,111.89865738904977,rad/s,log_1_3_2026_2,253,
1772356093.648,Sent position command,C_joint,3.05039,174.7744728689112,rad,log_1_3_2026_2,255,
1772356093.697,Updated motor position,motor_6,,21.09,deg,log_1_3_2026_2,258,***
1772356093.698,Sent velocity command,C_joint,1.903,109.03386841339567,rad/s,log_1_3_2026_2,259,
1772356093.698,Sent position command,C_joint,3.14701,180.3103910854652,rad,log_1_3_2026_2,261,
1772356093.747,Sent velocity command,C_joint,1.853,106.16907943774154,rad/s,log_1_3_2026_2,263,
1772356093.748,Sent position command,C_joint,3.24064,185.6749949212751,rad,log_1_3_2026_2,265,
1772356093.797,Updated motor position,motor_6,,23.01,deg,log_1_3_2026_2,268,***
1772356093.798,Sent velocity command,C_joint,1.803,103.30429046208742,rad/s,log_1_3_2026_2,269,
1772356093.798,Sent position command,C_joint,3.3324,190.93245564939554,rad,log_1_3_2026_2,271,
1772356093.847,Sent velocity command,C_joint,1.753,100.4395014864333,rad/s,log_1_3_2026_2,273,
1772356093.848,Sent position command,C_joint,3.42103,196.01058058764002,rad,log_1_3_2026_2,275,
1772356093.897,Updated motor position,motor_6,,24.98,deg,log_1_3_2026_2,278,***
1772356093.898,Sent velocity command,C_joint,1.703,97.5747125107792,rad/s,log_1_3_2026_2,279,
1772356093.898,Sent position command,C_joint,3.50768,200.9752598824486,rad,log_1_3_2026_2,281,
1772356093.947,Sent velocity command,C_joint,1.653,94.70992353512509,rad/s,log_1_3_2026_2,283,
1772356093.948,Sent position command,C_joint,3.59129,205.7657600075374,rad,log_1_3_2026_2,285,
1772356093.997,Updated motor position,motor_6,,26.85,deg,log_1_3_2026_2,288,***
1772356093.998,Sent velocity command,C_joint,1.603,91.84513455947096,rad/s,log_1_3_2026_2,289,
1772356093.998,Sent position command,C_joint,3.67302,210.44854406714165,rad,log_1_3_2026_2,291,
1772356094.048,Sent velocity command,C_joint,1.553,88.98034558381684,rad/s,log_1_3_2026_2,293,
1772356094.048,Sent position command,C_joint,3.75167,214.95485712584554,rad,log_1_3_2026_2,295,
1772356094.097,Updated motor position,motor_6,,28.67,deg,log_1_3_2026_2,298,***
1772356094.098,Sent velocity command,C_joint,1.503,86.11555660816272,rad/s,log_1_3_2026_2,299,
1772356094.098,Sent position command,C_joint,3.82828,219.3442867943428,rad,log_1_3_2026_2,301,
1772356094.147,Sent velocity command,C_joint,1.453,83.25076763250861,rad/s,log_1_3_2026_2,303,
1772356094.148,Sent position command,C_joint,3.90198,223.56698574445696,rad,log_1_3_2026_2,305,
1772356094.197,Updated motor position,motor_6,,31.11,deg,log_1_3_2026_2,308,***
1772356094.198,Sent velocity command,C_joint,1.403,80.3859786568545,rad/s,log_1_3_2026_2,309,
1772356094.198,Sent position command,C_joint,3.97359,227.6699365153888,rad,log_1_3_2026_2,311,
1772356094.247,Sent velocity command,C_joint,1.353,77.52118968120038,rad/s,log_1_3_2026_2,313,
1772356094.248,Sent position command,C_joint,4.0423,231.60672952573267,rad,log_1_3_2026_2,315,
1772356094.297,Updated motor position,motor_6,,33.04,deg,log_1_3_2026_2,318,***
1772356094.298,Sent velocity command,C_joint,1.303,74.65640070554626,rad/s,log_1_3_2026_2,319,
1772356094.298,Sent position command,C_joint,4.10883,235.41861773673804,rad,log_1_3_2026_2,321,
1772356094.347,Sent velocity command,C_joint,1.253,71.79161172989214,rad/s,log_1_3_2026_2,323,
1772356094.348,Sent position command,C_joint,4.17262,239.0735155118776,rad,log_1_3_2026_2,325,
1772356094.397,Updated motor position,motor_6,,35.18,deg,log_1_3_2026_2,328,***
1772356094.398,Sent velocity command,C_joint,1.203,68.92682275423803,rad/s,log_1_3_2026_2,329,
1772356094.398,Sent position command,C_joint,4.23421,242.6023625720883,rad,log_1_3_2026_2,331,
1772356094.448,Sent velocity command,C_joint,1.153,66.06203377858392,rad/s,log_1_3_2026_2,333,
1772356094.448,Sent position command,C_joint,4.29297,245.96906257627705,rad,log_1_3_2026_2,335,
1772356094.497,Updated motor position,motor_6,,37.63,deg,log_1_3_2026_2,338,***
1772356094.498,Sent velocity command,C_joint,1.103,63.1972448029298,rad/s,log_1_3_2026_2,339,
1772356094.498,Sent position command,C_joint,4.34951,249.20856594994672,rad,log_1_3_2026_2,341,
1772356094.548,Sent velocity command,C_joint,1.053,60.33245582727568,rad/s,log_1_3_2026_2,343,
1772356094.548,Sent position command,C_joint,4.4033,252.29050592995537,rad,log_1_3_2026_2,345,
1772356094.597,Updated motor position,motor_6,,40.46,deg,log_1_3_2026_2,348,***
1772356094.598,Sent velocity command,C_joint,1.003,57.467666851621566,rad/s,log_1_3_2026_2,349,
1772356094.598,Sent position command,C_joint,4.45485,255.2441033638548,rad,log_1_3_2026_2,351,
1772356094.647,Sent velocity command,C_joint,0.953,54.60287787596745,rad/s,log_1_3_2026_2,353,
1772356094.648,Sent position command,C_joint,4.50359,258.0366996573224,rad,log_1_3_2026_2,355,
1772356094.697,Updated motor position,motor_6,,42.49,deg,log_1_3_2026_2,358,***
1772356094.698,Sent velocity command,C_joint,0.903,51.738088900313336,rad/s,log_1_3_2026_2,359,
1772356094.698,Sent position command,C_joint,4.55017,260.70553706704175,rad,log_1_3_2026_2,361,
1772356094.747,Sent velocity command,C_joint,0.853,48.87329992465922,rad/s,log_1_3_2026_2,363,
1772356094.748,Sent position command,C_joint,4.59392,263.2122274207391,rad,log_1_3_2026_2,365,
1772356094.797,Updated motor position,motor_6,,45.02,deg,log_1_3_2026_2,368,***
1772356094.798,Sent velocity command,C_joint,0.803,46.00851094900511,rad/s,log_1_3_2026_2,369,
1772356094.798,Sent position command,C_joint,4.63549,265.594012975098,rad,log_1_3_2026_2,371,
1772356094.848,Sent velocity command,C_joint,0.753,43.14372197335099,rad/s,log_1_3_2026_2,373,
1772356094.848,Sent position command,C_joint,4.67428,267.81651626241046,rad,log_1_3_2026_2,375,
1772356094.897,Updated motor position,motor_6,,47.78,deg,log_1_3_2026_2,378,***
1772356094.898,Sent velocity command,C_joint,0.703,40.27893299769687,rad/s,log_1_3_2026_2,379,
1772356094.898,Sent position command,C_joint,4.71078,269.90781221463794,rad,log_1_3_2026_2,381,
1772356094.948,Sent velocity command,C_joint,0.653,37.414144022042755,rad/s,log_1_3_2026_2,383,
1772356094.948,Sent position command,C_joint,4.7446,271.8455554777704,rad,log_1_3_2026_2,385,
1772356094.997,Updated motor position,motor_6,,50.44,deg,log_1_3_2026_2,388,***
1772356094.998,Sent velocity command,C_joint,0.603,34.54935504638864,rad/s,log_1_3_2026_2,389,
1772356094.998,Sent position command,C_joint,4.77605,273.6475077434568,rad,log_1_3_2026_2,391,
1772356095.047,Sent velocity command,C_joint,0.553,31.684566070734526,rad/s,log_1_3_2026_2,393,
1772356095.048,Sent position command,C_joint,4.80491,275.30106394020436,rad,log_1_3_2026_2,395,
1772356095.097,Updated motor position,motor_6,,53.12,deg,log_1_3_2026_2,398,***
1772356095.098,Sent velocity command,C_joint,0.503,28.819777095080408,rad/s,log_1_3_2026_2,399,
1772356095.098,Sent position command,C_joint,4.83137,276.81711026612055,rad,log_1_3_2026_2,401,
1772356095.148,Sent velocity command,C_joint,0.453,25.954988119426293,rad/s,log_1_3_2026_2,403,
1772356095.148,Sent position command,C_joint,4.85526,278.1859064386881,rad,log_1_3_2026_2,405,
1772356095.197,Updated motor position,motor_6,,56.43,deg,log_1_3_2026_2,408,***
1772356095.198,Sent velocity command,C_joint,0.403,23.09019914377218,rad/s,log_1_3_2026_2,409,
1772356095.198,Sent position command,C_joint,4.8767,279.4143279514485,rad,log_1_3_2026_2,411,
1772356095.247,Sent velocity command,C_joint,0.353,20.22541016811806,rad/s,log_1_3_2026_2,413,
1772356095.248,Sent position command,C_joint,4.89557,280.49549931086045,rad,log_1_3_2026_2,415,
1772356095.297,Updated motor position,motor_6,,59.54,deg,log_1_3_2026_2,418,***
1772356095.298,Sent velocity command,C_joint,0.303,17.36062119246394,rad/s,log_1_3_2026_2,419,
1772356095.298,Sent position command,C_joint,4.91204,281.4391607994409,rad,log_1_3_2026_2,421,
1772356095.348,Sent velocity command,C_joint,0.253,14.495832216809827,rad/s,log_1_3_2026_2,423,
1772356095.348,Sent position command,C_joint,4.92589,282.23270734569707,rad,log_1_3_2026_2,425,
1772356095.397,Updated motor position,motor_6,,62.36,deg,log_1_3_2026_2,428,***
1772356095.398,Sent velocity command,C_joint,0.203,11.631043241155712,rad/s,log_1_3_2026_2,429,
1772356095.398,Sent position command,C_joint,4.93732,282.8875981055316,rad,log_1_3_2026_2,431,
1772356095.447,Sent velocity command,C_joint,0.153,8.766254265501596,rad/s,log_1_3_2026_2,433,
1772356095.448,Sent position command,C_joint,4.94621,283.3969575854029,rad,log_1_3_2026_2,435,
1772356095.498,Updated motor position,motor_6,,65.29,deg,log_1_3_2026_2,438,***
1772356095.498,Sent velocity command,C_joint,0.103,5.901465289847479,rad/s,log_1_3_2026_2,439,
1772356095.498,Sent position command,C_joint,4.95269,283.7682342366477,rad,log_1_3_2026_2,441,
1772356095.547,Sent velocity command,C_joint,0.053,3.036676314193363,rad/s,log_1_3_2026_2,443,
1772356095.548,Sent position command,C_joint,4.95654,283.98882298777306,rad,log_1_3_2026_2,445,
1772356095.597,Updated motor position,motor_6,,68.95,deg,log_1_3_2026_2,448,***
1772356095.598,Sent velocity command,C_joint,0.003,0.17188733853924698,rad/s,log_1_3_2026_2,449,
1772356095.598,Sent position command,C_joint,4.95796,284.0701829946816,rad,log_1_3_2026_2,451,
1772356095.697,Updated motor position,motor_6,,72.12,deg,log_1_3_2026_2,455,***
1772356095.797,Updated motor position,motor_6,,76.03,deg,log_1_3_2026_2,459,***
1772356095.897,Updated motor position,motor_6,,78.69,deg,log_1_3_2026_2,461,***
1772356095.997,Updated motor position,motor_6,,82.34,deg,log_1_3_2026_2,463,***
1772356096.097,Updated motor position,motor_6,,85.88,deg,log_1_3_2026_2,465,***
1772356096.197,Updated motor position,motor_6,,89.2,deg,log_1_3_2026_2,468,***
1772356096.297,Updated motor position,motor_6,,93.53,deg,log_1_3_2026_2,471,***
1772356096.397,Updated motor position,motor_6,,97.31,deg,log_1_3_2026_2,474,***
1772356096.497,Updated motor position,motor_6,,100.91,deg,log_1_3_2026_2,476,***
1772356096.597,Updated motor position,motor_6,,105.14,deg,log_1_3_2026_2,478,***
1772356096.697,Updated motor position,motor_6,,109.23,deg,log_1_3_2026_2,480,***
1772356096.797,Updated motor position,motor_6,,113.72,deg,log_1_3_2026_2,488,***
1772356096.897,Updated motor position,motor_6,,117.82,deg,log_1_3_2026_2,490,***
1772356096.997,Updated motor position,motor_6,,121.82,deg,log_1_3_2026_2,493,***
1772356097.097,Updated motor position,motor_6,,126.5,deg,log_1_3_2026_2,496,***
1772356097.197,Updated motor position,motor_6,,131.01,deg,log_1_3_2026_2,499,***
1772356097.297,Updated motor position,motor_6,,135.33,deg,log_1_3_2026_2,501,***
1772356097.397,Updated motor position,motor_6,,139.97,deg,log_1_3_2026_2,503,***
1772356097.497,Updated motor position,motor_6,,144.83,deg,log_1_3_2026_2,505,***
1772356097.597,Updated motor position,motor_6,,149.42,deg,log_1_3_2026_2,507,***
1772356097.697,Updated motor position,motor_6,,154.08,deg,log_1_3_2026_2,509,***
1772356097.797,Updated motor position,motor_6,,158.65,deg,log_1_3_2026_2,512,***
1772356097.897,Updated motor position,motor_6,,163.09,deg,log_1_3_2026_2,515,***
1772356097.997,Updated motor position,motor_6,,167.3,deg,log_1_3_2026_2,518,***
1772356098.097,Updated motor position,motor_6,,171.89,deg,log_1_3_2026_2,520,***
1772356098.197,Updated motor position,motor_6,,175.85,deg,log_1_3_2026_2,522,***
1772356098.297,Updated motor position,motor_6,,180.26,deg,log_1_3_2026_2,524,***
1772356098.397,Updated motor position,motor_6,,184.07,deg,log_1_3_2026_2,526,***
1772356098.497,Updated motor position,motor_6,,188.14,deg,log_1_3_2026_2,528,***
1772356098.597,Updated motor position,motor_6,,191.74,deg,log_1_3_2026_2,531,***
1772356098.697,Updated motor position,motor_6,,195.67,deg,log_1_3_2026_2,534,***
1772356098.797,Updated motor position,motor_6,,199.59,deg,log_1_3_2026_2,537,***
1772356098.897,Updated motor position,motor_6,,202.79,deg,log_1_3_2026_2,539,***
1772356098.997,Updated motor position,motor_6,,206.8,deg,log_1_3_2026_2,541,***
1772356099.097,Updated motor position,motor_6,,210.64,deg,log_1_3_2026_2,543,***
1772356099.197,Updated motor position,motor_6,,214.17,deg,log_1_3_2026_2,545,***
1772356099.297,Updated motor position,motor_6,,217.6,deg,log_1_3_2026_2,547,***
1772356099.397,Updated motor position,motor_6,,220.54,deg,log_1_3_2026_2,550,***
1772356099.497,Updated motor position,motor_6,,223.86,deg,log_1_3_2026_2,553,***
1772356099.597,Updated motor position,motor_6,,227.07,deg,log_1_3_2026_2,556,***
1772356099.697,Updated motor position,motor_6,,230.2,deg,log_1_3_2026_2,558,***
1772356099.797,Updated motor position,motor_6,,232.8,deg,log_1_3_2026_2,560,***
1772356099.897,Updated motor position,motor_6,,235.62,deg,log_1_3_2026_2,562,***
1772356099.997,Updated motor position,motor_6,,238.56,deg,log_1_3_2026_2,564,***
1772356100.097,Updated motor position,motor_6,,241.47,deg,log_1_3_2026_2,566,***
1772356100.197,Updated motor position,motor_6,,243.81,deg,log_1_3_2026_2,569,***
1772356100.297,Updated motor position,motor_6,,246.4,deg,log_1_3_2026_2,572,***
1772356100.397,Updated motor position,motor_6,,248.86,deg,log_1_3_2026_2,575,***
1772356100.497,Updated motor position,motor_6,,251.29,deg,log_1_3_2026_2,577,***
1772356100.597,Updated motor position,motor_6,,253.26,deg,log_1_3_2026_2,579,***
1772356100.697,Updated motor position,motor_6,,255.88,deg,log_1_3_2026_2,581,***
1772356100.797,Updated motor position,motor_6,,257.86,deg,log_1_3_2026_2,583,***
1772356100.897,Updated motor position,motor_6,,259.97,deg,log_1_3_2026_2,585,***
1772356100.997,Updated motor position,motor_6,,261.86,deg,log_1_3_2026_2,588,***
1772356101.097,Updated motor position,motor_6,,263.74,deg,log_1_3_2026_2,591,***
1772356101.198,Updated motor position,motor_6,,265.52,deg,log_1_3_2026_2,594,***
1772356101.297,Updated motor position,motor_6,,267.4,deg,log_1_3_2026_2,596,***
1772356101.397,Updated motor position,motor_6,,269.09,deg,log_1_3_2026_2,598,***
1772356101.497,Updated motor position,motor_6,,270.45,deg,log_1_3_2026_2,600,***
1772356101.597,Updated motor position,motor_6,,271.81,deg,log_1_3_2026_2,602,***
1772356101.697,Updated motor position,motor_6,,273.38,deg,log_1_3_2026_2,604,***
1772356101.797,Updated motor position,motor_6,,274.94,deg,log_1_3_2026_2,607,***
1772356101.897,Updated motor position,motor_6,,276.14,deg,log_1_3_2026_2,610,***
1772356101.997,Updated motor position,motor_6,,277.18,deg,log_1_3_2026_2,613,***
1772356102.097,Updated motor position,motor_6,,278.14,deg,log_1_3_2026_2,615,***
1772356102.197,Updated motor position,motor_6,,279.22,deg,log_1_3_2026_2,617,***
1772356102.297,Updated motor position,motor_6,,280.17,deg,log_1_3_2026_2,619,***
1772356102.397,Updated motor position,motor_6,,280.84,deg,log_1_3_2026_2,621,***
1772356102.497,Updated motor position,motor_6,,281.42,deg,log_1_3_2026_2,623,***
1772356102.597,Updated motor position,motor_6,,282.15,deg,log_1_3_2026_2,626,***
1772356102.697,Updated motor position,motor_6,,282.75,deg,log_1_3_2026_2,629,***
1772356102.797,Updated motor position,motor_6,,283.21,deg,log_1_3_2026_2,632,***
1772356102.897,Updated motor position,motor_6,,283.47,deg,log_1_3_2026_2,634,***
1772356102.997,Updated motor position,motor_6,,283.73,deg,log_1_3_2026_2,636,***
1772356103.097,Updated motor position,motor_6,,283.96,deg,log_1_3_2026_2,638,***
1772356103.197,Updated motor position,motor_6,,284.05,deg,log_1_3_2026_2,640,***
1772356103.297,Updated motor position,motor_6,,284.07,deg,log_1_3_2026_2,642,***
1772356103.397,Updated motor position,motor_6,,284.07,deg,log_1_3_2026_2,645,***
1772356103.897,Updated motor position,motor_6,,284.07,deg,log_1_3_2026_2,653,***
1772356104.297,Updated motor position,motor_6,,284.07,deg,log_1_3_2026_2,658,***
1772356976.24,Sent velocity command,C_joint,0.317,18.162762105647097,rad/s,log_1_3_2026_3,12,
1772356976.24,Sent position command,C_joint,0.0065,0.3724225668350351,rad,log_1_3_2026_3,14,
1772356976.29,Sent velocity command,C_joint,0.6,34.37746770784939,rad/s,log_1_3_2026_3,18,
1772356976.29,Sent position command,C_joint,0.02996,1.7165815542119465,rad,log_1_3_2026_3,20,
1772356976.34,Sent velocity command,C_joint,0.899,51.50890578226101,rad/s,log_1_3_2026_3,22,
1772356976.34,Sent position command,C_joint,0.06733,3.857724834615833,rad,log_1_3_2026_3,24,
1772356976.391,Sent velocity command,C_joint,1.201,68.81223119521188,rad/s,log_1_3_2026_3,27,
1772356976.391,Sent position command,C_joint,0.12016,6.884660866291972,rad,log_1_3_2026_3,29,
1772356976.44,Sent velocity command,C_joint,1.499,85.88637349011042,rad/s,log_1_3_2026_3,31,
1772356976.44,Sent position command,C_joint,0.1872,10.725769924849011,rad,log_1_3_2026_3,33,
1772356976.49,Updated motor position,motor_6,,0.01,deg,log_1_3_2026_3,36,***
1772356976.49,Sent velocity command,C_joint,1.799,103.07510734403509,rad/s,log_1_3_2026_3,37,
1772356976.49,Sent position command,C_joint,0.26983,15.460120186015004,rad,log_1_3_2026_3,39,
1772356976.54,Sent velocity command,C_joint,2.099,120.2638411979598,rad/s,log_1_3_2026_3,41,
1772356976.54,Sent position command,C_joint,0.36708,21.03213474366226,rad,log_1_3_2026_3,43,
1772356976.59,Updated motor position,motor_6,,0.34,deg,log_1_3_2026_3,46,***
1772356976.59,Sent velocity command,C_joint,2.4,137.50987083139756,rad/s,log_1_3_2026_3,47,
1772356976.59,Sent position command,C_joint,0.47982,27.49166092596716,rad,log_1_3_2026_3,49,
1772356976.64,Sent velocity command,C_joint,2.699,154.64130890580918,rad/s,log_1_3_2026_3,51,
1772356976.64,Sent position command,C_joint,0.60695,34.77567337546532,rad,log_1_3_2026_3,53,
1772356976.69,Updated motor position,motor_6,,1.35,deg,log_1_3_2026_3,56,***
1772356976.69,Sent velocity command,C_joint,3.0,171.88733853924697,rad/s,log_1_3_2026_3,57,
1772356976.69,Sent position command,C_joint,0.74981,42.96094843670426,rad,log_1_3_2026_3,59,
1772356976.74,Sent velocity command,C_joint,3.153,180.65359280474857,rad/s,log_1_3_2026_3,61,
1772356976.74,Sent position command,C_joint,0.90436,51.81601116045113,rad,log_1_3_2026_3,63,
1772356976.79,Updated motor position,motor_6,,2.31,deg,log_1_3_2026_3,66,***
1772356976.79,Sent velocity command,C_joint,3.142,180.02333923010465,rad/s,log_1_3_2026_3,67,
1772356976.79,Sent position command,C_joint,1.06262,60.883641226191536,rad,log_1_3_2026_3,69,
1772356976.84,Sent position command,C_joint,1.21895,69.8406904374717,rad,log_1_3_2026_3,72,
1772356976.89,Updated motor position,motor_6,,3.76,deg,log_1_3_2026_3,75,***
1772356976.89,Sent position command,C_joint,1.3765,78.86764049975783,rad,log_1_3_2026_3,77,
1772356976.94,Sent position command,C_joint,1.53318,87.84474323386756,rad,log_1_3_2026_3,80,
1772356976.99,Updated motor position,motor_6,,6.1,deg,log_1_3_2026_3,83,***
1772356976.991,Sent position command,C_joint,1.69124,96.90091414370535,rad,log_1_3_2026_3,85,
1772356977.04,Sent position command,C_joint,1.84725,105.83962870554133,rad,log_1_3_2026_3,88,
1772356977.09,Updated motor position,motor_6,,7.64,deg,log_1_3_2026_3,91,***
1772356977.09,Sent position command,C_joint,2.00516,114.88720524845215,rad,log_1_3_2026_3,93,
1772356977.14,Sent position command,C_joint,2.16145,123.84196262855178,rad,log_1_3_2026_3,96,
1772356977.19,Updated motor position,motor_6,,10.66,deg,log_1_3_2026_3,99,***
1772356977.19,Sent position command,C_joint,2.31942,132.89297691823342,rad,log_1_3_2026_3,101,
1772356977.24,Sent position command,C_joint,2.47558,141.84028584699632,rad,log_1_3_2026_3,104,
1772356977.29,Updated motor position,motor_6,,14.02,deg,log_1_3_2026_3,107,***
1772356977.29,Sent position command,C_joint,2.6332,150.87124661384837,rad,log_1_3_2026_3,109,
1772356977.34,Sent position command,C_joint,2.78977,159.84204681221166,rad,log_1_3_2026_3,112,
1772356977.39,Updated motor position,motor_6,,16.97,deg,log_1_3_2026_3,115,***
1772356977.39,Sent position command,C_joint,2.9474,168.87358053685884,rad,log_1_3_2026_3,117,
1772356977.44,Sent position command,C_joint,3.10391,177.84094298845136,rad,log_1_3_2026_3,120,
1772356977.49,Updated motor position,motor_6,,21.11,deg,log_1_3_2026_3,123,***
1772356977.49,Sent position command,C_joint,3.26138,186.86330938837642,rad,log_1_3_2026_3,125,
1772356977.54,Sent position command,C_joint,3.41813,195.84442282705209,rad,log_1_3_2026_3,128,
1772356977.59,Updated motor position,motor_6,,25.54,deg,log_1_3_2026_3,131,***
1772356977.59,Sent position command,C_joint,3.57559,204.86621626918202,rad,log_1_3_2026_3,133,
1772356977.64,Sent position command,C_joint,3.73219,213.83873534093073,rad,log_1_3_2026_3,136,
1772356977.69,Updated motor position,motor_6,,30.4,deg,log_1_3_2026_3,139,***
1772356977.69,Sent position command,C_joint,3.88994,222.87714455911947,rad,log_1_3_2026_3,141,
1772356977.74,Sent position command,C_joint,4.0464,231.84164222173632,rad,log_1_3_2026_3,144,
1772356977.79,Updated motor position,motor_6,,35.58,deg,log_1_3_2026_3,147,***
1772356977.79,Sent position command,C_joint,4.20387,240.86400862166138,rad,log_1_3_2026_3,149,
1772356977.84,Sent position command,C_joint,4.36053,249.83996544018086,rad,log_1_3_2026_3,152,
1772356977.89,Updated motor position,motor_6,,41.01,deg,log_1_3_2026_3,155,***
1772356977.89,Sent position command,C_joint,4.51846,258.88868789868195,rad,log_1_3_2026_3,157,
1772356977.94,Sent position command,C_joint,4.67512,267.86464471720143,rad,log_1_3_2026_3,160,
1772356977.99,Updated motor position,motor_6,,47.29,deg,log_1_3_2026_3,163,***
1772356977.99,Sent velocity command,C_joint,2.901,166.2150563674518,rad/s,log_1_3_2026_3,164,
1772356977.99,Sent position command,C_joint,4.82767,276.60511588192213,rad,log_1_3_2026_3,166,
1772356978.04,Sent velocity command,C_joint,2.603,149.1409140725533,rad/s,log_1_3_2026_3,168,
1772356978.04,Sent position command,C_joint,4.96468,284.4552106330096,rad,log_1_3_2026_3,170,
1772356978.09,Updated motor position,motor_6,,53.13,deg,log_1_3_2026_3,173,***
1772356978.09,Sent velocity command,C_joint,2.301,131.83758865960243,rad/s,log_1_3_2026_3,174,
1772356978.09,Sent position command,C_joint,5.08779,291.5088940488651,rad,log_1_3_2026_3,176,
1772356978.14,Sent velocity command,C_joint,2.003,114.7634463647039,rad/s,log_1_3_2026_3,178,
1772356978.14,Sent position command,C_joint,5.19494,297.64813682369186,rad,log_1_3_2026_3,180,
1772356978.19,Updated motor position,motor_6,,60.14,deg,log_1_3_2026_3,183,***
1772356978.19,Sent velocity command,C_joint,1.702,97.51741673126611,rad/s,log_1_3_2026_3,184,
1772356978.19,Sent position command,C_joint,5.28779,302.9680499514816,rad,log_1_3_2026_3,186,
1772356978.24,Sent velocity command,C_joint,1.403,80.3859786568545,rad/s,log_1_3_2026_3,188,
1772356978.24,Sent position command,C_joint,5.3652,307.40331624358925,rad,log_1_3_2026_3,190,
1772356978.29,Updated motor position,motor_6,,66.74,deg,log_1_3_2026_3,193,***
1772356978.29,Sent velocity command,C_joint,1.102,63.139949023416726,rad/s,log_1_3_2026_3,194,
1772356978.29,Sent position command,C_joint,5.42803,311.0032100703962,rad,log_1_3_2026_3,196,
1772356978.34,Sent velocity command,C_joint,0.803,46.00851094900511,rad/s,log_1_3_2026_3,198,
1772356978.34,Sent position command,C_joint,5.47546,313.72074889270175,rad,log_1_3_2026_3,200,
1772356978.39,Updated motor position,motor_6,,73.16,deg,log_1_3_2026_3,203,***
1772356978.39,Sent velocity command,C_joint,0.501,28.705185536054245,rad/s,log_1_3_2026_3,204,
1772356978.39,Sent position command,C_joint,5.50819,315.59603975616494,rad,log_1_3_2026_3,206,
1772356978.44,Sent velocity command,C_joint,0.203,11.631043241155712,rad/s,log_1_3_2026_3,208,
1772356978.44,Sent position command,C_joint,5.52572,316.60043477102926,rad,log_1_3_2026_3,210,
1772356978.49,Updated motor position,motor_6,,79.44,deg,log_1_3_2026_3,213,***
1772356978.49,Sent velocity command,C_joint,-0.0,-0.0,rad/s,log_1_3_2026_3,215,
1772356978.49,Sent position command,C_joint,5.52914,316.796386336964,rad,log_1_3_2026_3,217,
1772356978.59,Updated motor position,motor_6,,86.33,deg,log_1_3_2026_3,221,***
1772356978.69,Updated motor position,motor_6,,92.68,deg,log_1_3_2026_3,224,***
1772356978.79,Updated motor position,motor_6,,99.59,deg,log_1_3_2026_3,226,***
1772356978.89,Updated motor position,motor_6,,105.65,deg,log_1_3_2026_3,228,***
1772356978.99,Updated motor position,motor_6,,112.29,deg,log_1_3_2026_3,230,***
1772356979.09,Updated motor position,motor_6,,118.69,deg,log_1_3_2026_3,232,***
1772356979.19,Updated motor position,motor_6,,126.07,deg,log_1_3_2026_3,234,***
1772356979.29,Updated motor position,motor_6,,132.5,deg,log_1_3_2026_3,236,***
1772356979.39,Updated motor position,motor_6,,139.31,deg,log_1_3_2026_3,238,***
1772356979.49,Updated motor position,motor_6,,145.65,deg,log_1_3_2026_3,240,***
1772356979.59,Updated motor position,motor_6,,153.04,deg,log_1_3_2026_3,248,***
1772356979.69,Updated motor position,motor_6,,159.92,deg,log_1_3_2026_3,250,***
1772356979.79,Updated motor position,motor_6,,167.03,deg,log_1_3_2026_3,252,***
1772356979.89,Updated motor position,motor_6,,173.18,deg,log_1_3_2026_3,254,***
1772356979.99,Updated motor position,motor_6,,179.62,deg,log_1_3_2026_3,256,***
1772356980.09,Updated motor position,motor_6,,185.86,deg,log_1_3_2026_3,258,***
1772356980.19,Updated motor position,motor_6,,192.91,deg,log_1_3_2026_3,260,***
1772356980.29,Updated motor position,motor_6,,199.72,deg,log_1_3_2026_3,262,***
1772356980.39,Updated motor position,motor_6,,205.83,deg,log_1_3_2026_3,264,***
1772356980.49,Updated motor position,motor_6,,212.35,deg,log_1_3_2026_3,266,***
1772356980.59,Updated motor position,motor_6,,218.75,deg,log_1_3_2026_3,268,***
1772356980.69,Updated motor position,motor_6,,225.59,deg,log_1_3_2026_3,270,***
1772356980.79,Updated motor position,motor_6,,232.47,deg,log_1_3_2026_3,272,***
1772356980.89,Updated motor position,motor_6,,239.17,deg,log_1_3_2026_3,274,***
1772356980.99,Updated motor position,motor_6,,245.27,deg,log_1_3_2026_3,276,***
1772356981.09,Updated motor position,motor_6,,252.06,deg,log_1_3_2026_3,278,***
1772356981.19,Updated motor position,motor_6,,258.74,deg,log_1_3_2026_3,280,***
1772356981.29,Updated motor position,motor_6,,265.49,deg,log_1_3_2026_3,282,***
1772356981.39,Updated motor position,motor_6,,272.2,deg,log_1_3_2026_3,284,***
1772356981.49,Updated motor position,motor_6,,278.72,deg,log_1_3_2026_3,286,***
1772356981.59,Updated motor position,motor_6,,284.66,deg,log_1_3_2026_3,288,***
1772356981.69,Updated motor position,motor_6,,290.11,deg,log_1_3_2026_3,290,***
1772356981.79,Updated motor position,motor_6,,295.76,deg,log_1_3_2026_3,292,***
1772356981.89,Updated motor position,motor_6,,299.4,deg,log_1_3_2026_3,294,***
1772356981.99,Updated motor position,motor_6,,303.63,deg,log_1_3_2026_3,296,***
1772356982.09,Updated motor position,motor_6,,307.14,deg,log_1_3_2026_3,298,***
1772356982.19,Updated motor position,motor_6,,310.4,deg,log_1_3_2026_3,300,***
1772356982.29,Updated motor position,motor_6,,312.76,deg,log_1_3_2026_3,302,***
1772356982.39,Updated motor position,motor_6,,314.43,deg,log_1_3_2026_3,304,***
1772356982.49,Updated motor position,motor_6,,315.71,deg,log_1_3_2026_3,306,***
1772356982.59,Updated motor position,motor_6,,316.6,deg,log_1_3_2026_3,308,***
1772356982.69,Updated motor position,motor_6,,316.77,deg,log_1_3_2026_3,310,***
1772356982.79,Updated motor position,motor_6,,316.79,deg,log_1_3_2026_3,312,***
1772356982.89,Updated motor position,motor_6,,316.79,deg,log_1_3_2026_3,314,***
1772356983.49,Updated motor position,motor_6,,316.79,deg,log_1_3_2026_3,321,***
1772356983.99,Updated motor position,motor_6,,316.79,deg,log_1_3_2026_3,327,***
1772356984.39,Updated motor position,motor_6,,316.79,deg,log_1_3_2026_3,332,***
1772356984.89,Updated motor position,motor_6,,316.79,deg,log_1_3_2026_3,338,***
1772357119.349,Sent velocity command,C_joint,0.532,30.4813547009598,rad/s,log_1_3_2026_4,13,
1772357119.349,Sent position command,C_joint,0.01097,0.6285347012585131,rad,log_1_3_2026_4,15,
1772357119.399,Sent velocity command,C_joint,1.0,57.29577951308232,rad/s,log_1_3_2026_4,17,
1772357119.399,Sent position command,C_joint,0.05001,2.865361933449247,rad,log_1_3_2026_4,19,
1772357119.449,Sent velocity command,C_joint,1.502,86.05826082864965,rad/s,log_1_3_2026_4,23,
1772357119.449,Sent position command,C_joint,0.11279,6.462390971280556,rad,log_1_3_2026_4,25,
1772357119.499,Sent velocity command,C_joint,2.0,114.59155902616465,rad/s,log_1_3_2026_4,27,
1772357119.499,Sent position command,C_joint,0.2,11.459155902616466,rad,log_1_3_2026_4,29,
1772357119.549,Updated motor position,motor_6,,0.01,deg,log_1_3_2026_4,32,***
1772357119.549,Sent velocity command,C_joint,2.502,143.35404034173195,rad/s,log_1_3_2026_4,33,
1772357119.549,Sent position command,C_joint,0.31289,17.92727645184833,rad,log_1_3_2026_4,35,
1772357119.599,Sent velocity command,C_joint,3.0,171.88733853924697,rad/s,log_1_3_2026_4,37,
1772357119.599,Sent position command,C_joint,0.45009,25.78825740104322,rad,log_1_3_2026_4,39,
1772357119.649,Updated motor position,motor_6,,0.57,deg,log_1_3_2026_4,42,***
1772357119.649,Sent velocity command,C_joint,3.153,180.65359280474857,rad/s,log_1_3_2026_4,43,
1772357119.649,Sent position command,C_joint,0.60637,34.742441823347725,rad,log_1_3_2026_4,45,
1772357119.699,Sent velocity command,C_joint,3.142,180.02333923010465,rad/s,log_1_3_2026_4,47,
1772357119.699,Sent position command,C_joint,0.76315,43.725274135408775,rad,log_1_3_2026_4,49,
1772357119.749,Updated motor position,motor_6,,1.92,deg,log_1_3_2026_4,52,***
1772357119.749,Sent position command,C_joint,0.9207,52.75222419769489,rad,log_1_3_2026_4,54,
1772357119.8,Sent position command,C_joint,1.07808,61.769433977463784,rad,log_1_3_2026_4,57,
1772357119.849,Updated motor position,motor_6,,3.42,deg,log_1_3_2026_4,60,***
1772357119.849,Sent position command,C_joint,1.23512,70.76716319219824,rad,log_1_3_2026_4,62,
1772357119.899,Sent position command,C_joint,1.39145,79.7242124034784,rad,log_1_3_2026_4,65,
1772357119.949,Updated motor position,motor_6,,5.96,deg,log_1_3_2026_4,68,***
1772357119.949,Sent position command,C_joint,1.54927,88.76663232623305,rad,log_1_3_2026_4,70,
1772357119.999,Sent position command,C_joint,1.70563,97.7254004108986,rad,log_1_3_2026_4,73,
1772357120.049,Updated motor position,motor_6,,8.36,deg,log_1_3_2026_4,76,***
1772357120.049,Sent position command,C_joint,1.86321,106.75406934657012,rad,log_1_3_2026_4,78,
1772357120.099,Sent position command,C_joint,2.01979,115.72544250272854,rad,log_1_3_2026_4,81,
1772357120.149,Updated motor position,motor_6,,11.89,deg,log_1_3_2026_4,84,***
1772357120.149,Sent position command,C_joint,2.17738,124.75468439619517,rad,log_1_3_2026_4,86,
1772357120.199,Sent position command,C_joint,2.33396,133.7260575523536,rad,log_1_3_2026_4,89,
1772357120.249,Updated motor position,motor_6,,16.55,deg,log_1_3_2026_4,92,***
1772357120.249,Sent position command,C_joint,2.49143,142.74842395227867,rad,log_1_3_2026_4,94,
1772357120.299,Sent position command,C_joint,2.64811,151.72552668638843,rad,log_1_3_2026_4,97,
1772357120.349,Updated motor position,motor_6,,20.91,deg,log_1_3_2026_4,100,***
1772357120.349,Sent position command,C_joint,2.80577,160.758779284421,rad,log_1_3_2026_4,102,
1772357120.399,Sent position command,C_joint,2.96238,169.7318713139648,rad,log_1_3_2026_4,105,
1772357120.449,Updated motor position,motor_6,,26.75,deg,log_1_3_2026_4,108,***
1772357120.45,Sent position command,C_joint,3.12015,178.77142644774383,rad,log_1_3_2026_4,110,
1772357120.499,Sent position command,C_joint,3.27645,187.72675678563857,rad,log_1_3_2026_4,113,
1772357120.549,Sent position command,C_joint,3.4336,196.73078853611946,rad,log_1_3_2026_4,116,
1772357120.599,Updated motor position,motor_6,,33.27,deg,log_1_3_2026_4,119,***
1772357120.599,Sent position command,C_joint,3.59105,205.75200902045427,rad,log_1_3_2026_4,121,
1772357120.649,Updated motor position,motor_6,,39.57,deg,log_1_3_2026_4,124,***
1772357120.649,Sent position command,C_joint,3.74818,214.7548948553449,rad,log_1_3_2026_4,126,
1772357120.699,Sent position command,C_joint,3.90475,223.7256950537082,rad,log_1_3_2026_4,129,
1772357120.749,Updated motor position,motor_6,,45.9,deg,log_1_3_2026_4,132,***
1772357120.749,Sent position command,C_joint,4.0626,232.76983384984823,rad,log_1_3_2026_4,134,
1772357120.799,Sent position command,C_joint,4.21893,241.72688306112843,rad,log_1_3_2026_4,137,
1772357120.849,Updated motor position,motor_6,,52.53,deg,log_1_3_2026_4,140,***
1772357120.85,Sent position command,C_joint,4.37871,250.8816027117287,rad,log_1_3_2026_4,142,
1772357120.899,Sent position command,C_joint,4.5331,259.72749811075346,rad,log_1_3_2026_4,145,
1772357120.949,Updated motor position,motor_6,,58.68,deg,log_1_3_2026_4,148,***
1772357120.949,Sent position command,C_joint,4.6909,268.7687721179179,rad,log_1_3_2026_4,150,
1772357120.999,Sent position command,C_joint,4.84732,277.7309779493542,rad,log_1_3_2026_4,153,
1772357121.049,Updated motor position,motor_6,,65.52,deg,log_1_3_2026_4,156,***
1772357121.049,Sent velocity command,C_joint,3.107,178.0179869471468,rad/s,log_1_3_2026_4,157,
1772357121.049,Sent position command,C_joint,5.00513,286.77282491431373,rad,log_1_3_2026_4,159,
1772357121.099,Sent velocity command,C_joint,2.669,152.9224355204167,rad/s,log_1_3_2026_4,161,
1772357121.099,Sent position command,C_joint,5.15023,295.086442521662,rad,log_1_3_2026_4,163,
1772357121.149,Updated motor position,motor_6,,71.54,deg,log_1_3_2026_4,166,***
1772357121.149,Sent velocity command,C_joint,2.167,124.15995420484938,rad/s,log_1_3_2026_4,167,
1772357121.149,Sent position command,C_joint,5.27156,302.03813944998427,rad,log_1_3_2026_4,169,
1772357121.199,Sent velocity command,C_joint,1.668,95.5693602278213,rad/s,log_1_3_2026_4,171,
1772357121.199,Sent position command,C_joint,5.36716,307.51561597143495,rad,log_1_3_2026_4,173,
1772357121.249,Updated motor position,motor_6,,78.53,deg,log_1_3_2026_4,176,***
1772357121.249,Sent velocity command,C_joint,1.166,66.80687891225398,rad/s,log_1_3_2026_4,177,
1772357121.249,Sent position command,C_joint,5.43826,311.58934589481504,rad,log_1_3_2026_4,179,
1772357121.299,Sent velocity command,C_joint,0.669,38.330876494252074,rad/s,log_1_3_2026_4,181,
1772357121.299,Sent position command,C_joint,5.48394,314.20661710297264,rad,log_1_3_2026_4,183,
1772357121.349,Updated motor position,motor_6,,85.18,deg,log_1_3_2026_4,186,***
1772357121.349,Sent velocity command,C_joint,0.167,9.568395178684748,rad/s,log_1_3_2026_4,187,
1772357121.349,Sent position command,C_joint,5.50489,315.4069636837717,rad,log_1_3_2026_4,189,
1772357121.399,Sent velocity command,C_joint,-0.0,-0.0,rad/s,log_1_3_2026_4,192,
1772357121.399,Sent position command,C_joint,5.50629,315.48717777509006,rad,log_1_3_2026_4,194,
1772357121.449,Updated motor position,motor_6,,91.56,deg,log_1_3_2026_4,197,***
1772357121.549,Updated motor position,motor_6,,97.79,deg,log_1_3_2026_4,200,***
1772357121.649,Updated motor position,motor_6,,104.91,deg,log_1_3_2026_4,203,***
1772357121.749,Updated motor position,motor_6,,111.59,deg,log_1_3_2026_4,205,***
1772357121.849,Updated motor position,motor_6,,117.25,deg,log_1_3_2026_4,207,***
1772357121.949,Updated motor position,motor_6,,123.51,deg,log_1_3_2026_4,209,***
1772357122.049,Updated motor position,motor_6,,130.94,deg,log_1_3_2026_4,211,***
1772357122.149,Updated motor position,motor_6,,137.76,deg,log_1_3_2026_4,213,***
1772357122.249,Updated motor position,motor_6,,144.09,deg,log_1_3_2026_4,215,***
1772357122.349,Updated motor position,motor_6,,150.75,deg,log_1_3_2026_4,217,***
1772357122.449,Updated motor position,motor_6,,157.1,deg,log_1_3_2026_4,219,***
1772357122.549,Updated motor position,motor_6,,163.44,deg,log_1_3_2026_4,227,***
1772357122.649,Updated motor position,motor_6,,170.33,deg,log_1_3_2026_4,229,***
1772357122.749,Updated motor position,motor_6,,176.9,deg,log_1_3_2026_4,231,***
1772357122.849,Updated motor position,motor_6,,184.36,deg,log_1_3_2026_4,233,***
1772357122.949,Updated motor position,motor_6,,191.21,deg,log_1_3_2026_4,235,***
1772357123.049,Updated motor position,motor_6,,197.61,deg,log_1_3_2026_4,237,***
1772357123.149,Updated motor position,motor_6,,203.94,deg,log_1_3_2026_4,239,***
1772357123.249,Updated motor position,motor_6,,211.38,deg,log_1_3_2026_4,241,***
1772357123.349,Updated motor position,motor_6,,218.23,deg,log_1_3_2026_4,243,***
1772357123.449,Updated motor position,motor_6,,224.62,deg,log_1_3_2026_4,245,***
1772357123.549,Updated motor position,motor_6,,231.49,deg,log_1_3_2026_4,247,***
1772357123.649,Updated motor position,motor_6,,238.19,deg,log_1_3_2026_4,249,***
1772357123.749,Updated motor position,motor_6,,244.46,deg,log_1_3_2026_4,251,***
1772357123.849,Updated motor position,motor_6,,251.73,deg,log_1_3_2026_4,253,***
1772357123.949,Updated motor position,motor_6,,258.58,deg,log_1_3_2026_4,255,***
1772357124.049,Updated motor position,motor_6,,264.69,deg,log_1_3_2026_4,257,***
1772357124.149,Updated motor position,motor_6,,271.48,deg,log_1_3_2026_4,259,***
1772357124.249,Updated motor position,motor_6,,278.08,deg,log_1_3_2026_4,261,***
1772357124.399,Updated motor position,motor_6,,284.82,deg,log_1_3_2026_4,263,***
1772357124.449,Updated motor position,motor_6,,291.35,deg,log_1_3_2026_4,265,***
1772357124.549,Updated motor position,motor_6,,297.47,deg,log_1_3_2026_4,267,***
1772357124.649,Updated motor position,motor_6,,303.11,deg,log_1_3_2026_4,269,***
1772357124.749,Updated motor position,motor_6,,307.67,deg,log_1_3_2026_4,271,***
1772357124.849,Updated motor position,motor_6,,311.31,deg,log_1_3_2026_4,273,***
1772357124.949,Updated motor position,motor_6,,313.7,deg,log_1_3_2026_4,275,***
1772357125.049,Updated motor position,motor_6,,315.06,deg,log_1_3_2026_4,277,***
1772357125.149,Updated motor position,motor_6,,315.45,deg,log_1_3_2026_4,279,***
1772357125.249,Updated motor position,motor_6,,315.49,deg,log_1_3_2026_4,281,***
1772357125.349,Updated motor position,motor_6,,315.49,deg,log_1_3_2026_4,283,***
1772357125.849,Updated motor position,motor_6,,315.49,deg,log_1_3_2026_4,289,***
1772357126.049,Updated motor position,motor_6,,315.49,deg,log_1_3_2026_4,292,***
1772357126.349,Updated motor position,motor_6,,315.49,deg,log_1_3_2026_4,296,***
1772357126.649,Updated motor position,motor_6,,315.49,deg,log_1_3_2026_4,300,***
1772357126.849,Updated motor position,motor_6,,315.48,deg,log_1_3_2026_4,303,***
1772357127.049,Updated motor position,motor_6,,315.48,deg,log_1_3_2026_4,306,***
1772357127.249,Updated motor position,motor_6,,315.48,deg,log_1_3_2026_4,309,***
1772357127.549,Updated motor position,motor_6,,315.48,deg,log_1_3_2026_4,313,***
1772357127.749,Updated motor position,motor_6,,315.48,deg,log_1_3_2026_4,316,***
1772357128.049,Updated motor position,motor_6,,315.48,deg,log_1_3_2026_4,320,***
1772357128.649,Updated motor position,motor_6,,315.48,deg,log_1_3_2026_4,327,***
1772357129.549,Updated motor position,motor_6,,315.48,deg,log_1_3_2026_4,337,***
1772589989.766,Sent position command,C_joint,0.0,0.0,rad,log_4_3_2026,3,
1772589989.816,Sent position command,C_joint,0.00658,0.3770062291960817,rad,log_4_3_2026,6,
1772589989.866,Sent position command,C_joint,0.03006,1.7223111321632547,rad,log_4_3_2026,9,
1772589989.916,Sent position command,C_joint,0.06758,3.8720487794941034,rad,log_4_3_2026,12,
1772589989.966,Sent position command,C_joint,0.12018,6.885806781882233,rad,log_4_3_2026,15,
1772589990.016,Sent position command,C_joint,0.18766,10.752125983425028,rad,log_4_3_2026,18,
1772589990.066,Sent position command,C_joint,0.27017,15.479600751049452,rad,log_4_3_2026,21,
1772589990.116,Sent position command,C_joint,0.3677,21.06765812696037,rad,log_4_3_2026,24,
1772589990.166,Sent position command,C_joint,0.48025,27.516298111157788,rad,log_4_3_2026,27,
1772589990.216,Sent position command,C_joint,0.60774,34.82093704128065,rad,log_4_3_2026,30,
1772589990.266,Sent position command,C_joint,0.75034,42.99131519984619,rad,log_4_3_2026,33,
1772589990.316,Sent position command,C_joint,0.90524,51.866431446422645,rad,log_4_3_2026,36,
1772589990.366,Sent position command,C_joint,1.06282,60.89510038209416,rad,log_4_3_2026,39,
1772589990.416,Sent position command,C_joint,1.21988,69.89397551241886,rad,log_4_3_2026,42,
1772589990.466,Sent position command,C_joint,1.37696,78.89399655833384,rad,log_4_3_2026,45,
1772589990.516,Sent position command,C_joint,1.53409,87.89688239322446,rad,log_4_3_2026,48,
1772589990.566,Sent position command,C_joint,1.69119,96.8980493547297,rad,log_4_3_2026,51,
1772589990.616,Sent position command,C_joint,1.84814,105.89062194930796,rad,log_4_3_2026,54,
1772589990.666,Sent position command,C_joint,2.00526,114.89293482640345,rad,log_4_3_2026,57,
1772589990.716,Sent position command,C_joint,2.16242,123.89753953467948,rad,log_4_3_2026,60,
1772589990.766,Sent position command,C_joint,2.31945,132.89469579161877,rad,log_4_3_2026,63,
1772589990.816,Sent position command,C_joint,2.47652,141.89414387973864,rad,log_4_3_2026,66,
1772589990.866,Sent position command,C_joint,2.63373,150.9016133769903,rad,log_4_3_2026,69,
1772589990.916,Sent position command,C_joint,2.79071,159.89590484495395,rad,log_4_3_2026,72,
1772589990.966,Sent position command,C_joint,2.94775,168.89363405968842,rad,log_4_3_2026,75,
1772589991.016,Sent position command,C_joint,3.10446,177.87245566718354,rad,log_4_3_2026,78,
1772589991.066,Sent position command,C_joint,3.26156,186.87362262868876,rad,log_4_3_2026,81,
1772589991.116,Sent position command,C_joint,3.41868,195.8759355057843,rad,log_4_3_2026,84,
1772589991.166,Sent position command,C_joint,3.57575,204.87538359390413,rad,log_4_3_2026,87,
1772589991.216,Sent position command,C_joint,3.73283,213.87540463981907,rad,log_4_3_2026,90,
1772589991.266,Sent position command,C_joint,3.88991,222.87542568573406,rad,log_4_3_2026,93,
1772589991.316,Sent position command,C_joint,4.04699,231.87544673164902,rad,log_4_3_2026,96,
1772589991.366,Sent position command,C_joint,4.20408,240.87604073535914,rad,log_4_3_2026,99,
1772589991.416,Sent position command,C_joint,4.35838,249.71677951422777,rad,log_4_3_2026,102,
1772589991.466,Sent position command,C_joint,4.4999,257.82527823091914,rad,log_4_3_2026,105,
1772589991.516,Sent position command,C_joint,4.62602,265.05142194310906,rad,log_4_3_2026,108,
1772589991.566,Sent position command,C_joint,4.73715,271.4187019203979,rad,log_4_3_2026,111,
1772589991.616,Sent position command,C_joint,4.83333,276.9294099939662,rad,log_4_3_2026,114,
1772589991.666,Sent position command,C_joint,4.91457,281.58411912160904,rad,log_4_3_2026,117,
1772589991.716,Sent position command,C_joint,4.98065,285.37022423183345,rad,log_4_3_2026,120,
1772589991.766,Sent position command,C_joint,5.0318,288.3009033539276,rad,log_4_3_2026,123,
1772589991.816,Sent position command,C_joint,5.06785,290.36641620537426,rad,log_4_3_2026,126,
1772589991.866,Sent position command,C_joint,5.08895,291.57535715310024,rad,log_4_3_2026,129,
1772589991.916,Sent position command,C_joint,5.0951,291.92772619710576,rad,log_4_3_2026,133,
1772856938.656,Sent velocity command,C_joint,0.1,5.729577951308233,rad/s,log_7_3_2026,10,
1772856938.656,Sent position command,C_joint,0.005,0.2864788975654116,rad,log_7_3_2026,12,
1772856938.756,Sent velocity command,C_joint,0.2,11.459155902616466,rad/s,log_7_3_2026,16,
1772856938.756,Sent position command,C_joint,0.02001,1.1464885480567772,rad,log_7_3_2026,18,
1772856938.856,Sent velocity command,C_joint,0.3,17.188733853924695,rad/s,log_7_3_2026,21,
1772856938.856,Sent position command,C_joint,0.04499,2.5777371202935737,rad,log_7_3_2026,23,
1772856938.956,Updated motor position,motor_6,,0.0,deg,log_7_3_2026,26,***
1772856938.956,Sent velocity command,C_joint,0.4,22.918311805232932,rad/s,log_7_3_2026,27,
1772856938.956,Sent position command,C_joint,0.08003,4.585381234431979,rad,log_7_3_2026,29,
1772856939.056,Updated motor position,motor_6,,0.22,deg,log_7_3_2026,32,***
1772856939.056,Sent velocity command,C_joint,0.5,28.64788975654116,rad/s,log_7_3_2026,33,
1772856939.056,Sent position command,C_joint,0.12506,7.165410185906076,rad,log_7_3_2026,35,
1772856939.156,Updated motor position,motor_6,,0.97,deg,log_7_3_2026,38,***
1772856939.156,Sent velocity command,C_joint,0.6,34.37746770784939,rad/s,log_7_3_2026,39,
1772856939.156,Sent position command,C_joint,0.18004,10.315532143535341,rad,log_7_3_2026,41,
1772856939.256,Updated motor position,motor_6,,1.93,deg,log_7_3_2026,44,***
1772856939.256,Sent velocity command,C_joint,0.7,40.10704565915762,rad/s,log_7_3_2026,45,
1772856939.256,Sent position command,C_joint,0.24505,14.040330769680823,rad,log_7_3_2026,47,
1772856939.356,Updated motor position,motor_6,,2.97,deg,log_7_3_2026,50,***
1772856939.356,Sent velocity command,C_joint,0.8,45.836623610465864,rad/s,log_7_3_2026,51,
1772856939.356,Sent position command,C_joint,0.32005,18.337514233161997,rad,log_7_3_2026,53,
1772856939.456,Updated motor position,motor_6,,4.42,deg,log_7_3_2026,56,***
1772856939.456,Sent velocity command,C_joint,0.9,51.56620156177409,rad/s,log_7_3_2026,58,
1772856939.456,Sent position command,C_joint,0.40509,23.20994732295452,rad,log_7_3_2026,60,
1772856939.556,Updated motor position,motor_6,,5.73,deg,log_7_3_2026,63,***
1772856939.556,Sent velocity command,C_joint,1.0,57.29577951308232,rad/s,log_7_3_2026,65,
1772856939.556,Sent position command,C_joint,0.50006,28.651327503311943,rad,log_7_3_2026,67,
1772856939.656,Updated motor position,motor_6,,7.22,deg,log_7_3_2026,70,***
1772856939.656,Sent velocity command,C_joint,1.1,63.02535746439056,rad/s,log_7_3_2026,71,
1772856939.656,Sent position command,C_joint,0.60506,34.66738435218559,rad,log_7_3_2026,73,
1772856939.756,Updated motor position,motor_6,,9.74,deg,log_7_3_2026,76,***
1772856939.756,Sent velocity command,C_joint,1.2,68.75493541569878,rad/s,log_7_3_2026,77,
1772856939.756,Sent position command,C_joint,0.72003,41.254680122804665,rad,log_7_3_2026,79,
1772856939.856,Updated motor position,motor_6,,11.78,deg,log_7_3_2026,82,***
1772856939.856,Sent velocity command,C_joint,1.3,74.48451336700703,rad/s,log_7_3_2026,83,
1772856939.856,Sent position command,C_joint,0.84504,48.417225519735084,rad,log_7_3_2026,85,
1772856939.956,Updated motor position,motor_6,,13.97,deg,log_7_3_2026,88,***
1772856939.956,Sent velocity command,C_joint,1.4,80.21409131831524,rad/s,log_7_3_2026,89,
1772856939.956,Sent position command,C_joint,0.98008,56.15444758518172,rad,log_7_3_2026,91,
1772856940.056,Updated motor position,motor_6,,16.66,deg,log_7_3_2026,94,***
1772856940.056,Sent velocity command,C_joint,1.5,85.94366926962348,rad/s,log_7_3_2026,95,
1772856940.056,Sent position command,C_joint,1.12506,64.46118969898839,rad,log_7_3_2026,97,
1772856940.156,Updated motor position,motor_6,,20.05,deg,log_7_3_2026,100,***
1772856940.156,Sent velocity command,C_joint,1.6,91.67324722093173,rad/s,log_7_3_2026,101,
1772856940.156,Sent position command,C_joint,1.28014,73.3466191858772,rad,log_7_3_2026,103,
1772856940.256,Updated motor position,motor_6,,23.82,deg,log_7_3_2026,106,***
1772856940.256,Sent velocity command,C_joint,1.7,97.40282517223994,rad/s,log_7_3_2026,107,
1772856940.256,Sent position command,C_joint,1.44527,82.80787125687249,rad,log_7_3_2026,109,
1772856940.356,Updated motor position,motor_6,,28.13,deg,log_7_3_2026,112,***
1772856940.356,Sent velocity command,C_joint,1.8,103.13240312354819,rad/s,log_7_3_2026,113,
1772856940.356,Sent position command,C_joint,1.62006,92.82260055796415,rad,log_7_3_2026,115,
1772856940.456,Updated motor position,motor_6,,32.2,deg,log_7_3_2026,118,***
1772856940.456,Sent velocity command,C_joint,1.9,108.8619810748564,rad/s,log_7_3_2026,119,
1772856940.456,Sent position command,C_joint,1.80512,103.42575751465516,rad,log_7_3_2026,121,
1772856940.556,Updated motor position,motor_6,,35.49,deg,log_7_3_2026,124,***
1772856940.556,Sent velocity command,C_joint,2.0,114.59155902616465,rad/s,log_7_3_2026,125,
1772856940.556,Sent position command,C_joint,2.00011,114.59786156191107,rad,log_7_3_2026,127,
1772856940.656,Updated motor position,motor_6,,40.34,deg,log_7_3_2026,130,***
1772856940.656,Sent velocity command,C_joint,2.094,119.97736230039438,rad/s,log_7_3_2026,131,
1772856940.656,Sent position command,C_joint,2.20505,126.34005861532218,rad,log_7_3_2026,133,
1772856940.756,Updated motor position,motor_6,,45.5,deg,log_7_3_2026,136,***
1772856940.756,Sent position command,C_joint,2.41461,138.3469621700837,rad,log_7_3_2026,138,
1772856940.856,Updated motor position,motor_6,,51.46,deg,log_7_3_2026,141,***
1772856940.856,Sent position command,C_joint,2.62398,150.34297952673776,rad,log_7_3_2026,143,
1772856940.956,Updated motor position,motor_6,,57.57,deg,log_7_3_2026,146,***
1772856940.956,Sent velocity command,C_joint,2.04,116.88339020668793,rad/s,log_7_3_2026,147,
1772856940.956,Sent position command,C_joint,2.83195,162.25878279207348,rad,log_7_3_2026,149,
1772856941.056,Updated motor position,motor_6,,62.41,deg,log_7_3_2026,152,***
1772856941.056,Sent velocity command,C_joint,1.94,111.1538122553797,rad/s,log_7_3_2026,153,
1772856941.056,Sent position command,C_joint,3.03095,173.66064291517685,rad,log_7_3_2026,155,
1772856941.156,Updated motor position,motor_6,,67.38,deg,log_7_3_2026,158,***
1772856941.156,Sent velocity command,C_joint,1.84,105.42423430407148,rad/s,log_7_3_2026,159,
1772856941.156,Sent position command,C_joint,3.22012,184.49928552566666,rad,log_7_3_2026,161,
1772856941.256,Updated motor position,motor_6,,73.35,deg,log_7_3_2026,164,***
1772856941.256,Sent velocity command,C_joint,1.74,99.69465635276325,rad/s,log_7_3_2026,165,
1772856941.256,Sent position command,C_joint,3.39898,194.74720864937655,rad,log_7_3_2026,167,
1772856941.356,Updated motor position,motor_6,,80.43,deg,log_7_3_2026,170,***
1772856941.356,Sent velocity command,C_joint,1.64,93.965078401455,rad/s,log_7_3_2026,171,
1772856941.356,Sent position command,C_joint,3.56786,204.4233198935459,rad,log_7_3_2026,173,
1772856941.456,Updated motor position,motor_6,,87.33,deg,log_7_3_2026,176,***
1772856941.456,Sent velocity command,C_joint,1.54,88.23550045014677,rad/s,log_7_3_2026,177,
1772856941.456,Sent position command,C_joint,3.72683,213.5316299627406,rad,log_7_3_2026,179,
1772856941.556,Updated motor position,motor_6,,93.35,deg,log_7_3_2026,182,***
1772856941.556,Sent velocity command,C_joint,1.44,82.50592249883854,rad/s,log_7_3_2026,183,
1772856941.556,Sent position command,C_joint,3.87576,222.06469040562394,rad,log_7_3_2026,185,
1772856941.656,Updated motor position,motor_6,,99.51,deg,log_7_3_2026,188,***
1772856941.656,Sent velocity command,C_joint,1.34,76.77634454753031,rad/s,log_7_3_2026,189,
1772856941.656,Sent position command,C_joint,4.01482,230.0322415047132,rad,log_7_3_2026,191,
1772856941.756,Updated motor position,motor_6,,108.02,deg,log_7_3_2026,194,***
1772856941.756,Sent velocity command,C_joint,1.24,71.04676659622208,rad/s,log_7_3_2026,195,
1772856941.756,Sent position command,C_joint,4.14382,237.42339706190077,rad,log_7_3_2026,197,
1772856941.856,Updated motor position,motor_6,,114.92,deg,log_7_3_2026,200,***
1772856941.856,Sent velocity command,C_joint,1.14,65.31718864491384,rad/s,log_7_3_2026,201,
1772856941.856,Sent position command,C_joint,4.26274,244.23701116159654,rad,log_7_3_2026,203,
1772856941.956,Updated motor position,motor_6,,122.93,deg,log_7_3_2026,206,***
1772856941.956,Sent velocity command,C_joint,1.04,59.58761069360562,rad/s,log_7_3_2026,207,
1772856941.956,Sent position command,C_joint,4.37174,250.4822511285225,rad,log_7_3_2026,209,
1772856942.056,Updated motor position,motor_6,,129.92,deg,log_7_3_2026,212,***
1772856942.056,Sent velocity command,C_joint,0.94,53.85803274229738,rad/s,log_7_3_2026,213,
1772856942.056,Sent position command,C_joint,4.47068,256.15109555354684,rad,log_7_3_2026,215,
1772856942.156,Updated motor position,motor_6,,138.21,deg,log_7_3_2026,218,***
1772856942.156,Sent velocity command,C_joint,0.84,48.12845479098915,rad/s,log_7_3_2026,219,
1772856942.156,Sent position command,C_joint,4.55967,261.24984697241604,rad,log_7_3_2026,221,
1772856942.256,Updated motor position,motor_6,,146.03,deg,log_7_3_2026,224,***
1772856942.256,Sent velocity command,C_joint,0.74,42.398876839680916,rad/s,log_7_3_2026,225,
1772856942.256,Sent position command,C_joint,4.63861,265.7727758071788,rad,log_7_3_2026,227,
1772856942.356,Updated motor position,motor_6,,153.88,deg,log_7_3_2026,230,***
1772856942.356,Sent velocity command,C_joint,0.64,36.66929888837269,rad/s,log_7_3_2026,231,
1772856942.357,Sent position command,C_joint,4.70771,269.73191417153276,rad,log_7_3_2026,233,
1772856942.456,Updated motor position,motor_6,,162.23,deg,log_7_3_2026,236,***
1772856942.456,Sent velocity command,C_joint,0.54,30.939720937064457,rad/s,log_7_3_2026,237,
1772856942.456,Sent position command,C_joint,4.76659,273.1054896692631,rad,log_7_3_2026,239,
1772856942.556,Updated motor position,motor_6,,170.47,deg,log_7_3_2026,242,***
1772856942.556,Sent velocity command,C_joint,0.44,25.21014298575622,rad/s,log_7_3_2026,243,
1772856942.556,Sent position command,C_joint,4.81556,275.9112639920187,rad,log_7_3_2026,245,
1772856942.656,Updated motor position,motor_6,,177.93,deg,log_7_3_2026,248,***
1772856942.656,Sent velocity command,C_joint,0.34,19.48056503444799,rad/s,log_7_3_2026,249,
1772856942.656,Sent position command,C_joint,4.85454,278.1446534774387,rad,log_7_3_2026,251,
1772856942.756,Updated motor position,motor_6,,185.85,deg,log_7_3_2026,254,***
1772856942.756,Sent velocity command,C_joint,0.24,13.750987083139757,rad/s,log_7_3_2026,255,
1772856942.756,Sent position command,C_joint,4.88352,279.8050851677278,rad,log_7_3_2026,257,
1772856942.856,Updated motor position,motor_6,,193.62,deg,log_7_3_2026,260,***
1772856942.856,Sent velocity command,C_joint,0.14,8.021409131831525,rad/s,log_7_3_2026,261,
1772856942.856,Sent position command,C_joint,4.90249,280.89198610509095,rad,log_7_3_2026,263,
1772856942.956,Updated motor position,motor_6,,200.63,deg,log_7_3_2026,266,***
1772856942.956,Sent velocity command,C_joint,0.039,2.2345354010102105,rad/s,log_7_3_2026,267,
1772856942.956,Sent position command,C_joint,4.91148,281.40707516291354,rad,log_7_3_2026,269,
1772856943.056,Updated motor position,motor_6,,207.51,deg,log_7_3_2026,272,***
1772856943.056,Sent velocity command,C_joint,-0.0,-0.0,rad/s,log_7_3_2026,274,
1772856943.156,Updated motor position,motor_6,,214.73,deg,log_7_3_2026,277,***
1772856943.256,Updated motor position,motor_6,,221.26,deg,log_7_3_2026,280,***
1772856943.356,Updated motor position,motor_6,,228.12,deg,log_7_3_2026,282,***
1772856943.456,Updated motor position,motor_6,,234.25,deg,log_7_3_2026,284,***
1772856943.556,Updated motor position,motor_6,,240.67,deg,log_7_3_2026,287,***
1772856943.656,Updated motor position,motor_6,,246.37,deg,log_7_3_2026,290,***
1772856943.756,Updated motor position,motor_6,,251.84,deg,log_7_3_2026,292,***
1772856943.856,Updated motor position,motor_6,,257.47,deg,log_7_3_2026,294,***
1772856943.956,Updated motor position,motor_6,,262.38,deg,log_7_3_2026,296,***
1772856944.056,Updated motor position,motor_6,,267.32,deg,log_7_3_2026,298,***
1772856944.156,Updated motor position,motor_6,,271.52,deg,log_7_3_2026,306,***
1772856944.256,Updated motor position,motor_6,,275.54,deg,log_7_3_2026,309,***
1772856944.356,Updated motor position,motor_6,,278.9,deg,log_7_3_2026,312,***
1772856944.456,Updated motor position,motor_6,,280.88,deg,log_7_3_2026,314,***
1772856944.556,Updated motor position,motor_6,,281.35,deg,log_7_3_2026,316,***
1772856944.656,Updated motor position,motor_6,,281.41,deg,log_7_3_2026,318,***
1772856944.756,Updated motor position,motor_6,,281.41,deg,log_7_3_2026,320,***
1772856944.956,Updated motor position,motor_6,,281.41,deg,log_7_3_2026,324,***
1772858503.989,Sent velocity command,C_joint,0.1,5.729577951308233,rad/s,log_7_3_2026_1,12,
1772858503.989,Sent position command,C_joint,0.005,0.2864788975654116,rad,log_7_3_2026_1,14,
1772858504.089,Sent velocity command,C_joint,0.2,11.459155902616466,rad/s,log_7_3_2026_1,18,
1772858504.089,Sent position command,C_joint,0.02001,1.1464885480567772,rad,log_7_3_2026_1,20,
1772858504.189,Updated motor position,motor_6,,0.0,deg,log_7_3_2026_1,23,***
1772858504.189,Sent velocity command,C_joint,0.3,17.188733853924695,rad/s,log_7_3_2026_1,24,
1772858504.189,Sent position command,C_joint,0.04502,2.579455993678966,rad,log_7_3_2026_1,26,
1772858504.289,Updated motor position,motor_6,,0.2,deg,log_7_3_2026_1,29,***
1772858504.289,Sent velocity command,C_joint,0.4,22.918311805232932,rad/s,log_7_3_2026_1,30,
1772858504.289,Sent position command,C_joint,0.08003,4.585381234431979,rad,log_7_3_2026_1,32,
1772858504.389,Updated motor position,motor_6,,0.76,deg,log_7_3_2026_1,35,***
1772858504.389,Sent velocity command,C_joint,0.5,28.64788975654116,rad/s,log_7_3_2026_1,36,
1772858504.389,Sent position command,C_joint,0.12504,7.164264270315814,rad,log_7_3_2026_1,38,
1772858504.488,Updated motor position,motor_6,,1.32,deg,log_7_3_2026_1,41,***
1772858504.489,Sent velocity command,C_joint,0.6,34.37746770784939,rad/s,log_7_3_2026_1,42,
1772858504.489,Sent position command,C_joint,0.18003,10.31495918574021,rad,log_7_3_2026_1,44,
1772858504.589,Updated motor position,motor_6,,2.46,deg,log_7_3_2026_1,47,***
1772858504.589,Sent velocity command,C_joint,0.7,40.10704565915762,rad/s,log_7_3_2026_1,48,
1772858504.589,Sent position command,C_joint,0.24525,14.051789925583439,rad,log_7_3_2026_1,50,
1772858504.688,Updated motor position,motor_6,,4.05,deg,log_7_3_2026_1,53,***
1772858504.689,Sent velocity command,C_joint,0.8,45.836623610465864,rad/s,log_7_3_2026_1,54,
1772858504.689,Sent position command,C_joint,0.32003,18.336368317571736,rad,log_7_3_2026_1,56,
1772858504.789,Updated motor position,motor_6,,5.51,deg,log_7_3_2026_1,59,***
1772858504.789,Sent velocity command,C_joint,0.9,51.56620156177409,rad/s,log_7_3_2026_1,60,
1772858504.789,Sent position command,C_joint,0.40506,23.208228449569123,rad,log_7_3_2026_1,62,
1772858504.888,Updated motor position,motor_6,,7.0,deg,log_7_3_2026_1,65,***
1772858504.889,Sent velocity command,C_joint,1.0,57.29577951308232,rad/s,log_7_3_2026_1,66,
1772858504.889,Sent position command,C_joint,0.50003,28.649608629926554,rad,log_7_3_2026_1,68,
1772858504.989,Updated motor position,motor_6,,9.06,deg,log_7_3_2026_1,71,***
1772858504.989,Sent velocity command,C_joint,1.1,63.02535746439056,rad/s,log_7_3_2026_1,72,
1772858504.989,Sent position command,C_joint,0.60506,34.66738435218559,rad,log_7_3_2026_1,74,
1772858505.088,Updated motor position,motor_6,,10.82,deg,log_7_3_2026_1,77,***
1772858505.089,Sent velocity command,C_joint,1.2,68.75493541569878,rad/s,log_7_3_2026_1,78,
1772858505.089,Sent position command,C_joint,0.72006,41.25639899619006,rad,log_7_3_2026_1,80,
1772858505.188,Updated motor position,motor_6,,13.62,deg,log_7_3_2026_1,83,***
1772858505.189,Sent velocity command,C_joint,1.3,74.48451336700703,rad/s,log_7_3_2026_1,84,
1772858505.189,Sent position command,C_joint,0.84507,48.418944393120476,rad,log_7_3_2026_1,86,
1772858505.289,Updated motor position,motor_6,,16.64,deg,log_7_3_2026_1,89,***
1772858505.289,Sent velocity command,C_joint,1.4,80.21409131831524,rad/s,log_7_3_2026_1,90,
1772858505.289,Sent position command,C_joint,0.98009,56.15502054297686,rad,log_7_3_2026_1,92,
1772858505.388,Updated motor position,motor_6,,20.08,deg,log_7_3_2026_1,95,***
1772858505.389,Sent velocity command,C_joint,1.5,85.94366926962348,rad/s,log_7_3_2026_1,96,
1772858505.389,Sent position command,C_joint,1.12508,64.46233561457866,rad,log_7_3_2026_1,98,
1772858505.488,Updated motor position,motor_6,,22.93,deg,log_7_3_2026_1,101,***
1772858505.489,Sent velocity command,C_joint,1.6,91.67324722093173,rad/s,log_7_3_2026_1,102,
1772858505.489,Sent position command,C_joint,1.28004,73.3408896079259,rad,log_7_3_2026_1,104,
1772858505.588,Updated motor position,motor_6,,26.03,deg,log_7_3_2026_1,107,***
1772858505.589,Sent velocity command,C_joint,1.7,97.40282517223994,rad/s,log_7_3_2026_1,108,
1772858505.589,Sent position command,C_joint,1.44509,82.79755801656013,rad,log_7_3_2026_1,110,
1772858505.689,Updated motor position,motor_6,,29.64,deg,log_7_3_2026_1,113,***
1772858505.689,Sent velocity command,C_joint,1.8,103.13240312354819,rad/s,log_7_3_2026_1,114,
1772858505.689,Sent position command,C_joint,1.62011,92.8254653469398,rad,log_7_3_2026_1,116,
1772858505.788,Updated motor position,motor_6,,34.38,deg,log_7_3_2026_1,119,***
1772858505.789,Sent velocity command,C_joint,1.9,108.8619810748564,rad/s,log_7_3_2026_1,120,
1772858505.789,Sent position command,C_joint,1.80507,103.4228927256795,rad,log_7_3_2026_1,122,
1772858505.888,Updated motor position,motor_6,,38.97,deg,log_7_3_2026_1,125,***
1772858505.889,Sent velocity command,C_joint,2.0,114.59155902616465,rad/s,log_7_3_2026_1,126,
1772858505.889,Sent position command,C_joint,2.0001,114.59728860411596,rad,log_7_3_2026_1,128,
1772858505.988,Updated motor position,motor_6,,42.36,deg,log_7_3_2026_1,131,***
1772858505.989,Sent velocity command,C_joint,2.094,119.97736230039438,rad/s,log_7_3_2026_1,132,
1772858505.989,Sent position command,C_joint,2.20509,126.3423504465027,rad,log_7_3_2026_1,134,
1772858506.089,Updated motor position,motor_6,,47.6,deg,log_7_3_2026_1,137,***
1772858506.089,Sent position command,C_joint,2.41454,138.34295146551779,rad,log_7_3_2026_1,139,
1772858506.189,Updated motor position,motor_6,,53.01,deg,log_7_3_2026_1,142,***
1772858506.189,Sent position command,C_joint,2.62406,150.3475631890988,rad,log_7_3_2026_1,144,
1772858506.288,Updated motor position,motor_6,,58.92,deg,log_7_3_2026_1,147,***
1772858506.289,Sent velocity command,C_joint,2.051,117.51364378133185,rad/s,log_7_3_2026_1,148,
1772858506.289,Sent position command,C_joint,2.83241,162.2851388506495,rad,log_7_3_2026_1,150,
1772858506.389,Updated motor position,motor_6,,65.18,deg,log_7_3_2026_1,153,***
1772858506.389,Sent velocity command,C_joint,1.951,111.78406583002362,rad/s,log_7_3_2026_1,154,
1772858506.389,Sent position command,C_joint,3.03255,173.7523161623978,rad,log_7_3_2026_1,156,
1772858506.488,Updated motor position,motor_6,,70.5,deg,log_7_3_2026_1,159,***
1772858506.489,Sent velocity command,C_joint,1.851,106.05448787871538,rad/s,log_7_3_2026_1,160,
1772858506.489,Sent position command,C_joint,3.22257,184.6396601854737,rad,log_7_3_2026_1,162,
1772858506.588,Updated motor position,motor_6,,76.17,deg,log_7_3_2026_1,165,***
1772858506.589,Sent velocity command,C_joint,1.751,100.32490992740713,rad/s,log_7_3_2026_1,166,
1772858506.589,Sent position command,C_joint,3.40263,194.9563382445993,rad,log_7_3_2026_1,168,
1772858506.688,Updated motor position,motor_6,,82.75,deg,log_7_3_2026_1,171,***
1772858506.689,Sent velocity command,C_joint,1.651,94.59533197609892,rad/s,log_7_3_2026_1,172,
1772858506.689,Sent position command,C_joint,3.57273,204.7023503397746,rad,log_7_3_2026_1,174,
1772858506.789,Updated motor position,motor_6,,90.21,deg,log_7_3_2026_1,177,***
1772858506.789,Sent velocity command,C_joint,1.551,88.86575402479068,rad/s,log_7_3_2026_1,178,
1772858506.789,Sent position command,C_joint,3.73287,213.8776964709996,rad,log_7_3_2026_1,180,
1772858506.888,Updated motor position,motor_6,,97.0,deg,log_7_3_2026_1,183,***
1772858506.889,Sent velocity command,C_joint,1.451,83.13617607348246,rad/s,log_7_3_2026_1,184,
1772858506.889,Sent position command,C_joint,3.88284,222.47034452457655,rad,log_7_3_2026_1,186,
1772858506.988,Updated motor position,motor_6,,103.4,deg,log_7_3_2026_1,189,***
1772858506.989,Sent velocity command,C_joint,1.351,77.40659812217422,rad/s,log_7_3_2026_1,190,
1772858506.989,Sent position command,C_joint,4.02293,230.49691027656425,rad,log_7_3_2026_1,192,
1772858507.088,Updated motor position,motor_6,,109.54,deg,log_7_3_2026_1,195,***
1772858507.089,Sent velocity command,C_joint,1.251,71.67702017086597,rad/s,log_7_3_2026_1,196,
1772858507.089,Sent position command,C_joint,4.15301,237.94994527562602,rad,log_7_3_2026_1,198,
1772858507.188,Updated motor position,motor_6,,117.6,deg,log_7_3_2026_1,201,***
1772858507.189,Sent velocity command,C_joint,1.151,65.94744221955776,rad/s,log_7_3_2026_1,202,
1772858507.189,Sent position command,C_joint,4.27307,244.82887656396667,rad,log_7_3_2026_1,204,
1772858507.288,Updated motor position,motor_6,,125.96,deg,log_7_3_2026_1,207,***
1772858507.289,Sent velocity command,C_joint,1.051,60.21786426824952,rad/s,log_7_3_2026_1,208,
1772858507.289,Sent position command,C_joint,4.38314,251.13542301497165,rad,log_7_3_2026_1,210,
1772858507.389,Updated motor position,motor_6,,133.75,deg,log_7_3_2026_1,213,***
1772858507.389,Sent velocity command,C_joint,0.951,54.488286316941284,rad/s,log_7_3_2026_1,214,
1772858507.389,Sent position command,C_joint,4.48322,256.86958462864095,rad,log_7_3_2026_1,216,
1772858507.489,Updated motor position,motor_6,,141.6,deg,log_7_3_2026_1,219,***
1772858507.489,Sent velocity command,C_joint,0.851,48.758708365633055,rad/s,log_7_3_2026_1,220,
1772858507.489,Sent position command,C_joint,4.57333,262.0325073205648,rad,log_7_3_2026_1,222,
1772858507.589,Updated motor position,motor_6,,150.11,deg,log_7_3_2026_1,225,***
1772858507.589,Sent velocity command,C_joint,0.751,43.029130414324825,rad/s,log_7_3_2026_1,226,
1772858507.589,Sent position command,C_joint,4.65335,266.6173155972016,rad,log_7_3_2026_1,228,
1772858507.689,Updated motor position,motor_6,,157.93,deg,log_7_3_2026_1,231,***
1772858507.689,Sent velocity command,C_joint,0.651,37.299552463016596,rad/s,log_7_3_2026_1,232,
1772858507.689,Sent position command,C_joint,4.72344,270.6331767832736,rad,log_7_3_2026_1,234,
1772858507.789,Updated motor position,motor_6,,166.25,deg,log_7_3_2026_1,237,***
1772858507.789,Sent velocity command,C_joint,0.551,31.569974511708363,rad/s,log_7_3_2026_1,238,
1772858507.789,Sent position command,C_joint,4.78349,274.07378834303415,rad,log_7_3_2026_1,240,
1772858507.888,Updated motor position,motor_6,,173.8,deg,log_7_3_2026_1,243,***
1772858507.889,Sent velocity command,C_joint,0.451,25.84039656040013,rad/s,log_7_3_2026_1,244,
1772858507.889,Sent position command,C_joint,4.83355,276.94201506545903,rad,log_7_3_2026_1,246,
1772858507.988,Updated motor position,motor_6,,181.82,deg,log_7_3_2026_1,249,***
1772858507.989,Sent velocity command,C_joint,0.351,20.110818609091893,rad/s,log_7_3_2026_1,250,
1772858507.989,Sent position command,C_joint,4.87362,279.23785695054823,rad,log_7_3_2026_1,252,
1772858508.089,Updated motor position,motor_6,,189.13,deg,log_7_3_2026_1,255,***
1772858508.089,Sent velocity command,C_joint,0.251,14.381240657783662,rad/s,log_7_3_2026_1,256,
1772858508.089,Sent position command,C_joint,4.90369,280.96074104050666,rad,log_7_3_2026_1,258,
1772858508.188,Updated motor position,motor_6,,196.82,deg,log_7_3_2026_1,261,***
1772858508.189,Sent velocity command,C_joint,0.151,8.651662706475431,rad/s,log_7_3_2026_1,262,
1772858508.189,Sent position command,C_joint,4.92375,282.1100943775391,rad,log_7_3_2026_1,264,
1772858508.288,Updated motor position,motor_6,,204.37,deg,log_7_3_2026_1,267,***
1772858508.289,Sent velocity command,C_joint,0.051,2.9220847551671985,rad/s,log_7_3_2026_1,268,
1772858508.289,Sent position command,C_joint,4.93383,282.68763583503096,rad,log_7_3_2026_1,270,
1772858508.389,Updated motor position,motor_6,,211.18,deg,log_7_3_2026_1,273,***
1772858508.389,Sent velocity command,C_joint,-0.0,-0.0,rad/s,log_7_3_2026_1,275,
1772858508.389,Sent position command,C_joint,4.93511,282.7609744328077,rad,log_7_3_2026_1,277,
1772858508.489,Updated motor position,motor_6,,217.82,deg,log_7_3_2026_1,281,***
1772858508.589,Updated motor position,motor_6,,224.84,deg,log_7_3_2026_1,283,***
1772858508.688,Updated motor position,motor_6,,231.08,deg,log_7_3_2026_1,286,***
1772858508.788,Updated motor position,motor_6,,237.67,deg,log_7_3_2026_1,288,***
1772858508.889,Updated motor position,motor_6,,243.58,deg,log_7_3_2026_1,290,***
1772858508.988,Updated motor position,motor_6,,248.47,deg,log_7_3_2026_1,292,***
1772858509.088,Updated motor position,motor_6,,253.83,deg,log_7_3_2026_1,294,***
1772858509.189,Updated motor position,motor_6,,259.41,deg,log_7_3_2026_1,296,***
1772858509.288,Updated motor position,motor_6,,264.67,deg,log_7_3_2026_1,298,***
1772858509.389,Updated motor position,motor_6,,269.19,deg,log_7_3_2026_1,301,***
1772858509.489,Updated motor position,motor_6,,273.32,deg,log_7_3_2026_1,310,***
1772858509.589,Updated motor position,motor_6,,277.29,deg,log_7_3_2026_1,312,***
1772858509.688,Updated motor position,motor_6,,280.32,deg,log_7_3_2026_1,314,***
1772858509.789,Updated motor position,motor_6,,282.37,deg,log_7_3_2026_1,316,***
1772858509.889,Updated motor position,motor_6,,282.72,deg,log_7_3_2026_1,318,***
1772858509.989,Updated motor position,motor_6,,282.76,deg,log_7_3_2026_1,320,***
1772858510.089,Updated motor position,motor_6,,282.76,deg,log_7_3_2026_1,323,***
1772858510.189,Updated motor position,motor_6,,282.77,deg,log_7_3_2026_1,326,***
1772858510.588,Updated motor position,motor_6,,282.77,deg,log_7_3_2026_1,331,***
1772858510.988,Updated motor position,motor_6,,282.76,deg,log_7_3_2026_1,338,***
1772863024.988,Sent velocity command,C_joint,0.1,5.729577951308233,rad/s,log_7_3_2026_2,12,
1772863024.988,Sent position command,C_joint,0.005,0.2864788975654116,rad,log_7_3_2026_2,14,
1772863025.088,Sent velocity command,C_joint,0.2,11.459155902616466,rad/s,log_7_3_2026_2,17,
1772863025.088,Sent position command,C_joint,0.02003,1.1476344636470388,rad,log_7_3_2026_2,19,
1772863025.188,Sent velocity command,C_joint,0.3,17.188733853924695,rad/s,log_7_3_2026_2,21,
1772863025.188,Sent position command,C_joint,0.045,2.5783100780887045,rad,log_7_3_2026_2,23,
1772863025.288,Updated motor position,motor_6,,0.02,deg,log_7_3_2026_2,26,***
1772863025.288,Sent velocity command,C_joint,0.4,22.918311805232932,rad/s,log_7_3_2026_2,27,
1772863025.288,Sent position command,C_joint,0.08002,4.584808276636847,rad,log_7_3_2026_2,29,
1772863025.388,Updated motor position,motor_6,,0.32,deg,log_7_3_2026_2,32,***
1772863025.388,Sent velocity command,C_joint,0.5,28.64788975654116,rad/s,log_7_3_2026_2,33,
1772863025.388,Sent position command,C_joint,0.12504,7.164264270315814,rad,log_7_3_2026_2,35,
1772863025.488,Updated motor position,motor_6,,1.05,deg,log_7_3_2026_2,38,***
1772863025.488,Sent velocity command,C_joint,0.6,34.37746770784939,rad/s,log_7_3_2026_2,39,
1772863025.488,Sent position command,C_joint,0.18004,10.315532143535341,rad,log_7_3_2026_2,41,
1772863025.588,Updated motor position,motor_6,,2.23,deg,log_7_3_2026_2,44,***
1772863025.588,Sent velocity command,C_joint,0.7,40.10704565915762,rad/s,log_7_3_2026_2,45,
1772863025.588,Sent position command,C_joint,0.24505,14.040330769680823,rad,log_7_3_2026_2,47,
1772863025.688,Updated motor position,motor_6,,3.48,deg,log_7_3_2026_2,50,***
1772863025.688,Sent velocity command,C_joint,0.8,45.836623610465864,rad/s,log_7_3_2026_2,51,
1772863025.688,Sent position command,C_joint,0.32003,18.336368317571736,rad,log_7_3_2026_2,53,
1772863025.788,Updated motor position,motor_6,,4.95,deg,log_7_3_2026_2,56,***
1772863025.788,Sent velocity command,C_joint,0.9,51.56620156177409,rad/s,log_7_3_2026_2,57,
1772863025.788,Sent position command,C_joint,0.40506,23.208228449569123,rad,log_7_3_2026_2,59,
1772863025.888,Updated motor position,motor_6,,6.78,deg,log_7_3_2026_2,62,***
1772863025.888,Sent velocity command,C_joint,1.0,57.29577951308232,rad/s,log_7_3_2026_2,63,
1772863025.888,Sent position command,C_joint,0.50017,28.657630039058386,rad,log_7_3_2026_2,65,
1772863025.988,Updated motor position,motor_6,,8.84,deg,log_7_3_2026_2,68,***
1772863025.988,Sent velocity command,C_joint,1.1,63.02535746439056,rad/s,log_7_3_2026_2,69,
1772863025.988,Sent position command,C_joint,0.60511,34.67024914116125,rad,log_7_3_2026_2,71,
1772863026.088,Updated motor position,motor_6,,10.65,deg,log_7_3_2026_2,74,***
1772863026.088,Sent velocity command,C_joint,1.2,68.75493541569878,rad/s,log_7_3_2026_2,75,
1772863026.088,Sent position command,C_joint,0.72009,41.25811786957545,rad,log_7_3_2026_2,77,
1772863026.188,Updated motor position,motor_6,,13.42,deg,log_7_3_2026_2,80,***
1772863026.188,Sent velocity command,C_joint,1.3,74.48451336700703,rad/s,log_7_3_2026_2,81,
1772863026.188,Sent position command,C_joint,0.84512,48.42180918209613,rad,log_7_3_2026_2,83,
1772863026.288,Updated motor position,motor_6,,16.63,deg,log_7_3_2026_2,86,***
1772863026.288,Sent velocity command,C_joint,1.4,80.21409131831524,rad/s,log_7_3_2026_2,87,
1772863026.288,Sent position command,C_joint,0.98009,56.15502054297686,rad,log_7_3_2026_2,89,
1772863026.388,Updated motor position,motor_6,,19.74,deg,log_7_3_2026_2,92,***
1772863026.388,Sent velocity command,C_joint,1.5,85.94366926962348,rad/s,log_7_3_2026_2,93,
1772863026.388,Sent position command,C_joint,1.1251,64.46348153016892,rad,log_7_3_2026_2,95,
1772863026.488,Updated motor position,motor_6,,23.48,deg,log_7_3_2026_2,98,***
1772863026.488,Sent velocity command,C_joint,1.6,91.67324722093173,rad/s,log_7_3_2026_2,99,
1772863026.488,Sent position command,C_joint,1.28012,73.34547327028694,rad,log_7_3_2026_2,101,
1772863026.588,Updated motor position,motor_6,,27.01,deg,log_7_3_2026_2,104,***
1772863026.588,Sent velocity command,C_joint,1.7,97.40282517223994,rad/s,log_7_3_2026_2,105,
1772863026.588,Sent position command,C_joint,1.44515,82.80099576333092,rad,log_7_3_2026_2,107,
1772863026.688,Updated motor position,motor_6,,31.47,deg,log_7_3_2026_2,110,***
1772863026.688,Sent velocity command,C_joint,1.8,103.13240312354819,rad/s,log_7_3_2026_2,111,
1772863026.688,Sent position command,C_joint,1.62013,92.82661126253007,rad,log_7_3_2026_2,113,
1772863026.788,Updated motor position,motor_6,,35.93,deg,log_7_3_2026_2,116,***
1772863026.788,Sent velocity command,C_joint,1.9,108.8619810748564,rad/s,log_7_3_2026_2,117,
1772863026.788,Sent position command,C_joint,1.80528,103.43492483937726,rad,log_7_3_2026_2,119,
1772863026.888,Updated motor position,motor_6,,40.19,deg,log_7_3_2026_2,122,***
1772863026.888,Sent velocity command,C_joint,2.0,114.59155902616465,rad/s,log_7_3_2026_2,123,
1772863026.888,Sent position command,C_joint,2.0002,114.60301818206726,rad,log_7_3_2026_2,125,
1772863026.988,Updated motor position,motor_6,,45.34,deg,log_7_3_2026_2,128,***
1772863026.988,Sent velocity command,C_joint,2.034,116.53961552960943,rad/s,log_7_3_2026_2,129,
1772863026.988,Sent position command,C_joint,2.20408,126.28448170919448,rad,log_7_3_2026_2,131,
1772863027.088,Updated motor position,motor_6,,49.98,deg,log_7_3_2026_2,134,***
1772863027.088,Sent velocity command,C_joint,1.934,110.8100375783012,rad/s,log_7_3_2026_2,135,
1772863027.088,Sent position command,C_joint,2.40254,137.65540211136081,rad,log_7_3_2026_2,137,
1772863027.188,Updated motor position,motor_6,,56.28,deg,log_7_3_2026_2,140,***
1772863027.188,Sent velocity command,C_joint,1.834,105.08045962699299,rad/s,log_7_3_2026_2,141,
1772863027.188,Sent position command,C_joint,2.59086,148.44534330926447,rad,log_7_3_2026_2,143,
1772863027.288,Updated motor position,motor_6,,63.52,deg,log_7_3_2026_2,146,***
1772863027.288,Sent velocity command,C_joint,1.734,99.35088167568475,rad/s,log_7_3_2026_2,147,
1772863027.288,Sent position command,C_joint,2.76924,158.6657644588081,rad,log_7_3_2026_2,149,
1772863027.388,Updated motor position,motor_6,,69.14,deg,log_7_3_2026_2,152,***
1772863027.388,Sent velocity command,C_joint,1.634,93.6213037243765,rad/s,log_7_3_2026_2,153,
1772863027.388,Sent position command,C_joint,2.93765,168.3149466866063,rad,log_7_3_2026_2,155,
1772863027.488,Updated motor position,motor_6,,75.02,deg,log_7_3_2026_2,158,***
1772863027.488,Sent velocity command,C_joint,1.534,87.89172577306829,rad/s,log_7_3_2026_2,159,
1772863027.488,Sent position command,C_joint,3.09602,177.38887928809314,rad,log_7_3_2026_2,161,
1772863027.588,Updated motor position,motor_6,,82.17,deg,log_7_3_2026_2,164,***
1772863027.588,Sent velocity command,C_joint,1.434,82.16214782176004,rad/s,log_7_3_2026_2,165,
1772863027.588,Sent position command,C_joint,3.24444,185.8927188834248,rad,log_7_3_2026_2,167,
1772863027.688,Updated motor position,motor_6,,89.78,deg,log_7_3_2026_2,170,***
1772863027.688,Sent velocity command,C_joint,1.334,76.43256987045183,rad/s,log_7_3_2026_2,171,
1772863027.688,Sent position command,C_joint,3.38281,193.82073589465003,rad,log_7_3_2026_2,173,
1772863027.788,Updated motor position,motor_6,,97.56,deg,log_7_3_2026_2,176,***
1772863027.788,Sent velocity command,C_joint,1.234,70.70299191914359,rad/s,log_7_3_2026_2,177,
1772863027.788,Sent position command,C_joint,3.51118,201.1757951107444,rad,log_7_3_2026_2,179,
1772863027.888,Updated motor position,motor_6,,104.33,deg,log_7_3_2026_2,182,***
1772863027.888,Sent velocity command,C_joint,1.134,64.97341396783534,rad/s,log_7_3_2026_2,183,
1772863027.888,Sent position command,C_joint,3.62961,207.96133427847872,rad,log_7_3_2026_2,185,
1772863027.988,Updated motor position,motor_6,,112.42,deg,log_7_3_2026_2,188,***
1772863027.988,Sent velocity command,C_joint,1.034,59.243836016527126,rad/s,log_7_3_2026_2,189,
1772863027.988,Sent position command,C_joint,3.73799,214.1710508621066,rad,log_7_3_2026_2,191,
1772863028.088,Updated motor position,motor_6,,120.01,deg,log_7_3_2026_2,194,***
1772863028.088,Sent velocity command,C_joint,0.934,53.51425806521889,rad/s,log_7_3_2026_2,195,
1772863028.088,Sent position command,C_joint,3.83638,219.80838260839877,rad,log_7_3_2026_2,197,
1772863028.188,Updated motor position,motor_6,,128.28,deg,log_7_3_2026_2,200,***
1772863028.188,Sent velocity command,C_joint,0.834,47.78468011391065,rad/s,log_7_3_2026_2,201,
1772863028.188,Sent position command,C_joint,3.92478,224.87332951735524,rad,log_7_3_2026_2,203,
1772863028.288,Updated motor position,motor_6,,136.46,deg,log_7_3_2026_2,206,***
1772863028.288,Sent velocity command,C_joint,0.734,42.055102162602424,rad/s,log_7_3_2026_2,207,
1772863028.288,Sent position command,C_joint,4.00319,229.365891588976,rad,log_7_3_2026_2,209,
1772863028.388,Updated motor position,motor_6,,143.88,deg,log_7_3_2026_2,212,***
1772863028.388,Sent velocity command,C_joint,0.634,36.325524211294194,rad/s,log_7_3_2026_2,213,
1772863028.388,Sent position command,C_joint,4.07156,233.28320403428546,rad,log_7_3_2026_2,215,
1772863028.488,Updated motor position,motor_6,,151.16,deg,log_7_3_2026_2,218,***
1772863028.488,Sent velocity command,C_joint,0.534,30.59594625998596,rad/s,log_7_3_2026_2,219,
1772863028.488,Sent position command,C_joint,4.12994,236.62813164225923,rad,log_7_3_2026_2,221,
1772863028.588,Updated motor position,motor_6,,158.86,deg,log_7_3_2026_2,224,***
1772863028.588,Sent velocity command,C_joint,0.434,24.86636830867773,rad/s,log_7_3_2026_2,225,
1772863028.588,Sent position command,C_joint,4.17834,239.4012473706924,rad,log_7_3_2026_2,227,
1772863028.688,Updated motor position,motor_6,,165.84,deg,log_7_3_2026_2,230,***
1772863028.688,Sent velocity command,C_joint,0.334,19.136790357369495,rad/s,log_7_3_2026_2,231,
1772863028.688,Sent position command,C_joint,4.21676,241.602551219585,rad,log_7_3_2026_2,233,
1772863028.788,Updated motor position,motor_6,,173.79,deg,log_7_3_2026_2,236,***
1772863028.788,Sent velocity command,C_joint,0.234,13.407212406061264,rad/s,log_7_3_2026_2,237,
1772863028.788,Sent position command,C_joint,4.24515,243.2291783999614,rad,log_7_3_2026_2,239,
1772863028.888,Updated motor position,motor_6,,179.88,deg,log_7_3_2026_2,242,***
1772863028.888,Sent velocity command,C_joint,0.134,7.677634454753032,rad/s,log_7_3_2026_2,243,
1772863028.888,Sent position command,C_joint,4.26353,244.2822748274119,rad,log_7_3_2026_2,245,
1772863028.988,Updated motor position,motor_6,,186.87,deg,log_7_3_2026_2,248,***
1772863028.988,Sent velocity command,C_joint,0.034,1.9480565034447992,rad/s,log_7_3_2026_2,249,
1772863028.988,Sent position command,C_joint,4.27191,244.7624134597315,rad,log_7_3_2026_2,251,
1772863029.088,Updated motor position,motor_6,,193.13,deg,log_7_3_2026_2,254,***
1772863029.088,Sent velocity command,C_joint,-0.0,-0.0,rad/s,log_7_3_2026_2,256,
1772863029.188,Updated motor position,motor_6,,199.71,deg,log_7_3_2026_2,259,***
1772863029.288,Updated motor position,motor_6,,206.54,deg,log_7_3_2026_2,262,***
1772863029.388,Updated motor position,motor_6,,211.68,deg,log_7_3_2026_2,264,***
1772863029.488,Updated motor position,motor_6,,217.48,deg,log_7_3_2026_2,269,***
1772863029.588,Updated motor position,motor_6,,222.99,deg,log_7_3_2026_2,271,***
1772863029.688,Updated motor position,motor_6,,227.37,deg,log_7_3_2026_2,273,***
1772863029.788,Updated motor position,motor_6,,232.53,deg,log_7_3_2026_2,275,***
1772863029.888,Updated motor position,motor_6,,236.23,deg,log_7_3_2026_2,277,***
1772863029.988,Updated motor position,motor_6,,240.08,deg,log_7_3_2026_2,279,***
1772863030.088,Updated motor position,motor_6,,242.93,deg,log_7_3_2026_2,281,***
1772863030.188,Updated motor position,motor_6,,244.57,deg,log_7_3_2026_2,283,***
1772863030.288,Updated motor position,motor_6,,244.75,deg,log_7_3_2026_2,285,***
1772863030.388,Updated motor position,motor_6,,244.76,deg,log_7_3_2026_2,287,***
1772863030.488,Updated motor position,motor_6,,244.77,deg,log_7_3_2026_2,289,***
1772863030.588,Updated motor position,motor_6,,244.77,deg,log_7_3_2026_2,291,***
1772863030.688,Updated motor position,motor_6,,244.77,deg,log_7_3_2026_2,293,***
1772863030.988,Updated motor position,motor_6,,244.77,deg,log_7_3_2026_2,295,***
1772863031.188,Updated motor position,motor_6,,244.77,deg,log_7_3_2026_2,297,***
1772863031.488,Updated motor position,motor_6,,244.77,deg,log_7_3_2026_2,299,***
1772863031.688,Updated motor position,motor_6,,244.76,deg,log_7_3_2026_2,301,***
1772863031.888,Updated motor position,motor_6,,244.76,deg,log_7_3_2026_2,303,***
1772863032.088,Updated motor position,motor_6,,244.76,deg,log_7_3_2026_2,305,***
1772863032.288,Updated motor position,motor_6,,244.76,deg,log_7_3_2026_2,307,***
1772863032.588,Updated motor position,motor_6,,244.76,deg,log_7_3_2026_2,309,***
1772863032.788,Updated motor position,motor_6,,244.76,deg,log_7_3_2026_2,311,***
1772863033.088,Updated motor position,motor_6,,244.76,deg,log_7_3_2026_2,313,***
1772863033.588,Updated motor position,motor_6,,244.76,deg,log_7_3_2026_2,315,***
1772863034.488,Updated motor position,motor_6,,244.76,deg,log_7_3_2026_2,317,***
1772863034.588,Updated motor position,motor_6,,244.76,deg,log_7_3_2026_2,319,***
1772863034.788,Updated motor position,motor_6,,244.76,deg,log_7_3_2026_2,321,***
1772863036.288,Updated motor position,motor_6,,244.76,deg,log_7_3_2026_2,323,***
1772863036.388,Updated motor position,motor_6,,244.76,deg,log_7_3_2026_2,325,***
1772863036.488,Updated motor position,motor_6,,244.76,deg,log_7_3_2026_2,327,***
1772863036.588,Updated motor position,motor_6,,244.76,deg,log_7_3_2026_2,329,***
1772863039.588,Updated motor position,motor_6,,244.76,deg,log_7_3_2026_2,331,***
1772863039.688,Updated motor position,motor_6,,244.76,deg,log_7_3_2026_2,333,***
1772863042.188,Updated motor position,motor_6,,244.76,deg,log_7_3_2026_2,335,***
1772863042.288,Updated motor position,motor_6,,244.76,deg,log_7_3_2026_2,337,***
1772863044.388,Updated motor position,motor_6,,244.76,deg,log_7_3_2026_2,339,***
1772863044.488,Updated motor position,motor_6,,244.76,deg,log_7_3_2026_2,341,***
1772863046.188,Updated motor position,motor_6,,244.76,deg,log_7_3_2026_2,343,***
1772863046.288,Updated motor position,motor_6,,244.76,deg,log_7_3_2026_2,345,***
1772863048.688,Updated motor position,motor_6,,244.76,deg,log_7_3_2026_2,347,***
1772863048.788,Updated motor position,motor_6,,244.76,deg,log_7_3_2026_2,349,***
1772863058.788,Updated motor position,motor_6,,244.76,deg,log_7_3_2026_2,351,***
1772863058.988,Updated motor position,motor_6,,244.76,deg,log_7_3_2026_2,353,***
1772863559.73,Sent velocity command,C_joint,0.1,5.729577951308233,rad/s,log_7_3_2026_3,10,
1772863559.73,Sent position command,C_joint,0.005,0.2864788975654116,rad,log_7_3_2026_3,12,
1772863559.83,Sent velocity command,C_joint,0.2,11.459155902616466,rad/s,log_7_3_2026_3,15,
1772863559.83,Sent position command,C_joint,0.02002,1.147061505851908,rad,log_7_3_2026_3,17,
1772863559.93,Sent velocity command,C_joint,0.3,17.188733853924695,rad/s,log_7_3_2026_3,19,
1772863559.93,Sent position command,C_joint,0.04501,2.5788830358838353,rad,log_7_3_2026_3,21,
1772863560.03,Updated motor position,motor_6,,0.01,deg,log_7_3_2026_3,24,***
1772863560.03,Sent velocity command,C_joint,0.4,22.918311805232932,rad/s,log_7_3_2026_3,25,
1772863560.03,Sent position command,C_joint,0.08004,4.585954192227109,rad,log_7_3_2026_3,27,
1772863560.13,Updated motor position,motor_6,,0.25,deg,log_7_3_2026_3,30,***
1772863560.13,Sent velocity command,C_joint,0.5,28.64788975654116,rad/s,log_7_3_2026_3,31,
1772863560.13,Sent position command,C_joint,0.12505,7.164837228110944,rad,log_7_3_2026_3,33,
1772863560.23,Updated motor position,motor_6,,1.01,deg,log_7_3_2026_3,36,***
1772863560.23,Sent velocity command,C_joint,0.6,34.37746770784939,rad/s,log_7_3_2026_3,37,
1772863560.23,Sent position command,C_joint,0.18005,10.316105101330471,rad,log_7_3_2026_3,39,
1772863560.33,Updated motor position,motor_6,,2.14,deg,log_7_3_2026_3,42,***
1772863560.33,Sent velocity command,C_joint,0.7,40.10704565915762,rad/s,log_7_3_2026_3,43,
1772863560.33,Sent position command,C_joint,0.24507,14.041476685271086,rad,log_7_3_2026_3,45,
1772863560.43,Updated motor position,motor_6,,2.85,deg,log_7_3_2026_3,48,***
1772863560.43,Sent velocity command,C_joint,0.8,45.836623610465864,rad/s,log_7_3_2026_3,49,
1772863560.43,Sent position command,C_joint,0.32005,18.337514233161997,rad,log_7_3_2026_3,51,
1772863560.53,Updated motor position,motor_6,,4.43,deg,log_7_3_2026_3,54,***
1772863560.53,Sent velocity command,C_joint,0.9,51.56620156177409,rad/s,log_7_3_2026_3,55,
1772863560.53,Sent position command,C_joint,0.40505,23.207655491773995,rad,log_7_3_2026_3,57,
1772863560.63,Updated motor position,motor_6,,6.13,deg,log_7_3_2026_3,60,***
1772863560.63,Sent velocity command,C_joint,1.0,57.29577951308232,rad/s,log_7_3_2026_3,61,
1772863560.63,Sent position command,C_joint,0.50007,28.65190046110708,rad,log_7_3_2026_3,63,
1772863560.73,Updated motor position,motor_6,,7.7,deg,log_7_3_2026_3,66,***
1772863560.73,Sent velocity command,C_joint,1.1,63.02535746439056,rad/s,log_7_3_2026_3,67,
1772863560.73,Sent position command,C_joint,0.60511,34.67024914116125,rad,log_7_3_2026_3,69,
1772863560.83,Updated motor position,motor_6,,10.14,deg,log_7_3_2026_3,72,***
1772863560.831,Sent velocity command,C_joint,1.2,68.75493541569878,rad/s,log_7_3_2026_3,73,
1772863560.831,Sent position command,C_joint,0.72039,41.27530660342937,rad,log_7_3_2026_3,75,
1772863560.93,Updated motor position,motor_6,,13.17,deg,log_7_3_2026_3,78,***
1772863560.93,Sent velocity command,C_joint,1.3,74.48451336700703,rad/s,log_7_3_2026_3,79,
1772863560.93,Sent position command,C_joint,0.84525,48.42925763343283,rad,log_7_3_2026_3,81,
1772863561.03,Updated motor position,motor_6,,15.25,deg,log_7_3_2026_3,84,***
1772863561.03,Sent velocity command,C_joint,1.4,80.21409131831524,rad/s,log_7_3_2026_3,85,
1772863561.03,Sent position command,C_joint,0.98009,56.15502054297686,rad,log_7_3_2026_3,87,
1772863561.13,Updated motor position,motor_6,,18.59,deg,log_7_3_2026_3,90,***
1772863561.13,Sent velocity command,C_joint,1.5,85.94366926962348,rad/s,log_7_3_2026_3,91,
1772863561.13,Sent position command,C_joint,1.12517,64.46749223473483,rad,log_7_3_2026_3,93,
1772863561.23,Updated motor position,motor_6,,22.2,deg,log_7_3_2026_3,96,***
1772863561.23,Sent velocity command,C_joint,1.6,91.67324722093173,rad/s,log_7_3_2026_3,97,
1772863561.23,Sent position command,C_joint,1.28013,73.34604622808207,rad,log_7_3_2026_3,99,
1772863561.33,Updated motor position,motor_6,,26.32,deg,log_7_3_2026_3,102,***
1772863561.33,Sent velocity command,C_joint,1.7,97.40282517223994,rad/s,log_7_3_2026_3,103,
1772863561.33,Sent position command,C_joint,1.44512,82.79927688994552,rad,log_7_3_2026_3,105,
1772863561.43,Updated motor position,motor_6,,30.35,deg,log_7_3_2026_3,108,***
1772863561.43,Sent velocity command,C_joint,1.8,103.13240312354819,rad/s,log_7_3_2026_3,109,
1772863561.43,Sent position command,C_joint,1.62019,92.83004900930085,rad,log_7_3_2026_3,111,
1772863561.53,Updated motor position,motor_6,,34.68,deg,log_7_3_2026_3,114,***
1772863561.53,Sent velocity command,C_joint,1.9,108.8619810748564,rad/s,log_7_3_2026_3,115,
1772863561.53,Sent position command,C_joint,1.8052,103.4303411770162,rad,log_7_3_2026_3,117,
1772863561.63,Updated motor position,motor_6,,39.14,deg,log_7_3_2026_3,120,***
1772863561.63,Sent velocity command,C_joint,1.953,111.89865738904977,rad/s,log_7_3_2026_3,121,
1772863561.631,Sent position command,C_joint,1.9998,114.58009987026203,rad,log_7_3_2026_3,123,
1772863561.73,Updated motor position,motor_6,,44.07,deg,log_7_3_2026_3,126,***
1772863561.73,Sent velocity command,C_joint,1.853,106.16907943774154,rad/s,log_7_3_2026_3,127,
1772863561.73,Sent position command,C_joint,2.19012,125.48463262719184,rad,log_7_3_2026_3,129,
1772863561.83,Updated motor position,motor_6,,49.06,deg,log_7_3_2026_3,132,***
1772863561.83,Sent velocity command,C_joint,1.753,100.4395014864333,rad/s,log_7_3_2026_3,133,
1772863561.83,Sent position command,C_joint,2.37033,135.80990505324442,rad,log_7_3_2026_3,135,
1772863561.93,Updated motor position,motor_6,,55.27,deg,log_7_3_2026_3,138,***
1772863561.93,Sent velocity command,C_joint,1.653,94.70992353512509,rad/s,log_7_3_2026_3,139,
1772863561.93,Sent position command,C_joint,2.54055,145.5627926419613,rad,log_7_3_2026_3,141,
1772863562.03,Updated motor position,motor_6,,60.97,deg,log_7_3_2026_3,144,***
1772863562.03,Sent velocity command,C_joint,1.553,88.98034558381684,rad/s,log_7_3_2026_3,145,
1772863562.03,Sent position command,C_joint,2.70086,154.74787905570352,rad,log_7_3_2026_3,147,
1772863562.13,Updated motor position,motor_6,,67.42,deg,log_7_3_2026_3,150,***
1772863562.13,Sent velocity command,C_joint,1.453,83.25076763250861,rad/s,log_7_3_2026_3,151,
1772863562.13,Sent position command,C_joint,2.85116,163.35943471651981,rad,log_7_3_2026_3,153,
1772863562.23,Updated motor position,motor_6,,73.99,deg,log_7_3_2026_3,156,***
1772863562.23,Sent velocity command,C_joint,1.353,77.52118968120038,rad/s,log_7_3_2026_3,157,
1772863562.23,Sent position command,C_joint,2.9915,171.40032441338576,rad,log_7_3_2026_3,159,
1772863562.33,Updated motor position,motor_6,,80.45,deg,log_7_3_2026_3,162,***
1772863562.33,Sent velocity command,C_joint,1.253,71.79161172989214,rad/s,log_7_3_2026_3,163,
1772863562.33,Sent position command,C_joint,3.12186,178.86940223071116,rad,log_7_3_2026_3,165,
1772863562.43,Updated motor position,motor_6,,87.33,deg,log_7_3_2026_3,168,***
1772863562.43,Sent velocity command,C_joint,1.153,66.06203377858392,rad/s,log_7_3_2026_3,169,
1772863562.43,Sent position command,C_joint,3.24228,185.76895999967655,rad,log_7_3_2026_3,171,
1772863562.53,Updated motor position,motor_6,,94.33,deg,log_7_3_2026_3,174,***
1772863562.53,Sent velocity command,C_joint,1.053,60.33245582727568,rad/s,log_7_3_2026_3,175,
1772863562.53,Sent position command,C_joint,3.35255,192.08696560658413,rad,log_7_3_2026_3,177,
1772863562.63,Updated motor position,motor_6,,101.87,deg,log_7_3_2026_3,180,***
1772863562.63,Sent velocity command,C_joint,0.953,54.60287787596745,rad/s,log_7_3_2026_3,181,
1772863562.63,Sent position command,C_joint,3.4529,197.83659708072196,rad,log_7_3_2026_3,183,
1772863562.73,Updated motor position,motor_6,,109.25,deg,log_7_3_2026_3,186,***
1772863562.73,Sent velocity command,C_joint,0.853,48.87329992465922,rad/s,log_7_3_2026_3,187,
1772863562.73,Sent position command,C_joint,3.5431,203.00467639280197,rad,log_7_3_2026_3,189,
1772863562.83,Updated motor position,motor_6,,116.74,deg,log_7_3_2026_3,192,***
1772863562.83,Sent velocity command,C_joint,0.753,43.14372197335099,rad/s,log_7_3_2026_3,193,
1772863562.83,Sent position command,C_joint,3.62336,207.60323565652197,rad,log_7_3_2026_3,195,
1772863562.93,Updated motor position,motor_6,,124.72,deg,log_7_3_2026_3,198,***
1772863562.93,Sent velocity command,C_joint,0.653,37.414144022042755,rad/s,log_7_3_2026_3,199,
1772863562.93,Sent position command,C_joint,3.69369,211.63284782967705,rad,log_7_3_2026_3,201,
1772863563.03,Updated motor position,motor_6,,131.97,deg,log_7_3_2026_3,204,***
1772863563.03,Sent velocity command,C_joint,0.553,31.684566070734526,rad/s,log_7_3_2026_3,205,
1772863563.03,Sent position command,C_joint,3.754,215.08835629211103,rad,log_7_3_2026_3,207,
1772863563.13,Updated motor position,motor_6,,139.67,deg,log_7_3_2026_3,210,***
1772863563.13,Sent velocity command,C_joint,0.453,25.954988119426293,rad/s,log_7_3_2026_3,211,
1772863563.13,Sent position command,C_joint,3.80434,217.9726258327996,rad,log_7_3_2026_3,213,
1772863563.23,Updated motor position,motor_6,,146.57,deg,log_7_3_2026_3,216,***
1772863563.23,Sent velocity command,C_joint,0.353,20.22541016811806,rad/s,log_7_3_2026_3,217,
1772863563.23,Sent position command,C_joint,3.84467,220.2833646205622,rad,log_7_3_2026_3,219,
1772863563.33,Updated motor position,motor_6,,153.92,deg,log_7_3_2026_3,222,***
1772863563.33,Sent velocity command,C_joint,0.253,14.495832216809827,rad/s,log_7_3_2026_3,223,
1772863563.33,Sent position command,C_joint,3.87495,222.01828082421835,rad,log_7_3_2026_3,225,
1772863563.43,Updated motor position,motor_6,,160.5,deg,log_7_3_2026_3,228,***
1772863563.43,Sent velocity command,C_joint,0.153,8.766254265501596,rad/s,log_7_3_2026_3,229,
1772863563.43,Sent position command,C_joint,3.89527,223.1825310639242,rad,log_7_3_2026_3,231,
1772863563.53,Updated motor position,motor_6,,167.47,deg,log_7_3_2026_3,234,***
1772863563.53,Sent velocity command,C_joint,0.053,3.036676314193363,rad/s,log_7_3_2026_3,235,
1772863563.53,Sent position command,C_joint,3.90558,223.77325055070406,rad,log_7_3_2026_3,237,
1772863563.63,Updated motor position,motor_6,,173.71,deg,log_7_3_2026_3,240,***
1772863563.63,Sent velocity command,C_joint,-0.0,-0.0,rad/s,log_7_3_2026_3,242,
1772863563.63,Sent position command,C_joint,3.90698,223.85346464202237,rad,log_7_3_2026_3,244,
1772863563.73,Updated motor position,motor_6,,180.22,deg,log_7_3_2026_3,248,***
1772863563.83,Updated motor position,motor_6,,186.02,deg,log_7_3_2026_3,250,***
1772863563.93,Updated motor position,motor_6,,192.06,deg,log_7_3_2026_3,253,***
1772863564.03,Updated motor position,motor_6,,197.38,deg,log_7_3_2026_3,258,***
1772863564.13,Updated motor position,motor_6,,202.84,deg,log_7_3_2026_3,260,***
1772863564.23,Updated motor position,motor_6,,207.55,deg,log_7_3_2026_3,262,***
1772863564.33,Updated motor position,motor_6,,212.28,deg,log_7_3_2026_3,264,***
1772863564.43,Updated motor position,motor_6,,216.21,deg,log_7_3_2026_3,266,***
1772863564.53,Updated motor position,motor_6,,219.89,deg,log_7_3_2026_3,268,***
1772863564.63,Updated motor position,motor_6,,222.53,deg,log_7_3_2026_3,270,***
1772863564.73,Updated motor position,motor_6,,223.75,deg,log_7_3_2026_3,272,***
1772863564.83,Updated motor position,motor_6,,223.85,deg,log_7_3_2026_3,274,***
1772863564.93,Updated motor position,motor_6,,223.86,deg,log_7_3_2026_3,276,***
1772863565.03,Updated motor position,motor_6,,223.86,deg,log_7_3_2026_3,278,***
1772863565.13,Updated motor position,motor_6,,223.86,deg,log_7_3_2026_3,280,***
1772863565.43,Updated motor position,motor_6,,223.86,deg,log_7_3_2026_3,282,***
1772863565.53,Updated motor position,motor_6,,223.86,deg,log_7_3_2026_3,284,***
1772863565.73,Updated motor position,motor_6,,223.86,deg,log_7_3_2026_3,286,***
1772863565.93,Updated motor position,motor_6,,223.86,deg,log_7_3_2026_3,288,***
1772863566.13,Updated motor position,motor_6,,223.85,deg,log_7_3_2026_3,290,***
1772863566.33,Updated motor position,motor_6,,223.85,deg,log_7_3_2026_3,292,***
1772863566.53,Updated motor position,motor_6,,223.85,deg,log_7_3_2026_3,294,***
1772863566.73,Updated motor position,motor_6,,223.85,deg,log_7_3_2026_3,296,***
1772863566.93,Updated motor position,motor_6,,223.85,deg,log_7_3_2026_3,298,***
1772863567.13,Updated motor position,motor_6,,223.85,deg,log_7_3_2026_3,300,***
1772863567.33,Updated motor position,motor_6,,223.85,deg,log_7_3_2026_3,302,***
1772863567.43,Updated motor position,motor_6,,223.85,deg,log_7_3_2026_3,304,***
1772863568.03,Updated motor position,motor_6,,223.85,deg,log_7_3_2026_3,306,***
1772863568.13,Updated motor position,motor_6,,223.85,deg,log_7_3_2026_3,308,***
1772863569.83,Updated motor position,motor_6,,223.85,deg,log_7_3_2026_3,310,***
1772863571.03,Updated motor position,motor_6,,223.85,deg,log_7_3_2026_3,312,***
1772863571.13,Updated motor position,motor_6,,223.85,deg,log_7_3_2026_3,314,***
1772863572.13,Updated motor position,motor_6,,223.85,deg,log_7_3_2026_3,316,***
1772863572.23,Updated motor position,motor_6,,223.85,deg,log_7_3_2026_3,318,***
1772863585.43,Updated motor position,motor_6,,223.85,deg,log_7_3_2026_3,320,***
1772863585.53,Updated motor position,motor_6,,223.85,deg,log_7_3_2026_3,322,***
1772863602.33,Sent position command,C_joint,3.44492,197.37937676020758,rad,log_7_3_2026_3,348,
1772863602.43,Sent velocity command,C_joint,-0.1,-5.729577951308233,rad/s,log_7_3_2026_3,351,
1772863602.43,Sent position command,C_joint,3.43992,197.09289786264213,rad,log_7_3_2026_3,353,
1772863602.53,Sent velocity command,C_joint,-0.2,-11.459155902616466,rad/s,log_7_3_2026_3,355,
1772863602.53,Sent position command,C_joint,3.42492,196.2334611699459,rad,log_7_3_2026_3,357,
1772863602.63,Updated motor position,motor_6,,223.81,deg,log_7_3_2026_3,360,***
1772863602.63,Sent velocity command,C_joint,-0.3,-17.188733853924695,rad/s,log_7_3_2026_3,361,
1772863602.63,Sent position command,C_joint,3.3999,194.7999207665286,rad,log_7_3_2026_3,363,
1772863602.73,Updated motor position,motor_6,,220.32,deg,log_7_3_2026_3,366,***
1772863602.73,Sent velocity command,C_joint,-0.4,-22.918311805232932,rad/s,log_7_3_2026_3,367,
1772863602.73,Sent position command,C_joint,3.3649,192.7945684835707,rad,log_7_3_2026_3,369,
1772863602.83,Updated motor position,motor_6,,212.07,deg,log_7_3_2026_3,372,***
1772863602.83,Sent velocity command,C_joint,-0.5,-28.64788975654116,rad/s,log_7_3_2026_3,373,
1772863602.83,Sent position command,C_joint,3.3199,190.216258405482,rad,log_7_3_2026_3,375,
1772863602.93,Updated motor position,motor_6,,202.41,deg,log_7_3_2026_3,378,***
1772863602.93,Sent velocity command,C_joint,-0.6,-34.37746770784939,rad/s,log_7_3_2026_3,379,
1772863602.93,Sent position command,C_joint,3.26483,187.06097982769654,rad,log_7_3_2026_3,381,
1772863603.03,Updated motor position,motor_6,,198.04,deg,log_7_3_2026_3,384,***
1772863603.03,Sent velocity command,C_joint,-0.7,-40.10704565915762,rad/s,log_7_3_2026_3,385,
1772863603.03,Sent position command,C_joint,3.19987,183.33904599052676,rad,log_7_3_2026_3,387,
1772863603.13,Updated motor position,motor_6,,195.89,deg,log_7_3_2026_3,390,***
1772863603.13,Sent velocity command,C_joint,-0.8,-45.836623610465864,rad/s,log_7_3_2026_3,391,
1772863603.131,Sent position command,C_joint,3.1248,179.03785182247964,rad,log_7_3_2026_3,393,
1772863603.23,Updated motor position,motor_6,,193.18,deg,log_7_3_2026_3,396,***
1772863603.23,Sent velocity command,C_joint,-0.9,-51.56620156177409,rad/s,log_7_3_2026_3,397,
1772863603.23,Sent position command,C_joint,3.03988,174.1722942262287,rad,log_7_3_2026_3,399,
1772863603.33,Updated motor position,motor_6,,189.45,deg,log_7_3_2026_3,402,***
1772863603.33,Sent velocity command,C_joint,-1.0,-57.29577951308232,rad/s,log_7_3_2026_3,403,
1772863603.33,Sent position command,C_joint,2.94487,168.72862221469074,rad,log_7_3_2026_3,405,
1772863603.43,Updated motor position,motor_6,,185.53,deg,log_7_3_2026_3,408,***
1772863603.43,Sent velocity command,C_joint,-1.1,-63.02535746439056,rad/s,log_7_3_2026_3,409,
1772863603.43,Sent position command,C_joint,2.83987,162.71256536581708,rad,log_7_3_2026_3,411,
1772863603.53,Updated motor position,motor_6,,182.23,deg,log_7_3_2026_3,414,***
1772863603.53,Sent velocity command,C_joint,-1.2,-68.75493541569878,rad/s,log_7_3_2026_3,415,
1772863603.53,Sent position command,C_joint,2.72482,156.12068593283698,rad,log_7_3_2026_3,417,
1772863603.63,Updated motor position,motor_6,,178.79,deg,log_7_3_2026_3,420,***
1772863603.63,Sent velocity command,C_joint,-1.3,-74.48451336700703,rad/s,log_7_3_2026_3,421,
1772863603.63,Sent position command,C_joint,2.59986,148.96100532488222,rad,log_7_3_2026_3,423,
1772863603.73,Updated motor position,motor_6,,175.16,deg,log_7_3_2026_3,426,***
1772863603.73,Sent velocity command,C_joint,-1.4,-80.21409131831524,rad/s,log_7_3_2026_3,427,
1772863603.73,Sent position command,C_joint,2.46488,141.22722100620635,rad,log_7_3_2026_3,429,
1772863603.83,Updated motor position,motor_6,,171.4,deg,log_7_3_2026_3,432,***
1772863603.83,Sent velocity command,C_joint,-1.5,-85.94366926962348,rad/s,log_7_3_2026_3,433,
1772863603.83,Sent position command,C_joint,2.31982,132.91589523003864,rad,log_7_3_2026_3,435,
1772863603.93,Updated motor position,motor_6,,167.38,deg,log_7_3_2026_3,438,***
1772863603.93,Sent velocity command,C_joint,-1.6,-91.67324722093173,rad/s,log_7_3_2026_3,439,
1772863603.93,Sent position command,C_joint,2.16473,124.0298927853547,rad,log_7_3_2026_3,441,
1772863604.03,Updated motor position,motor_6,,162.97,deg,log_7_3_2026_3,444,***
1772863604.03,Sent velocity command,C_joint,-1.7,-97.40282517223994,rad/s,log_7_3_2026_3,445,
1772863604.03,Sent position command,C_joint,1.99982,114.58124578585229,rad,log_7_3_2026_3,447,
1772863604.13,Updated motor position,motor_6,,157.86,deg,log_7_3_2026_3,450,***
1772863604.13,Sent velocity command,C_joint,-1.8,-103.13240312354819,rad/s,log_7_3_2026_3,451,
1772863604.13,Sent position command,C_joint,1.82481,104.55391141326776,rad,log_7_3_2026_3,453,
1772863604.23,Updated motor position,motor_6,,152.88,deg,log_7_3_2026_3,456,***
1772863604.23,Sent velocity command,C_joint,-1.9,-108.8619810748564,rad/s,log_7_3_2026_3,457,
1772863604.23,Sent position command,C_joint,1.63981,93.95419220334752,rad,log_7_3_2026_3,459,
1772863604.33,Updated motor position,motor_6,,147.48,deg,log_7_3_2026_3,462,***
1772863604.33,Sent velocity command,C_joint,-2.0,-114.59155902616465,rad/s,log_7_3_2026_3,463,
1772863604.33,Sent position command,C_joint,1.44484,82.78323407168186,rad,log_7_3_2026_3,465,
1772863604.43,Updated motor position,motor_6,,141.9,deg,log_7_3_2026_3,468,***
1772863604.43,Sent velocity command,C_joint,-2.1,-120.32113697747289,rad/s,log_7_3_2026_3,469,
1772863604.43,Sent position command,C_joint,1.23984,71.03759927149999,rad,log_7_3_2026_3,471,
1772863604.53,Updated motor position,motor_6,,135.66,deg,log_7_3_2026_3,474,***
1772863604.53,Sent velocity command,C_joint,-2.2,-126.05071492878112,rad/s,log_7_3_2026_3,475,
1772863604.53,Sent position command,C_joint,1.02483,58.71843371839215,rad,log_7_3_2026_3,477,
1772863604.63,Updated motor position,motor_6,,130.14,deg,log_7_3_2026_3,480,***
1772863604.63,Sent velocity command,C_joint,-2.3,-131.78029288008932,rad/s,log_7_3_2026_3,481,
1772863604.63,Sent position command,C_joint,0.79982,45.8263103701535,rad,log_7_3_2026_3,483,
1772863604.73,Updated motor position,motor_6,,123.1,deg,log_7_3_2026_3,486,***
1772863604.73,Sent velocity command,C_joint,-2.261,-129.54575747907913,rad/s,log_7_3_2026_3,487,
1772863604.73,Sent position command,C_joint,0.56943,32.625935728134465,rad,log_7_3_2026_3,489,
1772863604.83,Updated motor position,motor_6,,115.67,deg,log_7_3_2026_3,492,***
1772863604.83,Sent velocity command,C_joint,-2.162,-123.87347530728398,rad/s,log_7_3_2026_3,493,
1772863604.83,Sent position command,C_joint,0.34843,19.963568455743275,rad,log_7_3_2026_3,495,
1772863604.93,Updated motor position,motor_6,,108.75,deg,log_7_3_2026_3,498,***
1772863604.93,Sent velocity command,C_joint,-2.062,-118.14389735597574,rad/s,log_7_3_2026_3,499,
1772863604.93,Sent position command,C_joint,0.13727,7.864991653760811,rad,log_7_3_2026_3,501,
1772863605.03,Updated motor position,motor_6,,102.06,deg,log_7_3_2026_3,504,***
1772863605.03,Sent velocity command,C_joint,-1.962,-112.41431940466751,rad/s,log_7_3_2026_3,505,
1772863605.03,Sent position command,C_joint,-0.06389,-3.6606273530908298,rad,log_7_3_2026_3,507,
1772863605.13,Updated motor position,motor_6,,94.28,deg,log_7_3_2026_3,510,***
1772863605.13,Sent velocity command,C_joint,-1.862,-106.6847414533593,rad/s,log_7_3_2026_3,511,
1772863605.13,Sent position command,C_joint,-0.25499,-14.609850818040861,rad,log_7_3_2026_3,513,
1772863605.23,Updated motor position,motor_6,,86.86,deg,log_7_3_2026_3,516,***
1772863605.23,Sent velocity command,C_joint,-1.762,-100.95516350205105,rad/s,log_7_3_2026_3,517,
1772863605.23,Sent position command,C_joint,-0.43617,-24.990700150221116,rad,log_7_3_2026_3,519,
1772863605.33,Updated motor position,motor_6,,78.63,deg,log_7_3_2026_3,522,***
1772863605.33,Sent velocity command,C_joint,-1.662,-95.22558555074282,rad/s,log_7_3_2026_3,523,
1772863605.33,Sent position command,C_joint,-0.60734,-34.798018729475416,rad,log_7_3_2026_3,525,
1772863605.43,Updated motor position,motor_6,,70.89,deg,log_7_3_2026_3,528,***
1772863605.43,Sent velocity command,C_joint,-1.562,-89.49600759943459,rad/s,log_7_3_2026_3,529,
1772863605.43,Sent position command,C_joint,-0.7685,-44.03180655580376,rad,log_7_3_2026_3,531,
1772863605.53,Updated motor position,motor_6,,62.39,deg,log_7_3_2026_3,534,***
1772863605.53,Sent velocity command,C_joint,-1.461,-83.70913386861328,rad/s,log_7_3_2026_3,535,
1772863605.53,Sent position command,C_joint,-0.91972,-52.696074333772074,rad,log_7_3_2026_3,537,
1772863605.63,Updated motor position,motor_6,,54.43,deg,log_7_3_2026_3,540,***
1772863605.63,Sent velocity command,C_joint,-1.362,-78.03685169681813,rad/s,log_7_3_2026_3,541,
1772863605.63,Sent position command,C_joint,-1.0608,-60.779362907477726,rad,log_7_3_2026_3,543,
1772863605.73,Updated motor position,motor_6,,45.66,deg,log_7_3_2026_3,546,***
1772863605.73,Sent velocity command,C_joint,-1.262,-72.30727374550989,rad/s,log_7_3_2026_3,547,
1772863605.73,Sent position command,C_joint,-1.19194,-68.29313143282334,rad,log_7_3_2026_3,549,
1772863605.83,Updated motor position,motor_6,,37.53,deg,log_7_3_2026_3,552,***
1772863605.83,Sent velocity command,C_joint,-1.162,-66.57769579420166,rad/s,log_7_3_2026_3,553,
1772863605.83,Sent position command,C_joint,-1.31312,-75.23623399421867,rad,log_7_3_2026_3,555,
1772863605.93,Updated motor position,motor_6,,28.77,deg,log_7_3_2026_3,558,***
1772863605.93,Sent velocity command,C_joint,-1.062,-60.84811784289343,rad/s,log_7_3_2026_3,559,
1772863605.93,Sent position command,C_joint,-1.42427,-81.60465988709775,rad,log_7_3_2026_3,561,
1772863606.03,Updated motor position,motor_6,,20.81,deg,log_7_3_2026_3,564,***
1772863606.03,Sent velocity command,C_joint,-0.962,-55.11853989158519,rad/s,log_7_3_2026_3,565,
1772863606.03,Sent position command,C_joint,-1.52542,-87.40012798484604,rad,log_7_3_2026_3,567,
1772863606.13,Updated motor position,motor_6,,12.31,deg,log_7_3_2026_3,570,***
1772863606.13,Sent velocity command,C_joint,-0.862,-49.388961940276964,rad/s,log_7_3_2026_3,571,
1772863606.13,Sent position command,C_joint,-1.61659,-92.62378420305375,rad,log_7_3_2026_3,573,
1772863606.23,Updated motor position,motor_6,,4.58,deg,log_7_3_2026_3,576,***
1772863606.23,Sent velocity command,C_joint,-0.762,-43.65938398896873,rad/s,log_7_3_2026_3,577,
1772863606.23,Sent position command,C_joint,-1.69771,-97.27161783715499,rad,log_7_3_2026_3,579,
1772863606.33,Updated motor position,motor_6,,-3.6,deg,log_7_3_2026_3,582,***
1772863606.33,Sent velocity command,C_joint,-0.662,-37.9298060376605,rad/s,log_7_3_2026_3,583,
1772863606.33,Sent position command,C_joint,-1.76888,-101.34935846510106,rad,log_7_3_2026_3,585,
1772863606.43,Updated motor position,motor_6,,-11.06,deg,log_7_3_2026_3,588,***
1772863606.43,Sent velocity command,C_joint,-0.562,-32.20022808635227,rad/s,log_7_3_2026_3,589,
1772863606.43,Sent position command,C_joint,-1.83004,-104.85356834012117,rad,log_7_3_2026_3,591,
1772863606.53,Updated motor position,motor_6,,-18.99,deg,log_7_3_2026_3,594,***
1772863606.53,Sent velocity command,C_joint,-0.462,-26.470650135044036,rad/s,log_7_3_2026_3,595,
1772863606.53,Sent position command,C_joint,-1.88119,-107.78424746221533,rad,log_7_3_2026_3,597,
1772863606.63,Updated motor position,motor_6,,-26.14,deg,log_7_3_2026_3,600,***
1772863606.63,Sent velocity command,C_joint,-0.362,-20.7410721837358,rad/s,log_7_3_2026_3,601,
1772863606.63,Sent position command,C_joint,-1.92234,-110.14196878917866,rad,log_7_3_2026_3,603,
1772863606.73,Updated motor position,motor_6,,-33.71,deg,log_7_3_2026_3,606,***
1772863606.73,Sent velocity command,C_joint,-0.262,-15.01149423242757,rad/s,log_7_3_2026_3,607,
1772863606.73,Sent position command,C_joint,-1.9535,-111.92730527880632,rad,log_7_3_2026_3,609,
1772863606.83,Updated motor position,motor_6,,-40.57,deg,log_7_3_2026_3,612,***
1772863606.83,Sent velocity command,C_joint,-0.161,-9.224620501606255,rad/s,log_7_3_2026_3,613,
1772863606.83,Sent position command,C_joint,-1.97465,-113.139111015508,rad,log_7_3_2026_3,615,
1772863606.93,Updated motor position,motor_6,,-47.81,deg,log_7_3_2026_3,618,***
1772863606.93,Sent velocity command,C_joint,-0.062,-3.552338329811104,rad/s,log_7_3_2026_3,619,
1772863606.93,Sent position command,C_joint,-1.9858,-113.77795895707888,rad,log_7_3_2026_3,621,
1772863607.03,Updated motor position,motor_6,,-54.31,deg,log_7_3_2026_3,624,***
1772863607.03,Sent velocity command,C_joint,0.0,0.0,rad/s,log_7_3_2026_3,626,
1772863607.03,Sent position command,C_joint,-1.98769,-113.8862479803586,rad,log_7_3_2026_3,628,
1772863607.13,Updated motor position,motor_6,,-61.14,deg,log_7_3_2026_3,632,***
1772863607.23,Updated motor position,motor_6,,-67.26,deg,log_7_3_2026_3,634,***
1772863607.33,Updated motor position,motor_6,,-73.63,deg,log_7_3_2026_3,637,***
1772863607.43,Updated motor position,motor_6,,-79.33,deg,log_7_3_2026_3,642,***
1772863607.53,Updated motor position,motor_6,,-85.22,deg,log_7_3_2026_3,644,***
1772863607.63,Updated motor position,motor_6,,-90.39,deg,log_7_3_2026_3,646,***
1772863607.73,Updated motor position,motor_6,,-95.65,deg,log_7_3_2026_3,648,***
1772863607.83,Updated motor position,motor_6,,-100.16,deg,log_7_3_2026_3,650,***
1772863607.93,Updated motor position,motor_6,,-104.66,deg,log_7_3_2026_3,652,***
1772863608.03,Updated motor position,motor_6,,-108.32,deg,log_7_3_2026_3,654,***
1772863608.13,Updated motor position,motor_6,,-111.58,deg,log_7_3_2026_3,656,***
1772863608.23,Updated motor position,motor_6,,-113.5,deg,log_7_3_2026_3,658,***
1772863608.33,Updated motor position,motor_6,,-113.85,deg,log_7_3_2026_3,660,***
1772863608.43,Updated motor position,motor_6,,-113.89,deg,log_7_3_2026_3,662,***
1772863608.53,Updated motor position,motor_6,,-113.89,deg,log_7_3_2026_3,664,***
1772863608.83,Updated motor position,motor_6,,-113.89,deg,log_7_3_2026_3,666,***
1772863609.13,Updated motor position,motor_6,,-113.89,deg,log_7_3_2026_3,668,***
1772863609.33,Updated motor position,motor_6,,-113.89,deg,log_7_3_2026_3,670,***
1772863609.43,Updated motor position,motor_6,,-113.89,deg,log_7_3_2026_3,672,***
1772863609.73,Updated motor position,motor_6,,-113.89,deg,log_7_3_2026_3,674,***
1772863610.03,Updated motor position,motor_6,,-113.88,deg,log_7_3_2026_3,676,***
1772863610.33,Updated motor position,motor_6,,-113.88,deg,log_7_3_2026_3,678,***
1772863610.63,Updated motor position,motor_6,,-113.88,deg,log_7_3_2026_3,680,***
1772863611.03,Updated motor position,motor_6,,-113.88,deg,log_7_3_2026_3,682,***
1772863611.33,Updated motor position,motor_6,,-113.88,deg,log_7_3_2026_3,684,***
1772863611.63,Updated motor position,motor_6,,-113.88,deg,log_7_3_2026_3,686,***
1772863612.13,Updated motor position,motor_6,,-113.88,deg,log_7_3_2026_3,688,***
1772863612.53,Updated motor position,motor_6,,-113.88,deg,log_7_3_2026_3,690,***
1772863615.33,Updated motor position,motor_6,,-113.88,deg,log_7_3_2026_3,692,***
1772863615.43,Updated motor position,motor_6,,-113.88,deg,log_7_3_2026_3,694,***
1772863626.23,Updated motor position,motor_6,,-113.88,deg,log_7_3_2026_3,696,***
1772863626.33,Updated motor position,motor_6,,-113.88,deg,log_7_3_2026_3,698,***
1772863650.43,Updated motor position,motor_6,,-113.88,deg,log_7_3_2026_3,700,***
1772863650.53,Updated motor position,motor_6,,-113.88,deg,log_7_3_2026_3,702,***
1772863654.13,Updated motor position,motor_6,,-113.88,deg,log_7_3_2026_3,704,***
1772863654.23,Updated motor position,motor_6,,-113.88,deg,log_7_3_2026_3,706,***
1772863656.53,Updated motor position,motor_6,,-113.88,deg,log_7_3_2026_3,708,***
1772863656.63,Updated motor position,motor_6,,-113.88,deg,log_7_3_2026_3,710,***
1772863693.23,Updated motor position,motor_6,,-113.88,deg,log_7_3_2026_3,712,***
1772863693.33,Updated motor position,motor_6,,-113.88,deg,log_7_3_2026_3,714,***
1772863694.53,Updated motor position,motor_6,,-113.88,deg,log_7_3_2026_3,716,***
1772863694.63,Updated motor position,motor_6,,-113.88,deg,log_7_3_2026_3,718,***
1772866317.315,Sent position command,C_joint,-1.73055,-99.15321123636461,rad,log_7_3_2026_4,11,
1772866317.415,Sent position command,C_joint,-1.71553,-98.29262862807812,rad,log_7_3_2026_4,15,
1772866317.515,Sent position command,C_joint,-1.69055,-96.86138005584132,rad,log_7_3_2026_4,18,
1772866317.615,Updated motor position,motor_6,,-99.41,deg,log_7_3_2026_4,21,***
1772866317.615,Sent position command,C_joint,-1.65552,-94.85430889949805,rad,log_7_3_2026_4,23,
1772866317.715,Updated motor position,motor_6,,-99.17,deg,log_7_3_2026_4,26,***
1772866317.715,Sent position command,C_joint,-1.61051,-92.27542586361422,rad,log_7_3_2026_4,28,
1772866317.815,Updated motor position,motor_6,,-98.5,deg,log_7_3_2026_4,31,***
1772866317.815,Sent position command,C_joint,-1.5555,-89.12358503259956,rad,log_7_3_2026_4,33,
1772866317.915,Updated motor position,motor_6,,-97.49,deg,log_7_3_2026_4,36,***
1772866317.915,Sent position command,C_joint,-1.49049,-85.39878640645408,rad,log_7_3_2026_4,38,
1772866318.015,Updated motor position,motor_6,,-96.59,deg,log_7_3_2026_4,41,***
1772866318.015,Sent position command,C_joint,-1.41547,-81.10045702738263,rad,log_7_3_2026_4,43,
1772866318.115,Updated motor position,motor_6,,-95.07,deg,log_7_3_2026_4,46,***
1772866318.115,Sent position command,C_joint,-1.33047,-76.23031576877064,rad,log_7_3_2026_4,48,
1772866318.215,Updated motor position,motor_6,,-93.14,deg,log_7_3_2026_4,51,***
1772866318.215,Sent position command,C_joint,-1.23548,-70.78778967282294,rad,log_7_3_2026_4,53,
1772866318.315,Updated motor position,motor_6,,-91.9,deg,log_7_3_2026_4,56,***
1772866318.315,Sent position command,C_joint,-1.13046,-64.77058690835905,rad,log_7_3_2026_4,58,
1772866318.415,Updated motor position,motor_6,,-89.5,deg,log_7_3_2026_4,61,***
1772866318.415,Sent position command,C_joint,-1.01526,-58.170113108451964,rad,log_7_3_2026_4,63,
1772866318.515,Updated motor position,motor_6,,-87.37,deg,log_7_3_2026_4,66,***
1772866318.515,Sent position command,C_joint,-0.89045,-51.01902686742415,rad,log_7_3_2026_4,68,
1772866318.615,Updated motor position,motor_6,,-84.54,deg,log_7_3_2026_4,71,***
1772866318.615,Sent position command,C_joint,-0.75545,-43.284096633158036,rad,log_7_3_2026_4,73,
1772866318.715,Updated motor position,motor_6,,-81.18,deg,log_7_3_2026_4,76,***
1772866318.715,Sent position command,C_joint,-0.61042,-34.97448973037571,rad,log_7_3_2026_4,78,
1772866318.815,Updated motor position,motor_6,,-77.36,deg,log_7_3_2026_4,81,***
1772866318.815,Sent position command,C_joint,-0.45535,-26.089633201282034,rad,log_7_3_2026_4,83,
1772866318.915,Updated motor position,motor_6,,-75.04,deg,log_7_3_2026_4,86,***
1772866318.915,Sent position command,C_joint,-0.29027,-16.631245919262405,rad,log_7_3_2026_4,88,
1772866319.015,Updated motor position,motor_6,,-70.82,deg,log_7_3_2026_4,91,***
1772866319.015,Sent position command,C_joint,-0.11536,-6.609641124629177,rad,log_7_3_2026_4,93,
1772866319.115,Updated motor position,motor_6,,-66.55,deg,log_7_3_2026_4,96,***
1772866319.115,Sent position command,C_joint,0.06964,3.9900780852910525,rad,log_7_3_2026_4,98,
1772866319.215,Updated motor position,motor_6,,-61.92,deg,log_7_3_2026_4,101,***
1772866319.215,Sent position command,C_joint,0.26457,15.158744385776192,rad,log_7_3_2026_4,103,
1772866319.315,Updated motor position,motor_6,,-57.87,deg,log_7_3_2026_4,106,***
1772866319.315,Sent position command,C_joint,0.46962,26.90724397493372,rad,log_7_3_2026_4,108,
1772866319.415,Updated motor position,motor_6,,-52.69,deg,log_7_3_2026_4,111,***
1772866319.415,Sent position command,C_joint,0.68457,39.222971781270765,rad,log_7_3_2026_4,113,
1772866319.515,Updated motor position,motor_6,,-47.33,deg,log_7_3_2026_4,116,***
1772866319.515,Sent position command,C_joint,0.90826,52.039464700552145,rad,log_7_3_2026_4,118,
1772866319.615,Updated motor position,motor_6,,-41.47,deg,log_7_3_2026_4,121,***
1772866319.615,Sent position command,C_joint,1.12568,64.4967130822865,rad,log_7_3_2026_4,123,
1772866319.715,Updated motor position,motor_6,,-34.73,deg,log_7_3_2026_4,126,***
1772866319.715,Sent position command,C_joint,1.33371,76.41595409439302,rad,log_7_3_2026_4,128,
1772866319.815,Updated motor position,motor_6,,-28.61,deg,log_7_3_2026_4,131,***
1772866319.815,Sent position command,C_joint,1.53044,87.68775279800171,rad,log_7_3_2026_4,133,
1772866319.915,Updated motor position,motor_6,,-23.27,deg,log_7_3_2026_4,136,***
1772866319.915,Sent position command,C_joint,1.718,98.43414920347543,rad,log_7_3_2026_4,138,
1772866320.015,Updated motor position,motor_6,,-16.09,deg,log_7_3_2026_4,141,***
1772866320.015,Sent position command,C_joint,1.89558,108.6087337294086,rad,log_7_3_2026_4,143,
1772866320.115,Updated motor position,motor_6,,-8.65,deg,log_7_3_2026_4,146,***
1772866320.115,Sent position command,C_joint,2.06259,118.17770186588848,rad,log_7_3_2026_4,148,
1772866320.215,Updated motor position,motor_6,,-1.79,deg,log_7_3_2026_4,151,***
1772866320.215,Sent position command,C_joint,2.22003,127.19834939242814,rad,log_7_3_2026_4,153,
1772866320.315,Updated motor position,motor_6,,5.5,deg,log_7_3_2026_4,156,***
1772866320.315,Sent position command,C_joint,2.36743,135.64374729265649,rad,log_7_3_2026_4,158,
1772866320.415,Updated motor position,motor_6,,13.16,deg,log_7_3_2026_4,161,***
1772866320.415,Sent position command,C_joint,2.5049,143.5201981023199,rad,log_7_3_2026_4,163,
1772866320.515,Updated motor position,motor_6,,19.99,deg,log_7_3_2026_4,166,***
1772866320.515,Sent position command,C_joint,2.63245,150.82827477921356,rad,log_7_3_2026_4,168,
1772866320.615,Updated motor position,motor_6,,28.25,deg,log_7_3_2026_4,171,***
1772866320.615,Sent position command,C_joint,2.74974,157.548496758303,rad,log_7_3_2026_4,173,
1772866320.715,Updated motor position,motor_6,,36.11,deg,log_7_3_2026_4,176,***
1772866320.715,Sent position command,C_joint,2.85711,163.70034460462264,rad,log_7_3_2026_4,178,
1772866320.815,Updated motor position,motor_6,,44.73,deg,log_7_3_2026_4,181,***
1772866320.815,Sent position command,C_joint,2.95449,169.27980761360658,rad,log_7_3_2026_4,183,
1772866320.915,Updated motor position,motor_6,,52.74,deg,log_7_3_2026_4,186,***
1772866320.915,Sent position command,C_joint,3.0419,174.28803170084512,rad,log_7_3_2026_4,188,
1772866321.015,Updated motor position,motor_6,,61.34,deg,log_7_3_2026_4,191,***
1772866321.015,Sent position command,C_joint,3.11931,178.7232979929528,rad,log_7_3_2026_4,193,
1772866321.115,Updated motor position,motor_6,,69.19,deg,log_7_3_2026_4,196,***
1772866321.115,Sent position command,C_joint,3.18673,182.58617944772482,rad,log_7_3_2026_4,198,
1772866321.215,Updated motor position,motor_6,,77.48,deg,log_7_3_2026_4,201,***
1772866321.215,Sent position command,C_joint,3.24415,185.87610310736602,rad,log_7_3_2026_4,203,
1772866321.315,Updated motor position,motor_6,,85.03,deg,log_7_3_2026_4,206,***
1772866321.315,Sent position command,C_joint,3.29164,188.5970796764423,rad,log_7_3_2026_4,208,
1772866321.415,Updated motor position,motor_6,,93.07,deg,log_7_3_2026_4,211,***
1772866321.415,Sent position command,C_joint,3.32893,190.73363929448516,rad,log_7_3_2026_4,213,
1772866321.515,Updated motor position,motor_6,,100.35,deg,log_7_3_2026_4,216,***
1772866321.515,Sent position command,C_joint,3.35642,192.30870027329976,rad,log_7_3_2026_4,218,
1772866321.615,Updated motor position,motor_6,,108.05,deg,log_7_3_2026_4,221,***
1772866321.615,Sent position command,C_joint,3.37374,193.30106317446638,rad,log_7_3_2026_4,223,
1772866321.715,Updated motor position,motor_6,,115.01,deg,log_7_3_2026_4,226,***
1772866321.715,Sent position command,C_joint,3.38115,193.7256249006583,rad,log_7_3_2026_4,228,
1772866321.815,Updated motor position,motor_6,,122.4,deg,log_7_3_2026_4,231,***
1772866321.915,Updated motor position,motor_6,,129.02,deg,log_7_3_2026_4,235,***
1772866322.015,Updated motor position,motor_6,,136.02,deg,log_7_3_2026_4,238,***
1772866322.115,Updated motor position,motor_6,,142.27,deg,log_7_3_2026_4,241,***
1772866322.215,Updated motor position,motor_6,,149.35,deg,log_7_3_2026_4,246,***
1772866322.315,Updated motor position,motor_6,,154.71,deg,log_7_3_2026_4,248,***
1772866322.415,Updated motor position,motor_6,,160.79,deg,log_7_3_2026_4,250,***
1772866322.515,Updated motor position,motor_6,,166.17,deg,log_7_3_2026_4,252,***
1772866322.615,Updated motor position,motor_6,,171.69,deg,log_7_3_2026_4,255,***
1772866322.715,Updated motor position,motor_6,,176.47,deg,log_7_3_2026_4,258,***
1772866322.815,Updated motor position,motor_6,,181.28,deg,log_7_3_2026_4,260,***
1772866322.915,Updated motor position,motor_6,,185.31,deg,log_7_3_2026_4,262,***
1772866323.015,Updated motor position,motor_6,,189.13,deg,log_7_3_2026_4,264,***
1772866323.115,Updated motor position,motor_6,,191.95,deg,log_7_3_2026_4,266,***
1772866323.215,Updated motor position,motor_6,,193.56,deg,log_7_3_2026_4,268,***
1772866323.315,Updated motor position,motor_6,,193.7,deg,log_7_3_2026_4,271,***
1772866323.415,Updated motor position,motor_6,,193.72,deg,log_7_3_2026_4,274,***
1772866323.515,Updated motor position,motor_6,,193.73,deg,log_7_3_2026_4,276,***
