[0.099s] DEBUG:colcon:Command line arguments: ['/usr/bin/colcon', 'build']
[0.099s] DEBUG:colcon:Parsed command line arguments: Namespace(log_base=None, log_level=None, verb_name='build', build_base='build', install_base='install', merge_install=False, symlink_install=False, test_result_base=None, continue_on_error=False, executor='parallel', parallel_workers=12, event_handlers=None, ignore_user_meta=False, metas=['./colcon.meta'], base_paths=['.'], packages_ignore=None, packages_ignore_regex=None, paths=None, packages_up_to=None, packages_up_to_regex=None, packages_above=None, packages_above_and_dependencies=None, packages_above_depth=None, packages_select_by_dep=None, packages_skip_by_dep=None, packages_skip_up_to=None, packages_select_build_failed=False, packages_skip_build_finished=False, packages_select_test_failures=False, packages_skip_test_passed=False, packages_select=None, packages_skip=None, packages_select_regex=None, packages_skip_regex=None, packages_start=None, packages_end=None, allow_overriding=[], cmake_args=None, cmake_target=None, cmake_target_skip_unavailable=False, cmake_clean_cache=False, cmake_clean_first=False, cmake_force_configure=False, ament_cmake_args=None, catkin_cmake_args=None, catkin_skip_building_tests=False, mixin_files=None, mixin=None, verb_parser=<colcon_mixin.mixin.mixin_argument.MixinArgumentDecorator object at 0x762dac71e6b0>, verb_extension=<colcon_core.verb.build.BuildVerb object at 0x762dac873f70>, main=<bound method BuildVerb.main of <colcon_core.verb.build.BuildVerb object at 0x762dac873f70>>, mixin_verb=('build',))
[0.251s] Level 1:colcon.colcon_core.package_discovery:discover_packages(colcon_meta) check parameters
[0.251s] Level 1:colcon.colcon_core.package_discovery:discover_packages(recursive) check parameters
[0.251s] Level 1:colcon.colcon_core.package_discovery:discover_packages(ignore) check parameters
[0.251s] Level 1:colcon.colcon_core.package_discovery:discover_packages(path) check parameters
[0.251s] Level 1:colcon.colcon_core.package_discovery:discover_packages(colcon_meta) discover
[0.251s] Level 1:colcon.colcon_core.package_discovery:discover_packages(recursive) discover
[0.251s] INFO:colcon.colcon_core.package_discovery:Crawling recursively for packages in '/home/nguyen/ros2_ws/src/ros2_arctos_HCMUT'
[0.251s] Level 1:colcon.colcon_core.package_identification:_identify(.) by extensions ['ignore', 'ignore_ament_install']
[0.251s] Level 1:colcon.colcon_core.package_identification:_identify(.) by extension 'ignore'
[0.251s] Level 1:colcon.colcon_core.package_identification:_identify(.) by extension 'ignore_ament_install'
[0.251s] Level 1:colcon.colcon_core.package_identification:_identify(.) by extensions ['colcon_pkg']
[0.251s] Level 1:colcon.colcon_core.package_identification:_identify(.) by extension 'colcon_pkg'
[0.251s] Level 1:colcon.colcon_core.package_identification:_identify(.) by extensions ['colcon_meta']
[0.251s] Level 1:colcon.colcon_core.package_identification:_identify(.) by extension 'colcon_meta'
[0.251s] Level 1:colcon.colcon_core.package_identification:_identify(.) by extensions ['ros']
[0.252s] Level 1:colcon.colcon_core.package_identification:_identify(.) by extension 'ros'
[0.260s] Level 1:colcon.colcon_core.package_identification:_identify(.) by extensions ['cmake', 'python']
[0.261s] Level 1:colcon.colcon_core.package_identification:_identify(.) by extension 'cmake'
[0.261s] Level 1:colcon.colcon_core.package_identification:_identify(.) by extension 'python'
[0.261s] Level 1:colcon.colcon_core.package_identification:_identify(.) by extensions ['python_setup_py']
[0.261s] Level 1:colcon.colcon_core.package_identification:_identify(.) by extension 'python_setup_py'
[0.261s] Level 1:colcon.colcon_core.package_identification:_identify(arctos_bringup) by extensions ['ignore', 'ignore_ament_install']
[0.261s] Level 1:colcon.colcon_core.package_identification:_identify(arctos_bringup) by extension 'ignore'
[0.261s] Level 1:colcon.colcon_core.package_identification:_identify(arctos_bringup) by extension 'ignore_ament_install'
[0.261s] Level 1:colcon.colcon_core.package_identification:_identify(arctos_bringup) by extensions ['colcon_pkg']
[0.261s] Level 1:colcon.colcon_core.package_identification:_identify(arctos_bringup) by extension 'colcon_pkg'
[0.261s] Level 1:colcon.colcon_core.package_identification:_identify(arctos_bringup) by extensions ['colcon_meta']
[0.261s] Level 1:colcon.colcon_core.package_identification:_identify(arctos_bringup) by extension 'colcon_meta'
[0.261s] Level 1:colcon.colcon_core.package_identification:_identify(arctos_bringup) by extensions ['ros']
[0.261s] Level 1:colcon.colcon_core.package_identification:_identify(arctos_bringup) by extension 'ros'
[0.263s] DEBUG:colcon.colcon_core.package_identification:Package 'arctos_bringup' with type 'ros.ament_cmake' and name 'arctos_bringup'
[0.263s] Level 1:colcon.colcon_core.package_identification:_identify(arctos_description) by extensions ['ignore', 'ignore_ament_install']
[0.264s] Level 1:colcon.colcon_core.package_identification:_identify(arctos_description) by extension 'ignore'
[0.264s] Level 1:colcon.colcon_core.package_identification:_identify(arctos_description) by extension 'ignore_ament_install'
[0.264s] Level 1:colcon.colcon_core.package_identification:_identify(arctos_description) by extensions ['colcon_pkg']
[0.264s] Level 1:colcon.colcon_core.package_identification:_identify(arctos_description) by extension 'colcon_pkg'
[0.264s] Level 1:colcon.colcon_core.package_identification:_identify(arctos_description) by extensions ['colcon_meta']
[0.264s] Level 1:colcon.colcon_core.package_identification:_identify(arctos_description) by extension 'colcon_meta'
[0.264s] Level 1:colcon.colcon_core.package_identification:_identify(arctos_description) by extensions ['ros']
[0.264s] Level 1:colcon.colcon_core.package_identification:_identify(arctos_description) by extension 'ros'
[0.264s] DEBUG:colcon.colcon_core.package_identification:Package 'arctos_description' with type 'ros.ament_cmake' and name 'arctos_description'
[0.265s] Level 1:colcon.colcon_core.package_identification:_identify(arctos_hardware_interface) by extensions ['ignore', 'ignore_ament_install']
[0.265s] Level 1:colcon.colcon_core.package_identification:_identify(arctos_hardware_interface) by extension 'ignore'
[0.265s] Level 1:colcon.colcon_core.package_identification:_identify(arctos_hardware_interface) by extension 'ignore_ament_install'
[0.265s] Level 1:colcon.colcon_core.package_identification:_identify(arctos_hardware_interface) by extensions ['colcon_pkg']
[0.265s] Level 1:colcon.colcon_core.package_identification:_identify(arctos_hardware_interface) by extension 'colcon_pkg'
[0.265s] Level 1:colcon.colcon_core.package_identification:_identify(arctos_hardware_interface) by extensions ['colcon_meta']
[0.265s] Level 1:colcon.colcon_core.package_identification:_identify(arctos_hardware_interface) by extension 'colcon_meta'
[0.265s] Level 1:colcon.colcon_core.package_identification:_identify(arctos_hardware_interface) by extensions ['ros']
[0.265s] Level 1:colcon.colcon_core.package_identification:_identify(arctos_hardware_interface) by extension 'ros'
[0.266s] DEBUG:colcon.colcon_core.package_identification:Package 'arctos_hardware_interface' with type 'ros.ament_cmake' and name 'arctos_hardware_interface'
[0.266s] Level 1:colcon.colcon_core.package_identification:_identify(arctos_motor_driver) by extensions ['ignore', 'ignore_ament_install']
[0.266s] Level 1:colcon.colcon_core.package_identification:_identify(arctos_motor_driver) by extension 'ignore'
[0.266s] Level 1:colcon.colcon_core.package_identification:_identify(arctos_motor_driver) by extension 'ignore_ament_install'
[0.266s] Level 1:colcon.colcon_core.package_identification:_identify(arctos_motor_driver) by extensions ['colcon_pkg']
[0.266s] Level 1:colcon.colcon_core.package_identification:_identify(arctos_motor_driver) by extension 'colcon_pkg'
[0.266s] Level 1:colcon.colcon_core.package_identification:_identify(arctos_motor_driver) by extensions ['colcon_meta']
[0.267s] Level 1:colcon.colcon_core.package_identification:_identify(arctos_motor_driver) by extension 'colcon_meta'
[0.267s] Level 1:colcon.colcon_core.package_identification:_identify(arctos_motor_driver) by extensions ['ros']
[0.267s] Level 1:colcon.colcon_core.package_identification:_identify(arctos_motor_driver) by extension 'ros'
[0.267s] DEBUG:colcon.colcon_core.package_identification:Package 'arctos_motor_driver' with type 'ros.ament_cmake' and name 'arctos_motor_driver'
[0.267s] Level 1:colcon.colcon_core.package_identification:_identify(arctos_moveit_config) by extensions ['ignore', 'ignore_ament_install']
[0.267s] Level 1:colcon.colcon_core.package_identification:_identify(arctos_moveit_config) by extension 'ignore'
[0.268s] Level 1:colcon.colcon_core.package_identification:_identify(arctos_moveit_config) by extension 'ignore_ament_install'
[0.268s] Level 1:colcon.colcon_core.package_identification:_identify(arctos_moveit_config) by extensions ['colcon_pkg']
[0.268s] Level 1:colcon.colcon_core.package_identification:_identify(arctos_moveit_config) by extension 'colcon_pkg'
[0.268s] Level 1:colcon.colcon_core.package_identification:_identify(arctos_moveit_config) by extensions ['colcon_meta']
[0.268s] Level 1:colcon.colcon_core.package_identification:_identify(arctos_moveit_config) by extension 'colcon_meta'
[0.268s] Level 1:colcon.colcon_core.package_identification:_identify(arctos_moveit_config) by extensions ['ros']
[0.268s] Level 1:colcon.colcon_core.package_identification:_identify(arctos_moveit_config) by extension 'ros'
[0.269s] DEBUG:colcon.colcon_core.package_identification:Package 'arctos_moveit_config' with type 'ros.ament_cmake' and name 'arctos_moveit_config'
[0.269s] Level 1:colcon.colcon_core.package_identification:_identify(assets) by extensions ['ignore', 'ignore_ament_install']
[0.269s] Level 1:colcon.colcon_core.package_identification:_identify(assets) by extension 'ignore'
[0.269s] Level 1:colcon.colcon_core.package_identification:_identify(assets) by extension 'ignore_ament_install'
[0.269s] Level 1:colcon.colcon_core.package_identification:_identify(assets) by extensions ['colcon_pkg']
[0.269s] Level 1:colcon.colcon_core.package_identification:_identify(assets) by extension 'colcon_pkg'
[0.269s] Level 1:colcon.colcon_core.package_identification:_identify(assets) by extensions ['colcon_meta']
[0.269s] Level 1:colcon.colcon_core.package_identification:_identify(assets) by extension 'colcon_meta'
[0.269s] Level 1:colcon.colcon_core.package_identification:_identify(assets) by extensions ['ros']
[0.269s] Level 1:colcon.colcon_core.package_identification:_identify(assets) by extension 'ros'
[0.269s] Level 1:colcon.colcon_core.package_identification:_identify(assets) by extensions ['cmake', 'python']
[0.269s] Level 1:colcon.colcon_core.package_identification:_identify(assets) by extension 'cmake'
[0.269s] Level 1:colcon.colcon_core.package_identification:_identify(assets) by extension 'python'
[0.269s] Level 1:colcon.colcon_core.package_identification:_identify(assets) by extensions ['python_setup_py']
[0.269s] Level 1:colcon.colcon_core.package_identification:_identify(assets) by extension 'python_setup_py'
[0.269s] Level 1:colcon.colcon_core.package_identification:_identify(assets/home_sensors) by extensions ['ignore', 'ignore_ament_install']
[0.269s] Level 1:colcon.colcon_core.package_identification:_identify(assets/home_sensors) by extension 'ignore'
[0.270s] Level 1:colcon.colcon_core.package_identification:_identify(assets/home_sensors) by extension 'ignore_ament_install'
[0.270s] Level 1:colcon.colcon_core.package_identification:_identify(assets/home_sensors) by extensions ['colcon_pkg']
[0.270s] Level 1:colcon.colcon_core.package_identification:_identify(assets/home_sensors) by extension 'colcon_pkg'
[0.270s] Level 1:colcon.colcon_core.package_identification:_identify(assets/home_sensors) by extensions ['colcon_meta']
[0.270s] Level 1:colcon.colcon_core.package_identification:_identify(assets/home_sensors) by extension 'colcon_meta'
[0.270s] Level 1:colcon.colcon_core.package_identification:_identify(assets/home_sensors) by extensions ['ros']
[0.270s] Level 1:colcon.colcon_core.package_identification:_identify(assets/home_sensors) by extension 'ros'
[0.270s] Level 1:colcon.colcon_core.package_identification:_identify(assets/home_sensors) by extensions ['cmake', 'python']
[0.270s] Level 1:colcon.colcon_core.package_identification:_identify(assets/home_sensors) by extension 'cmake'
[0.270s] Level 1:colcon.colcon_core.package_identification:_identify(assets/home_sensors) by extension 'python'
[0.270s] Level 1:colcon.colcon_core.package_identification:_identify(assets/home_sensors) by extensions ['python_setup_py']
[0.270s] Level 1:colcon.colcon_core.package_identification:_identify(assets/home_sensors) by extension 'python_setup_py'
[0.270s] Level 1:colcon.colcon_core.package_identification:_identify(assets/zero_position) by extensions ['ignore', 'ignore_ament_install']
[0.270s] Level 1:colcon.colcon_core.package_identification:_identify(assets/zero_position) by extension 'ignore'
[0.270s] Level 1:colcon.colcon_core.package_identification:_identify(assets/zero_position) by extension 'ignore_ament_install'
[0.270s] Level 1:colcon.colcon_core.package_identification:_identify(assets/zero_position) by extensions ['colcon_pkg']
[0.270s] Level 1:colcon.colcon_core.package_identification:_identify(assets/zero_position) by extension 'colcon_pkg'
[0.270s] Level 1:colcon.colcon_core.package_identification:_identify(assets/zero_position) by extensions ['colcon_meta']
[0.270s] Level 1:colcon.colcon_core.package_identification:_identify(assets/zero_position) by extension 'colcon_meta'
[0.271s] Level 1:colcon.colcon_core.package_identification:_identify(assets/zero_position) by extensions ['ros']
[0.271s] Level 1:colcon.colcon_core.package_identification:_identify(assets/zero_position) by extension 'ros'
[0.271s] Level 1:colcon.colcon_core.package_identification:_identify(assets/zero_position) by extensions ['cmake', 'python']
[0.271s] Level 1:colcon.colcon_core.package_identification:_identify(assets/zero_position) by extension 'cmake'
[0.271s] Level 1:colcon.colcon_core.package_identification:_identify(assets/zero_position) by extension 'python'
[0.271s] Level 1:colcon.colcon_core.package_identification:_identify(assets/zero_position) by extensions ['python_setup_py']
[0.271s] Level 1:colcon.colcon_core.package_identification:_identify(assets/zero_position) by extension 'python_setup_py'
[0.271s] Level 1:colcon.colcon_core.package_identification:_identify(build) by extensions ['ignore', 'ignore_ament_install']
[0.271s] Level 1:colcon.colcon_core.package_identification:_identify(build) by extension 'ignore'
[0.271s] Level 1:colcon.colcon_core.package_identification:_identify(build) ignored
[0.271s] Level 1:colcon.colcon_core.package_identification:_identify(gamepadControl) by extensions ['ignore', 'ignore_ament_install']
[0.271s] Level 1:colcon.colcon_core.package_identification:_identify(gamepadControl) by extension 'ignore'
[0.271s] Level 1:colcon.colcon_core.package_identification:_identify(gamepadControl) by extension 'ignore_ament_install'
[0.271s] Level 1:colcon.colcon_core.package_identification:_identify(gamepadControl) by extensions ['colcon_pkg']
[0.271s] Level 1:colcon.colcon_core.package_identification:_identify(gamepadControl) by extension 'colcon_pkg'
[0.271s] Level 1:colcon.colcon_core.package_identification:_identify(gamepadControl) by extensions ['colcon_meta']
[0.272s] Level 1:colcon.colcon_core.package_identification:_identify(gamepadControl) by extension 'colcon_meta'
[0.272s] Level 1:colcon.colcon_core.package_identification:_identify(gamepadControl) by extensions ['ros']
[0.272s] Level 1:colcon.colcon_core.package_identification:_identify(gamepadControl) by extension 'ros'
[0.272s] Level 1:colcon.colcon_core.package_identification:_identify(gamepadControl) by extensions ['cmake', 'python']
[0.272s] Level 1:colcon.colcon_core.package_identification:_identify(gamepadControl) by extension 'cmake'
[0.272s] Level 1:colcon.colcon_core.package_identification:_identify(gamepadControl) by extension 'python'
[0.272s] Level 1:colcon.colcon_core.package_identification:_identify(gamepadControl) by extensions ['python_setup_py']
[0.272s] Level 1:colcon.colcon_core.package_identification:_identify(gamepadControl) by extension 'python_setup_py'
[0.272s] Level 1:colcon.colcon_core.package_identification:_identify(gazebo_ros2_control) by extensions ['ignore', 'ignore_ament_install']
[0.272s] Level 1:colcon.colcon_core.package_identification:_identify(gazebo_ros2_control) by extension 'ignore'
[0.272s] Level 1:colcon.colcon_core.package_identification:_identify(gazebo_ros2_control) by extension 'ignore_ament_install'
[0.272s] Level 1:colcon.colcon_core.package_identification:_identify(gazebo_ros2_control) by extensions ['colcon_pkg']
[0.272s] Level 1:colcon.colcon_core.package_identification:_identify(gazebo_ros2_control) by extension 'colcon_pkg'
[0.272s] Level 1:colcon.colcon_core.package_identification:_identify(gazebo_ros2_control) by extensions ['colcon_meta']
[0.272s] Level 1:colcon.colcon_core.package_identification:_identify(gazebo_ros2_control) by extension 'colcon_meta'
[0.272s] Level 1:colcon.colcon_core.package_identification:_identify(gazebo_ros2_control) by extensions ['ros']
[0.272s] Level 1:colcon.colcon_core.package_identification:_identify(gazebo_ros2_control) by extension 'ros'
[0.273s] DEBUG:colcon.colcon_core.package_identification:Package 'gazebo_ros2_control' with type 'ros.ament_cmake' and name 'gazebo_ros2_control'
[0.273s] Level 1:colcon.colcon_core.package_identification:_identify(install) by extensions ['ignore', 'ignore_ament_install']
[0.273s] Level 1:colcon.colcon_core.package_identification:_identify(install) by extension 'ignore'
[0.273s] Level 1:colcon.colcon_core.package_identification:_identify(install) ignored
[0.273s] Level 1:colcon.colcon_core.package_identification:_identify(log) by extensions ['ignore', 'ignore_ament_install']
[0.273s] Level 1:colcon.colcon_core.package_identification:_identify(log) by extension 'ignore'
[0.273s] Level 1:colcon.colcon_core.package_identification:_identify(log) ignored
[0.273s] Level 1:colcon.colcon_core.package_identification:_identify(scripts) by extensions ['ignore', 'ignore_ament_install']
[0.274s] Level 1:colcon.colcon_core.package_identification:_identify(scripts) by extension 'ignore'
[0.274s] Level 1:colcon.colcon_core.package_identification:_identify(scripts) by extension 'ignore_ament_install'
[0.274s] Level 1:colcon.colcon_core.package_identification:_identify(scripts) by extensions ['colcon_pkg']
[0.274s] Level 1:colcon.colcon_core.package_identification:_identify(scripts) by extension 'colcon_pkg'
[0.274s] Level 1:colcon.colcon_core.package_identification:_identify(scripts) by extensions ['colcon_meta']
[0.274s] Level 1:colcon.colcon_core.package_identification:_identify(scripts) by extension 'colcon_meta'
[0.274s] Level 1:colcon.colcon_core.package_identification:_identify(scripts) by extensions ['ros']
[0.274s] Level 1:colcon.colcon_core.package_identification:_identify(scripts) by extension 'ros'
[0.274s] Level 1:colcon.colcon_core.package_identification:_identify(scripts) by extensions ['cmake', 'python']
[0.274s] Level 1:colcon.colcon_core.package_identification:_identify(scripts) by extension 'cmake'
[0.274s] Level 1:colcon.colcon_core.package_identification:_identify(scripts) by extension 'python'
[0.274s] Level 1:colcon.colcon_core.package_identification:_identify(scripts) by extensions ['python_setup_py']
[0.274s] Level 1:colcon.colcon_core.package_identification:_identify(scripts) by extension 'python_setup_py'
[0.274s] Level 1:colcon.colcon_core.package_identification:_identify(scripts/stepper_motor) by extensions ['ignore', 'ignore_ament_install']
[0.274s] Level 1:colcon.colcon_core.package_identification:_identify(scripts/stepper_motor) by extension 'ignore'
[0.274s] Level 1:colcon.colcon_core.package_identification:_identify(scripts/stepper_motor) by extension 'ignore_ament_install'
[0.274s] Level 1:colcon.colcon_core.package_identification:_identify(scripts/stepper_motor) by extensions ['colcon_pkg']
[0.274s] Level 1:colcon.colcon_core.package_identification:_identify(scripts/stepper_motor) by extension 'colcon_pkg'
[0.275s] Level 1:colcon.colcon_core.package_identification:_identify(scripts/stepper_motor) by extensions ['colcon_meta']
[0.275s] Level 1:colcon.colcon_core.package_identification:_identify(scripts/stepper_motor) by extension 'colcon_meta'
[0.275s] Level 1:colcon.colcon_core.package_identification:_identify(scripts/stepper_motor) by extensions ['ros']
[0.275s] Level 1:colcon.colcon_core.package_identification:_identify(scripts/stepper_motor) by extension 'ros'
[0.275s] Level 1:colcon.colcon_core.package_identification:_identify(scripts/stepper_motor) by extensions ['cmake', 'python']
[0.275s] Level 1:colcon.colcon_core.package_identification:_identify(scripts/stepper_motor) by extension 'cmake'
[0.275s] Level 1:colcon.colcon_core.package_identification:_identify(scripts/stepper_motor) by extension 'python'
[0.275s] Level 1:colcon.colcon_core.package_identification:_identify(scripts/stepper_motor) by extensions ['python_setup_py']
[0.275s] Level 1:colcon.colcon_core.package_identification:_identify(scripts/stepper_motor) by extension 'python_setup_py'
[0.275s] Level 1:colcon.colcon_core.package_identification:_identify(scripts/stepper_motor/data) by extensions ['ignore', 'ignore_ament_install']
[0.275s] Level 1:colcon.colcon_core.package_identification:_identify(scripts/stepper_motor/data) by extension 'ignore'
[0.275s] Level 1:colcon.colcon_core.package_identification:_identify(scripts/stepper_motor/data) by extension 'ignore_ament_install'
[0.275s] Level 1:colcon.colcon_core.package_identification:_identify(scripts/stepper_motor/data) by extensions ['colcon_pkg']
[0.275s] Level 1:colcon.colcon_core.package_identification:_identify(scripts/stepper_motor/data) by extension 'colcon_pkg'
[0.275s] Level 1:colcon.colcon_core.package_identification:_identify(scripts/stepper_motor/data) by extensions ['colcon_meta']
[0.275s] Level 1:colcon.colcon_core.package_identification:_identify(scripts/stepper_motor/data) by extension 'colcon_meta'
[0.275s] Level 1:colcon.colcon_core.package_identification:_identify(scripts/stepper_motor/data) by extensions ['ros']
[0.275s] Level 1:colcon.colcon_core.package_identification:_identify(scripts/stepper_motor/data) by extension 'ros'
[0.275s] Level 1:colcon.colcon_core.package_identification:_identify(scripts/stepper_motor/data) by extensions ['cmake', 'python']
[0.276s] Level 1:colcon.colcon_core.package_identification:_identify(scripts/stepper_motor/data) by extension 'cmake'
[0.276s] Level 1:colcon.colcon_core.package_identification:_identify(scripts/stepper_motor/data) by extension 'python'
[0.276s] Level 1:colcon.colcon_core.package_identification:_identify(scripts/stepper_motor/data) by extensions ['python_setup_py']
[0.276s] Level 1:colcon.colcon_core.package_identification:_identify(scripts/stepper_motor/data) by extension 'python_setup_py'
[0.276s] Level 1:colcon.colcon_core.package_identification:_identify(serial) by extensions ['ignore', 'ignore_ament_install']
[0.276s] Level 1:colcon.colcon_core.package_identification:_identify(serial) by extension 'ignore'
[0.276s] Level 1:colcon.colcon_core.package_identification:_identify(serial) by extension 'ignore_ament_install'
[0.276s] Level 1:colcon.colcon_core.package_identification:_identify(serial) by extensions ['colcon_pkg']
[0.276s] Level 1:colcon.colcon_core.package_identification:_identify(serial) by extension 'colcon_pkg'
[0.276s] Level 1:colcon.colcon_core.package_identification:_identify(serial) by extensions ['colcon_meta']
[0.276s] Level 1:colcon.colcon_core.package_identification:_identify(serial) by extension 'colcon_meta'
[0.276s] Level 1:colcon.colcon_core.package_identification:_identify(serial) by extensions ['ros']
[0.276s] Level 1:colcon.colcon_core.package_identification:_identify(serial) by extension 'ros'
[0.277s] DEBUG:colcon.colcon_core.package_identification:Package 'serial' with type 'ros.ament_cmake' and name 'serial'
[0.277s] Level 1:colcon.colcon_core.package_identification:_identify(src) by extensions ['ignore', 'ignore_ament_install']
[0.277s] Level 1:colcon.colcon_core.package_identification:_identify(src) by extension 'ignore'
[0.277s] Level 1:colcon.colcon_core.package_identification:_identify(src) by extension 'ignore_ament_install'
[0.277s] Level 1:colcon.colcon_core.package_identification:_identify(src) by extensions ['colcon_pkg']
[0.277s] Level 1:colcon.colcon_core.package_identification:_identify(src) by extension 'colcon_pkg'
[0.277s] Level 1:colcon.colcon_core.package_identification:_identify(src) by extensions ['colcon_meta']
[0.277s] Level 1:colcon.colcon_core.package_identification:_identify(src) by extension 'colcon_meta'
[0.277s] Level 1:colcon.colcon_core.package_identification:_identify(src) by extensions ['ros']
[0.277s] Level 1:colcon.colcon_core.package_identification:_identify(src) by extension 'ros'
[0.277s] Level 1:colcon.colcon_core.package_identification:_identify(src) by extensions ['cmake', 'python']
[0.277s] Level 1:colcon.colcon_core.package_identification:_identify(src) by extension 'cmake'
[0.277s] Level 1:colcon.colcon_core.package_identification:_identify(src) by extension 'python'
[0.278s] Level 1:colcon.colcon_core.package_identification:_identify(src) by extensions ['python_setup_py']
[0.278s] Level 1:colcon.colcon_core.package_identification:_identify(src) by extension 'python_setup_py'
[0.278s] Level 1:colcon.colcon_core.package_identification:_identify(src/v4l2_camera) by extensions ['ignore', 'ignore_ament_install']
[0.278s] Level 1:colcon.colcon_core.package_identification:_identify(src/v4l2_camera) by extension 'ignore'
[0.278s] Level 1:colcon.colcon_core.package_identification:_identify(src/v4l2_camera) by extension 'ignore_ament_install'
[0.278s] Level 1:colcon.colcon_core.package_identification:_identify(src/v4l2_camera) by extensions ['colcon_pkg']
[0.278s] Level 1:colcon.colcon_core.package_identification:_identify(src/v4l2_camera) by extension 'colcon_pkg'
[0.278s] Level 1:colcon.colcon_core.package_identification:_identify(src/v4l2_camera) by extensions ['colcon_meta']
[0.278s] Level 1:colcon.colcon_core.package_identification:_identify(src/v4l2_camera) by extension 'colcon_meta'
[0.278s] Level 1:colcon.colcon_core.package_identification:_identify(src/v4l2_camera) by extensions ['ros']
[0.278s] Level 1:colcon.colcon_core.package_identification:_identify(src/v4l2_camera) by extension 'ros'
[0.279s] DEBUG:colcon.colcon_core.package_identification:Package 'src/v4l2_camera' with type 'ros.ament_cmake' and name 'v4l2_camera'
[0.279s] Level 1:colcon.colcon_core.package_discovery:discover_packages(recursive) using defaults
[0.279s] Level 1:colcon.colcon_core.package_discovery:discover_packages(ignore) discover
[0.279s] Level 1:colcon.colcon_core.package_discovery:discover_packages(ignore) using defaults
[0.279s] Level 1:colcon.colcon_core.package_discovery:discover_packages(path) discover
[0.279s] Level 1:colcon.colcon_core.package_discovery:discover_packages(path) using defaults
[0.310s] Level 1:colcon.colcon_core.package_discovery:discover_packages(prefix_path) check parameters
[0.310s] Level 1:colcon.colcon_core.package_discovery:discover_packages(prefix_path) discover
[0.312s] DEBUG:colcon.colcon_installed_package_information.package_discovery:Found 9 installed packages in /home/nguyen/ros2_ws_1/install
[0.312s] DEBUG:colcon.colcon_installed_package_information.package_discovery:Found 7 installed packages in /home/nguyen/ros2_ws/install
[0.314s] DEBUG:colcon.colcon_installed_package_information.package_discovery:Found 351 installed packages in /opt/ros/humble
[0.315s] Level 1:colcon.colcon_core.package_discovery:discover_packages(prefix_path) using defaults
[0.353s] Level 5:colcon.colcon_core.verb:set package 'arctos_description' build argument 'cmake_args' from command line to 'None'
[0.353s] Level 5:colcon.colcon_core.verb:set package 'arctos_description' build argument 'cmake_target' from command line to 'None'
[0.353s] Level 5:colcon.colcon_core.verb:set package 'arctos_description' build argument 'cmake_target_skip_unavailable' from command line to 'False'
[0.354s] Level 5:colcon.colcon_core.verb:set package 'arctos_description' build argument 'cmake_clean_cache' from command line to 'False'
[0.354s] Level 5:colcon.colcon_core.verb:set package 'arctos_description' build argument 'cmake_clean_first' from command line to 'False'
[0.354s] Level 5:colcon.colcon_core.verb:set package 'arctos_description' build argument 'cmake_force_configure' from command line to 'False'
[0.354s] Level 5:colcon.colcon_core.verb:set package 'arctos_description' build argument 'ament_cmake_args' from command line to 'None'
[0.354s] Level 5:colcon.colcon_core.verb:set package 'arctos_description' build argument 'catkin_cmake_args' from command line to 'None'
[0.354s] Level 5:colcon.colcon_core.verb:set package 'arctos_description' build argument 'catkin_skip_building_tests' from command line to 'False'
[0.354s] DEBUG:colcon.colcon_core.verb:Building package 'arctos_description' with the following arguments: {'ament_cmake_args': None, 'build_base': '/home/nguyen/ros2_ws/src/ros2_arctos_HCMUT/build/arctos_description', 'catkin_cmake_args': None, 'catkin_skip_building_tests': False, 'cmake_args': None, 'cmake_clean_cache': False, 'cmake_clean_first': False, 'cmake_force_configure': False, 'cmake_target': None, 'cmake_target_skip_unavailable': False, 'install_base': '/home/nguyen/ros2_ws/src/ros2_arctos_HCMUT/install/arctos_description', 'merge_install': False, 'path': '/home/nguyen/ros2_ws/src/ros2_arctos_HCMUT/arctos_description', 'symlink_install': False, 'test_result_base': None}
[0.354s] Level 5:colcon.colcon_core.verb:set package 'gazebo_ros2_control' build argument 'cmake_args' from command line to 'None'
[0.354s] Level 5:colcon.colcon_core.verb:set package 'gazebo_ros2_control' build argument 'cmake_target' from command line to 'None'
[0.354s] Level 5:colcon.colcon_core.verb:set package 'gazebo_ros2_control' build argument 'cmake_target_skip_unavailable' from command line to 'False'
[0.354s] Level 5:colcon.colcon_core.verb:set package 'gazebo_ros2_control' build argument 'cmake_clean_cache' from command line to 'False'
[0.354s] Level 5:colcon.colcon_core.verb:set package 'gazebo_ros2_control' build argument 'cmake_clean_first' from command line to 'False'
[0.354s] Level 5:colcon.colcon_core.verb:set package 'gazebo_ros2_control' build argument 'cmake_force_configure' from command line to 'False'
[0.354s] Level 5:colcon.colcon_core.verb:set package 'gazebo_ros2_control' build argument 'ament_cmake_args' from command line to 'None'
[0.354s] Level 5:colcon.colcon_core.verb:set package 'gazebo_ros2_control' build argument 'catkin_cmake_args' from command line to 'None'
[0.354s] Level 5:colcon.colcon_core.verb:set package 'gazebo_ros2_control' build argument 'catkin_skip_building_tests' from command line to 'False'
[0.354s] DEBUG:colcon.colcon_core.verb:Building package 'gazebo_ros2_control' with the following arguments: {'ament_cmake_args': None, 'build_base': '/home/nguyen/ros2_ws/src/ros2_arctos_HCMUT/build/gazebo_ros2_control', 'catkin_cmake_args': None, 'catkin_skip_building_tests': False, 'cmake_args': None, 'cmake_clean_cache': False, 'cmake_clean_first': False, 'cmake_force_configure': False, 'cmake_target': None, 'cmake_target_skip_unavailable': False, 'install_base': '/home/nguyen/ros2_ws/src/ros2_arctos_HCMUT/install/gazebo_ros2_control', 'merge_install': False, 'path': '/home/nguyen/ros2_ws/src/ros2_arctos_HCMUT/gazebo_ros2_control', 'symlink_install': False, 'test_result_base': None}
[0.354s] Level 5:colcon.colcon_core.verb:set package 'serial' build argument 'cmake_args' from command line to 'None'
[0.354s] Level 5:colcon.colcon_core.verb:set package 'serial' build argument 'cmake_target' from command line to 'None'
[0.354s] Level 5:colcon.colcon_core.verb:set package 'serial' build argument 'cmake_target_skip_unavailable' from command line to 'False'
[0.354s] Level 5:colcon.colcon_core.verb:set package 'serial' build argument 'cmake_clean_cache' from command line to 'False'
[0.355s] Level 5:colcon.colcon_core.verb:set package 'serial' build argument 'cmake_clean_first' from command line to 'False'
[0.355s] Level 5:colcon.colcon_core.verb:set package 'serial' build argument 'cmake_force_configure' from command line to 'False'
[0.355s] Level 5:colcon.colcon_core.verb:set package 'serial' build argument 'ament_cmake_args' from command line to 'None'
[0.355s] Level 5:colcon.colcon_core.verb:set package 'serial' build argument 'catkin_cmake_args' from command line to 'None'
[0.355s] Level 5:colcon.colcon_core.verb:set package 'serial' build argument 'catkin_skip_building_tests' from command line to 'False'
[0.355s] DEBUG:colcon.colcon_core.verb:Building package 'serial' with the following arguments: {'ament_cmake_args': None, 'build_base': '/home/nguyen/ros2_ws/src/ros2_arctos_HCMUT/build/serial', 'catkin_cmake_args': None, 'catkin_skip_building_tests': False, 'cmake_args': None, 'cmake_clean_cache': False, 'cmake_clean_first': False, 'cmake_force_configure': False, 'cmake_target': None, 'cmake_target_skip_unavailable': False, 'install_base': '/home/nguyen/ros2_ws/src/ros2_arctos_HCMUT/install/serial', 'merge_install': False, 'path': '/home/nguyen/ros2_ws/src/ros2_arctos_HCMUT/serial', 'symlink_install': False, 'test_result_base': None}
[0.355s] Level 5:colcon.colcon_core.verb:set package 'v4l2_camera' build argument 'cmake_args' from command line to 'None'
[0.355s] Level 5:colcon.colcon_core.verb:set package 'v4l2_camera' build argument 'cmake_target' from command line to 'None'
[0.355s] Level 5:colcon.colcon_core.verb:set package 'v4l2_camera' build argument 'cmake_target_skip_unavailable' from command line to 'False'
[0.355s] Level 5:colcon.colcon_core.verb:set package 'v4l2_camera' build argument 'cmake_clean_cache' from command line to 'False'
[0.355s] Level 5:colcon.colcon_core.verb:set package 'v4l2_camera' build argument 'cmake_clean_first' from command line to 'False'
[0.355s] Level 5:colcon.colcon_core.verb:set package 'v4l2_camera' build argument 'cmake_force_configure' from command line to 'False'
[0.355s] Level 5:colcon.colcon_core.verb:set package 'v4l2_camera' build argument 'ament_cmake_args' from command line to 'None'
[0.355s] Level 5:colcon.colcon_core.verb:set package 'v4l2_camera' build argument 'catkin_cmake_args' from command line to 'None'
[0.355s] Level 5:colcon.colcon_core.verb:set package 'v4l2_camera' build argument 'catkin_skip_building_tests' from command line to 'False'
[0.355s] DEBUG:colcon.colcon_core.verb:Building package 'v4l2_camera' with the following arguments: {'ament_cmake_args': None, 'build_base': '/home/nguyen/ros2_ws/src/ros2_arctos_HCMUT/build/v4l2_camera', 'catkin_cmake_args': None, 'catkin_skip_building_tests': False, 'cmake_args': None, 'cmake_clean_cache': False, 'cmake_clean_first': False, 'cmake_force_configure': False, 'cmake_target': None, 'cmake_target_skip_unavailable': False, 'install_base': '/home/nguyen/ros2_ws/src/ros2_arctos_HCMUT/install/v4l2_camera', 'merge_install': False, 'path': '/home/nguyen/ros2_ws/src/ros2_arctos_HCMUT/src/v4l2_camera', 'symlink_install': False, 'test_result_base': None}
[0.355s] Level 5:colcon.colcon_core.verb:set package 'arctos_motor_driver' build argument 'cmake_args' from command line to 'None'
[0.355s] Level 5:colcon.colcon_core.verb:set package 'arctos_motor_driver' build argument 'cmake_target' from command line to 'None'
[0.355s] Level 5:colcon.colcon_core.verb:set package 'arctos_motor_driver' build argument 'cmake_target_skip_unavailable' from command line to 'False'
[0.355s] Level 5:colcon.colcon_core.verb:set package 'arctos_motor_driver' build argument 'cmake_clean_cache' from command line to 'False'
[0.355s] Level 5:colcon.colcon_core.verb:set package 'arctos_motor_driver' build argument 'cmake_clean_first' from command line to 'False'
[0.355s] Level 5:colcon.colcon_core.verb:set package 'arctos_motor_driver' build argument 'cmake_force_configure' from command line to 'False'
[0.355s] Level 5:colcon.colcon_core.verb:set package 'arctos_motor_driver' build argument 'ament_cmake_args' from command line to 'None'
[0.356s] Level 5:colcon.colcon_core.verb:set package 'arctos_motor_driver' build argument 'catkin_cmake_args' from command line to 'None'
[0.356s] Level 5:colcon.colcon_core.verb:set package 'arctos_motor_driver' build argument 'catkin_skip_building_tests' from command line to 'False'
[0.356s] DEBUG:colcon.colcon_core.verb:Building package 'arctos_motor_driver' with the following arguments: {'ament_cmake_args': None, 'build_base': '/home/nguyen/ros2_ws/src/ros2_arctos_HCMUT/build/arctos_motor_driver', 'catkin_cmake_args': None, 'catkin_skip_building_tests': False, 'cmake_args': None, 'cmake_clean_cache': False, 'cmake_clean_first': False, 'cmake_force_configure': False, 'cmake_target': None, 'cmake_target_skip_unavailable': False, 'install_base': '/home/nguyen/ros2_ws/src/ros2_arctos_HCMUT/install/arctos_motor_driver', 'merge_install': False, 'path': '/home/nguyen/ros2_ws/src/ros2_arctos_HCMUT/arctos_motor_driver', 'symlink_install': False, 'test_result_base': None}
[0.356s] Level 5:colcon.colcon_core.verb:set package 'arctos_moveit_config' build argument 'cmake_args' from command line to 'None'
[0.356s] Level 5:colcon.colcon_core.verb:set package 'arctos_moveit_config' build argument 'cmake_target' from command line to 'None'
[0.356s] Level 5:colcon.colcon_core.verb:set package 'arctos_moveit_config' build argument 'cmake_target_skip_unavailable' from command line to 'False'
[0.356s] Level 5:colcon.colcon_core.verb:set package 'arctos_moveit_config' build argument 'cmake_clean_cache' from command line to 'False'
[0.356s] Level 5:colcon.colcon_core.verb:set package 'arctos_moveit_config' build argument 'cmake_clean_first' from command line to 'False'
[0.356s] Level 5:colcon.colcon_core.verb:set package 'arctos_moveit_config' build argument 'cmake_force_configure' from command line to 'False'
[0.356s] Level 5:colcon.colcon_core.verb:set package 'arctos_moveit_config' build argument 'ament_cmake_args' from command line to 'None'
[0.356s] Level 5:colcon.colcon_core.verb:set package 'arctos_moveit_config' build argument 'catkin_cmake_args' from command line to 'None'
[0.356s] Level 5:colcon.colcon_core.verb:set package 'arctos_moveit_config' build argument 'catkin_skip_building_tests' from command line to 'False'
[0.356s] DEBUG:colcon.colcon_core.verb:Building package 'arctos_moveit_config' with the following arguments: {'ament_cmake_args': None, 'build_base': '/home/nguyen/ros2_ws/src/ros2_arctos_HCMUT/build/arctos_moveit_config', 'catkin_cmake_args': None, 'catkin_skip_building_tests': False, 'cmake_args': None, 'cmake_clean_cache': False, 'cmake_clean_first': False, 'cmake_force_configure': False, 'cmake_target': None, 'cmake_target_skip_unavailable': False, 'install_base': '/home/nguyen/ros2_ws/src/ros2_arctos_HCMUT/install/arctos_moveit_config', 'merge_install': False, 'path': '/home/nguyen/ros2_ws/src/ros2_arctos_HCMUT/arctos_moveit_config', 'symlink_install': False, 'test_result_base': None}
[0.356s] Level 5:colcon.colcon_core.verb:set package 'arctos_hardware_interface' build argument 'cmake_args' from command line to 'None'
[0.356s] Level 5:colcon.colcon_core.verb:set package 'arctos_hardware_interface' build argument 'cmake_target' from command line to 'None'
[0.356s] Level 5:colcon.colcon_core.verb:set package 'arctos_hardware_interface' build argument 'cmake_target_skip_unavailable' from command line to 'False'
[0.356s] Level 5:colcon.colcon_core.verb:set package 'arctos_hardware_interface' build argument 'cmake_clean_cache' from command line to 'False'
[0.356s] Level 5:colcon.colcon_core.verb:set package 'arctos_hardware_interface' build argument 'cmake_clean_first' from command line to 'False'
[0.356s] Level 5:colcon.colcon_core.verb:set package 'arctos_hardware_interface' build argument 'cmake_force_configure' from command line to 'False'
[0.356s] Level 5:colcon.colcon_core.verb:set package 'arctos_hardware_interface' build argument 'ament_cmake_args' from command line to 'None'
[0.356s] Level 5:colcon.colcon_core.verb:set package 'arctos_hardware_interface' build argument 'catkin_cmake_args' from command line to 'None'
[0.356s] Level 5:colcon.colcon_core.verb:set package 'arctos_hardware_interface' build argument 'catkin_skip_building_tests' from command line to 'False'
[0.356s] DEBUG:colcon.colcon_core.verb:Building package 'arctos_hardware_interface' with the following arguments: {'ament_cmake_args': None, 'build_base': '/home/nguyen/ros2_ws/src/ros2_arctos_HCMUT/build/arctos_hardware_interface', 'catkin_cmake_args': None, 'catkin_skip_building_tests': False, 'cmake_args': None, 'cmake_clean_cache': False, 'cmake_clean_first': False, 'cmake_force_configure': False, 'cmake_target': None, 'cmake_target_skip_unavailable': False, 'install_base': '/home/nguyen/ros2_ws/src/ros2_arctos_HCMUT/install/arctos_hardware_interface', 'merge_install': False, 'path': '/home/nguyen/ros2_ws/src/ros2_arctos_HCMUT/arctos_hardware_interface', 'symlink_install': False, 'test_result_base': None}
[0.357s] Level 5:colcon.colcon_core.verb:set package 'arctos_bringup' build argument 'cmake_args' from command line to 'None'
[0.357s] Level 5:colcon.colcon_core.verb:set package 'arctos_bringup' build argument 'cmake_target' from command line to 'None'
[0.357s] Level 5:colcon.colcon_core.verb:set package 'arctos_bringup' build argument 'cmake_target_skip_unavailable' from command line to 'False'
[0.357s] Level 5:colcon.colcon_core.verb:set package 'arctos_bringup' build argument 'cmake_clean_cache' from command line to 'False'
[0.357s] Level 5:colcon.colcon_core.verb:set package 'arctos_bringup' build argument 'cmake_clean_first' from command line to 'False'
[0.357s] Level 5:colcon.colcon_core.verb:set package 'arctos_bringup' build argument 'cmake_force_configure' from command line to 'False'
[0.357s] Level 5:colcon.colcon_core.verb:set package 'arctos_bringup' build argument 'ament_cmake_args' from command line to 'None'
[0.357s] Level 5:colcon.colcon_core.verb:set package 'arctos_bringup' build argument 'catkin_cmake_args' from command line to 'None'
[0.357s] Level 5:colcon.colcon_core.verb:set package 'arctos_bringup' build argument 'catkin_skip_building_tests' from command line to 'False'
[0.357s] DEBUG:colcon.colcon_core.verb:Building package 'arctos_bringup' with the following arguments: {'ament_cmake_args': None, 'build_base': '/home/nguyen/ros2_ws/src/ros2_arctos_HCMUT/build/arctos_bringup', 'catkin_cmake_args': None, 'catkin_skip_building_tests': False, 'cmake_args': None, 'cmake_clean_cache': False, 'cmake_clean_first': False, 'cmake_force_configure': False, 'cmake_target': None, 'cmake_target_skip_unavailable': False, 'install_base': '/home/nguyen/ros2_ws/src/ros2_arctos_HCMUT/install/arctos_bringup', 'merge_install': False, 'path': '/home/nguyen/ros2_ws/src/ros2_arctos_HCMUT/arctos_bringup', 'symlink_install': False, 'test_result_base': None}
[0.357s] INFO:colcon.colcon_core.executor:Executing jobs using 'parallel' executor
[0.358s] DEBUG:colcon.colcon_parallel_executor.executor.parallel:run_until_complete
[0.358s] INFO:colcon.colcon_ros.task.ament_cmake.build:Building ROS package in '/home/nguyen/ros2_ws/src/ros2_arctos_HCMUT/serial' with build type 'ament_cmake'
[0.358s] INFO:colcon.colcon_cmake.task.cmake.build:Building CMake package in '/home/nguyen/ros2_ws/src/ros2_arctos_HCMUT/serial'
[0.360s] INFO:colcon.colcon_core.plugin_system:Skipping extension 'colcon_core.shell.bat': Not used on non-Windows systems
[0.361s] INFO:colcon.colcon_core.shell:Skip shell extension 'powershell' for command environment: Not usable outside of PowerShell
[0.361s] DEBUG:colcon.colcon_core.shell:Skip shell extension 'dsv' for command environment
[0.365s] INFO:colcon.colcon_ros.task.ament_cmake.build:Building ROS package in '/home/nguyen/ros2_ws/src/ros2_arctos_HCMUT/arctos_description' with build type 'ament_cmake'
[0.365s] INFO:colcon.colcon_cmake.task.cmake.build:Building CMake package in '/home/nguyen/ros2_ws/src/ros2_arctos_HCMUT/arctos_description'
[0.366s] INFO:colcon.colcon_core.shell:Skip shell extension 'powershell' for command environment: Not usable outside of PowerShell
[0.366s] DEBUG:colcon.colcon_core.shell:Skip shell extension 'dsv' for command environment
[0.371s] INFO:colcon.colcon_ros.task.ament_cmake.build:Building ROS package in '/home/nguyen/ros2_ws/src/ros2_arctos_HCMUT/gazebo_ros2_control' with build type 'ament_cmake'
[0.371s] INFO:colcon.colcon_cmake.task.cmake.build:Building CMake package in '/home/nguyen/ros2_ws/src/ros2_arctos_HCMUT/gazebo_ros2_control'
[0.372s] INFO:colcon.colcon_core.shell:Skip shell extension 'powershell' for command environment: Not usable outside of PowerShell
[0.372s] DEBUG:colcon.colcon_core.shell:Skip shell extension 'dsv' for command environment
[0.376s] INFO:colcon.colcon_ros.task.ament_cmake.build:Building ROS package in '/home/nguyen/ros2_ws/src/ros2_arctos_HCMUT/src/v4l2_camera' with build type 'ament_cmake'
[0.377s] INFO:colcon.colcon_cmake.task.cmake.build:Building CMake package in '/home/nguyen/ros2_ws/src/ros2_arctos_HCMUT/src/v4l2_camera'
[0.377s] INFO:colcon.colcon_core.shell:Skip shell extension 'powershell' for command environment: Not usable outside of PowerShell
[0.377s] DEBUG:colcon.colcon_core.shell:Skip shell extension 'dsv' for command environment
[0.389s] DEBUG:colcon.colcon_core.event_handler.log_command:Invoking command in '/home/nguyen/ros2_ws/src/ros2_arctos_HCMUT/build/serial': CMAKE_PREFIX_PATH=${CMAKE_PREFIX_PATH}:/home/nguyen/ros2_ws_1/install/gazebo_simulation:/opt/ros/humble /usr/bin/cmake --build /home/nguyen/ros2_ws/src/ros2_arctos_HCMUT/build/serial -- -j12 -l12
[0.392s] DEBUG:colcon.colcon_core.event_handler.log_command:Invoking command in '/home/nguyen/ros2_ws/src/ros2_arctos_HCMUT/build/arctos_description': CMAKE_PREFIX_PATH=${CMAKE_PREFIX_PATH}:/home/nguyen/ros2_ws_1/install/gazebo_simulation:/opt/ros/humble /usr/bin/cmake --build /home/nguyen/ros2_ws/src/ros2_arctos_HCMUT/build/arctos_description -- -j12 -l12
[0.396s] DEBUG:colcon.colcon_core.event_handler.log_command:Invoking command in '/home/nguyen/ros2_ws/src/ros2_arctos_HCMUT/build/gazebo_ros2_control': CMAKE_PREFIX_PATH=${CMAKE_PREFIX_PATH}:/home/nguyen/ros2_ws_1/install/gazebo_simulation:/opt/ros/humble /usr/bin/cmake /home/nguyen/ros2_ws/src/ros2_arctos_HCMUT/gazebo_ros2_control -DCMAKE_INSTALL_PREFIX=/home/nguyen/ros2_ws/src/ros2_arctos_HCMUT/install/gazebo_ros2_control
[0.402s] DEBUG:colcon.colcon_core.event_handler.log_command:Invoking command in '/home/nguyen/ros2_ws/src/ros2_arctos_HCMUT/build/v4l2_camera': CMAKE_PREFIX_PATH=${CMAKE_PREFIX_PATH}:/home/nguyen/ros2_ws_1/install/gazebo_simulation:/opt/ros/humble /usr/bin/cmake --build /home/nguyen/ros2_ws/src/ros2_arctos_HCMUT/build/v4l2_camera -- -j12 -l12
[0.434s] DEBUG:colcon.colcon_core.event_handler.log_command:Invoked command in '/home/nguyen/ros2_ws/src/ros2_arctos_HCMUT/build/arctos_description' returned '0': CMAKE_PREFIX_PATH=${CMAKE_PREFIX_PATH}:/home/nguyen/ros2_ws_1/install/gazebo_simulation:/opt/ros/humble /usr/bin/cmake --build /home/nguyen/ros2_ws/src/ros2_arctos_HCMUT/build/arctos_description -- -j12 -l12
[0.447s] DEBUG:colcon.colcon_core.event_handler.log_command:Invoking command in '/home/nguyen/ros2_ws/src/ros2_arctos_HCMUT/build/arctos_description': CMAKE_PREFIX_PATH=${CMAKE_PREFIX_PATH}:/home/nguyen/ros2_ws_1/install/gazebo_simulation:/opt/ros/humble /usr/bin/cmake --install /home/nguyen/ros2_ws/src/ros2_arctos_HCMUT/build/arctos_description
[0.474s] Level 1:colcon.colcon_core.environment:create_environment_scripts_only(arctos_description)
[0.475s] DEBUG:colcon.colcon_core.event_handler.log_command:Invoked command in '/home/nguyen/ros2_ws/src/ros2_arctos_HCMUT/build/arctos_description' returned '0': CMAKE_PREFIX_PATH=${CMAKE_PREFIX_PATH}:/home/nguyen/ros2_ws_1/install/gazebo_simulation:/opt/ros/humble /usr/bin/cmake --install /home/nguyen/ros2_ws/src/ros2_arctos_HCMUT/build/arctos_description
[0.477s] Level 1:colcon.colcon_core.environment:checking '/home/nguyen/ros2_ws/src/ros2_arctos_HCMUT/install/arctos_description' for CMake module files
[0.478s] Level 1:colcon.colcon_core.environment:checking '/home/nguyen/ros2_ws/src/ros2_arctos_HCMUT/install/arctos_description' for CMake config files
[0.478s] Level 1:colcon.colcon_core.shell:create_environment_hook('arctos_description', 'cmake_prefix_path')
[0.479s] INFO:colcon.colcon_core.shell:Creating environment hook '/home/nguyen/ros2_ws/src/ros2_arctos_HCMUT/install/arctos_description/share/arctos_description/hook/cmake_prefix_path.ps1'
[0.479s] INFO:colcon.colcon_core.shell:Creating environment descriptor '/home/nguyen/ros2_ws/src/ros2_arctos_HCMUT/install/arctos_description/share/arctos_description/hook/cmake_prefix_path.dsv'
[0.480s] INFO:colcon.colcon_core.shell:Creating environment hook '/home/nguyen/ros2_ws/src/ros2_arctos_HCMUT/install/arctos_description/share/arctos_description/hook/cmake_prefix_path.sh'
[0.481s] Level 1:colcon.colcon_core.environment:checking '/home/nguyen/ros2_ws/src/ros2_arctos_HCMUT/install/arctos_description/bin'
[0.481s] Level 1:colcon.colcon_core.environment:checking '/home/nguyen/ros2_ws/src/ros2_arctos_HCMUT/install/arctos_description/lib/pkgconfig/arctos_description.pc'
[0.481s] Level 1:colcon.colcon_core.environment:checking '/home/nguyen/ros2_ws/src/ros2_arctos_HCMUT/install/arctos_description/lib/python3.10/site-packages'
[0.481s] Level 1:colcon.colcon_core.environment:checking '/home/nguyen/ros2_ws/src/ros2_arctos_HCMUT/install/arctos_description/bin'
[0.482s] INFO:colcon.colcon_core.shell:Creating package script '/home/nguyen/ros2_ws/src/ros2_arctos_HCMUT/install/arctos_description/share/arctos_description/package.ps1'
[0.483s] INFO:colcon.colcon_core.shell:Creating package descriptor '/home/nguyen/ros2_ws/src/ros2_arctos_HCMUT/install/arctos_description/share/arctos_description/package.dsv'
[0.484s] INFO:colcon.colcon_core.shell:Creating package script '/home/nguyen/ros2_ws/src/ros2_arctos_HCMUT/install/arctos_description/share/arctos_description/package.sh'
[0.485s] INFO:colcon.colcon_core.shell:Creating package script '/home/nguyen/ros2_ws/src/ros2_arctos_HCMUT/install/arctos_description/share/arctos_description/package.bash'
[0.486s] INFO:colcon.colcon_core.shell:Creating package script '/home/nguyen/ros2_ws/src/ros2_arctos_HCMUT/install/arctos_description/share/arctos_description/package.zsh'
[0.487s] Level 1:colcon.colcon_core.environment:create_file_with_runtime_dependencies(/home/nguyen/ros2_ws/src/ros2_arctos_HCMUT/install/arctos_description/share/colcon-core/packages/arctos_description)
[0.488s] Level 1:colcon.colcon_core.environment:create_environment_scripts_only(arctos_description)
[0.489s] Level 1:colcon.colcon_core.environment:checking '/home/nguyen/ros2_ws/src/ros2_arctos_HCMUT/install/arctos_description' for CMake module files
[0.489s] Level 1:colcon.colcon_core.environment:checking '/home/nguyen/ros2_ws/src/ros2_arctos_HCMUT/install/arctos_description' for CMake config files
[0.490s] Level 1:colcon.colcon_core.shell:create_environment_hook('arctos_description', 'cmake_prefix_path')
[0.490s] INFO:colcon.colcon_core.shell:Creating environment hook '/home/nguyen/ros2_ws/src/ros2_arctos_HCMUT/install/arctos_description/share/arctos_description/hook/cmake_prefix_path.ps1'
[0.491s] INFO:colcon.colcon_core.shell:Creating environment descriptor '/home/nguyen/ros2_ws/src/ros2_arctos_HCMUT/install/arctos_description/share/arctos_description/hook/cmake_prefix_path.dsv'
[0.491s] INFO:colcon.colcon_core.shell:Creating environment hook '/home/nguyen/ros2_ws/src/ros2_arctos_HCMUT/install/arctos_description/share/arctos_description/hook/cmake_prefix_path.sh'
[0.491s] Level 1:colcon.colcon_core.environment:checking '/home/nguyen/ros2_ws/src/ros2_arctos_HCMUT/install/arctos_description/bin'
[0.492s] Level 1:colcon.colcon_core.environment:checking '/home/nguyen/ros2_ws/src/ros2_arctos_HCMUT/install/arctos_description/lib/pkgconfig/arctos_description.pc'
[0.492s] Level 1:colcon.colcon_core.environment:checking '/home/nguyen/ros2_ws/src/ros2_arctos_HCMUT/install/arctos_description/lib/python3.10/site-packages'
[0.492s] Level 1:colcon.colcon_core.environment:checking '/home/nguyen/ros2_ws/src/ros2_arctos_HCMUT/install/arctos_description/bin'
[0.492s] INFO:colcon.colcon_core.shell:Creating package script '/home/nguyen/ros2_ws/src/ros2_arctos_HCMUT/install/arctos_description/share/arctos_description/package.ps1'
[0.493s] INFO:colcon.colcon_core.shell:Creating package descriptor '/home/nguyen/ros2_ws/src/ros2_arctos_HCMUT/install/arctos_description/share/arctos_description/package.dsv'
[0.493s] INFO:colcon.colcon_core.shell:Creating package script '/home/nguyen/ros2_ws/src/ros2_arctos_HCMUT/install/arctos_description/share/arctos_description/package.sh'
[0.494s] INFO:colcon.colcon_core.shell:Creating package script '/home/nguyen/ros2_ws/src/ros2_arctos_HCMUT/install/arctos_description/share/arctos_description/package.bash'
[0.494s] INFO:colcon.colcon_core.shell:Creating package script '/home/nguyen/ros2_ws/src/ros2_arctos_HCMUT/install/arctos_description/share/arctos_description/package.zsh'
[0.495s] Level 1:colcon.colcon_core.environment:create_file_with_runtime_dependencies(/home/nguyen/ros2_ws/src/ros2_arctos_HCMUT/install/arctos_description/share/colcon-core/packages/arctos_description)
[0.495s] INFO:colcon.colcon_ros.task.ament_cmake.build:Building ROS package in '/home/nguyen/ros2_ws/src/ros2_arctos_HCMUT/arctos_moveit_config' with build type 'ament_cmake'
[0.496s] INFO:colcon.colcon_cmake.task.cmake.build:Building CMake package in '/home/nguyen/ros2_ws/src/ros2_arctos_HCMUT/arctos_moveit_config'
[0.496s] INFO:colcon.colcon_core.shell:Skip shell extension 'powershell' for command environment: Not usable outside of PowerShell
[0.496s] DEBUG:colcon.colcon_core.shell:Skip shell extension 'dsv' for command environment
[0.503s] DEBUG:colcon.colcon_core.event_handler.log_command:Invoked command in '/home/nguyen/ros2_ws/src/ros2_arctos_HCMUT/build/serial' returned '0': CMAKE_PREFIX_PATH=${CMAKE_PREFIX_PATH}:/home/nguyen/ros2_ws_1/install/gazebo_simulation:/opt/ros/humble /usr/bin/cmake --build /home/nguyen/ros2_ws/src/ros2_arctos_HCMUT/build/serial -- -j12 -l12
[0.505s] DEBUG:colcon.colcon_core.event_handler.log_command:Invoking command in '/home/nguyen/ros2_ws/src/ros2_arctos_HCMUT/build/serial': CMAKE_PREFIX_PATH=${CMAKE_PREFIX_PATH}:/home/nguyen/ros2_ws_1/install/gazebo_simulation:/opt/ros/humble /usr/bin/cmake --install /home/nguyen/ros2_ws/src/ros2_arctos_HCMUT/build/serial
[0.509s] DEBUG:colcon.colcon_core.event_handler.log_command:Invoking command in '/home/nguyen/ros2_ws/src/ros2_arctos_HCMUT/build/arctos_moveit_config': AMENT_PREFIX_PATH=/home/nguyen/ros2_ws/src/ros2_arctos_HCMUT/install/arctos_description:${AMENT_PREFIX_PATH} CMAKE_PREFIX_PATH=/home/nguyen/ros2_ws/src/ros2_arctos_HCMUT/install/arctos_description:/home/nguyen/ros2_ws_1/install/v4l2_camera:/home/nguyen/ros2_ws_1/install/arctos_system_tests:/home/nguyen/ros2_ws_1/install/arctos_moveit_config:/home/nguyen/ros2_ws_1/install/arctos_motor_driver:/home/nguyen/ros2_ws_1/install/arctos_gazebo:/home/nguyen/ros2_ws_1/install/arctos_description:/home/nguyen/ros2_ws_1/install/arctos_camera:/home/nguyen/ros2_ws_1/install/arctos_bringup:/home/nguyen/ros2_ws/install/v4l2_camera:/home/nguyen/ros2_ws/install/arctos_bringup:/home/nguyen/ros2_ws/install/arctos_hardware_interface:/home/nguyen/ros2_ws/install/arctos_motor_driver:/home/nguyen/ros2_ws/install/serial:/home/nguyen/ros2_ws/install/arctos_moveit_config:/home/nguyen/ros2_ws/install/arctos_description:/home/nguyen/ros2_ws_1/install/gazebo_simulation:/opt/ros/humble /usr/bin/cmake --build /home/nguyen/ros2_ws/src/ros2_arctos_HCMUT/build/arctos_moveit_config -- -j12 -l12
[0.517s] DEBUG:colcon.colcon_core.event_handler.log_command:Invoked command in '/home/nguyen/ros2_ws/src/ros2_arctos_HCMUT/build/v4l2_camera' returned '0': CMAKE_PREFIX_PATH=${CMAKE_PREFIX_PATH}:/home/nguyen/ros2_ws_1/install/gazebo_simulation:/opt/ros/humble /usr/bin/cmake --build /home/nguyen/ros2_ws/src/ros2_arctos_HCMUT/build/v4l2_camera -- -j12 -l12
[0.519s] DEBUG:colcon.colcon_core.event_handler.log_command:Invoking command in '/home/nguyen/ros2_ws/src/ros2_arctos_HCMUT/build/v4l2_camera': CMAKE_PREFIX_PATH=${CMAKE_PREFIX_PATH}:/home/nguyen/ros2_ws_1/install/gazebo_simulation:/opt/ros/humble /usr/bin/cmake --install /home/nguyen/ros2_ws/src/ros2_arctos_HCMUT/build/v4l2_camera
[0.533s] Level 1:colcon.colcon_core.environment:create_environment_scripts_only(serial)
[0.533s] Level 1:colcon.colcon_core.environment:checking '/home/nguyen/ros2_ws/src/ros2_arctos_HCMUT/install/serial' for CMake module files
[0.534s] DEBUG:colcon.colcon_core.event_handler.log_command:Invoked command in '/home/nguyen/ros2_ws/src/ros2_arctos_HCMUT/build/serial' returned '0': CMAKE_PREFIX_PATH=${CMAKE_PREFIX_PATH}:/home/nguyen/ros2_ws_1/install/gazebo_simulation:/opt/ros/humble /usr/bin/cmake --install /home/nguyen/ros2_ws/src/ros2_arctos_HCMUT/build/serial
[0.534s] Level 1:colcon.colcon_core.environment:checking '/home/nguyen/ros2_ws/src/ros2_arctos_HCMUT/install/serial' for CMake config files
[0.535s] Level 1:colcon.colcon_core.shell:create_environment_hook('serial', 'cmake_prefix_path')
[0.535s] INFO:colcon.colcon_core.shell:Creating environment hook '/home/nguyen/ros2_ws/src/ros2_arctos_HCMUT/install/serial/share/serial/hook/cmake_prefix_path.ps1'
[0.536s] INFO:colcon.colcon_core.shell:Creating environment descriptor '/home/nguyen/ros2_ws/src/ros2_arctos_HCMUT/install/serial/share/serial/hook/cmake_prefix_path.dsv'
[0.536s] INFO:colcon.colcon_core.shell:Creating environment hook '/home/nguyen/ros2_ws/src/ros2_arctos_HCMUT/install/serial/share/serial/hook/cmake_prefix_path.sh'
[0.537s] Level 1:colcon.colcon_core.environment:checking '/home/nguyen/ros2_ws/src/ros2_arctos_HCMUT/install/serial/lib'
[0.537s] Level 1:colcon.colcon_core.environment:checking '/home/nguyen/ros2_ws/src/ros2_arctos_HCMUT/install/serial/bin'
[0.537s] Level 1:colcon.colcon_core.environment:checking '/home/nguyen/ros2_ws/src/ros2_arctos_HCMUT/install/serial/lib/pkgconfig/serial.pc'
[0.537s] Level 1:colcon.colcon_core.environment:checking '/home/nguyen/ros2_ws/src/ros2_arctos_HCMUT/install/serial/lib/python3.10/site-packages'
[0.537s] Level 1:colcon.colcon_core.environment:checking '/home/nguyen/ros2_ws/src/ros2_arctos_HCMUT/install/serial/bin'
[0.538s] INFO:colcon.colcon_core.shell:Creating package script '/home/nguyen/ros2_ws/src/ros2_arctos_HCMUT/install/serial/share/serial/package.ps1'
[0.538s] INFO:colcon.colcon_core.shell:Creating package descriptor '/home/nguyen/ros2_ws/src/ros2_arctos_HCMUT/install/serial/share/serial/package.dsv'
[0.539s] INFO:colcon.colcon_core.shell:Creating package script '/home/nguyen/ros2_ws/src/ros2_arctos_HCMUT/install/serial/share/serial/package.sh'
[0.539s] INFO:colcon.colcon_core.shell:Creating package script '/home/nguyen/ros2_ws/src/ros2_arctos_HCMUT/install/serial/share/serial/package.bash'
[0.540s] INFO:colcon.colcon_core.shell:Creating package script '/home/nguyen/ros2_ws/src/ros2_arctos_HCMUT/install/serial/share/serial/package.zsh'
[0.540s] Level 1:colcon.colcon_core.environment:create_file_with_runtime_dependencies(/home/nguyen/ros2_ws/src/ros2_arctos_HCMUT/install/serial/share/colcon-core/packages/serial)
[0.541s] Level 1:colcon.colcon_core.environment:create_environment_scripts_only(serial)
[0.541s] Level 1:colcon.colcon_core.environment:checking '/home/nguyen/ros2_ws/src/ros2_arctos_HCMUT/install/serial' for CMake module files
[0.541s] Level 1:colcon.colcon_core.environment:checking '/home/nguyen/ros2_ws/src/ros2_arctos_HCMUT/install/serial' for CMake config files
[0.542s] Level 1:colcon.colcon_core.shell:create_environment_hook('serial', 'cmake_prefix_path')
[0.542s] INFO:colcon.colcon_core.shell:Creating environment hook '/home/nguyen/ros2_ws/src/ros2_arctos_HCMUT/install/serial/share/serial/hook/cmake_prefix_path.ps1'
[0.543s] INFO:colcon.colcon_core.shell:Creating environment descriptor '/home/nguyen/ros2_ws/src/ros2_arctos_HCMUT/install/serial/share/serial/hook/cmake_prefix_path.dsv'
[0.544s] INFO:colcon.colcon_core.shell:Creating environment hook '/home/nguyen/ros2_ws/src/ros2_arctos_HCMUT/install/serial/share/serial/hook/cmake_prefix_path.sh'
[0.545s] Level 1:colcon.colcon_core.environment:checking '/home/nguyen/ros2_ws/src/ros2_arctos_HCMUT/install/serial/lib'
[0.545s] Level 1:colcon.colcon_core.environment:checking '/home/nguyen/ros2_ws/src/ros2_arctos_HCMUT/install/serial/bin'
[0.546s] Level 1:colcon.colcon_core.environment:checking '/home/nguyen/ros2_ws/src/ros2_arctos_HCMUT/install/serial/lib/pkgconfig/serial.pc'
[0.546s] Level 1:colcon.colcon_core.environment:checking '/home/nguyen/ros2_ws/src/ros2_arctos_HCMUT/install/serial/lib/python3.10/site-packages'
[0.546s] Level 1:colcon.colcon_core.environment:checking '/home/nguyen/ros2_ws/src/ros2_arctos_HCMUT/install/serial/bin'
[0.547s] INFO:colcon.colcon_core.shell:Creating package script '/home/nguyen/ros2_ws/src/ros2_arctos_HCMUT/install/serial/share/serial/package.ps1'
[0.548s] INFO:colcon.colcon_core.shell:Creating package descriptor '/home/nguyen/ros2_ws/src/ros2_arctos_HCMUT/install/serial/share/serial/package.dsv'
[0.549s] INFO:colcon.colcon_core.shell:Creating package script '/home/nguyen/ros2_ws/src/ros2_arctos_HCMUT/install/serial/share/serial/package.sh'
[0.549s] INFO:colcon.colcon_core.shell:Creating package script '/home/nguyen/ros2_ws/src/ros2_arctos_HCMUT/install/serial/share/serial/package.bash'
[0.550s] INFO:colcon.colcon_core.shell:Creating package script '/home/nguyen/ros2_ws/src/ros2_arctos_HCMUT/install/serial/share/serial/package.zsh'
[0.550s] Level 1:colcon.colcon_core.environment:create_file_with_runtime_dependencies(/home/nguyen/ros2_ws/src/ros2_arctos_HCMUT/install/serial/share/colcon-core/packages/serial)
[0.551s] INFO:colcon.colcon_ros.task.ament_cmake.build:Building ROS package in '/home/nguyen/ros2_ws/src/ros2_arctos_HCMUT/arctos_motor_driver' with build type 'ament_cmake'
[0.551s] INFO:colcon.colcon_cmake.task.cmake.build:Building CMake package in '/home/nguyen/ros2_ws/src/ros2_arctos_HCMUT/arctos_motor_driver'
[0.551s] INFO:colcon.colcon_core.shell:Skip shell extension 'powershell' for command environment: Not usable outside of PowerShell
[0.551s] DEBUG:colcon.colcon_core.shell:Skip shell extension 'dsv' for command environment
[0.558s] Level 1:colcon.colcon_core.environment:create_environment_scripts_only(v4l2_camera)
[0.558s] Level 1:colcon.colcon_core.environment:checking '/home/nguyen/ros2_ws/src/ros2_arctos_HCMUT/install/v4l2_camera' for CMake module files
[0.558s] DEBUG:colcon.colcon_core.event_handler.log_command:Invoked command in '/home/nguyen/ros2_ws/src/ros2_arctos_HCMUT/build/v4l2_camera' returned '0': CMAKE_PREFIX_PATH=${CMAKE_PREFIX_PATH}:/home/nguyen/ros2_ws_1/install/gazebo_simulation:/opt/ros/humble /usr/bin/cmake --install /home/nguyen/ros2_ws/src/ros2_arctos_HCMUT/build/v4l2_camera
[0.559s] Level 1:colcon.colcon_core.environment:checking '/home/nguyen/ros2_ws/src/ros2_arctos_HCMUT/install/v4l2_camera' for CMake config files
[0.559s] Level 1:colcon.colcon_core.shell:create_environment_hook('v4l2_camera', 'cmake_prefix_path')
[0.559s] INFO:colcon.colcon_core.shell:Creating environment hook '/home/nguyen/ros2_ws/src/ros2_arctos_HCMUT/install/v4l2_camera/share/v4l2_camera/hook/cmake_prefix_path.ps1'
[0.560s] INFO:colcon.colcon_core.shell:Creating environment descriptor '/home/nguyen/ros2_ws/src/ros2_arctos_HCMUT/install/v4l2_camera/share/v4l2_camera/hook/cmake_prefix_path.dsv'
[0.560s] INFO:colcon.colcon_core.shell:Creating environment hook '/home/nguyen/ros2_ws/src/ros2_arctos_HCMUT/install/v4l2_camera/share/v4l2_camera/hook/cmake_prefix_path.sh'
[0.560s] Level 1:colcon.colcon_core.environment:checking '/home/nguyen/ros2_ws/src/ros2_arctos_HCMUT/install/v4l2_camera/lib'
[0.561s] Level 1:colcon.colcon_core.shell:create_environment_hook('v4l2_camera', 'ld_library_path_lib')
[0.561s] INFO:colcon.colcon_core.shell:Creating environment hook '/home/nguyen/ros2_ws/src/ros2_arctos_HCMUT/install/v4l2_camera/share/v4l2_camera/hook/ld_library_path_lib.ps1'
[0.561s] INFO:colcon.colcon_core.shell:Creating environment descriptor '/home/nguyen/ros2_ws/src/ros2_arctos_HCMUT/install/v4l2_camera/share/v4l2_camera/hook/ld_library_path_lib.dsv'
[0.561s] INFO:colcon.colcon_core.shell:Creating environment hook '/home/nguyen/ros2_ws/src/ros2_arctos_HCMUT/install/v4l2_camera/share/v4l2_camera/hook/ld_library_path_lib.sh'
[0.562s] Level 1:colcon.colcon_core.environment:checking '/home/nguyen/ros2_ws/src/ros2_arctos_HCMUT/install/v4l2_camera/bin'
[0.562s] Level 1:colcon.colcon_core.environment:checking '/home/nguyen/ros2_ws/src/ros2_arctos_HCMUT/install/v4l2_camera/lib/pkgconfig/v4l2_camera.pc'
[0.562s] Level 1:colcon.colcon_core.environment:checking '/home/nguyen/ros2_ws/src/ros2_arctos_HCMUT/install/v4l2_camera/lib/python3.10/site-packages'
[0.562s] Level 1:colcon.colcon_core.environment:checking '/home/nguyen/ros2_ws/src/ros2_arctos_HCMUT/install/v4l2_camera/bin'
[0.563s] INFO:colcon.colcon_core.shell:Creating package script '/home/nguyen/ros2_ws/src/ros2_arctos_HCMUT/install/v4l2_camera/share/v4l2_camera/package.ps1'
[0.563s] INFO:colcon.colcon_core.shell:Creating package descriptor '/home/nguyen/ros2_ws/src/ros2_arctos_HCMUT/install/v4l2_camera/share/v4l2_camera/package.dsv'
[0.563s] INFO:colcon.colcon_core.shell:Creating package script '/home/nguyen/ros2_ws/src/ros2_arctos_HCMUT/install/v4l2_camera/share/v4l2_camera/package.sh'
[0.564s] INFO:colcon.colcon_core.shell:Creating package script '/home/nguyen/ros2_ws/src/ros2_arctos_HCMUT/install/v4l2_camera/share/v4l2_camera/package.bash'
[0.564s] INFO:colcon.colcon_core.shell:Creating package script '/home/nguyen/ros2_ws/src/ros2_arctos_HCMUT/install/v4l2_camera/share/v4l2_camera/package.zsh'
[0.564s] Level 1:colcon.colcon_core.environment:create_file_with_runtime_dependencies(/home/nguyen/ros2_ws/src/ros2_arctos_HCMUT/install/v4l2_camera/share/colcon-core/packages/v4l2_camera)
[0.565s] Level 1:colcon.colcon_core.environment:create_environment_scripts_only(v4l2_camera)
[0.565s] Level 1:colcon.colcon_core.environment:checking '/home/nguyen/ros2_ws/src/ros2_arctos_HCMUT/install/v4l2_camera' for CMake module files
[0.565s] Level 1:colcon.colcon_core.environment:checking '/home/nguyen/ros2_ws/src/ros2_arctos_HCMUT/install/v4l2_camera' for CMake config files
[0.566s] Level 1:colcon.colcon_core.shell:create_environment_hook('v4l2_camera', 'cmake_prefix_path')
[0.566s] INFO:colcon.colcon_core.shell:Creating environment hook '/home/nguyen/ros2_ws/src/ros2_arctos_HCMUT/install/v4l2_camera/share/v4l2_camera/hook/cmake_prefix_path.ps1'
[0.566s] INFO:colcon.colcon_core.shell:Creating environment descriptor '/home/nguyen/ros2_ws/src/ros2_arctos_HCMUT/install/v4l2_camera/share/v4l2_camera/hook/cmake_prefix_path.dsv'
[0.566s] INFO:colcon.colcon_core.shell:Creating environment hook '/home/nguyen/ros2_ws/src/ros2_arctos_HCMUT/install/v4l2_camera/share/v4l2_camera/hook/cmake_prefix_path.sh'
[0.567s] Level 1:colcon.colcon_core.environment:checking '/home/nguyen/ros2_ws/src/ros2_arctos_HCMUT/install/v4l2_camera/lib'
[0.567s] Level 1:colcon.colcon_core.shell:create_environment_hook('v4l2_camera', 'ld_library_path_lib')
[0.567s] INFO:colcon.colcon_core.shell:Creating environment hook '/home/nguyen/ros2_ws/src/ros2_arctos_HCMUT/install/v4l2_camera/share/v4l2_camera/hook/ld_library_path_lib.ps1'
[0.568s] INFO:colcon.colcon_core.shell:Creating environment descriptor '/home/nguyen/ros2_ws/src/ros2_arctos_HCMUT/install/v4l2_camera/share/v4l2_camera/hook/ld_library_path_lib.dsv'
[0.568s] INFO:colcon.colcon_core.shell:Creating environment hook '/home/nguyen/ros2_ws/src/ros2_arctos_HCMUT/install/v4l2_camera/share/v4l2_camera/hook/ld_library_path_lib.sh'
[0.568s] Level 1:colcon.colcon_core.environment:checking '/home/nguyen/ros2_ws/src/ros2_arctos_HCMUT/install/v4l2_camera/bin'
[0.568s] Level 1:colcon.colcon_core.environment:checking '/home/nguyen/ros2_ws/src/ros2_arctos_HCMUT/install/v4l2_camera/lib/pkgconfig/v4l2_camera.pc'
[0.568s] Level 1:colcon.colcon_core.environment:checking '/home/nguyen/ros2_ws/src/ros2_arctos_HCMUT/install/v4l2_camera/lib/python3.10/site-packages'
[0.569s] Level 1:colcon.colcon_core.environment:checking '/home/nguyen/ros2_ws/src/ros2_arctos_HCMUT/install/v4l2_camera/bin'
[0.569s] INFO:colcon.colcon_core.shell:Creating package script '/home/nguyen/ros2_ws/src/ros2_arctos_HCMUT/install/v4l2_camera/share/v4l2_camera/package.ps1'
[0.569s] INFO:colcon.colcon_core.shell:Creating package descriptor '/home/nguyen/ros2_ws/src/ros2_arctos_HCMUT/install/v4l2_camera/share/v4l2_camera/package.dsv'
[0.570s] INFO:colcon.colcon_core.shell:Creating package script '/home/nguyen/ros2_ws/src/ros2_arctos_HCMUT/install/v4l2_camera/share/v4l2_camera/package.sh'
[0.570s] INFO:colcon.colcon_core.shell:Creating package script '/home/nguyen/ros2_ws/src/ros2_arctos_HCMUT/install/v4l2_camera/share/v4l2_camera/package.bash'
[0.570s] INFO:colcon.colcon_core.shell:Creating package script '/home/nguyen/ros2_ws/src/ros2_arctos_HCMUT/install/v4l2_camera/share/v4l2_camera/package.zsh'
[0.571s] Level 1:colcon.colcon_core.environment:create_file_with_runtime_dependencies(/home/nguyen/ros2_ws/src/ros2_arctos_HCMUT/install/v4l2_camera/share/colcon-core/packages/v4l2_camera)
[0.572s] DEBUG:colcon.colcon_core.event_handler.log_command:Invoked command in '/home/nguyen/ros2_ws/src/ros2_arctos_HCMUT/build/arctos_moveit_config' returned '0': AMENT_PREFIX_PATH=/home/nguyen/ros2_ws/src/ros2_arctos_HCMUT/install/arctos_description:${AMENT_PREFIX_PATH} CMAKE_PREFIX_PATH=/home/nguyen/ros2_ws/src/ros2_arctos_HCMUT/install/arctos_description:/home/nguyen/ros2_ws_1/install/v4l2_camera:/home/nguyen/ros2_ws_1/install/arctos_system_tests:/home/nguyen/ros2_ws_1/install/arctos_moveit_config:/home/nguyen/ros2_ws_1/install/arctos_motor_driver:/home/nguyen/ros2_ws_1/install/arctos_gazebo:/home/nguyen/ros2_ws_1/install/arctos_description:/home/nguyen/ros2_ws_1/install/arctos_camera:/home/nguyen/ros2_ws_1/install/arctos_bringup:/home/nguyen/ros2_ws/install/v4l2_camera:/home/nguyen/ros2_ws/install/arctos_bringup:/home/nguyen/ros2_ws/install/arctos_hardware_interface:/home/nguyen/ros2_ws/install/arctos_motor_driver:/home/nguyen/ros2_ws/install/serial:/home/nguyen/ros2_ws/install/arctos_moveit_config:/home/nguyen/ros2_ws/install/arctos_description:/home/nguyen/ros2_ws_1/install/gazebo_simulation:/opt/ros/humble /usr/bin/cmake --build /home/nguyen/ros2_ws/src/ros2_arctos_HCMUT/build/arctos_moveit_config -- -j12 -l12
[0.573s] DEBUG:colcon.colcon_core.event_handler.log_command:Invoking command in '/home/nguyen/ros2_ws/src/ros2_arctos_HCMUT/build/arctos_moveit_config': AMENT_PREFIX_PATH=/home/nguyen/ros2_ws/src/ros2_arctos_HCMUT/install/arctos_description:${AMENT_PREFIX_PATH} CMAKE_PREFIX_PATH=/home/nguyen/ros2_ws/src/ros2_arctos_HCMUT/install/arctos_description:/home/nguyen/ros2_ws_1/install/v4l2_camera:/home/nguyen/ros2_ws_1/install/arctos_system_tests:/home/nguyen/ros2_ws_1/install/arctos_moveit_config:/home/nguyen/ros2_ws_1/install/arctos_motor_driver:/home/nguyen/ros2_ws_1/install/arctos_gazebo:/home/nguyen/ros2_ws_1/install/arctos_description:/home/nguyen/ros2_ws_1/install/arctos_camera:/home/nguyen/ros2_ws_1/install/arctos_bringup:/home/nguyen/ros2_ws/install/v4l2_camera:/home/nguyen/ros2_ws/install/arctos_bringup:/home/nguyen/ros2_ws/install/arctos_hardware_interface:/home/nguyen/ros2_ws/install/arctos_motor_driver:/home/nguyen/ros2_ws/install/serial:/home/nguyen/ros2_ws/install/arctos_moveit_config:/home/nguyen/ros2_ws/install/arctos_description:/home/nguyen/ros2_ws_1/install/gazebo_simulation:/opt/ros/humble /usr/bin/cmake --install /home/nguyen/ros2_ws/src/ros2_arctos_HCMUT/build/arctos_moveit_config
[0.577s] DEBUG:colcon.colcon_core.event_handler.log_command:Invoking command in '/home/nguyen/ros2_ws/src/ros2_arctos_HCMUT/build/arctos_motor_driver': AMENT_PREFIX_PATH=/home/nguyen/ros2_ws/src/ros2_arctos_HCMUT/install/serial:${AMENT_PREFIX_PATH} CMAKE_PREFIX_PATH=/home/nguyen/ros2_ws/src/ros2_arctos_HCMUT/install/serial:/home/nguyen/ros2_ws_1/install/v4l2_camera:/home/nguyen/ros2_ws_1/install/arctos_system_tests:/home/nguyen/ros2_ws_1/install/arctos_moveit_config:/home/nguyen/ros2_ws_1/install/arctos_motor_driver:/home/nguyen/ros2_ws_1/install/arctos_gazebo:/home/nguyen/ros2_ws_1/install/arctos_description:/home/nguyen/ros2_ws_1/install/arctos_camera:/home/nguyen/ros2_ws_1/install/arctos_bringup:/home/nguyen/ros2_ws/install/v4l2_camera:/home/nguyen/ros2_ws/install/arctos_bringup:/home/nguyen/ros2_ws/install/arctos_hardware_interface:/home/nguyen/ros2_ws/install/arctos_motor_driver:/home/nguyen/ros2_ws/install/serial:/home/nguyen/ros2_ws/install/arctos_moveit_config:/home/nguyen/ros2_ws/install/arctos_description:/home/nguyen/ros2_ws_1/install/gazebo_simulation:/opt/ros/humble LD_LIBRARY_PATH=/home/nguyen/ros2_ws/src/ros2_arctos_HCMUT/install/serial/lib:${LD_LIBRARY_PATH} /usr/bin/cmake --build /home/nguyen/ros2_ws/src/ros2_arctos_HCMUT/build/arctos_motor_driver -- -j12 -l12
[0.600s] Level 1:colcon.colcon_core.environment:create_environment_scripts_only(arctos_moveit_config)
[0.601s] Level 1:colcon.colcon_core.environment:checking '/home/nguyen/ros2_ws/src/ros2_arctos_HCMUT/install/arctos_moveit_config' for CMake module files
[0.601s] DEBUG:colcon.colcon_core.event_handler.log_command:Invoked command in '/home/nguyen/ros2_ws/src/ros2_arctos_HCMUT/build/arctos_moveit_config' returned '0': AMENT_PREFIX_PATH=/home/nguyen/ros2_ws/src/ros2_arctos_HCMUT/install/arctos_description:${AMENT_PREFIX_PATH} CMAKE_PREFIX_PATH=/home/nguyen/ros2_ws/src/ros2_arctos_HCMUT/install/arctos_description:/home/nguyen/ros2_ws_1/install/v4l2_camera:/home/nguyen/ros2_ws_1/install/arctos_system_tests:/home/nguyen/ros2_ws_1/install/arctos_moveit_config:/home/nguyen/ros2_ws_1/install/arctos_motor_driver:/home/nguyen/ros2_ws_1/install/arctos_gazebo:/home/nguyen/ros2_ws_1/install/arctos_description:/home/nguyen/ros2_ws_1/install/arctos_camera:/home/nguyen/ros2_ws_1/install/arctos_bringup:/home/nguyen/ros2_ws/install/v4l2_camera:/home/nguyen/ros2_ws/install/arctos_bringup:/home/nguyen/ros2_ws/install/arctos_hardware_interface:/home/nguyen/ros2_ws/install/arctos_motor_driver:/home/nguyen/ros2_ws/install/serial:/home/nguyen/ros2_ws/install/arctos_moveit_config:/home/nguyen/ros2_ws/install/arctos_description:/home/nguyen/ros2_ws_1/install/gazebo_simulation:/opt/ros/humble /usr/bin/cmake --install /home/nguyen/ros2_ws/src/ros2_arctos_HCMUT/build/arctos_moveit_config
[0.601s] Level 1:colcon.colcon_core.environment:checking '/home/nguyen/ros2_ws/src/ros2_arctos_HCMUT/install/arctos_moveit_config' for CMake config files
[0.602s] Level 1:colcon.colcon_core.shell:create_environment_hook('arctos_moveit_config', 'cmake_prefix_path')
[0.603s] INFO:colcon.colcon_core.shell:Creating environment hook '/home/nguyen/ros2_ws/src/ros2_arctos_HCMUT/install/arctos_moveit_config/share/arctos_moveit_config/hook/cmake_prefix_path.ps1'
[0.603s] INFO:colcon.colcon_core.shell:Creating environment descriptor '/home/nguyen/ros2_ws/src/ros2_arctos_HCMUT/install/arctos_moveit_config/share/arctos_moveit_config/hook/cmake_prefix_path.dsv'
[0.603s] INFO:colcon.colcon_core.shell:Creating environment hook '/home/nguyen/ros2_ws/src/ros2_arctos_HCMUT/install/arctos_moveit_config/share/arctos_moveit_config/hook/cmake_prefix_path.sh'
[0.604s] Level 1:colcon.colcon_core.environment:checking '/home/nguyen/ros2_ws/src/ros2_arctos_HCMUT/install/arctos_moveit_config/bin'
[0.604s] Level 1:colcon.colcon_core.environment:checking '/home/nguyen/ros2_ws/src/ros2_arctos_HCMUT/install/arctos_moveit_config/lib/pkgconfig/arctos_moveit_config.pc'
[0.604s] Level 1:colcon.colcon_core.environment:checking '/home/nguyen/ros2_ws/src/ros2_arctos_HCMUT/install/arctos_moveit_config/lib/python3.10/site-packages'
[0.604s] Level 1:colcon.colcon_core.environment:checking '/home/nguyen/ros2_ws/src/ros2_arctos_HCMUT/install/arctos_moveit_config/bin'
[0.605s] INFO:colcon.colcon_core.shell:Creating package script '/home/nguyen/ros2_ws/src/ros2_arctos_HCMUT/install/arctos_moveit_config/share/arctos_moveit_config/package.ps1'
[0.605s] INFO:colcon.colcon_core.shell:Creating package descriptor '/home/nguyen/ros2_ws/src/ros2_arctos_HCMUT/install/arctos_moveit_config/share/arctos_moveit_config/package.dsv'
[0.605s] INFO:colcon.colcon_core.shell:Creating package script '/home/nguyen/ros2_ws/src/ros2_arctos_HCMUT/install/arctos_moveit_config/share/arctos_moveit_config/package.sh'
[0.606s] INFO:colcon.colcon_core.shell:Creating package script '/home/nguyen/ros2_ws/src/ros2_arctos_HCMUT/install/arctos_moveit_config/share/arctos_moveit_config/package.bash'
[0.606s] INFO:colcon.colcon_core.shell:Creating package script '/home/nguyen/ros2_ws/src/ros2_arctos_HCMUT/install/arctos_moveit_config/share/arctos_moveit_config/package.zsh'
[0.606s] Level 1:colcon.colcon_core.environment:create_file_with_runtime_dependencies(/home/nguyen/ros2_ws/src/ros2_arctos_HCMUT/install/arctos_moveit_config/share/colcon-core/packages/arctos_moveit_config)
[0.607s] Level 1:colcon.colcon_core.environment:create_environment_scripts_only(arctos_moveit_config)
[0.607s] Level 1:colcon.colcon_core.environment:checking '/home/nguyen/ros2_ws/src/ros2_arctos_HCMUT/install/arctos_moveit_config' for CMake module files
[0.608s] Level 1:colcon.colcon_core.environment:checking '/home/nguyen/ros2_ws/src/ros2_arctos_HCMUT/install/arctos_moveit_config' for CMake config files
[0.608s] Level 1:colcon.colcon_core.shell:create_environment_hook('arctos_moveit_config', 'cmake_prefix_path')
[0.608s] INFO:colcon.colcon_core.shell:Creating environment hook '/home/nguyen/ros2_ws/src/ros2_arctos_HCMUT/install/arctos_moveit_config/share/arctos_moveit_config/hook/cmake_prefix_path.ps1'
[0.609s] INFO:colcon.colcon_core.shell:Creating environment descriptor '/home/nguyen/ros2_ws/src/ros2_arctos_HCMUT/install/arctos_moveit_config/share/arctos_moveit_config/hook/cmake_prefix_path.dsv'
[0.609s] INFO:colcon.colcon_core.shell:Creating environment hook '/home/nguyen/ros2_ws/src/ros2_arctos_HCMUT/install/arctos_moveit_config/share/arctos_moveit_config/hook/cmake_prefix_path.sh'
[0.610s] Level 1:colcon.colcon_core.environment:checking '/home/nguyen/ros2_ws/src/ros2_arctos_HCMUT/install/arctos_moveit_config/bin'
[0.610s] Level 1:colcon.colcon_core.environment:checking '/home/nguyen/ros2_ws/src/ros2_arctos_HCMUT/install/arctos_moveit_config/lib/pkgconfig/arctos_moveit_config.pc'
[0.610s] Level 1:colcon.colcon_core.environment:checking '/home/nguyen/ros2_ws/src/ros2_arctos_HCMUT/install/arctos_moveit_config/lib/python3.10/site-packages'
[0.610s] Level 1:colcon.colcon_core.environment:checking '/home/nguyen/ros2_ws/src/ros2_arctos_HCMUT/install/arctos_moveit_config/bin'
[0.610s] INFO:colcon.colcon_core.shell:Creating package script '/home/nguyen/ros2_ws/src/ros2_arctos_HCMUT/install/arctos_moveit_config/share/arctos_moveit_config/package.ps1'
[0.611s] INFO:colcon.colcon_core.shell:Creating package descriptor '/home/nguyen/ros2_ws/src/ros2_arctos_HCMUT/install/arctos_moveit_config/share/arctos_moveit_config/package.dsv'
[0.611s] INFO:colcon.colcon_core.shell:Creating package script '/home/nguyen/ros2_ws/src/ros2_arctos_HCMUT/install/arctos_moveit_config/share/arctos_moveit_config/package.sh'
[0.612s] INFO:colcon.colcon_core.shell:Creating package script '/home/nguyen/ros2_ws/src/ros2_arctos_HCMUT/install/arctos_moveit_config/share/arctos_moveit_config/package.bash'
[0.612s] INFO:colcon.colcon_core.shell:Creating package script '/home/nguyen/ros2_ws/src/ros2_arctos_HCMUT/install/arctos_moveit_config/share/arctos_moveit_config/package.zsh'
[0.612s] Level 1:colcon.colcon_core.environment:create_file_with_runtime_dependencies(/home/nguyen/ros2_ws/src/ros2_arctos_HCMUT/install/arctos_moveit_config/share/colcon-core/packages/arctos_moveit_config)
[0.694s] DEBUG:colcon.colcon_core.event_handler.log_command:Invoked command in '/home/nguyen/ros2_ws/src/ros2_arctos_HCMUT/build/arctos_motor_driver' returned '0': AMENT_PREFIX_PATH=/home/nguyen/ros2_ws/src/ros2_arctos_HCMUT/install/serial:${AMENT_PREFIX_PATH} CMAKE_PREFIX_PATH=/home/nguyen/ros2_ws/src/ros2_arctos_HCMUT/install/serial:/home/nguyen/ros2_ws_1/install/v4l2_camera:/home/nguyen/ros2_ws_1/install/arctos_system_tests:/home/nguyen/ros2_ws_1/install/arctos_moveit_config:/home/nguyen/ros2_ws_1/install/arctos_motor_driver:/home/nguyen/ros2_ws_1/install/arctos_gazebo:/home/nguyen/ros2_ws_1/install/arctos_description:/home/nguyen/ros2_ws_1/install/arctos_camera:/home/nguyen/ros2_ws_1/install/arctos_bringup:/home/nguyen/ros2_ws/install/v4l2_camera:/home/nguyen/ros2_ws/install/arctos_bringup:/home/nguyen/ros2_ws/install/arctos_hardware_interface:/home/nguyen/ros2_ws/install/arctos_motor_driver:/home/nguyen/ros2_ws/install/serial:/home/nguyen/ros2_ws/install/arctos_moveit_config:/home/nguyen/ros2_ws/install/arctos_description:/home/nguyen/ros2_ws_1/install/gazebo_simulation:/opt/ros/humble LD_LIBRARY_PATH=/home/nguyen/ros2_ws/src/ros2_arctos_HCMUT/install/serial/lib:${LD_LIBRARY_PATH} /usr/bin/cmake --build /home/nguyen/ros2_ws/src/ros2_arctos_HCMUT/build/arctos_motor_driver -- -j12 -l12
[0.696s] DEBUG:colcon.colcon_core.event_handler.log_command:Invoking command in '/home/nguyen/ros2_ws/src/ros2_arctos_HCMUT/build/arctos_motor_driver': AMENT_PREFIX_PATH=/home/nguyen/ros2_ws/src/ros2_arctos_HCMUT/install/serial:${AMENT_PREFIX_PATH} CMAKE_PREFIX_PATH=/home/nguyen/ros2_ws/src/ros2_arctos_HCMUT/install/serial:/home/nguyen/ros2_ws_1/install/v4l2_camera:/home/nguyen/ros2_ws_1/install/arctos_system_tests:/home/nguyen/ros2_ws_1/install/arctos_moveit_config:/home/nguyen/ros2_ws_1/install/arctos_motor_driver:/home/nguyen/ros2_ws_1/install/arctos_gazebo:/home/nguyen/ros2_ws_1/install/arctos_description:/home/nguyen/ros2_ws_1/install/arctos_camera:/home/nguyen/ros2_ws_1/install/arctos_bringup:/home/nguyen/ros2_ws/install/v4l2_camera:/home/nguyen/ros2_ws/install/arctos_bringup:/home/nguyen/ros2_ws/install/arctos_hardware_interface:/home/nguyen/ros2_ws/install/arctos_motor_driver:/home/nguyen/ros2_ws/install/serial:/home/nguyen/ros2_ws/install/arctos_moveit_config:/home/nguyen/ros2_ws/install/arctos_description:/home/nguyen/ros2_ws_1/install/gazebo_simulation:/opt/ros/humble LD_LIBRARY_PATH=/home/nguyen/ros2_ws/src/ros2_arctos_HCMUT/install/serial/lib:${LD_LIBRARY_PATH} /usr/bin/cmake --install /home/nguyen/ros2_ws/src/ros2_arctos_HCMUT/build/arctos_motor_driver
[0.723s] Level 1:colcon.colcon_core.environment:create_environment_scripts_only(arctos_motor_driver)
[0.723s] DEBUG:colcon.colcon_core.event_handler.log_command:Invoked command in '/home/nguyen/ros2_ws/src/ros2_arctos_HCMUT/build/arctos_motor_driver' returned '0': AMENT_PREFIX_PATH=/home/nguyen/ros2_ws/src/ros2_arctos_HCMUT/install/serial:${AMENT_PREFIX_PATH} CMAKE_PREFIX_PATH=/home/nguyen/ros2_ws/src/ros2_arctos_HCMUT/install/serial:/home/nguyen/ros2_ws_1/install/v4l2_camera:/home/nguyen/ros2_ws_1/install/arctos_system_tests:/home/nguyen/ros2_ws_1/install/arctos_moveit_config:/home/nguyen/ros2_ws_1/install/arctos_motor_driver:/home/nguyen/ros2_ws_1/install/arctos_gazebo:/home/nguyen/ros2_ws_1/install/arctos_description:/home/nguyen/ros2_ws_1/install/arctos_camera:/home/nguyen/ros2_ws_1/install/arctos_bringup:/home/nguyen/ros2_ws/install/v4l2_camera:/home/nguyen/ros2_ws/install/arctos_bringup:/home/nguyen/ros2_ws/install/arctos_hardware_interface:/home/nguyen/ros2_ws/install/arctos_motor_driver:/home/nguyen/ros2_ws/install/serial:/home/nguyen/ros2_ws/install/arctos_moveit_config:/home/nguyen/ros2_ws/install/arctos_description:/home/nguyen/ros2_ws_1/install/gazebo_simulation:/opt/ros/humble LD_LIBRARY_PATH=/home/nguyen/ros2_ws/src/ros2_arctos_HCMUT/install/serial/lib:${LD_LIBRARY_PATH} /usr/bin/cmake --install /home/nguyen/ros2_ws/src/ros2_arctos_HCMUT/build/arctos_motor_driver
[0.724s] Level 1:colcon.colcon_core.environment:checking '/home/nguyen/ros2_ws/src/ros2_arctos_HCMUT/install/arctos_motor_driver' for CMake module files
[0.725s] Level 1:colcon.colcon_core.environment:checking '/home/nguyen/ros2_ws/src/ros2_arctos_HCMUT/install/arctos_motor_driver' for CMake config files
[0.725s] Level 1:colcon.colcon_core.shell:create_environment_hook('arctos_motor_driver', 'cmake_prefix_path')
[0.726s] INFO:colcon.colcon_core.shell:Creating environment hook '/home/nguyen/ros2_ws/src/ros2_arctos_HCMUT/install/arctos_motor_driver/share/arctos_motor_driver/hook/cmake_prefix_path.ps1'
[0.726s] INFO:colcon.colcon_core.shell:Creating environment descriptor '/home/nguyen/ros2_ws/src/ros2_arctos_HCMUT/install/arctos_motor_driver/share/arctos_motor_driver/hook/cmake_prefix_path.dsv'
[0.726s] INFO:colcon.colcon_core.shell:Creating environment hook '/home/nguyen/ros2_ws/src/ros2_arctos_HCMUT/install/arctos_motor_driver/share/arctos_motor_driver/hook/cmake_prefix_path.sh'
[0.727s] Level 1:colcon.colcon_core.environment:checking '/home/nguyen/ros2_ws/src/ros2_arctos_HCMUT/install/arctos_motor_driver/lib'
[0.727s] Level 1:colcon.colcon_core.shell:create_environment_hook('arctos_motor_driver', 'ld_library_path_lib')
[0.727s] INFO:colcon.colcon_core.shell:Creating environment hook '/home/nguyen/ros2_ws/src/ros2_arctos_HCMUT/install/arctos_motor_driver/share/arctos_motor_driver/hook/ld_library_path_lib.ps1'
[0.727s] INFO:colcon.colcon_core.shell:Creating environment descriptor '/home/nguyen/ros2_ws/src/ros2_arctos_HCMUT/install/arctos_motor_driver/share/arctos_motor_driver/hook/ld_library_path_lib.dsv'
[0.728s] INFO:colcon.colcon_core.shell:Creating environment hook '/home/nguyen/ros2_ws/src/ros2_arctos_HCMUT/install/arctos_motor_driver/share/arctos_motor_driver/hook/ld_library_path_lib.sh'
[0.728s] Level 1:colcon.colcon_core.environment:checking '/home/nguyen/ros2_ws/src/ros2_arctos_HCMUT/install/arctos_motor_driver/bin'
[0.728s] Level 1:colcon.colcon_core.environment:checking '/home/nguyen/ros2_ws/src/ros2_arctos_HCMUT/install/arctos_motor_driver/lib/pkgconfig/arctos_motor_driver.pc'
[0.728s] Level 1:colcon.colcon_core.environment:checking '/home/nguyen/ros2_ws/src/ros2_arctos_HCMUT/install/arctos_motor_driver/lib/python3.10/site-packages'
[0.728s] Level 1:colcon.colcon_core.environment:checking '/home/nguyen/ros2_ws/src/ros2_arctos_HCMUT/install/arctos_motor_driver/bin'
[0.729s] INFO:colcon.colcon_core.shell:Creating package script '/home/nguyen/ros2_ws/src/ros2_arctos_HCMUT/install/arctos_motor_driver/share/arctos_motor_driver/package.ps1'
[0.729s] INFO:colcon.colcon_core.shell:Creating package descriptor '/home/nguyen/ros2_ws/src/ros2_arctos_HCMUT/install/arctos_motor_driver/share/arctos_motor_driver/package.dsv'
[0.730s] INFO:colcon.colcon_core.shell:Creating package script '/home/nguyen/ros2_ws/src/ros2_arctos_HCMUT/install/arctos_motor_driver/share/arctos_motor_driver/package.sh'
[0.730s] INFO:colcon.colcon_core.shell:Creating package script '/home/nguyen/ros2_ws/src/ros2_arctos_HCMUT/install/arctos_motor_driver/share/arctos_motor_driver/package.bash'
[0.730s] INFO:colcon.colcon_core.shell:Creating package script '/home/nguyen/ros2_ws/src/ros2_arctos_HCMUT/install/arctos_motor_driver/share/arctos_motor_driver/package.zsh'
[0.731s] Level 1:colcon.colcon_core.environment:create_file_with_runtime_dependencies(/home/nguyen/ros2_ws/src/ros2_arctos_HCMUT/install/arctos_motor_driver/share/colcon-core/packages/arctos_motor_driver)
[0.731s] Level 1:colcon.colcon_core.environment:create_environment_scripts_only(arctos_motor_driver)
[0.731s] Level 1:colcon.colcon_core.environment:checking '/home/nguyen/ros2_ws/src/ros2_arctos_HCMUT/install/arctos_motor_driver' for CMake module files
[0.732s] Level 1:colcon.colcon_core.environment:checking '/home/nguyen/ros2_ws/src/ros2_arctos_HCMUT/install/arctos_motor_driver' for CMake config files
[0.732s] Level 1:colcon.colcon_core.shell:create_environment_hook('arctos_motor_driver', 'cmake_prefix_path')
[0.732s] INFO:colcon.colcon_core.shell:Creating environment hook '/home/nguyen/ros2_ws/src/ros2_arctos_HCMUT/install/arctos_motor_driver/share/arctos_motor_driver/hook/cmake_prefix_path.ps1'
[0.732s] INFO:colcon.colcon_core.shell:Creating environment descriptor '/home/nguyen/ros2_ws/src/ros2_arctos_HCMUT/install/arctos_motor_driver/share/arctos_motor_driver/hook/cmake_prefix_path.dsv'
[0.733s] INFO:colcon.colcon_core.shell:Creating environment hook '/home/nguyen/ros2_ws/src/ros2_arctos_HCMUT/install/arctos_motor_driver/share/arctos_motor_driver/hook/cmake_prefix_path.sh'
[0.733s] Level 1:colcon.colcon_core.environment:checking '/home/nguyen/ros2_ws/src/ros2_arctos_HCMUT/install/arctos_motor_driver/lib'
[0.733s] Level 1:colcon.colcon_core.shell:create_environment_hook('arctos_motor_driver', 'ld_library_path_lib')
[0.733s] INFO:colcon.colcon_core.shell:Creating environment hook '/home/nguyen/ros2_ws/src/ros2_arctos_HCMUT/install/arctos_motor_driver/share/arctos_motor_driver/hook/ld_library_path_lib.ps1'
[0.734s] INFO:colcon.colcon_core.shell:Creating environment descriptor '/home/nguyen/ros2_ws/src/ros2_arctos_HCMUT/install/arctos_motor_driver/share/arctos_motor_driver/hook/ld_library_path_lib.dsv'
[0.734s] INFO:colcon.colcon_core.shell:Creating environment hook '/home/nguyen/ros2_ws/src/ros2_arctos_HCMUT/install/arctos_motor_driver/share/arctos_motor_driver/hook/ld_library_path_lib.sh'
[0.735s] Level 1:colcon.colcon_core.environment:checking '/home/nguyen/ros2_ws/src/ros2_arctos_HCMUT/install/arctos_motor_driver/bin'
[0.735s] Level 1:colcon.colcon_core.environment:checking '/home/nguyen/ros2_ws/src/ros2_arctos_HCMUT/install/arctos_motor_driver/lib/pkgconfig/arctos_motor_driver.pc'
[0.735s] Level 1:colcon.colcon_core.environment:checking '/home/nguyen/ros2_ws/src/ros2_arctos_HCMUT/install/arctos_motor_driver/lib/python3.10/site-packages'
[0.735s] Level 1:colcon.colcon_core.environment:checking '/home/nguyen/ros2_ws/src/ros2_arctos_HCMUT/install/arctos_motor_driver/bin'
[0.736s] INFO:colcon.colcon_core.shell:Creating package script '/home/nguyen/ros2_ws/src/ros2_arctos_HCMUT/install/arctos_motor_driver/share/arctos_motor_driver/package.ps1'
[0.737s] INFO:colcon.colcon_core.shell:Creating package descriptor '/home/nguyen/ros2_ws/src/ros2_arctos_HCMUT/install/arctos_motor_driver/share/arctos_motor_driver/package.dsv'
[0.737s] INFO:colcon.colcon_core.shell:Creating package script '/home/nguyen/ros2_ws/src/ros2_arctos_HCMUT/install/arctos_motor_driver/share/arctos_motor_driver/package.sh'
[0.738s] INFO:colcon.colcon_core.shell:Creating package script '/home/nguyen/ros2_ws/src/ros2_arctos_HCMUT/install/arctos_motor_driver/share/arctos_motor_driver/package.bash'
[0.738s] INFO:colcon.colcon_core.shell:Creating package script '/home/nguyen/ros2_ws/src/ros2_arctos_HCMUT/install/arctos_motor_driver/share/arctos_motor_driver/package.zsh'
[0.739s] Level 1:colcon.colcon_core.environment:create_file_with_runtime_dependencies(/home/nguyen/ros2_ws/src/ros2_arctos_HCMUT/install/arctos_motor_driver/share/colcon-core/packages/arctos_motor_driver)
[0.739s] INFO:colcon.colcon_ros.task.ament_cmake.build:Building ROS package in '/home/nguyen/ros2_ws/src/ros2_arctos_HCMUT/arctos_hardware_interface' with build type 'ament_cmake'
[0.739s] INFO:colcon.colcon_cmake.task.cmake.build:Building CMake package in '/home/nguyen/ros2_ws/src/ros2_arctos_HCMUT/arctos_hardware_interface'
[0.740s] INFO:colcon.colcon_core.shell:Skip shell extension 'powershell' for command environment: Not usable outside of PowerShell
[0.740s] DEBUG:colcon.colcon_core.shell:Skip shell extension 'dsv' for command environment
[0.757s] DEBUG:colcon.colcon_core.event_handler.log_command:Invoking command in '/home/nguyen/ros2_ws/src/ros2_arctos_HCMUT/build/arctos_hardware_interface': AMENT_PREFIX_PATH=/home/nguyen/ros2_ws/src/ros2_arctos_HCMUT/install/arctos_motor_driver:/home/nguyen/ros2_ws/src/ros2_arctos_HCMUT/install/serial:${AMENT_PREFIX_PATH} CMAKE_PREFIX_PATH=/home/nguyen/ros2_ws/src/ros2_arctos_HCMUT/install/arctos_motor_driver:/home/nguyen/ros2_ws/src/ros2_arctos_HCMUT/install/serial:/home/nguyen/ros2_ws_1/install/v4l2_camera:/home/nguyen/ros2_ws_1/install/arctos_system_tests:/home/nguyen/ros2_ws_1/install/arctos_moveit_config:/home/nguyen/ros2_ws_1/install/arctos_motor_driver:/home/nguyen/ros2_ws_1/install/arctos_gazebo:/home/nguyen/ros2_ws_1/install/arctos_description:/home/nguyen/ros2_ws_1/install/arctos_camera:/home/nguyen/ros2_ws_1/install/arctos_bringup:/home/nguyen/ros2_ws/install/v4l2_camera:/home/nguyen/ros2_ws/install/arctos_bringup:/home/nguyen/ros2_ws/install/arctos_hardware_interface:/home/nguyen/ros2_ws/install/arctos_motor_driver:/home/nguyen/ros2_ws/install/serial:/home/nguyen/ros2_ws/install/arctos_moveit_config:/home/nguyen/ros2_ws/install/arctos_description:/home/nguyen/ros2_ws_1/install/gazebo_simulation:/opt/ros/humble LD_LIBRARY_PATH=/home/nguyen/ros2_ws/src/ros2_arctos_HCMUT/install/arctos_motor_driver/lib:/home/nguyen/ros2_ws/src/ros2_arctos_HCMUT/install/serial/lib:${LD_LIBRARY_PATH} /usr/bin/cmake --build /home/nguyen/ros2_ws/src/ros2_arctos_HCMUT/build/arctos_hardware_interface -- -j12 -l12
[0.873s] DEBUG:colcon.colcon_core.event_handler.log_command:Invoked command in '/home/nguyen/ros2_ws/src/ros2_arctos_HCMUT/build/arctos_hardware_interface' returned '0': AMENT_PREFIX_PATH=/home/nguyen/ros2_ws/src/ros2_arctos_HCMUT/install/arctos_motor_driver:/home/nguyen/ros2_ws/src/ros2_arctos_HCMUT/install/serial:${AMENT_PREFIX_PATH} CMAKE_PREFIX_PATH=/home/nguyen/ros2_ws/src/ros2_arctos_HCMUT/install/arctos_motor_driver:/home/nguyen/ros2_ws/src/ros2_arctos_HCMUT/install/serial:/home/nguyen/ros2_ws_1/install/v4l2_camera:/home/nguyen/ros2_ws_1/install/arctos_system_tests:/home/nguyen/ros2_ws_1/install/arctos_moveit_config:/home/nguyen/ros2_ws_1/install/arctos_motor_driver:/home/nguyen/ros2_ws_1/install/arctos_gazebo:/home/nguyen/ros2_ws_1/install/arctos_description:/home/nguyen/ros2_ws_1/install/arctos_camera:/home/nguyen/ros2_ws_1/install/arctos_bringup:/home/nguyen/ros2_ws/install/v4l2_camera:/home/nguyen/ros2_ws/install/arctos_bringup:/home/nguyen/ros2_ws/install/arctos_hardware_interface:/home/nguyen/ros2_ws/install/arctos_motor_driver:/home/nguyen/ros2_ws/install/serial:/home/nguyen/ros2_ws/install/arctos_moveit_config:/home/nguyen/ros2_ws/install/arctos_description:/home/nguyen/ros2_ws_1/install/gazebo_simulation:/opt/ros/humble LD_LIBRARY_PATH=/home/nguyen/ros2_ws/src/ros2_arctos_HCMUT/install/arctos_motor_driver/lib:/home/nguyen/ros2_ws/src/ros2_arctos_HCMUT/install/serial/lib:${LD_LIBRARY_PATH} /usr/bin/cmake --build /home/nguyen/ros2_ws/src/ros2_arctos_HCMUT/build/arctos_hardware_interface -- -j12 -l12
[0.875s] DEBUG:colcon.colcon_core.event_handler.log_command:Invoking command in '/home/nguyen/ros2_ws/src/ros2_arctos_HCMUT/build/arctos_hardware_interface': AMENT_PREFIX_PATH=/home/nguyen/ros2_ws/src/ros2_arctos_HCMUT/install/arctos_motor_driver:/home/nguyen/ros2_ws/src/ros2_arctos_HCMUT/install/serial:${AMENT_PREFIX_PATH} CMAKE_PREFIX_PATH=/home/nguyen/ros2_ws/src/ros2_arctos_HCMUT/install/arctos_motor_driver:/home/nguyen/ros2_ws/src/ros2_arctos_HCMUT/install/serial:/home/nguyen/ros2_ws_1/install/v4l2_camera:/home/nguyen/ros2_ws_1/install/arctos_system_tests:/home/nguyen/ros2_ws_1/install/arctos_moveit_config:/home/nguyen/ros2_ws_1/install/arctos_motor_driver:/home/nguyen/ros2_ws_1/install/arctos_gazebo:/home/nguyen/ros2_ws_1/install/arctos_description:/home/nguyen/ros2_ws_1/install/arctos_camera:/home/nguyen/ros2_ws_1/install/arctos_bringup:/home/nguyen/ros2_ws/install/v4l2_camera:/home/nguyen/ros2_ws/install/arctos_bringup:/home/nguyen/ros2_ws/install/arctos_hardware_interface:/home/nguyen/ros2_ws/install/arctos_motor_driver:/home/nguyen/ros2_ws/install/serial:/home/nguyen/ros2_ws/install/arctos_moveit_config:/home/nguyen/ros2_ws/install/arctos_description:/home/nguyen/ros2_ws_1/install/gazebo_simulation:/opt/ros/humble LD_LIBRARY_PATH=/home/nguyen/ros2_ws/src/ros2_arctos_HCMUT/install/arctos_motor_driver/lib:/home/nguyen/ros2_ws/src/ros2_arctos_HCMUT/install/serial/lib:${LD_LIBRARY_PATH} /usr/bin/cmake --install /home/nguyen/ros2_ws/src/ros2_arctos_HCMUT/build/arctos_hardware_interface
[0.901s] Level 1:colcon.colcon_core.environment:create_environment_scripts_only(arctos_hardware_interface)
[0.902s] Level 1:colcon.colcon_core.environment:checking '/home/nguyen/ros2_ws/src/ros2_arctos_HCMUT/install/arctos_hardware_interface' for CMake module files
[0.902s] DEBUG:colcon.colcon_core.event_handler.log_command:Invoked command in '/home/nguyen/ros2_ws/src/ros2_arctos_HCMUT/build/arctos_hardware_interface' returned '0': AMENT_PREFIX_PATH=/home/nguyen/ros2_ws/src/ros2_arctos_HCMUT/install/arctos_motor_driver:/home/nguyen/ros2_ws/src/ros2_arctos_HCMUT/install/serial:${AMENT_PREFIX_PATH} CMAKE_PREFIX_PATH=/home/nguyen/ros2_ws/src/ros2_arctos_HCMUT/install/arctos_motor_driver:/home/nguyen/ros2_ws/src/ros2_arctos_HCMUT/install/serial:/home/nguyen/ros2_ws_1/install/v4l2_camera:/home/nguyen/ros2_ws_1/install/arctos_system_tests:/home/nguyen/ros2_ws_1/install/arctos_moveit_config:/home/nguyen/ros2_ws_1/install/arctos_motor_driver:/home/nguyen/ros2_ws_1/install/arctos_gazebo:/home/nguyen/ros2_ws_1/install/arctos_description:/home/nguyen/ros2_ws_1/install/arctos_camera:/home/nguyen/ros2_ws_1/install/arctos_bringup:/home/nguyen/ros2_ws/install/v4l2_camera:/home/nguyen/ros2_ws/install/arctos_bringup:/home/nguyen/ros2_ws/install/arctos_hardware_interface:/home/nguyen/ros2_ws/install/arctos_motor_driver:/home/nguyen/ros2_ws/install/serial:/home/nguyen/ros2_ws/install/arctos_moveit_config:/home/nguyen/ros2_ws/install/arctos_description:/home/nguyen/ros2_ws_1/install/gazebo_simulation:/opt/ros/humble LD_LIBRARY_PATH=/home/nguyen/ros2_ws/src/ros2_arctos_HCMUT/install/arctos_motor_driver/lib:/home/nguyen/ros2_ws/src/ros2_arctos_HCMUT/install/serial/lib:${LD_LIBRARY_PATH} /usr/bin/cmake --install /home/nguyen/ros2_ws/src/ros2_arctos_HCMUT/build/arctos_hardware_interface
[0.902s] Level 1:colcon.colcon_core.environment:checking '/home/nguyen/ros2_ws/src/ros2_arctos_HCMUT/install/arctos_hardware_interface' for CMake config files
[0.903s] Level 1:colcon.colcon_core.shell:create_environment_hook('arctos_hardware_interface', 'cmake_prefix_path')
[0.903s] INFO:colcon.colcon_core.shell:Creating environment hook '/home/nguyen/ros2_ws/src/ros2_arctos_HCMUT/install/arctos_hardware_interface/share/arctos_hardware_interface/hook/cmake_prefix_path.ps1'
[0.904s] INFO:colcon.colcon_core.shell:Creating environment descriptor '/home/nguyen/ros2_ws/src/ros2_arctos_HCMUT/install/arctos_hardware_interface/share/arctos_hardware_interface/hook/cmake_prefix_path.dsv'
[0.904s] INFO:colcon.colcon_core.shell:Creating environment hook '/home/nguyen/ros2_ws/src/ros2_arctos_HCMUT/install/arctos_hardware_interface/share/arctos_hardware_interface/hook/cmake_prefix_path.sh'
[0.904s] Level 1:colcon.colcon_core.environment:checking '/home/nguyen/ros2_ws/src/ros2_arctos_HCMUT/install/arctos_hardware_interface/lib'
[0.904s] Level 1:colcon.colcon_core.shell:create_environment_hook('arctos_hardware_interface', 'ld_library_path_lib')
[0.905s] INFO:colcon.colcon_core.shell:Creating environment hook '/home/nguyen/ros2_ws/src/ros2_arctos_HCMUT/install/arctos_hardware_interface/share/arctos_hardware_interface/hook/ld_library_path_lib.ps1'
[0.905s] INFO:colcon.colcon_core.shell:Creating environment descriptor '/home/nguyen/ros2_ws/src/ros2_arctos_HCMUT/install/arctos_hardware_interface/share/arctos_hardware_interface/hook/ld_library_path_lib.dsv'
[0.905s] INFO:colcon.colcon_core.shell:Creating environment hook '/home/nguyen/ros2_ws/src/ros2_arctos_HCMUT/install/arctos_hardware_interface/share/arctos_hardware_interface/hook/ld_library_path_lib.sh'
[0.906s] Level 1:colcon.colcon_core.environment:checking '/home/nguyen/ros2_ws/src/ros2_arctos_HCMUT/install/arctos_hardware_interface/bin'
[0.906s] Level 1:colcon.colcon_core.environment:checking '/home/nguyen/ros2_ws/src/ros2_arctos_HCMUT/install/arctos_hardware_interface/lib/pkgconfig/arctos_hardware_interface.pc'
[0.906s] Level 1:colcon.colcon_core.environment:checking '/home/nguyen/ros2_ws/src/ros2_arctos_HCMUT/install/arctos_hardware_interface/lib/python3.10/site-packages'
[0.906s] Level 1:colcon.colcon_core.environment:checking '/home/nguyen/ros2_ws/src/ros2_arctos_HCMUT/install/arctos_hardware_interface/bin'
[0.906s] INFO:colcon.colcon_core.shell:Creating package script '/home/nguyen/ros2_ws/src/ros2_arctos_HCMUT/install/arctos_hardware_interface/share/arctos_hardware_interface/package.ps1'
[0.907s] INFO:colcon.colcon_core.shell:Creating package descriptor '/home/nguyen/ros2_ws/src/ros2_arctos_HCMUT/install/arctos_hardware_interface/share/arctos_hardware_interface/package.dsv'
[0.907s] INFO:colcon.colcon_core.shell:Creating package script '/home/nguyen/ros2_ws/src/ros2_arctos_HCMUT/install/arctos_hardware_interface/share/arctos_hardware_interface/package.sh'
[0.907s] INFO:colcon.colcon_core.shell:Creating package script '/home/nguyen/ros2_ws/src/ros2_arctos_HCMUT/install/arctos_hardware_interface/share/arctos_hardware_interface/package.bash'
[0.908s] INFO:colcon.colcon_core.shell:Creating package script '/home/nguyen/ros2_ws/src/ros2_arctos_HCMUT/install/arctos_hardware_interface/share/arctos_hardware_interface/package.zsh'
[0.908s] Level 1:colcon.colcon_core.environment:create_file_with_runtime_dependencies(/home/nguyen/ros2_ws/src/ros2_arctos_HCMUT/install/arctos_hardware_interface/share/colcon-core/packages/arctos_hardware_interface)
[0.909s] Level 1:colcon.colcon_core.environment:create_environment_scripts_only(arctos_hardware_interface)
[0.909s] Level 1:colcon.colcon_core.environment:checking '/home/nguyen/ros2_ws/src/ros2_arctos_HCMUT/install/arctos_hardware_interface' for CMake module files
[0.909s] Level 1:colcon.colcon_core.environment:checking '/home/nguyen/ros2_ws/src/ros2_arctos_HCMUT/install/arctos_hardware_interface' for CMake config files
[0.910s] Level 1:colcon.colcon_core.shell:create_environment_hook('arctos_hardware_interface', 'cmake_prefix_path')
[0.910s] INFO:colcon.colcon_core.shell:Creating environment hook '/home/nguyen/ros2_ws/src/ros2_arctos_HCMUT/install/arctos_hardware_interface/share/arctos_hardware_interface/hook/cmake_prefix_path.ps1'
[0.910s] INFO:colcon.colcon_core.shell:Creating environment descriptor '/home/nguyen/ros2_ws/src/ros2_arctos_HCMUT/install/arctos_hardware_interface/share/arctos_hardware_interface/hook/cmake_prefix_path.dsv'
[0.910s] INFO:colcon.colcon_core.shell:Creating environment hook '/home/nguyen/ros2_ws/src/ros2_arctos_HCMUT/install/arctos_hardware_interface/share/arctos_hardware_interface/hook/cmake_prefix_path.sh'
[0.911s] Level 1:colcon.colcon_core.environment:checking '/home/nguyen/ros2_ws/src/ros2_arctos_HCMUT/install/arctos_hardware_interface/lib'
[0.911s] Level 1:colcon.colcon_core.shell:create_environment_hook('arctos_hardware_interface', 'ld_library_path_lib')
[0.911s] INFO:colcon.colcon_core.shell:Creating environment hook '/home/nguyen/ros2_ws/src/ros2_arctos_HCMUT/install/arctos_hardware_interface/share/arctos_hardware_interface/hook/ld_library_path_lib.ps1'
[0.911s] INFO:colcon.colcon_core.shell:Creating environment descriptor '/home/nguyen/ros2_ws/src/ros2_arctos_HCMUT/install/arctos_hardware_interface/share/arctos_hardware_interface/hook/ld_library_path_lib.dsv'
[0.912s] INFO:colcon.colcon_core.shell:Creating environment hook '/home/nguyen/ros2_ws/src/ros2_arctos_HCMUT/install/arctos_hardware_interface/share/arctos_hardware_interface/hook/ld_library_path_lib.sh'
[0.912s] Level 1:colcon.colcon_core.environment:checking '/home/nguyen/ros2_ws/src/ros2_arctos_HCMUT/install/arctos_hardware_interface/bin'
[0.912s] Level 1:colcon.colcon_core.environment:checking '/home/nguyen/ros2_ws/src/ros2_arctos_HCMUT/install/arctos_hardware_interface/lib/pkgconfig/arctos_hardware_interface.pc'
[0.912s] Level 1:colcon.colcon_core.environment:checking '/home/nguyen/ros2_ws/src/ros2_arctos_HCMUT/install/arctos_hardware_interface/lib/python3.10/site-packages'
[0.912s] Level 1:colcon.colcon_core.environment:checking '/home/nguyen/ros2_ws/src/ros2_arctos_HCMUT/install/arctos_hardware_interface/bin'
[0.913s] INFO:colcon.colcon_core.shell:Creating package script '/home/nguyen/ros2_ws/src/ros2_arctos_HCMUT/install/arctos_hardware_interface/share/arctos_hardware_interface/package.ps1'
[0.913s] INFO:colcon.colcon_core.shell:Creating package descriptor '/home/nguyen/ros2_ws/src/ros2_arctos_HCMUT/install/arctos_hardware_interface/share/arctos_hardware_interface/package.dsv'
[0.914s] INFO:colcon.colcon_core.shell:Creating package script '/home/nguyen/ros2_ws/src/ros2_arctos_HCMUT/install/arctos_hardware_interface/share/arctos_hardware_interface/package.sh'
[0.914s] INFO:colcon.colcon_core.shell:Creating package script '/home/nguyen/ros2_ws/src/ros2_arctos_HCMUT/install/arctos_hardware_interface/share/arctos_hardware_interface/package.bash'
[0.914s] INFO:colcon.colcon_core.shell:Creating package script '/home/nguyen/ros2_ws/src/ros2_arctos_HCMUT/install/arctos_hardware_interface/share/arctos_hardware_interface/package.zsh'
[0.915s] Level 1:colcon.colcon_core.environment:create_file_with_runtime_dependencies(/home/nguyen/ros2_ws/src/ros2_arctos_HCMUT/install/arctos_hardware_interface/share/colcon-core/packages/arctos_hardware_interface)
[0.915s] INFO:colcon.colcon_ros.task.ament_cmake.build:Building ROS package in '/home/nguyen/ros2_ws/src/ros2_arctos_HCMUT/arctos_bringup' with build type 'ament_cmake'
[0.915s] INFO:colcon.colcon_cmake.task.cmake.build:Building CMake package in '/home/nguyen/ros2_ws/src/ros2_arctos_HCMUT/arctos_bringup'
[0.915s] INFO:colcon.colcon_core.shell:Skip shell extension 'powershell' for command environment: Not usable outside of PowerShell
[0.915s] DEBUG:colcon.colcon_core.shell:Skip shell extension 'dsv' for command environment
[0.934s] DEBUG:colcon.colcon_core.event_handler.log_command:Invoking command in '/home/nguyen/ros2_ws/src/ros2_arctos_HCMUT/build/arctos_bringup': AMENT_PREFIX_PATH=/home/nguyen/ros2_ws/src/ros2_arctos_HCMUT/install/arctos_hardware_interface:/home/nguyen/ros2_ws/src/ros2_arctos_HCMUT/install/arctos_moveit_config:/home/nguyen/ros2_ws/src/ros2_arctos_HCMUT/install/arctos_motor_driver:/home/nguyen/ros2_ws/src/ros2_arctos_HCMUT/install/serial:/home/nguyen/ros2_ws/src/ros2_arctos_HCMUT/install/arctos_description:${AMENT_PREFIX_PATH} CMAKE_PREFIX_PATH=/home/nguyen/ros2_ws/src/ros2_arctos_HCMUT/install/arctos_hardware_interface:/home/nguyen/ros2_ws/src/ros2_arctos_HCMUT/install/arctos_moveit_config:/home/nguyen/ros2_ws/src/ros2_arctos_HCMUT/install/arctos_motor_driver:/home/nguyen/ros2_ws/src/ros2_arctos_HCMUT/install/serial:/home/nguyen/ros2_ws/src/ros2_arctos_HCMUT/install/arctos_description:/home/nguyen/ros2_ws_1/install/v4l2_camera:/home/nguyen/ros2_ws_1/install/arctos_system_tests:/home/nguyen/ros2_ws_1/install/arctos_moveit_config:/home/nguyen/ros2_ws_1/install/arctos_motor_driver:/home/nguyen/ros2_ws_1/install/arctos_gazebo:/home/nguyen/ros2_ws_1/install/arctos_description:/home/nguyen/ros2_ws_1/install/arctos_camera:/home/nguyen/ros2_ws_1/install/arctos_bringup:/home/nguyen/ros2_ws/install/v4l2_camera:/home/nguyen/ros2_ws/install/arctos_bringup:/home/nguyen/ros2_ws/install/arctos_hardware_interface:/home/nguyen/ros2_ws/install/arctos_motor_driver:/home/nguyen/ros2_ws/install/serial:/home/nguyen/ros2_ws/install/arctos_moveit_config:/home/nguyen/ros2_ws/install/arctos_description:/home/nguyen/ros2_ws_1/install/gazebo_simulation:/opt/ros/humble LD_LIBRARY_PATH=/home/nguyen/ros2_ws/src/ros2_arctos_HCMUT/install/arctos_hardware_interface/lib:/home/nguyen/ros2_ws/src/ros2_arctos_HCMUT/install/arctos_motor_driver/lib:/home/nguyen/ros2_ws/src/ros2_arctos_HCMUT/install/serial/lib:${LD_LIBRARY_PATH} /usr/bin/cmake --build /home/nguyen/ros2_ws/src/ros2_arctos_HCMUT/build/arctos_bringup -- -j12 -l12
[0.985s] DEBUG:colcon.colcon_core.event_handler.log_command:Invoked command in '/home/nguyen/ros2_ws/src/ros2_arctos_HCMUT/build/arctos_bringup' returned '0': AMENT_PREFIX_PATH=/home/nguyen/ros2_ws/src/ros2_arctos_HCMUT/install/arctos_hardware_interface:/home/nguyen/ros2_ws/src/ros2_arctos_HCMUT/install/arctos_moveit_config:/home/nguyen/ros2_ws/src/ros2_arctos_HCMUT/install/arctos_motor_driver:/home/nguyen/ros2_ws/src/ros2_arctos_HCMUT/install/serial:/home/nguyen/ros2_ws/src/ros2_arctos_HCMUT/install/arctos_description:${AMENT_PREFIX_PATH} CMAKE_PREFIX_PATH=/home/nguyen/ros2_ws/src/ros2_arctos_HCMUT/install/arctos_hardware_interface:/home/nguyen/ros2_ws/src/ros2_arctos_HCMUT/install/arctos_moveit_config:/home/nguyen/ros2_ws/src/ros2_arctos_HCMUT/install/arctos_motor_driver:/home/nguyen/ros2_ws/src/ros2_arctos_HCMUT/install/serial:/home/nguyen/ros2_ws/src/ros2_arctos_HCMUT/install/arctos_description:/home/nguyen/ros2_ws_1/install/v4l2_camera:/home/nguyen/ros2_ws_1/install/arctos_system_tests:/home/nguyen/ros2_ws_1/install/arctos_moveit_config:/home/nguyen/ros2_ws_1/install/arctos_motor_driver:/home/nguyen/ros2_ws_1/install/arctos_gazebo:/home/nguyen/ros2_ws_1/install/arctos_description:/home/nguyen/ros2_ws_1/install/arctos_camera:/home/nguyen/ros2_ws_1/install/arctos_bringup:/home/nguyen/ros2_ws/install/v4l2_camera:/home/nguyen/ros2_ws/install/arctos_bringup:/home/nguyen/ros2_ws/install/arctos_hardware_interface:/home/nguyen/ros2_ws/install/arctos_motor_driver:/home/nguyen/ros2_ws/install/serial:/home/nguyen/ros2_ws/install/arctos_moveit_config:/home/nguyen/ros2_ws/install/arctos_description:/home/nguyen/ros2_ws_1/install/gazebo_simulation:/opt/ros/humble LD_LIBRARY_PATH=/home/nguyen/ros2_ws/src/ros2_arctos_HCMUT/install/arctos_hardware_interface/lib:/home/nguyen/ros2_ws/src/ros2_arctos_HCMUT/install/arctos_motor_driver/lib:/home/nguyen/ros2_ws/src/ros2_arctos_HCMUT/install/serial/lib:${LD_LIBRARY_PATH} /usr/bin/cmake --build /home/nguyen/ros2_ws/src/ros2_arctos_HCMUT/build/arctos_bringup -- -j12 -l12
[0.988s] DEBUG:colcon.colcon_core.event_handler.log_command:Invoking command in '/home/nguyen/ros2_ws/src/ros2_arctos_HCMUT/build/arctos_bringup': AMENT_PREFIX_PATH=/home/nguyen/ros2_ws/src/ros2_arctos_HCMUT/install/arctos_hardware_interface:/home/nguyen/ros2_ws/src/ros2_arctos_HCMUT/install/arctos_moveit_config:/home/nguyen/ros2_ws/src/ros2_arctos_HCMUT/install/arctos_motor_driver:/home/nguyen/ros2_ws/src/ros2_arctos_HCMUT/install/serial:/home/nguyen/ros2_ws/src/ros2_arctos_HCMUT/install/arctos_description:${AMENT_PREFIX_PATH} CMAKE_PREFIX_PATH=/home/nguyen/ros2_ws/src/ros2_arctos_HCMUT/install/arctos_hardware_interface:/home/nguyen/ros2_ws/src/ros2_arctos_HCMUT/install/arctos_moveit_config:/home/nguyen/ros2_ws/src/ros2_arctos_HCMUT/install/arctos_motor_driver:/home/nguyen/ros2_ws/src/ros2_arctos_HCMUT/install/serial:/home/nguyen/ros2_ws/src/ros2_arctos_HCMUT/install/arctos_description:/home/nguyen/ros2_ws_1/install/v4l2_camera:/home/nguyen/ros2_ws_1/install/arctos_system_tests:/home/nguyen/ros2_ws_1/install/arctos_moveit_config:/home/nguyen/ros2_ws_1/install/arctos_motor_driver:/home/nguyen/ros2_ws_1/install/arctos_gazebo:/home/nguyen/ros2_ws_1/install/arctos_description:/home/nguyen/ros2_ws_1/install/arctos_camera:/home/nguyen/ros2_ws_1/install/arctos_bringup:/home/nguyen/ros2_ws/install/v4l2_camera:/home/nguyen/ros2_ws/install/arctos_bringup:/home/nguyen/ros2_ws/install/arctos_hardware_interface:/home/nguyen/ros2_ws/install/arctos_motor_driver:/home/nguyen/ros2_ws/install/serial:/home/nguyen/ros2_ws/install/arctos_moveit_config:/home/nguyen/ros2_ws/install/arctos_description:/home/nguyen/ros2_ws_1/install/gazebo_simulation:/opt/ros/humble LD_LIBRARY_PATH=/home/nguyen/ros2_ws/src/ros2_arctos_HCMUT/install/arctos_hardware_interface/lib:/home/nguyen/ros2_ws/src/ros2_arctos_HCMUT/install/arctos_motor_driver/lib:/home/nguyen/ros2_ws/src/ros2_arctos_HCMUT/install/serial/lib:${LD_LIBRARY_PATH} /usr/bin/cmake --install /home/nguyen/ros2_ws/src/ros2_arctos_HCMUT/build/arctos_bringup
[1.013s] Level 1:colcon.colcon_core.environment:create_environment_scripts_only(arctos_bringup)
[1.013s] Level 1:colcon.colcon_core.environment:checking '/home/nguyen/ros2_ws/src/ros2_arctos_HCMUT/install/arctos_bringup' for CMake module files
[1.013s] DEBUG:colcon.colcon_core.event_handler.log_command:Invoked command in '/home/nguyen/ros2_ws/src/ros2_arctos_HCMUT/build/arctos_bringup' returned '0': AMENT_PREFIX_PATH=/home/nguyen/ros2_ws/src/ros2_arctos_HCMUT/install/arctos_hardware_interface:/home/nguyen/ros2_ws/src/ros2_arctos_HCMUT/install/arctos_moveit_config:/home/nguyen/ros2_ws/src/ros2_arctos_HCMUT/install/arctos_motor_driver:/home/nguyen/ros2_ws/src/ros2_arctos_HCMUT/install/serial:/home/nguyen/ros2_ws/src/ros2_arctos_HCMUT/install/arctos_description:${AMENT_PREFIX_PATH} CMAKE_PREFIX_PATH=/home/nguyen/ros2_ws/src/ros2_arctos_HCMUT/install/arctos_hardware_interface:/home/nguyen/ros2_ws/src/ros2_arctos_HCMUT/install/arctos_moveit_config:/home/nguyen/ros2_ws/src/ros2_arctos_HCMUT/install/arctos_motor_driver:/home/nguyen/ros2_ws/src/ros2_arctos_HCMUT/install/serial:/home/nguyen/ros2_ws/src/ros2_arctos_HCMUT/install/arctos_description:/home/nguyen/ros2_ws_1/install/v4l2_camera:/home/nguyen/ros2_ws_1/install/arctos_system_tests:/home/nguyen/ros2_ws_1/install/arctos_moveit_config:/home/nguyen/ros2_ws_1/install/arctos_motor_driver:/home/nguyen/ros2_ws_1/install/arctos_gazebo:/home/nguyen/ros2_ws_1/install/arctos_description:/home/nguyen/ros2_ws_1/install/arctos_camera:/home/nguyen/ros2_ws_1/install/arctos_bringup:/home/nguyen/ros2_ws/install/v4l2_camera:/home/nguyen/ros2_ws/install/arctos_bringup:/home/nguyen/ros2_ws/install/arctos_hardware_interface:/home/nguyen/ros2_ws/install/arctos_motor_driver:/home/nguyen/ros2_ws/install/serial:/home/nguyen/ros2_ws/install/arctos_moveit_config:/home/nguyen/ros2_ws/install/arctos_description:/home/nguyen/ros2_ws_1/install/gazebo_simulation:/opt/ros/humble LD_LIBRARY_PATH=/home/nguyen/ros2_ws/src/ros2_arctos_HCMUT/install/arctos_hardware_interface/lib:/home/nguyen/ros2_ws/src/ros2_arctos_HCMUT/install/arctos_motor_driver/lib:/home/nguyen/ros2_ws/src/ros2_arctos_HCMUT/install/serial/lib:${LD_LIBRARY_PATH} /usr/bin/cmake --install /home/nguyen/ros2_ws/src/ros2_arctos_HCMUT/build/arctos_bringup
[1.014s] Level 1:colcon.colcon_core.environment:checking '/home/nguyen/ros2_ws/src/ros2_arctos_HCMUT/install/arctos_bringup' for CMake config files
[1.014s] Level 1:colcon.colcon_core.shell:create_environment_hook('arctos_bringup', 'cmake_prefix_path')
[1.015s] INFO:colcon.colcon_core.shell:Creating environment hook '/home/nguyen/ros2_ws/src/ros2_arctos_HCMUT/install/arctos_bringup/share/arctos_bringup/hook/cmake_prefix_path.ps1'
[1.015s] INFO:colcon.colcon_core.shell:Creating environment descriptor '/home/nguyen/ros2_ws/src/ros2_arctos_HCMUT/install/arctos_bringup/share/arctos_bringup/hook/cmake_prefix_path.dsv'
[1.015s] INFO:colcon.colcon_core.shell:Creating environment hook '/home/nguyen/ros2_ws/src/ros2_arctos_HCMUT/install/arctos_bringup/share/arctos_bringup/hook/cmake_prefix_path.sh'
[1.016s] Level 1:colcon.colcon_core.environment:checking '/home/nguyen/ros2_ws/src/ros2_arctos_HCMUT/install/arctos_bringup/bin'
[1.016s] Level 1:colcon.colcon_core.environment:checking '/home/nguyen/ros2_ws/src/ros2_arctos_HCMUT/install/arctos_bringup/lib/pkgconfig/arctos_bringup.pc'
[1.016s] Level 1:colcon.colcon_core.environment:checking '/home/nguyen/ros2_ws/src/ros2_arctos_HCMUT/install/arctos_bringup/lib/python3.10/site-packages'
[1.016s] Level 1:colcon.colcon_core.environment:checking '/home/nguyen/ros2_ws/src/ros2_arctos_HCMUT/install/arctos_bringup/bin'
[1.017s] INFO:colcon.colcon_core.shell:Creating package script '/home/nguyen/ros2_ws/src/ros2_arctos_HCMUT/install/arctos_bringup/share/arctos_bringup/package.ps1'
[1.017s] INFO:colcon.colcon_core.shell:Creating package descriptor '/home/nguyen/ros2_ws/src/ros2_arctos_HCMUT/install/arctos_bringup/share/arctos_bringup/package.dsv'
[1.018s] INFO:colcon.colcon_core.shell:Creating package script '/home/nguyen/ros2_ws/src/ros2_arctos_HCMUT/install/arctos_bringup/share/arctos_bringup/package.sh'
[1.018s] INFO:colcon.colcon_core.shell:Creating package script '/home/nguyen/ros2_ws/src/ros2_arctos_HCMUT/install/arctos_bringup/share/arctos_bringup/package.bash'
[1.018s] INFO:colcon.colcon_core.shell:Creating package script '/home/nguyen/ros2_ws/src/ros2_arctos_HCMUT/install/arctos_bringup/share/arctos_bringup/package.zsh'
[1.019s] Level 1:colcon.colcon_core.environment:create_file_with_runtime_dependencies(/home/nguyen/ros2_ws/src/ros2_arctos_HCMUT/install/arctos_bringup/share/colcon-core/packages/arctos_bringup)
[1.019s] Level 1:colcon.colcon_core.environment:create_environment_scripts_only(arctos_bringup)
[1.019s] Level 1:colcon.colcon_core.environment:checking '/home/nguyen/ros2_ws/src/ros2_arctos_HCMUT/install/arctos_bringup' for CMake module files
[1.020s] Level 1:colcon.colcon_core.environment:checking '/home/nguyen/ros2_ws/src/ros2_arctos_HCMUT/install/arctos_bringup' for CMake config files
[1.020s] Level 1:colcon.colcon_core.shell:create_environment_hook('arctos_bringup', 'cmake_prefix_path')
[1.020s] INFO:colcon.colcon_core.shell:Creating environment hook '/home/nguyen/ros2_ws/src/ros2_arctos_HCMUT/install/arctos_bringup/share/arctos_bringup/hook/cmake_prefix_path.ps1'
[1.021s] INFO:colcon.colcon_core.shell:Creating environment descriptor '/home/nguyen/ros2_ws/src/ros2_arctos_HCMUT/install/arctos_bringup/share/arctos_bringup/hook/cmake_prefix_path.dsv'
[1.021s] INFO:colcon.colcon_core.shell:Creating environment hook '/home/nguyen/ros2_ws/src/ros2_arctos_HCMUT/install/arctos_bringup/share/arctos_bringup/hook/cmake_prefix_path.sh'
[1.022s] Level 1:colcon.colcon_core.environment:checking '/home/nguyen/ros2_ws/src/ros2_arctos_HCMUT/install/arctos_bringup/bin'
[1.022s] Level 1:colcon.colcon_core.environment:checking '/home/nguyen/ros2_ws/src/ros2_arctos_HCMUT/install/arctos_bringup/lib/pkgconfig/arctos_bringup.pc'
[1.022s] Level 1:colcon.colcon_core.environment:checking '/home/nguyen/ros2_ws/src/ros2_arctos_HCMUT/install/arctos_bringup/lib/python3.10/site-packages'
[1.022s] Level 1:colcon.colcon_core.environment:checking '/home/nguyen/ros2_ws/src/ros2_arctos_HCMUT/install/arctos_bringup/bin'
[1.023s] INFO:colcon.colcon_core.shell:Creating package script '/home/nguyen/ros2_ws/src/ros2_arctos_HCMUT/install/arctos_bringup/share/arctos_bringup/package.ps1'
[1.023s] INFO:colcon.colcon_core.shell:Creating package descriptor '/home/nguyen/ros2_ws/src/ros2_arctos_HCMUT/install/arctos_bringup/share/arctos_bringup/package.dsv'
[1.024s] INFO:colcon.colcon_core.shell:Creating package script '/home/nguyen/ros2_ws/src/ros2_arctos_HCMUT/install/arctos_bringup/share/arctos_bringup/package.sh'
[1.024s] INFO:colcon.colcon_core.shell:Creating package script '/home/nguyen/ros2_ws/src/ros2_arctos_HCMUT/install/arctos_bringup/share/arctos_bringup/package.bash'
[1.025s] INFO:colcon.colcon_core.shell:Creating package script '/home/nguyen/ros2_ws/src/ros2_arctos_HCMUT/install/arctos_bringup/share/arctos_bringup/package.zsh'
[1.025s] Level 1:colcon.colcon_core.environment:create_file_with_runtime_dependencies(/home/nguyen/ros2_ws/src/ros2_arctos_HCMUT/install/arctos_bringup/share/colcon-core/packages/arctos_bringup)
[1.943s] DEBUG:colcon.colcon_core.event_handler.log_command:Invoked command in '/home/nguyen/ros2_ws/src/ros2_arctos_HCMUT/build/gazebo_ros2_control' returned '1': CMAKE_PREFIX_PATH=${CMAKE_PREFIX_PATH}:/home/nguyen/ros2_ws_1/install/gazebo_simulation:/opt/ros/humble /usr/bin/cmake /home/nguyen/ros2_ws/src/ros2_arctos_HCMUT/gazebo_ros2_control -DCMAKE_INSTALL_PREFIX=/home/nguyen/ros2_ws/src/ros2_arctos_HCMUT/install/gazebo_ros2_control
[1.959s] Level 1:colcon.colcon_core.environment:create_environment_scripts_only(gazebo_ros2_control)
[1.959s] Level 1:colcon.colcon_core.environment:checking '/home/nguyen/ros2_ws/src/ros2_arctos_HCMUT/install/gazebo_ros2_control' for CMake module files
[1.960s] Level 1:colcon.colcon_core.environment:checking '/home/nguyen/ros2_ws/src/ros2_arctos_HCMUT/install/gazebo_ros2_control' for CMake config files
[1.960s] Level 1:colcon.colcon_core.environment:checking '/home/nguyen/ros2_ws/src/ros2_arctos_HCMUT/install/gazebo_ros2_control/bin'
[1.960s] Level 1:colcon.colcon_core.environment:checking '/home/nguyen/ros2_ws/src/ros2_arctos_HCMUT/install/gazebo_ros2_control/lib/pkgconfig/gazebo_ros2_control.pc'
[1.960s] Level 1:colcon.colcon_core.environment:checking '/home/nguyen/ros2_ws/src/ros2_arctos_HCMUT/install/gazebo_ros2_control/lib/python3.10/site-packages'
[1.960s] Level 1:colcon.colcon_core.environment:checking '/home/nguyen/ros2_ws/src/ros2_arctos_HCMUT/install/gazebo_ros2_control/bin'
[1.960s] INFO:colcon.colcon_core.shell:Creating package script '/home/nguyen/ros2_ws/src/ros2_arctos_HCMUT/install/gazebo_ros2_control/share/gazebo_ros2_control/package.ps1'
[1.961s] INFO:colcon.colcon_core.shell:Creating package descriptor '/home/nguyen/ros2_ws/src/ros2_arctos_HCMUT/install/gazebo_ros2_control/share/gazebo_ros2_control/package.dsv'
[1.961s] INFO:colcon.colcon_core.shell:Creating package script '/home/nguyen/ros2_ws/src/ros2_arctos_HCMUT/install/gazebo_ros2_control/share/gazebo_ros2_control/package.sh'
[1.962s] INFO:colcon.colcon_core.shell:Creating package script '/home/nguyen/ros2_ws/src/ros2_arctos_HCMUT/install/gazebo_ros2_control/share/gazebo_ros2_control/package.bash'
[1.962s] INFO:colcon.colcon_core.shell:Creating package script '/home/nguyen/ros2_ws/src/ros2_arctos_HCMUT/install/gazebo_ros2_control/share/gazebo_ros2_control/package.zsh'
[1.962s] Level 1:colcon.colcon_core.environment:create_file_with_runtime_dependencies(/home/nguyen/ros2_ws/src/ros2_arctos_HCMUT/install/gazebo_ros2_control/share/colcon-core/packages/gazebo_ros2_control)
[1.963s] DEBUG:colcon.colcon_parallel_executor.executor.parallel:closing loop
[1.963s] DEBUG:colcon.colcon_parallel_executor.executor.parallel:loop closed
[1.963s] DEBUG:colcon.colcon_parallel_executor.executor.parallel:run_until_complete finished with '1'
[1.963s] DEBUG:colcon.colcon_core.event_reactor:joining thread
[1.968s] INFO:colcon.colcon_core.plugin_system:Skipping extension 'colcon_notification.desktop_notification.terminal_notifier': Not used on non-Darwin systems
[1.968s] INFO:colcon.colcon_core.plugin_system:Skipping extension 'colcon_notification.desktop_notification.win32': Not used on non-Windows systems
[1.968s] INFO:colcon.colcon_notification.desktop_notification:Sending desktop notification using 'notify2'
[1.980s] DEBUG:colcon.colcon_core.event_reactor:joined thread
[1.981s] INFO:colcon.colcon_core.shell:Creating prefix script '/home/nguyen/ros2_ws/src/ros2_arctos_HCMUT/install/local_setup.ps1'
[1.982s] INFO:colcon.colcon_core.shell:Creating prefix util module '/home/nguyen/ros2_ws/src/ros2_arctos_HCMUT/install/_local_setup_util_ps1.py'
[1.983s] INFO:colcon.colcon_core.shell:Creating prefix chain script '/home/nguyen/ros2_ws/src/ros2_arctos_HCMUT/install/setup.ps1'
[1.984s] INFO:colcon.colcon_core.shell:Creating prefix script '/home/nguyen/ros2_ws/src/ros2_arctos_HCMUT/install/local_setup.sh'
[1.985s] INFO:colcon.colcon_core.shell:Creating prefix util module '/home/nguyen/ros2_ws/src/ros2_arctos_HCMUT/install/_local_setup_util_sh.py'
[1.985s] INFO:colcon.colcon_core.shell:Creating prefix chain script '/home/nguyen/ros2_ws/src/ros2_arctos_HCMUT/install/setup.sh'
[1.986s] INFO:colcon.colcon_core.shell:Creating prefix script '/home/nguyen/ros2_ws/src/ros2_arctos_HCMUT/install/local_setup.bash'
[1.987s] INFO:colcon.colcon_core.shell:Creating prefix chain script '/home/nguyen/ros2_ws/src/ros2_arctos_HCMUT/install/setup.bash'
[1.988s] INFO:colcon.colcon_core.shell:Creating prefix script '/home/nguyen/ros2_ws/src/ros2_arctos_HCMUT/install/local_setup.zsh'
[1.989s] INFO:colcon.colcon_core.shell:Creating prefix chain script '/home/nguyen/ros2_ws/src/ros2_arctos_HCMUT/install/setup.zsh'
