[0.147s] DEBUG:colcon:Command line arguments: ['/usr/bin/colcon', 'build']
[0.147s] DEBUG:colcon:Parsed command line arguments: Namespace(log_base=None, log_level=None, verb_name='build', build_base='build', install_base='install', merge_install=False, symlink_install=False, test_result_base=None, continue_on_error=False, executor='parallel', parallel_workers=12, event_handlers=None, ignore_user_meta=False, metas=['./colcon.meta'], base_paths=['.'], packages_ignore=None, packages_ignore_regex=None, paths=None, packages_up_to=None, packages_up_to_regex=None, packages_above=None, packages_above_and_dependencies=None, packages_above_depth=None, packages_select_by_dep=None, packages_skip_by_dep=None, packages_skip_up_to=None, packages_select_build_failed=False, packages_skip_build_finished=False, packages_select_test_failures=False, packages_skip_test_passed=False, packages_select=None, packages_skip=None, packages_select_regex=None, packages_skip_regex=None, packages_start=None, packages_end=None, allow_overriding=[], cmake_args=None, cmake_target=None, cmake_target_skip_unavailable=False, cmake_clean_cache=False, cmake_clean_first=False, cmake_force_configure=False, ament_cmake_args=None, catkin_cmake_args=None, catkin_skip_building_tests=False, mixin_files=None, mixin=None, verb_parser=<colcon_mixin.mixin.mixin_argument.MixinArgumentDecorator object at 0x7a1fff532920>, verb_extension=<colcon_core.verb.build.BuildVerb object at 0x7a1fff6b4220>, main=<bound method BuildVerb.main of <colcon_core.verb.build.BuildVerb object at 0x7a1fff6b4220>>, mixin_verb=('build',))
[0.372s] Level 1:colcon.colcon_core.package_discovery:discover_packages(colcon_meta) check parameters
[0.373s] Level 1:colcon.colcon_core.package_discovery:discover_packages(recursive) check parameters
[0.373s] Level 1:colcon.colcon_core.package_discovery:discover_packages(ignore) check parameters
[0.373s] Level 1:colcon.colcon_core.package_discovery:discover_packages(path) check parameters
[0.373s] Level 1:colcon.colcon_core.package_discovery:discover_packages(colcon_meta) discover
[0.373s] Level 1:colcon.colcon_core.package_discovery:discover_packages(recursive) discover
[0.373s] INFO:colcon.colcon_core.package_discovery:Crawling recursively for packages in '/home/nguyen/ros2_ws/src/ros2_arctos_HCMUT'
[0.373s] Level 1:colcon.colcon_core.package_identification:_identify(.) by extensions ['ignore', 'ignore_ament_install']
[0.373s] Level 1:colcon.colcon_core.package_identification:_identify(.) by extension 'ignore'
[0.373s] Level 1:colcon.colcon_core.package_identification:_identify(.) by extension 'ignore_ament_install'
[0.373s] Level 1:colcon.colcon_core.package_identification:_identify(.) by extensions ['colcon_pkg']
[0.373s] Level 1:colcon.colcon_core.package_identification:_identify(.) by extension 'colcon_pkg'
[0.373s] Level 1:colcon.colcon_core.package_identification:_identify(.) by extensions ['colcon_meta']
[0.373s] Level 1:colcon.colcon_core.package_identification:_identify(.) by extension 'colcon_meta'
[0.373s] Level 1:colcon.colcon_core.package_identification:_identify(.) by extensions ['ros']
[0.374s] Level 1:colcon.colcon_core.package_identification:_identify(.) by extension 'ros'
[0.387s] Level 1:colcon.colcon_core.package_identification:_identify(.) by extensions ['cmake', 'python']
[0.388s] Level 1:colcon.colcon_core.package_identification:_identify(.) by extension 'cmake'
[0.388s] Level 1:colcon.colcon_core.package_identification:_identify(.) by extension 'python'
[0.388s] Level 1:colcon.colcon_core.package_identification:_identify(.) by extensions ['python_setup_py']
[0.388s] Level 1:colcon.colcon_core.package_identification:_identify(.) by extension 'python_setup_py'
[0.388s] Level 1:colcon.colcon_core.package_identification:_identify(arctos_bringup) by extensions ['ignore', 'ignore_ament_install']
[0.388s] Level 1:colcon.colcon_core.package_identification:_identify(arctos_bringup) by extension 'ignore'
[0.388s] Level 1:colcon.colcon_core.package_identification:_identify(arctos_bringup) by extension 'ignore_ament_install'
[0.388s] Level 1:colcon.colcon_core.package_identification:_identify(arctos_bringup) by extensions ['colcon_pkg']
[0.388s] Level 1:colcon.colcon_core.package_identification:_identify(arctos_bringup) by extension 'colcon_pkg'
[0.388s] Level 1:colcon.colcon_core.package_identification:_identify(arctos_bringup) by extensions ['colcon_meta']
[0.388s] Level 1:colcon.colcon_core.package_identification:_identify(arctos_bringup) by extension 'colcon_meta'
[0.388s] Level 1:colcon.colcon_core.package_identification:_identify(arctos_bringup) by extensions ['ros']
[0.389s] Level 1:colcon.colcon_core.package_identification:_identify(arctos_bringup) by extension 'ros'
[0.392s] DEBUG:colcon.colcon_core.package_identification:Package 'arctos_bringup' with type 'ros.ament_cmake' and name 'arctos_bringup'
[0.392s] Level 1:colcon.colcon_core.package_identification:_identify(arctos_description) by extensions ['ignore', 'ignore_ament_install']
[0.392s] Level 1:colcon.colcon_core.package_identification:_identify(arctos_description) by extension 'ignore'
[0.392s] Level 1:colcon.colcon_core.package_identification:_identify(arctos_description) by extension 'ignore_ament_install'
[0.392s] Level 1:colcon.colcon_core.package_identification:_identify(arctos_description) by extensions ['colcon_pkg']
[0.392s] Level 1:colcon.colcon_core.package_identification:_identify(arctos_description) by extension 'colcon_pkg'
[0.392s] Level 1:colcon.colcon_core.package_identification:_identify(arctos_description) by extensions ['colcon_meta']
[0.392s] Level 1:colcon.colcon_core.package_identification:_identify(arctos_description) by extension 'colcon_meta'
[0.392s] Level 1:colcon.colcon_core.package_identification:_identify(arctos_description) by extensions ['ros']
[0.392s] Level 1:colcon.colcon_core.package_identification:_identify(arctos_description) by extension 'ros'
[0.393s] DEBUG:colcon.colcon_core.package_identification:Package 'arctos_description' with type 'ros.ament_cmake' and name 'arctos_description'
[0.393s] Level 1:colcon.colcon_core.package_identification:_identify(arctos_hardware_interface) by extensions ['ignore', 'ignore_ament_install']
[0.393s] Level 1:colcon.colcon_core.package_identification:_identify(arctos_hardware_interface) by extension 'ignore'
[0.393s] Level 1:colcon.colcon_core.package_identification:_identify(arctos_hardware_interface) by extension 'ignore_ament_install'
[0.393s] Level 1:colcon.colcon_core.package_identification:_identify(arctos_hardware_interface) by extensions ['colcon_pkg']
[0.393s] Level 1:colcon.colcon_core.package_identification:_identify(arctos_hardware_interface) by extension 'colcon_pkg'
[0.393s] Level 1:colcon.colcon_core.package_identification:_identify(arctos_hardware_interface) by extensions ['colcon_meta']
[0.393s] Level 1:colcon.colcon_core.package_identification:_identify(arctos_hardware_interface) by extension 'colcon_meta'
[0.393s] Level 1:colcon.colcon_core.package_identification:_identify(arctos_hardware_interface) by extensions ['ros']
[0.393s] Level 1:colcon.colcon_core.package_identification:_identify(arctos_hardware_interface) by extension 'ros'
[0.395s] DEBUG:colcon.colcon_core.package_identification:Package 'arctos_hardware_interface' with type 'ros.ament_cmake' and name 'arctos_hardware_interface'
[0.395s] Level 1:colcon.colcon_core.package_identification:_identify(arctos_motor_driver) by extensions ['ignore', 'ignore_ament_install']
[0.395s] Level 1:colcon.colcon_core.package_identification:_identify(arctos_motor_driver) by extension 'ignore'
[0.395s] Level 1:colcon.colcon_core.package_identification:_identify(arctos_motor_driver) by extension 'ignore_ament_install'
[0.395s] Level 1:colcon.colcon_core.package_identification:_identify(arctos_motor_driver) by extensions ['colcon_pkg']
[0.395s] Level 1:colcon.colcon_core.package_identification:_identify(arctos_motor_driver) by extension 'colcon_pkg'
[0.395s] Level 1:colcon.colcon_core.package_identification:_identify(arctos_motor_driver) by extensions ['colcon_meta']
[0.395s] Level 1:colcon.colcon_core.package_identification:_identify(arctos_motor_driver) by extension 'colcon_meta'
[0.395s] Level 1:colcon.colcon_core.package_identification:_identify(arctos_motor_driver) by extensions ['ros']
[0.396s] Level 1:colcon.colcon_core.package_identification:_identify(arctos_motor_driver) by extension 'ros'
[0.396s] DEBUG:colcon.colcon_core.package_identification:Package 'arctos_motor_driver' with type 'ros.ament_cmake' and name 'arctos_motor_driver'
[0.397s] Level 1:colcon.colcon_core.package_identification:_identify(arctos_moveit_config) by extensions ['ignore', 'ignore_ament_install']
[0.397s] Level 1:colcon.colcon_core.package_identification:_identify(arctos_moveit_config) by extension 'ignore'
[0.397s] Level 1:colcon.colcon_core.package_identification:_identify(arctos_moveit_config) by extension 'ignore_ament_install'
[0.397s] Level 1:colcon.colcon_core.package_identification:_identify(arctos_moveit_config) by extensions ['colcon_pkg']
[0.397s] Level 1:colcon.colcon_core.package_identification:_identify(arctos_moveit_config) by extension 'colcon_pkg'
[0.397s] Level 1:colcon.colcon_core.package_identification:_identify(arctos_moveit_config) by extensions ['colcon_meta']
[0.397s] Level 1:colcon.colcon_core.package_identification:_identify(arctos_moveit_config) by extension 'colcon_meta'
[0.397s] Level 1:colcon.colcon_core.package_identification:_identify(arctos_moveit_config) by extensions ['ros']
[0.397s] Level 1:colcon.colcon_core.package_identification:_identify(arctos_moveit_config) by extension 'ros'
[0.398s] DEBUG:colcon.colcon_core.package_identification:Package 'arctos_moveit_config' with type 'ros.ament_cmake' and name 'arctos_moveit_config'
[0.398s] Level 1:colcon.colcon_core.package_identification:_identify(assets) by extensions ['ignore', 'ignore_ament_install']
[0.398s] Level 1:colcon.colcon_core.package_identification:_identify(assets) by extension 'ignore'
[0.398s] Level 1:colcon.colcon_core.package_identification:_identify(assets) by extension 'ignore_ament_install'
[0.398s] Level 1:colcon.colcon_core.package_identification:_identify(assets) by extensions ['colcon_pkg']
[0.398s] Level 1:colcon.colcon_core.package_identification:_identify(assets) by extension 'colcon_pkg'
[0.398s] Level 1:colcon.colcon_core.package_identification:_identify(assets) by extensions ['colcon_meta']
[0.398s] Level 1:colcon.colcon_core.package_identification:_identify(assets) by extension 'colcon_meta'
[0.398s] Level 1:colcon.colcon_core.package_identification:_identify(assets) by extensions ['ros']
[0.399s] Level 1:colcon.colcon_core.package_identification:_identify(assets) by extension 'ros'
[0.399s] Level 1:colcon.colcon_core.package_identification:_identify(assets) by extensions ['cmake', 'python']
[0.399s] Level 1:colcon.colcon_core.package_identification:_identify(assets) by extension 'cmake'
[0.399s] Level 1:colcon.colcon_core.package_identification:_identify(assets) by extension 'python'
[0.399s] Level 1:colcon.colcon_core.package_identification:_identify(assets) by extensions ['python_setup_py']
[0.399s] Level 1:colcon.colcon_core.package_identification:_identify(assets) by extension 'python_setup_py'
[0.399s] Level 1:colcon.colcon_core.package_identification:_identify(assets/home_sensors) by extensions ['ignore', 'ignore_ament_install']
[0.399s] Level 1:colcon.colcon_core.package_identification:_identify(assets/home_sensors) by extension 'ignore'
[0.399s] Level 1:colcon.colcon_core.package_identification:_identify(assets/home_sensors) by extension 'ignore_ament_install'
[0.399s] Level 1:colcon.colcon_core.package_identification:_identify(assets/home_sensors) by extensions ['colcon_pkg']
[0.399s] Level 1:colcon.colcon_core.package_identification:_identify(assets/home_sensors) by extension 'colcon_pkg'
[0.399s] Level 1:colcon.colcon_core.package_identification:_identify(assets/home_sensors) by extensions ['colcon_meta']
[0.399s] Level 1:colcon.colcon_core.package_identification:_identify(assets/home_sensors) by extension 'colcon_meta'
[0.399s] Level 1:colcon.colcon_core.package_identification:_identify(assets/home_sensors) by extensions ['ros']
[0.399s] Level 1:colcon.colcon_core.package_identification:_identify(assets/home_sensors) by extension 'ros'
[0.399s] Level 1:colcon.colcon_core.package_identification:_identify(assets/home_sensors) by extensions ['cmake', 'python']
[0.399s] Level 1:colcon.colcon_core.package_identification:_identify(assets/home_sensors) by extension 'cmake'
[0.400s] Level 1:colcon.colcon_core.package_identification:_identify(assets/home_sensors) by extension 'python'
[0.400s] Level 1:colcon.colcon_core.package_identification:_identify(assets/home_sensors) by extensions ['python_setup_py']
[0.400s] Level 1:colcon.colcon_core.package_identification:_identify(assets/home_sensors) by extension 'python_setup_py'
[0.400s] Level 1:colcon.colcon_core.package_identification:_identify(assets/zero_position) by extensions ['ignore', 'ignore_ament_install']
[0.400s] Level 1:colcon.colcon_core.package_identification:_identify(assets/zero_position) by extension 'ignore'
[0.400s] Level 1:colcon.colcon_core.package_identification:_identify(assets/zero_position) by extension 'ignore_ament_install'
[0.400s] Level 1:colcon.colcon_core.package_identification:_identify(assets/zero_position) by extensions ['colcon_pkg']
[0.400s] Level 1:colcon.colcon_core.package_identification:_identify(assets/zero_position) by extension 'colcon_pkg'
[0.400s] Level 1:colcon.colcon_core.package_identification:_identify(assets/zero_position) by extensions ['colcon_meta']
[0.400s] Level 1:colcon.colcon_core.package_identification:_identify(assets/zero_position) by extension 'colcon_meta'
[0.400s] Level 1:colcon.colcon_core.package_identification:_identify(assets/zero_position) by extensions ['ros']
[0.400s] Level 1:colcon.colcon_core.package_identification:_identify(assets/zero_position) by extension 'ros'
[0.400s] Level 1:colcon.colcon_core.package_identification:_identify(assets/zero_position) by extensions ['cmake', 'python']
[0.400s] Level 1:colcon.colcon_core.package_identification:_identify(assets/zero_position) by extension 'cmake'
[0.400s] Level 1:colcon.colcon_core.package_identification:_identify(assets/zero_position) by extension 'python'
[0.400s] Level 1:colcon.colcon_core.package_identification:_identify(assets/zero_position) by extensions ['python_setup_py']
[0.400s] Level 1:colcon.colcon_core.package_identification:_identify(assets/zero_position) by extension 'python_setup_py'
[0.401s] Level 1:colcon.colcon_core.package_identification:_identify(build) by extensions ['ignore', 'ignore_ament_install']
[0.401s] Level 1:colcon.colcon_core.package_identification:_identify(build) by extension 'ignore'
[0.401s] Level 1:colcon.colcon_core.package_identification:_identify(build) ignored
[0.401s] Level 1:colcon.colcon_core.package_identification:_identify(gamepadControl) by extensions ['ignore', 'ignore_ament_install']
[0.401s] Level 1:colcon.colcon_core.package_identification:_identify(gamepadControl) by extension 'ignore'
[0.401s] Level 1:colcon.colcon_core.package_identification:_identify(gamepadControl) by extension 'ignore_ament_install'
[0.401s] Level 1:colcon.colcon_core.package_identification:_identify(gamepadControl) by extensions ['colcon_pkg']
[0.401s] Level 1:colcon.colcon_core.package_identification:_identify(gamepadControl) by extension 'colcon_pkg'
[0.401s] Level 1:colcon.colcon_core.package_identification:_identify(gamepadControl) by extensions ['colcon_meta']
[0.401s] Level 1:colcon.colcon_core.package_identification:_identify(gamepadControl) by extension 'colcon_meta'
[0.401s] Level 1:colcon.colcon_core.package_identification:_identify(gamepadControl) by extensions ['ros']
[0.401s] Level 1:colcon.colcon_core.package_identification:_identify(gamepadControl) by extension 'ros'
[0.401s] Level 1:colcon.colcon_core.package_identification:_identify(gamepadControl) by extensions ['cmake', 'python']
[0.401s] Level 1:colcon.colcon_core.package_identification:_identify(gamepadControl) by extension 'cmake'
[0.401s] Level 1:colcon.colcon_core.package_identification:_identify(gamepadControl) by extension 'python'
[0.402s] Level 1:colcon.colcon_core.package_identification:_identify(gamepadControl) by extensions ['python_setup_py']
[0.402s] Level 1:colcon.colcon_core.package_identification:_identify(gamepadControl) by extension 'python_setup_py'
[0.402s] Level 1:colcon.colcon_core.package_identification:_identify(install) by extensions ['ignore', 'ignore_ament_install']
[0.402s] Level 1:colcon.colcon_core.package_identification:_identify(install) by extension 'ignore'
[0.402s] Level 1:colcon.colcon_core.package_identification:_identify(install) ignored
[0.402s] Level 1:colcon.colcon_core.package_identification:_identify(log) by extensions ['ignore', 'ignore_ament_install']
[0.402s] Level 1:colcon.colcon_core.package_identification:_identify(log) by extension 'ignore'
[0.402s] Level 1:colcon.colcon_core.package_identification:_identify(log) ignored
[0.402s] Level 1:colcon.colcon_core.package_identification:_identify(scripts) by extensions ['ignore', 'ignore_ament_install']
[0.402s] Level 1:colcon.colcon_core.package_identification:_identify(scripts) by extension 'ignore'
[0.402s] Level 1:colcon.colcon_core.package_identification:_identify(scripts) by extension 'ignore_ament_install'
[0.402s] Level 1:colcon.colcon_core.package_identification:_identify(scripts) by extensions ['colcon_pkg']
[0.402s] Level 1:colcon.colcon_core.package_identification:_identify(scripts) by extension 'colcon_pkg'
[0.403s] Level 1:colcon.colcon_core.package_identification:_identify(scripts) by extensions ['colcon_meta']
[0.403s] Level 1:colcon.colcon_core.package_identification:_identify(scripts) by extension 'colcon_meta'
[0.403s] Level 1:colcon.colcon_core.package_identification:_identify(scripts) by extensions ['ros']
[0.403s] Level 1:colcon.colcon_core.package_identification:_identify(scripts) by extension 'ros'
[0.403s] Level 1:colcon.colcon_core.package_identification:_identify(scripts) by extensions ['cmake', 'python']
[0.403s] Level 1:colcon.colcon_core.package_identification:_identify(scripts) by extension 'cmake'
[0.403s] Level 1:colcon.colcon_core.package_identification:_identify(scripts) by extension 'python'
[0.403s] Level 1:colcon.colcon_core.package_identification:_identify(scripts) by extensions ['python_setup_py']
[0.403s] Level 1:colcon.colcon_core.package_identification:_identify(scripts) by extension 'python_setup_py'
[0.403s] Level 1:colcon.colcon_core.package_identification:_identify(scripts/stepper_motor) by extensions ['ignore', 'ignore_ament_install']
[0.403s] Level 1:colcon.colcon_core.package_identification:_identify(scripts/stepper_motor) by extension 'ignore'
[0.403s] Level 1:colcon.colcon_core.package_identification:_identify(scripts/stepper_motor) by extension 'ignore_ament_install'
[0.403s] Level 1:colcon.colcon_core.package_identification:_identify(scripts/stepper_motor) by extensions ['colcon_pkg']
[0.403s] Level 1:colcon.colcon_core.package_identification:_identify(scripts/stepper_motor) by extension 'colcon_pkg'
[0.403s] Level 1:colcon.colcon_core.package_identification:_identify(scripts/stepper_motor) by extensions ['colcon_meta']
[0.403s] Level 1:colcon.colcon_core.package_identification:_identify(scripts/stepper_motor) by extension 'colcon_meta'
[0.403s] Level 1:colcon.colcon_core.package_identification:_identify(scripts/stepper_motor) by extensions ['ros']
[0.403s] Level 1:colcon.colcon_core.package_identification:_identify(scripts/stepper_motor) by extension 'ros'
[0.404s] Level 1:colcon.colcon_core.package_identification:_identify(scripts/stepper_motor) by extensions ['cmake', 'python']
[0.404s] Level 1:colcon.colcon_core.package_identification:_identify(scripts/stepper_motor) by extension 'cmake'
[0.404s] Level 1:colcon.colcon_core.package_identification:_identify(scripts/stepper_motor) by extension 'python'
[0.404s] Level 1:colcon.colcon_core.package_identification:_identify(scripts/stepper_motor) by extensions ['python_setup_py']
[0.404s] Level 1:colcon.colcon_core.package_identification:_identify(scripts/stepper_motor) by extension 'python_setup_py'
[0.404s] Level 1:colcon.colcon_core.package_identification:_identify(scripts/stepper_motor/data) by extensions ['ignore', 'ignore_ament_install']
[0.404s] Level 1:colcon.colcon_core.package_identification:_identify(scripts/stepper_motor/data) by extension 'ignore'
[0.404s] Level 1:colcon.colcon_core.package_identification:_identify(scripts/stepper_motor/data) by extension 'ignore_ament_install'
[0.404s] Level 1:colcon.colcon_core.package_identification:_identify(scripts/stepper_motor/data) by extensions ['colcon_pkg']
[0.404s] Level 1:colcon.colcon_core.package_identification:_identify(scripts/stepper_motor/data) by extension 'colcon_pkg'
[0.404s] Level 1:colcon.colcon_core.package_identification:_identify(scripts/stepper_motor/data) by extensions ['colcon_meta']
[0.404s] Level 1:colcon.colcon_core.package_identification:_identify(scripts/stepper_motor/data) by extension 'colcon_meta'
[0.404s] Level 1:colcon.colcon_core.package_identification:_identify(scripts/stepper_motor/data) by extensions ['ros']
[0.404s] Level 1:colcon.colcon_core.package_identification:_identify(scripts/stepper_motor/data) by extension 'ros'
[0.404s] Level 1:colcon.colcon_core.package_identification:_identify(scripts/stepper_motor/data) by extensions ['cmake', 'python']
[0.404s] Level 1:colcon.colcon_core.package_identification:_identify(scripts/stepper_motor/data) by extension 'cmake'
[0.405s] Level 1:colcon.colcon_core.package_identification:_identify(scripts/stepper_motor/data) by extension 'python'
[0.405s] Level 1:colcon.colcon_core.package_identification:_identify(scripts/stepper_motor/data) by extensions ['python_setup_py']
[0.405s] Level 1:colcon.colcon_core.package_identification:_identify(scripts/stepper_motor/data) by extension 'python_setup_py'
[0.405s] Level 1:colcon.colcon_core.package_identification:_identify(serial) by extensions ['ignore', 'ignore_ament_install']
[0.405s] Level 1:colcon.colcon_core.package_identification:_identify(serial) by extension 'ignore'
[0.405s] Level 1:colcon.colcon_core.package_identification:_identify(serial) by extension 'ignore_ament_install'
[0.405s] Level 1:colcon.colcon_core.package_identification:_identify(serial) by extensions ['colcon_pkg']
[0.405s] Level 1:colcon.colcon_core.package_identification:_identify(serial) by extension 'colcon_pkg'
[0.405s] Level 1:colcon.colcon_core.package_identification:_identify(serial) by extensions ['colcon_meta']
[0.405s] Level 1:colcon.colcon_core.package_identification:_identify(serial) by extension 'colcon_meta'
[0.405s] Level 1:colcon.colcon_core.package_identification:_identify(serial) by extensions ['ros']
[0.405s] Level 1:colcon.colcon_core.package_identification:_identify(serial) by extension 'ros'
[0.406s] DEBUG:colcon.colcon_core.package_identification:Package 'serial' with type 'ros.ament_cmake' and name 'serial'
[0.406s] Level 1:colcon.colcon_core.package_identification:_identify(src) by extensions ['ignore', 'ignore_ament_install']
[0.406s] Level 1:colcon.colcon_core.package_identification:_identify(src) by extension 'ignore'
[0.406s] Level 1:colcon.colcon_core.package_identification:_identify(src) by extension 'ignore_ament_install'
[0.406s] Level 1:colcon.colcon_core.package_identification:_identify(src) by extensions ['colcon_pkg']
[0.406s] Level 1:colcon.colcon_core.package_identification:_identify(src) by extension 'colcon_pkg'
[0.406s] Level 1:colcon.colcon_core.package_identification:_identify(src) by extensions ['colcon_meta']
[0.406s] Level 1:colcon.colcon_core.package_identification:_identify(src) by extension 'colcon_meta'
[0.406s] Level 1:colcon.colcon_core.package_identification:_identify(src) by extensions ['ros']
[0.406s] Level 1:colcon.colcon_core.package_identification:_identify(src) by extension 'ros'
[0.407s] Level 1:colcon.colcon_core.package_identification:_identify(src) by extensions ['cmake', 'python']
[0.407s] Level 1:colcon.colcon_core.package_identification:_identify(src) by extension 'cmake'
[0.407s] Level 1:colcon.colcon_core.package_identification:_identify(src) by extension 'python'
[0.407s] Level 1:colcon.colcon_core.package_identification:_identify(src) by extensions ['python_setup_py']
[0.407s] Level 1:colcon.colcon_core.package_identification:_identify(src) by extension 'python_setup_py'
[0.407s] Level 1:colcon.colcon_core.package_identification:_identify(src/v4l2_camera) by extensions ['ignore', 'ignore_ament_install']
[0.407s] Level 1:colcon.colcon_core.package_identification:_identify(src/v4l2_camera) by extension 'ignore'
[0.407s] Level 1:colcon.colcon_core.package_identification:_identify(src/v4l2_camera) by extension 'ignore_ament_install'
[0.407s] Level 1:colcon.colcon_core.package_identification:_identify(src/v4l2_camera) by extensions ['colcon_pkg']
[0.407s] Level 1:colcon.colcon_core.package_identification:_identify(src/v4l2_camera) by extension 'colcon_pkg'
[0.407s] Level 1:colcon.colcon_core.package_identification:_identify(src/v4l2_camera) by extensions ['colcon_meta']
[0.407s] Level 1:colcon.colcon_core.package_identification:_identify(src/v4l2_camera) by extension 'colcon_meta'
[0.407s] Level 1:colcon.colcon_core.package_identification:_identify(src/v4l2_camera) by extensions ['ros']
[0.407s] Level 1:colcon.colcon_core.package_identification:_identify(src/v4l2_camera) by extension 'ros'
[0.408s] DEBUG:colcon.colcon_core.package_identification:Package 'src/v4l2_camera' with type 'ros.ament_cmake' and name 'v4l2_camera'
[0.408s] Level 1:colcon.colcon_core.package_discovery:discover_packages(recursive) using defaults
[0.409s] Level 1:colcon.colcon_core.package_discovery:discover_packages(ignore) discover
[0.409s] Level 1:colcon.colcon_core.package_discovery:discover_packages(ignore) using defaults
[0.409s] Level 1:colcon.colcon_core.package_discovery:discover_packages(path) discover
[0.409s] Level 1:colcon.colcon_core.package_discovery:discover_packages(path) using defaults
[0.469s] Level 1:colcon.colcon_core.package_discovery:discover_packages(prefix_path) check parameters
[0.469s] Level 1:colcon.colcon_core.package_discovery:discover_packages(prefix_path) discover
[0.473s] DEBUG:colcon.colcon_installed_package_information.package_discovery:Found 7 installed packages in /home/nguyen/ros2_ws/src/ros2_arctos_HCMUT/install
[0.474s] DEBUG:colcon.colcon_installed_package_information.package_discovery:Found 7 installed packages in /home/nguyen/ros2_ws/src/install
[0.475s] DEBUG:colcon.colcon_installed_package_information.package_discovery:Found 9 installed packages in /home/nguyen/ros2_ws_1/install
[0.476s] DEBUG:colcon.colcon_installed_package_information.package_discovery:Found 6 installed packages in /home/nguyen/ros2_ws/install
[0.480s] DEBUG:colcon.colcon_installed_package_information.package_discovery:Found 351 installed packages in /opt/ros/humble
[0.482s] Level 1:colcon.colcon_core.package_discovery:discover_packages(prefix_path) using defaults
[0.542s] Level 5:colcon.colcon_core.verb:set package 'arctos_description' build argument 'cmake_args' from command line to 'None'
[0.542s] Level 5:colcon.colcon_core.verb:set package 'arctos_description' build argument 'cmake_target' from command line to 'None'
[0.542s] Level 5:colcon.colcon_core.verb:set package 'arctos_description' build argument 'cmake_target_skip_unavailable' from command line to 'False'
[0.542s] Level 5:colcon.colcon_core.verb:set package 'arctos_description' build argument 'cmake_clean_cache' from command line to 'False'
[0.542s] Level 5:colcon.colcon_core.verb:set package 'arctos_description' build argument 'cmake_clean_first' from command line to 'False'
[0.542s] Level 5:colcon.colcon_core.verb:set package 'arctos_description' build argument 'cmake_force_configure' from command line to 'False'
[0.542s] Level 5:colcon.colcon_core.verb:set package 'arctos_description' build argument 'ament_cmake_args' from command line to 'None'
[0.542s] Level 5:colcon.colcon_core.verb:set package 'arctos_description' build argument 'catkin_cmake_args' from command line to 'None'
[0.542s] Level 5:colcon.colcon_core.verb:set package 'arctos_description' build argument 'catkin_skip_building_tests' from command line to 'False'
[0.542s] DEBUG:colcon.colcon_core.verb:Building package 'arctos_description' with the following arguments: {'ament_cmake_args': None, 'build_base': '/home/nguyen/ros2_ws/src/ros2_arctos_HCMUT/build/arctos_description', 'catkin_cmake_args': None, 'catkin_skip_building_tests': False, 'cmake_args': None, 'cmake_clean_cache': False, 'cmake_clean_first': False, 'cmake_force_configure': False, 'cmake_target': None, 'cmake_target_skip_unavailable': False, 'install_base': '/home/nguyen/ros2_ws/src/ros2_arctos_HCMUT/install/arctos_description', 'merge_install': False, 'path': '/home/nguyen/ros2_ws/src/ros2_arctos_HCMUT/arctos_description', 'symlink_install': False, 'test_result_base': None}
[0.543s] Level 5:colcon.colcon_core.verb:set package 'serial' build argument 'cmake_args' from command line to 'None'
[0.543s] Level 5:colcon.colcon_core.verb:set package 'serial' build argument 'cmake_target' from command line to 'None'
[0.543s] Level 5:colcon.colcon_core.verb:set package 'serial' build argument 'cmake_target_skip_unavailable' from command line to 'False'
[0.543s] Level 5:colcon.colcon_core.verb:set package 'serial' build argument 'cmake_clean_cache' from command line to 'False'
[0.543s] Level 5:colcon.colcon_core.verb:set package 'serial' build argument 'cmake_clean_first' from command line to 'False'
[0.543s] Level 5:colcon.colcon_core.verb:set package 'serial' build argument 'cmake_force_configure' from command line to 'False'
[0.543s] Level 5:colcon.colcon_core.verb:set package 'serial' build argument 'ament_cmake_args' from command line to 'None'
[0.543s] Level 5:colcon.colcon_core.verb:set package 'serial' build argument 'catkin_cmake_args' from command line to 'None'
[0.543s] Level 5:colcon.colcon_core.verb:set package 'serial' build argument 'catkin_skip_building_tests' from command line to 'False'
[0.543s] DEBUG:colcon.colcon_core.verb:Building package 'serial' with the following arguments: {'ament_cmake_args': None, 'build_base': '/home/nguyen/ros2_ws/src/ros2_arctos_HCMUT/build/serial', 'catkin_cmake_args': None, 'catkin_skip_building_tests': False, 'cmake_args': None, 'cmake_clean_cache': False, 'cmake_clean_first': False, 'cmake_force_configure': False, 'cmake_target': None, 'cmake_target_skip_unavailable': False, 'install_base': '/home/nguyen/ros2_ws/src/ros2_arctos_HCMUT/install/serial', 'merge_install': False, 'path': '/home/nguyen/ros2_ws/src/ros2_arctos_HCMUT/serial', 'symlink_install': False, 'test_result_base': None}
[0.543s] Level 5:colcon.colcon_core.verb:set package 'v4l2_camera' build argument 'cmake_args' from command line to 'None'
[0.543s] Level 5:colcon.colcon_core.verb:set package 'v4l2_camera' build argument 'cmake_target' from command line to 'None'
[0.543s] Level 5:colcon.colcon_core.verb:set package 'v4l2_camera' build argument 'cmake_target_skip_unavailable' from command line to 'False'
[0.543s] Level 5:colcon.colcon_core.verb:set package 'v4l2_camera' build argument 'cmake_clean_cache' from command line to 'False'
[0.543s] Level 5:colcon.colcon_core.verb:set package 'v4l2_camera' build argument 'cmake_clean_first' from command line to 'False'
[0.543s] Level 5:colcon.colcon_core.verb:set package 'v4l2_camera' build argument 'cmake_force_configure' from command line to 'False'
[0.543s] Level 5:colcon.colcon_core.verb:set package 'v4l2_camera' build argument 'ament_cmake_args' from command line to 'None'
[0.543s] Level 5:colcon.colcon_core.verb:set package 'v4l2_camera' build argument 'catkin_cmake_args' from command line to 'None'
[0.543s] Level 5:colcon.colcon_core.verb:set package 'v4l2_camera' build argument 'catkin_skip_building_tests' from command line to 'False'
[0.543s] DEBUG:colcon.colcon_core.verb:Building package 'v4l2_camera' with the following arguments: {'ament_cmake_args': None, 'build_base': '/home/nguyen/ros2_ws/src/ros2_arctos_HCMUT/build/v4l2_camera', 'catkin_cmake_args': None, 'catkin_skip_building_tests': False, 'cmake_args': None, 'cmake_clean_cache': False, 'cmake_clean_first': False, 'cmake_force_configure': False, 'cmake_target': None, 'cmake_target_skip_unavailable': False, 'install_base': '/home/nguyen/ros2_ws/src/ros2_arctos_HCMUT/install/v4l2_camera', 'merge_install': False, 'path': '/home/nguyen/ros2_ws/src/ros2_arctos_HCMUT/src/v4l2_camera', 'symlink_install': False, 'test_result_base': None}
[0.544s] Level 5:colcon.colcon_core.verb:set package 'arctos_motor_driver' build argument 'cmake_args' from command line to 'None'
[0.544s] Level 5:colcon.colcon_core.verb:set package 'arctos_motor_driver' build argument 'cmake_target' from command line to 'None'
[0.544s] Level 5:colcon.colcon_core.verb:set package 'arctos_motor_driver' build argument 'cmake_target_skip_unavailable' from command line to 'False'
[0.544s] Level 5:colcon.colcon_core.verb:set package 'arctos_motor_driver' build argument 'cmake_clean_cache' from command line to 'False'
[0.544s] Level 5:colcon.colcon_core.verb:set package 'arctos_motor_driver' build argument 'cmake_clean_first' from command line to 'False'
[0.544s] Level 5:colcon.colcon_core.verb:set package 'arctos_motor_driver' build argument 'cmake_force_configure' from command line to 'False'
[0.544s] Level 5:colcon.colcon_core.verb:set package 'arctos_motor_driver' build argument 'ament_cmake_args' from command line to 'None'
[0.544s] Level 5:colcon.colcon_core.verb:set package 'arctos_motor_driver' build argument 'catkin_cmake_args' from command line to 'None'
[0.544s] Level 5:colcon.colcon_core.verb:set package 'arctos_motor_driver' build argument 'catkin_skip_building_tests' from command line to 'False'
[0.544s] DEBUG:colcon.colcon_core.verb:Building package 'arctos_motor_driver' with the following arguments: {'ament_cmake_args': None, 'build_base': '/home/nguyen/ros2_ws/src/ros2_arctos_HCMUT/build/arctos_motor_driver', 'catkin_cmake_args': None, 'catkin_skip_building_tests': False, 'cmake_args': None, 'cmake_clean_cache': False, 'cmake_clean_first': False, 'cmake_force_configure': False, 'cmake_target': None, 'cmake_target_skip_unavailable': False, 'install_base': '/home/nguyen/ros2_ws/src/ros2_arctos_HCMUT/install/arctos_motor_driver', 'merge_install': False, 'path': '/home/nguyen/ros2_ws/src/ros2_arctos_HCMUT/arctos_motor_driver', 'symlink_install': False, 'test_result_base': None}
[0.545s] Level 5:colcon.colcon_core.verb:set package 'arctos_moveit_config' build argument 'cmake_args' from command line to 'None'
[0.545s] Level 5:colcon.colcon_core.verb:set package 'arctos_moveit_config' build argument 'cmake_target' from command line to 'None'
[0.545s] Level 5:colcon.colcon_core.verb:set package 'arctos_moveit_config' build argument 'cmake_target_skip_unavailable' from command line to 'False'
[0.545s] Level 5:colcon.colcon_core.verb:set package 'arctos_moveit_config' build argument 'cmake_clean_cache' from command line to 'False'
[0.545s] Level 5:colcon.colcon_core.verb:set package 'arctos_moveit_config' build argument 'cmake_clean_first' from command line to 'False'
[0.545s] Level 5:colcon.colcon_core.verb:set package 'arctos_moveit_config' build argument 'cmake_force_configure' from command line to 'False'
[0.545s] Level 5:colcon.colcon_core.verb:set package 'arctos_moveit_config' build argument 'ament_cmake_args' from command line to 'None'
[0.545s] Level 5:colcon.colcon_core.verb:set package 'arctos_moveit_config' build argument 'catkin_cmake_args' from command line to 'None'
[0.545s] Level 5:colcon.colcon_core.verb:set package 'arctos_moveit_config' build argument 'catkin_skip_building_tests' from command line to 'False'
[0.545s] DEBUG:colcon.colcon_core.verb:Building package 'arctos_moveit_config' with the following arguments: {'ament_cmake_args': None, 'build_base': '/home/nguyen/ros2_ws/src/ros2_arctos_HCMUT/build/arctos_moveit_config', 'catkin_cmake_args': None, 'catkin_skip_building_tests': False, 'cmake_args': None, 'cmake_clean_cache': False, 'cmake_clean_first': False, 'cmake_force_configure': False, 'cmake_target': None, 'cmake_target_skip_unavailable': False, 'install_base': '/home/nguyen/ros2_ws/src/ros2_arctos_HCMUT/install/arctos_moveit_config', 'merge_install': False, 'path': '/home/nguyen/ros2_ws/src/ros2_arctos_HCMUT/arctos_moveit_config', 'symlink_install': False, 'test_result_base': None}
[0.545s] Level 5:colcon.colcon_core.verb:set package 'arctos_hardware_interface' build argument 'cmake_args' from command line to 'None'
[0.545s] Level 5:colcon.colcon_core.verb:set package 'arctos_hardware_interface' build argument 'cmake_target' from command line to 'None'
[0.545s] Level 5:colcon.colcon_core.verb:set package 'arctos_hardware_interface' build argument 'cmake_target_skip_unavailable' from command line to 'False'
[0.545s] Level 5:colcon.colcon_core.verb:set package 'arctos_hardware_interface' build argument 'cmake_clean_cache' from command line to 'False'
[0.545s] Level 5:colcon.colcon_core.verb:set package 'arctos_hardware_interface' build argument 'cmake_clean_first' from command line to 'False'
[0.545s] Level 5:colcon.colcon_core.verb:set package 'arctos_hardware_interface' build argument 'cmake_force_configure' from command line to 'False'
[0.545s] Level 5:colcon.colcon_core.verb:set package 'arctos_hardware_interface' build argument 'ament_cmake_args' from command line to 'None'
[0.545s] Level 5:colcon.colcon_core.verb:set package 'arctos_hardware_interface' build argument 'catkin_cmake_args' from command line to 'None'
[0.546s] Level 5:colcon.colcon_core.verb:set package 'arctos_hardware_interface' build argument 'catkin_skip_building_tests' from command line to 'False'
[0.546s] DEBUG:colcon.colcon_core.verb:Building package 'arctos_hardware_interface' with the following arguments: {'ament_cmake_args': None, 'build_base': '/home/nguyen/ros2_ws/src/ros2_arctos_HCMUT/build/arctos_hardware_interface', 'catkin_cmake_args': None, 'catkin_skip_building_tests': False, 'cmake_args': None, 'cmake_clean_cache': False, 'cmake_clean_first': False, 'cmake_force_configure': False, 'cmake_target': None, 'cmake_target_skip_unavailable': False, 'install_base': '/home/nguyen/ros2_ws/src/ros2_arctos_HCMUT/install/arctos_hardware_interface', 'merge_install': False, 'path': '/home/nguyen/ros2_ws/src/ros2_arctos_HCMUT/arctos_hardware_interface', 'symlink_install': False, 'test_result_base': None}
[0.546s] Level 5:colcon.colcon_core.verb:set package 'arctos_bringup' build argument 'cmake_args' from command line to 'None'
[0.546s] Level 5:colcon.colcon_core.verb:set package 'arctos_bringup' build argument 'cmake_target' from command line to 'None'
[0.546s] Level 5:colcon.colcon_core.verb:set package 'arctos_bringup' build argument 'cmake_target_skip_unavailable' from command line to 'False'
[0.546s] Level 5:colcon.colcon_core.verb:set package 'arctos_bringup' build argument 'cmake_clean_cache' from command line to 'False'
[0.546s] Level 5:colcon.colcon_core.verb:set package 'arctos_bringup' build argument 'cmake_clean_first' from command line to 'False'
[0.546s] Level 5:colcon.colcon_core.verb:set package 'arctos_bringup' build argument 'cmake_force_configure' from command line to 'False'
[0.546s] Level 5:colcon.colcon_core.verb:set package 'arctos_bringup' build argument 'ament_cmake_args' from command line to 'None'
[0.546s] Level 5:colcon.colcon_core.verb:set package 'arctos_bringup' build argument 'catkin_cmake_args' from command line to 'None'
[0.546s] Level 5:colcon.colcon_core.verb:set package 'arctos_bringup' build argument 'catkin_skip_building_tests' from command line to 'False'
[0.546s] DEBUG:colcon.colcon_core.verb:Building package 'arctos_bringup' with the following arguments: {'ament_cmake_args': None, 'build_base': '/home/nguyen/ros2_ws/src/ros2_arctos_HCMUT/build/arctos_bringup', 'catkin_cmake_args': None, 'catkin_skip_building_tests': False, 'cmake_args': None, 'cmake_clean_cache': False, 'cmake_clean_first': False, 'cmake_force_configure': False, 'cmake_target': None, 'cmake_target_skip_unavailable': False, 'install_base': '/home/nguyen/ros2_ws/src/ros2_arctos_HCMUT/install/arctos_bringup', 'merge_install': False, 'path': '/home/nguyen/ros2_ws/src/ros2_arctos_HCMUT/arctos_bringup', 'symlink_install': False, 'test_result_base': None}
[0.546s] INFO:colcon.colcon_core.executor:Executing jobs using 'parallel' executor
[0.548s] DEBUG:colcon.colcon_parallel_executor.executor.parallel:run_until_complete
[0.548s] INFO:colcon.colcon_ros.task.ament_cmake.build:Building ROS package in '/home/nguyen/ros2_ws/src/ros2_arctos_HCMUT/serial' with build type 'ament_cmake'
[0.548s] INFO:colcon.colcon_cmake.task.cmake.build:Building CMake package in '/home/nguyen/ros2_ws/src/ros2_arctos_HCMUT/serial'
[0.551s] INFO:colcon.colcon_core.plugin_system:Skipping extension 'colcon_core.shell.bat': Not used on non-Windows systems
[0.552s] INFO:colcon.colcon_core.shell:Skip shell extension 'powershell' for command environment: Not usable outside of PowerShell
[0.552s] DEBUG:colcon.colcon_core.shell:Skip shell extension 'dsv' for command environment
[0.561s] INFO:colcon.colcon_ros.task.ament_cmake.build:Building ROS package in '/home/nguyen/ros2_ws/src/ros2_arctos_HCMUT/arctos_description' with build type 'ament_cmake'
[0.561s] INFO:colcon.colcon_cmake.task.cmake.build:Building CMake package in '/home/nguyen/ros2_ws/src/ros2_arctos_HCMUT/arctos_description'
[0.561s] INFO:colcon.colcon_core.shell:Skip shell extension 'powershell' for command environment: Not usable outside of PowerShell
[0.561s] DEBUG:colcon.colcon_core.shell:Skip shell extension 'dsv' for command environment
[0.571s] INFO:colcon.colcon_ros.task.ament_cmake.build:Building ROS package in '/home/nguyen/ros2_ws/src/ros2_arctos_HCMUT/src/v4l2_camera' with build type 'ament_cmake'
[0.571s] INFO:colcon.colcon_cmake.task.cmake.build:Building CMake package in '/home/nguyen/ros2_ws/src/ros2_arctos_HCMUT/src/v4l2_camera'
[0.572s] INFO:colcon.colcon_core.shell:Skip shell extension 'powershell' for command environment: Not usable outside of PowerShell
[0.572s] DEBUG:colcon.colcon_core.shell:Skip shell extension 'dsv' for command environment
[0.591s] DEBUG:colcon.colcon_core.event_handler.log_command:Invoking command in '/home/nguyen/ros2_ws/src/ros2_arctos_HCMUT/build/serial': CMAKE_PREFIX_PATH=${CMAKE_PREFIX_PATH}:/home/nguyen/ros2_ws_1/install/gazebo_simulation:/opt/ros/humble /usr/bin/cmake --build /home/nguyen/ros2_ws/src/ros2_arctos_HCMUT/build/serial -- -j12 -l12
[0.597s] DEBUG:colcon.colcon_core.event_handler.log_command:Invoking command in '/home/nguyen/ros2_ws/src/ros2_arctos_HCMUT/build/arctos_description': CMAKE_PREFIX_PATH=${CMAKE_PREFIX_PATH}:/home/nguyen/ros2_ws_1/install/gazebo_simulation:/opt/ros/humble /usr/bin/cmake --build /home/nguyen/ros2_ws/src/ros2_arctos_HCMUT/build/arctos_description -- -j12 -l12
[0.603s] DEBUG:colcon.colcon_core.event_handler.log_command:Invoking command in '/home/nguyen/ros2_ws/src/ros2_arctos_HCMUT/build/v4l2_camera': CMAKE_PREFIX_PATH=${CMAKE_PREFIX_PATH}:/home/nguyen/ros2_ws_1/install/gazebo_simulation:/opt/ros/humble /usr/bin/cmake --build /home/nguyen/ros2_ws/src/ros2_arctos_HCMUT/build/v4l2_camera -- -j12 -l12
[0.676s] DEBUG:colcon.colcon_core.event_handler.log_command:Invoked command in '/home/nguyen/ros2_ws/src/ros2_arctos_HCMUT/build/arctos_description' returned '0': CMAKE_PREFIX_PATH=${CMAKE_PREFIX_PATH}:/home/nguyen/ros2_ws_1/install/gazebo_simulation:/opt/ros/humble /usr/bin/cmake --build /home/nguyen/ros2_ws/src/ros2_arctos_HCMUT/build/arctos_description -- -j12 -l12
[0.700s] DEBUG:colcon.colcon_core.event_handler.log_command:Invoking command in '/home/nguyen/ros2_ws/src/ros2_arctos_HCMUT/build/arctos_description': CMAKE_PREFIX_PATH=${CMAKE_PREFIX_PATH}:/home/nguyen/ros2_ws_1/install/gazebo_simulation:/opt/ros/humble /usr/bin/cmake --install /home/nguyen/ros2_ws/src/ros2_arctos_HCMUT/build/arctos_description
[0.749s] Level 1:colcon.colcon_core.environment:create_environment_scripts_only(arctos_description)
[0.750s] DEBUG:colcon.colcon_core.event_handler.log_command:Invoked command in '/home/nguyen/ros2_ws/src/ros2_arctos_HCMUT/build/arctos_description' returned '0': CMAKE_PREFIX_PATH=${CMAKE_PREFIX_PATH}:/home/nguyen/ros2_ws_1/install/gazebo_simulation:/opt/ros/humble /usr/bin/cmake --install /home/nguyen/ros2_ws/src/ros2_arctos_HCMUT/build/arctos_description
[0.756s] Level 1:colcon.colcon_core.environment:checking '/home/nguyen/ros2_ws/src/ros2_arctos_HCMUT/install/arctos_description' for CMake module files
[0.757s] Level 1:colcon.colcon_core.environment:checking '/home/nguyen/ros2_ws/src/ros2_arctos_HCMUT/install/arctos_description' for CMake config files
[0.757s] Level 1:colcon.colcon_core.shell:create_environment_hook('arctos_description', 'cmake_prefix_path')
[0.758s] INFO:colcon.colcon_core.shell:Creating environment hook '/home/nguyen/ros2_ws/src/ros2_arctos_HCMUT/install/arctos_description/share/arctos_description/hook/cmake_prefix_path.ps1'
[0.760s] INFO:colcon.colcon_core.shell:Creating environment descriptor '/home/nguyen/ros2_ws/src/ros2_arctos_HCMUT/install/arctos_description/share/arctos_description/hook/cmake_prefix_path.dsv'
[0.760s] INFO:colcon.colcon_core.shell:Creating environment hook '/home/nguyen/ros2_ws/src/ros2_arctos_HCMUT/install/arctos_description/share/arctos_description/hook/cmake_prefix_path.sh'
[0.762s] Level 1:colcon.colcon_core.environment:checking '/home/nguyen/ros2_ws/src/ros2_arctos_HCMUT/install/arctos_description/bin'
[0.762s] Level 1:colcon.colcon_core.environment:checking '/home/nguyen/ros2_ws/src/ros2_arctos_HCMUT/install/arctos_description/lib/pkgconfig/arctos_description.pc'
[0.762s] Level 1:colcon.colcon_core.environment:checking '/home/nguyen/ros2_ws/src/ros2_arctos_HCMUT/install/arctos_description/lib/python3.10/site-packages'
[0.763s] Level 1:colcon.colcon_core.environment:checking '/home/nguyen/ros2_ws/src/ros2_arctos_HCMUT/install/arctos_description/bin'
[0.763s] INFO:colcon.colcon_core.shell:Creating package script '/home/nguyen/ros2_ws/src/ros2_arctos_HCMUT/install/arctos_description/share/arctos_description/package.ps1'
[0.764s] INFO:colcon.colcon_core.shell:Creating package descriptor '/home/nguyen/ros2_ws/src/ros2_arctos_HCMUT/install/arctos_description/share/arctos_description/package.dsv'
[0.765s] INFO:colcon.colcon_core.shell:Creating package script '/home/nguyen/ros2_ws/src/ros2_arctos_HCMUT/install/arctos_description/share/arctos_description/package.sh'
[0.766s] INFO:colcon.colcon_core.shell:Creating package script '/home/nguyen/ros2_ws/src/ros2_arctos_HCMUT/install/arctos_description/share/arctos_description/package.bash'
[0.767s] INFO:colcon.colcon_core.shell:Creating package script '/home/nguyen/ros2_ws/src/ros2_arctos_HCMUT/install/arctos_description/share/arctos_description/package.zsh'
[0.768s] Level 1:colcon.colcon_core.environment:create_file_with_runtime_dependencies(/home/nguyen/ros2_ws/src/ros2_arctos_HCMUT/install/arctos_description/share/colcon-core/packages/arctos_description)
[0.770s] Level 1:colcon.colcon_core.environment:create_environment_scripts_only(arctos_description)
[0.770s] Level 1:colcon.colcon_core.environment:checking '/home/nguyen/ros2_ws/src/ros2_arctos_HCMUT/install/arctos_description' for CMake module files
[0.771s] Level 1:colcon.colcon_core.environment:checking '/home/nguyen/ros2_ws/src/ros2_arctos_HCMUT/install/arctos_description' for CMake config files
[0.772s] Level 1:colcon.colcon_core.shell:create_environment_hook('arctos_description', 'cmake_prefix_path')
[0.772s] INFO:colcon.colcon_core.shell:Creating environment hook '/home/nguyen/ros2_ws/src/ros2_arctos_HCMUT/install/arctos_description/share/arctos_description/hook/cmake_prefix_path.ps1'
[0.774s] INFO:colcon.colcon_core.shell:Creating environment descriptor '/home/nguyen/ros2_ws/src/ros2_arctos_HCMUT/install/arctos_description/share/arctos_description/hook/cmake_prefix_path.dsv'
[0.775s] INFO:colcon.colcon_core.shell:Creating environment hook '/home/nguyen/ros2_ws/src/ros2_arctos_HCMUT/install/arctos_description/share/arctos_description/hook/cmake_prefix_path.sh'
[0.776s] Level 1:colcon.colcon_core.environment:checking '/home/nguyen/ros2_ws/src/ros2_arctos_HCMUT/install/arctos_description/bin'
[0.776s] Level 1:colcon.colcon_core.environment:checking '/home/nguyen/ros2_ws/src/ros2_arctos_HCMUT/install/arctos_description/lib/pkgconfig/arctos_description.pc'
[0.777s] Level 1:colcon.colcon_core.environment:checking '/home/nguyen/ros2_ws/src/ros2_arctos_HCMUT/install/arctos_description/lib/python3.10/site-packages'
[0.778s] Level 1:colcon.colcon_core.environment:checking '/home/nguyen/ros2_ws/src/ros2_arctos_HCMUT/install/arctos_description/bin'
[0.778s] INFO:colcon.colcon_core.shell:Creating package script '/home/nguyen/ros2_ws/src/ros2_arctos_HCMUT/install/arctos_description/share/arctos_description/package.ps1'
[0.780s] INFO:colcon.colcon_core.shell:Creating package descriptor '/home/nguyen/ros2_ws/src/ros2_arctos_HCMUT/install/arctos_description/share/arctos_description/package.dsv'
[0.782s] INFO:colcon.colcon_core.shell:Creating package script '/home/nguyen/ros2_ws/src/ros2_arctos_HCMUT/install/arctos_description/share/arctos_description/package.sh'
[0.782s] INFO:colcon.colcon_core.shell:Creating package script '/home/nguyen/ros2_ws/src/ros2_arctos_HCMUT/install/arctos_description/share/arctos_description/package.bash'
[0.783s] INFO:colcon.colcon_core.shell:Creating package script '/home/nguyen/ros2_ws/src/ros2_arctos_HCMUT/install/arctos_description/share/arctos_description/package.zsh'
[0.783s] Level 1:colcon.colcon_core.environment:create_file_with_runtime_dependencies(/home/nguyen/ros2_ws/src/ros2_arctos_HCMUT/install/arctos_description/share/colcon-core/packages/arctos_description)
[0.785s] INFO:colcon.colcon_ros.task.ament_cmake.build:Building ROS package in '/home/nguyen/ros2_ws/src/ros2_arctos_HCMUT/arctos_moveit_config' with build type 'ament_cmake'
[0.785s] INFO:colcon.colcon_cmake.task.cmake.build:Building CMake package in '/home/nguyen/ros2_ws/src/ros2_arctos_HCMUT/arctos_moveit_config'
[0.785s] INFO:colcon.colcon_core.shell:Skip shell extension 'powershell' for command environment: Not usable outside of PowerShell
[0.785s] DEBUG:colcon.colcon_core.shell:Skip shell extension 'dsv' for command environment
[0.798s] DEBUG:colcon.colcon_core.event_handler.log_command:Invoked command in '/home/nguyen/ros2_ws/src/ros2_arctos_HCMUT/build/serial' returned '0': CMAKE_PREFIX_PATH=${CMAKE_PREFIX_PATH}:/home/nguyen/ros2_ws_1/install/gazebo_simulation:/opt/ros/humble /usr/bin/cmake --build /home/nguyen/ros2_ws/src/ros2_arctos_HCMUT/build/serial -- -j12 -l12
[0.801s] DEBUG:colcon.colcon_core.event_handler.log_command:Invoking command in '/home/nguyen/ros2_ws/src/ros2_arctos_HCMUT/build/serial': CMAKE_PREFIX_PATH=${CMAKE_PREFIX_PATH}:/home/nguyen/ros2_ws_1/install/gazebo_simulation:/opt/ros/humble /usr/bin/cmake --install /home/nguyen/ros2_ws/src/ros2_arctos_HCMUT/build/serial
[0.807s] DEBUG:colcon.colcon_core.event_handler.log_command:Invoking command in '/home/nguyen/ros2_ws/src/ros2_arctos_HCMUT/build/arctos_moveit_config': CMAKE_PREFIX_PATH=/home/nguyen/ros2_ws/src/ros2_arctos_HCMUT/install/arctos_description:/home/nguyen/ros2_ws/src/install/v4l2_camera:/home/nguyen/ros2_ws/src/install/arctos_bringup:/home/nguyen/ros2_ws/src/install/arctos_hardware_interface:/home/nguyen/ros2_ws/src/install/arctos_motor_driver:/home/nguyen/ros2_ws/src/install/serial:/home/nguyen/ros2_ws/src/install/arctos_moveit_config:/home/nguyen/ros2_ws/src/install/arctos_description:/home/nguyen/ros2_ws/src/ros2_arctos_HCMUT/install/v4l2_camera:/home/nguyen/ros2_ws/src/ros2_arctos_HCMUT/install/arctos_bringup:/home/nguyen/ros2_ws/src/ros2_arctos_HCMUT/install/arctos_hardware_interface:/home/nguyen/ros2_ws/src/ros2_arctos_HCMUT/install/arctos_motor_driver:/home/nguyen/ros2_ws/src/ros2_arctos_HCMUT/install/serial:/home/nguyen/ros2_ws/src/ros2_arctos_HCMUT/install/arctos_moveit_config:/home/nguyen/ros2_ws_1/install/v4l2_camera:/home/nguyen/ros2_ws_1/install/arctos_system_tests:/home/nguyen/ros2_ws_1/install/arctos_moveit_config:/home/nguyen/ros2_ws_1/install/arctos_motor_driver:/home/nguyen/ros2_ws_1/install/arctos_gazebo:/home/nguyen/ros2_ws_1/install/arctos_description:/home/nguyen/ros2_ws_1/install/arctos_camera:/home/nguyen/ros2_ws_1/install/arctos_bringup:/home/nguyen/ros2_ws/install/arctos_bringup:/home/nguyen/ros2_ws/install/arctos_hardware_interface:/home/nguyen/ros2_ws/install/arctos_motor_driver:/home/nguyen/ros2_ws/install/serial:/home/nguyen/ros2_ws/install/arctos_moveit_config:/home/nguyen/ros2_ws/install/arctos_description:/home/nguyen/ros2_ws_1/install/gazebo_simulation:/opt/ros/humble /usr/bin/cmake --build /home/nguyen/ros2_ws/src/ros2_arctos_HCMUT/build/arctos_moveit_config -- -j12 -l12
[0.827s] DEBUG:colcon.colcon_core.event_handler.log_command:Invoked command in '/home/nguyen/ros2_ws/src/ros2_arctos_HCMUT/build/v4l2_camera' returned '0': CMAKE_PREFIX_PATH=${CMAKE_PREFIX_PATH}:/home/nguyen/ros2_ws_1/install/gazebo_simulation:/opt/ros/humble /usr/bin/cmake --build /home/nguyen/ros2_ws/src/ros2_arctos_HCMUT/build/v4l2_camera -- -j12 -l12
[0.830s] DEBUG:colcon.colcon_core.event_handler.log_command:Invoking command in '/home/nguyen/ros2_ws/src/ros2_arctos_HCMUT/build/v4l2_camera': CMAKE_PREFIX_PATH=${CMAKE_PREFIX_PATH}:/home/nguyen/ros2_ws_1/install/gazebo_simulation:/opt/ros/humble /usr/bin/cmake --install /home/nguyen/ros2_ws/src/ros2_arctos_HCMUT/build/v4l2_camera
[0.852s] Level 1:colcon.colcon_core.environment:create_environment_scripts_only(serial)
[0.853s] Level 1:colcon.colcon_core.environment:checking '/home/nguyen/ros2_ws/src/ros2_arctos_HCMUT/install/serial' for CMake module files
[0.854s] DEBUG:colcon.colcon_core.event_handler.log_command:Invoked command in '/home/nguyen/ros2_ws/src/ros2_arctos_HCMUT/build/serial' returned '0': CMAKE_PREFIX_PATH=${CMAKE_PREFIX_PATH}:/home/nguyen/ros2_ws_1/install/gazebo_simulation:/opt/ros/humble /usr/bin/cmake --install /home/nguyen/ros2_ws/src/ros2_arctos_HCMUT/build/serial
[0.854s] Level 1:colcon.colcon_core.environment:checking '/home/nguyen/ros2_ws/src/ros2_arctos_HCMUT/install/serial' for CMake config files
[0.855s] Level 1:colcon.colcon_core.shell:create_environment_hook('serial', 'cmake_prefix_path')
[0.855s] INFO:colcon.colcon_core.shell:Creating environment hook '/home/nguyen/ros2_ws/src/ros2_arctos_HCMUT/install/serial/share/serial/hook/cmake_prefix_path.ps1'
[0.856s] INFO:colcon.colcon_core.shell:Creating environment descriptor '/home/nguyen/ros2_ws/src/ros2_arctos_HCMUT/install/serial/share/serial/hook/cmake_prefix_path.dsv'
[0.857s] INFO:colcon.colcon_core.shell:Creating environment hook '/home/nguyen/ros2_ws/src/ros2_arctos_HCMUT/install/serial/share/serial/hook/cmake_prefix_path.sh'
[0.858s] Level 1:colcon.colcon_core.environment:checking '/home/nguyen/ros2_ws/src/ros2_arctos_HCMUT/install/serial/lib'
[0.859s] Level 1:colcon.colcon_core.environment:checking '/home/nguyen/ros2_ws/src/ros2_arctos_HCMUT/install/serial/bin'
[0.859s] Level 1:colcon.colcon_core.environment:checking '/home/nguyen/ros2_ws/src/ros2_arctos_HCMUT/install/serial/lib/pkgconfig/serial.pc'
[0.859s] Level 1:colcon.colcon_core.environment:checking '/home/nguyen/ros2_ws/src/ros2_arctos_HCMUT/install/serial/lib/python3.10/site-packages'
[0.860s] Level 1:colcon.colcon_core.environment:checking '/home/nguyen/ros2_ws/src/ros2_arctos_HCMUT/install/serial/bin'
[0.860s] INFO:colcon.colcon_core.shell:Creating package script '/home/nguyen/ros2_ws/src/ros2_arctos_HCMUT/install/serial/share/serial/package.ps1'
[0.861s] INFO:colcon.colcon_core.shell:Creating package descriptor '/home/nguyen/ros2_ws/src/ros2_arctos_HCMUT/install/serial/share/serial/package.dsv'
[0.862s] INFO:colcon.colcon_core.shell:Creating package script '/home/nguyen/ros2_ws/src/ros2_arctos_HCMUT/install/serial/share/serial/package.sh'
[0.863s] INFO:colcon.colcon_core.shell:Creating package script '/home/nguyen/ros2_ws/src/ros2_arctos_HCMUT/install/serial/share/serial/package.bash'
[0.864s] INFO:colcon.colcon_core.shell:Creating package script '/home/nguyen/ros2_ws/src/ros2_arctos_HCMUT/install/serial/share/serial/package.zsh'
[0.864s] Level 1:colcon.colcon_core.environment:create_file_with_runtime_dependencies(/home/nguyen/ros2_ws/src/ros2_arctos_HCMUT/install/serial/share/colcon-core/packages/serial)
[0.866s] Level 1:colcon.colcon_core.environment:create_environment_scripts_only(serial)
[0.866s] Level 1:colcon.colcon_core.environment:checking '/home/nguyen/ros2_ws/src/ros2_arctos_HCMUT/install/serial' for CMake module files
[0.867s] Level 1:colcon.colcon_core.environment:checking '/home/nguyen/ros2_ws/src/ros2_arctos_HCMUT/install/serial' for CMake config files
[0.867s] Level 1:colcon.colcon_core.shell:create_environment_hook('serial', 'cmake_prefix_path')
[0.867s] INFO:colcon.colcon_core.shell:Creating environment hook '/home/nguyen/ros2_ws/src/ros2_arctos_HCMUT/install/serial/share/serial/hook/cmake_prefix_path.ps1'
[0.868s] INFO:colcon.colcon_core.shell:Creating environment descriptor '/home/nguyen/ros2_ws/src/ros2_arctos_HCMUT/install/serial/share/serial/hook/cmake_prefix_path.dsv'
[0.869s] INFO:colcon.colcon_core.shell:Creating environment hook '/home/nguyen/ros2_ws/src/ros2_arctos_HCMUT/install/serial/share/serial/hook/cmake_prefix_path.sh'
[0.869s] Level 1:colcon.colcon_core.environment:checking '/home/nguyen/ros2_ws/src/ros2_arctos_HCMUT/install/serial/lib'
[0.870s] Level 1:colcon.colcon_core.environment:checking '/home/nguyen/ros2_ws/src/ros2_arctos_HCMUT/install/serial/bin'
[0.870s] Level 1:colcon.colcon_core.environment:checking '/home/nguyen/ros2_ws/src/ros2_arctos_HCMUT/install/serial/lib/pkgconfig/serial.pc'
[0.870s] Level 1:colcon.colcon_core.environment:checking '/home/nguyen/ros2_ws/src/ros2_arctos_HCMUT/install/serial/lib/python3.10/site-packages'
[0.870s] Level 1:colcon.colcon_core.environment:checking '/home/nguyen/ros2_ws/src/ros2_arctos_HCMUT/install/serial/bin'
[0.871s] INFO:colcon.colcon_core.shell:Creating package script '/home/nguyen/ros2_ws/src/ros2_arctos_HCMUT/install/serial/share/serial/package.ps1'
[0.872s] INFO:colcon.colcon_core.shell:Creating package descriptor '/home/nguyen/ros2_ws/src/ros2_arctos_HCMUT/install/serial/share/serial/package.dsv'
[0.873s] INFO:colcon.colcon_core.shell:Creating package script '/home/nguyen/ros2_ws/src/ros2_arctos_HCMUT/install/serial/share/serial/package.sh'
[0.873s] INFO:colcon.colcon_core.shell:Creating package script '/home/nguyen/ros2_ws/src/ros2_arctos_HCMUT/install/serial/share/serial/package.bash'
[0.874s] INFO:colcon.colcon_core.shell:Creating package script '/home/nguyen/ros2_ws/src/ros2_arctos_HCMUT/install/serial/share/serial/package.zsh'
[0.875s] Level 1:colcon.colcon_core.environment:create_file_with_runtime_dependencies(/home/nguyen/ros2_ws/src/ros2_arctos_HCMUT/install/serial/share/colcon-core/packages/serial)
[0.875s] INFO:colcon.colcon_ros.task.ament_cmake.build:Building ROS package in '/home/nguyen/ros2_ws/src/ros2_arctos_HCMUT/arctos_motor_driver' with build type 'ament_cmake'
[0.875s] INFO:colcon.colcon_cmake.task.cmake.build:Building CMake package in '/home/nguyen/ros2_ws/src/ros2_arctos_HCMUT/arctos_motor_driver'
[0.876s] INFO:colcon.colcon_core.shell:Skip shell extension 'powershell' for command environment: Not usable outside of PowerShell
[0.876s] DEBUG:colcon.colcon_core.shell:Skip shell extension 'dsv' for command environment
[0.886s] Level 1:colcon.colcon_core.environment:create_environment_scripts_only(v4l2_camera)
[0.887s] Level 1:colcon.colcon_core.environment:checking '/home/nguyen/ros2_ws/src/ros2_arctos_HCMUT/install/v4l2_camera' for CMake module files
[0.888s] DEBUG:colcon.colcon_core.event_handler.log_command:Invoked command in '/home/nguyen/ros2_ws/src/ros2_arctos_HCMUT/build/v4l2_camera' returned '0': CMAKE_PREFIX_PATH=${CMAKE_PREFIX_PATH}:/home/nguyen/ros2_ws_1/install/gazebo_simulation:/opt/ros/humble /usr/bin/cmake --install /home/nguyen/ros2_ws/src/ros2_arctos_HCMUT/build/v4l2_camera
[0.888s] Level 1:colcon.colcon_core.environment:checking '/home/nguyen/ros2_ws/src/ros2_arctos_HCMUT/install/v4l2_camera' for CMake config files
[0.889s] Level 1:colcon.colcon_core.shell:create_environment_hook('v4l2_camera', 'cmake_prefix_path')
[0.889s] INFO:colcon.colcon_core.shell:Creating environment hook '/home/nguyen/ros2_ws/src/ros2_arctos_HCMUT/install/v4l2_camera/share/v4l2_camera/hook/cmake_prefix_path.ps1'
[0.890s] INFO:colcon.colcon_core.shell:Creating environment descriptor '/home/nguyen/ros2_ws/src/ros2_arctos_HCMUT/install/v4l2_camera/share/v4l2_camera/hook/cmake_prefix_path.dsv'
[0.890s] INFO:colcon.colcon_core.shell:Creating environment hook '/home/nguyen/ros2_ws/src/ros2_arctos_HCMUT/install/v4l2_camera/share/v4l2_camera/hook/cmake_prefix_path.sh'
[0.891s] Level 1:colcon.colcon_core.environment:checking '/home/nguyen/ros2_ws/src/ros2_arctos_HCMUT/install/v4l2_camera/lib'
[0.891s] Level 1:colcon.colcon_core.shell:create_environment_hook('v4l2_camera', 'ld_library_path_lib')
[0.892s] INFO:colcon.colcon_core.shell:Creating environment hook '/home/nguyen/ros2_ws/src/ros2_arctos_HCMUT/install/v4l2_camera/share/v4l2_camera/hook/ld_library_path_lib.ps1'
[0.892s] INFO:colcon.colcon_core.shell:Creating environment descriptor '/home/nguyen/ros2_ws/src/ros2_arctos_HCMUT/install/v4l2_camera/share/v4l2_camera/hook/ld_library_path_lib.dsv'
[0.893s] INFO:colcon.colcon_core.shell:Creating environment hook '/home/nguyen/ros2_ws/src/ros2_arctos_HCMUT/install/v4l2_camera/share/v4l2_camera/hook/ld_library_path_lib.sh'
[0.893s] Level 1:colcon.colcon_core.environment:checking '/home/nguyen/ros2_ws/src/ros2_arctos_HCMUT/install/v4l2_camera/bin'
[0.893s] Level 1:colcon.colcon_core.environment:checking '/home/nguyen/ros2_ws/src/ros2_arctos_HCMUT/install/v4l2_camera/lib/pkgconfig/v4l2_camera.pc'
[0.894s] Level 1:colcon.colcon_core.environment:checking '/home/nguyen/ros2_ws/src/ros2_arctos_HCMUT/install/v4l2_camera/lib/python3.10/site-packages'
[0.894s] Level 1:colcon.colcon_core.environment:checking '/home/nguyen/ros2_ws/src/ros2_arctos_HCMUT/install/v4l2_camera/bin'
[0.895s] INFO:colcon.colcon_core.shell:Creating package script '/home/nguyen/ros2_ws/src/ros2_arctos_HCMUT/install/v4l2_camera/share/v4l2_camera/package.ps1'
[0.896s] INFO:colcon.colcon_core.shell:Creating package descriptor '/home/nguyen/ros2_ws/src/ros2_arctos_HCMUT/install/v4l2_camera/share/v4l2_camera/package.dsv'
[0.896s] INFO:colcon.colcon_core.shell:Creating package script '/home/nguyen/ros2_ws/src/ros2_arctos_HCMUT/install/v4l2_camera/share/v4l2_camera/package.sh'
[0.897s] INFO:colcon.colcon_core.shell:Creating package script '/home/nguyen/ros2_ws/src/ros2_arctos_HCMUT/install/v4l2_camera/share/v4l2_camera/package.bash'
[0.897s] INFO:colcon.colcon_core.shell:Creating package script '/home/nguyen/ros2_ws/src/ros2_arctos_HCMUT/install/v4l2_camera/share/v4l2_camera/package.zsh'
[0.898s] Level 1:colcon.colcon_core.environment:create_file_with_runtime_dependencies(/home/nguyen/ros2_ws/src/ros2_arctos_HCMUT/install/v4l2_camera/share/colcon-core/packages/v4l2_camera)
[0.899s] Level 1:colcon.colcon_core.environment:create_environment_scripts_only(v4l2_camera)
[0.899s] Level 1:colcon.colcon_core.environment:checking '/home/nguyen/ros2_ws/src/ros2_arctos_HCMUT/install/v4l2_camera' for CMake module files
[0.900s] Level 1:colcon.colcon_core.environment:checking '/home/nguyen/ros2_ws/src/ros2_arctos_HCMUT/install/v4l2_camera' for CMake config files
[0.900s] Level 1:colcon.colcon_core.shell:create_environment_hook('v4l2_camera', 'cmake_prefix_path')
[0.900s] INFO:colcon.colcon_core.shell:Creating environment hook '/home/nguyen/ros2_ws/src/ros2_arctos_HCMUT/install/v4l2_camera/share/v4l2_camera/hook/cmake_prefix_path.ps1'
[0.901s] INFO:colcon.colcon_core.shell:Creating environment descriptor '/home/nguyen/ros2_ws/src/ros2_arctos_HCMUT/install/v4l2_camera/share/v4l2_camera/hook/cmake_prefix_path.dsv'
[0.901s] INFO:colcon.colcon_core.shell:Creating environment hook '/home/nguyen/ros2_ws/src/ros2_arctos_HCMUT/install/v4l2_camera/share/v4l2_camera/hook/cmake_prefix_path.sh'
[0.902s] Level 1:colcon.colcon_core.environment:checking '/home/nguyen/ros2_ws/src/ros2_arctos_HCMUT/install/v4l2_camera/lib'
[0.902s] Level 1:colcon.colcon_core.shell:create_environment_hook('v4l2_camera', 'ld_library_path_lib')
[0.902s] INFO:colcon.colcon_core.shell:Creating environment hook '/home/nguyen/ros2_ws/src/ros2_arctos_HCMUT/install/v4l2_camera/share/v4l2_camera/hook/ld_library_path_lib.ps1'
[0.902s] INFO:colcon.colcon_core.shell:Creating environment descriptor '/home/nguyen/ros2_ws/src/ros2_arctos_HCMUT/install/v4l2_camera/share/v4l2_camera/hook/ld_library_path_lib.dsv'
[0.903s] INFO:colcon.colcon_core.shell:Creating environment hook '/home/nguyen/ros2_ws/src/ros2_arctos_HCMUT/install/v4l2_camera/share/v4l2_camera/hook/ld_library_path_lib.sh'
[0.903s] Level 1:colcon.colcon_core.environment:checking '/home/nguyen/ros2_ws/src/ros2_arctos_HCMUT/install/v4l2_camera/bin'
[0.903s] Level 1:colcon.colcon_core.environment:checking '/home/nguyen/ros2_ws/src/ros2_arctos_HCMUT/install/v4l2_camera/lib/pkgconfig/v4l2_camera.pc'
[0.904s] Level 1:colcon.colcon_core.environment:checking '/home/nguyen/ros2_ws/src/ros2_arctos_HCMUT/install/v4l2_camera/lib/python3.10/site-packages'
[0.904s] Level 1:colcon.colcon_core.environment:checking '/home/nguyen/ros2_ws/src/ros2_arctos_HCMUT/install/v4l2_camera/bin'
[0.905s] INFO:colcon.colcon_core.shell:Creating package script '/home/nguyen/ros2_ws/src/ros2_arctos_HCMUT/install/v4l2_camera/share/v4l2_camera/package.ps1'
[0.905s] INFO:colcon.colcon_core.shell:Creating package descriptor '/home/nguyen/ros2_ws/src/ros2_arctos_HCMUT/install/v4l2_camera/share/v4l2_camera/package.dsv'
[0.906s] INFO:colcon.colcon_core.shell:Creating package script '/home/nguyen/ros2_ws/src/ros2_arctos_HCMUT/install/v4l2_camera/share/v4l2_camera/package.sh'
[0.906s] INFO:colcon.colcon_core.shell:Creating package script '/home/nguyen/ros2_ws/src/ros2_arctos_HCMUT/install/v4l2_camera/share/v4l2_camera/package.bash'
[0.907s] INFO:colcon.colcon_core.shell:Creating package script '/home/nguyen/ros2_ws/src/ros2_arctos_HCMUT/install/v4l2_camera/share/v4l2_camera/package.zsh'
[0.907s] Level 1:colcon.colcon_core.environment:create_file_with_runtime_dependencies(/home/nguyen/ros2_ws/src/ros2_arctos_HCMUT/install/v4l2_camera/share/colcon-core/packages/v4l2_camera)
[0.916s] DEBUG:colcon.colcon_core.event_handler.log_command:Invoking command in '/home/nguyen/ros2_ws/src/ros2_arctos_HCMUT/build/arctos_motor_driver': CMAKE_PREFIX_PATH=/home/nguyen/ros2_ws/src/ros2_arctos_HCMUT/install/serial:/home/nguyen/ros2_ws/src/install/v4l2_camera:/home/nguyen/ros2_ws/src/install/arctos_bringup:/home/nguyen/ros2_ws/src/install/arctos_hardware_interface:/home/nguyen/ros2_ws/src/install/arctos_motor_driver:/home/nguyen/ros2_ws/src/install/serial:/home/nguyen/ros2_ws/src/install/arctos_moveit_config:/home/nguyen/ros2_ws/src/install/arctos_description:/home/nguyen/ros2_ws/src/ros2_arctos_HCMUT/install/v4l2_camera:/home/nguyen/ros2_ws/src/ros2_arctos_HCMUT/install/arctos_bringup:/home/nguyen/ros2_ws/src/ros2_arctos_HCMUT/install/arctos_hardware_interface:/home/nguyen/ros2_ws/src/ros2_arctos_HCMUT/install/arctos_motor_driver:/home/nguyen/ros2_ws/src/ros2_arctos_HCMUT/install/arctos_moveit_config:/home/nguyen/ros2_ws/src/ros2_arctos_HCMUT/install/arctos_description:/home/nguyen/ros2_ws_1/install/v4l2_camera:/home/nguyen/ros2_ws_1/install/arctos_system_tests:/home/nguyen/ros2_ws_1/install/arctos_moveit_config:/home/nguyen/ros2_ws_1/install/arctos_motor_driver:/home/nguyen/ros2_ws_1/install/arctos_gazebo:/home/nguyen/ros2_ws_1/install/arctos_description:/home/nguyen/ros2_ws_1/install/arctos_camera:/home/nguyen/ros2_ws_1/install/arctos_bringup:/home/nguyen/ros2_ws/install/arctos_bringup:/home/nguyen/ros2_ws/install/arctos_hardware_interface:/home/nguyen/ros2_ws/install/arctos_motor_driver:/home/nguyen/ros2_ws/install/serial:/home/nguyen/ros2_ws/install/arctos_moveit_config:/home/nguyen/ros2_ws/install/arctos_description:/home/nguyen/ros2_ws_1/install/gazebo_simulation:/opt/ros/humble /usr/bin/cmake --build /home/nguyen/ros2_ws/src/ros2_arctos_HCMUT/build/arctos_motor_driver -- -j12 -l12
[0.917s] DEBUG:colcon.colcon_core.event_handler.log_command:Invoked command in '/home/nguyen/ros2_ws/src/ros2_arctos_HCMUT/build/arctos_moveit_config' returned '0': CMAKE_PREFIX_PATH=/home/nguyen/ros2_ws/src/ros2_arctos_HCMUT/install/arctos_description:/home/nguyen/ros2_ws/src/install/v4l2_camera:/home/nguyen/ros2_ws/src/install/arctos_bringup:/home/nguyen/ros2_ws/src/install/arctos_hardware_interface:/home/nguyen/ros2_ws/src/install/arctos_motor_driver:/home/nguyen/ros2_ws/src/install/serial:/home/nguyen/ros2_ws/src/install/arctos_moveit_config:/home/nguyen/ros2_ws/src/install/arctos_description:/home/nguyen/ros2_ws/src/ros2_arctos_HCMUT/install/v4l2_camera:/home/nguyen/ros2_ws/src/ros2_arctos_HCMUT/install/arctos_bringup:/home/nguyen/ros2_ws/src/ros2_arctos_HCMUT/install/arctos_hardware_interface:/home/nguyen/ros2_ws/src/ros2_arctos_HCMUT/install/arctos_motor_driver:/home/nguyen/ros2_ws/src/ros2_arctos_HCMUT/install/serial:/home/nguyen/ros2_ws/src/ros2_arctos_HCMUT/install/arctos_moveit_config:/home/nguyen/ros2_ws_1/install/v4l2_camera:/home/nguyen/ros2_ws_1/install/arctos_system_tests:/home/nguyen/ros2_ws_1/install/arctos_moveit_config:/home/nguyen/ros2_ws_1/install/arctos_motor_driver:/home/nguyen/ros2_ws_1/install/arctos_gazebo:/home/nguyen/ros2_ws_1/install/arctos_description:/home/nguyen/ros2_ws_1/install/arctos_camera:/home/nguyen/ros2_ws_1/install/arctos_bringup:/home/nguyen/ros2_ws/install/arctos_bringup:/home/nguyen/ros2_ws/install/arctos_hardware_interface:/home/nguyen/ros2_ws/install/arctos_motor_driver:/home/nguyen/ros2_ws/install/serial:/home/nguyen/ros2_ws/install/arctos_moveit_config:/home/nguyen/ros2_ws/install/arctos_description:/home/nguyen/ros2_ws_1/install/gazebo_simulation:/opt/ros/humble /usr/bin/cmake --build /home/nguyen/ros2_ws/src/ros2_arctos_HCMUT/build/arctos_moveit_config -- -j12 -l12
[0.920s] DEBUG:colcon.colcon_core.event_handler.log_command:Invoking command in '/home/nguyen/ros2_ws/src/ros2_arctos_HCMUT/build/arctos_moveit_config': CMAKE_PREFIX_PATH=/home/nguyen/ros2_ws/src/ros2_arctos_HCMUT/install/arctos_description:/home/nguyen/ros2_ws/src/install/v4l2_camera:/home/nguyen/ros2_ws/src/install/arctos_bringup:/home/nguyen/ros2_ws/src/install/arctos_hardware_interface:/home/nguyen/ros2_ws/src/install/arctos_motor_driver:/home/nguyen/ros2_ws/src/install/serial:/home/nguyen/ros2_ws/src/install/arctos_moveit_config:/home/nguyen/ros2_ws/src/install/arctos_description:/home/nguyen/ros2_ws/src/ros2_arctos_HCMUT/install/v4l2_camera:/home/nguyen/ros2_ws/src/ros2_arctos_HCMUT/install/arctos_bringup:/home/nguyen/ros2_ws/src/ros2_arctos_HCMUT/install/arctos_hardware_interface:/home/nguyen/ros2_ws/src/ros2_arctos_HCMUT/install/arctos_motor_driver:/home/nguyen/ros2_ws/src/ros2_arctos_HCMUT/install/serial:/home/nguyen/ros2_ws/src/ros2_arctos_HCMUT/install/arctos_moveit_config:/home/nguyen/ros2_ws_1/install/v4l2_camera:/home/nguyen/ros2_ws_1/install/arctos_system_tests:/home/nguyen/ros2_ws_1/install/arctos_moveit_config:/home/nguyen/ros2_ws_1/install/arctos_motor_driver:/home/nguyen/ros2_ws_1/install/arctos_gazebo:/home/nguyen/ros2_ws_1/install/arctos_description:/home/nguyen/ros2_ws_1/install/arctos_camera:/home/nguyen/ros2_ws_1/install/arctos_bringup:/home/nguyen/ros2_ws/install/arctos_bringup:/home/nguyen/ros2_ws/install/arctos_hardware_interface:/home/nguyen/ros2_ws/install/arctos_motor_driver:/home/nguyen/ros2_ws/install/serial:/home/nguyen/ros2_ws/install/arctos_moveit_config:/home/nguyen/ros2_ws/install/arctos_description:/home/nguyen/ros2_ws_1/install/gazebo_simulation:/opt/ros/humble /usr/bin/cmake --install /home/nguyen/ros2_ws/src/ros2_arctos_HCMUT/build/arctos_moveit_config
[0.968s] Level 1:colcon.colcon_core.environment:create_environment_scripts_only(arctos_moveit_config)
[0.968s] Level 1:colcon.colcon_core.environment:checking '/home/nguyen/ros2_ws/src/ros2_arctos_HCMUT/install/arctos_moveit_config' for CMake module files
[0.969s] DEBUG:colcon.colcon_core.event_handler.log_command:Invoked command in '/home/nguyen/ros2_ws/src/ros2_arctos_HCMUT/build/arctos_moveit_config' returned '0': CMAKE_PREFIX_PATH=/home/nguyen/ros2_ws/src/ros2_arctos_HCMUT/install/arctos_description:/home/nguyen/ros2_ws/src/install/v4l2_camera:/home/nguyen/ros2_ws/src/install/arctos_bringup:/home/nguyen/ros2_ws/src/install/arctos_hardware_interface:/home/nguyen/ros2_ws/src/install/arctos_motor_driver:/home/nguyen/ros2_ws/src/install/serial:/home/nguyen/ros2_ws/src/install/arctos_moveit_config:/home/nguyen/ros2_ws/src/install/arctos_description:/home/nguyen/ros2_ws/src/ros2_arctos_HCMUT/install/v4l2_camera:/home/nguyen/ros2_ws/src/ros2_arctos_HCMUT/install/arctos_bringup:/home/nguyen/ros2_ws/src/ros2_arctos_HCMUT/install/arctos_hardware_interface:/home/nguyen/ros2_ws/src/ros2_arctos_HCMUT/install/arctos_motor_driver:/home/nguyen/ros2_ws/src/ros2_arctos_HCMUT/install/serial:/home/nguyen/ros2_ws/src/ros2_arctos_HCMUT/install/arctos_moveit_config:/home/nguyen/ros2_ws_1/install/v4l2_camera:/home/nguyen/ros2_ws_1/install/arctos_system_tests:/home/nguyen/ros2_ws_1/install/arctos_moveit_config:/home/nguyen/ros2_ws_1/install/arctos_motor_driver:/home/nguyen/ros2_ws_1/install/arctos_gazebo:/home/nguyen/ros2_ws_1/install/arctos_description:/home/nguyen/ros2_ws_1/install/arctos_camera:/home/nguyen/ros2_ws_1/install/arctos_bringup:/home/nguyen/ros2_ws/install/arctos_bringup:/home/nguyen/ros2_ws/install/arctos_hardware_interface:/home/nguyen/ros2_ws/install/arctos_motor_driver:/home/nguyen/ros2_ws/install/serial:/home/nguyen/ros2_ws/install/arctos_moveit_config:/home/nguyen/ros2_ws/install/arctos_description:/home/nguyen/ros2_ws_1/install/gazebo_simulation:/opt/ros/humble /usr/bin/cmake --install /home/nguyen/ros2_ws/src/ros2_arctos_HCMUT/build/arctos_moveit_config
[0.969s] Level 1:colcon.colcon_core.environment:checking '/home/nguyen/ros2_ws/src/ros2_arctos_HCMUT/install/arctos_moveit_config' for CMake config files
[0.970s] Level 1:colcon.colcon_core.shell:create_environment_hook('arctos_moveit_config', 'cmake_prefix_path')
[0.971s] INFO:colcon.colcon_core.shell:Creating environment hook '/home/nguyen/ros2_ws/src/ros2_arctos_HCMUT/install/arctos_moveit_config/share/arctos_moveit_config/hook/cmake_prefix_path.ps1'
[0.972s] INFO:colcon.colcon_core.shell:Creating environment descriptor '/home/nguyen/ros2_ws/src/ros2_arctos_HCMUT/install/arctos_moveit_config/share/arctos_moveit_config/hook/cmake_prefix_path.dsv'
[0.972s] INFO:colcon.colcon_core.shell:Creating environment hook '/home/nguyen/ros2_ws/src/ros2_arctos_HCMUT/install/arctos_moveit_config/share/arctos_moveit_config/hook/cmake_prefix_path.sh'
[0.973s] Level 1:colcon.colcon_core.environment:checking '/home/nguyen/ros2_ws/src/ros2_arctos_HCMUT/install/arctos_moveit_config/bin'
[0.973s] Level 1:colcon.colcon_core.environment:checking '/home/nguyen/ros2_ws/src/ros2_arctos_HCMUT/install/arctos_moveit_config/lib/pkgconfig/arctos_moveit_config.pc'
[0.974s] Level 1:colcon.colcon_core.environment:checking '/home/nguyen/ros2_ws/src/ros2_arctos_HCMUT/install/arctos_moveit_config/lib/python3.10/site-packages'
[0.974s] Level 1:colcon.colcon_core.environment:checking '/home/nguyen/ros2_ws/src/ros2_arctos_HCMUT/install/arctos_moveit_config/bin'
[0.975s] INFO:colcon.colcon_core.shell:Creating package script '/home/nguyen/ros2_ws/src/ros2_arctos_HCMUT/install/arctos_moveit_config/share/arctos_moveit_config/package.ps1'
[0.976s] INFO:colcon.colcon_core.shell:Creating package descriptor '/home/nguyen/ros2_ws/src/ros2_arctos_HCMUT/install/arctos_moveit_config/share/arctos_moveit_config/package.dsv'
[0.977s] INFO:colcon.colcon_core.shell:Creating package script '/home/nguyen/ros2_ws/src/ros2_arctos_HCMUT/install/arctos_moveit_config/share/arctos_moveit_config/package.sh'
[0.977s] INFO:colcon.colcon_core.shell:Creating package script '/home/nguyen/ros2_ws/src/ros2_arctos_HCMUT/install/arctos_moveit_config/share/arctos_moveit_config/package.bash'
[0.978s] INFO:colcon.colcon_core.shell:Creating package script '/home/nguyen/ros2_ws/src/ros2_arctos_HCMUT/install/arctos_moveit_config/share/arctos_moveit_config/package.zsh'
[0.978s] Level 1:colcon.colcon_core.environment:create_file_with_runtime_dependencies(/home/nguyen/ros2_ws/src/ros2_arctos_HCMUT/install/arctos_moveit_config/share/colcon-core/packages/arctos_moveit_config)
[0.979s] Level 1:colcon.colcon_core.environment:create_environment_scripts_only(arctos_moveit_config)
[0.980s] Level 1:colcon.colcon_core.environment:checking '/home/nguyen/ros2_ws/src/ros2_arctos_HCMUT/install/arctos_moveit_config' for CMake module files
[0.980s] Level 1:colcon.colcon_core.environment:checking '/home/nguyen/ros2_ws/src/ros2_arctos_HCMUT/install/arctos_moveit_config' for CMake config files
[0.981s] Level 1:colcon.colcon_core.shell:create_environment_hook('arctos_moveit_config', 'cmake_prefix_path')
[0.981s] INFO:colcon.colcon_core.shell:Creating environment hook '/home/nguyen/ros2_ws/src/ros2_arctos_HCMUT/install/arctos_moveit_config/share/arctos_moveit_config/hook/cmake_prefix_path.ps1'
[0.982s] INFO:colcon.colcon_core.shell:Creating environment descriptor '/home/nguyen/ros2_ws/src/ros2_arctos_HCMUT/install/arctos_moveit_config/share/arctos_moveit_config/hook/cmake_prefix_path.dsv'
[0.982s] INFO:colcon.colcon_core.shell:Creating environment hook '/home/nguyen/ros2_ws/src/ros2_arctos_HCMUT/install/arctos_moveit_config/share/arctos_moveit_config/hook/cmake_prefix_path.sh'
[0.983s] Level 1:colcon.colcon_core.environment:checking '/home/nguyen/ros2_ws/src/ros2_arctos_HCMUT/install/arctos_moveit_config/bin'
[0.983s] Level 1:colcon.colcon_core.environment:checking '/home/nguyen/ros2_ws/src/ros2_arctos_HCMUT/install/arctos_moveit_config/lib/pkgconfig/arctos_moveit_config.pc'
[0.984s] Level 1:colcon.colcon_core.environment:checking '/home/nguyen/ros2_ws/src/ros2_arctos_HCMUT/install/arctos_moveit_config/lib/python3.10/site-packages'
[0.984s] Level 1:colcon.colcon_core.environment:checking '/home/nguyen/ros2_ws/src/ros2_arctos_HCMUT/install/arctos_moveit_config/bin'
[0.985s] INFO:colcon.colcon_core.shell:Creating package script '/home/nguyen/ros2_ws/src/ros2_arctos_HCMUT/install/arctos_moveit_config/share/arctos_moveit_config/package.ps1'
[0.985s] INFO:colcon.colcon_core.shell:Creating package descriptor '/home/nguyen/ros2_ws/src/ros2_arctos_HCMUT/install/arctos_moveit_config/share/arctos_moveit_config/package.dsv'
[0.986s] INFO:colcon.colcon_core.shell:Creating package script '/home/nguyen/ros2_ws/src/ros2_arctos_HCMUT/install/arctos_moveit_config/share/arctos_moveit_config/package.sh'
[0.987s] INFO:colcon.colcon_core.shell:Creating package script '/home/nguyen/ros2_ws/src/ros2_arctos_HCMUT/install/arctos_moveit_config/share/arctos_moveit_config/package.bash'
[0.987s] INFO:colcon.colcon_core.shell:Creating package script '/home/nguyen/ros2_ws/src/ros2_arctos_HCMUT/install/arctos_moveit_config/share/arctos_moveit_config/package.zsh'
[0.988s] Level 1:colcon.colcon_core.environment:create_file_with_runtime_dependencies(/home/nguyen/ros2_ws/src/ros2_arctos_HCMUT/install/arctos_moveit_config/share/colcon-core/packages/arctos_moveit_config)
[1.116s] DEBUG:colcon.colcon_core.event_handler.log_command:Invoked command in '/home/nguyen/ros2_ws/src/ros2_arctos_HCMUT/build/arctos_motor_driver' returned '0': CMAKE_PREFIX_PATH=/home/nguyen/ros2_ws/src/ros2_arctos_HCMUT/install/serial:/home/nguyen/ros2_ws/src/install/v4l2_camera:/home/nguyen/ros2_ws/src/install/arctos_bringup:/home/nguyen/ros2_ws/src/install/arctos_hardware_interface:/home/nguyen/ros2_ws/src/install/arctos_motor_driver:/home/nguyen/ros2_ws/src/install/serial:/home/nguyen/ros2_ws/src/install/arctos_moveit_config:/home/nguyen/ros2_ws/src/install/arctos_description:/home/nguyen/ros2_ws/src/ros2_arctos_HCMUT/install/v4l2_camera:/home/nguyen/ros2_ws/src/ros2_arctos_HCMUT/install/arctos_bringup:/home/nguyen/ros2_ws/src/ros2_arctos_HCMUT/install/arctos_hardware_interface:/home/nguyen/ros2_ws/src/ros2_arctos_HCMUT/install/arctos_motor_driver:/home/nguyen/ros2_ws/src/ros2_arctos_HCMUT/install/arctos_moveit_config:/home/nguyen/ros2_ws/src/ros2_arctos_HCMUT/install/arctos_description:/home/nguyen/ros2_ws_1/install/v4l2_camera:/home/nguyen/ros2_ws_1/install/arctos_system_tests:/home/nguyen/ros2_ws_1/install/arctos_moveit_config:/home/nguyen/ros2_ws_1/install/arctos_motor_driver:/home/nguyen/ros2_ws_1/install/arctos_gazebo:/home/nguyen/ros2_ws_1/install/arctos_description:/home/nguyen/ros2_ws_1/install/arctos_camera:/home/nguyen/ros2_ws_1/install/arctos_bringup:/home/nguyen/ros2_ws/install/arctos_bringup:/home/nguyen/ros2_ws/install/arctos_hardware_interface:/home/nguyen/ros2_ws/install/arctos_motor_driver:/home/nguyen/ros2_ws/install/serial:/home/nguyen/ros2_ws/install/arctos_moveit_config:/home/nguyen/ros2_ws/install/arctos_description:/home/nguyen/ros2_ws_1/install/gazebo_simulation:/opt/ros/humble /usr/bin/cmake --build /home/nguyen/ros2_ws/src/ros2_arctos_HCMUT/build/arctos_motor_driver -- -j12 -l12
[1.118s] DEBUG:colcon.colcon_core.event_handler.log_command:Invoking command in '/home/nguyen/ros2_ws/src/ros2_arctos_HCMUT/build/arctos_motor_driver': CMAKE_PREFIX_PATH=/home/nguyen/ros2_ws/src/ros2_arctos_HCMUT/install/serial:/home/nguyen/ros2_ws/src/install/v4l2_camera:/home/nguyen/ros2_ws/src/install/arctos_bringup:/home/nguyen/ros2_ws/src/install/arctos_hardware_interface:/home/nguyen/ros2_ws/src/install/arctos_motor_driver:/home/nguyen/ros2_ws/src/install/serial:/home/nguyen/ros2_ws/src/install/arctos_moveit_config:/home/nguyen/ros2_ws/src/install/arctos_description:/home/nguyen/ros2_ws/src/ros2_arctos_HCMUT/install/v4l2_camera:/home/nguyen/ros2_ws/src/ros2_arctos_HCMUT/install/arctos_bringup:/home/nguyen/ros2_ws/src/ros2_arctos_HCMUT/install/arctos_hardware_interface:/home/nguyen/ros2_ws/src/ros2_arctos_HCMUT/install/arctos_motor_driver:/home/nguyen/ros2_ws/src/ros2_arctos_HCMUT/install/arctos_moveit_config:/home/nguyen/ros2_ws/src/ros2_arctos_HCMUT/install/arctos_description:/home/nguyen/ros2_ws_1/install/v4l2_camera:/home/nguyen/ros2_ws_1/install/arctos_system_tests:/home/nguyen/ros2_ws_1/install/arctos_moveit_config:/home/nguyen/ros2_ws_1/install/arctos_motor_driver:/home/nguyen/ros2_ws_1/install/arctos_gazebo:/home/nguyen/ros2_ws_1/install/arctos_description:/home/nguyen/ros2_ws_1/install/arctos_camera:/home/nguyen/ros2_ws_1/install/arctos_bringup:/home/nguyen/ros2_ws/install/arctos_bringup:/home/nguyen/ros2_ws/install/arctos_hardware_interface:/home/nguyen/ros2_ws/install/arctos_motor_driver:/home/nguyen/ros2_ws/install/serial:/home/nguyen/ros2_ws/install/arctos_moveit_config:/home/nguyen/ros2_ws/install/arctos_description:/home/nguyen/ros2_ws_1/install/gazebo_simulation:/opt/ros/humble /usr/bin/cmake --install /home/nguyen/ros2_ws/src/ros2_arctos_HCMUT/build/arctos_motor_driver
[1.165s] Level 1:colcon.colcon_core.environment:create_environment_scripts_only(arctos_motor_driver)
[1.166s] DEBUG:colcon.colcon_core.event_handler.log_command:Invoked command in '/home/nguyen/ros2_ws/src/ros2_arctos_HCMUT/build/arctos_motor_driver' returned '0': CMAKE_PREFIX_PATH=/home/nguyen/ros2_ws/src/ros2_arctos_HCMUT/install/serial:/home/nguyen/ros2_ws/src/install/v4l2_camera:/home/nguyen/ros2_ws/src/install/arctos_bringup:/home/nguyen/ros2_ws/src/install/arctos_hardware_interface:/home/nguyen/ros2_ws/src/install/arctos_motor_driver:/home/nguyen/ros2_ws/src/install/serial:/home/nguyen/ros2_ws/src/install/arctos_moveit_config:/home/nguyen/ros2_ws/src/install/arctos_description:/home/nguyen/ros2_ws/src/ros2_arctos_HCMUT/install/v4l2_camera:/home/nguyen/ros2_ws/src/ros2_arctos_HCMUT/install/arctos_bringup:/home/nguyen/ros2_ws/src/ros2_arctos_HCMUT/install/arctos_hardware_interface:/home/nguyen/ros2_ws/src/ros2_arctos_HCMUT/install/arctos_motor_driver:/home/nguyen/ros2_ws/src/ros2_arctos_HCMUT/install/arctos_moveit_config:/home/nguyen/ros2_ws/src/ros2_arctos_HCMUT/install/arctos_description:/home/nguyen/ros2_ws_1/install/v4l2_camera:/home/nguyen/ros2_ws_1/install/arctos_system_tests:/home/nguyen/ros2_ws_1/install/arctos_moveit_config:/home/nguyen/ros2_ws_1/install/arctos_motor_driver:/home/nguyen/ros2_ws_1/install/arctos_gazebo:/home/nguyen/ros2_ws_1/install/arctos_description:/home/nguyen/ros2_ws_1/install/arctos_camera:/home/nguyen/ros2_ws_1/install/arctos_bringup:/home/nguyen/ros2_ws/install/arctos_bringup:/home/nguyen/ros2_ws/install/arctos_hardware_interface:/home/nguyen/ros2_ws/install/arctos_motor_driver:/home/nguyen/ros2_ws/install/serial:/home/nguyen/ros2_ws/install/arctos_moveit_config:/home/nguyen/ros2_ws/install/arctos_description:/home/nguyen/ros2_ws_1/install/gazebo_simulation:/opt/ros/humble /usr/bin/cmake --install /home/nguyen/ros2_ws/src/ros2_arctos_HCMUT/build/arctos_motor_driver
[1.166s] Level 1:colcon.colcon_core.environment:checking '/home/nguyen/ros2_ws/src/ros2_arctos_HCMUT/install/arctos_motor_driver' for CMake module files
[1.167s] Level 1:colcon.colcon_core.environment:checking '/home/nguyen/ros2_ws/src/ros2_arctos_HCMUT/install/arctos_motor_driver' for CMake config files
[1.167s] Level 1:colcon.colcon_core.shell:create_environment_hook('arctos_motor_driver', 'cmake_prefix_path')
[1.168s] INFO:colcon.colcon_core.shell:Creating environment hook '/home/nguyen/ros2_ws/src/ros2_arctos_HCMUT/install/arctos_motor_driver/share/arctos_motor_driver/hook/cmake_prefix_path.ps1'
[1.168s] INFO:colcon.colcon_core.shell:Creating environment descriptor '/home/nguyen/ros2_ws/src/ros2_arctos_HCMUT/install/arctos_motor_driver/share/arctos_motor_driver/hook/cmake_prefix_path.dsv'
[1.169s] INFO:colcon.colcon_core.shell:Creating environment hook '/home/nguyen/ros2_ws/src/ros2_arctos_HCMUT/install/arctos_motor_driver/share/arctos_motor_driver/hook/cmake_prefix_path.sh'
[1.169s] Level 1:colcon.colcon_core.environment:checking '/home/nguyen/ros2_ws/src/ros2_arctos_HCMUT/install/arctos_motor_driver/lib'
[1.170s] Level 1:colcon.colcon_core.shell:create_environment_hook('arctos_motor_driver', 'ld_library_path_lib')
[1.170s] INFO:colcon.colcon_core.shell:Creating environment hook '/home/nguyen/ros2_ws/src/ros2_arctos_HCMUT/install/arctos_motor_driver/share/arctos_motor_driver/hook/ld_library_path_lib.ps1'
[1.170s] INFO:colcon.colcon_core.shell:Creating environment descriptor '/home/nguyen/ros2_ws/src/ros2_arctos_HCMUT/install/arctos_motor_driver/share/arctos_motor_driver/hook/ld_library_path_lib.dsv'
[1.171s] INFO:colcon.colcon_core.shell:Creating environment hook '/home/nguyen/ros2_ws/src/ros2_arctos_HCMUT/install/arctos_motor_driver/share/arctos_motor_driver/hook/ld_library_path_lib.sh'
[1.171s] Level 1:colcon.colcon_core.environment:checking '/home/nguyen/ros2_ws/src/ros2_arctos_HCMUT/install/arctos_motor_driver/bin'
[1.171s] Level 1:colcon.colcon_core.environment:checking '/home/nguyen/ros2_ws/src/ros2_arctos_HCMUT/install/arctos_motor_driver/lib/pkgconfig/arctos_motor_driver.pc'
[1.172s] Level 1:colcon.colcon_core.environment:checking '/home/nguyen/ros2_ws/src/ros2_arctos_HCMUT/install/arctos_motor_driver/lib/python3.10/site-packages'
[1.172s] Level 1:colcon.colcon_core.environment:checking '/home/nguyen/ros2_ws/src/ros2_arctos_HCMUT/install/arctos_motor_driver/bin'
[1.173s] INFO:colcon.colcon_core.shell:Creating package script '/home/nguyen/ros2_ws/src/ros2_arctos_HCMUT/install/arctos_motor_driver/share/arctos_motor_driver/package.ps1'
[1.173s] INFO:colcon.colcon_core.shell:Creating package descriptor '/home/nguyen/ros2_ws/src/ros2_arctos_HCMUT/install/arctos_motor_driver/share/arctos_motor_driver/package.dsv'
[1.174s] INFO:colcon.colcon_core.shell:Creating package script '/home/nguyen/ros2_ws/src/ros2_arctos_HCMUT/install/arctos_motor_driver/share/arctos_motor_driver/package.sh'
[1.174s] INFO:colcon.colcon_core.shell:Creating package script '/home/nguyen/ros2_ws/src/ros2_arctos_HCMUT/install/arctos_motor_driver/share/arctos_motor_driver/package.bash'
[1.175s] INFO:colcon.colcon_core.shell:Creating package script '/home/nguyen/ros2_ws/src/ros2_arctos_HCMUT/install/arctos_motor_driver/share/arctos_motor_driver/package.zsh'
[1.175s] Level 1:colcon.colcon_core.environment:create_file_with_runtime_dependencies(/home/nguyen/ros2_ws/src/ros2_arctos_HCMUT/install/arctos_motor_driver/share/colcon-core/packages/arctos_motor_driver)
[1.176s] Level 1:colcon.colcon_core.environment:create_environment_scripts_only(arctos_motor_driver)
[1.176s] Level 1:colcon.colcon_core.environment:checking '/home/nguyen/ros2_ws/src/ros2_arctos_HCMUT/install/arctos_motor_driver' for CMake module files
[1.177s] Level 1:colcon.colcon_core.environment:checking '/home/nguyen/ros2_ws/src/ros2_arctos_HCMUT/install/arctos_motor_driver' for CMake config files
[1.177s] Level 1:colcon.colcon_core.shell:create_environment_hook('arctos_motor_driver', 'cmake_prefix_path')
[1.178s] INFO:colcon.colcon_core.shell:Creating environment hook '/home/nguyen/ros2_ws/src/ros2_arctos_HCMUT/install/arctos_motor_driver/share/arctos_motor_driver/hook/cmake_prefix_path.ps1'
[1.178s] INFO:colcon.colcon_core.shell:Creating environment descriptor '/home/nguyen/ros2_ws/src/ros2_arctos_HCMUT/install/arctos_motor_driver/share/arctos_motor_driver/hook/cmake_prefix_path.dsv'
[1.179s] INFO:colcon.colcon_core.shell:Creating environment hook '/home/nguyen/ros2_ws/src/ros2_arctos_HCMUT/install/arctos_motor_driver/share/arctos_motor_driver/hook/cmake_prefix_path.sh'
[1.180s] Level 1:colcon.colcon_core.environment:checking '/home/nguyen/ros2_ws/src/ros2_arctos_HCMUT/install/arctos_motor_driver/lib'
[1.180s] Level 1:colcon.colcon_core.shell:create_environment_hook('arctos_motor_driver', 'ld_library_path_lib')
[1.180s] INFO:colcon.colcon_core.shell:Creating environment hook '/home/nguyen/ros2_ws/src/ros2_arctos_HCMUT/install/arctos_motor_driver/share/arctos_motor_driver/hook/ld_library_path_lib.ps1'
[1.181s] INFO:colcon.colcon_core.shell:Creating environment descriptor '/home/nguyen/ros2_ws/src/ros2_arctos_HCMUT/install/arctos_motor_driver/share/arctos_motor_driver/hook/ld_library_path_lib.dsv'
[1.181s] INFO:colcon.colcon_core.shell:Creating environment hook '/home/nguyen/ros2_ws/src/ros2_arctos_HCMUT/install/arctos_motor_driver/share/arctos_motor_driver/hook/ld_library_path_lib.sh'
[1.182s] Level 1:colcon.colcon_core.environment:checking '/home/nguyen/ros2_ws/src/ros2_arctos_HCMUT/install/arctos_motor_driver/bin'
[1.182s] Level 1:colcon.colcon_core.environment:checking '/home/nguyen/ros2_ws/src/ros2_arctos_HCMUT/install/arctos_motor_driver/lib/pkgconfig/arctos_motor_driver.pc'
[1.182s] Level 1:colcon.colcon_core.environment:checking '/home/nguyen/ros2_ws/src/ros2_arctos_HCMUT/install/arctos_motor_driver/lib/python3.10/site-packages'
[1.183s] Level 1:colcon.colcon_core.environment:checking '/home/nguyen/ros2_ws/src/ros2_arctos_HCMUT/install/arctos_motor_driver/bin'
[1.183s] INFO:colcon.colcon_core.shell:Creating package script '/home/nguyen/ros2_ws/src/ros2_arctos_HCMUT/install/arctos_motor_driver/share/arctos_motor_driver/package.ps1'
[1.184s] INFO:colcon.colcon_core.shell:Creating package descriptor '/home/nguyen/ros2_ws/src/ros2_arctos_HCMUT/install/arctos_motor_driver/share/arctos_motor_driver/package.dsv'
[1.184s] INFO:colcon.colcon_core.shell:Creating package script '/home/nguyen/ros2_ws/src/ros2_arctos_HCMUT/install/arctos_motor_driver/share/arctos_motor_driver/package.sh'
[1.185s] INFO:colcon.colcon_core.shell:Creating package script '/home/nguyen/ros2_ws/src/ros2_arctos_HCMUT/install/arctos_motor_driver/share/arctos_motor_driver/package.bash'
[1.185s] INFO:colcon.colcon_core.shell:Creating package script '/home/nguyen/ros2_ws/src/ros2_arctos_HCMUT/install/arctos_motor_driver/share/arctos_motor_driver/package.zsh'
[1.186s] Level 1:colcon.colcon_core.environment:create_file_with_runtime_dependencies(/home/nguyen/ros2_ws/src/ros2_arctos_HCMUT/install/arctos_motor_driver/share/colcon-core/packages/arctos_motor_driver)
[1.186s] INFO:colcon.colcon_ros.task.ament_cmake.build:Building ROS package in '/home/nguyen/ros2_ws/src/ros2_arctos_HCMUT/arctos_hardware_interface' with build type 'ament_cmake'
[1.186s] INFO:colcon.colcon_cmake.task.cmake.build:Building CMake package in '/home/nguyen/ros2_ws/src/ros2_arctos_HCMUT/arctos_hardware_interface'
[1.187s] INFO:colcon.colcon_core.shell:Skip shell extension 'powershell' for command environment: Not usable outside of PowerShell
[1.187s] DEBUG:colcon.colcon_core.shell:Skip shell extension 'dsv' for command environment
[1.220s] DEBUG:colcon.colcon_core.event_handler.log_command:Invoking command in '/home/nguyen/ros2_ws/src/ros2_arctos_HCMUT/build/arctos_hardware_interface': CMAKE_PREFIX_PATH=/home/nguyen/ros2_ws/src/ros2_arctos_HCMUT/install/arctos_motor_driver:/home/nguyen/ros2_ws/src/ros2_arctos_HCMUT/install/serial:/home/nguyen/ros2_ws/src/install/v4l2_camera:/home/nguyen/ros2_ws/src/install/arctos_bringup:/home/nguyen/ros2_ws/src/install/arctos_hardware_interface:/home/nguyen/ros2_ws/src/install/arctos_motor_driver:/home/nguyen/ros2_ws/src/install/serial:/home/nguyen/ros2_ws/src/install/arctos_moveit_config:/home/nguyen/ros2_ws/src/install/arctos_description:/home/nguyen/ros2_ws/src/ros2_arctos_HCMUT/install/v4l2_camera:/home/nguyen/ros2_ws/src/ros2_arctos_HCMUT/install/arctos_bringup:/home/nguyen/ros2_ws/src/ros2_arctos_HCMUT/install/arctos_hardware_interface:/home/nguyen/ros2_ws/src/ros2_arctos_HCMUT/install/arctos_moveit_config:/home/nguyen/ros2_ws/src/ros2_arctos_HCMUT/install/arctos_description:/home/nguyen/ros2_ws_1/install/v4l2_camera:/home/nguyen/ros2_ws_1/install/arctos_system_tests:/home/nguyen/ros2_ws_1/install/arctos_moveit_config:/home/nguyen/ros2_ws_1/install/arctos_motor_driver:/home/nguyen/ros2_ws_1/install/arctos_gazebo:/home/nguyen/ros2_ws_1/install/arctos_description:/home/nguyen/ros2_ws_1/install/arctos_camera:/home/nguyen/ros2_ws_1/install/arctos_bringup:/home/nguyen/ros2_ws/install/arctos_bringup:/home/nguyen/ros2_ws/install/arctos_hardware_interface:/home/nguyen/ros2_ws/install/arctos_motor_driver:/home/nguyen/ros2_ws/install/serial:/home/nguyen/ros2_ws/install/arctos_moveit_config:/home/nguyen/ros2_ws/install/arctos_description:/home/nguyen/ros2_ws_1/install/gazebo_simulation:/opt/ros/humble LD_LIBRARY_PATH=/home/nguyen/ros2_ws/src/ros2_arctos_HCMUT/install/arctos_motor_driver/lib:/home/nguyen/ros2_ws/src/install/v4l2_camera/lib:/home/nguyen/ros2_ws/src/install/arctos_hardware_interface/lib:/home/nguyen/ros2_ws/src/install/arctos_motor_driver/lib:/home/nguyen/ros2_ws/src/install/serial/lib:/home/nguyen/ros2_ws/src/ros2_arctos_HCMUT/install/v4l2_camera/lib:/home/nguyen/ros2_ws/src/ros2_arctos_HCMUT/install/arctos_hardware_interface/lib:/home/nguyen/ros2_ws/src/ros2_arctos_HCMUT/install/serial/lib:/home/nguyen/ros2_ws_1/install/v4l2_camera/lib:/home/nguyen/ros2_ws/install/arctos_hardware_interface/lib:/home/nguyen/ros2_ws/install/arctos_motor_driver/lib:/home/nguyen/ros2_ws/install/serial/lib:/opt/ros/humble/opt/rviz_ogre_vendor/lib:/opt/ros/humble/lib/x86_64-linux-gnu:/opt/ros/humble/lib /usr/bin/cmake --build /home/nguyen/ros2_ws/src/ros2_arctos_HCMUT/build/arctos_hardware_interface -- -j12 -l12
[1.420s] DEBUG:colcon.colcon_core.event_handler.log_command:Invoked command in '/home/nguyen/ros2_ws/src/ros2_arctos_HCMUT/build/arctos_hardware_interface' returned '0': CMAKE_PREFIX_PATH=/home/nguyen/ros2_ws/src/ros2_arctos_HCMUT/install/arctos_motor_driver:/home/nguyen/ros2_ws/src/ros2_arctos_HCMUT/install/serial:/home/nguyen/ros2_ws/src/install/v4l2_camera:/home/nguyen/ros2_ws/src/install/arctos_bringup:/home/nguyen/ros2_ws/src/install/arctos_hardware_interface:/home/nguyen/ros2_ws/src/install/arctos_motor_driver:/home/nguyen/ros2_ws/src/install/serial:/home/nguyen/ros2_ws/src/install/arctos_moveit_config:/home/nguyen/ros2_ws/src/install/arctos_description:/home/nguyen/ros2_ws/src/ros2_arctos_HCMUT/install/v4l2_camera:/home/nguyen/ros2_ws/src/ros2_arctos_HCMUT/install/arctos_bringup:/home/nguyen/ros2_ws/src/ros2_arctos_HCMUT/install/arctos_hardware_interface:/home/nguyen/ros2_ws/src/ros2_arctos_HCMUT/install/arctos_moveit_config:/home/nguyen/ros2_ws/src/ros2_arctos_HCMUT/install/arctos_description:/home/nguyen/ros2_ws_1/install/v4l2_camera:/home/nguyen/ros2_ws_1/install/arctos_system_tests:/home/nguyen/ros2_ws_1/install/arctos_moveit_config:/home/nguyen/ros2_ws_1/install/arctos_motor_driver:/home/nguyen/ros2_ws_1/install/arctos_gazebo:/home/nguyen/ros2_ws_1/install/arctos_description:/home/nguyen/ros2_ws_1/install/arctos_camera:/home/nguyen/ros2_ws_1/install/arctos_bringup:/home/nguyen/ros2_ws/install/arctos_bringup:/home/nguyen/ros2_ws/install/arctos_hardware_interface:/home/nguyen/ros2_ws/install/arctos_motor_driver:/home/nguyen/ros2_ws/install/serial:/home/nguyen/ros2_ws/install/arctos_moveit_config:/home/nguyen/ros2_ws/install/arctos_description:/home/nguyen/ros2_ws_1/install/gazebo_simulation:/opt/ros/humble LD_LIBRARY_PATH=/home/nguyen/ros2_ws/src/ros2_arctos_HCMUT/install/arctos_motor_driver/lib:/home/nguyen/ros2_ws/src/install/v4l2_camera/lib:/home/nguyen/ros2_ws/src/install/arctos_hardware_interface/lib:/home/nguyen/ros2_ws/src/install/arctos_motor_driver/lib:/home/nguyen/ros2_ws/src/install/serial/lib:/home/nguyen/ros2_ws/src/ros2_arctos_HCMUT/install/v4l2_camera/lib:/home/nguyen/ros2_ws/src/ros2_arctos_HCMUT/install/arctos_hardware_interface/lib:/home/nguyen/ros2_ws/src/ros2_arctos_HCMUT/install/serial/lib:/home/nguyen/ros2_ws_1/install/v4l2_camera/lib:/home/nguyen/ros2_ws/install/arctos_hardware_interface/lib:/home/nguyen/ros2_ws/install/arctos_motor_driver/lib:/home/nguyen/ros2_ws/install/serial/lib:/opt/ros/humble/opt/rviz_ogre_vendor/lib:/opt/ros/humble/lib/x86_64-linux-gnu:/opt/ros/humble/lib /usr/bin/cmake --build /home/nguyen/ros2_ws/src/ros2_arctos_HCMUT/build/arctos_hardware_interface -- -j12 -l12
[1.423s] DEBUG:colcon.colcon_core.event_handler.log_command:Invoking command in '/home/nguyen/ros2_ws/src/ros2_arctos_HCMUT/build/arctos_hardware_interface': CMAKE_PREFIX_PATH=/home/nguyen/ros2_ws/src/ros2_arctos_HCMUT/install/arctos_motor_driver:/home/nguyen/ros2_ws/src/ros2_arctos_HCMUT/install/serial:/home/nguyen/ros2_ws/src/install/v4l2_camera:/home/nguyen/ros2_ws/src/install/arctos_bringup:/home/nguyen/ros2_ws/src/install/arctos_hardware_interface:/home/nguyen/ros2_ws/src/install/arctos_motor_driver:/home/nguyen/ros2_ws/src/install/serial:/home/nguyen/ros2_ws/src/install/arctos_moveit_config:/home/nguyen/ros2_ws/src/install/arctos_description:/home/nguyen/ros2_ws/src/ros2_arctos_HCMUT/install/v4l2_camera:/home/nguyen/ros2_ws/src/ros2_arctos_HCMUT/install/arctos_bringup:/home/nguyen/ros2_ws/src/ros2_arctos_HCMUT/install/arctos_hardware_interface:/home/nguyen/ros2_ws/src/ros2_arctos_HCMUT/install/arctos_moveit_config:/home/nguyen/ros2_ws/src/ros2_arctos_HCMUT/install/arctos_description:/home/nguyen/ros2_ws_1/install/v4l2_camera:/home/nguyen/ros2_ws_1/install/arctos_system_tests:/home/nguyen/ros2_ws_1/install/arctos_moveit_config:/home/nguyen/ros2_ws_1/install/arctos_motor_driver:/home/nguyen/ros2_ws_1/install/arctos_gazebo:/home/nguyen/ros2_ws_1/install/arctos_description:/home/nguyen/ros2_ws_1/install/arctos_camera:/home/nguyen/ros2_ws_1/install/arctos_bringup:/home/nguyen/ros2_ws/install/arctos_bringup:/home/nguyen/ros2_ws/install/arctos_hardware_interface:/home/nguyen/ros2_ws/install/arctos_motor_driver:/home/nguyen/ros2_ws/install/serial:/home/nguyen/ros2_ws/install/arctos_moveit_config:/home/nguyen/ros2_ws/install/arctos_description:/home/nguyen/ros2_ws_1/install/gazebo_simulation:/opt/ros/humble LD_LIBRARY_PATH=/home/nguyen/ros2_ws/src/ros2_arctos_HCMUT/install/arctos_motor_driver/lib:/home/nguyen/ros2_ws/src/install/v4l2_camera/lib:/home/nguyen/ros2_ws/src/install/arctos_hardware_interface/lib:/home/nguyen/ros2_ws/src/install/arctos_motor_driver/lib:/home/nguyen/ros2_ws/src/install/serial/lib:/home/nguyen/ros2_ws/src/ros2_arctos_HCMUT/install/v4l2_camera/lib:/home/nguyen/ros2_ws/src/ros2_arctos_HCMUT/install/arctos_hardware_interface/lib:/home/nguyen/ros2_ws/src/ros2_arctos_HCMUT/install/serial/lib:/home/nguyen/ros2_ws_1/install/v4l2_camera/lib:/home/nguyen/ros2_ws/install/arctos_hardware_interface/lib:/home/nguyen/ros2_ws/install/arctos_motor_driver/lib:/home/nguyen/ros2_ws/install/serial/lib:/opt/ros/humble/opt/rviz_ogre_vendor/lib:/opt/ros/humble/lib/x86_64-linux-gnu:/opt/ros/humble/lib /usr/bin/cmake --install /home/nguyen/ros2_ws/src/ros2_arctos_HCMUT/build/arctos_hardware_interface
[1.468s] Level 1:colcon.colcon_core.environment:create_environment_scripts_only(arctos_hardware_interface)
[1.468s] Level 1:colcon.colcon_core.environment:checking '/home/nguyen/ros2_ws/src/ros2_arctos_HCMUT/install/arctos_hardware_interface' for CMake module files
[1.469s] DEBUG:colcon.colcon_core.event_handler.log_command:Invoked command in '/home/nguyen/ros2_ws/src/ros2_arctos_HCMUT/build/arctos_hardware_interface' returned '0': CMAKE_PREFIX_PATH=/home/nguyen/ros2_ws/src/ros2_arctos_HCMUT/install/arctos_motor_driver:/home/nguyen/ros2_ws/src/ros2_arctos_HCMUT/install/serial:/home/nguyen/ros2_ws/src/install/v4l2_camera:/home/nguyen/ros2_ws/src/install/arctos_bringup:/home/nguyen/ros2_ws/src/install/arctos_hardware_interface:/home/nguyen/ros2_ws/src/install/arctos_motor_driver:/home/nguyen/ros2_ws/src/install/serial:/home/nguyen/ros2_ws/src/install/arctos_moveit_config:/home/nguyen/ros2_ws/src/install/arctos_description:/home/nguyen/ros2_ws/src/ros2_arctos_HCMUT/install/v4l2_camera:/home/nguyen/ros2_ws/src/ros2_arctos_HCMUT/install/arctos_bringup:/home/nguyen/ros2_ws/src/ros2_arctos_HCMUT/install/arctos_hardware_interface:/home/nguyen/ros2_ws/src/ros2_arctos_HCMUT/install/arctos_moveit_config:/home/nguyen/ros2_ws/src/ros2_arctos_HCMUT/install/arctos_description:/home/nguyen/ros2_ws_1/install/v4l2_camera:/home/nguyen/ros2_ws_1/install/arctos_system_tests:/home/nguyen/ros2_ws_1/install/arctos_moveit_config:/home/nguyen/ros2_ws_1/install/arctos_motor_driver:/home/nguyen/ros2_ws_1/install/arctos_gazebo:/home/nguyen/ros2_ws_1/install/arctos_description:/home/nguyen/ros2_ws_1/install/arctos_camera:/home/nguyen/ros2_ws_1/install/arctos_bringup:/home/nguyen/ros2_ws/install/arctos_bringup:/home/nguyen/ros2_ws/install/arctos_hardware_interface:/home/nguyen/ros2_ws/install/arctos_motor_driver:/home/nguyen/ros2_ws/install/serial:/home/nguyen/ros2_ws/install/arctos_moveit_config:/home/nguyen/ros2_ws/install/arctos_description:/home/nguyen/ros2_ws_1/install/gazebo_simulation:/opt/ros/humble LD_LIBRARY_PATH=/home/nguyen/ros2_ws/src/ros2_arctos_HCMUT/install/arctos_motor_driver/lib:/home/nguyen/ros2_ws/src/install/v4l2_camera/lib:/home/nguyen/ros2_ws/src/install/arctos_hardware_interface/lib:/home/nguyen/ros2_ws/src/install/arctos_motor_driver/lib:/home/nguyen/ros2_ws/src/install/serial/lib:/home/nguyen/ros2_ws/src/ros2_arctos_HCMUT/install/v4l2_camera/lib:/home/nguyen/ros2_ws/src/ros2_arctos_HCMUT/install/arctos_hardware_interface/lib:/home/nguyen/ros2_ws/src/ros2_arctos_HCMUT/install/serial/lib:/home/nguyen/ros2_ws_1/install/v4l2_camera/lib:/home/nguyen/ros2_ws/install/arctos_hardware_interface/lib:/home/nguyen/ros2_ws/install/arctos_motor_driver/lib:/home/nguyen/ros2_ws/install/serial/lib:/opt/ros/humble/opt/rviz_ogre_vendor/lib:/opt/ros/humble/lib/x86_64-linux-gnu:/opt/ros/humble/lib /usr/bin/cmake --install /home/nguyen/ros2_ws/src/ros2_arctos_HCMUT/build/arctos_hardware_interface
[1.470s] Level 1:colcon.colcon_core.environment:checking '/home/nguyen/ros2_ws/src/ros2_arctos_HCMUT/install/arctos_hardware_interface' for CMake config files
[1.470s] Level 1:colcon.colcon_core.shell:create_environment_hook('arctos_hardware_interface', 'cmake_prefix_path')
[1.471s] INFO:colcon.colcon_core.shell:Creating environment hook '/home/nguyen/ros2_ws/src/ros2_arctos_HCMUT/install/arctos_hardware_interface/share/arctos_hardware_interface/hook/cmake_prefix_path.ps1'
[1.471s] INFO:colcon.colcon_core.shell:Creating environment descriptor '/home/nguyen/ros2_ws/src/ros2_arctos_HCMUT/install/arctos_hardware_interface/share/arctos_hardware_interface/hook/cmake_prefix_path.dsv'
[1.472s] INFO:colcon.colcon_core.shell:Creating environment hook '/home/nguyen/ros2_ws/src/ros2_arctos_HCMUT/install/arctos_hardware_interface/share/arctos_hardware_interface/hook/cmake_prefix_path.sh'
[1.472s] Level 1:colcon.colcon_core.environment:checking '/home/nguyen/ros2_ws/src/ros2_arctos_HCMUT/install/arctos_hardware_interface/lib'
[1.473s] Level 1:colcon.colcon_core.shell:create_environment_hook('arctos_hardware_interface', 'ld_library_path_lib')
[1.473s] INFO:colcon.colcon_core.shell:Creating environment hook '/home/nguyen/ros2_ws/src/ros2_arctos_HCMUT/install/arctos_hardware_interface/share/arctos_hardware_interface/hook/ld_library_path_lib.ps1'
[1.473s] INFO:colcon.colcon_core.shell:Creating environment descriptor '/home/nguyen/ros2_ws/src/ros2_arctos_HCMUT/install/arctos_hardware_interface/share/arctos_hardware_interface/hook/ld_library_path_lib.dsv'
[1.474s] INFO:colcon.colcon_core.shell:Creating environment hook '/home/nguyen/ros2_ws/src/ros2_arctos_HCMUT/install/arctos_hardware_interface/share/arctos_hardware_interface/hook/ld_library_path_lib.sh'
[1.474s] Level 1:colcon.colcon_core.environment:checking '/home/nguyen/ros2_ws/src/ros2_arctos_HCMUT/install/arctos_hardware_interface/bin'
[1.474s] Level 1:colcon.colcon_core.environment:checking '/home/nguyen/ros2_ws/src/ros2_arctos_HCMUT/install/arctos_hardware_interface/lib/pkgconfig/arctos_hardware_interface.pc'
[1.475s] Level 1:colcon.colcon_core.environment:checking '/home/nguyen/ros2_ws/src/ros2_arctos_HCMUT/install/arctos_hardware_interface/lib/python3.10/site-packages'
[1.475s] Level 1:colcon.colcon_core.environment:checking '/home/nguyen/ros2_ws/src/ros2_arctos_HCMUT/install/arctos_hardware_interface/bin'
[1.476s] INFO:colcon.colcon_core.shell:Creating package script '/home/nguyen/ros2_ws/src/ros2_arctos_HCMUT/install/arctos_hardware_interface/share/arctos_hardware_interface/package.ps1'
[1.476s] INFO:colcon.colcon_core.shell:Creating package descriptor '/home/nguyen/ros2_ws/src/ros2_arctos_HCMUT/install/arctos_hardware_interface/share/arctos_hardware_interface/package.dsv'
[1.477s] INFO:colcon.colcon_core.shell:Creating package script '/home/nguyen/ros2_ws/src/ros2_arctos_HCMUT/install/arctos_hardware_interface/share/arctos_hardware_interface/package.sh'
[1.477s] INFO:colcon.colcon_core.shell:Creating package script '/home/nguyen/ros2_ws/src/ros2_arctos_HCMUT/install/arctos_hardware_interface/share/arctos_hardware_interface/package.bash'
[1.478s] INFO:colcon.colcon_core.shell:Creating package script '/home/nguyen/ros2_ws/src/ros2_arctos_HCMUT/install/arctos_hardware_interface/share/arctos_hardware_interface/package.zsh'
[1.478s] Level 1:colcon.colcon_core.environment:create_file_with_runtime_dependencies(/home/nguyen/ros2_ws/src/ros2_arctos_HCMUT/install/arctos_hardware_interface/share/colcon-core/packages/arctos_hardware_interface)
[1.479s] Level 1:colcon.colcon_core.environment:create_environment_scripts_only(arctos_hardware_interface)
[1.480s] Level 1:colcon.colcon_core.environment:checking '/home/nguyen/ros2_ws/src/ros2_arctos_HCMUT/install/arctos_hardware_interface' for CMake module files
[1.480s] Level 1:colcon.colcon_core.environment:checking '/home/nguyen/ros2_ws/src/ros2_arctos_HCMUT/install/arctos_hardware_interface' for CMake config files
[1.481s] Level 1:colcon.colcon_core.shell:create_environment_hook('arctos_hardware_interface', 'cmake_prefix_path')
[1.481s] INFO:colcon.colcon_core.shell:Creating environment hook '/home/nguyen/ros2_ws/src/ros2_arctos_HCMUT/install/arctos_hardware_interface/share/arctos_hardware_interface/hook/cmake_prefix_path.ps1'
[1.482s] INFO:colcon.colcon_core.shell:Creating environment descriptor '/home/nguyen/ros2_ws/src/ros2_arctos_HCMUT/install/arctos_hardware_interface/share/arctos_hardware_interface/hook/cmake_prefix_path.dsv'
[1.482s] INFO:colcon.colcon_core.shell:Creating environment hook '/home/nguyen/ros2_ws/src/ros2_arctos_HCMUT/install/arctos_hardware_interface/share/arctos_hardware_interface/hook/cmake_prefix_path.sh'
[1.483s] Level 1:colcon.colcon_core.environment:checking '/home/nguyen/ros2_ws/src/ros2_arctos_HCMUT/install/arctos_hardware_interface/lib'
[1.484s] Level 1:colcon.colcon_core.shell:create_environment_hook('arctos_hardware_interface', 'ld_library_path_lib')
[1.484s] INFO:colcon.colcon_core.shell:Creating environment hook '/home/nguyen/ros2_ws/src/ros2_arctos_HCMUT/install/arctos_hardware_interface/share/arctos_hardware_interface/hook/ld_library_path_lib.ps1'
[1.484s] INFO:colcon.colcon_core.shell:Creating environment descriptor '/home/nguyen/ros2_ws/src/ros2_arctos_HCMUT/install/arctos_hardware_interface/share/arctos_hardware_interface/hook/ld_library_path_lib.dsv'
[1.485s] INFO:colcon.colcon_core.shell:Creating environment hook '/home/nguyen/ros2_ws/src/ros2_arctos_HCMUT/install/arctos_hardware_interface/share/arctos_hardware_interface/hook/ld_library_path_lib.sh'
[1.485s] Level 1:colcon.colcon_core.environment:checking '/home/nguyen/ros2_ws/src/ros2_arctos_HCMUT/install/arctos_hardware_interface/bin'
[1.485s] Level 1:colcon.colcon_core.environment:checking '/home/nguyen/ros2_ws/src/ros2_arctos_HCMUT/install/arctos_hardware_interface/lib/pkgconfig/arctos_hardware_interface.pc'
[1.486s] Level 1:colcon.colcon_core.environment:checking '/home/nguyen/ros2_ws/src/ros2_arctos_HCMUT/install/arctos_hardware_interface/lib/python3.10/site-packages'
[1.486s] Level 1:colcon.colcon_core.environment:checking '/home/nguyen/ros2_ws/src/ros2_arctos_HCMUT/install/arctos_hardware_interface/bin'
[1.487s] INFO:colcon.colcon_core.shell:Creating package script '/home/nguyen/ros2_ws/src/ros2_arctos_HCMUT/install/arctos_hardware_interface/share/arctos_hardware_interface/package.ps1'
[1.487s] INFO:colcon.colcon_core.shell:Creating package descriptor '/home/nguyen/ros2_ws/src/ros2_arctos_HCMUT/install/arctos_hardware_interface/share/arctos_hardware_interface/package.dsv'
[1.488s] INFO:colcon.colcon_core.shell:Creating package script '/home/nguyen/ros2_ws/src/ros2_arctos_HCMUT/install/arctos_hardware_interface/share/arctos_hardware_interface/package.sh'
[1.488s] INFO:colcon.colcon_core.shell:Creating package script '/home/nguyen/ros2_ws/src/ros2_arctos_HCMUT/install/arctos_hardware_interface/share/arctos_hardware_interface/package.bash'
[1.489s] INFO:colcon.colcon_core.shell:Creating package script '/home/nguyen/ros2_ws/src/ros2_arctos_HCMUT/install/arctos_hardware_interface/share/arctos_hardware_interface/package.zsh'
[1.489s] Level 1:colcon.colcon_core.environment:create_file_with_runtime_dependencies(/home/nguyen/ros2_ws/src/ros2_arctos_HCMUT/install/arctos_hardware_interface/share/colcon-core/packages/arctos_hardware_interface)
[1.490s] INFO:colcon.colcon_ros.task.ament_cmake.build:Building ROS package in '/home/nguyen/ros2_ws/src/ros2_arctos_HCMUT/arctos_bringup' with build type 'ament_cmake'
[1.490s] INFO:colcon.colcon_cmake.task.cmake.build:Building CMake package in '/home/nguyen/ros2_ws/src/ros2_arctos_HCMUT/arctos_bringup'
[1.491s] INFO:colcon.colcon_core.shell:Skip shell extension 'powershell' for command environment: Not usable outside of PowerShell
[1.491s] DEBUG:colcon.colcon_core.shell:Skip shell extension 'dsv' for command environment
[1.528s] DEBUG:colcon.colcon_core.event_handler.log_command:Invoking command in '/home/nguyen/ros2_ws/src/ros2_arctos_HCMUT/build/arctos_bringup': CMAKE_PREFIX_PATH=/home/nguyen/ros2_ws/src/ros2_arctos_HCMUT/install/arctos_hardware_interface:/home/nguyen/ros2_ws/src/ros2_arctos_HCMUT/install/arctos_moveit_config:/home/nguyen/ros2_ws/src/ros2_arctos_HCMUT/install/arctos_motor_driver:/home/nguyen/ros2_ws/src/ros2_arctos_HCMUT/install/serial:/home/nguyen/ros2_ws/src/ros2_arctos_HCMUT/install/arctos_description:/home/nguyen/ros2_ws/src/install/v4l2_camera:/home/nguyen/ros2_ws/src/install/arctos_bringup:/home/nguyen/ros2_ws/src/install/arctos_hardware_interface:/home/nguyen/ros2_ws/src/install/arctos_motor_driver:/home/nguyen/ros2_ws/src/install/serial:/home/nguyen/ros2_ws/src/install/arctos_moveit_config:/home/nguyen/ros2_ws/src/install/arctos_description:/home/nguyen/ros2_ws/src/ros2_arctos_HCMUT/install/v4l2_camera:/home/nguyen/ros2_ws/src/ros2_arctos_HCMUT/install/arctos_bringup:/home/nguyen/ros2_ws_1/install/v4l2_camera:/home/nguyen/ros2_ws_1/install/arctos_system_tests:/home/nguyen/ros2_ws_1/install/arctos_moveit_config:/home/nguyen/ros2_ws_1/install/arctos_motor_driver:/home/nguyen/ros2_ws_1/install/arctos_gazebo:/home/nguyen/ros2_ws_1/install/arctos_description:/home/nguyen/ros2_ws_1/install/arctos_camera:/home/nguyen/ros2_ws_1/install/arctos_bringup:/home/nguyen/ros2_ws/install/arctos_bringup:/home/nguyen/ros2_ws/install/arctos_hardware_interface:/home/nguyen/ros2_ws/install/arctos_motor_driver:/home/nguyen/ros2_ws/install/serial:/home/nguyen/ros2_ws/install/arctos_moveit_config:/home/nguyen/ros2_ws/install/arctos_description:/home/nguyen/ros2_ws_1/install/gazebo_simulation:/opt/ros/humble LD_LIBRARY_PATH=/home/nguyen/ros2_ws/src/ros2_arctos_HCMUT/install/arctos_hardware_interface/lib:/home/nguyen/ros2_ws/src/ros2_arctos_HCMUT/install/arctos_motor_driver/lib:/home/nguyen/ros2_ws/src/install/v4l2_camera/lib:/home/nguyen/ros2_ws/src/install/arctos_hardware_interface/lib:/home/nguyen/ros2_ws/src/install/arctos_motor_driver/lib:/home/nguyen/ros2_ws/src/install/serial/lib:/home/nguyen/ros2_ws/src/ros2_arctos_HCMUT/install/v4l2_camera/lib:/home/nguyen/ros2_ws/src/ros2_arctos_HCMUT/install/serial/lib:/home/nguyen/ros2_ws_1/install/v4l2_camera/lib:/home/nguyen/ros2_ws/install/arctos_hardware_interface/lib:/home/nguyen/ros2_ws/install/arctos_motor_driver/lib:/home/nguyen/ros2_ws/install/serial/lib:/opt/ros/humble/opt/rviz_ogre_vendor/lib:/opt/ros/humble/lib/x86_64-linux-gnu:/opt/ros/humble/lib /usr/bin/cmake --build /home/nguyen/ros2_ws/src/ros2_arctos_HCMUT/build/arctos_bringup -- -j12 -l12
[1.611s] DEBUG:colcon.colcon_core.event_handler.log_command:Invoked command in '/home/nguyen/ros2_ws/src/ros2_arctos_HCMUT/build/arctos_bringup' returned '0': CMAKE_PREFIX_PATH=/home/nguyen/ros2_ws/src/ros2_arctos_HCMUT/install/arctos_hardware_interface:/home/nguyen/ros2_ws/src/ros2_arctos_HCMUT/install/arctos_moveit_config:/home/nguyen/ros2_ws/src/ros2_arctos_HCMUT/install/arctos_motor_driver:/home/nguyen/ros2_ws/src/ros2_arctos_HCMUT/install/serial:/home/nguyen/ros2_ws/src/ros2_arctos_HCMUT/install/arctos_description:/home/nguyen/ros2_ws/src/install/v4l2_camera:/home/nguyen/ros2_ws/src/install/arctos_bringup:/home/nguyen/ros2_ws/src/install/arctos_hardware_interface:/home/nguyen/ros2_ws/src/install/arctos_motor_driver:/home/nguyen/ros2_ws/src/install/serial:/home/nguyen/ros2_ws/src/install/arctos_moveit_config:/home/nguyen/ros2_ws/src/install/arctos_description:/home/nguyen/ros2_ws/src/ros2_arctos_HCMUT/install/v4l2_camera:/home/nguyen/ros2_ws/src/ros2_arctos_HCMUT/install/arctos_bringup:/home/nguyen/ros2_ws_1/install/v4l2_camera:/home/nguyen/ros2_ws_1/install/arctos_system_tests:/home/nguyen/ros2_ws_1/install/arctos_moveit_config:/home/nguyen/ros2_ws_1/install/arctos_motor_driver:/home/nguyen/ros2_ws_1/install/arctos_gazebo:/home/nguyen/ros2_ws_1/install/arctos_description:/home/nguyen/ros2_ws_1/install/arctos_camera:/home/nguyen/ros2_ws_1/install/arctos_bringup:/home/nguyen/ros2_ws/install/arctos_bringup:/home/nguyen/ros2_ws/install/arctos_hardware_interface:/home/nguyen/ros2_ws/install/arctos_motor_driver:/home/nguyen/ros2_ws/install/serial:/home/nguyen/ros2_ws/install/arctos_moveit_config:/home/nguyen/ros2_ws/install/arctos_description:/home/nguyen/ros2_ws_1/install/gazebo_simulation:/opt/ros/humble LD_LIBRARY_PATH=/home/nguyen/ros2_ws/src/ros2_arctos_HCMUT/install/arctos_hardware_interface/lib:/home/nguyen/ros2_ws/src/ros2_arctos_HCMUT/install/arctos_motor_driver/lib:/home/nguyen/ros2_ws/src/install/v4l2_camera/lib:/home/nguyen/ros2_ws/src/install/arctos_hardware_interface/lib:/home/nguyen/ros2_ws/src/install/arctos_motor_driver/lib:/home/nguyen/ros2_ws/src/install/serial/lib:/home/nguyen/ros2_ws/src/ros2_arctos_HCMUT/install/v4l2_camera/lib:/home/nguyen/ros2_ws/src/ros2_arctos_HCMUT/install/serial/lib:/home/nguyen/ros2_ws_1/install/v4l2_camera/lib:/home/nguyen/ros2_ws/install/arctos_hardware_interface/lib:/home/nguyen/ros2_ws/install/arctos_motor_driver/lib:/home/nguyen/ros2_ws/install/serial/lib:/opt/ros/humble/opt/rviz_ogre_vendor/lib:/opt/ros/humble/lib/x86_64-linux-gnu:/opt/ros/humble/lib /usr/bin/cmake --build /home/nguyen/ros2_ws/src/ros2_arctos_HCMUT/build/arctos_bringup -- -j12 -l12
[1.614s] DEBUG:colcon.colcon_core.event_handler.log_command:Invoking command in '/home/nguyen/ros2_ws/src/ros2_arctos_HCMUT/build/arctos_bringup': CMAKE_PREFIX_PATH=/home/nguyen/ros2_ws/src/ros2_arctos_HCMUT/install/arctos_hardware_interface:/home/nguyen/ros2_ws/src/ros2_arctos_HCMUT/install/arctos_moveit_config:/home/nguyen/ros2_ws/src/ros2_arctos_HCMUT/install/arctos_motor_driver:/home/nguyen/ros2_ws/src/ros2_arctos_HCMUT/install/serial:/home/nguyen/ros2_ws/src/ros2_arctos_HCMUT/install/arctos_description:/home/nguyen/ros2_ws/src/install/v4l2_camera:/home/nguyen/ros2_ws/src/install/arctos_bringup:/home/nguyen/ros2_ws/src/install/arctos_hardware_interface:/home/nguyen/ros2_ws/src/install/arctos_motor_driver:/home/nguyen/ros2_ws/src/install/serial:/home/nguyen/ros2_ws/src/install/arctos_moveit_config:/home/nguyen/ros2_ws/src/install/arctos_description:/home/nguyen/ros2_ws/src/ros2_arctos_HCMUT/install/v4l2_camera:/home/nguyen/ros2_ws/src/ros2_arctos_HCMUT/install/arctos_bringup:/home/nguyen/ros2_ws_1/install/v4l2_camera:/home/nguyen/ros2_ws_1/install/arctos_system_tests:/home/nguyen/ros2_ws_1/install/arctos_moveit_config:/home/nguyen/ros2_ws_1/install/arctos_motor_driver:/home/nguyen/ros2_ws_1/install/arctos_gazebo:/home/nguyen/ros2_ws_1/install/arctos_description:/home/nguyen/ros2_ws_1/install/arctos_camera:/home/nguyen/ros2_ws_1/install/arctos_bringup:/home/nguyen/ros2_ws/install/arctos_bringup:/home/nguyen/ros2_ws/install/arctos_hardware_interface:/home/nguyen/ros2_ws/install/arctos_motor_driver:/home/nguyen/ros2_ws/install/serial:/home/nguyen/ros2_ws/install/arctos_moveit_config:/home/nguyen/ros2_ws/install/arctos_description:/home/nguyen/ros2_ws_1/install/gazebo_simulation:/opt/ros/humble LD_LIBRARY_PATH=/home/nguyen/ros2_ws/src/ros2_arctos_HCMUT/install/arctos_hardware_interface/lib:/home/nguyen/ros2_ws/src/ros2_arctos_HCMUT/install/arctos_motor_driver/lib:/home/nguyen/ros2_ws/src/install/v4l2_camera/lib:/home/nguyen/ros2_ws/src/install/arctos_hardware_interface/lib:/home/nguyen/ros2_ws/src/install/arctos_motor_driver/lib:/home/nguyen/ros2_ws/src/install/serial/lib:/home/nguyen/ros2_ws/src/ros2_arctos_HCMUT/install/v4l2_camera/lib:/home/nguyen/ros2_ws/src/ros2_arctos_HCMUT/install/serial/lib:/home/nguyen/ros2_ws_1/install/v4l2_camera/lib:/home/nguyen/ros2_ws/install/arctos_hardware_interface/lib:/home/nguyen/ros2_ws/install/arctos_motor_driver/lib:/home/nguyen/ros2_ws/install/serial/lib:/opt/ros/humble/opt/rviz_ogre_vendor/lib:/opt/ros/humble/lib/x86_64-linux-gnu:/opt/ros/humble/lib /usr/bin/cmake --install /home/nguyen/ros2_ws/src/ros2_arctos_HCMUT/build/arctos_bringup
[1.656s] Level 1:colcon.colcon_core.environment:create_environment_scripts_only(arctos_bringup)
[1.657s] Level 1:colcon.colcon_core.environment:checking '/home/nguyen/ros2_ws/src/ros2_arctos_HCMUT/install/arctos_bringup' for CMake module files
[1.658s] DEBUG:colcon.colcon_core.event_handler.log_command:Invoked command in '/home/nguyen/ros2_ws/src/ros2_arctos_HCMUT/build/arctos_bringup' returned '0': CMAKE_PREFIX_PATH=/home/nguyen/ros2_ws/src/ros2_arctos_HCMUT/install/arctos_hardware_interface:/home/nguyen/ros2_ws/src/ros2_arctos_HCMUT/install/arctos_moveit_config:/home/nguyen/ros2_ws/src/ros2_arctos_HCMUT/install/arctos_motor_driver:/home/nguyen/ros2_ws/src/ros2_arctos_HCMUT/install/serial:/home/nguyen/ros2_ws/src/ros2_arctos_HCMUT/install/arctos_description:/home/nguyen/ros2_ws/src/install/v4l2_camera:/home/nguyen/ros2_ws/src/install/arctos_bringup:/home/nguyen/ros2_ws/src/install/arctos_hardware_interface:/home/nguyen/ros2_ws/src/install/arctos_motor_driver:/home/nguyen/ros2_ws/src/install/serial:/home/nguyen/ros2_ws/src/install/arctos_moveit_config:/home/nguyen/ros2_ws/src/install/arctos_description:/home/nguyen/ros2_ws/src/ros2_arctos_HCMUT/install/v4l2_camera:/home/nguyen/ros2_ws/src/ros2_arctos_HCMUT/install/arctos_bringup:/home/nguyen/ros2_ws_1/install/v4l2_camera:/home/nguyen/ros2_ws_1/install/arctos_system_tests:/home/nguyen/ros2_ws_1/install/arctos_moveit_config:/home/nguyen/ros2_ws_1/install/arctos_motor_driver:/home/nguyen/ros2_ws_1/install/arctos_gazebo:/home/nguyen/ros2_ws_1/install/arctos_description:/home/nguyen/ros2_ws_1/install/arctos_camera:/home/nguyen/ros2_ws_1/install/arctos_bringup:/home/nguyen/ros2_ws/install/arctos_bringup:/home/nguyen/ros2_ws/install/arctos_hardware_interface:/home/nguyen/ros2_ws/install/arctos_motor_driver:/home/nguyen/ros2_ws/install/serial:/home/nguyen/ros2_ws/install/arctos_moveit_config:/home/nguyen/ros2_ws/install/arctos_description:/home/nguyen/ros2_ws_1/install/gazebo_simulation:/opt/ros/humble LD_LIBRARY_PATH=/home/nguyen/ros2_ws/src/ros2_arctos_HCMUT/install/arctos_hardware_interface/lib:/home/nguyen/ros2_ws/src/ros2_arctos_HCMUT/install/arctos_motor_driver/lib:/home/nguyen/ros2_ws/src/install/v4l2_camera/lib:/home/nguyen/ros2_ws/src/install/arctos_hardware_interface/lib:/home/nguyen/ros2_ws/src/install/arctos_motor_driver/lib:/home/nguyen/ros2_ws/src/install/serial/lib:/home/nguyen/ros2_ws/src/ros2_arctos_HCMUT/install/v4l2_camera/lib:/home/nguyen/ros2_ws/src/ros2_arctos_HCMUT/install/serial/lib:/home/nguyen/ros2_ws_1/install/v4l2_camera/lib:/home/nguyen/ros2_ws/install/arctos_hardware_interface/lib:/home/nguyen/ros2_ws/install/arctos_motor_driver/lib:/home/nguyen/ros2_ws/install/serial/lib:/opt/ros/humble/opt/rviz_ogre_vendor/lib:/opt/ros/humble/lib/x86_64-linux-gnu:/opt/ros/humble/lib /usr/bin/cmake --install /home/nguyen/ros2_ws/src/ros2_arctos_HCMUT/build/arctos_bringup
[1.658s] Level 1:colcon.colcon_core.environment:checking '/home/nguyen/ros2_ws/src/ros2_arctos_HCMUT/install/arctos_bringup' for CMake config files
[1.659s] Level 1:colcon.colcon_core.shell:create_environment_hook('arctos_bringup', 'cmake_prefix_path')
[1.659s] INFO:colcon.colcon_core.shell:Creating environment hook '/home/nguyen/ros2_ws/src/ros2_arctos_HCMUT/install/arctos_bringup/share/arctos_bringup/hook/cmake_prefix_path.ps1'
[1.660s] INFO:colcon.colcon_core.shell:Creating environment descriptor '/home/nguyen/ros2_ws/src/ros2_arctos_HCMUT/install/arctos_bringup/share/arctos_bringup/hook/cmake_prefix_path.dsv'
[1.661s] INFO:colcon.colcon_core.shell:Creating environment hook '/home/nguyen/ros2_ws/src/ros2_arctos_HCMUT/install/arctos_bringup/share/arctos_bringup/hook/cmake_prefix_path.sh'
[1.661s] Level 1:colcon.colcon_core.environment:checking '/home/nguyen/ros2_ws/src/ros2_arctos_HCMUT/install/arctos_bringup/bin'
[1.661s] Level 1:colcon.colcon_core.environment:checking '/home/nguyen/ros2_ws/src/ros2_arctos_HCMUT/install/arctos_bringup/lib/pkgconfig/arctos_bringup.pc'
[1.662s] Level 1:colcon.colcon_core.environment:checking '/home/nguyen/ros2_ws/src/ros2_arctos_HCMUT/install/arctos_bringup/lib/python3.10/site-packages'
[1.662s] Level 1:colcon.colcon_core.environment:checking '/home/nguyen/ros2_ws/src/ros2_arctos_HCMUT/install/arctos_bringup/bin'
[1.663s] INFO:colcon.colcon_core.shell:Creating package script '/home/nguyen/ros2_ws/src/ros2_arctos_HCMUT/install/arctos_bringup/share/arctos_bringup/package.ps1'
[1.663s] INFO:colcon.colcon_core.shell:Creating package descriptor '/home/nguyen/ros2_ws/src/ros2_arctos_HCMUT/install/arctos_bringup/share/arctos_bringup/package.dsv'
[1.664s] INFO:colcon.colcon_core.shell:Creating package script '/home/nguyen/ros2_ws/src/ros2_arctos_HCMUT/install/arctos_bringup/share/arctos_bringup/package.sh'
[1.664s] INFO:colcon.colcon_core.shell:Creating package script '/home/nguyen/ros2_ws/src/ros2_arctos_HCMUT/install/arctos_bringup/share/arctos_bringup/package.bash'
[1.665s] INFO:colcon.colcon_core.shell:Creating package script '/home/nguyen/ros2_ws/src/ros2_arctos_HCMUT/install/arctos_bringup/share/arctos_bringup/package.zsh'
[1.665s] Level 1:colcon.colcon_core.environment:create_file_with_runtime_dependencies(/home/nguyen/ros2_ws/src/ros2_arctos_HCMUT/install/arctos_bringup/share/colcon-core/packages/arctos_bringup)
[1.666s] Level 1:colcon.colcon_core.environment:create_environment_scripts_only(arctos_bringup)
[1.666s] Level 1:colcon.colcon_core.environment:checking '/home/nguyen/ros2_ws/src/ros2_arctos_HCMUT/install/arctos_bringup' for CMake module files
[1.667s] Level 1:colcon.colcon_core.environment:checking '/home/nguyen/ros2_ws/src/ros2_arctos_HCMUT/install/arctos_bringup' for CMake config files
[1.667s] Level 1:colcon.colcon_core.shell:create_environment_hook('arctos_bringup', 'cmake_prefix_path')
[1.668s] INFO:colcon.colcon_core.shell:Creating environment hook '/home/nguyen/ros2_ws/src/ros2_arctos_HCMUT/install/arctos_bringup/share/arctos_bringup/hook/cmake_prefix_path.ps1'
[1.668s] INFO:colcon.colcon_core.shell:Creating environment descriptor '/home/nguyen/ros2_ws/src/ros2_arctos_HCMUT/install/arctos_bringup/share/arctos_bringup/hook/cmake_prefix_path.dsv'
[1.669s] INFO:colcon.colcon_core.shell:Creating environment hook '/home/nguyen/ros2_ws/src/ros2_arctos_HCMUT/install/arctos_bringup/share/arctos_bringup/hook/cmake_prefix_path.sh'
[1.669s] Level 1:colcon.colcon_core.environment:checking '/home/nguyen/ros2_ws/src/ros2_arctos_HCMUT/install/arctos_bringup/bin'
[1.669s] Level 1:colcon.colcon_core.environment:checking '/home/nguyen/ros2_ws/src/ros2_arctos_HCMUT/install/arctos_bringup/lib/pkgconfig/arctos_bringup.pc'
[1.670s] Level 1:colcon.colcon_core.environment:checking '/home/nguyen/ros2_ws/src/ros2_arctos_HCMUT/install/arctos_bringup/lib/python3.10/site-packages'
[1.670s] Level 1:colcon.colcon_core.environment:checking '/home/nguyen/ros2_ws/src/ros2_arctos_HCMUT/install/arctos_bringup/bin'
[1.670s] INFO:colcon.colcon_core.shell:Creating package script '/home/nguyen/ros2_ws/src/ros2_arctos_HCMUT/install/arctos_bringup/share/arctos_bringup/package.ps1'
[1.671s] INFO:colcon.colcon_core.shell:Creating package descriptor '/home/nguyen/ros2_ws/src/ros2_arctos_HCMUT/install/arctos_bringup/share/arctos_bringup/package.dsv'
[1.672s] INFO:colcon.colcon_core.shell:Creating package script '/home/nguyen/ros2_ws/src/ros2_arctos_HCMUT/install/arctos_bringup/share/arctos_bringup/package.sh'
[1.672s] INFO:colcon.colcon_core.shell:Creating package script '/home/nguyen/ros2_ws/src/ros2_arctos_HCMUT/install/arctos_bringup/share/arctos_bringup/package.bash'
[1.673s] INFO:colcon.colcon_core.shell:Creating package script '/home/nguyen/ros2_ws/src/ros2_arctos_HCMUT/install/arctos_bringup/share/arctos_bringup/package.zsh'
[1.673s] Level 1:colcon.colcon_core.environment:create_file_with_runtime_dependencies(/home/nguyen/ros2_ws/src/ros2_arctos_HCMUT/install/arctos_bringup/share/colcon-core/packages/arctos_bringup)
[1.674s] DEBUG:colcon.colcon_parallel_executor.executor.parallel:closing loop
[1.674s] DEBUG:colcon.colcon_parallel_executor.executor.parallel:loop closed
[1.674s] DEBUG:colcon.colcon_parallel_executor.executor.parallel:run_until_complete finished with '0'
[1.674s] DEBUG:colcon.colcon_core.event_reactor:joining thread
[1.685s] INFO:colcon.colcon_core.plugin_system:Skipping extension 'colcon_notification.desktop_notification.terminal_notifier': Not used on non-Darwin systems
[1.685s] INFO:colcon.colcon_core.plugin_system:Skipping extension 'colcon_notification.desktop_notification.win32': Not used on non-Windows systems
[1.685s] INFO:colcon.colcon_notification.desktop_notification:Sending desktop notification using 'notify2'
[1.701s] DEBUG:colcon.colcon_core.event_reactor:joined thread
[1.702s] INFO:colcon.colcon_core.shell:Creating prefix script '/home/nguyen/ros2_ws/src/ros2_arctos_HCMUT/install/local_setup.ps1'
[1.704s] INFO:colcon.colcon_core.shell:Creating prefix util module '/home/nguyen/ros2_ws/src/ros2_arctos_HCMUT/install/_local_setup_util_ps1.py'
[1.706s] INFO:colcon.colcon_core.shell:Creating prefix chain script '/home/nguyen/ros2_ws/src/ros2_arctos_HCMUT/install/setup.ps1'
[1.709s] INFO:colcon.colcon_core.shell:Creating prefix script '/home/nguyen/ros2_ws/src/ros2_arctos_HCMUT/install/local_setup.sh'
[1.710s] INFO:colcon.colcon_core.shell:Creating prefix util module '/home/nguyen/ros2_ws/src/ros2_arctos_HCMUT/install/_local_setup_util_sh.py'
[1.710s] INFO:colcon.colcon_core.shell:Creating prefix chain script '/home/nguyen/ros2_ws/src/ros2_arctos_HCMUT/install/setup.sh'
[1.713s] INFO:colcon.colcon_core.shell:Creating prefix script '/home/nguyen/ros2_ws/src/ros2_arctos_HCMUT/install/local_setup.bash'
[1.714s] INFO:colcon.colcon_core.shell:Creating prefix chain script '/home/nguyen/ros2_ws/src/ros2_arctos_HCMUT/install/setup.bash'
[1.717s] INFO:colcon.colcon_core.shell:Creating prefix script '/home/nguyen/ros2_ws/src/ros2_arctos_HCMUT/install/local_setup.zsh'
[1.717s] INFO:colcon.colcon_core.shell:Creating prefix chain script '/home/nguyen/ros2_ws/src/ros2_arctos_HCMUT/install/setup.zsh'
