<?xml version="1.0" encoding="utf-8"?>
<COLLADA xmlns="http://www.collada.org/2005/11/COLLADASchema" version="1.4.1" xmlns:xsi="http://www.w3.org/2001/XMLSchema-instance">
  <asset>
    <contributor>
      <author>Blender User</author>
      <authoring_tool>Blender 3.6.5 commit date:2023-10-16, commit time:14:30, hash:cf1e1ed46b7e</authoring_tool>
    </contributor>
    <created>2026-02-27T17:58:51</created>
    <modified>2026-02-27T17:58:51</modified>
    <unit name="meter" meter="1"/>
    <up_axis>Z_UP</up_axis>
  </asset>
  <library_images/>
  <library_geometries>
    <geometry id="link_3-mesh" name="link_3">
      <mesh>
        <source id="link_3-mesh-positions">
          <float_array id="link_3-mesh-positions-array" count="12339">0.05994033 0.0436896 -0.1088846 0.05994224 0.04368841 -0.1088478 0.06051534 0.04279953 -0.1089449 0.06064003 0.04244345 -0.1089263 0.06074458 0.04176425 -0.1089915 0.06074643 0.04176306 -0.1089546 0.06050843 0.04190689 -0.1132333 0.05988425 0.04225999 -0.1231621 0.05843454 0.04451125 -0.1322288 0.05868965 0.04410773 -0.1333105 0.05883377 0.0436775 -0.1345577 0.05887198 0.04324007 -0.1359322 0.05881375 0.0428099 -0.1373984 0.05121606 0.05124723 -0.1279188 0.05222624 0.05062377 -0.1082468 0.05502885 0.0479992 -0.1298585 0.06020224 0.04651498 -0.1421799 0.06056565 0.04685568 -0.1426257 0.05939614 0.04771846 -0.1400456 0.06665873 0.05473107 -0.1422071 0.06529158 0.05636131 -0.1411291 0.06328564 0.05282181 -0.1423208 0.06187844 0.05352431 -0.1414564 0.06027984 0.05171626 -0.1408647 0.06461524 0.05188316 -0.1433602 0.06580513 0.05070233 -0.1445629 0.06707113 0.05406486 -0.1426588 0.06807374 0.05141103 -0.1445387 0.05871754 0.04449397 -0.1376628 0.05906778 0.04590117 -0.1394938 0.05866783 0.04618859 -0.138228 0.05851423 0.04481571 -0.1363446 0.06251674 0.05070644 -0.1427384 0.06444138 0.04883843 -0.1452649 0.06454253 0.04886668 -0.1453037 0.06679707 0.04929506 -0.1459103 0.06825828 0.04938995 -0.1460694 0.06071293 0.04927527 -0.1416046 0.06122064 0.04736542 -0.1432954 0.06228995 0.04800409 -0.1441409 0.06358075 0.04856193 -0.1448886 0.05898684 0.04982113 -0.1397139 0.05814218 0.04802191 -0.1380899 0.05823755 0.04637879 -0.1371109 0.05780428 0.04648345 -0.1361681 0.05825012 0.04508721 -0.1351648 0.05793625 0.04530596 -0.1341552 0.05879604 0.04377627 -0.1386358 0.05885124 0.04412776 -0.1390875 0.05920684 0.0451492 -0.140405 0.06085687 -0.03576409 -0.1112587 0.06097495 -0.03587329 -0.1089665 0.06081938 -0.03671854 -0.1089986 0.06070327 -0.03660351 -0.1112908 0.06043058 -0.03748553 -0.1090152 0.06031948 -0.03736633 -0.1113071 0.06042045 -0.0362733 -0.1164607 0.06005984 -0.03699934 -0.1164983 0.06057554 -0.03543549 -0.1164025 0.06078785 -0.0356968 -0.1125548 0.05699658 -0.02647304 -0.1600614 0.05667215 -0.0236693 -0.1654731 0.05806374 -0.0295481 -0.1502 0.04852843 0.02192586 -0.2234095 0.04925388 0.01917368 -0.2205487 0.04990065 0.01300394 -0.2160553 0.05056732 0.01014506 -0.2129466 0.05039364 0.009882986 -0.2131952 0.05121254 0.00480163 -0.2081728 0.05233955 -6.68108e-4 -0.2016313 0.05164825 0.002152979 -0.2053565 0.05247777 -0.002779603 -0.1996988 0.05328124 -0.006126821 -0.1949013 0.05368775 -0.009696185 -0.1906858 0.05419164 -0.01118844 -0.1878636 0.05492198 -0.0163635 -0.1804292 0.05662113 -0.02476531 -0.1641004 0.05602574 -0.02193844 -0.1701586 0.05587494 -0.01989769 -0.1732518 0.05503815 -0.01568335 -0.1807961 0.05934673 -0.03388261 -0.1335257 0.05873304 -0.03340923 -0.1384504 0.05872935 -0.0319572 -0.1419272 0.05793374 -0.0304411 -0.1490895 0.05783295 -0.0300371 -0.1503385 0.05991303 -0.03531622 -0.1250282 0.05944573 -0.03560763 -0.1275419 0.05911773 -0.03465843 -0.1327678 0.06006425 -0.03450381 -0.1249249 0.05950075 -0.03307789 -0.1333766 0.05888694 -0.03116279 -0.1417327 0.05822473 -0.02876675 -0.1499612 0.05684053 -0.02291929 -0.1651526 0.05604773 -0.0191679 -0.1728899 0.05521523 -0.0149759 -0.180394 0.05437338 -0.01050484 -0.187424 0.05346775 -0.005469977 -0.1944244 0.05253094 -4.01176e-5 -0.2011189 0.05076813 0.01071614 -0.2123746 0.04986745 0.0164557 -0.2175112 0.06022125 -0.0348317 -0.1224045 0.06035584 -0.03508454 -0.1201804 0.06051927 -0.0353533 -0.1173895 0.04995775 0.02446317 -0.2229421 0.05012273 0.02367192 -0.2219301 0.04971694 0.02072024 -0.2201562 0.04994922 0.02449798 -0.2229872 0.05049675 0.01961255 -0.2167341 0.05036014 0.02205306 -0.2198578 0.05907708 0.02621656 -0.1704932 0.06238645 0.02839863 -0.1717613 0.06340724 0.03350013 -0.1621642 0.06420075 0.02482122 -0.1868295 0.06470525 0.02556461 -0.1832415 0.06101304 0.02476692 -0.1826107 0.05642294 0.02068847 -0.174663 0.05604398 0.01754558 -0.1731792 0.05516093 0.01544731 -0.1807723 0.05761164 0.02551859 -0.1636135 0.05753195 0.02439218 -0.1582563 0.05681687 0.02040833 -0.1658722 0.05905944 0.04043298 -0.1444 0.05808174 0.02851009 -0.1585551 0.05849504 0.03208363 -0.153507 0.05808544 0.02905279 -0.151352 0.05882197 0.03606897 -0.1487758 0.05848634 0.03429073 -0.1451611 0.05874598 0.04013276 -0.1395886 0.05706918 0.02294063 -0.1688935 0.05842924 0.02408158 -0.1759983 0.06173545 0.02635163 -0.1771108 0.06107294 0.04286777 -0.1471092 0.06536746 0.02694326 -0.1782718 0.06608664 0.0291109 -0.1724444 0.06786668 0.04104262 -0.1538209 0.06679195 0.03222382 -0.1660975 0.06711435 0.03414005 -0.1628809 0.06382417 0.03678947 -0.1574747 0.06776756 0.03980606 -0.1552232 0.06415385 0.04046684 -0.1530787 0.06439393 0.04450094 -0.1490134 0.06249654 0.02378696 -0.1979999 0.06354695 0.02418166 -0.1912711 0.05895924 0.0229389 -0.1974957 0.06001573 0.02345043 -0.1896451 0.05576264 0.02064704 -0.1970295 0.05671697 0.02102094 -0.1889128 0.06083458 0.03870785 -0.1512873 0.06050664 0.03491115 -0.1558048 0.06009215 0.03150951 -0.1606246 0.05417674 0.01414567 -0.1885679 0.05308383 0.01366227 -0.1966039 0.05471354 0.01744204 -0.1882058 0.05369913 0.01728093 -0.1967156 0.05551987 0.02037608 -0.1969934 0.05771005 0.02241903 -0.1816621 0.05570513 0.01892966 -0.1806008 0.05097907 0.01488345 -0.2106812 0.05049878 0.0194025 -0.2164656 0.05378705 0.02404808 -0.2160449 0.05573445 0.02525085 -0.2160345 0.05740004 0.02344906 -0.2068478 0.05254453 0.0229063 -0.2161562 0.05420744 0.02111178 -0.2066692 0.05168873 0.02185004 -0.2163082 0.05214524 0.01773285 -0.2068038 0.05220633 0.01386368 -0.202672 0.05152785 0.01432859 -0.207164 0.06093198 0.02436226 -0.207269 0.05926233 0.02621948 -0.216354 0.03861534 0.009250819 -0.2303177 0.037494 0.01854056 -0.2369799 0.04196798 0.02170497 -0.233395 0.04499608 0.008868098 -0.2218663 0.03928625 0.004187405 -0.2261937 0.03980183 5.05865e-4 -0.2229483 0.04691666 -0.003533542 -0.2098483 0.04099243 -0.007402718 -0.2151713 0.04878568 -0.01444369 -0.1964829 0.04228407 -0.01518243 -0.206226 0.04103261 -0.007656514 -0.2149016 0.05055063 -0.02371954 -0.1819665 0.04353225 -0.02202254 -0.1969743 0.04315584 -0.02002543 -0.1998347 0.04680854 -0.03714001 -0.1685746 0.04592674 -0.03347313 -0.1769737 0.04475396 -0.02813273 -0.187203 0.05332285 -0.03644502 -0.1524387 0.05288743 -0.03649079 -0.1537649 0.05216473 -0.03124594 -0.1665096 0.05271238 -0.0365591 -0.1541692 0.05127292 -0.03744304 -0.1565608 0.04768395 -0.04045575 -0.159447 0.04702997 -0.03801071 -0.1663491 0.04901558 -0.03925389 -0.1587576 0.04938614 -0.03893619 -0.1584884 0.04932528 -0.04556822 -0.1390826 0.04846745 -0.04310542 -0.1503858 0.04899263 -0.04267662 -0.1500106 0.05064243 -0.04111826 -0.1491871 0.05123156 -0.04047375 -0.1490411 0.05478888 -0.04073351 -0.1336654 0.05193936 -0.0396189 -0.1490082 0.05274593 -0.03848469 -0.1492818 0.05289304 -0.0382471 -0.1493966 0.05320954 -0.03767079 -0.1497918 0.05358785 -0.0369364 -0.1503335 0.05346643 -0.0370022 -0.1505914 0.05349993 -0.0367527 -0.151093 0.05566203 -0.04270482 -0.1167385 0.05062055 -0.04783946 -0.1168934 0.05061614 -0.04783695 -0.1169859 0.05029743 -0.04147243 -0.1493123 0.04964077 -0.04632371 -0.1344108 0.05005925 -0.04715681 -0.1276125 0.04588955 0.02506941 -0.2294065 0.05590504 -0.04295963 -0.1113602 0.05086356 -0.04798942 -0.1113515 0.06043225 -0.0374875 -0.1089761 0.05601018 -0.04304546 -0.1090321 0.05095684 -0.04804921 -0.1090288 0.06078094 -0.03683274 -0.1089627 0.06095284 -0.03615683 -0.1089396 0.06097698 -0.03587514 -0.1089275 0.06161773 0 -0.1089999 0.06148314 0.01642042 -0.108993 0.06327444 0.01642042 -0.06816631 0.06455838 -0.0134958 -0.02086502 0.06494516 -0.0104503 0.01999998 0.06424528 -0.03884053 0.01999998 0.06421846 0.03952306 0.01999998 0.06483894 0.01793676 0.01999998 0.06384074 0.03976798 -0.02190023 0.06451463 0.01642042 -0.0208643 0.06277948 0.04046225 -0.06268948 0.06252902 0.040627 -0.06967127 0.06384968 -0.03848493 -0.02424162 0.06267827 -0.0374369 -0.06899338 0.06331825 -0.0134958 -0.06816798 0.06152683 -0.0134958 -0.1089952 0.06166005 0.04262101 -0.06958997 0.06228178 0.04170578 -0.06963568 0.05316203 0.04971694 -0.06911271 0.05255824 0.0503785 -0.09937822 0.06373375 -0.04040282 0.01999998 0.06336653 -0.04084765 0.01999998 0.06306397 -0.04049766 -0.02116739 0.06198793 -0.03923892 -0.06902521 0.06248188 -0.0383948 -0.06901621 0.06224125 -0.03953653 -0.06034433 0.06360024 -0.0395714 -0.02425432 0.06414937 -0.03948509 0.01999998 -0.02309697 0.009567081 0.01999998 -0.05683982 0.01788073 0.01999998 -0.02499997 0 0.01999998 -0.05694448 -0.01050633 0.01999998 -0.02309697 -0.009567022 0.01999998 -0.05624294 -0.0388965 0.01999998 -0.05578726 -0.0403729 0.01999998 -0.04303139 0.0508641 0.01999998 -0.04361593 0.05059969 0.01999998 -0.01767766 0.01767766 0.01999998 -0.04675143 0.04862147 0.01999998 -0.04979461 -0.04611682 0.01999998 -0.01767766 -0.0176776 0.01999998 -0.0526992 -0.04356533 0.01999998 -0.05543339 -0.04083216 0.01999998 0.05767244 0.04616087 0.01999998 0.05467784 0.04818254 0.01999998 0.02309697 0.009567081 0.01999998 0.05156707 0.05002027 0.01999998 0.01767766 0.01767766 0.01999998 0.05160105 -0.04997652 0.02000045 0.05477893 -0.04795372 0.01999998 0.02309697 -0.009567022 0.01999998 0.05037158 0.05038195 0.01999998 0.04560577 0.05076432 0.01999998 0.009567022 0.02309697 0.01999998 0.02365636 0.05203354 0.01999998 0 0.02499997 0.01999998 0.001682996 0.05249774 0.01999998 -0.009567081 0.02309697 0.01999998 -0.02030682 0.05215638 0.01999998 -0.04230588 0.05100673 0.01999998 -0.04364621 -0.05055576 0.02000039 -0.04225862 -0.05100983 0.01999998 -0.009567081 -0.02309703 0.01999998 -0.02025961 -0.05215775 0.01999998 0 -0.02500003 0.01999998 0.001730144 -0.05249732 0.01999998 0.009567022 -0.02309703 0.01999998 0.02123355 -0.05212402 0.01999998 0.01767766 -0.0176776 0.01999998 0.02370351 -0.05203151 0.01999998 -0.04975873 0.04645341 0.01999998 -0.05532538 0.04159933 0.01999998 -0.05569744 0.04115325 0.01999998 0.06394374 0.04066377 0.01999998 0.06413263 0.04012644 0.01999998 -0.05611687 0.04023742 0.01999998 -0.056216 0.03958261 0.01999998 0.06372958 0.04104959 0.01999998 0.06325244 0.04161185 0.01999998 0.04565298 -0.05076062 0.01999998 0.05032193 -0.05038583 0.01999998 0.05078357 -0.05031043 0.01999998 0.05782353 -0.04573541 0.01999998 0.02499997 0 0.01999998 0.06284558 0.04186958 -0.02471572 0.06352514 0.04091566 -0.02482831 0.06057214 -0.03764009 -0.1059805 0.08217263 0.1541747 -0.2093156 0.08217263 0.153062 -0.21442 0.03799998 0.1551067 -0.2149524 0.0401259 0.047266 -0.2498564 0.03799998 0.04860591 -0.251036 0.03799998 0.05472576 -0.2552889 0.05909734 0.07888484 -0.1325605 0.05906355 0.07601505 -0.1331116 0.08217263 0.07868421 -0.1338252 0.04673707 0.03881597 -0.2411233 0.04596734 0.03982323 -0.2423398 0.08217263 0.0400809 -0.239887 0.08217263 0.04811286 -0.247919 0.04986625 0.03516602 -0.2361423 0.08217263 0.03356564 -0.2305823 0.05365735 0.03145617 -0.2298103 0.08217263 0.02876514 -0.2202876 0.05789124 0.02775919 -0.221227 0.05662643 0.02885949 -0.2241357 0.05820614 0.02745199 -0.2203426 0.08217263 0.0258252 -0.2093156 0.08217263 0.02483522 -0.1979999 0.08217263 0.0258252 -0.1866842 0.08217263 0.02876514 -0.1757123 0.08217263 0.03356564 -0.1654176 0.08217263 0.0400809 -0.1561128 0.08217263 0.05741763 -0.1415656 0.08217263 0.04811286 -0.1480809 0.05885344 0.0652464 -0.1363991 0.05875533 0.061863 -0.1378641 0.08217263 0.06771224 -0.1367651 0.06376844 0.05779153 -0.1402202 0.05897575 0.07060801 -0.134513 0.08217263 0.08999985 -0.1328352 0.05914562 0.08572745 -0.1317632 0.05913603 0.08372336 -0.1319225 0.08217263 0.1013156 -0.1338252 0.05913114 0.09708392 -0.132004 0.05915027 0.08718293 -0.1316856 0.05750864 0.1040121 -0.1330427 0.08217263 0.1122875 -0.1367651 0.05690425 0.1051762 -0.1332758 0.05674993 0.1054413 -0.1333312 0.05796414 0.1029564 -0.1328456 0.05840355 0.1017011 -0.1326295 0.05909734 0.09799563 -0.1321066 0.03799998 0.1202886 -0.1379259 0.03799998 0.1138185 -0.1350796 0.04880106 0.1131058 -0.1352796 0.04389643 0.04274874 -0.2455652 0.04219919 0.04511952 -0.2479003 0.08217263 0.05741763 -0.2544343 0.03799998 0.1097003 -0.2623287 0.08217263 0.1090816 -0.2603083 0.03799998 0.09854531 -0.2647327 0.08217263 0.1013156 -0.2621747 0.03799998 0.08714455 -0.265217 0.08217263 0.08999985 -0.2631647 0.03799998 0.07582592 -0.2637676 0.08217263 0.07868421 -0.2621747 0.03799998 0.064915 -0.2604262 0.08217263 0.06771224 -0.2592348 0.03799998 0.1202886 -0.258074 0.03799998 0.1300054 -0.252091 0.08217263 0.128749 -0.2503922 0.08217263 0.1225822 -0.2544343 0.08217263 0.1193373 -0.2561872 0.08217263 0.1122875 -0.2592348 0.03799998 0.1385714 -0.244552 0.03799998 0.1457401 -0.2356738 0.08217263 0.1439895 -0.2344905 0.08217263 0.1399189 -0.239887 0.08217263 0.1370459 -0.2430899 0.08217263 0.131887 -0.247919 0.03799998 0.1513052 -0.2257117 0.08217263 0.1512347 -0.2202876 0.08217263 0.1493799 -0.2248414 0.08217263 0.1464342 -0.2305823 0.08217263 0.1549299 -0.2035262 0.03799998 0.1570352 -0.2037055 0.08217263 0.1551646 -0.1979999 0.03799998 0.1570352 -0.1922944 0.08217263 0.1549299 -0.1924736 0.08217263 0.1541747 -0.1866842 0.03799998 0.1551067 -0.1810474 0.08217263 0.153062 -0.1815799 0.08217263 0.1512347 -0.1757123 0.03799998 0.1513052 -0.1702882 0.08217263 0.1493799 -0.1711585 0.08217263 0.1464342 -0.1654176 0.03799998 0.1457401 -0.1603261 0.08217263 0.1439895 -0.1615093 0.08217263 0.1399189 -0.1561128 0.03799998 0.1385714 -0.1514479 0.08217263 0.1370459 -0.1529099 0.08217263 0.131887 -0.1480809 0.03799998 0.1300054 -0.1439088 0.08217263 0.128749 -0.1456077 0.08217263 0.1225822 -0.1415656 0.08217263 0.1193373 -0.1398126 0.05452114 0.1083388 -0.1339861 0.05195695 0.02661067 -0.2230076 0.05715703 0.02724951 -0.220101 0.05452245 0.02818864 -0.2234886 0.05436158 0.02611112 -0.2196623 0.05196738 0.02422225 -0.2195996 0.05293583 0.02732735 -0.2231447 0.04696238 0.02687674 -0.2289824 0.04827648 0.02840626 -0.2288178 0.04899144 0.02905696 -0.2288224 0.0397588 0.03316622 -0.24111 0.04283678 0.0286135 -0.2353137 0.04129445 0.02865922 -0.2373922 0.03659361 0.02704852 -0.2421587 0.03607344 0.03252047 -0.2450818 0.03688973 0.03435677 -0.2449468 0.03709167 0.03496837 -0.2449634 0.03728961 0.03571581 -0.2450308 0.03749746 0.03724092 -0.2453722 0.0370711 0.02239269 -0.2394287 0.04725515 -0.04080861 -0.1595257 0.04678487 -0.04111093 -0.1594688 0.04556006 -0.03624564 -0.1723436 0.04197859 -0.01898521 -0.2022953 0.04291129 -0.02394473 -0.1952023 0.0438252 -0.02848374 -0.1878304 0.04471117 -0.03258889 -0.1802017 0.04010069 -0.00790596 -0.2155124 0.04103934 -0.01363819 -0.2090655 0.03830152 0.004372239 -0.2271259 0.03778392 0.00422424 -0.2272177 0.03678536 0.008301079 -0.2306119 0.03690814 0.01096743 -0.2325734 0.03562688 0.01794606 -0.2375562 0.03607243 0.01801508 -0.2375289 0.04146462 -0.01915985 -0.2023554 0.04020887 -0.0149042 -0.2079261 0.04052448 -0.01380723 -0.2091337 0.03902989 -0.007634639 -0.2161483 0.03958493 -0.008068501 -0.2155886 0.03789311 4.57838e-5 -0.2236483 0.03745234 0.003231346 -0.2264586 0.04584795 -0.04155182 -0.1589181 0.04482215 -0.03769803 -0.1695594 0.04504764 -0.03643262 -0.1723697 0.04443204 -0.03610473 -0.1733362 0.04419875 -0.03277462 -0.1802364 0.04367178 -0.03281342 -0.1803456 0.04331254 -0.02866679 -0.1878737 0.04252386 -0.02740675 -0.190178 0.04239809 -0.02412414 -0.1952541 0.04136908 -0.02144074 -0.1993372 0.04100513 -0.01944893 -0.2020945 0.03659152 0.01814585 -0.2374209 0.03742659 0.01110714 -0.2324735 0.05124998 -0.03757309 -0.1467884 0.04674994 -0.0327745 -0.1529303 0.04510289 -0.0337885 -0.1516324 0.04510289 -0.04191422 -0.1579809 0.04449999 -0.03517383 -0.1498593 0.04450005 -0.04267442 -0.1556863 0.04510289 -0.03655904 -0.1480863 0.04510289 -0.04330903 -0.15336 0.04674994 -0.03757309 -0.1467884 0.04900002 -0.03794419 -0.1463133 0.04793888 -0.04342806 -0.1507587 0.04676812 -0.04366886 -0.1515376 0.04647743 -0.0436474 -0.1517507 0.05289715 -0.03655904 -0.1480863 0.05349993 -0.03517383 -0.1498593 0.05289715 -0.0337885 -0.1516324 0.05124998 -0.0327745 -0.1529303 0.04900002 -0.03240334 -0.1534054 0.04926687 -0.04789912 -0.1258954 0.04873645 -0.04686641 -0.1347885 0.04736202 -0.04615873 -0.1405752 0.04814803 -0.0453633 -0.1433295 0.04813504 -0.04779893 -0.1293099 0.04877156 -0.04856306 -0.1183951 0.04884958 -0.04860502 -0.1169107 0.04971528 -0.04840052 -0.1169516 0.04980045 -0.0483691 -0.1168633 0.04885435 -0.04860723 -0.1168197 0.05047672 -0.04828035 -0.1113407 0.04912245 -0.04873466 -0.1112905 0.05097073 -0.04805803 -0.1086772 0.05718064 -0.04438096 -0.06903648 0.05169856 -0.04900473 -0.06900638 0.05168968 -0.04885983 -0.07549828 0.05118077 -0.04820752 -0.1027753 0.05014973 -0.04855775 -0.1090059 0.04922425 -0.04878711 -0.1089717 0.05117923 0.05127614 -0.1281553 0.05828255 0.05685412 -0.1393054 0.05714434 0.06074017 -0.1380995 0.05088955 0.05208921 -0.1309488 0.05448824 0.04972857 -0.1339232 0.05088663 0.05255931 -0.1318898 0.05481743 0.05120247 -0.1358965 0.05136227 0.05418032 -0.1343237 0.05560934 0.05299377 -0.1375554 0.05251324 0.05610966 -0.1362652 0.05430167 0.05822855 -0.1375816 0.05422425 0.05814814 -0.1375457 0.05680853 0.05494129 -0.1387205 0.05302274 0.05678015 -0.1367662 0.05261898 0.05625468 -0.1363804 0.05627435 0.06005162 -0.1380826 0.05561637 0.05948692 -0.137994 0.05457544 0.05850666 -0.137697 0.05193364 0.05086183 -0.1082289 0.05068475 0.05254536 -0.1081342 0.04978585 0.05300039 -0.1277778 0.04927706 0.05520707 -0.1276762 0.05023688 0.05461859 -0.1080603 0.05080854 0.05415606 -0.08856457 0.05099993 0.05383312 -0.06905919 0.05114734 0.05234527 -0.08860749 0.05133956 0.05202209 -0.06908267 0.05215024 0.05074661 -0.08865898 0.05234324 0.05042332 -0.06910347 0.05316245 0.04971593 -0.06905299 0.05333024 0.04924625 -0.03528618 0.05744624 0.04637664 -0.02465224 0.05251425 0.04975134 -0.0351687 0.05159473 0.05030161 -0.03527718 0.08626973 0.1187499 -0.1497035 0.08626347 0.1190149 -0.1497 0.08496898 0.1190149 -0.1489685 0.08449983 0.1190909 -0.1487035 0.08449983 0.1184089 -0.1487035 0.08467012 0.1190445 -0.1487989 0.08467012 0.1184552 -0.1487989 0.08496898 0.1184849 -0.1489685 0.08626347 0.1184849 -0.1497 0.08449983 0.1183384 -0.1486149 0.08643394 0.1184849 -0.1489685 0.08644795 0.1184745 -0.1488672 0.08645594 0.118454 -0.1487956 0.08646458 0.1183922 -0.1486785 0.08449983 0.1182498 -0.1485445 0.08466964 0.1181539 -0.1484976 0.08646595 0.1183384 -0.1486149 0.08646082 0.1182164 -0.1485253 0.08496898 0.1179848 -0.1484685 0.08643394 0.1179848 -0.1484685 0.08466964 0.1193457 -0.1484976 0.08449983 0.1192498 -0.1485445 0.08449983 0.1191613 -0.1486149 0.08646082 0.1190717 -0.1487369 0.08643394 0.1190149 -0.1489685 0.08646595 0.1191613 -0.148615 0.08643394 0.1195148 -0.1484685 0.08496898 0.1195148 -0.1484685 0.08644795 0.1194136 -0.1484788 0.08645594 0.1193419 -0.1484993 0.08646458 0.1192249 -0.1485611 0.08626973 0.1187499 -0.1467035 0.08626347 0.1184849 -0.146707 0.08496898 0.1184849 -0.1474385 0.08626347 0.1190149 -0.146707 0.08496898 0.1190149 -0.1474385 0.08467012 0.1190445 -0.1476081 0.08466964 0.1184558 -0.1476076 0.08449983 0.1190909 -0.1477035 0.08449983 0.1184089 -0.1477035 0.08449983 0.1192498 -0.1478625 0.08626973 0.1202498 -0.1482035 0.08626347 0.1202463 -0.1479385 0.08496898 0.1195148 -0.1479385 0.08626347 0.1202463 -0.1484685 0.08467012 0.1193453 -0.1479088 0.08449983 0.1191613 -0.1477921 0.08643394 0.1190149 -0.1474385 0.08644795 0.1190252 -0.1475398 0.08645594 0.1190457 -0.1476114 0.08646458 0.1191075 -0.1477285 0.08646595 0.1191613 -0.1477921 0.08646082 0.1192833 -0.1478817 0.08643394 0.1195148 -0.1479385 0.08626973 0.1172499 -0.1482035 0.08626347 0.1172534 -0.1484685 0.08626347 0.1172534 -0.1479385 0.08496898 0.1179848 -0.1479385 0.08466964 0.1181539 -0.1479094 0.08449983 0.1182498 -0.1478625 0.08449983 0.1183384 -0.1477921 0.08626973 0.1187499 -0.2492963 0.08626347 0.1190149 -0.2492928 0.08496898 0.1190149 -0.2485614 0.08449983 0.1190909 -0.2482963 0.08449983 0.1184089 -0.2482963 0.08467012 0.1190445 -0.2483918 0.08467012 0.1184552 -0.2483918 0.08496898 0.1184849 -0.2485614 0.08626347 0.1184849 -0.2492928 0.08449983 0.1183384 -0.2482078 0.08643394 0.1184849 -0.2485614 0.08644795 0.1184745 -0.2484601 0.08645594 0.118454 -0.2483884 0.08646458 0.1183922 -0.2482714 0.08449983 0.1182498 -0.2481374 0.08466964 0.1181539 -0.2480905 0.08646595 0.1183384 -0.2482078 0.08646082 0.1182164 -0.2481182 0.08496898 0.1179848 -0.2480613 0.08643394 0.1179848 -0.2480613 0.08466964 0.1193457 -0.2480905 0.08449983 0.1192498 -0.2481374 0.08449983 0.1191613 -0.2482078 0.08646082 0.1190717 -0.2483298 0.08643394 0.1190149 -0.2485614 0.08646595 0.1191613 -0.2482078 0.08643394 0.1195148 -0.2480613 0.08496898 0.1195148 -0.2480613 0.08644795 0.1194136 -0.2480717 0.08645594 0.1193419 -0.2480922 0.08646458 0.1192249 -0.248154 0.08626973 0.1187499 -0.2462964 0.08626347 0.1184849 -0.2462999 0.08496898 0.1184849 -0.2470314 0.08626347 0.1190149 -0.2462999 0.08496898 0.1190149 -0.2470314 0.08467012 0.1190445 -0.2472009 0.08466964 0.1184558 -0.2472005 0.08449983 0.1190909 -0.2472964 0.08449983 0.1184089 -0.2472964 0.08449983 0.1192498 -0.2474553 0.08626973 0.1202498 -0.2477964 0.08626347 0.1202463 -0.2475314 0.08496898 0.1195148 -0.2475314 0.08626347 0.1202463 -0.2480613 0.08467012 0.1193453 -0.2475017 0.08449983 0.1191613 -0.2473849 0.08643394 0.1190149 -0.2470314 0.08644795 0.1190252 -0.2471326 0.08645594 0.1190457 -0.2472043 0.08646458 0.1191075 -0.2473213 0.08646595 0.1191613 -0.2473849 0.08646082 0.1192833 -0.2474745 0.08643394 0.1195148 -0.2475314 0.08449983 0.1182498 -0.2474553 0.08466964 0.1181539 -0.2475022 0.08626973 0.1172499 -0.2477964 0.08626347 0.1172534 -0.2480613 0.08626347 0.1172534 -0.2475314 0.08496898 0.1179848 -0.2475314 0.08449983 0.1183384 -0.2473849 0.08643394 0.1184849 -0.1474385 0.08643394 0.1179848 -0.1479385 0.08644843 0.118474 -0.1475427 0.08645594 0.118454 -0.1476114 0.08646523 0.1183752 -0.147751 0.08645874 0.1181887 -0.1478951 0.08643394 0.1184849 -0.2470314 0.08643394 0.1179848 -0.2475314 0.08644843 0.118474 -0.2471355 0.08645594 0.118454 -0.2472043 0.08646523 0.1183752 -0.2473439 0.08645874 0.1181887 -0.2474879 0.08603084 0.1208642 -0.1482035 0.08603084 0.120581 -0.1492607 0.08603084 0.119807 -0.1500346 0.08603084 0.1187499 -0.1503179 0.08603084 0.1176927 -0.1500346 0.08603084 0.1169187 -0.1492607 0.08603084 0.1166355 -0.1482035 0.08603084 0.1169187 -0.1471463 0.08603084 0.1176927 -0.1463723 0.08603084 0.1187499 -0.1460891 0.08603084 0.119807 -0.1463723 0.08603084 0.120581 -0.1471463 0.08603084 0.1208642 -0.2477964 0.08603084 0.120581 -0.2488535 0.08603084 0.119807 -0.2496275 0.08603084 0.1187499 -0.2499107 0.08603084 0.1176927 -0.2496275 0.08603084 0.1169187 -0.2488535 0.08603084 0.1166355 -0.2477964 0.08603084 0.1169187 -0.2467392 0.08603084 0.1176927 -0.2459652 0.08603084 0.1187499 -0.245682 0.08603084 0.119807 -0.2459652 0.08603084 0.120581 -0.2467392 0.0345 0.03691703 -0.245818 0.03449648 0.03675878 -0.2456053 0.03376501 0.03777885 -0.2448083 0.03449648 0.03708511 -0.2460229 0.03376501 0.03810513 -0.245226 0.03359538 0.03835892 -0.2450653 0.03359538 0.03799611 -0.244601 0.03350001 0.03852152 -0.2449971 0.03350001 0.03810161 -0.2444597 0.03341144 0.03856486 -0.2450527 0.03376501 0.0369507 -0.2461279 0.03366374 0.03694599 -0.2461447 0.0335921 0.03695243 -0.2461657 0.03347504 0.03698372 -0.2462197 0.03334099 0.03861939 -0.2451224 0.03329408 0.03854471 -0.2453025 0.03341144 0.03701561 -0.2462631 0.03332185 0.03709471 -0.246356 0.03326499 0.03841298 -0.24562 0.03326499 0.0372585 -0.246522 0.03329408 0.03781092 -0.2443633 0.03334099 0.03800374 -0.2443344 0.03341144 0.03805822 -0.2444042 0.03353345 0.03656816 -0.245682 0.03376501 0.03662437 -0.2457103 0.0334115 0.03650903 -0.2456146 0.03326499 0.03631657 -0.2453163 0.03326499 0.03747099 -0.2444143 0.03327536 0.03636783 -0.2454047 0.03329586 0.0364058 -0.245466 0.03335767 0.03647106 -0.2455635 0.03149998 0.03691703 -0.245818 0.03150355 0.03708511 -0.2460229 0.03223502 0.03810513 -0.245226 0.03150355 0.03675878 -0.2456053 0.03223502 0.03777885 -0.2448083 0.0324046 0.03799611 -0.244601 0.03240412 0.03835886 -0.2450646 0.03250002 0.03810161 -0.2444597 0.03250002 0.03852152 -0.2449971 0.03265899 0.03800374 -0.2443344 0.03299999 0.03599351 -0.244636 0.03273499 0.0360006 -0.2446349 0.03273499 0.03747099 -0.2444143 0.03326499 0.0360006 -0.2446349 0.03270536 0.03781098 -0.2443639 0.03258854 0.03805822 -0.2444042 0.03223502 0.03662437 -0.2457103 0.03233623 0.03660696 -0.2457108 0.03240793 0.03658813 -0.2456994 0.032525 0.0365433 -0.245656 0.0325886 0.03650897 -0.2456146 0.03267812 0.03643792 -0.2455154 0.03273499 0.03631657 -0.2453163 0.03299999 0.03784048 -0.2469999 0.03326499 0.03784328 -0.2469933 0.03265899 0.03861939 -0.2451224 0.0327059 0.03854471 -0.2453025 0.03273499 0.03841298 -0.24562 0.03273499 0.03784328 -0.2469933 0.03258854 0.03856486 -0.2450527 0.04949992 -0.03577774 -0.1498985 0.04949992 -0.03535789 -0.1504359 0.04959535 -0.03552043 -0.1505041 0.05049997 -0.03696233 -0.1512567 0.05049645 -0.03712064 -0.151044 0.04976493 -0.0361005 -0.1502471 0.05049645 -0.03679424 -0.1514617 0.04976493 -0.03577423 -0.1506647 0.04959535 -0.03588324 -0.1500397 0.04941147 -0.0353145 -0.1504914 0.04976493 -0.03692871 -0.1515667 0.04966378 -0.0369333 -0.1515835 0.04959207 -0.03692692 -0.1516045 0.04947495 -0.03689563 -0.1516585 0.04934108 -0.0352599 -0.1505612 0.04929405 -0.03533464 -0.1507412 0.04941135 -0.03686374 -0.1517018 0.04932183 -0.03678464 -0.1517948 0.04926508 -0.03546643 -0.1510588 0.04926508 -0.03662079 -0.1519607 0.04929405 -0.03606843 -0.1498021 0.04934108 -0.03587561 -0.1497732 0.04941147 -0.03582113 -0.1498429 0.04953348 -0.03731119 -0.1511208 0.04976493 -0.03725498 -0.1511491 0.04941147 -0.03737032 -0.1510534 0.04926508 -0.03756284 -0.1507551 0.04926508 -0.0364083 -0.1498531 0.04927533 -0.03751152 -0.1508435 0.04929584 -0.03747349 -0.1509048 0.04935765 -0.03740829 -0.1510023 0.04749995 -0.03696233 -0.1512567 0.04750353 -0.03679424 -0.1514617 0.04823493 -0.03577423 -0.1506647 0.04750353 -0.03712064 -0.151044 0.04823493 -0.0361005 -0.1502471 0.04840457 -0.03588324 -0.1500397 0.04840403 -0.03552049 -0.1505034 0.04849994 -0.03577774 -0.1498985 0.04849994 -0.03535789 -0.1504359 0.04865908 -0.03587561 -0.1497732 0.04900002 -0.03788584 -0.1500747 0.04873508 -0.03787869 -0.1500736 0.04873508 -0.0364083 -0.1498531 0.04926508 -0.03787869 -0.1500736 0.04870533 -0.03606843 -0.1498027 0.04858857 -0.03582113 -0.1498429 0.04823493 -0.03725498 -0.1511491 0.04833626 -0.03727239 -0.1511495 0.04840785 -0.03729122 -0.1511382 0.04852497 -0.03733599 -0.1510948 0.04858857 -0.03737044 -0.1510533 0.04867815 -0.03744143 -0.1509541 0.04873508 -0.03756284 -0.1507551 0.04865908 -0.0352599 -0.1505612 0.04870593 -0.03533464 -0.1507412 0.04900002 -0.03603893 -0.1524387 0.04926508 -0.03603613 -0.1524321 0.04873508 -0.03603613 -0.1524321 0.04873508 -0.03546643 -0.1510588 0.04858857 -0.0353145 -0.1504914 0.08584398 0.1163635 -0.1482035 0.08584398 0.1166833 -0.1470104 0.08584398 0.1175567 -0.1461368 0.08584398 0.1187499 -0.1458172 0.08584398 0.119943 -0.1461368 0.08584398 0.1208165 -0.1470104 0.08584398 0.1211361 -0.1482035 0.08584398 0.1208165 -0.1493966 0.08584398 0.119943 -0.1502701 0.08584398 0.1187499 -0.1505898 0.08584398 0.1175567 -0.1502701 0.08584398 0.1166833 -0.1493966 0.08521193 0.1160626 -0.1482523 0.08521193 0.1164222 -0.1495474 0.08553123 0.1164938 -0.1495061 0.08521193 0.117406 -0.1505311 0.08553123 0.1174473 -0.1504596 0.08521193 0.1187499 -0.1508912 0.08553123 0.1187499 -0.1508086 0.08521193 0.1200937 -0.1505311 0.08553123 0.1200524 -0.1504596 0.08521193 0.1210775 -0.1495474 0.08553123 0.1210059 -0.1495061 0.08521193 0.1214376 -0.1482035 0.08553123 0.1213549 -0.1482035 0.08521193 0.1210775 -0.1468596 0.08553123 0.1210059 -0.1469009 0.08521193 0.1200937 -0.1458758 0.08553123 0.1200524 -0.1459474 0.08521193 0.1187499 -0.1455158 0.08553123 0.1187499 -0.1455984 0.08521193 0.117406 -0.1458758 0.08553123 0.1174473 -0.1459474 0.08521193 0.1164222 -0.1468596 0.08553123 0.1164938 -0.1469009 0.08521193 0.1160621 -0.1482035 0.08553123 0.1161447 -0.1482035 0.08584398 0.1163635 -0.2477964 0.08584398 0.1166833 -0.2466032 0.08584398 0.1175567 -0.2457297 0.08584398 0.1187499 -0.2454101 0.08584398 0.119943 -0.2457297 0.08584398 0.1208165 -0.2466032 0.08584398 0.1211361 -0.2477964 0.08584398 0.1208165 -0.2489895 0.08584398 0.119943 -0.249863 0.08584398 0.1187499 -0.2501827 0.08584398 0.1175567 -0.249863 0.08584398 0.1166833 -0.2489895 0.08521193 0.1160626 -0.2478452 0.08521193 0.1164222 -0.2491402 0.08553123 0.1164938 -0.2490989 0.08521193 0.117406 -0.250124 0.08553123 0.1174473 -0.2500524 0.08521193 0.1187499 -0.2504841 0.08553123 0.1187499 -0.2504015 0.08521193 0.1200937 -0.250124 0.08553123 0.1200524 -0.2500524 0.08521193 0.1210775 -0.2491402 0.08553123 0.1210059 -0.2490989 0.08521193 0.1214376 -0.2477964 0.08553123 0.1213549 -0.2477964 0.08521193 0.1210775 -0.2464525 0.08553123 0.1210059 -0.2464938 0.08521193 0.1200937 -0.2454687 0.08553123 0.1200524 -0.2455403 0.08521193 0.1187499 -0.2451086 0.08553123 0.1187499 -0.2451912 0.08521193 0.117406 -0.2454687 0.08553123 0.1174473 -0.2455403 0.08521193 0.1164222 -0.2464525 0.08553123 0.1164938 -0.2464938 0.08521193 0.1160621 -0.2477964 0.08553123 0.1161447 -0.2477964 0.03223502 0.0369507 -0.2461279 0.03273499 0.0372585 -0.246522 0.03233915 0.03694599 -0.2461454 0.03240787 0.03695231 -0.2461658 0.03254753 0.03699344 -0.2462336 0.03269159 0.03711348 -0.2463766 0.04823493 -0.03692871 -0.1515667 0.04873508 -0.03662079 -0.1519607 0.04833918 -0.0369333 -0.1515842 0.04840785 -0.03692704 -0.1516045 0.04854744 -0.03688591 -0.1516724 0.04869157 -0.03676593 -0.1518154 -0.04049998 -0.03577774 -0.1498985 -0.04049998 -0.03535789 -0.1504359 -0.04040461 -0.03552043 -0.1505041 -0.03949999 -0.03696233 -0.1512567 -0.03950351 -0.03712064 -0.151044 -0.04023498 -0.0361005 -0.1502471 -0.03950351 -0.03679424 -0.1514617 -0.04023498 -0.03577423 -0.1506647 -0.04040461 -0.03588324 -0.1500397 -0.04058855 -0.0353145 -0.1504914 -0.04023498 -0.03692871 -0.1515667 -0.04033625 -0.0369333 -0.1515835 -0.04040789 -0.03692692 -0.1516045 -0.04052495 -0.03689563 -0.1516585 -0.04065901 -0.0352599 -0.1505612 -0.04070591 -0.03533464 -0.1507412 -0.04058861 -0.03686374 -0.1517018 -0.04067814 -0.03678464 -0.1517948 -0.040735 -0.03546643 -0.1510588 -0.040735 -0.03662079 -0.1519607 -0.04070591 -0.03606843 -0.1498021 -0.04065901 -0.03587561 -0.1497732 -0.04058855 -0.03582113 -0.1498429 -0.0404666 -0.03731119 -0.1511208 -0.04023498 -0.03725498 -0.1511491 -0.04058855 -0.03737032 -0.1510534 -0.040735 -0.03756284 -0.1507551 -0.040735 -0.0364083 -0.1498531 -0.04072463 -0.03751152 -0.1508435 -0.04070413 -0.03747349 -0.1509048 -0.04064232 -0.03740829 -0.1510023 -0.04250001 -0.03696233 -0.1512567 -0.04249644 -0.03679424 -0.1514617 -0.04176503 -0.03577423 -0.1506647 -0.04249644 -0.03712064 -0.151044 -0.04176503 -0.0361005 -0.1502471 -0.04159539 -0.03588324 -0.1500397 -0.04159593 -0.03552049 -0.1505034 -0.04150003 -0.03577774 -0.1498985 -0.04150003 -0.03535789 -0.1504359 -0.041341 -0.03587561 -0.1497732 -0.041 -0.03788584 -0.1500747 -0.04126501 -0.03787869 -0.1500736 -0.04126501 -0.0364083 -0.1498531 -0.040735 -0.03787869 -0.1500736 -0.04129463 -0.03606843 -0.1498027 -0.04141145 -0.03582113 -0.1498429 -0.04176503 -0.03725498 -0.1511491 -0.04166376 -0.03727239 -0.1511495 -0.04159212 -0.03729122 -0.1511382 -0.04147499 -0.03733599 -0.1510948 -0.04141139 -0.03737044 -0.1510533 -0.04132187 -0.03744143 -0.1509541 -0.04126501 -0.03756284 -0.1507551 -0.041341 -0.0352599 -0.1505612 -0.04129409 -0.03533464 -0.1507412 -0.041 -0.03603893 -0.1524387 -0.040735 -0.03603613 -0.1524321 -0.04126501 -0.03603613 -0.1524321 -0.04126501 -0.03546643 -0.1510588 -0.04141145 -0.0353145 -0.1504914 0.08449983 0.1159998 -0.1482035 0.08449983 0.1163682 -0.1468285 0.08449983 0.1173748 -0.1458219 0.08449983 0.1187499 -0.1454535 0.08449983 0.1201248 -0.1458219 0.08449983 0.1211314 -0.1468285 0.08449983 0.1214998 -0.1482035 0.08449983 0.1211314 -0.1495785 0.08449983 0.1201248 -0.1505851 0.08449983 0.1187499 -0.1509535 0.08449983 0.1173748 -0.1505851 0.08449983 0.1163682 -0.1495785 0.08449983 0.1159998 -0.2477964 0.08449983 0.1163682 -0.2464214 0.08449983 0.1173748 -0.2454148 0.08449983 0.1187499 -0.2450463 0.08449983 0.1201248 -0.2454148 0.08449983 0.1211314 -0.2464214 0.08449983 0.1214998 -0.2477964 0.08449983 0.1211314 -0.2491713 0.08449983 0.1201248 -0.2501779 0.08449983 0.1187499 -0.2505464 0.08449983 0.1173748 -0.2501779 0.08449983 0.1163682 -0.2491713 -0.02350002 0.03691703 -0.245818 -0.02350354 0.03675878 -0.2456053 -0.02423501 0.03777885 -0.2448083 -0.02350354 0.03708511 -0.2460229 -0.02423501 0.03810513 -0.245226 -0.02440458 0.03835892 -0.2450653 -0.02440458 0.03799611 -0.244601 -0.02450001 0.03852152 -0.2449971 -0.02450001 0.03810161 -0.2444597 -0.02458852 0.03856486 -0.2450527 -0.02423501 0.0369507 -0.2461279 -0.02433627 0.03694599 -0.2461447 -0.02440792 0.03695243 -0.2461657 -0.02452498 0.03698372 -0.2462197 -0.02465897 0.03861939 -0.2451224 -0.02470588 0.03854471 -0.2453025 -0.02458858 0.03701561 -0.2462631 -0.02467811 0.03709471 -0.246356 -0.02473497 0.03841298 -0.24562 -0.02473497 0.0372585 -0.246522 -0.02470588 0.03781092 -0.2443633 -0.02465897 0.03800374 -0.2443344 -0.02458852 0.03805822 -0.2444042 -0.02446657 0.03656816 -0.245682 -0.02423501 0.03662437 -0.2457103 -0.02458852 0.03650903 -0.2456146 -0.02473497 0.03631657 -0.2453163 -0.02473497 0.03747099 -0.2444143 -0.02472466 0.03636783 -0.2454047 -0.02470415 0.0364058 -0.245466 -0.02464234 0.03647106 -0.2455635 -0.02649998 0.03691703 -0.245818 -0.02649646 0.03708511 -0.2460229 -0.025765 0.03810513 -0.245226 -0.02649646 0.03675878 -0.2456053 -0.025765 0.03777885 -0.2448083 -0.02559542 0.03799611 -0.244601 -0.0255959 0.03835886 -0.2450646 -0.02549999 0.03810161 -0.2444597 -0.02549999 0.03852152 -0.2449971 -0.02534097 0.03800374 -0.2443344 -0.02499997 0.03599351 -0.244636 -0.02526497 0.0360006 -0.2446349 -0.02526497 0.03747099 -0.2444143 -0.02473497 0.0360006 -0.2446349 -0.02529466 0.03781098 -0.2443639 -0.02541142 0.03805822 -0.2444042 -0.025765 0.03662437 -0.2457103 -0.02566373 0.03660696 -0.2457108 -0.02559208 0.03658813 -0.2456994 -0.02547502 0.0365433 -0.245656 -0.02541142 0.03650897 -0.2456146 -0.02532184 0.03643792 -0.2455154 -0.02526497 0.03631657 -0.2453163 -0.02499997 0.03784048 -0.2469999 -0.02473497 0.03784328 -0.2469933 -0.02526497 0.03784328 -0.2469933 -0.02526497 0.03841298 -0.24562 -0.02529406 0.03854471 -0.2453025 -0.02534097 0.03861939 -0.2451224 -0.02541142 0.03856486 -0.2450527 0.03299999 0.03580343 -0.2440048 0.03405719 0.03597784 -0.244228 0.0348311 0.03645431 -0.2448378 0.0351144 0.03710514 -0.2456709 0.0348311 0.03775602 -0.246504 0.03405719 0.0382325 -0.2471139 0.03299999 0.0384069 -0.2473371 0.03194278 0.0382325 -0.2471139 0.03116887 0.03775602 -0.246504 0.03088557 0.03710514 -0.2456709 0.03116887 0.03645431 -0.2448378 0.03194278 0.03597784 -0.244228 0.04900002 -0.03807592 -0.1494435 0.05005723 -0.03790152 -0.1496668 0.05083113 -0.0374251 -0.1502766 0.05111438 -0.03677421 -0.1511097 0.05083113 -0.03612333 -0.1519428 0.05005723 -0.03564679 -0.1525527 0.04900002 -0.03547239 -0.1527759 0.04794287 -0.03564679 -0.1525527 0.04716885 -0.03612333 -0.1519428 0.04688555 -0.03677421 -0.1511097 0.04716885 -0.0374251 -0.1502766 0.04794287 -0.03790152 -0.1496668 -0.04176503 -0.03692871 -0.1515667 -0.04126501 -0.03662079 -0.1519607 -0.04166084 -0.0369333 -0.1515842 -0.04159212 -0.03692704 -0.1516045 -0.04145252 -0.03688591 -0.1516724 -0.04130846 -0.03676593 -0.1518154 0.08626973 0.03249996 -0.1994999 0.08626347 0.03276497 -0.1994964 0.08496898 0.03276497 -0.1987649 0.08626347 0.03223502 -0.1994964 0.08496898 0.03223502 -0.1987649 0.08467012 0.03220534 -0.1985953 0.08467012 0.03279465 -0.1985953 0.08449983 0.03215897 -0.1984999 0.08449983 0.03284102 -0.1984999 0.08449983 0.03208857 -0.1984114 0.08643394 0.03223502 -0.1987649 0.08644795 0.03222465 -0.1986637 0.08645594 0.03220415 -0.198592 0.08646458 0.03214234 -0.198475 0.08449983 0.032 -0.1983409 0.08466964 0.0319041 -0.198294 0.08646595 0.03208851 -0.1984114 0.08646082 0.03196656 -0.1983218 0.08496898 0.031735 -0.1982649 0.08643394 0.031735 -0.1982649 0.08466964 0.03309589 -0.198294 0.08449983 0.03299999 -0.1983409 0.08449983 0.03291141 -0.1984114 0.08646082 0.03282183 -0.1985334 0.08643394 0.03276497 -0.1987649 0.08646595 0.03291141 -0.1984114 0.08643394 0.03326499 -0.1982649 0.08496898 0.03326499 -0.1982649 0.08644795 0.03316372 -0.1982753 0.08645594 0.03309208 -0.1982958 0.08646458 0.03297501 -0.1983576 0.08626973 0.03249996 -0.1965 0.08626347 0.03223502 -0.1965035 0.08496898 0.03223502 -0.197235 0.08626347 0.03276497 -0.1965035 0.08496898 0.03276497 -0.197235 0.08467012 0.03279465 -0.1974045 0.08466964 0.03220587 -0.1974041 0.08449983 0.03284102 -0.1975 0.08449983 0.03215897 -0.1975 0.08449983 0.03299999 -0.1976589 0.08626973 0.03399997 -0.1979999 0.08626347 0.03399646 -0.1977349 0.08496898 0.03326499 -0.1977349 0.08626347 0.03399646 -0.1982649 0.08467012 0.03309541 -0.1977053 0.08449983 0.03291141 -0.1975885 0.08643394 0.03276497 -0.197235 0.08644795 0.03277534 -0.1973362 0.08645594 0.03279584 -0.1974079 0.08646458 0.03285765 -0.1975249 0.08646595 0.03291147 -0.1975885 0.08646082 0.03303343 -0.1976781 0.08643394 0.03326499 -0.1977349 0.08626973 0.03100001 -0.1979999 0.08626347 0.03100353 -0.1982649 0.08626347 0.03100353 -0.1977349 0.08496898 0.031735 -0.1977349 0.08466964 0.0319041 -0.1977058 0.08449983 0.032 -0.1976589 0.08449983 0.03208857 -0.1975885 0.08449983 0.1187499 -0.1517035 0.08449983 0.1204999 -0.1512346 0.08449983 0.1217809 -0.1499535 0.08449983 0.1222499 -0.1482035 0.08449983 0.1217809 -0.1464535 0.08449983 0.1204999 -0.1451724 0.08449983 0.1187499 -0.1447035 0.08449983 0.1169998 -0.1451724 0.08449983 0.1157187 -0.1464535 0.08449983 0.1152498 -0.1482035 0.08449983 0.1157187 -0.1499535 0.08449983 0.1169998 -0.1512346 0.08449983 0.1169998 -0.2508275 0.08449983 0.1187499 -0.2512964 0.08449983 0.1204999 -0.2508275 0.08449983 0.1217809 -0.2495464 0.08449983 0.1222499 -0.2477964 0.08449983 0.1217809 -0.2460463 0.08449983 0.1204999 -0.2447652 0.08449983 0.1187499 -0.2442963 0.08449983 0.1169998 -0.2447652 0.08449983 0.1157187 -0.2460463 0.08449983 0.1152498 -0.2477964 0.08449983 0.1157187 -0.2495464 0.08500003 0.02975052 -0.2024999 0.08531874 0.02975052 -0.2024999 0.08500003 0.03066349 -0.2024999 0.08564543 0.03249996 -0.2024999 0.08399993 0.03066349 -0.2024999 0.08399993 0.03249996 -0.2024999 0.08399993 0.03066349 -0.1935 0.08399993 0.03249996 -0.1935 0.08500003 0.03066349 -0.1935 0.08564543 0.03249996 -0.1935 0.08500003 0.02975052 -0.1935 0.08531874 0.02975052 -0.1935 0.08578938 0.03351408 -0.1936157 0.08399993 0.03398627 -0.1937525 0.08585613 0.03398579 -0.1937523 0.08600068 0.03500533 -0.1942619 0.08399993 0.03582155 -0.194964 0.08612364 0.03587418 -0.1950226 0.08624213 0.03671073 -0.1964125 0.08399993 0.03686362 -0.1969004 0.08626383 0.03686356 -0.1969002 0.08628302 0.037 -0.1979999 0.08399993 0.03686362 -0.1990994 0.08625394 0.03679358 -0.1993471 0.08614724 0.03604054 -0.2007774 0.08399993 0.03582155 -0.2010359 0.08611613 0.03582143 -0.201036 0.08607673 0.03554326 -0.2013148 0.08399993 0.03398627 -0.2022473 0.08587515 0.03412038 -0.202198 -0.025765 0.0369507 -0.2461279 -0.02526497 0.0372585 -0.246522 -0.02564513 0.03694683 -0.2461494 -0.02559202 0.03695237 -0.2461658 -0.02549487 0.03697621 -0.2462086 -0.02537256 0.03704309 -0.246297 -0.02529245 0.03714126 -0.2464061 0.03299999 0.03872168 -0.2474363 0.03180682 0.03852486 -0.2471844 0.03093338 0.03798711 -0.246496 0.03061366 0.03725254 -0.2455558 0.03093338 0.03651791 -0.2446156 0.03180682 0.03598016 -0.2439273 0.03299999 0.03578335 -0.2436754 0.03419315 0.03598016 -0.2439273 0.0350666 0.03651791 -0.2446156 0.03538632 0.03725254 -0.2455558 0.0350666 0.03798711 -0.246496 0.03419315 0.03852486 -0.2471844 0.03304886 0.03940504 -0.2472843 0.03434383 0.03918361 -0.2470009 0.03430253 0.03888779 -0.2471412 0.03532761 0.03857791 -0.2462257 0.03525608 0.03830075 -0.2463898 0.03568774 0.0377506 -0.2451667 0.03560513 0.03749883 -0.2453634 0.03532761 0.03692322 -0.2441078 0.03525608 0.03669685 -0.244337 0.03434383 0.03631752 -0.2433325 0.03430253 0.0361098 -0.2435856 0.03299999 0.03609585 -0.2430488 0.03299999 0.03589493 -0.2433105 0.03165614 0.03631752 -0.2433325 0.03169745 0.0361098 -0.2435856 0.03067237 0.03692322 -0.2441078 0.03074389 0.03669685 -0.244337 0.03031229 0.0377506 -0.2451667 0.03039491 0.03749883 -0.2453634 0.03067237 0.03857791 -0.2462257 0.03074389 0.03830075 -0.2463898 0.03165614 0.03918361 -0.2470009 0.03169745 0.03888779 -0.2471412 0.03299999 0.03940528 -0.2472847 0.03299999 0.03910267 -0.2474163 0.04900002 -0.03515774 -0.152875 0.04780685 -0.03535449 -0.1526231 0.04693335 -0.03589224 -0.1519348 0.04661363 -0.03662693 -0.1509946 0.04693335 -0.03736144 -0.1500544 0.04780685 -0.03789919 -0.1493661 0.04900002 -0.03809601 -0.1491142 0.05019313 -0.03789919 -0.1493661 0.05106663 -0.03736144 -0.1500544 0.05138623 -0.03662693 -0.1509946 0.05106663 -0.03589224 -0.1519348 0.05019313 -0.03535449 -0.1526231 0.04904884 -0.03447443 -0.152723 0.05034387 -0.03469574 -0.1524397 0.05030256 -0.0349915 -0.15258 0.05132764 -0.03530144 -0.1516645 0.05125606 -0.0355786 -0.1518286 0.05168777 -0.03612881 -0.1506055 0.05160504 -0.03638052 -0.1508022 0.05132764 -0.03695613 -0.1495465 0.05125606 -0.0371825 -0.1497758 0.05034387 -0.03756183 -0.1487713 0.05030256 -0.03776949 -0.1490243 0.04900002 -0.0377835 -0.1484875 0.04900002 -0.03798443 -0.1487493 0.04765617 -0.03756183 -0.1487713 0.04769748 -0.03776949 -0.1490243 0.04667234 -0.03695613 -0.1495465 0.04674392 -0.0371825 -0.1497758 0.04631227 -0.03612881 -0.1506055 0.04639488 -0.03638052 -0.1508022 0.04667234 -0.03530144 -0.1516645 0.04674392 -0.0355786 -0.1518286 0.04765617 -0.03469574 -0.1524397 0.04769748 -0.0349915 -0.15258 0.04900002 -0.03447413 -0.1527234 0.04900002 -0.03477674 -0.152855 -0.041 -0.03807592 -0.1494435 -0.0399428 -0.03790152 -0.1496668 -0.03916889 -0.0374251 -0.1502766 -0.03888559 -0.03677421 -0.1511097 -0.03916889 -0.03612333 -0.1519428 -0.0399428 -0.03564679 -0.1525527 -0.041 -0.03547239 -0.1527759 -0.04205721 -0.03564679 -0.1525527 -0.04283112 -0.03612333 -0.1519428 -0.04311442 -0.03677421 -0.1511097 -0.04283112 -0.0374251 -0.1502766 -0.04205721 -0.03790152 -0.1496668 0.08643394 0.03223502 -0.197235 0.08643394 0.031735 -0.1977349 0.08645033 0.03222042 -0.1973548 0.08645594 0.03220415 -0.1974079 0.08646345 0.03215575 -0.1975051 0.08646523 0.03204482 -0.1976273 0.08645492 0.03189843 -0.1977074 0.08399993 0.03056871 -0.2009188 0.08399993 0.03213125 -0.2014804 0.08399993 0.03377676 -0.2012587 0.08399993 0.03513491 -0.2003036 0.08399993 0.03590011 -0.1988301 0.08399993 0.03590011 -0.1971697 0.08399993 0.03513491 -0.1956962 0.08399993 0.03377676 -0.1947412 0.08399993 0.03213125 -0.1945194 0.08399993 0.03056871 -0.195081 0.08564543 0.1148527 -0.1459535 0.08399993 0.1148527 -0.1459535 0.08531874 0.1162275 -0.1435724 0.08399993 0.1162275 -0.1435724 0.08564543 0.1226469 -0.1504535 0.08399993 0.1226469 -0.1504535 0.08578938 0.1220396 -0.1512739 0.08399993 0.1216852 -0.1516143 0.08585613 0.1216855 -0.151614 0.08600068 0.1207344 -0.1522422 0.08399993 0.1197183 -0.1525981 0.08612364 0.1196413 -0.1526143 0.08624213 0.1180192 -0.1526438 0.08399993 0.1175203 -0.1525322 0.08626383 0.1175205 -0.1525323 0.08628302 0.1164999 -0.1521006 0.08399993 0.1156158 -0.1514327 0.08625394 0.1154363 -0.1512482 0.08614724 0.1145742 -0.1498809 0.08399993 0.1144598 -0.149562 0.08611613 0.1144598 -0.1495618 0.08607673 0.1143574 -0.1491816 0.08399993 0.1143283 -0.1473669 0.08587515 0.114304 -0.1475077 0.08531874 0.1240217 -0.1480724 0.08399993 0.1240217 -0.1480724 0.08399993 0.1204999 -0.1451724 0.08399993 0.1187499 -0.1447035 0.08399993 0.1186344 -0.1447054 0.08399993 0.1169998 -0.1451724 0.08399993 0.1157187 -0.1464535 0.08399993 0.1152498 -0.1482035 0.08399993 0.1157187 -0.1499535 0.08399993 0.1169998 -0.1512346 0.08399993 0.1187499 -0.1517035 0.08399993 0.1204999 -0.1512346 0.08399993 0.1217809 -0.1499535 0.08399993 0.1222499 -0.1482035 0.08399993 0.121837 -0.1465544 0.08399993 0.1217809 -0.1464535 0.08564543 0.1226469 -0.2455464 0.08399993 0.1226469 -0.2455464 0.08531874 0.1240217 -0.2479275 0.08399993 0.1240217 -0.2479275 0.08564543 0.1148527 -0.2500463 0.08399993 0.1148527 -0.2500463 0.08578938 0.1144459 -0.2491102 0.08399993 0.1143283 -0.2486329 0.08585613 0.1143284 -0.2486334 0.08600068 0.1142599 -0.2474957 0.08399993 0.1144598 -0.2464378 0.08612364 0.1144843 -0.2463629 0.08624213 0.1152698 -0.2449435 0.08399993 0.1156158 -0.2445671 0.08626383 0.1156157 -0.2445673 0.08628302 0.1164999 -0.2438993 0.08399993 0.1175203 -0.2434676 0.08625394 0.1177698 -0.2434044 0.08614724 0.119385 -0.2433414 0.08399993 0.1197183 -0.2434018 0.08611613 0.1197185 -0.2434019 0.08607673 0.120099 -0.2435034 0.08399993 0.1216852 -0.2443855 0.08587515 0.1215753 -0.244294 0.08531874 0.1162275 -0.2524275 0.08399993 0.1162275 -0.2524275 0.08399993 0.1204999 -0.2508275 0.08399993 0.1217809 -0.2495464 0.08399993 0.121837 -0.2494455 0.08399993 0.1222499 -0.2477964 0.08399993 0.1217809 -0.2460463 0.08399993 0.1204999 -0.2447652 0.08399993 0.1187499 -0.2442963 0.08399993 0.1169998 -0.2447652 0.08399993 0.1157187 -0.2460463 0.08399993 0.1152498 -0.2477964 0.08399993 0.1157187 -0.2495464 0.08399993 0.1169998 -0.2508275 0.08399993 0.1186344 -0.2512945 0.08399993 0.1187499 -0.2512964 0.08631134 0.1249576 -0.2475266 0.08663874 0.1235802 -0.2451406 0.08627808 0.1247231 -0.2476573 0.08662474 0.123425 -0.2452284 0.08620083 0.1245441 -0.2477498 0.08657968 0.1232726 -0.2453103 0.08650654 0.1231311 -0.2453822 0.08602464 0.1243216 -0.2478534 0.08628892 0.1228905 -0.2454919 0.08598744 0.1227197 -0.2455501 0.08561533 0.1240792 -0.2479359 0.08663874 0.1235802 -0.1508592 0.08631134 0.1249576 -0.1484733 0.08662474 0.123425 -0.1507715 0.08629244 0.1247782 -0.1483727 0.08650654 0.1231311 -0.1506177 0.08602124 0.1243185 -0.1481452 0.08628892 0.1228905 -0.1505079 0.08612895 0.1244365 -0.1481982 0.08625233 0.12465 -0.148304 0.08599144 0.1242917 -0.1481338 0.08591973 0.1242349 -0.1481111 0.08598744 0.1227197 -0.1504497 0.08577984 0.1241489 -0.1480809 0.08676898 0.122724 -0.1517611 0.08689033 0.1221105 -0.1525152 0.08698195 0.1211865 -0.152948 0.08709794 0.1201457 -0.1534497 0.08710688 0.1198801 -0.1534156 0.08723384 0.1179789 -0.1535521 0.08722734 0.1179237 -0.153472 0.08726912 0.1160835 -0.1528218 0.08727765 0.116052 -0.1528763 0.08723938 0.1148 -0.1517865 0.08723205 0.114477 -0.1515123 0.08713072 0.1137752 -0.1501261 0.08710163 0.1135206 -0.1496595 0.08705914 0.1135263 -0.1492807 0.08689534 0.11333 -0.1474961 0.08685535 0.1134976 -0.1472742 0.08664453 0.1140102 -0.1453912 0.08663874 0.1140348 -0.1453482 0.08662474 0.1141883 -0.1454387 0.08657968 0.1143354 -0.1455297 0.08650654 0.1144685 -0.1456163 0.08665055 0.1224726 -0.1515448 0.08643293 0.1222633 -0.1513831 0.08686333 0.1210301 -0.1526556 0.08664524 0.1208952 -0.1524285 0.08698803 0.1198055 -0.1530926 0.08676958 0.1197369 -0.1528378 0.08710825 0.1179727 -0.1531442 0.08688932 0.1180067 -0.152883 0.08715003 0.1162492 -0.1525348 0.08693093 0.1163808 -0.1523068 0.08712023 0.1150468 -0.1515653 0.08690112 0.1152458 -0.1513928 0.08701193 0.1140859 -0.1500104 0.08679324 0.114336 -0.1499268 0.08694052 0.113852 -0.1492186 0.08672213 0.114113 -0.1491795 0.08673703 0.1138231 -0.1473381 0.08651918 0.1140795 -0.1474021 0.08613133 0.1221107 -0.1512873 0.08634322 0.120791 -0.1522825 0.08646702 0.1196792 -0.152669 0.08658623 0.1180232 -0.1527064 0.08662748 0.1164693 -0.1521535 0.08659803 0.1153832 -0.1512808 0.08649063 0.1145083 -0.1498809 0.08641988 0.1142914 -0.1491663 0.08621758 0.1142493 -0.1474617 0.08628892 0.1146839 -0.1457698 0.08598744 0.1148197 -0.1458886 0.08631134 0.1154122 -0.1429623 0.08627808 0.1156427 -0.1431001 0.08620083 0.1158124 -0.1432088 0.08602464 0.1160134 -0.1433496 0.08561533 0.116206 -0.1435183 0.08625233 0.1157127 -0.2528557 0.08650654 0.1144685 -0.2503835 0.08629244 0.1155892 -0.2529325 0.08662474 0.1141883 -0.2505611 0.08631134 0.1154122 -0.2530375 0.08663874 0.1140348 -0.2506517 0.08602124 0.116016 -0.2526481 0.08628892 0.1146839 -0.25023 0.08612895 0.1159111 -0.2527238 0.08622723 0.1157656 -0.2528217 0.08599144 0.1160393 -0.2526306 0.08591973 0.1160873 -0.2525928 0.08598744 0.1148197 -0.2501112 0.08577984 0.1161565 -0.2525333 0.08676898 0.1136817 -0.2494593 0.08689033 0.1133355 -0.2485509 0.08698195 0.1134226 -0.2475344 0.08709794 0.1135085 -0.2463821 0.08710688 0.1136708 -0.2461691 0.08723384 0.1145033 -0.2444544 0.08722734 0.1146002 -0.2444466 0.08726912 0.1160835 -0.243178 0.08727765 0.1160519 -0.2431235 0.08723938 0.1176218 -0.2425841 0.08723205 0.1180208 -0.2424416 0.08713072 0.1195721 -0.2425269 0.08710163 0.1201034 -0.2425397 0.08705914 0.1204287 -0.242734 0.08689534 0.1220723 -0.2434563 0.08685535 0.1221808 -0.2437124 0.08664453 0.1235552 -0.2450978 0.08665055 0.1139948 -0.2493497 0.08643293 0.1142395 -0.2492493 0.08686333 0.1137541 -0.2475451 0.08664524 0.1140182 -0.2475417 0.08698803 0.1139879 -0.246266 0.08676958 0.1142428 -0.246334 0.08710825 0.1148596 -0.244653 0.08688932 0.1150689 -0.244813 0.08715003 0.1162492 -0.243465 0.08693093 0.1163808 -0.2436931 0.08712023 0.1176899 -0.2429085 0.08690112 0.1177399 -0.2431671 0.08701193 0.1195169 -0.2428538 0.08679324 0.1194643 -0.2431122 0.08694052 0.1203197 -0.2430472 0.08672213 0.1202229 -0.2432928 0.08673703 0.1219627 -0.2439623 0.08651918 0.121779 -0.2441524 0.08613133 0.1143987 -0.249165 0.08634322 0.1141967 -0.2475245 0.08646702 0.1144179 -0.2463684 0.08658623 0.1152136 -0.2449156 0.08662748 0.1164693 -0.2438463 0.08659803 0.1177681 -0.2433421 0.08649063 0.1194179 -0.2432844 0.08641988 0.1201453 -0.2434538 0.08621758 0.1216425 -0.2442696 0.08631134 0.02962976 -0.2035109 0.08663874 0.03238475 -0.2035109 0.08626943 0.02963531 -0.2032118 0.08662474 0.03238636 -0.2033327 0.08625233 0.02963739 -0.2031598 0.08650654 0.03240013 -0.2030012 0.08628892 0.03242534 -0.202738 0.08602464 0.02966463 -0.2027967 0.08578383 0.02969437 -0.2026164 0.08598744 0.03246033 -0.202561 0.08558493 0.02971839 -0.2025365 0.08663874 0.03238475 -0.1924889 0.08631134 0.02962976 -0.1924889 0.08662474 0.03238636 -0.1926672 0.08622413 0.02964091 -0.1929101 0.08657968 0.0323916 -0.1928401 0.08650654 0.03240013 -0.1929986 0.08620083 0.02964377 -0.1929587 0.08628892 0.03242534 -0.1932619 0.08602148 0.02966564 -0.1932065 0.08599692 0.02966862 -0.1932303 0.08590793 0.02967941 -0.1933049 0.08588904 0.02968168 -0.1933185 0.08598744 0.03246033 -0.1934388 0.08549553 0.02972918 -0.193484 0.08555263 0.02972233 -0.1934718 0.08613133 0.03349024 -0.1935475 0.08698195 0.03539049 -0.1935175 0.08676898 0.03359395 -0.1927794 0.08665055 0.03353226 -0.1931053 0.08710688 0.03644877 -0.194415 0.08722734 0.03747576 -0.1960811 0.08723384 0.03751748 -0.1959933 0.08689033 0.03455376 -0.1929337 0.08709794 0.03634548 -0.1941679 0.08689534 0.03459733 -0.2030472 0.08710163 0.03637558 -0.2018005 0.08705914 0.03604465 -0.201985 0.08664453 0.03243428 -0.2035107 0.08685535 0.03432136 -0.2030131 0.08712023 0.03726297 -0.1995259 0.08701193 0.0363968 -0.2011355 0.08713072 0.03665238 -0.2013467 0.08679324 0.03619933 -0.2009607 0.08690112 0.037014 -0.1994398 0.08693093 0.03723806 -0.1979999 0.08686333 0.03521543 -0.1937992 0.08643293 0.03349691 -0.1933673 0.08649063 0.03607344 -0.2008344 0.08659803 0.03684836 -0.1993768 0.08662748 0.03706109 -0.1979999 0.08658623 0.03676295 -0.1963778 0.08698803 0.03620624 -0.1946411 0.08664524 0.03508633 -0.1940295 0.08634322 0.03501194 -0.1941927 0.08676958 0.03601992 -0.1948279 0.08710825 0.03716737 -0.1962026 0.08726912 0.03783279 -0.1979999 0.08727765 0.03789579 -0.1979999 0.08646702 0.03590261 -0.1949624 0.08688932 0.03692418 -0.1963038 0.08715003 0.03750133 -0.1979999 0.08723938 0.03757792 -0.199629 0.08723205 0.03750193 -0.2000459 0.08694052 0.03582799 -0.201734 0.08672213 0.03566366 -0.2015274 0.08641988 0.03556299 -0.2013796 0.08673703 0.03421396 -0.2026993 0.08651918 0.03414112 -0.2024452 0.08621758 0.03410786 -0.2022684 -0.02499997 0.03580343 -0.2440048 -0.02394282 0.03597784 -0.244228 -0.02316886 0.03645431 -0.2448378 -0.02288562 0.03710514 -0.2456709 -0.02316886 0.03775602 -0.246504 -0.02394282 0.0382325 -0.2471139 -0.02499997 0.0384069 -0.2473371 -0.02605718 0.0382325 -0.2471139 -0.02683115 0.03775602 -0.246504 -0.02711439 0.03710514 -0.2456709 -0.02683115 0.03645431 -0.2448378 -0.02605718 0.03597784 -0.244228 0.01923203 -0.037 -0.1009999 0.01850003 -0.037 -0.1002679 0.01749998 -0.037 -0.102 0.01749998 -0.037 -0.0999999 0.01649999 -0.037 -0.1002679 0.01850003 -0.037 -0.103732 0.01923203 -0.037 -0.103 0.01950001 -0.037 -0.102 0.01576793 -0.037 -0.103 0.01649999 -0.037 -0.103732 0.01749998 -0.037 -0.1039999 0.01576793 -0.037 -0.1009999 0.0155 -0.037 -0.102 -0.01576793 -0.037 -0.1009999 -0.01649999 -0.037 -0.1002679 -0.01749998 -0.037 -0.102 -0.01749998 -0.037 -0.0999999 -0.01850003 -0.037 -0.1002679 -0.01649999 -0.037 -0.103732 -0.01576793 -0.037 -0.103 -0.0155 -0.037 -0.102 -0.01923203 -0.037 -0.103 -0.01850003 -0.037 -0.103732 -0.01749998 -0.037 -0.1039999 -0.01923203 -0.037 -0.1009999 -0.01950001 -0.037 -0.102 0.03299999 0.04000461 -0.2468955 0.03162497 0.03977781 -0.2466051 0.03061842 0.0391581 -0.2458119 0.03025001 0.03831154 -0.2447284 0.03061842 0.03746503 -0.2436449 0.03162497 0.03684532 -0.2428517 0.03299999 0.03661847 -0.2425614 0.03437501 0.03684532 -0.2428517 0.03538155 0.03746503 -0.2436449 0.03575003 0.03831154 -0.2447284 0.03538155 0.0391581 -0.2458119 0.03437501 0.03977781 -0.2466051 0.04900002 -0.03387475 -0.1523342 0.04762494 -0.03410154 -0.1520439 0.04661846 -0.03472119 -0.1512507 0.04624998 -0.03556782 -0.1501672 0.04661846 -0.03641432 -0.1490836 0.04762494 -0.03703403 -0.1482905 0.04900002 -0.03726094 -0.1480001 0.05037498 -0.03703403 -0.1482905 0.05138158 -0.03641432 -0.1490836 0.05174994 -0.03556782 -0.1501672 0.05138158 -0.03472119 -0.1512507 0.05037498 -0.03410154 -0.1520439 -0.0422554 -0.03517329 -0.1526183 -0.04317438 -0.03573912 -0.1518941 -0.04351073 -0.03651201 -0.1509049 -0.04317438 -0.03728491 -0.1499156 -0.0422554 -0.03785073 -0.1491914 -0.041 -0.0380578 -0.1489263 -0.03974461 -0.03785073 -0.1491914 -0.03882563 -0.03728491 -0.1499156 -0.03848922 -0.03651201 -0.1509049 -0.03882563 -0.03573912 -0.1518941 -0.03974461 -0.03517329 -0.1526183 -0.041 -0.03496623 -0.1528834 -0.04234385 -0.03469574 -0.1524397 -0.041 -0.03447413 -0.1527234 -0.04095113 -0.03447443 -0.152723 -0.03965616 -0.03469574 -0.1524397 -0.03867238 -0.03530144 -0.1516645 -0.03831231 -0.03612881 -0.1506055 -0.03867238 -0.03695613 -0.1495465 -0.03965616 -0.03756183 -0.1487713 -0.041 -0.0377835 -0.1484875 -0.04234385 -0.03756183 -0.1487713 -0.04332762 -0.03695613 -0.1495465 -0.0436877 -0.03612881 -0.1506055 -0.04332762 -0.03530144 -0.1516645 0.08603084 0.03461438 -0.1979999 0.08603084 0.03433114 -0.1990571 0.08603084 0.03355717 -0.199831 0.08603084 0.03249996 -0.2001143 0.08603084 0.03144282 -0.199831 0.08603084 0.03066885 -0.1990571 0.08603084 0.03038561 -0.1979999 0.08603084 0.03066885 -0.1969428 0.08603084 0.03144282 -0.1961688 0.08603084 0.03249996 -0.1958856 0.08603084 0.03355717 -0.1961688 0.08603084 0.03433114 -0.1969428 0.08449983 0.03056871 -0.2009188 0.08449983 0.03213125 -0.2014804 0.08449983 0.03377676 -0.2012587 0.08449983 0.03513491 -0.2003036 0.08449983 0.03590011 -0.1988301 0.08449983 0.03590011 -0.1971697 0.08449983 0.03513491 -0.1956962 0.08449983 0.03377676 -0.1947412 0.08449983 0.03213125 -0.1945194 0.08449983 0.03056871 -0.195081 0.08565157 0.1163016 -0.1431456 0.08578765 0.1162365 -0.1429522 0.08612364 0.1159139 -0.1428555 0.08624124 0.1157353 -0.142976 0.08531874 0.1160833 -0.1423803 0.08542704 0.1162287 -0.1425864 0.08531874 0.1163146 -0.1427698 0.08578324 0.1157327 -0.1422684 0.08599573 0.1157753 -0.1424636 0.08572453 0.1159844 -0.1424036 0.08558362 0.1162753 -0.1433801 0.08595913 0.1160957 -0.1428469 0.08625167 0.1155126 -0.1427452 0.08614152 0.1155998 -0.1425563 0.08545464 0.1157768 -0.1421729 0.08531874 0.1157807 -0.1421645 0.08531874 0.1163564 -0.1429717 0.08531874 0.1163502 -0.1432215 0.08399993 0.124066 -0.1480025 0.08399993 0.1162658 -0.143499 0.08399993 0.1202784 -0.1456219 0.08531874 0.1246731 -0.1475957 0.08567214 0.1243838 -0.1477842 0.08578318 0.124585 -0.14774 0.08547693 0.1251407 -0.1476179 0.08531874 0.125167 -0.1476121 0.08567214 0.1250149 -0.1476456 0.08578318 0.1248136 -0.1476898 0.08531874 0.1242316 -0.1478176 0.08547693 0.1242579 -0.1478119 0.08531874 0.1254644 -0.1477554 0.08557462 0.1254452 -0.1477825 0.08578324 0.1253984 -0.1478489 0.08595287 0.1252301 -0.147879 0.08613413 0.1249722 -0.1479994 0.08614152 0.1252155 -0.148108 0.08626723 0.1250705 -0.1483134 0.08613413 0.1245709 -0.1480876 0.08565157 0.1243541 -0.248205 0.08578765 0.1245543 -0.2482454 0.08612364 0.1247993 -0.2480143 0.08624124 0.1247842 -0.2477994 0.08531874 0.1251261 -0.2483986 0.08542704 0.124875 -0.2484215 0.08531874 0.1246731 -0.2484042 0.08578324 0.1253984 -0.248151 0.08599573 0.125208 -0.2480902 0.08572453 0.1251555 -0.2483014 0.08558362 0.1241643 -0.248065 0.08595913 0.1247159 -0.2481762 0.08625167 0.1250956 -0.2477219 0.08614152 0.1252155 -0.2478919 0.08545464 0.1254591 -0.2482369 0.08531874 0.1254644 -0.2482444 0.08531874 0.1244775 -0.2483394 0.08531874 0.1242642 -0.2482093 0.08399993 0.1162658 -0.2525008 0.08399993 0.124066 -0.2479974 0.08399993 0.1202212 -0.2504109 0.08531874 0.1163146 -0.25323 0.08567214 0.1162959 -0.2528851 0.08578318 0.1162336 -0.2530815 0.08614152 0.1155998 -0.2534436 0.08595287 0.1157907 -0.2535707 0.08613413 0.1158154 -0.253287 0.08547693 0.1160615 -0.2536238 0.08531874 0.1160534 -0.2536494 0.08567214 0.1161005 -0.253501 0.08578318 0.1161628 -0.2533046 0.08531874 0.1163431 -0.2527367 0.08547693 0.1163349 -0.2527623 0.08531874 0.1157807 -0.2538353 0.08557462 0.1157667 -0.2538052 0.08578324 0.1157327 -0.2537315 0.08626723 0.1154943 -0.2532152 0.08613413 0.1159397 -0.2528955 0.08631134 0.09513854 -0.258403 0.08631134 0.1055092 -0.2566036 0.08867442 0.1094793 -0.2287305 0.08728468 0.1319953 -0.2287305 0.08631134 0.1329975 -0.2407332 0.08905464 0.08999985 -0.2287305 0.08631134 0.08999985 -0.2586211 0.08961898 0.1095162 -0.1979999 0.09000003 0.08999985 -0.1979999 0.08867442 0.1094793 -0.1672693 0.08905464 0.08999985 -0.1672693 0.08631134 0.1329975 -0.1552666 0.08728468 0.1319953 -0.1672693 0.08631134 0.08999985 -0.1373787 0.08631134 0.09513854 -0.1375969 0.08631134 0.1055092 -0.1393962 0.08631134 0.1485716 -0.2136296 0.08631134 0.1503922 -0.2032627 0.08822643 0.1320748 -0.1979999 0.08631134 0.1503922 -0.1927371 0.08631134 0.1485716 -0.1823702 0.08631134 0.1449851 -0.1724745 0.08631134 0.1397411 -0.1633482 0.08631134 0.1397411 -0.2326516 0.08631134 0.1449851 -0.2235254 0.08631134 0.04717838 -0.2409096 0.08732813 0.04852199 -0.2287305 0.08631134 0.04040163 -0.2328558 0.08631134 0.04717838 -0.1550902 0.08631134 0.04040163 -0.163144 0.08732813 0.04852199 -0.1672693 0.08631134 0.03512006 -0.1722486 0.08827012 0.04844343 -0.1979999 0.08631134 0.031493 -0.1821295 0.08631134 0.08461296 -0.1376185 0.08631134 0.0742498 -0.1394605 0.08868378 0.07076096 -0.1672693 0.08631134 0.06436145 -0.1430672 0.08631134 0.05524611 -0.14833 0.08962833 0.07072454 -0.1979999 0.08868378 0.07076096 -0.2287305 0.08631134 0.08461296 -0.2583813 0.08631134 0.05524611 -0.2476698 0.08631134 0.06436145 -0.2529326 0.08631134 0.0742498 -0.2565394 0.08631134 0.03512006 -0.2237512 0.08631134 0.031493 -0.2138703 -0.02625536 0.03870606 -0.2471795 -0.02717435 0.03814023 -0.2464553 -0.02751076 0.03736734 -0.2454661 -0.02717435 0.03659445 -0.2444769 -0.02625536 0.03602868 -0.2437527 -0.02499997 0.03582161 -0.2434876 -0.02374464 0.03602868 -0.2437527 -0.02282559 0.03659445 -0.2444769 -0.02248924 0.03736734 -0.2454661 -0.02282559 0.03814023 -0.2464553 -0.02374464 0.03870606 -0.2471795 -0.02499997 0.03891313 -0.2474446 -0.02634388 0.03918361 -0.2470009 -0.02499997 0.03940528 -0.2472847 -0.02495115 0.03940504 -0.2472843 -0.02365612 0.03918361 -0.2470009 -0.02267235 0.03857791 -0.2462257 -0.02231228 0.0377506 -0.2451667 -0.02267235 0.03692322 -0.2441078 -0.02365612 0.03631752 -0.2433325 -0.02499997 0.03609585 -0.2430488 -0.02634388 0.03631752 -0.2433325 -0.02732765 0.03692322 -0.2441078 -0.02768772 0.0377506 -0.2451667 -0.02732765 0.03857791 -0.2462257 0.01749998 -0.05300003 -0.0999999 0.01649999 -0.05300003 -0.1002679 0.01576793 -0.05300003 -0.1009999 0.0155 -0.05300003 -0.102 0.01576793 -0.05300003 -0.103 0.01649999 -0.05300003 -0.103732 0.01749998 -0.05300003 -0.1039999 0.01850003 -0.05300003 -0.103732 0.01923203 -0.05300003 -0.103 0.01950001 -0.05300003 -0.102 0.01923203 -0.05300003 -0.1009999 0.01850003 -0.05300003 -0.1002679 -0.01749998 -0.05300003 -0.0999999 -0.01850003 -0.05300003 -0.1002679 -0.01923203 -0.05300003 -0.1009999 -0.01950001 -0.05300003 -0.102 -0.01923203 -0.05300003 -0.103 -0.01850003 -0.05300003 -0.103732 -0.01749998 -0.05300003 -0.1039999 -0.01649999 -0.05300003 -0.103732 -0.01576793 -0.05300003 -0.103 -0.0155 -0.05300003 -0.102 -0.01576793 -0.05300003 -0.1009999 -0.01649999 -0.05300003 -0.1002679 0.03603106 0.03938895 -0.2461074 0.03649997 0.03831154 -0.2447284 0.03603106 0.03723412 -0.2433494 0.03474998 0.03644543 -0.2423399 0.03299999 0.03615671 -0.2419704 0.03125 0.03644543 -0.2423399 0.02996891 0.03723412 -0.2433494 0.0295 0.03831154 -0.2447284 0.02996891 0.03938895 -0.2461074 0.03125 0.0401777 -0.247117 0.03299999 0.04046636 -0.2474864 0.03474998 0.0401777 -0.247117 0.04724997 -0.03370159 -0.1525557 0.04900002 -0.03341299 -0.1529252 0.05075007 -0.03370159 -0.1525557 0.05203104 -0.0344904 -0.1515462 0.05249994 -0.03556782 -0.1501672 0.05203104 -0.03664523 -0.1487882 0.05075007 -0.03743392 -0.1477787 0.04900002 -0.03772264 -0.1474092 0.04724997 -0.03743392 -0.1477787 0.04596883 -0.03664523 -0.1487882 0.04549998 -0.03556782 -0.1501672 0.04596883 -0.0344904 -0.1515462 -0.041 -0.03387475 -0.1523342 -0.04237502 -0.03410154 -0.1520439 -0.04338157 -0.03472119 -0.1512507 -0.04374998 -0.03556782 -0.1501672 -0.04338157 -0.03641432 -0.1490836 -0.04237502 -0.03703403 -0.1482905 -0.041 -0.03726094 -0.1480001 -0.03962498 -0.03703403 -0.1482905 -0.03861844 -0.03641432 -0.1490836 -0.03825002 -0.03556782 -0.1501672 -0.03861844 -0.03472119 -0.1512507 -0.03962498 -0.03410154 -0.1520439 0.08531874 0.02901196 -0.1931742 0.08566933 0.02932202 -0.1933328 0.08578282 0.02918195 -0.1931793 0.08547013 0.02879589 -0.1927564 0.08531874 0.02880269 -0.1928187 0.08566933 0.0288822 -0.192851 0.08578282 0.02902233 -0.1930045 0.08547013 0.02940839 -0.1934274 0.08531874 0.02934688 -0.1934149 0.08531874 0.02875465 -0.1924091 0.08556324 0.02878487 -0.1924118 0.08578324 0.02886861 -0.1924194 0.08613348 0.02949076 -0.1930186 0.08626604 0.0294314 -0.1924708 0.08613348 0.0292105 -0.1927116 0.08614152 0.0291844 -0.1924483 0.08594822 0.02897483 -0.1925475 0.08565157 0.0293439 -0.202649 0.08578765 0.02920889 -0.2028022 0.08612364 0.0292865 -0.2031299 0.08624124 0.02948015 -0.2032243 0.08531874 0.02880269 -0.2031811 0.08542704 0.02889603 -0.2029918 0.08531874 0.02901196 -0.2028257 0.08578324 0.02886861 -0.2035804 0.08599573 0.02901637 -0.2034459 0.08572453 0.02885985 -0.2032948 0.08558362 0.02956014 -0.2025546 0.08595913 0.02918803 -0.2029767 0.08625167 0.02939158 -0.2035327 0.08614152 0.0291844 -0.2035516 0.08545464 0.02876389 -0.2035899 0.08531874 0.02875465 -0.2035908 0.08531874 0.02916729 -0.2026876 0.08531874 0.02934688 -0.2025849 0.08569812 0.03032559 -0.1967446 0.08569812 0.03124463 -0.1958255 0.08569812 0.03249996 -0.1954892 0.08569812 0.03375536 -0.1958255 0.08569812 0.0346744 -0.1967446 0.08569812 0.03501075 -0.1979999 0.08569812 0.0346744 -0.1992553 0.08569812 0.03375536 -0.2001742 0.08569812 0.03249996 -0.2005106 0.08569812 0.03124463 -0.2001742 0.08569812 0.03032559 -0.1992553 0.08569812 0.02998924 -0.1979999 0.08521193 0.03017234 -0.1966561 0.08521193 0.02981227 -0.1979999 0.08521193 0.02981275 -0.1980488 0.08521193 0.03017234 -0.1993438 0.08521193 0.03115612 -0.2003275 0.08521193 0.03249996 -0.2006876 0.08521193 0.03384387 -0.2003275 0.08521193 0.03482764 -0.1993438 0.08521193 0.03518772 -0.1979999 0.08521193 0.03482764 -0.1966561 0.08521193 0.03384387 -0.1956723 0.08521193 0.03249996 -0.1953122 0.08521193 0.03115612 -0.1956723 0.08449983 0.03525 -0.1979999 0.08449983 0.03488159 -0.1993749 0.08449983 0.03387498 -0.2003815 0.08449983 0.03249996 -0.2007499 0.08449983 0.031125 -0.2003815 0.08449983 0.03052967 -0.1999183 0.08449983 0.03488159 -0.196625 0.08449983 0.03387498 -0.1956184 0.08449983 0.03249996 -0.1952499 0.08449983 0.031125 -0.1956184 0.08449983 0.03052967 -0.1960815 0.08335644 0.1160783 -0.1423754 0.08299994 0.1157807 -0.1421645 0.08398598 0.1163241 -0.1433416 0.08395683 0.1163502 -0.1432174 0.08386993 0.1163582 -0.1429963 0.08372843 0.1163118 -0.1427614 0.08356362 0.1162216 -0.1425625 0.08335608 0.1251324 -0.1476028 0.08333945 0.1251494 -0.1476072 0.08334612 0.120748 -0.1448097 0.08393824 0.1204517 -0.1453223 0.08370703 0.1206324 -0.1450098 0.08299994 0.1207789 -0.1447562 0.08299994 0.1223516 -0.1456968 0.08299994 0.1254644 -0.1477554 0.08370113 0.1247202 -0.1475865 0.08356332 0.1248991 -0.1475724 0.08398532 0.1241732 -0.1478728 0.08395624 0.1242672 -0.1477882 0.08386933 0.1244553 -0.1476707 0.08614152 0.1401081 -0.2329073 0.08614152 0.1333147 -0.2410485 0.08578324 0.1335396 -0.241272 0.08614152 0.1401081 -0.1630926 0.08614152 0.1333147 -0.1549514 0.08614152 0.1508377 -0.1926983 0.08614152 0.1490037 -0.1822549 0.08614152 0.1453908 -0.2237137 0.08614152 0.1490037 -0.213745 0.08614152 0.1508377 -0.2033015 0.08614152 0.1453908 -0.1722861 0.08578324 0.1403682 -0.2330885 0.08578324 0.1456784 -0.2238472 0.08578324 0.1493101 -0.2138267 0.08578324 0.1511536 -0.2033291 0.08578324 0.1511536 -0.1926708 0.08578324 0.1493101 -0.1821732 0.08578324 0.1335396 -0.1547278 0.08578324 0.1403682 -0.1629113 0.08578324 0.1456784 -0.1721526 0.08531874 0.1336207 -0.2413527 0.08531874 0.1344653 -0.2404861 0.08531874 0.1494206 -0.2138562 0.08531874 0.1457822 -0.2238954 0.08531874 0.1437209 -0.2279383 0.08531874 0.1404621 -0.233154 0.08531874 0.1495233 -0.2134661 0.08531874 0.1512677 -0.2033389 0.08531874 0.1514998 -0.1979999 0.08531874 0.1512677 -0.1926608 0.08531874 0.1495233 -0.1825337 0.08531874 0.1494206 -0.1821437 0.08531874 0.1457822 -0.1721044 0.08531874 0.1437209 -0.1680615 0.08531874 0.1404621 -0.1628459 0.08531874 0.1344653 -0.1555138 0.08531874 0.1336207 -0.1546471 0.08335644 0.1251328 -0.2483968 0.08299994 0.1254644 -0.2482444 0.08398598 0.1241732 -0.2481265 0.08395683 0.1242678 -0.2482113 0.08386993 0.1244552 -0.2483287 0.08372843 0.1246818 -0.248406 0.08356362 0.1248992 -0.2484274 0.08335608 0.1160788 -0.2536242 0.08333945 0.1160665 -0.2536366 0.08334612 0.1206899 -0.2512237 0.08393824 0.1203941 -0.2507108 0.08370703 0.1205744 -0.2510235 0.08299994 0.1223516 -0.250303 0.08299994 0.1207208 -0.2512772 0.08299994 0.1157807 -0.2538353 0.08370113 0.116299 -0.2532753 0.08356332 0.1162217 -0.2534373 0.08398532 0.1163246 -0.2526585 0.08395624 0.1163508 -0.2527822 0.08386933 0.1163585 -0.2530038 0.08531874 0.03064489 -0.2141003 0.08614152 0.05498969 -0.2480362 0.08614152 0.04686248 -0.2412262 0.08578324 0.04663848 -0.2414506 0.08614152 0.08457326 -0.2588268 0.08614152 0.03471523 -0.2239412 0.08614152 0.04003572 -0.233113 0.08614152 0.03106141 -0.2139874 0.08614152 0.07413357 -0.2569712 0.08614152 0.06417232 -0.2533379 0.08614152 0.09517645 -0.2588486 0.08578324 0.03977626 -0.2332953 0.08578324 0.03442817 -0.2240759 0.08578324 0.03075534 -0.2140704 0.08578324 0.0548079 -0.248296 0.08578324 0.06403821 -0.2536252 0.08578324 0.07405126 -0.2572775 0.08578324 0.08454501 -0.2591426 0.08578324 0.09520334 -0.2591645 0.08614152 0.1056236 -0.2570359 0.08578324 0.1057047 -0.2573425 0.08531874 0.03212898 -0.2188133 0.08531874 0.03432452 -0.2241245 0.08531874 0.03922313 -0.2326981 0.08531874 0.03968262 -0.2333611 0.08531874 0.04655766 -0.2415316 0.08531874 0.04958105 -0.2443525 0.08531874 0.07402151 -0.257388 0.08531874 0.06398981 -0.2537289 0.08531874 0.06253695 -0.2530275 0.08531874 0.05474233 -0.2483898 0.08531874 0.07725811 -0.2581654 0.08531874 0.08453488 -0.2592566 0.08531874 0.09279817 -0.2594362 0.08531874 0.09521299 -0.2592786 0.08531874 0.105734 -0.2574531 0.08531874 0.1081585 -0.256758 0.08531874 0.1081585 -0.1392418 0.08531874 0.105734 -0.1385467 0.08578324 0.1057047 -0.1386574 0.08614152 0.08457326 -0.1371731 0.08614152 0.09517645 -0.1371513 0.08578324 0.09520334 -0.1368353 0.08614152 0.1056236 -0.1389639 0.08614152 0.04686248 -0.1547737 0.08614152 0.04003572 -0.1628869 0.08614152 0.07413357 -0.1390286 0.08614152 0.06417232 -0.142662 0.08614152 0.05498969 -0.1479636 0.08614152 0.03471523 -0.1720587 0.08578324 0.08454501 -0.1368572 0.08578324 0.07405126 -0.1387224 0.08578324 0.06403821 -0.1423746 0.08578324 0.0548079 -0.1477038 0.08578324 0.04663848 -0.1545492 0.08578324 0.03977626 -0.1627046 0.08578324 0.03442817 -0.171924 0.08578324 0.03075534 -0.1819294 0.08614152 0.03106141 -0.1820125 0.08531874 0.09521299 -0.1367213 0.08531874 0.09279817 -0.1365636 0.08531874 0.06398981 -0.142271 0.08531874 0.07402151 -0.1386119 0.08531874 0.07725811 -0.1378344 0.08531874 0.08453488 -0.1367432 0.08531874 0.06253695 -0.1429724 0.08531874 0.03968262 -0.1626388 0.08531874 0.04655766 -0.1544682 0.08531874 0.04958105 -0.1516474 0.08531874 0.05474233 -0.14761 0.08531874 0.03922313 -0.1633018 0.08531874 0.03064489 -0.1818995 0.08531874 0.03212898 -0.1771865 0.08531874 0.03432452 -0.1718753 -0.02499997 0.04000461 -0.2468955 -0.02637499 0.03977781 -0.2466051 -0.02738159 0.0391581 -0.2458119 -0.02775001 0.03831154 -0.2447284 -0.02738159 0.03746503 -0.2436449 -0.02637499 0.03684532 -0.2428517 -0.02499997 0.03661847 -0.2425614 -0.02362501 0.03684532 -0.2428517 -0.02261841 0.03746503 -0.2436449 -0.02224999 0.03831154 -0.2447284 -0.02261841 0.0391581 -0.2458119 -0.02362501 0.03977781 -0.2466051 0.02594596 -0.05290383 -0.08132427 0.02594596 -0.05300003 -0.08132427 0.02691167 -0.05283391 -0.08175379 0.02797037 -0.05300003 -0.08250159 0.02861076 -0.05268633 -0.08316057 0.02954298 -0.05300003 -0.08470308 0.02968037 -0.05256003 -0.0850678 0.03000003 -0.05300003 -0.08699989 0.02999997 -0.05248266 -0.08699989 0.02999997 -0.05213612 -0.102 0.03000003 -0.05300003 -0.102 0.02990585 -0.05210793 -0.1030588 0.02913063 -0.05209302 -0.1051107 0.02954298 -0.05300003 -0.1042968 0.02797037 -0.05300003 -0.1064984 0.02768331 -0.05213326 -0.1067363 0.02594596 -0.05300003 -0.1076756 0.02594596 -0.05220752 -0.1076756 0.02384632 -0.05228042 -0.1083632 0.01773732 -0.05245792 -0.1100089 0.01445329 -0.05300003 -0.1106835 0.01151621 -0.05258506 -0.1111667 0.005224525 -0.05265885 -0.1118292 0 -0.05300003 -0.112 -0.001100063 -0.05267691 -0.1119924 -0.007419466 -0.05263936 -0.1116551 -0.01445329 -0.05300003 -0.1106835 -0.01369178 -0.05254662 -0.1108195 -0.01988178 -0.05240142 -0.1094901 -0.02594596 -0.05300003 -0.1076756 -0.02594596 -0.05220752 -0.1076756 -0.02693265 -0.05216336 -0.1072344 -0.02861636 -0.05210316 -0.1058326 -0.02797037 -0.05300003 -0.1064984 -0.02954298 -0.05300003 -0.1042968 -0.02967858 -0.05209451 -0.1039375 -0.02999997 -0.05300003 -0.102 -0.02999997 -0.05213612 -0.102 -0.02999997 -0.05248266 -0.08699989 -0.02999997 -0.05300003 -0.08699989 -0.02991515 -0.05251741 -0.08599442 -0.0291478 -0.05262911 -0.08391767 -0.02954298 -0.05300003 -0.08470308 -0.02797037 -0.05300003 -0.08250159 -0.0276941 -0.05277061 -0.08227199 -0.02594596 -0.05300003 -0.08132427 -0.02594596 -0.05290383 -0.08132427 -0.02499377 -0.0529527 -0.08100438 -0.02403759 -0.05300003 -0.08069658 -0.01169645 -0.05300003 -0.07785958 -0.0123502 -0.05300003 -0.077959 -0.02019238 -0.05300003 -0.0795902 0.02403759 -0.05300003 -0.08069658 0.01767218 -0.05300003 -0.07897639 0.01235848 -0.05300003 -0.07796019 -0.004384279 -0.05300003 -0.07712018 0.009754717 -0.05300003 -0.07759678 0.00365138 -0.05300003 -0.07708328 3.39329e-4 -0.05300003 -0.07700067 0.02499377 -0.0529527 -0.08100438 0.03299999 0.04086035 -0.2471786 0.03125 0.04057168 -0.2468091 0.02996891 0.03978294 -0.2457996 0.0295 0.03870558 -0.2444206 0.02996891 0.03762817 -0.2430415 0.03125 0.03683942 -0.2420321 0.03299999 0.03655076 -0.2416625 0.03474998 0.03683942 -0.2420321 0.03603106 0.03762817 -0.2430415 0.03649997 0.03870558 -0.2444206 0.03603106 0.03978294 -0.2457996 0.03474998 0.04057168 -0.2468091 0.04900002 -0.033019 -0.1526174 0.04724997 -0.03330773 -0.1522479 0.04596883 -0.03409641 -0.1512383 0.04549998 -0.03517383 -0.1498593 0.04596883 -0.03625124 -0.1484803 0.04724997 -0.03703993 -0.1474708 0.04900002 -0.0373286 -0.1471013 0.05075007 -0.03703993 -0.1474708 0.05203104 -0.03625124 -0.1484803 0.05249994 -0.03517383 -0.1498593 0.05203104 -0.03409641 -0.1512383 0.05075007 -0.03330773 -0.1522479 -0.041 -0.03341299 -0.1529252 -0.03925001 -0.03370159 -0.1525557 -0.03796893 -0.0344904 -0.1515462 -0.03750002 -0.03556782 -0.1501672 -0.03796893 -0.03664523 -0.1487882 -0.03925001 -0.03743392 -0.1477787 -0.041 -0.03772264 -0.1474092 -0.04275 -0.03743392 -0.1477787 -0.04403108 -0.03664523 -0.1487882 -0.04449999 -0.03556782 -0.1501672 -0.04403108 -0.0344904 -0.1515462 -0.04275 -0.03370159 -0.1525557 -0.02499997 0 0 -0.02309697 -0.009567022 0 0 0 0 -0.009567081 0.02309697 0 -0.01767766 0.01767766 0 -0.02309697 0.009567081 0 0.01767766 0.01767766 0 0.009567022 0.02309697 0 0 0.02499997 0 0.02309697 -0.009567022 0 0.02499997 0 0 0.02309697 0.009567081 0 0 -0.02500003 0 0.009567022 -0.02309703 0 0.01767766 -0.0176776 0 -0.01767766 -0.0176776 0 -0.009567081 -0.02309703 0 0.08500003 0.03052771 -0.1961469 0.08500003 0.02875465 -0.1924091 0.08500003 0.02880269 -0.1928187 0.08500003 0.02901196 -0.1931742 0.08500003 0.02934688 -0.1934149 0.08500003 0.02880269 -0.2031811 0.08500003 0.02875465 -0.2035908 0.08500003 0.02934688 -0.2025849 0.08500003 0.02901196 -0.2028257 0.08500003 0.03052771 -0.199853 0.08500003 0.02979373 -0.1979999 0.08500003 0.03015631 -0.199353 0.08500003 0.03015631 -0.1966468 0.08199983 0.09279817 -0.2594362 0.08199983 0.07889991 -0.2584899 0.08199983 0.0936017 -0.2599901 0.08199983 0.1495233 -0.2134661 0.08199983 0.1540579 -0.205389 0.08199983 0.1514998 -0.1979999 0.08199983 0.1540579 -0.1906109 0.08199983 0.1495233 -0.1825337 0.08199983 0.1505605 -0.1762524 0.08199983 0.1437209 -0.1680615 0.08199983 0.1437644 -0.1631295 0.08199983 0.1344653 -0.1555138 0.08199983 0.1340557 -0.1519879 0.08199983 0.1223516 -0.1456968 0.08199983 0.121986 -0.1434604 0.08199983 0.1081585 -0.1392418 0.08199983 0.108241 -0.1380315 0.08199983 0.09279817 -0.1365636 0.08199983 0.0936017 -0.1360097 0.08199983 0.07889991 -0.13751 0.08199983 0.1081585 -0.256758 0.08199983 0.108241 -0.2579683 0.08199983 0.1223516 -0.250303 0.08199983 0.121986 -0.2525395 0.08199983 0.1344653 -0.2404861 0.08199983 0.1340557 -0.244012 0.08199983 0.1437209 -0.2279383 0.08199983 0.1437644 -0.2328703 0.08199983 0.1505605 -0.2197475 0.08500003 0.03212898 -0.1771865 0.08500003 0.03922313 -0.1633018 0.08500003 0.04958105 -0.1516474 0.08500003 0.06253695 -0.1429724 0.08500003 0.07725811 -0.1378344 0.08500003 0.07889991 -0.13751 0.08500003 0.06253695 -0.2530275 0.08500003 0.07725811 -0.2581654 0.08500003 0.07889991 -0.2584899 0.08500003 0.04958105 -0.2443525 0.08500003 0.03922313 -0.2326981 0.08500003 0.03212898 -0.2188133 -0.02675002 0.0401777 -0.247117 -0.02499997 0.04046636 -0.2474864 -0.02324998 0.0401777 -0.247117 -0.0219689 0.03938895 -0.2461074 -0.02149999 0.03831154 -0.2447284 -0.0219689 0.03723412 -0.2433494 -0.02324998 0.03644543 -0.2423399 -0.02499997 0.03615671 -0.2419704 -0.02675002 0.03644543 -0.2423399 -0.02803111 0.03723412 -0.2433494 -0.02850002 0.03831154 -0.2447284 -0.02803111 0.03938895 -0.2461074 -0.04370403 -0.04935681 -0.078772 -0.04298573 -0.04861032 -0.1090583 -0.04214137 -0.04915791 -0.1090352 -0.04307168 -0.04997283 -0.06901031 -0.0437358 -0.04957813 -0.06900578 -0.0411638 -0.04939556 -0.1089992 -0.04209357 -0.05021113 -0.06901067 0.05108195 -0.04935932 -0.06901031 0.05015593 -0.04958921 -0.06901079 0.05031245 -0.05033761 -0.001179218 0.05087214 -0.05007451 -0.02424001 0.05164808 -0.04952991 -0.0403611 -0.04365646 -0.05045115 -0.008726418 -0.04287004 -0.05068886 -0.02424001 -0.04216957 -0.05056935 -0.04584479 0.02884727 -0.05077213 -0.08066928 0.02650624 -0.05090612 -0.07939231 0.02744638 -0.05097401 -0.0805974 0.02627295 -0.05104362 -0.0800932 0.02713519 -0.05141812 -0.08120411 0.02607226 -0.05148792 -0.0807448 0.02694773 -0.05209672 -0.08161228 0.025958 -0.05216652 -0.08117908 0.02869665 -0.05194902 -0.08304309 0.02902007 -0.05127042 -0.08273148 0.02953016 -0.05082613 -0.08227908 0.03040701 -0.05066156 -0.08230668 0.0298053 -0.05182242 -0.08499658 0.03022128 -0.05114352 -0.08482861 0.03086119 -0.05069923 -0.08459359 0.03151339 -0.05055803 -0.08451658 0.03189367 -0.0504859 -0.08695679 0.03123104 -0.05063682 -0.08696007 0.03054869 -0.05110681 -0.08697021 0.03011548 -0.05181306 -0.08698558 0.03011548 -0.05146652 -0.1019835 0.03054869 -0.05076032 -0.1019661 0.03123104 -0.0502904 -0.1019545 0.03189367 -0.05013942 -0.1019509 0.03144806 -0.05009752 -0.1045871 0.03109937 -0.05027163 -0.1032445 0.03045922 -0.05072152 -0.1031367 0.03003984 -0.05138772 -0.1030717 0.02924358 -0.0513727 -0.1051832 0.02960473 -0.05070662 -0.105406 0.03015863 -0.05025672 -0.1057444 0.03040671 -0.05010032 -0.1066014 0.02775317 -0.05141311 -0.106852 0.02800202 -0.05074733 -0.1071959 0.02839267 -0.05029731 -0.1077144 0.02868163 -0.05014002 -0.1083653 0.02650624 -0.05021035 -0.1095153 0.02627962 -0.05037236 -0.1088378 0.02608335 -0.05082201 -0.1082189 0.02596676 -0.05148786 -0.1078103 0.02415698 -0.05043762 -0.1095494 0.01829749 -0.05045521 -0.1118657 0.0179665 -0.05061471 -0.1112129 0.01166415 -0.05074161 -0.112383 0.009886324 -0.05061322 -0.1133444 0.005291402 -0.05081516 -0.1130523 0.001380026 -0.05067735 -0.1139344 -0.001114189 -0.05083322 -0.1132172 -0.00714451 -0.05064451 -0.1136326 -0.007514595 -0.05079573 -0.1128764 -0.01386803 -0.05070322 -0.1120322 -0.01559615 -0.05051612 -0.1124398 -0.02013939 -0.0505585 -0.1106885 -0.02387523 -0.05029851 -0.1103707 -0.02628505 -0.05036503 -0.1088543 -0.02650624 -0.05021035 -0.1095153 0.02386546 -0.05155563 -0.1084999 0.02397406 -0.05088621 -0.1089172 0.01775085 -0.05173295 -0.1101454 0.01152461 -0.05185991 -0.111303 0.00522834 -0.05193352 -0.1119653 -0.001100897 -0.05195182 -0.1121285 -0.007424831 -0.05191421 -0.1117913 -0.01370197 -0.0518217 -0.1109559 -0.01989722 -0.05167663 -0.1096266 -0.02596718 -0.05148291 -0.1078122 0.01783096 -0.05106312 -0.1105689 0.01157629 -0.05119025 -0.1117308 0.005251646 -0.0512638 -0.1123954 -0.001105844 -0.05128192 -0.1125592 -0.007458031 -0.05124431 -0.1122209 -0.01376354 -0.05115193 -0.1113825 -0.01998722 -0.05100703 -0.1100482 -0.02608579 -0.05081331 -0.1082269 -0.02884674 -0.05013543 -0.1082387 -0.02747833 -0.05032771 -0.1083129 -0.02717196 -0.05077755 -0.1077405 -0.02698075 -0.05144345 -0.1073613 -0.02871388 -0.05138301 -0.1059252 -0.02903509 -0.05071681 -0.1062025 -0.029531 -0.05026692 -0.1066214 -0.03040659 -0.05010032 -0.1066016 -0.02980715 -0.05137431 -0.1039762 -0.03021013 -0.05070823 -0.1041089 -0.03082549 -0.05025821 -0.1043156 -0.03151303 -0.05009901 -0.1043922 -0.03189367 -0.05013942 -0.1019509 -0.03123104 -0.0502904 -0.1019545 -0.03054869 -0.05076032 -0.1019661 -0.03011548 -0.05146652 -0.1019835 -0.03011548 -0.05181306 -0.08698558 -0.03054869 -0.05110681 -0.08697021 -0.03123104 -0.05063682 -0.08696007 -0.03189367 -0.0504859 -0.08695679 -0.03144794 -0.05056571 -0.08432018 -0.03115844 -0.05065602 -0.08572661 -0.03048878 -0.05110043 -0.08585399 -0.03005063 -0.05177962 -0.085949 -0.02925217 -0.05189162 -0.08381718 -0.029621 -0.05121302 -0.08356142 -0.03019565 -0.05076873 -0.08319437 -0.03040707 -0.05066156 -0.08230668 -0.02775174 -0.05203342 -0.08213788 -0.02800053 -0.05135482 -0.08176398 -0.0284025 -0.05091083 -0.08121311 -0.02868157 -0.05078262 -0.0805422 -0.02650624 -0.05090612 -0.07939231 -0.02627295 -0.05104362 -0.0800932 -0.02607226 -0.05148792 -0.0807448 -0.025958 -0.05216652 -0.08117908 -0.02511537 -0.0515353 -0.08042281 -0.02530908 -0.05109143 -0.07976758 -0.02500522 -0.05221462 -0.08085918 -0.02404838 -0.05226182 -0.08055168 -0.02455669 -0.05100202 -0.07874917 -0.02434021 -0.05113846 -0.07945668 -0.02415412 -0.05158245 -0.08011418 -0.02409434 -0.05187022 -0.08034712 -0.01937186 -0.05191183 -0.07890141 0.02404838 -0.05226182 -0.08055168 0.02409434 -0.05187022 -0.08034712 0.01832336 -0.05192142 -0.07862669 -0.01930916 -0.05252212 -0.07925188 -0.01652222 -0.05131822 -0.07667958 -0.01189732 -0.05146253 -0.07620668 -0.00801444 -0.05151653 -0.07542401 -0.005798459 -0.05155313 -0.0754615 7.2008e-4 -0.05157691 -0.07504957 3.45588e-4 -0.05158221 -0.07523238 0.006482481 -0.05154591 -0.07551908 0.009367108 -0.05149435 -0.07556349 0.01256895 -0.05144912 -0.07632118 0.01768487 -0.05128026 -0.07692319 0.0185303 -0.05130553 -0.07763069 0.02434027 -0.05113846 -0.07945668 0.02455669 -0.05100202 -0.07874917 -0.01170969 -0.05253845 -0.07769358 3.39858e-4 -0.05255103 -0.07680249 0.02403479 -0.05251342 -0.08063268 0.01826155 -0.05252432 -0.07898938 0.01237189 -0.05253702 -0.07779788 0.006404578 -0.05200475 -0.07661348 0.01242148 -0.05196982 -0.07737988 -0.01944744 -0.05157482 -0.07854038 -0.01175719 -0.05197465 -0.07727068 -0.005728602 -0.05200731 -0.07655829 3.41348e-4 -0.05201822 -0.07633888 -0.01958787 -0.0512762 -0.07792001 -0.01180809 -0.05168342 -0.07686781 -0.005754351 -0.05173832 -0.07613801 3.42898e-4 -0.05175626 -0.07591348 0.006433248 -0.05173403 -0.07619458 0.01247489 -0.05167555 -0.07697969 0.01839625 -0.05159163 -0.07825851 0.02415412 -0.05158245 -0.08011418 0.02500522 -0.05221462 -0.08085918 0.02511537 -0.0515353 -0.08042281 0.02530908 -0.05109143 -0.07976758 0.02850002 0.03870558 -0.2444206 0.02910286 0.04009079 -0.2461936 0.03074997 0.04110485 -0.2474916 0.03299999 0.04147601 -0.2479666 0.03525 0.04110485 -0.2474916 0.03689712 0.04009079 -0.2461936 0.03750002 0.03870558 -0.2444206 0.03689712 0.03732031 -0.2426476 0.03525 0.03630626 -0.2413496 0.03299999 0.0359351 -0.2408746 0.03074997 0.03630626 -0.2413496 0.02910286 0.03732031 -0.2426476 -0.041 -0.033019 -0.1526174 -0.04275 -0.03330773 -0.1522479 -0.04403108 -0.03409641 -0.1512383 -0.04449999 -0.03517383 -0.1498593 -0.04403108 -0.03625124 -0.1484803 -0.04275 -0.03703993 -0.1474708 -0.041 -0.0373286 -0.1471013 -0.03925001 -0.03703993 -0.1474708 -0.03796893 -0.03625124 -0.1484803 -0.03750002 -0.03517383 -0.1498593 -0.03796893 -0.03409641 -0.1512383 -0.03925001 -0.03330773 -0.1522479 -0.04289203 -0.04854935 -0.1113815 -0.04242867 -0.04890161 -0.111369 -0.04106223 -0.04934161 -0.1113183 -0.04803162 -0.04337513 -0.1090497 -0.0492531 -0.04466652 -0.06902718 -0.05248063 -0.03746122 -0.1089772 -0.05404698 -0.03921699 -0.06900471 -0.05541753 -0.04081386 0.01132899 -0.05502712 -0.04036182 -0.02773779 -0.04970186 -0.04571312 -0.02451568 0.05762064 -0.04542386 -0.02452003 0.04964214 0.05357313 -0.1301773 0.04918563 0.05557256 -0.1292117 0.08500003 0.02783024 -0.1979999 0.08500003 0.02877473 -0.1872043 0.08500003 0.03157955 -0.1767366 0.08500003 0.03615939 -0.1669151 0.08500003 0.0423752 -0.158038 0.08500003 0.05003803 -0.1503752 0.08500003 0.05891513 -0.1441593 0.08500003 0.06873661 -0.1395795 0.08500003 0.07920426 -0.1367747 0.08500003 0.08999985 -0.1358302 0.08500003 0.0936017 -0.1360097 0.08500003 0.0954653 -0.1360709 0.08500003 0.0954653 -0.2599289 0.08500003 0.0936017 -0.2599901 0.08500003 0.08999985 -0.2601697 0.08500003 0.07920426 -0.2592252 0.08500003 0.06873661 -0.2564203 0.08500003 0.05891513 -0.2518405 0.08500003 0.05003803 -0.2456247 0.08500003 0.0423752 -0.2379619 0.08500003 0.03615939 -0.2290848 0.08500003 0.03157955 -0.2192632 0.08500003 0.02877473 -0.2087956 0.08495473 0.1084113 -0.1380765 0.08499044 0.1014446 -0.1366486 0.08457863 0.1340557 -0.1519879 0.08460414 0.1329444 -0.151008 0.08471834 0.1273422 -0.1467163 0.08481848 0.1212395 -0.1430633 0.08489543 0.1151169 -0.1402724 0.08431112 0.1437644 -0.1631295 0.08435583 0.1423463 -0.1611308 0.08448582 0.1377956 -0.1556645 0.08406364 0.1505605 -0.1762524 0.08411604 0.1492552 -0.1730433 0.08422863 0.1462131 -0.1670341 0.08391022 0.1540579 -0.1906108 0.08393913 0.1534339 -0.1865525 0.08401423 0.1517392 -0.1797051 0.08391022 0.1540579 -0.2053891 0.08390313 0.1542088 -0.2039999 0.08388948 0.1544998 -0.1979999 0.08389812 0.154317 -0.1932414 0.08413553 0.1487512 -0.2240725 0.08406364 0.1505605 -0.2197475 0.08403533 0.1512436 -0.2178284 0.08395373 0.1531161 -0.2110259 0.08425682 0.1453949 -0.2303435 0.08431112 0.1437644 -0.2328703 0.08463114 0.1317227 -0.2460162 0.08457863 0.1340557 -0.244012 0.08450758 0.1369637 -0.2412084 0.08438503 0.1413766 -0.2361453 0.08474212 0.1260126 -0.2501621 0.08481293 0.1216059 -0.2527433 0.08496493 0.1068558 -0.2583149 0.08495593 0.108241 -0.2579683 0.08491092 0.1136156 -0.2562933 0.08483374 0.1201518 -0.253492 0.08499383 0.1002231 -0.259517 0.03750002 0.03740966 -0.2454331 0.04184406 0.03730309 -0.2415421 0.04400163 0.03371965 -0.2372085 0.04809904 0.03307127 -0.2339604 0.04696977 0.03664857 -0.2385394 0.04559028 0.0386219 -0.2410651 0.04234033 0.04138088 -0.2445954 0.04172158 0.04185092 -0.2451979 0.04017418 0.04094147 -0.2452002 0.04001671 0.0408343 -0.2452146 0.03736311 0.038468 -0.246004 0.03571814 0.03973978 -0.2481634 0.03547137 0.03970211 -0.2484142 0.03544825 0.04006266 -0.2485293 0.03563576 0.04541879 -0.2497646 0.03617519 0.04466146 -0.2493241 0.03434008 0.04304975 -0.249785 0.03466027 0.04245948 -0.2495719 0.03667443 0.04503524 -0.249274 0.0365923 0.04381823 -0.2488318 0.03494727 0.04174864 -0.2492963 0.0374071 0.04218411 -0.2476471 0.03843289 0.04302114 -0.2474781 0.03926569 0.04360508 -0.2474432 0.03525525 0.03966695 -0.2486111 0.03500616 0.03964334 -0.2487996 0.03437674 0.04157739 -0.2495995 0.0337218 0.04370236 -0.250013 0.03341352 0.04038935 -0.2495735 0.03327655 0.04385501 -0.2500745 0.03346514 0.03966414 -0.2493516 0.03405594 0.039635 -0.2492456 0.03445798 0.03962773 -0.2491027 -0.02499997 0.04086035 -0.2471786 -0.02675002 0.04057168 -0.2468091 -0.02803111 0.03978294 -0.2457996 -0.02850002 0.03870558 -0.2444206 -0.02803111 0.03762817 -0.2430415 -0.02675002 0.03683942 -0.2420321 -0.02499997 0.03655076 -0.2416625 -0.02324998 0.03683942 -0.2420321 -0.0219689 0.03762817 -0.2430415 -0.02149999 0.03870558 -0.2444206 -0.0219689 0.03978294 -0.2457996 -0.02324998 0.04057168 -0.2468091 0.02123355 -0.051647 -0.04807323 0.02123355 -0.05022042 -0.1169554 -0.01314949 -0.05045211 -0.1169617 -0.04079073 -0.04920852 -0.1169274 -0.0407958 -0.04921072 -0.1168313 -0.01314949 -0.05187863 -0.04807639 0.03653389 0.03957879 -0.2472738 0.03299719 0.03966706 -0.24938 0.03212571 0.03952497 -0.2493822 0.03090304 0.03898525 -0.2492547 0.02850002 0.0347951 -0.2474758 0.02910286 0.03710442 -0.2485268 0.0299775 0.03825646 -0.2490021 0.03074848 0.03888547 -0.2492244 0.02980798 0.03169411 -0.2458733 0.02910286 0.03257393 -0.2463559 0.03183019 0.03063458 -0.245212 0.03074997 0.03102374 -0.2454768 0.03528279 0.0314306 -0.2451832 0.0350151 0.0311926 -0.2451843 0.03427129 0.03077924 -0.2451354 0.03299999 0.03053849 -0.2450908 0.03689628 0.03930228 -0.2468114 0.03704011 0.03913223 -0.2466021 0.03528881 0.02098238 -0.2395094 -0.04264849 -0.04839712 -0.1169074 -0.04179257 -0.04896515 -0.1168769 -0.04549998 -0.03517383 -0.1498593 -0.04489713 -0.0337885 -0.1516324 -0.04325002 -0.0327745 -0.1529303 -0.041 -0.03240334 -0.1534054 -0.03874999 -0.0327745 -0.1529303 -0.03710287 -0.0337885 -0.1516324 -0.03649997 -0.03517383 -0.1498593 -0.03710287 -0.03655904 -0.1480863 -0.03874999 -0.03757309 -0.1467884 -0.041 -0.03794419 -0.1463133 -0.04325002 -0.03757309 -0.1467884 -0.04489713 -0.03655904 -0.1480863 -0.04264384 -0.04839432 -0.1170051 -0.04171985 -0.04899156 -0.1169709 -0.0417878 -0.04896253 -0.1169738 -0.05247879 -0.03745943 -0.1090144 -0.05236703 -0.03733992 -0.1113082 -0.04797148 -0.04323601 -0.1113777 -0.05258005 -0.03729969 -0.1089745 -0.05282998 -0.0367285 -0.1089974 -0.05297505 -0.03592264 -0.1089292 -0.05297315 -0.03592079 -0.1089664 -0.05449736 -0.03840303 -0.06899511 -0.05467689 -0.03749042 -0.06897288 -0.05561769 -0.03958123 -0.02424383 -0.05584758 -0.0385403 -0.02423143 -0.05491423 0.04185867 -0.02495741 -0.05582296 0.03983795 -0.0227558 -0.05554401 0.04092681 -0.0248357 -0.05476123 0.04053378 -0.06314218 -0.05432593 0.0416525 -0.06965291 -0.05452597 0.04068875 -0.06968408 -0.05373251 0.04260379 -0.06960737 -0.05274379 0.04182457 -0.1089545 -0.05253505 0.04280984 -0.1089106 -0.05234849 0.04319655 -0.1088879 -0.05201357 0.04366773 -0.1088544 -0.04505115 0.05033499 -0.06910878 -0.04505151 0.05033403 -0.06905198 -0.04434543 0.0509597 -0.06904393 -0.0435422 0.05210822 -0.06908571 -0.04299998 0.05437177 -0.06899988 -0.04299998 0.05437254 -0.06905639 -0.04333978 0.05256021 -0.06902331 -0.0435487 0.05209475 -0.06902933 -0.04952967 0.04667013 -0.02465742 -0.04889231 0.04728347 -0.06932097 -0.04364269 0.05087822 -0.03532052 -0.04521965 0.04985737 -0.03521972 -0.04514658 0.05006706 -0.05213654 -0.04357719 0.05091857 -0.03537213 -0.0435056 0.0509597 -0.03539013 -0.04226529 0.0513184 -0.03458511 -0.0431835 0.05111229 -0.03526163 -0.04335004 0.05103957 -0.03535473 0.05234944 0.05041599 -0.06904399 0.05134016 0.05201977 -0.06902331 0.05099993 0.05383235 -0.06899988 0.05153328 0.05033707 -0.03531938 0.05033206 0.05069482 -0.03465908 0.05132353 0.05044263 -0.03531181 0.05143213 0.05039077 -0.03533613 0.05537903 0.05995786 -0.137822 0.05412274 0.0583201 -0.1375015 0.05255144 0.05750727 -0.1365568 0.05183553 0.05569255 -0.1356107 0.05124205 0.0565856 -0.1352951 0.05027472 0.05559599 -0.1337582 0.05085283 0.05471473 -0.1341306 0.05028313 0.05371928 -0.1324234 0.04971748 0.05459153 -0.1320126 0.04927825 0.05648273 -0.1309864 0.04976648 0.05743545 -0.1326716 0.05062657 0.0583868 -0.1341998 0.05003255 0.05777746 -0.1332383 0.05736154 0.06156605 -0.1378233 0.05682414 0.06142777 -0.1377599 0.05497974 0.06084227 -0.1373225 0.05328953 0.06012356 -0.1365658 0.05295354 0.05995422 -0.136364 0.05181837 0.05929499 -0.1355133 0.04880183 0.1130961 -0.135276 0.04885113 0.112574 -0.1350785 0.05231028 0.1066558 -0.1329408 0.04927718 0.1086001 -0.1330706 0.05033433 0.1053639 -0.1311415 0.04973918 0.1050303 -0.1303721 0.08316284 0.151019 -0.1757908 0.08316284 0.1462354 -0.1655324 0.08482784 0.1116058 -0.2573617 0.08482784 0.08999985 -0.2611714 0.08482784 0.1009694 -0.2602117 0.08418142 0.1221144 -0.2536239 0.08418142 0.1312855 -0.2472022 0.08418142 0.1392022 -0.2392856 0.08418142 0.1456239 -0.2301144 0.08316284 0.154935 -0.1979999 0.08316284 0.1539486 -0.2092758 0.08316284 0.1539486 -0.1867241 0.08418142 0.1456239 -0.1658854 0.08418142 0.1392022 -0.1567143 0.08418142 0.1312855 -0.1487976 0.08418142 0.1119675 -0.1376443 0.08418142 0.1221144 -0.1423759 0.08482784 0.1009694 -0.1357881 0.08482784 0.1116058 -0.1386381 0.08482784 0.07903027 -0.2602117 0.08482784 0.068394 -0.2573617 0.08482784 0.05841422 -0.252708 0.08482784 0.04939413 -0.2463921 0.08482784 0.04160779 -0.2386058 0.08482784 0.03529185 -0.2295857 0.08482784 0.03063815 -0.2196058 0.08482784 0.02778816 -0.2089695 0.08482784 0.02682846 -0.1979999 0.08482784 0.02778816 -0.1870303 0.08482784 0.03063815 -0.176394 0.08482784 0.03529185 -0.1664142 0.08482784 0.04160779 -0.1573941 0.08482784 0.04939413 -0.1496077 0.08482784 0.05841422 -0.1432918 0.08482784 0.068394 -0.1386381 0.08482784 0.07903027 -0.1357881 0.08482784 0.08999985 -0.1348284 0.08316284 0.1224675 -0.1417644 0.08316284 0.112209 -0.1369808 0.08316284 0.1317394 -0.1482567 0.08316284 0.1397431 -0.1562604 0.08316284 0.151019 -0.220209 0.08316284 0.1462354 -0.2304675 0.08316284 0.1397431 -0.2397394 0.08316284 0.1317394 -0.2477432 0.08316284 0.1224675 -0.2542354 0.08316284 0.112209 -0.259019 0.08316284 0.1012757 -0.1340513 0.08316284 0.08999985 -0.1330648 0.08316284 0.07872408 -0.1340513 0.08316284 0.0677908 -0.1369808 0.08316284 0.05753242 -0.1417644 0.08316284 0.04826045 -0.1482567 0.08316284 0.04025673 -0.1562604 0.08316284 0.03376448 -0.1655324 0.08316284 0.02898085 -0.1757908 0.08316284 0.02605128 -0.1867241 0.08316284 0.02506482 -0.1979999 0.08316284 0.02605128 -0.2092758 0.08316284 0.02898085 -0.220209 0.08316284 0.03376448 -0.2304675 0.08316284 0.04025673 -0.2397394 0.08316284 0.04826045 -0.2477432 0.08316284 0.05753242 -0.2542354 0.08316284 0.0677908 -0.259019 0.08316284 0.07872408 -0.2619486 0.08316284 0.08999985 -0.2629351 0.08316284 0.1012757 -0.2619486 0.08418142 0.1011531 -0.1347466 0.08418142 0.08999985 -0.1337709 0.08418142 0.07884663 -0.1347466 0.08418142 0.06803226 -0.1376443 0.08418142 0.05788546 -0.1423759 0.08418142 0.04871433 -0.1487976 0.08418142 0.04079765 -0.1567143 0.08418142 0.03437596 -0.1658854 0.08418142 0.02964437 -0.1760323 0.08418142 0.02674663 -0.1868467 0.08418142 0.0257709 -0.1979999 0.08418142 0.02674663 -0.2091531 0.08418142 0.02964437 -0.2199676 0.08418142 0.03437596 -0.2301144 0.08418142 0.04079765 -0.2392856 0.08418142 0.04871433 -0.2472022 0.08418142 0.05788546 -0.2536239 0.08418142 0.06803226 -0.2583555 0.08418142 0.07884663 -0.2612532 0.08418142 0.08999985 -0.262229 0.08418142 0.1011531 -0.2612532 0.08418142 0.1119675 -0.2583555 0.05121964 0.03054189 -0.2291181 0.04999154 0.02981311 -0.2289087 0.04883164 0.03329324 -0.2338923 0.04485529 0.03942042 -0.2420651 0.04326009 0.04252851 -0.2454164 0.03954559 0.04378449 -0.2474494 0.03730702 0.04779279 -0.2505239 0.03880733 0.04585063 -0.2490291 0.0333268 0.04584109 -0.2503051 0.03348124 0.04583126 -0.2502935 0.03446257 0.04571014 -0.2501375 0.007704555 0.04403179 -0.2509503 0.0136457 0.04652476 -0.25118 -0.005701065 0.04663985 -0.2513271 -0.01788198 0.04398667 -0.250733 -0.0179165 0.04642409 -0.2510513 -0.02499669 0.03930252 -0.2496648 -0.02538108 0.03929954 -0.2496466 -0.02529156 0.04058778 -0.2500364 0.004046857 0.04095172 -0.2506541 0.004046857 0.03795534 -0.2496733 -0.02517062 0.04395484 -0.2504711 -0.02216237 0.03811734 -0.2493122 -0.02275002 0.03856128 -0.2494788 -0.02382194 0.03908324 -0.2496369 -0.0271036 0.04114788 -0.2494245 -0.02657473 0.04259145 -0.2499925 -0.02627772 0.04143726 -0.2499908 -0.02620452 0.04324537 -0.250221 -0.02559685 0.04383206 -0.2504211 -0.0274325 0.03936684 -0.2487082 -0.02738326 0.0401228 -0.2489508 -0.02725571 0.03933316 -0.2488716 -0.02693551 0.0392962 -0.2491145 -0.02598714 0.03927624 -0.2495462 -0.0295 0.03870558 -0.2444206 -0.0288971 0.04009079 -0.2461936 -0.02724999 0.04110485 -0.2474916 -0.02499997 0.04147601 -0.2479666 -0.02275002 0.04110485 -0.2474916 -0.0211029 0.04009079 -0.2461936 -0.0205 0.03870558 -0.2444206 -0.0211029 0.03732031 -0.2426476 -0.02275002 0.03630626 -0.2413496 -0.02499997 0.0359351 -0.2408746 -0.02724999 0.03630626 -0.2413496 -0.0288971 0.03732031 -0.2426476 -0.0211029 0.03680729 -0.248759 0.01917123 -0.03732949 -0.1738825 0.01917123 -0.0433039 -0.1582028 0.01917123 -0.02963781 -0.188795 0.01917123 -0.02032554 -0.202753 0.01917123 -0.009509563 -0.2155812 0.01917123 0.002673983 -0.2271183 0.01917123 0.01607221 -0.2372194 0.01917123 0.0305168 -0.2457576 -0.02275002 0.03071403 -0.2457187 -0.02180671 0.03139579 -0.246108 -0.01109242 0.0304231 -0.2459386 -0.0211029 0.03228169 -0.2465841 -0.02050006 0.03452825 -0.2477103 -0.02724236 0.02024048 -0.2395428 -0.02618676 0.03040242 -0.2453993 -0.02499997 0.03020328 -0.2453527 -0.02383083 0.03031265 -0.2454634 -0.01109242 0.01595884 -0.2373888 -0.02752637 0.01769393 -0.2379015 -0.0286954 0.007952392 -0.2309011 -0.01109242 0.002542376 -0.2272739 -0.02935498 0.00293976 -0.2268033 -0.03336268 -0.02226674 -0.199039 -0.03292036 -0.01984781 -0.2023942 -0.01109242 -0.02048844 -0.2028755 -0.03219568 -0.01570773 -0.2077155 -0.01109242 -0.0096578 -0.2157211 -0.03098559 -0.008277297 -0.2161588 -0.02980762 -3.30206e-4 -0.2239248 -0.03456175 -0.02842473 -0.1894856 -0.03442907 -0.02777141 -0.1905787 -0.01109242 -0.0298134 -0.1888985 -0.033513 -0.02307039 -0.1978792 -0.03674799 -0.03818452 -0.1698225 -0.03636169 -0.03660202 -0.1735583 -0.01109242 -0.03751564 -0.1739656 -0.03570944 -0.03378802 -0.1795891 -0.03461068 -0.02866423 -0.1890796 -0.01109242 -0.04349815 -0.1582645 -0.03710287 -0.04237562 -0.1583414 -0.03777182 -0.04204982 -0.15921 -0.01109242 -0.04768592 -0.1419927 -0.03710287 -0.04377621 -0.153725 -0.03650003 -0.04312902 -0.156053 -0.0406782 -0.04914176 -0.1190656 -0.040035 -0.04831832 -0.1300221 -0.01109242 -0.05002635 -0.1253543 -0.03927582 -0.04666721 -0.1410317 -0.03838902 -0.04411983 -0.1521976 0.01917123 -0.04982322 -0.1253372 0.01917123 -0.047486 -0.141953 -0.02727437 0.031089 -0.2454438 -0.02677083 0.03067731 -0.2454431 -0.02746641 0.02829396 -0.243994 -0.02780967 0.02478182 -0.2420193 -0.02821326 0.01781111 -0.2378428 -0.02837228 0.02865821 -0.2434971 -0.0276556 0.0315355 -0.2454123 -0.02804344 0.03215306 -0.2453335 -0.02906191 0.02187174 -0.2395783 -0.02945464 0.0183047 -0.2373094 -0.05210709 -0.03697574 -0.1164658 -0.04772871 -0.04298102 -0.1167316 -0.03881043 -0.0376228 -0.1687619 -0.03828364 -0.03546929 -0.1738498 -0.03737545 -0.03609901 -0.1740318 -0.03651559 -0.03234374 -0.1818574 -0.03967428 -0.04089856 -0.1597892 -0.03905981 -0.04139143 -0.1598696 -0.03875702 -0.04158061 -0.1598155 -0.03837949 -0.04178261 -0.1596652 -0.0345624 -0.02279514 -0.1978279 -0.03548675 -0.0274896 -0.1905396 -0.03562039 -0.02814209 -0.1894483 -0.03362244 -0.01768541 -0.2048289 -0.03186309 -0.007116138 -0.2170263 -0.03093528 -9.29117e-4 -0.2230643 -0.03003013 0.005601406 -0.2287323 -0.03096085 0.006065845 -0.2283168 -0.03186279 -4.36366e-4 -0.2226751 -0.03278708 -0.006597042 -0.216664 -0.0331788 -0.00907284 -0.2140397 -0.03453981 -0.01712232 -0.2045191 -0.03513902 -0.02041792 -0.2001031 -0.03742474 -0.0317254 -0.1816433 -0.0370438 -0.02997612 -0.1849287 -0.03653144 -0.02753853 -0.1892028 -0.03639811 -0.02688843 -0.1902896 -0.0354765 -0.02221173 -0.1975476 -0.04539662 -0.03751671 -0.1504727 -0.04549998 -0.0370267 -0.151307 -0.04341107 -0.03767609 -0.1566361 -0.04324936 -0.03779673 -0.1568546 -0.04145044 -0.0392692 -0.158741 -0.04101836 -0.03965044 -0.1590674 -0.03959017 -0.04403042 -0.1513559 -0.0404604 -0.04356551 -0.1507463 -0.03859919 -0.04414302 -0.152037 -0.03875648 -0.04414981 -0.151922 -0.04165267 -0.03909415 -0.1585724 -0.04535377 -0.03673183 -0.1525204 -0.04488593 -0.03677862 -0.1539929 -0.04381763 -0.03738582 -0.1560402 -0.0450924 -0.03819674 -0.1498462 -0.04489016 -0.03855991 -0.1496344 -0.04452061 -0.03914952 -0.1494088 -0.04347944 -0.04054921 -0.1492936 -0.04099726 -0.04311323 -0.1503518 -0.04172259 -0.04244846 -0.1499065 -0.04323744 -0.04083931 -0.1493311 -0.04199421 -0.04755026 -0.1291553 -0.03960388 -0.04432243 -0.1503627 -0.04130834 -0.04601782 -0.1396612 -0.04077285 -0.04753142 -0.1342421 -0.04128473 -0.04850971 -0.1256298 -0.04166048 -0.04686683 -0.1344875 -0.05276954 -0.03572613 -0.1128643 -0.05257558 -0.03548389 -0.116373 -0.05243432 -0.03627973 -0.1164286 -0.05285501 -0.03581124 -0.1112605 -0.0524615 -0.0371856 -0.1113058 -0.05527395 0.01644504 -0.06816631 -0.05651408 0.01644504 -0.0208643 -0.05655801 -0.01351493 -0.02086502 -0.05531781 -0.01351493 -0.0681678 -0.0535264 -0.01351493 -0.1089952 -0.05361759 0 -0.1089999 -0.05348259 0.01644504 -0.1089929 -0.05144983 -0.0354827 -0.1281344 -0.05226492 -0.03598612 -0.1194622 -0.04378086 0.002756178 -0.2054561 -0.04452919 -0.00292927 -0.1994868 -0.04474461 -0.00295782 -0.1988848 -0.04575711 -0.009928584 -0.1903208 -0.04636168 -0.01203215 -0.1865823 -0.04685842 -0.01587724 -0.1811998 -0.04723227 -0.0166105 -0.1792025 -0.04790639 -0.02120071 -0.1715814 -0.048065 -0.0207535 -0.1715657 -0.04865157 -0.02475082 -0.1640743 -0.04897218 -0.02495932 -0.1625007 -0.0489822 -0.02625393 -0.1605349 -0.0497117 -0.02810579 -0.1544305 -0.04984301 -0.02992343 -0.1506036 -0.05040556 -0.03077805 -0.1461879 -0.05073726 -0.03327453 -0.1388974 -0.05121105 -0.03345364 -0.1356024 -0.05115771 -0.03463792 -0.132737 -0.04183501 0.01663076 -0.2176927 -0.0405699 0.02180331 -0.2232943 -0.04177594 0.01527512 -0.2175442 -0.04181295 0.01371538 -0.2166612 -0.04279035 0.008840322 -0.2116822 -0.0431956 0.005056917 -0.2084097 -0.0436716 0.002163231 -0.2053393 -0.05250108 -0.0353738 -0.1176762 -0.05233979 -0.03510349 -0.1204219 -0.05219882 -0.0348342 -0.1227444 -0.052401 -0.03521102 -0.1193921 -0.05185532 -0.03406423 -0.1281367 -0.05147653 -0.03305435 -0.1337021 -0.0513525 -0.03269153 -0.1354495 -0.05055111 -0.03002959 -0.1459809 -0.04986083 -0.02737104 -0.1541815 -0.04912501 -0.02424055 -0.1622107 -0.04822248 -0.020056 -0.1712297 -0.04739391 -0.01593393 -0.1788278 -0.04652774 -0.01137864 -0.1861705 -0.04491877 -0.002349972 -0.1984111 -0.04395991 0.003335416 -0.2049494 -0.04297435 0.009389042 -0.2111444 -0.041965 0.01579171 -0.2169771 -0.05200994 0.04367089 -0.108889 -0.05253088 0.04281675 -0.1089452 -0.05274194 0.04182571 -0.1089893 -0.04497772 0.05047571 -0.07667058 -0.04411858 0.05123752 -0.1082211 -0.04208552 0.05337876 -0.1221128 -0.04344081 0.05166321 -0.1222368 -0.04277694 0.05288481 -0.1081246 -0.04223752 0.05514848 -0.108043 -0.04159343 0.0555495 -0.1220208 -0.04299998 0.05417257 -0.05208051 -0.04299998 0.06195813 -0.06899988 -0.04299998 0.05417269 -0.05209279 -0.04333347 0.05230486 -0.04495829 -0.04333978 0.05236107 -0.0521121 -0.04344892 0.05201888 -0.04383909 -0.04434543 0.0507605 -0.05212908 -0.04432064 0.05065459 -0.03841173 -0.04395967 0.05083906 -0.0371775 -0.04380512 0.05097323 -0.03743952 -0.0437839 0.05099153 -0.03747421 -0.04305982 0.05157679 -0.03847521 -0.04333353 0.05136746 -0.03813868 -0.04362118 0.05113065 -0.03773039 -0.04362392 0.05112832 -0.03772634 -0.04176157 0.05226892 -0.03954231 -0.04242777 0.05198115 -0.03908741 -0.04278582 0.05176663 -0.03876614 -0.04161471 0.05232352 -0.03965294 -0.04158711 0.05162793 -0.03717213 -0.04159075 0.05136519 -0.03454291 0.04968094 0.05074882 -0.03461861 0.03235971 0.05193442 -0.03447294 0.01501089 0.05261898 -0.034388 -0.00235027 0.0528019 -0.03436523 -0.01970946 0.05248314 -0.03440481 0.04967677 0.05101197 -0.03724783 0.04985445 0.05164533 -0.03960222 0.04970967 0.05170273 -0.03971594 0.05119764 0.05218678 -0.04680758 0.05134016 0.05182081 -0.052145 0.05099993 0.05363523 -0.05229169 0.05180597 0.05080521 -0.04142302 0.05208504 0.05040276 -0.03983318 0.05234944 0.05021703 -0.05216211 0.05274814 0.04969018 -0.03701663 0.05150753 0.05135232 -0.04357123 0.05106103 0.05099046 -0.03856724 0.05083066 0.05114936 -0.038818 0.05035626 0.05142843 -0.03924953 0.05159163 0.05057841 -0.03786998 0.05130755 0.05080586 -0.03826493 0.05130004 0.0508117 -0.03827464 0.05191785 0.05030512 -0.03735494 0.05260235 0.04975664 -0.03628504 0.05099993 0.06131356 -0.06899988 0.04963505 0.0858066 -0.1212297 0.04963493 0.0942443 -0.1212326 0.05006754 0.0874105 -0.1121739 0.04935485 0.06208127 -0.1263364 0.04959154 0.07798445 -0.1220554 0.05057632 0.07779961 -0.09810352 0.04949724 0.06980633 -0.1238007 0.05089485 0.06899148 -0.08349782 0.05522614 0.06612533 -0.1351112 0.05193668 0.06533449 -0.132841 0.04987853 0.06412518 -0.1295393 0.04991453 0.06578367 -0.1289369 0.05001968 0.07173889 -0.1271339 0.05009287 0.07782781 -0.1258416 0.05014812 0.09154504 -0.1248409 0.05014085 0.085321 -0.124974 0.04996114 0.09781467 -0.1246975 0.04967504 0.0960381 -0.1229786 0.05232238 0.09737986 -0.1288821 0.05051302 0.09765613 -0.1262074 0.05012643 0.09775787 -0.1252361 0.05544078 0.07876962 -0.1316859 0.05536752 0.0731514 -0.1328827 0.05526214 0.06765592 -0.134553 0.05548888 0.08568316 -0.1308826 0.05628263 0.09712737 -0.1314488 0.05549615 0.09142547 -0.1307594 0.05562394 0.09715127 -0.1311913 0.05197268 0.06691563 -0.1322659 0.05207782 0.07259267 -0.1305449 0.05215084 0.07839703 -0.1293115 0.05219894 0.08553987 -0.1284834 0.05220633 0.09147274 -0.1283564 0.05547434 0.09715747 -0.1311252 0.04989755 0.1042349 -0.1297297 0.04914993 0.104619 -0.1295272 0.04839777 0.1054004 -0.1301294 0.04831314 0.1048319 -0.1294824 0.05307185 0.09818154 -0.12973 0.05408638 0.1004202 -0.131045 0.05626463 0.09820866 -0.1315833 0.05041807 0.1001747 -0.1270233 0.05144268 0.1001649 -0.1286351 0.05192917 0.102261 -0.1302474 0.05746525 0.1010226 -0.1324044 0.05505704 0.1063612 -0.1334316 0.05498307 0.1043318 -0.1327455 0.05081218 0.09834319 -0.12695 0.05005896 0.09862118 -0.1252612 0.05004978 0.09852683 -0.1251936 0.04996174 0.09781873 -0.1247003 0.05070316 0.1020396 -0.1287996 0.05010825 0.1019839 -0.1278633 0.05012893 0.1015295 -0.1274964 0.05014014 0.101149 -0.1271916 0.05014044 0.1011356 -0.1271809 0.05014395 0.1002324 -0.1264701 0.05005413 0.1027808 -0.1285153 0.04993587 0.1039363 -0.1294778 0.05219078 0.1048442 -0.1319004 0.05207794 0.1032683 -0.1309313 0.05479753 0.1030504 -0.1322499 0.04860317 0.1089158 -0.1331359 0.03517776 0.04774397 -0.2507748 0.03535723 0.04947757 -0.2518264 0.0334149 0.04813301 -0.2511092 0.03372967 0.04811209 -0.2510824 0.0334962 0.04966616 -0.2520478 -0.018 0.04983651 -0.2526706 -0.01242959 0.04987323 -0.2528026 0.009910285 0.04988545 -0.2528464 -0.02519226 0.04618334 -0.2507432 -0.02749598 0.04580771 -0.2502623 -0.02710831 0.04591023 -0.2503935 -0.02623051 0.04608458 -0.2506165 -0.02611666 0.04610121 -0.2506377 -0.02820271 0.0449866 -0.2497542 -0.02768576 0.04575192 -0.2501909 -0.02858775 0.04543834 -0.2497894 -0.02923917 0.04217821 -0.2480704 -0.03034627 0.04310125 -0.2478704 -0.0303682 0.04459667 -0.2487121 -0.03151589 0.04391169 -0.2478356 -0.02795571 0.03942579 -0.2481626 -0.02864259 0.03922021 -0.2473715 -0.02889674 0.03901493 -0.2470349 -0.02949833 0.03725385 -0.2457103 -0.02936387 0.03818494 -0.2462212 -0.02916258 0.03866183 -0.2466243 -0.02915406 0.03488767 -0.2452078 -0.0295 0.03712064 -0.2456588 -0.02888607 0.03404754 -0.2451805 -0.03327566 0.0285356 -0.2376371 -0.03395217 0.02154439 -0.2336217 -0.0325703 0.03181177 -0.2398412 -0.03540062 0.02782356 -0.2344315 -0.03787493 0.02498781 -0.2295203 -0.0442084 -0.03149384 -0.1665989 -0.03894472 -0.003704845 -0.2099975 -0.04258978 -0.02394419 -0.1820802 -0.0408194 -0.01464253 -0.1966167 -0.03701812 0.008725047 -0.2220269 -0.03922855 0.02333515 -0.2264678 -0.0456351 -0.0372039 -0.150394 -0.04683822 -0.04101562 -0.1336938 -0.04209065 0.02374958 -0.2220295 -0.04195863 0.02440845 -0.2228726 -0.04124635 0.02327787 -0.2230087 -0.04201251 0.01821631 -0.2172825 -0.04232698 0.02208358 -0.2198969 -0.04245311 0.01976329 -0.2169271 -0.04290318 0.01524013 -0.2111374 -0.04293537 0.01508706 -0.2109418 -0.05199295 0.03241896 -0.1269669 -0.05177783 0.02974402 -0.1310985 -0.05222463 0.03452205 -0.1225176 -0.05246877 0.0360161 -0.1178294 -0.05141198 0.02287656 -0.1381244 -0.05126774 0.01880514 -0.1408948 -0.05158305 0.02654439 -0.1348397 -0.05100148 0 -0.146008 -0.05101847 -0.004915773 -0.1456812 -0.05141198 -0.0228765 -0.1381244 -0.05158305 -0.02654445 -0.1348397 -0.05126774 -0.01880514 -0.1408948 -0.05115282 -0.01440203 -0.1431019 -0.05199295 -0.0324189 -0.1269669 -0.05222463 -0.03452199 -0.1225176 -0.05177783 -0.02974402 -0.1310985 -0.04704833 -0.009824752 -0.1822405 -0.04701435 0 -0.1828935 -0.05106925 -0.009744822 -0.1447068 -0.05101847 0.004915773 -0.1456812 -0.04976207 0.02001816 -0.1569456 -0.05115282 0.01440203 -0.1431019 -0.04529488 0.01391959 -0.1950729 -0.04704833 0.009824812 -0.1822405 -0.04633462 0.01456683 -0.1873276 -0.04727995 0.01599162 -0.179745 -0.04417258 0.01407319 -0.2028813 -0.04958802 0.0193687 -0.1587888 -0.04937613 0.01883614 -0.1609364 -0.05106925 0.009744882 -0.1447068 -0.04892945 0.0184347 -0.1651939 -0.0483002 0.01805084 -0.170888 -0.04766529 0.01686 -0.1764693 -0.05067455 0.02794885 -0.1452751 -0.05063009 0.0273804 -0.1459517 -0.05011248 0.0221526 -0.1529262 -0.05272102 0.03687489 -0.1129846 -0.0520668 0.04222011 -0.1203763 -0.05102169 0.03375923 -0.1391129 -0.05122274 0.04014068 -0.1336184 -0.05126029 0.04264611 -0.1317536 -0.05089342 0.04429239 -0.1269546 -0.05112361 0.04390484 -0.128007 -0.05125868 0.04349213 -0.1291765 -0.05130231 0.04306882 -0.1304341 -0.04741042 0.04809594 -0.1243379 -0.04315173 0.05238437 -0.1249824 -0.04314714 0.05242264 -0.1250711 -0.04195582 0.05390173 -0.1243528 -0.04159843 0.05494034 -0.1238746 -0.04151606 0.05587279 -0.1234583 -0.05084419 0.0618292 -0.1322735 -0.05011457 0.06134092 -0.1323858 -0.04811781 0.06114321 -0.1319398 -0.04768121 0.0594241 -0.1322367 -0.0419588 0.05476254 -0.1258456 -0.04337882 0.05385011 -0.1276739 -0.0422604 0.05567508 -0.1272633 -0.04280799 0.05670732 -0.128527 -0.04458755 0.056041 -0.1302334 -0.04419839 0.05546182 -0.1296723 -0.04391324 0.05498677 -0.1291556 -0.04403543 0.05930817 -0.1297304 -0.04445439 0.05956453 -0.1301002 -0.04332059 0.0587027 -0.1290163 -0.04283022 0.05840069 -0.1283067 -0.04196524 0.05660438 -0.1267811 -0.04202383 0.05750662 -0.1267462 -0.04176801 0.05708408 -0.1259527 -0.04676049 0.0606656 -0.1314847 -0.04559463 0.05962806 -0.1311069 -0.04458862 0.05900734 -0.1304438 -0.04357308 0.05780792 -0.1295809 -0.04577827 0.05752837 -0.1313706 -0.0465961 0.05839753 -0.1318484 -0.04708969 0.06079101 -0.1316154 -0.04297924 0.06525242 -0.07544201 -0.04180735 0.07306206 -0.1178252 -0.04178285 0.07084101 -0.1183231 -0.04279875 0.07288205 -0.08906078 -0.04277187 0.07365822 -0.09035837 -0.04188507 0.0829305 -0.1162084 -0.0424441 0.08125585 -0.1023394 -0.04191541 0.09060651 -0.1155622 -0.04167824 0.06362301 -0.1203976 -0.04337108 0.1004971 -0.1237061 -0.04373258 0.1007543 -0.1240624 -0.04410153 0.1005072 -0.1238639 -0.04230284 0.09900009 -0.121812 -0.04184544 0.09924387 -0.1219861 -0.04219925 0.09956395 -0.1224233 -0.0426988 0.09871894 -0.1217127 -0.0428875 0.09855842 -0.1216849 -0.04682397 0.101233 -0.1254835 -0.04712796 0.1007835 -0.1254205 -0.04545277 0.09882861 -0.1236947 -0.04857999 0.1030682 -0.1274826 -0.0489118 0.1026884 -0.1272728 -0.04853564 0.1023007 -0.126872 -0.04778414 0.1030768 -0.1273446 -0.04829835 0.1033259 -0.1277039 -0.04925036 0.1037726 -0.1283513 -0.05073666 0.1044464 -0.1293326 -0.04593813 0.1021165 -0.1259723 -0.04642051 0.1023792 -0.1263457 -0.04610192 0.1019892 -0.1258531 -0.04647022 0.1016488 -0.1256326 -0.04509747 0.1016324 -0.1252889 -0.04510349 0.101636 -0.1252939 -0.04449844 0.1001639 -0.1237061 -0.04486256 0.09976297 -0.1236234 -0.0435149 0.09785646 -0.1217161 -0.04519152 0.09930258 -0.1236196 -0.04376369 0.09746366 -0.1218125 -0.04401117 0.09692168 -0.1220195 -0.04258823 0.09634292 -0.1200668 -0.04303956 0.09543883 -0.1205039 -0.04176974 0.09718054 -0.1198712 -0.04017609 0.09281277 -0.1138255 -0.03910958 0.09300535 -0.1136313 -0.03921335 0.09467858 -0.1158615 -0.04073327 0.09774714 -0.1199917 -0.04016911 0.09612208 -0.1179093 -0.04121482 0.09556579 -0.1179925 -0.03999012 0.09446555 -0.1158418 -0.04100751 0.09391814 -0.116116 -0.04199242 0.09474647 -0.1183582 -0.04171276 0.09311109 -0.1166269 -0.04199045 0.09224128 -0.1172421 -0.04236674 0.0938639 -0.1188998 -0.04013264 0.09711372 -0.1191134 -0.0411334 0.09227317 -0.114275 -0.04174381 0.0914725 -0.1149044 -0.04260057 0.07454103 -0.08982199 -0.0427705 0.06848102 -0.07930839 -0.04282957 0.06285047 -0.06855571 -0.04199707 0.08724892 -0.1091405 -0.04117977 0.06442743 -0.06777077 -0.04019623 0.06463801 -0.06766593 -0.04120457 0.0699833 -0.07846593 -0.04013782 0.07021707 -0.07832598 -0.0410344 0.07600045 -0.08890789 -0.03996771 0.07622319 -0.08875072 -0.04042983 0.08861875 -0.1080985 -0.03936326 0.08881878 -0.1079123 -0.04218959 0.06379401 -0.06808608 -0.0421614 0.06937152 -0.07881247 -0.04199129 0.0754078 -0.08928608 -0.04138702 0.08806604 -0.1085322 -0.04117977 0.05671244 -0.0510047 -0.04019623 0.05692905 -0.05091291 -0.04218959 0.05606091 -0.05128073 -0.04282957 0.05509042 -0.05169171 -0.04216259 0.05228197 -0.03980159 -0.04189866 0.05376958 -0.04414701 -0.04138171 0.05393749 -0.04400038 -0.04084461 0.05400955 -0.04388964 -0.04407888 0.05081611 -0.03758871 -0.04100275 0.05565047 -0.04822552 -0.04043197 0.05575352 -0.04814898 -0.04035854 0.05530476 -0.04703009 -0.04063659 0.05427992 -0.04452991 -0.04315078 0.05191582 -0.04021042 -0.04356473 0.05159533 -0.04044783 -0.04268383 0.05214428 -0.03999531 -0.04237526 0.05350691 -0.04432594 -0.04277801 0.05316799 -0.04452443 -0.04310804 0.05275124 -0.04474329 -0.04270148 0.05439496 -0.04884773 -0.04293084 0.05391323 -0.04906171 -0.04238384 0.05481678 -0.0486536 -0.04197728 0.05518037 -0.04847842 -0.04151052 0.05546009 -0.04833453 -0.01970762 0.05274522 -0.03703409 -0.01856267 0.05348664 -0.03953379 -0.002350032 0.0530638 -0.03699463 0.004461228 0.05375862 -0.03950601 0.01500952 0.05288094 -0.03701734 0.02753829 0.05313992 -0.03956943 0.03235679 0.0521968 -0.03710204 0.05140274 0.05087172 -0.0387957 0.04839164 0.05479389 -0.04731792 0.04918855 0.05617165 -0.05121761 0.04823547 0.05638921 -0.0511254 0.04892444 0.0545243 -0.04687571 0.05013227 0.05191212 -0.04055398 0.04953116 0.05196839 -0.04037868 0.04944545 0.05279457 -0.04259091 0.04858344 0.0540266 -0.04545724 0.04886913 0.05322885 -0.04350304 0.04905134 0.05282372 -0.04250311 0.05124515 0.05177485 -0.04334992 0.05109202 0.05152094 -0.04095458 0.05088138 0.05215841 -0.04312479 0.05045938 0.05245429 -0.04292398 0.04997253 0.05267083 -0.04274249 0.04978448 0.05585592 -0.05135118 0.04944407 0.05437237 -0.04698634 0.05019384 0.05551946 -0.05149382 0.04992944 0.05412858 -0.04713171 0.05054467 0.05509841 -0.05167204 0.05035448 0.05380296 -0.04730534 0.05083048 0.0545507 -0.05190402 0.05069833 0.05341458 -0.04749733 0.05095058 0.05413448 -0.05208033 0.05096554 0.0529536 -0.04771244 0.04823547 0.0639922 -0.06766968 0.04918855 0.0637806 -0.06777477 0.05019384 0.06314623 -0.06808978 0.05083048 0.06220394 -0.06855767 0.05077177 0.06807065 -0.07979649 0.05059498 0.07419288 -0.09039092 0.05031335 0.080742 -0.1007229 0.04993516 0.08771538 -0.1107887 0.04946994 0.09509128 -0.1205576 0.04792565 0.09640657 -0.1194422 0.04686784 0.09660112 -0.1192339 0.04839187 0.08908188 -0.1097355 0.04733395 0.08928948 -0.1095405 0.04877078 0.08215755 -0.09973537 0.04771274 0.08237785 -0.09955531 0.04905283 0.07565462 -0.08947259 0.04799473 0.07588696 -0.08930867 0.04922986 0.06957578 -0.07895028 0.04817175 0.06981939 -0.07880419 0.04887056 0.0958752 -0.1199096 0.04933643 0.08852773 -0.1101761 0.04971516 0.08158135 -0.1001475 0.04999703 0.0750578 -0.08985441 0.05017405 0.06895959 -0.07930028 0.04767233 0.09817934 -0.1214931 0.04713428 0.09945476 -0.1228609 0.04729914 0.1000365 -0.1236002 0.04771524 0.0999366 -0.1235768 0.04863625 0.099523 -0.123677 0.04877406 0.09943276 -0.1237142 0.04868686 0.09766 -0.1218007 0.04956054 0.09867417 -0.124119 0.04939275 0.09688347 -0.1223415 0.04961407 0.09859716 -0.1241665 0.04843264 0.10226 -0.126535 0.04940503 0.1018127 -0.1267483 0.03774243 0.1095106 -0.1328013 0.03753823 0.1057376 -0.1293804 0.02985644 0.1142281 -0.1349399 0.005883395 0.1148685 -0.1347291 0.009945213 0.1106692 -0.1325204 0.009890556 0.1069691 -0.1291749 -0.01778125 0.1067628 -0.1292076 -0.01787894 0.1104601 -0.1325553 -0.018 0.1146515 -0.1347996 0.01000392 0.05598115 -0.2568209 -0.018 0.05603724 -0.256724 -0.018 0.06067627 -0.2591727 0.01000392 0.06620734 -0.2616482 -0.018 0.06624656 -0.2615434 -0.018 0.07121902 -0.2631863 0.01000392 0.07709252 -0.2647127 -0.018 0.0771138 -0.2646027 -0.018 0.08228105 -0.2653973 0.01000392 0.08833515 -0.2659295 -0.018 0.08833795 -0.2658175 -0.018 0.09355652 -0.2657446 0.01000392 0.09962391 -0.2652648 -0.018 0.099608 -0.265154 -0.018 0.1047337 -0.2642185 0.01000392 0.1106461 -0.2627372 -0.018 0.1106121 -0.2626306 -0.018 0.1155035 -0.2608613 0.01000392 0.1210966 -0.2584167 -0.018 0.1210453 -0.2583171 -0.018 0.125568 -0.2557658 0.01000392 0.1306857 -0.2524228 -0.018 0.1306186 -0.2523331 -0.018 0.1346489 -0.2490729 0.01000392 0.139148 -0.2449217 -0.018 0.139067 -0.2448443 -0.018 0.1424952 -0.2409677 0.01000392 0.1462492 -0.236121 -0.018 0.1461564 -0.2360581 -0.018 0.1488898 -0.2316743 0.01000392 0.1517924 -0.2262644 -0.018 0.1516905 -0.2262178 -0.018 0.153656 -0.2214497 0.01000392 0.1556242 -0.2156251 -0.018 0.155516 -0.215596 -0.018 0.1566618 -0.2105767 0.01000392 0.1576384 -0.2044976 -0.018 0.157527 -0.2044869 -0.018 0.1578243 -0.1993558 0.01000392 0.1577794 -0.1931902 -0.018 0.1576677 -0.1931981 -0.018 0.1571112 -0.1880976 0.01000392 0.1560431 -0.1820159 -0.018 0.1559343 -0.1820423 -0.018 0.1545424 -0.1771131 0.01000392 0.1524776 -0.1712844 -0.018 0.1523748 -0.1713284 -0.018 0.1501887 -0.1667062 0.01000392 0.1471818 -0.1612928 -0.018 0.1470876 -0.1613533 -0.018 0.1441705 -0.1571646 0.01000392 0.1403023 -0.1523178 -0.018 0.1402194 -0.1523931 -0.018 0.1366545 -0.1487522 0.01000392 0.1320295 -0.144608 -0.018 0.1225391 -0.1384753 0.01000392 0.1225928 -0.138377 -0.018 0.1278483 -0.1417018 -0.018 0.1319603 -0.144696 -0.0252794 0.04980051 -0.2524221 -0.02521955 0.04768455 -0.2512287 -0.0278179 0.04674971 -0.250537 -0.03007048 0.04659557 -0.2499544 -0.02707785 0.04885172 -0.2516963 -0.02803236 0.04943645 -0.2520358 -0.02864444 0.04806703 -0.2510695 -0.02931499 0.04900413 -0.2516485 -0.03064638 0.04834806 -0.2510739 -0.0314933 0.04780143 -0.2505952 -0.03300976 0.04650461 -0.2494413 -0.03410488 0.04523015 -0.2482685 -0.02893775 0.04543876 -0.2496702 -0.02661114 0.04743057 -0.2510147 -0.03225654 0.04078787 -0.2453406 -0.03323221 0.04139572 -0.2453044 -0.03596049 0.04260623 -0.2456755 -0.03081446 0.0396738 -0.2456023 -0.03171801 0.04040515 -0.2454062 -0.04213166 0.02991878 -0.229026 -0.04307305 0.03048056 -0.2291853 -0.03856784 0.03557205 -0.2376724 -0.04549133 0.03143429 -0.2298431 -0.04285687 0.0339784 -0.2344475 -0.04086697 0.02895659 -0.2289175 -0.03909689 0.02704596 -0.229052 -0.03772813 0.03049665 -0.233317 -0.03558433 0.03344303 -0.2375686 -0.04060012 0.03641659 -0.2381746 -0.03939342 0.03786706 -0.2401504 -0.03989809 0.02801406 -0.2289387 -0.04092359 0.02616286 -0.2259646 -0.04362547 0.02859562 -0.2260915 -0.04510229 0.02739876 -0.2230519 -0.04635268 0.02808898 -0.2233179 -0.04699474 0.03006643 -0.2269498 -0.04848331 0.02882134 -0.2239445 -0.04388463 0.02649933 -0.2228815 -0.04888039 0.02728593 -0.2200815 -0.05029469 0.02715963 -0.2191919 -0.0461831 0.02611267 -0.2196853 -0.04388391 0.02423632 -0.21964 -0.05093193 0.02637028 -0.2165141 -0.04819369 0.02565199 -0.2162547 -0.04750126 0.02533513 -0.2162267 -0.0436204 0.02198034 -0.2165075 -0.04435622 0.02291589 -0.2163711 -0.04563999 0.02413958 -0.2162466 -0.04339307 0.01823455 -0.2109114 -0.04438161 0.0174607 -0.20476 -0.04518777 0.01721554 -0.1995003 -0.04765933 0.01767277 -0.1767037 -0.04815465 0.02033221 -0.17753 -0.04765617 0.01923912 -0.1816396 -0.04950308 0.02332276 -0.2049486 -0.05228668 0.02477645 -0.2091044 -0.04851973 0.02408832 -0.2106312 -0.05350738 0.02405619 -0.2019702 -0.05030566 0.02305471 -0.2000829 -0.05374038 0.02400535 -0.2005533 -0.05276703 0.02480477 -0.1835188 -0.0532099 0.02578574 -0.1796906 -0.05376642 0.02601265 -0.1798204 -0.04943913 0.0227738 -0.1783843 -0.0500977 0.0235691 -0.1786903 -0.04962486 0.02254724 -0.182627 -0.05155014 0.0248422 -0.1792261 -0.04693859 0.01813411 -0.1871594 -0.04537647 0.02166295 -0.2105851 -0.04609078 0.01741307 -0.1933102 -0.04890924 0.02150416 -0.1879036 -0.04806405 0.02083051 -0.1937811 -0.05205082 0.0238164 -0.1886442 -0.04636102 0.02090662 -0.204715 -0.04716414 0.02065807 -0.1996935 -0.05120539 0.02319145 -0.1943491 -0.05473345 0.02414369 -0.1942806 -0.05588245 0.02515274 -0.1864764 -0.05671668 0.02662461 -0.1803379 -0.05719065 0.02795165 -0.1743309 -0.05399221 0.02725332 -0.1728121 -0.05765861 0.02853542 -0.1681983 -0.04884636 0.02162963 -0.1714493 -0.05084288 0.02496683 -0.1721395 -0.04953211 0.02204787 -0.165244 -0.05158185 0.0254175 -0.1654527 -0.05476826 0.02772665 -0.1657899 -0.05781489 0.02856206 -0.1661182 -0.05001705 0.02263224 -0.1598179 -0.05052119 0.02515524 -0.1549819 -0.05886197 0.03026163 -0.1599971 -0.05838012 0.02898842 -0.1629917 -0.05495792 0.02818536 -0.1619752 -0.0518921 0.0259028 -0.1609887 -0.05239182 0.02796596 -0.1570273 -0.05545794 0.02990531 -0.1585831 -0.05895286 0.0306586 -0.1593749 -0.05080872 0.02782416 -0.1512323 -0.05106252 0.03071868 -0.1476516 -0.0526719 0.03054058 -0.153427 -0.05292242 0.03332185 -0.1499822 -0.05574107 0.0324192 -0.1550756 -0.05599009 0.03512698 -0.1517135 -0.05924403 0.03315305 -0.1558888 -0.05949354 0.03583842 -0.1525446 -0.05870437 0.04871881 -0.1403609 -0.06005698 0.04885691 -0.1405746 -0.05987304 0.0419774 -0.1461609 -0.05143833 0.03733962 -0.1407547 -0.05162525 0.0447731 -0.1347344 -0.05654358 0.04824566 -0.1396663 -0.05636006 0.04131436 -0.145288 -0.05448865 0.04741984 -0.13848 -0.05328905 0.03967779 -0.1433762 -0.05347359 0.04680347 -0.1376025 -0.0528928 0.04634934 -0.1369584 -0.05544388 0.05219382 -0.1368956 -0.05668485 0.05126124 -0.1379273 -0.05471736 0.05011731 -0.1372321 -0.05071228 0.04610228 -0.1316796 -0.05028295 0.04627096 -0.1307621 -0.05060869 0.04775553 -0.1326198 -0.05965507 0.05173254 -0.138564 -0.05874812 0.05212438 -0.1381581 -0.05855238 0.05416119 -0.1369248 -0.05944693 0.0523532 -0.1381406 -0.05112779 0.04586619 -0.1327589 -0.05150485 0.04553842 -0.1339479 -0.05181366 0.04729825 -0.1345315 -0.05303889 0.04875868 -0.1360723 -0.05141776 0.04946714 -0.1342091 -0.05265712 0.05125898 -0.1353727 -0.05419856 0.05297064 -0.1360286 -0.05744254 0.05562305 -0.1359545 -0.05313718 0.05988603 -0.1333343 -0.05054032 0.05655688 -0.1336754 -0.04911679 0.05474579 -0.1330199 -0.04796582 0.05290973 -0.1318345 -0.0472061 0.05121588 -0.1302025 -0.04688793 0.04980683 -0.1282856 -0.04230821 0.07381069 -0.1213846 -0.04219126 0.06539672 -0.123655 -0.04418939 0.06645679 -0.1269524 -0.04738461 0.06716471 -0.12925 -0.05096435 0.06740665 -0.1301628 -0.04430454 0.07450878 -0.1247783 -0.04749858 0.0749756 -0.1271382 -0.05107814 0.07513582 -0.1280698 -0.0444265 0.09691852 -0.1225201 -0.04440081 0.08565288 -0.1230526 -0.04240322 0.08531367 -0.1196152 -0.04758983 0.08587992 -0.12544 -0.04761523 0.09690397 -0.1249185 -0.05116289 0.08595824 -0.1263799 -0.05118829 0.09689885 -0.125862 -0.04719096 0.09690523 -0.1247042 -0.05105233 0.09974753 -0.1262846 -0.05089461 0.1024199 -0.1275412 -0.0471149 0.09890604 -0.1248638 0.02444249 0.059991 -0.05587273 -0.02223116 0.1066067 -0.1292485 -0.03909099 0.09512525 -0.1164339 0.02444249 0.0957275 -0.1159731 0.02444249 0.08226841 -0.09688699 0.02444249 0.07033216 -0.07681298 -0.03909099 0.05929851 -0.05618178 -0.03909099 0.06966578 -0.07717502 -0.03909099 0.08163213 -0.09729951 -0.06499987 0.1044196 -0.1313754 -0.06499987 0.1039472 -0.1308254 -0.05783736 0.1041421 -0.1299463 -0.04327124 0.1056866 -0.129901 -0.007333993 0.09607905 -0.1157043 -0.007333993 0.08263963 -0.09664618 -0.007333993 0.07072103 -0.07660168 -0.007333993 0.06039506 -0.05569231 -0.0416131 0.109386 -0.1331114 -0.06499987 0.1081964 -0.1347689 -0.06499987 0.1061993 -0.1331932 -0.06499987 0.1117054 -0.1367001 -0.04172497 0.1138035 -0.1354733 -0.06499987 0.1125835 -0.1370493 -0.06499987 0.02750688 -0.1801223 -0.06499987 0.02640199 -0.1845727 -0.06499987 0.02505618 -0.1952975 -0.06499987 0.02550631 -0.206097 -0.06499987 0.02773982 -0.2166727 -0.06499987 0.03169506 -0.226732 -0.06499987 0.03726255 -0.2359968 -0.04153001 0.04294085 -0.2455731 -0.04153001 0.03570789 -0.237117 -0.04153001 0.05147516 -0.2527138 -0.06499987 0.1168243 -0.1387931 -0.06499987 0.1262649 -0.144057 -0.04153001 0.1360206 -0.1494215 -0.06499987 0.1347028 -0.1508125 -0.04153001 0.1434345 -0.1577195 -0.06499987 0.1419044 -0.1588729 -0.04153001 0.1493708 -0.1671314 -0.06499987 0.1476706 -0.1680153 -0.04153001 0.1536653 -0.1773969 -0.06499987 0.1518422 -0.1779869 -0.04153001 0.1561993 -0.1882321 -0.06499987 0.1543036 -0.1885118 -0.04153001 0.1569027 -0.1993374 -0.06499987 0.1549869 -0.1992991 -0.04153001 0.1557561 -0.2104058 -0.06499987 0.1538731 -0.2100506 -0.04153001 0.152791 -0.2211311 -0.06499987 0.1509929 -0.2204687 -0.04153001 0.1480896 -0.2312167 -0.06499987 0.1464262 -0.2302655 -0.04153001 0.1417819 -0.2403838 -0.06499987 0.140299 -0.2391702 -0.04153001 0.1340422 -0.2483789 -0.06499987 0.132781 -0.2469363 -0.04153001 0.1250846 -0.2549809 -0.06499987 0.12408 -0.2533492 -0.04153001 0.1151569 -0.2600071 -0.06499987 0.1144365 -0.2582315 -0.04153001 0.1045335 -0.2633187 -0.06499987 0.1041173 -0.2614483 -0.04153001 0.09350818 -0.2648241 -0.06499987 0.0934078 -0.2629105 -0.04153001 0.08238601 -0.2644815 -0.06499987 0.08260399 -0.2625777 -0.04153001 0.07147413 -0.2623006 -0.06499987 0.07200461 -0.2604593 -0.04153001 0.06107473 -0.2583415 -0.06499987 0.06190299 -0.2566136 -0.06499987 0.05257833 -0.2511471 -0.06499987 0.04428845 -0.2442109 -0.04153001 0.1176151 -0.1370477 -0.04153001 0.127334 -0.1424668 -0.06499987 0.02945411 -0.165986 -0.06499987 0.0292645 -0.1706185 -0.06499987 0.0313 -0.1598 -0.06499987 0.02989482 -0.1628315 -0.06499987 0.03638094 -0.153 -0.06499987 0.07544612 -0.1295296 -0.06499987 0.06783598 -0.1316015 -0.06499987 0.05841898 -0.1355288 -0.06499987 0.0496729 -0.1407835 -0.06499987 0.04178357 -0.1472538 -0.05242687 0.09683728 -0.1259553 -0.06499987 0.09061348 -0.1275026 -0.0650357 0.09567999 -0.1273511 -0.06504875 0.09641903 -0.1273515 -0.06499987 0.08617317 -0.1278521 -0.05790179 0.1032949 -0.1290775 -0.06499987 0.1006711 -0.1283122 -0.05800437 0.1000592 -0.1271044 -0.06499987 0.1030279 -0.1298849 -0.06499987 0.1034083 -0.1302445 -0.06502944 0.09922748 -0.1277607 -0.06501555 0.09972393 -0.1279209 -0.06499987 0.1084528 -0.1299577 -0.06499987 0.1160025 -0.1324704 -0.06499987 0.04263126 -0.2502154 -0.06499987 0.04881674 -0.2552204 -0.06499987 0.08999985 -0.1275 -0.06499987 0.1594017 -0.1856046 -0.06499987 0.1575629 -0.1778631 -0.06499987 0.1476344 -0.2386018 -0.06499987 0.1518425 -0.2318487 -0.06499987 0.02797091 -0.2315058 -0.06499987 0.0321415 -0.2382821 -0.06499987 0.03704911 -0.2445451 -0.06499987 0.01966947 -0.1931144 -0.06499987 0.02885538 -0.162906 -0.06499987 0.03319931 -0.1562395 -0.06499987 0.03826677 -0.150105 -0.06499987 0.04399317 -0.1445806 -0.06499987 0.08764249 -0.1275394 -0.06499987 0.07971775 -0.1282538 -0.06499987 0.07192409 -0.1298566 -0.06499987 0.06436061 -0.1323275 -0.06499987 0.05712378 -0.1356349 -0.06499987 0.05030566 -0.1397367 -0.06499987 0.1363018 -0.1448362 -0.06499987 0.1300162 -0.1399573 -0.06499987 0.1232209 -0.1358178 -0.06499987 0.1548635 -0.1703782 -0.06499987 0.1513379 -0.163245 -0.06499987 0.147031 -0.1565547 -0.06499987 0.1419975 -0.1503922 -0.06499987 0.08582663 -0.2683763 -0.06499987 0.09378343 -0.2683983 -0.06499987 0.02066791 -0.1852205 -0.06499987 0.02254951 -0.1774893 -0.06499987 0.1552628 -0.2246646 -0.06499987 0.1578518 -0.2171407 -0.06499987 0.1595765 -0.209373 -0.06499987 0.1604149 -0.2014605 -0.06499987 0.1603564 -0.1935039 -0.06499987 0.1308656 -0.2554476 -0.06499987 0.1370788 -0.2504769 -0.06499987 0.1426922 -0.2448376 -0.06499987 0.05552679 -0.2594967 -0.06499987 0.06267595 -0.2629895 -0.06499987 0.07017314 -0.2656546 -0.06499987 0.07792299 -0.2674578 -0.06499987 0.01956689 -0.2010706 -0.06499987 0.02036148 -0.2089876 -0.06499987 0.0220431 -0.2167647 -0.06499987 0.02459043 -0.2243028 -0.06499987 0.02529031 -0.1700194 -0.06499987 0.101692 -0.2675236 -0.06499987 0.1094517 -0.2657633 -0.06499987 0.1169636 -0.2631399 -0.06499987 0.124132 -0.2596866 -0.06630349 0.08999985 -0.1256251 -0.06630349 0.1019123 -0.1266122 -0.06699985 0.09581005 -0.1257332 -0.06699985 0.101933 -0.1264888 -0.06699985 0.1067195 -0.1274542 -0.06630349 0.1134999 -0.1295466 -0.06699985 0.1135405 -0.1294282 -0.06699985 0.1225378 -0.1332116 -0.06630349 0.1244465 -0.1343482 -0.06699985 0.124506 -0.1342381 -0.06630349 0.1344535 -0.140886 -0.06699985 0.1345303 -0.1407873 -0.06699985 0.136602 -0.1424617 -0.06630349 0.1432477 -0.1489818 -0.06699985 0.1433398 -0.148897 -0.06699985 0.1481538 -0.154706 -0.06630349 0.1505897 -0.1584146 -0.06699985 0.1506944 -0.1583462 -0.06630349 0.1562788 -0.1689273 -0.06699985 0.1563934 -0.168877 -0.06630349 0.1621275 -0.1920233 -0.06699985 0.1613984 -0.1854105 -0.06630349 0.1601601 -0.180233 -0.06699985 0.1602814 -0.1802023 -0.06699985 0.1565705 -0.1692842 -0.06630349 0.1601601 -0.2157669 -0.06699985 0.1622522 -0.2039869 -0.06630349 0.1621275 -0.2039765 -0.06699985 0.1623772 -0.2022154 -0.06699985 0.1622522 -0.1920129 -0.06630349 0.1562788 -0.2270726 -0.06699985 0.1594541 -0.2187931 -0.06699985 0.1602814 -0.2157976 -0.06699985 0.1427344 -0.2477524 -0.06699985 0.1433398 -0.2471028 -0.06630349 0.1432477 -0.2470181 -0.06699985 0.1506944 -0.2376536 -0.06630349 0.1505897 -0.2375852 -0.06699985 0.1527867 -0.2342499 -0.06699985 0.1563934 -0.2271228 -0.06699985 0.1345303 -0.2552126 -0.06630349 0.1344535 -0.2551138 -0.06699985 0.1298393 -0.2585728 -0.06630349 0.1244465 -0.2616517 -0.06699985 0.124506 -0.2617618 -0.06699985 0.1147963 -0.2661276 -0.06630349 0.1134999 -0.2664533 -0.06699985 0.1135405 -0.2665717 -0.06630349 0.1019123 -0.2693876 -0.06699985 0.101933 -0.2695111 -0.06699985 0.09841662 -0.2700097 -0.06630349 0.08999985 -0.2703747 -0.06699985 0.08999985 -0.2704999 -0.06699985 0.0815832 -0.2700097 -0.06630349 0.07808744 -0.2693876 -0.06699985 0.07806676 -0.2695111 -0.06630349 0.06649982 -0.2664533 -0.06699985 0.06645923 -0.2665717 -0.06630349 0.04554641 -0.2551138 -0.06699985 0.05016058 -0.2585728 -0.06630349 0.05555337 -0.2616517 -0.06699985 0.05549383 -0.2617618 -0.06699985 0.06520348 -0.2661276 -0.06630349 0.02941018 -0.2375852 -0.06699985 0.03666001 -0.2471028 -0.06630349 0.0367521 -0.2470181 -0.06699985 0.03726541 -0.2477524 -0.06699985 0.04546958 -0.2552126 -0.06630349 0.02372103 -0.2270726 -0.06699985 0.02721315 -0.2342499 -0.06699985 0.02930539 -0.2376536 -0.06699985 0.01762264 -0.2022154 -0.06699985 0.01774764 -0.2039869 -0.06630349 0.01787233 -0.2039765 -0.06699985 0.01971846 -0.2157976 -0.06630349 0.01983976 -0.2157669 -0.06699985 0.02054578 -0.2187931 -0.06699985 0.02360641 -0.2271228 -0.06699985 0.01774764 -0.1920129 -0.06630349 0.01787233 -0.1920233 -0.06699985 0.01860141 -0.1854105 -0.06630349 0.01983976 -0.180233 -0.06699985 0.01971846 -0.1802023 -0.06699985 0.02342933 -0.1692842 -0.06630349 0.02372103 -0.1689273 -0.06699985 0.02360641 -0.168877 -0.06630349 0.02941018 -0.1584146 -0.06699985 0.02930539 -0.1583462 -0.06699985 0.03184604 -0.154706 -0.06630349 0.0367521 -0.1489818 -0.06699985 0.03666001 -0.148897 -0.06699985 0.0433979 -0.1424617 -0.06630349 0.04554641 -0.140886 -0.06699985 0.04546958 -0.1407873 -0.06630349 0.05555337 -0.1343482 -0.06699985 0.05549383 -0.1342381 -0.06699985 0.08999985 -0.1254999 -0.06699985 0.07806676 -0.1264888 -0.06630349 0.07808744 -0.1266122 -0.06699985 0.07328021 -0.1274542 -0.06630349 0.06649982 -0.1295466 -0.06699985 0.06645923 -0.1294282 -0.06699985 0.05746203 -0.1332116 -0.06511825 0.08999985 -0.1268219 -0.06511825 0.1017153 -0.1277927 -0.06511825 0.07828444 -0.1277927 -0.06511825 0.05612301 -0.1354007 -0.06511825 0.06688845 -0.1306786 -0.06511825 0.03763264 -0.1497924 -0.06511825 0.04628157 -0.1418305 -0.06511825 0.02481704 -0.1694081 -0.06511825 0.03041213 -0.1590693 -0.06511825 0.01906508 -0.1921221 -0.06511825 0.02100002 -0.1805268 -0.06511825 0.02100002 -0.2154731 -0.06511825 0.01906508 -0.2038777 -0.06511825 0.03763264 -0.2462074 -0.06511825 0.03041213 -0.2369306 -0.06511825 0.02481704 -0.2265918 -0.06511825 0.05612301 -0.2605991 -0.06511825 0.04628157 -0.2541694 -0.06511825 0.07828444 -0.2682072 -0.06511825 0.06688845 -0.2653213 -0.06511825 0.1017153 -0.2682072 -0.06511825 0.08999985 -0.2691779 -0.06511825 0.1238768 -0.2605991 -0.06511825 0.1131113 -0.2653213 -0.06511825 0.1423672 -0.2462074 -0.06511825 0.1337183 -0.2541694 -0.06511825 0.1551828 -0.2265918 -0.06511825 0.1495877 -0.2369306 -0.06511825 0.1609348 -0.1921221 -0.06511825 0.1609348 -0.2038777 -0.06511825 0.1589998 -0.2154731 -0.06511825 0.1551828 -0.1694081 -0.06511825 0.1589998 -0.1805268 -0.06511825 0.1423672 -0.1497924 -0.06511825 0.1495877 -0.1590693 -0.06511825 0.1238768 -0.1354007 -0.06511825 0.1337183 -0.1418305 -0.06511825 0.1131113 -0.1306786 -0.06557881 0.08999985 -0.1260926 -0.06557881 0.1018354 -0.1270734 -0.06557881 0.1133481 -0.1299888 -0.06557881 0.124224 -0.1347594 -0.06557881 0.1341662 -0.141255 -0.06557881 0.1429038 -0.1492985 -0.06557881 0.1501982 -0.1586704 -0.06557881 0.1558506 -0.1691151 -0.06557881 0.1597068 -0.1803478 -0.06557881 0.1616615 -0.1920619 -0.06557881 0.1616615 -0.2039379 -0.06557881 0.1597068 -0.2156521 -0.06557881 0.1558506 -0.2268848 -0.06557881 0.1501982 -0.2373295 -0.06557881 0.1429038 -0.2467014 -0.06557881 0.1341662 -0.2547449 -0.06557881 0.124224 -0.2612405 -0.06557881 0.1133481 -0.266011 -0.06557881 0.1018354 -0.2689265 -0.06557881 0.08999985 -0.2699072 -0.06557881 0.07816439 -0.2689265 -0.06557881 0.0666517 -0.266011 -0.06557881 0.05577588 -0.2612405 -0.06557881 0.04583364 -0.2547449 -0.06557881 0.03709608 -0.2467014 -0.06557881 0.0298016 -0.2373295 -0.06557881 0.02414917 -0.2268848 -0.06557881 0.02029305 -0.2156521 -0.06557881 0.01833832 -0.2039379 -0.06557881 0.01833832 -0.1920619 -0.06557881 0.02029305 -0.1803478 -0.06557881 0.02414917 -0.1691151 -0.06557881 0.0298016 -0.1586704 -0.06557881 0.03709608 -0.1492985 -0.06557881 0.04583364 -0.141255 -0.06557881 0.05577588 -0.1347594 -0.06557881 0.0666517 -0.1299888 -0.06557881 0.07816439 -0.1270734 -0.04899996 0.08999985 -0.1729999 -0.04899996 0.09956693 -0.1749029 -0.04899996 0.08999985 -0.1979999 -0.04899996 0.06690293 -0.1884328 -0.04899996 0.07232224 -0.1803223 -0.04899996 0.08043283 -0.1749029 -0.04899996 0.07232224 -0.2156776 -0.04899996 0.06690293 -0.2075669 -0.04899996 0.06499993 -0.1979999 -0.04899996 0.09956693 -0.2210969 -0.04899996 0.08999985 -0.2229999 -0.04899996 0.08043283 -0.2210969 -0.04899996 0.1149998 -0.1979999 -0.04899996 0.1130968 -0.2075669 -0.04899996 0.1076775 -0.2156776 -0.04899996 0.1076775 -0.1803223 -0.04899996 0.1130968 -0.1884328 -0.06799989 0.1067195 -0.1274542 -0.06799989 0.08999985 -0.1254999 -0.06799989 0.1225378 -0.1332116 -0.06799989 0.136602 -0.1424617 -0.06799989 0.1481538 -0.154706 -0.06799989 0.1565705 -0.1692842 -0.06799989 0.1613984 -0.1854105 -0.06799989 0.1623772 -0.2022154 -0.06799989 0.1527867 -0.2342499 -0.06799989 0.1594541 -0.2187931 -0.06799989 0.1427344 -0.2477524 -0.06799989 0.1298393 -0.2585728 -0.06799989 0.1147963 -0.2661276 -0.06799989 0.0815832 -0.2700097 -0.06799989 0.09841662 -0.2700097 -0.06799989 0.06520348 -0.2661276 -0.06799989 0.05016058 -0.2585728 -0.06799989 0.03726541 -0.2477524 -0.06799989 0.02721315 -0.2342499 -0.06799989 0.02054578 -0.2187931 -0.06799989 0.01762264 -0.2022154 -0.06799989 0.01860141 -0.1854105 -0.06799989 0.02342933 -0.1692842 -0.06799989 0.03184604 -0.154706 -0.06799989 0.0433979 -0.1424617 -0.06799989 0.05746203 -0.1332116 -0.06799989 0.07328021 -0.1274542 -0.06799989 0.08999985 -0.1729999 -0.06799989 0.08043283 -0.1749029 -0.06799989 0.07232224 -0.1803223 -0.06799989 0.06690293 -0.1884328 -0.06799989 0.06499993 -0.1979999 -0.06799989 0.06690293 -0.2075669 -0.06799989 0.07232224 -0.2156776 -0.06799989 0.08043283 -0.2210969 -0.06799989 0.08999985 -0.2229999 -0.06799989 0.09956693 -0.2210969 -0.06799989 0.1076775 -0.2156776 -0.06799989 0.1130968 -0.2075669 -0.06799989 0.1149998 -0.1979999 -0.06799989 0.1130968 -0.1884328 -0.06799989 0.1076775 -0.1803223 -0.06799989 0.09956693 -0.1749029 0.05907613 0.009781599 -0.1446247 0.05916053 0.01445382 -0.1430045 0.05942213 0.0229457 -0.1379816 0.05959463 0.02661383 -0.1346684 0.05927658 0.01886814 -0.1407768 0.06000775 0.03246831 -0.1267334 0.06024104 0.03455024 -0.1222531 0.05979102 0.02980703 -0.1308966 0.05907613 -0.009781539 -0.1446247 0.05902493 -0.004934787 -0.1456085 0.06074035 0.03683823 -0.1126653 0.05506634 0.009862899 -0.1820955 0.05503195 0 -0.1827548 0.05506634 -0.00986284 -0.1820955 0.05942213 -0.0229457 -0.1379816 0.05927658 -0.01886814 -0.1407768 0.05959463 -0.02661383 -0.1346684 0.05916053 -0.01445382 -0.1430045 0.05979102 -0.02980703 -0.1308966 0.06024104 -0.03455024 -0.1222531 0.06000775 -0.03246831 -0.1267334 0.06048673 0.03601557 -0.1175356 0.05902493 0.004934847 -0.1456085 0.05900788 0 -0.1459384</float_array>
          <technique_common>
            <accessor source="#link_3-mesh-positions-array" count="4113" stride="3">
              <param name="X" type="float"/>
              <param name="Y" type="float"/>
              <param name="Z" type="float"/>
            </accessor>
          </technique_common>
        </source>
        <source id="link_3-mesh-normals">
          <float_array id="link_3-mesh-normals-array" count="27777">0.8387801 0.5438406 -0.02618062 0.8387802 0.5438406 -0.02618056 0.8387802 0.5438406 -0.02618056 0.4697079 0.2091764 0.8576828 0.4697079 0.2091764 0.8576828 0.5934867 0.1668081 -0.7873682 0.5934867 0.166808 -0.7873681 0.5934868 0.166808 -0.7873681 0.9866429 0.1558497 -0.04739975 0.986643 0.1558498 -0.04739975 0.9866434 0.1558606 -0.04735302 0.9748367 0.2179241 -0.0469321 0.9685905 0.2431108 -0.05224591 0.9685905 0.2431108 -0.05224597 0.9685905 0.2431108 -0.05224597 0.8051131 0.5923062 -0.03108662 0.83846 0.5439251 -0.03362083 0.9015485 0.4303888 -0.04445117 0.9015485 0.4303888 -0.04445117 0.9015485 0.4303888 -0.04445117 0.9579294 0.2820253 -0.05322504 0.9636436 0.2611828 -0.05634391 0.9918578 0.1060658 -0.07048565 0.6458035 0.763451 -0.008967399 0.6683382 0.7438486 -0.003664553 0.7082185 0.7056856 -0.02084469 0.8374226 -0.2758652 0.4718283 0.2047692 -0.4145839 0.8866736 0.2933218 -0.4501828 0.8433847 0.4707441 -0.1306643 0.8725405 0.2597783 -0.5480395 0.7950899 0.1569136 -0.5307215 0.8328942 0.9973707 0.04852586 -0.05382317 0.954186 0.1194763 0.274326 0.9881764 0.07380604 0.1343881 0.9659285 0.2427607 0.08971852 0.9766166 0.2112194 -0.04008102 0.4865889 -0.4831362 0.727881 0.4274753 -0.4968751 0.7552352 0.4276484 -0.4968383 0.7551614 0.4275619 -0.4968567 0.7551983 0.2905858 -0.5231806 0.8011506 0.3127964 -0.5325461 0.7864814 0.1823067 -0.6099123 0.7712141 0.1251242 -0.5917204 0.7963737 0.8480985 -0.248997 0.4676855 0.7842622 -0.2811469 0.5530726 0.701345 -0.3588307 0.6159186 0.6889106 -0.3786098 0.6181074 0.5834621 -0.4121482 0.6997898 0.4766546 -0.4931598 0.727732 0.1761463 -0.4754001 0.8619555 0.2670368 -0.5201054 0.811284 0.4307757 -0.3229498 0.8426955 0.5084459 -0.3409192 0.790732 0.600663 -0.1324204 0.7884599 0.7247839 -0.07886719 0.6844475 0.7435997 0.03944987 0.6674603 0.8447057 0.08096569 0.5290718 0.8172652 0.3292409 0.4729461 0.8845111 0.2757631 0.376291 0.8845111 0.2757631 0.376291 0.812123 0.4885683 0.3189943 0.8893526 0.4176749 0.1860101 0.7996066 0.5881738 0.121165 0.8462878 0.5327253 8.55752e-4 0.9974572 0.06238716 0.03445369 0.994615 -0.02681189 0.100111 0.994615 -0.02681189 0.1001109 0.994615 -0.02681195 0.1001109 0.9886909 -0.09391248 0.1169221 0.9755362 -0.07146483 0.2078986 0.9136697 -0.2338404 0.3324553 0.9241659 -0.05210334 0.3784215 0.9458385 -0.07501256 0.3158523 0.9322516 -0.01430064 0.361528 0.9048315 0.3055498 0.2965124 0.9562976 0.2464389 0.1573621 0.901916 0.4188246 0.1055166 0.9270464 0.3743004 -0.02200508 0.9821531 -0.1785539 -0.05911016 0.9823688 -0.1775099 -0.05866742 0.8904869 -0.4499467 -0.06768512 0.8919001 -0.4473159 -0.06650424 0.8945379 -0.4403007 -0.0770545 0.8913643 -0.4468433 -0.07616364 0.9820115 -0.1772659 -0.06504052 0.9805944 -0.1843782 -0.06662845 0.9822182 -0.1773851 -0.06149768 0.9588757 -0.2244289 -0.1737508 0.8666621 -0.2311446 -0.4421188 0.9317038 -0.144898 -0.3330656 0.8930275 -0.2191308 -0.3930441 0.8952031 -0.2318734 -0.3805867 0.8952031 -0.2318734 -0.3805867 0.9549114 -0.1251969 -0.2692026 0.9421736 -0.1587984 -0.2951135 0.8730247 -0.2969245 -0.3868644 0.9234699 -0.224379 -0.3112196 0.8226786 -0.3922874 -0.4114736 0.9262534 -0.2388197 -0.2915816 0.9262534 -0.2388197 -0.2915816 0.8399736 -0.4031778 -0.3631696 0.921459 -0.3196259 -0.2208001 0.921459 -0.3196259 -0.2208001 0.921459 -0.3196259 -0.2208001 0.8942947 -0.3653675 -0.2583479 0.8942948 -0.3653675 -0.2583479 0.9294371 -0.2855356 -0.2337008 0.8462339 -0.4248404 -0.3215568 0.914298 -0.3018845 -0.2700465 0.8946569 -0.3206464 -0.3110869 0.923007 -0.3547136 -0.1491196 0.8652864 -0.4622324 -0.1939609 0.918485 -0.353686 -0.1768943 0.9072321 -0.3732488 -0.193947 0.9055422 -0.3672024 -0.2124988 0.8929064 -0.4385632 -0.1018846 0.8929064 -0.4385632 -0.1018846 0.8752994 -0.4713504 -0.1080735 0.9150064 -0.3833718 -0.1256566 0.909898 -0.3943514 -0.1287353 0.8979437 -0.4131708 -0.1516146 0.9808319 -0.1705879 -0.09417349 0.9808943 -0.1702706 -0.09409672 0.97976 -0.1670737 -0.1102573 0.9797071 -0.1673256 -0.110346 0.9784797 -0.1632006 -0.1262663 0.9785128 -0.1630463 -0.126209 0.9765161 -0.1557003 -0.1489082 0.9765308 -0.1556316 -0.1488838 0.9743807 -0.1463205 -0.1707999 0.9743807 -0.1463205 -0.1707999 0.9744335 -0.1460893 -0.1706971 0.9728782 -0.1384806 -0.1852872 0.9729239 -0.1383069 -0.1851766 0.971327 -0.1300435 -0.1990292 0.9713017 -0.130127 -0.1990984 0.9696322 -0.1210588 -0.2125052 0.9696374 -0.1210463 -0.2124879 0.9678819 -0.1110708 -0.2255392 0.9677894 -0.111378 -0.2257844 0.9677894 -0.111378 -0.2257844 0.9677894 -0.1113779 -0.2257845 0.9652851 -0.09600144 -0.2429163 0.9652675 -0.0960505 -0.2429669 0.9627866 -0.07995575 -0.258165 0.9557163 -0.09537744 -0.2784053 0.9815391 -0.1720605 -0.0835247 0.9790801 -0.1868749 -0.08049851 0.9771913 -0.1967751 -0.07985448 0.9806579 -0.1808608 -0.07483059 0.9816964 -0.1768366 -0.07071781 0.8282644 -0.3678722 -0.422668 0.8037701 -0.3872598 -0.4516454 0.8037701 -0.3872596 -0.4516456 0.8037699 -0.3872601 -0.4516455 0.9476671 -0.2267172 -0.2247811 0.7775283 -0.3429586 -0.5270952 0.948217 -0.1162639 -0.2955797 0.936613 -0.2091183 -0.2811149 0.8803916 -0.3542678 -0.3152858 0.868319 -0.337706 -0.3632863 0.6041089 -0.7285098 0.3229954 0.2351775 -0.9577805 0.165372 0.9855756 -0.1529995 -0.07233232 0.9890499 -0.1466975 -0.01613038 0.9130426 -0.2798631 0.2966987 0.977486 -0.1533328 0.144949 0.9953743 -0.0560792 0.07800799 0.9909901 -0.1332755 -0.01327937 0.9912469 -0.1314826 0.01191967 0.9916499 -0.1287467 0.007408857 0.9930413 -0.1144424 0.02778804 0.9925388 -0.1169063 0.0346378 0.9941927 -0.0982145 0.04398757 0.9932747 -0.09992533 0.05848395 0.9975489 -0.03021788 0.06311154 0.9997493 -0.008309543 -0.02079212 0.9879896 -0.1447157 -0.05416679 0.8723936 -0.480476 0.08984667 0.8678023 -0.4891313 0.08757746 0.6019366 -0.7658436 0.226177 0.5947424 -0.7723237 0.2231539 0.585542 -0.5051386 0.6340155 0.7027177 -0.473419 0.5310955 0.7880893 -0.4129627 0.4564834 0.2281697 -0.9455961 0.2319193 0.2508902 -0.9138852 0.3191674 0.23496 -0.9201397 0.313268 0.2469228 -0.8662979 0.4342317 0.1229071 -0.6784026 0.7243368 0.3108699 -0.6364051 0.7059381 0.1526951 -0.8939006 0.4214571 0.2384646 -0.844645 0.4792801 0.2436465 -0.8040603 0.5423315 0.2817882 -0.7826358 0.5550467 0.2267646 -0.7553399 0.6148493 0.2406092 -0.7363794 0.632339 0.2430208 -0.6956818 0.675994 0.3659202 -0.6098217 0.7030078 0.4272731 -0.593842 0.6817547 0.2358089 -0.97159 0.02018088 0.2177541 -0.9754025 0.03425019 0.5800865 -0.8141707 -0.02501571 0.5881009 -0.8081576 -0.03191637 0.4756399 -0.5781378 0.6629657 0.6026571 -0.5060472 0.6170256 0.6003416 -0.5851229 0.54518 0.6029111 -0.5823 0.5453669 0.5994156 -0.6355046 0.486657 0.60293 -0.631758 0.4871932 0.5983335 -0.6800024 0.4237851 0.6028267 -0.6753783 0.4248108 0.5941095 -0.7327271 0.3318809 0.981379 -0.1461171 -0.1246798 0.9788979 -0.1699515 -0.1134702 0.860839 -0.5002804 -0.09314334 0.8553521 -0.5108678 -0.08594667 0.7398442 -0.6704351 -0.05610144 0.2467238 -0.9636561 0.1024421 0.2150927 -0.9649891 0.1501036 0.6009556 -0.7967235 0.06390696 0.5917775 -0.8027228 0.07372742 0.8702728 -0.4919684 -0.0243358 0.865036 -0.5014946 -0.01469242 0.9838128 -0.1493253 -0.0990675 0.2438694 -0.9399482 0.2387994 0.5934185 -0.7908096 0.1499159 0.60144 -0.7839823 0.153759 0.8663951 -0.4980468 0.03618055 0.871523 -0.4887677 0.03941893 0.9858075 -0.15038 -0.07462799 0.9838545 -0.148858 -0.09935665 0.8388708 -0.3561183 0.411674 0.8748467 -0.3024877 0.3783446 0.8734924 -0.3690073 0.3175605 0.8750884 -0.3655933 0.317115 0.8726111 -0.4032507 0.2755699 0.874809 -0.3986225 0.2753352 0.8715509 -0.4327604 0.230472 0.8743807 -0.4269263 0.2306349 0.8678309 -0.4695163 0.1625549 0.9041458 -0.3992391 0.1520814 0.8730804 -0.4674793 0.1385417 0.9897174 -0.1389778 -0.03383475 0.9873675 -0.1519504 -0.04490679 0.9715762 -0.140556 -0.1904832 0.977672 -0.1619132 -0.1339471 0.5092754 -0.8223816 -0.253628 0.7700759 -0.5884904 -0.246297 0.8298803 -0.4963294 -0.2548642 0.9718639 -0.1395706 -0.1897384 0.9454745 -0.2532071 -0.2048516 0.9454745 -0.253207 -0.2048516 0.9454745 -0.253207 -0.2048516 0.8769529 -0.4241869 -0.2258744 0.9791826 -0.1407369 -0.1462695 0.9735951 -0.1592706 -0.1635408 0.9716187 -0.1575432 -0.176458 0.2378606 -0.966126 -0.1001142 0.2185292 -0.9493433 -0.2258148 0.2373211 -0.9422683 -0.2362396 0.2200931 -0.9713478 -0.08968108 0.5797294 -0.8026154 -0.1404362 0.5587782 -0.7839384 -0.2705693 0.6672341 -0.7017495 -0.2496926 0.5650688 -0.8146671 -0.130441 0.7263753 -0.6708354 -0.149529 0.8461692 -0.5103065 -0.1535741 0.845693 -0.5112183 -0.1531645 0.9727369 -0.1702631 -0.1574591 0.7230359 -0.3428307 -0.5997385 0.7340896 -0.3677011 -0.5708838 0.7369574 -0.3859623 -0.5549117 0.7495902 -0.3970898 -0.5295605 0.7430605 -0.4090102 -0.5296902 0.7587409 -0.4486069 -0.4722969 0.7420442 -0.4496923 -0.4971393 0.7424594 -0.429157 -0.5143719 0.7609847 -0.5007474 -0.4124978 0.7504136 -0.4915133 -0.4419212 0.7476801 -0.4762026 -0.4628236 0.7848502 -0.5334743 -0.3153024 0.7510354 -0.5460485 -0.3711835 0.7575475 -0.5066929 -0.411563 0.8259528 -0.503301 -0.2539492 0.8259528 -0.503301 -0.2539491 0.8259528 -0.503301 -0.2539491 0.809744 -0.5250536 -0.2619802 0.7895817 -0.5501226 -0.2718931 0.7196741 -0.6301878 -0.2914323 0.7580446 -0.5823622 -0.2936375 0.7391449 -0.5954388 -0.3148292 0.7594094 -0.5806075 -0.2935855 0.7019565 -0.6829512 -0.202076 0.7459328 -0.6402736 -0.1833958 0.7602584 -0.6223017 -0.1864077 0.7784002 -0.5989321 -0.1880785 0.792126 -0.5809146 -0.1872826 0.8016152 -0.5680426 -0.1863886 0.8115351 -0.5543258 -0.1847538 0.7883291 -0.5724052 -0.2255871 0.7883292 -0.5724052 -0.2255871 0.7883291 -0.5724052 -0.225587 0.7919259 -0.5662091 -0.2286061 0.7919259 -0.5662091 -0.2286061 0.7919259 -0.5662091 -0.2286061 0.7131392 -0.6990117 -0.05305826 0.7131393 -0.6990116 -0.05305838 0.7130539 -0.6990925 -0.05314117 0.7198998 -0.6652547 -0.1979408 0.7360097 -0.6497098 -0.1901758 0.8064868 -0.572668 -0.147073 0.7354061 -0.6532098 -0.1802635 0.7380303 -0.6627748 -0.1266531 0.7646446 -0.6393429 -0.08098942 0.8153754 -0.5584557 -0.1526117 0.7109601 -0.6933595 -0.1174243 0.7976305 -0.5929927 -0.1102066 0.7887486 -0.6029215 -0.1198395 0.8283362 -0.5016789 -0.249354 0.9555943 -0.2414166 -0.1689905 0.9255825 -0.3239284 -0.1958763 0.8231099 -0.5066415 -0.2565242 0.8284245 -0.5098925 -0.2317814 0.8331863 -0.5231477 -0.1792126 0.7924863 -0.5694433 -0.2184032 0.813726 -0.5537047 -0.1768082 0.8123013 -0.4715347 -0.3432518 0.8346523 -0.4631156 -0.2981266 0.8366886 -0.4722161 -0.2774244 0.7557621 -0.580828 -0.3024281 0.7509254 -0.5594816 -0.3508439 0.8458558 -0.439467 -0.3023188 0.8311977 -0.4171146 -0.3675947 0.8337714 -0.4116516 -0.3679243 0.8362624 -0.375005 -0.4000458 0.8236561 -0.3774139 -0.4232605 0.8314355 -0.3526538 -0.4293606 0.8226139 -0.2809563 -0.494338 0.8237002 -0.306855 -0.4768208 0.818359 -0.3295388 -0.4708429 0.8207784 -0.3291729 -0.4668707 0.8290078 -0.3376516 -0.4458 0.7423938 -0.3421736 -0.5759937 0.7935492 -0.2921838 -0.5337682 0.8156957 -0.2804575 -0.505949 0.7910032 -0.606236 -0.0824123 0.7836313 -0.6178504 -0.0646764 0.7130078 -0.6981101 -0.06528687 0.7053568 -0.7070822 -0.05006623 0.7804555 -0.6214362 -0.06860297 0.7804555 -0.6214362 -0.06860285 0.7804557 -0.6214361 -0.06860274 0.7833718 -0.6175882 -0.07009828 0.7815151 -0.6211684 -0.05817437 0.7050525 -0.7067892 -0.05787986 0.702843 -0.709823 -0.04650872 0.8813933 -0.4678111 -0.06556463 0.8813924 -0.4678061 -0.06561231 0.8813932 -0.4678112 -0.06556457 0.8152405 -0.4048489 -0.4141021 0.8152405 -0.4048489 -0.4141022 0.8151517 -0.4050187 -0.4141108 0.9427764 -0.247361 0.2235742 0.9427763 -0.247361 0.2235743 0.9427763 -0.2473609 0.2235744 0.7771447 -0.119437 -0.6178844 0.7771742 -0.1194397 -0.6178467 0.7771742 -0.1194396 -0.6178467 0.9951154 -0.0826202 -0.05403029 0.9951152 -0.0826233 -0.05402958 0.9951154 -0.08262014 -0.05403035 0.9990052 0.008207678 -0.04383224 0.9996672 -0.02464461 -0.007625222 0.9995481 0.02873176 -0.008842229 0.9995548 0.02845269 -0.008988082 0.99929 0.02771067 -0.02552872 0.9993043 0.02654349 -0.02620035 0.9989733 0.02857667 -0.03515553 0.9986464 0.02802819 -0.0438165 0.9985869 0.02909553 -0.04447227 0.9995906 -0.02711147 -0.009155929 0.9993367 -0.02472841 -0.02673745 0.9993235 -0.02581125 -0.02619844 0.9987341 -0.0251978 -0.04353415 0.9987347 -0.02467304 -0.04382205 0.998357 -0.02470636 -0.05170071 0.998357 -0.0247063 -0.05170071 0.998357 -0.02470624 -0.05170071 0.9990161 -0.006744205 -0.04383438 0.9991529 0.001464843 -0.04112684 0.9996555 0.001464784 -0.02620714 0.9996554 0.00146085 -0.02620959 0.9999531 0.001461029 -0.009573459 0.9999605 0.003741145 -0.008074343 0.8265333 0.5625008 -0.02087235 0.8712673 0.4900544 -0.02720409 0.9738061 0.2244356 -0.03647589 0.9869368 0.1559939 -0.04027312 0.6410712 0.7674712 0.003985881 0.6651759 0.7466349 -0.008805334 0.6682853 0.743892 -0.004444837 0.6689306 0.7432461 -0.01083111 0.6689304 0.7432461 -0.01083123 0.6689304 0.7432462 -0.01083129 0.7711097 -0.6366059 -0.01108026 0.8625294 -0.5042228 -0.04245513 0.8937572 -0.4472541 -0.0340873 0.8162251 -0.5768861 -0.03129309 0.8512516 -0.5246713 -0.00953865 0.9108658 -0.4124696 -0.01387029 0.9890633 -0.1471509 -0.01002681 0.9746145 -0.2235863 -0.01165658 0.9742699 -0.2232798 -0.03073114 0.9793282 -0.2000816 -0.02972835 0 0 1 0 0 1 1.21065e-7 0 1 0 0 1 -4.45993e-6 0 1 0 0 1 -1.37173e-7 0 1 -3.26712e-7 0 1 9.88503e-5 8.11883e-5 1 0 0 1 0 0 1 0 0 1 0 0 1 0 0 1 2.49596e-6 0 1 -3.70423e-5 4.22162e-5 1 2.42019e-4 -1.78632e-4 1 -2.88472e-7 0 1 1.28416e-7 0 1 -1.44538e-7 0 1 1.80152e-7 0 1 -5.03146e-7 0 1 0 0 1 7.6098e-7 0 1 4.18421e-6 0 1 -4.25148e-6 0 1 -1.77014e-6 0 1 -1.1529e-6 0 1 1.2077e-7 0 1 2.26064e-7 0 1 -2.63372e-7 0 1 -9.7937e-7 0 1 -4.55942e-4 -3.10254e-4 1 0 0 1 5.56863e-7 0 1 1.92256e-6 0 1 -2.5906e-7 0 1 0 0 1 0 0 1 0.974079 0.2242574 -0.02964454 0.762471 0.6470145 -0.003208816 0.826848 0.5622884 -0.01242828 0.8136968 0.5811589 -0.01233178 0.9647008 0.2624161 -0.02214312 0.9768066 0.2130119 -0.02178966 0.8141298 0.5806574 -0.00544691 0.8742899 0.4853738 -0.00543648 0.9690082 0.2469099 -0.007660806 0.9433621 0.3316315 -0.00940907 0.9900062 0.1407913 -0.008101224 0.862069 -0.503817 -0.05482399 0.9954875 -0.08318406 -0.04566353 0.9786889 -0.199499 -0.0486654 0.9683113 -0.2445268 -0.05079209 0.897987 -0.4365325 -0.05530577 0.881321 -0.4680261 -0.06499904 0.04774004 0.9759414 -0.2127425 0.09553903 -0.5680595 -0.8174232 0.05210173 -0.1889295 0.9806075 0.04976803 -0.7535898 -0.6554584 0.05286312 -0.7061193 -0.7061169 0.04951596 -0.7905458 -0.6103978 0.0580374 -0.8177697 -0.5726121 0.04854357 -0.8488508 -0.526399 0.05382025 -0.9049943 -0.4220058 0.07372421 -0.9217416 -0.3807328 0.05446612 -0.8968801 -0.4389073 0.07181292 -0.9745361 -0.2124201 0.05276089 -0.9500686 -0.3075487 0.05215322 -0.9374492 -0.3441937 0.04155337 -0.9650915 -0.2585957 0.06010597 -0.9943938 -0.08699578 0.0530675 -0.9960793 -0.07078075 0.0651589 -0.9638725 0.2582715 0.06535661 -0.9637572 0.2586517 0.05312639 -0.9792788 0.1954243 0.05486392 -0.9946946 0.08702218 0.08172684 -0.9881072 0.1302498 0.05313384 -0.9973245 0.05020719 0.05098378 -0.8180878 0.5728291 0.06862455 -0.804771 0.5896053 0.05262619 -0.8602261 0.50719 0.06027525 -0.9046601 0.4218499 0.06867665 -0.8987026 0.4331481 0.04948335 -0.938091 0.3428362 0.05788445 -0.535468 0.8425695 0.06465864 -0.5604472 0.8256624 0.07144141 -0.5721127 0.8170576 0.06042534 -0.5991352 0.7983645 0.03729569 -0.7066119 0.7066178 0.07108163 -0.6805388 0.7292561 0.05497282 -0.7508296 0.6582043 0.05646485 -0.39809 0.915607 0.06697434 -0.4366862 0.8971174 0.05757158 -0.4219207 0.9048031 0.05337488 -0.4944759 0.867551 0.05451208 -0.5185422 0.8533127 0.05961447 -0.2583569 0.9642085 0.06239694 -0.2513488 0.9658833 0.04993563 -0.3324442 0.9418001 0.06242561 -0.08698642 0.9942517 0.06479853 -0.07937651 0.9947364 0.05311858 -0.1309601 0.9899637 0.06260877 0.08698523 0.9942404 0.04591578 0.03219699 0.9984264 0.05630934 -0.05333864 0.9969877 0.06922817 0.2302932 0.9706557 0.06596499 0.2407043 0.9683543 0.07509416 0.2142477 0.9738885 0.08225214 0.1969678 0.9769536 0.05271553 0.258458 0.9645831 0.05209064 0.1490917 0.9874504 0.05750375 0.113767 0.991842 0.04347723 0.4022969 0.9144763 0.05847227 -0.7204622 -0.6910248 0.05074059 -0.6821507 -0.729449 0.04253 -0.5730593 -0.8184096 0.04760986 0.2104343 -0.976448 0.04161316 0.2334735 -0.9714723 0.05511111 0.04237568 -0.9975807 0.04061567 0.08708441 -0.9953727 0.05421596 -0.1268278 -0.990442 0.04152667 -0.08708131 -0.9953354 0.05335223 -0.2924035 -0.9548056 0.04240477 -0.2585846 -0.9650574 0.05251991 -0.4495818 -0.8916938 0.04324752 -0.422226 -0.9054583 0.05099862 -0.5783813 -0.8141709 0.06937724 -0.6345065 -0.7697977 0.04760807 0.5237169 -0.8505612 0.04041385 0.5477514 -0.8356645 0.04776203 0.4747413 -0.8788286 0.04760938 0.3724311 -0.9268379 0.04101395 0.3964726 -0.9171299 0.04776394 0.3171593 -0.9471688 0.0476101 0.7771511 -0.6275106 0.03921055 0.7977403 -0.6017249 0.04775464 0.7435518 -0.6669709 0.04760903 0.6599279 -0.749819 0.03981232 0.6828403 -0.7294821 0.04775726 0.6182947 -0.7844941 0.04760652 0.9418084 -0.3327623 0.03800791 0.9540837 -0.2971194 0.04774439 0.9250657 -0.3767945 0.04760682 0.8720254 -0.4871399 0.03860986 0.8890531 -0.4561733 0.04775154 0.8468203 -0.5297312 0.03740215 0.9909054 -0.1292582 0.04760688 0.9844989 -0.1688063 0.04773557 0.99796 -0.04239499 0.0423085 0.9991046 0 0.04773527 0.9979599 0.04239499 0.04772996 0.990469 0.1292014 0.04232388 0.9847336 0.1688448 0.04774057 0.9759407 0.212746 0.04772561 0.9536845 0.2969985 0.04237526 0.94203 0.3328424 0.04774439 0.9250657 0.3767945 0.04771983 0.8887028 0.4559937 0.0424565 0.8722282 0.487253 0.04775023 0.8468278 0.5297196 0.04771584 0.7974435 0.6015042 0.04257094 0.7773281 0.6276535 0.04775297 0.7435519 0.6669709 0.04770869 0.6826002 0.7292332 0.04271912 0.6600766 0.7499827 0.04775893 0.6182948 0.7844938 0.04770493 0.5475724 0.8353974 0.04289942 0.5238246 0.8507452 0.04776006 0.4747601 0.8788185 0.04772764 0.4077216 0.9118582 0.05052477 0.3962904 0.916734 0.049932 0.316918 0.9471378 0.05919414 0.2631789 0.9629294 0.5989873 -0.5751275 -0.5571738 0.0970329 -0.9289632 -0.3572283 0.1604184 -0.8981028 -0.4094845 0.1142209 -0.9309191 -0.3469054 0.2754146 -0.8496387 -0.4497345 0.6027733 -0.5779279 -0.5501489 0.7785784 -0.5385097 -0.3222159 0.8547506 -0.3902157 -0.3422474 0.7361716 -0.4898552 -0.4670047 0.6968141 -0.5863665 -0.4130671 0.5332171 -0.692018 -0.4866116 0.4824006 -0.7465385 -0.4582247 0.3551355 -0.8277132 -0.4344765 0.1081212 -0.9413895 -0.319524 0.2148141 -0.9041656 -0.3692418 0.311348 -0.8914462 -0.3292208 0.4891697 -0.7887977 -0.3721709 0.5787072 -0.7445729 -0.3327302 0.6476184 -0.669228 -0.3643136 0.7538047 -0.561684 -0.341013 0.779274 -0.3445088 -0.5234938 0.7806966 -0.3404445 -0.5240328 0.667492 -0.5156702 -0.537158 0.5520849 -0.6106547 -0.5677175 0.7818022 -0.2160884 -0.5848855 0.7635393 -0.2975659 -0.5731164 0.7871748 -0.2482579 -0.5645564 0.719403 -0.2728363 -0.6387642 0.7332013 -0.2591535 -0.6286934 0.7367033 -0.2517066 -0.6276242 0.7428451 -0.2410433 -0.6245634 0.7292522 -0.2694885 -0.6289414 0.7296148 -0.2697669 -0.6284013 0.7286205 -0.2892972 -0.6208215 0.7273268 -0.2876937 -0.6230795 0.7190893 -0.3148673 -0.6194911 0.476144 -0.8066574 -0.3501297 0.6374059 -0.7053082 -0.3102483 0.4477964 -0.8220019 -0.3518401 0.517041 -0.7784223 -0.3559879 0.6142958 -0.6974819 -0.3689982 0.5289992 -0.6612379 -0.5319063 0.6123166 -0.6336608 -0.4728027 0.5746029 -0.6632016 -0.4795782 0.5595876 -0.7066245 -0.4330632 0.6468404 -0.6376877 -0.4182726 0.5309429 -0.7449056 -0.4039992 0.5486468 -0.5835341 -0.5987276 0.6090828 -0.55351 -0.5680184 0.5201416 -0.6336779 -0.5726301 0.5902223 -0.6026055 -0.537126 0.5265386 -0.6629789 -0.5321806 0.3886425 -0.6024482 -0.6971465 0.5492633 -0.5424159 -0.6356846 0.5529185 -0.5641722 -0.613181 0.2573391 -0.580282 -0.7726898 -0.07586771 -0.5886 -0.8048567 0.1366888 -0.5588842 -0.8179026 0.2225391 -0.7498799 -0.6230221 0.04468858 -0.7452422 -0.6652948 0.09906399 -0.7364712 -0.6691761 0.19868 -0.6694807 -0.7157667 0.19868 -0.6694806 -0.7157668 0.19868 -0.6694806 -0.7157668 0.5052031 -0.5528607 -0.6626576 0.1863645 -0.6353125 -0.7494307 0.1863644 -0.6353125 -0.7494307 0.09115982 -0.62388 -0.7761854 0.4190464 -0.8400228 -0.344619 0.1403862 -0.9069681 -0.3971153 0.2086799 -0.8779956 -0.4307859 0.1552002 -0.887629 -0.4336217 0.1632676 -0.8608481 -0.4819591 0.01189011 -0.8756114 -0.48287 0.2544745 -0.8091843 -0.5295881 -0.03888672 -0.8395201 -0.5419355 0.2683333 -0.7726144 -0.5753819 0.1609234 -0.7898482 -0.5918138 0.1338732 -0.7727149 -0.6204754 0.5421298 -0.4392074 -0.7163743 0.5887771 -0.4229307 -0.6888187 0.5077157 -0.494304 -0.7056121 0.5536518 -0.4805656 -0.6800929 0.5366153 -0.5144641 -0.6688579 0.2981556 -0.5251156 -0.7970929 0.2953919 -0.5256843 -0.7977467 0.3007982 -0.5688729 -0.7654437 0.2986487 -0.5693623 -0.7659214 0.3066517 -0.6300229 -0.7134676 0.3042849 -0.6306736 -0.7139059 0.3133413 -0.6866151 -0.6560312 0.3124415 -0.6868678 -0.6561958 0.3183618 -0.7219939 -0.614305 0.3173125 -0.7223049 -0.6144822 0.3232258 -0.755119 -0.5703688 0.3217402 -0.7555679 -0.5706141 0.3276723 -0.7859365 -0.5243422 0.3252274 -0.7867051 -0.5247116 0.331068 -0.8144636 -0.4764904 0.3278895 -0.8155014 -0.4769132 0.3335704 -0.8405529 -0.426851 0.3290436 -0.8420575 -0.4273986 0.3365752 -0.8732495 -0.3523526 0.2134249 -0.9069959 -0.363054 -0.5776115 0.5029831 -0.6429408 0.6014895 -0.4914694 0.6298161 0.7070222 -0.4466773 0.5482692 0.790484 -0.3770803 0.4826443 0.965928 -0.1593386 0.2039469 0.9667341 -0.1569177 0.2019952 0.9659228 0.158796 -0.2043944 0.9651662 0.1610807 -0.2061727 0.119316 0.5670117 -0.8150223 0.258802 0.5944244 -0.761368 -0.145094 0.609276 -0.7795708 0.205016 0.5774936 -0.7902339 0.3697081 0.5717318 -0.7324198 0.7070967 0.4358995 -0.5567817 0.5451456 0.4659838 -0.6969043 0.7319124 0.4195119 -0.5369488 -0.2588133 0.5934939 -0.7620897 -0.3680387 0.5121821 -0.7760265 -0.2883449 0.5563657 -0.7793039 -0.7070788 0.4346738 -0.5577619 -0.7977136 0.2231945 -0.5602118 -0.7263408 0.3780655 -0.5740169 -0.9643153 0.1134523 -0.2392167 -0.9676448 0.08981132 -0.2357916 -0.9034274 0.2641631 -0.3376934 -0.9034274 0.2641631 -0.3376935 -0.9034274 0.2641631 -0.3376935 -0.9642714 -0.2053275 0.1673955 -0.9901098 -0.08637964 0.1105502 -0.9981225 0.03770893 -0.04826658 -0.9981225 0.03770893 -0.04826658 -0.7069184 -0.4514094 0.5445145 -0.8447666 -0.3296408 0.4215524 -0.9194835 -0.2414979 0.3102078 -0.2588133 -0.6026439 0.754875 -0.3040169 -0.5857535 0.7513099 -0.6806879 -0.4517978 0.5766654 0.4408578 -0.5527895 0.7071549 0.3443954 -0.5826568 0.7361406 0.2587898 -0.6064056 0.7518645 0.1458713 -0.6088699 0.7797429 -0.0442025 -0.6150989 0.7872099 -0.0442025 -0.615099 0.7872099 -0.0442025 -0.6150989 0.7872099 0.5143746 -0.8477885 -0.1291269 0.2981433 -0.9363576 -0.1853246 0.1350812 -0.9791328 -0.1518291 0.3016279 -0.9448342 -0.1277071 0.1467885 -0.9861198 -0.07759422 0.2279427 -0.972873 -0.03950196 0.268454 -0.9609366 -0.06733107 0.5268947 -0.8467132 -0.07388365 0.5805618 -0.8100495 -0.08226734 0.5139556 -0.8380913 -0.1829008 0.5581269 -0.8123502 -0.1690608 0.5506814 -0.8237516 -0.1348465 0.6137944 -0.7603966 -0.2122585 0.6339753 -0.7438364 -0.2116197 0.3492835 -0.9043095 -0.2454085 0.1739917 -0.9582112 -0.2270646 0.09377717 -0.9697565 -0.2253401 0.5284301 -0.8475641 -0.04896014 0.5284355 -0.8475661 -0.04886448 0.5284356 -0.8475661 -0.04886448 0.5251697 -0.8241078 -0.2122338 0.5251698 -0.8241078 -0.2122339 0.5251426 -0.8241151 -0.2122727 0.2472467 -0.9633526 0.1040235 0.2473366 -0.9632952 0.1043417 0.2284622 -0.9729465 -0.03435254 0.2284621 -0.9729465 -0.03435254 0.2284621 -0.9729465 -0.03435254 0.5407705 -0.8398871 -0.04644334 0.5988879 -0.7985443 -0.0604996 0.3171578 -0.9480793 -0.02359449 0.2424323 -0.9695691 -0.03409546 0.7028799 -0.7098483 -0.04555487 0.7293415 -0.6817346 -0.0574364 0.7755063 -0.6298238 -0.04372626 0.7810498 -0.6207451 -0.06809502 0.6445691 -0.7643356 -0.01794302 0.6622802 -0.7479422 -0.04435676 0.7114806 -0.7020625 -0.03006285 0.7030432 -0.7098461 -0.04299712 0.5996589 -0.7990087 -0.04465818 0.5323546 -0.8461231 -0.02596938 0.2369241 -0.9680755 -0.08183407 0.3166559 -0.9478811 -0.0353623 0.6463071 0.7630428 -0.007279515 0.2052492 -0.2884845 0.935227 0.05581313 -0.2809597 0.9580953 0.6770151 0.7225148 0.1400822 0.6556783 0.7222522 0.2200858 0.6906523 0.6477954 0.3214973 0.6915159 0.518678 0.5027713 0.6860697 0.5365132 0.4913879 0.6264008 0.3622744 0.6902024 0.6281465 0.3329547 0.703259 0.4177866 0.003382563 0.9085389 0.4177866 0.003382563 0.9085389 0.4177866 0.003382503 0.9085389 0.484611 0.07114154 0.871832 0.5189322 0.1803402 0.8355757 0.5343513 0.1935251 0.8228102 0.5594481 0.2256824 0.7975495 0.2044296 -0.2349971 0.9502552 0.2831841 -0.1822293 0.9415941 0.4106687 -0.03789055 0.910997 0.3292685 -0.06420058 0.9420514 0.3994644 -0.01294243 0.9166573 0.2088514 -0.3563337 0.910718 0.2127468 -0.3576484 0.9092999 0.4418224 -0.09885281 0.8916396 0.463428 -0.0874719 0.8818067 0.5836175 0.0917555 0.8068281 0.6023454 0.1026743 0.7916048 0.6895076 0.279419 0.6682098 0.7043073 0.2890888 0.6483663 0.7495008 0.4462339 0.489003 0.7595849 0.4539553 0.4657847 0.7623205 0.5791833 0.2888153 0.7833071 0.6027026 0.1522487 0.7407374 0.666599 0.08339029 0.6308102 0.775898 -0.007803261 0.8025404 0.596339 -0.01757609 0.7738817 0.6329903 -0.02075064 0.9732833 0.2262199 -0.03929787 0.9763051 0.2124019 -0.04139828 0.6310265 0.7757584 -0.00216794 0.9828938 0.1840549 -0.006597399 0.9828324 0.1843822 -0.006622672 0.8471134 0.531412 4.57282e-4 0.8469356 0.5316955 4.31356e-4 0.6532342 0.7571317 0.006069958 0.9770025 0.2119153 -0.02362257 0.9826262 0.1843589 -0.0213899 0.8027261 0.5962083 -0.01290768 0.8469992 0.5315575 -0.006245136 0.6335319 0.7737128 -0.002457141 0.6957991 0.7182343 0.00181812 0.556508 0.8307959 0.008790194 0.6407912 0.7677045 -0.004073262 0.6408047 0.7676933 -0.004070937 0.5378878 0.8429438 0.01107656 0.5378879 0.8429437 0.01107782 0.5378878 0.8429438 0.01107752 0.6318703 0.7750731 -0.001282453 0.6408284 0.7676841 4.63243e-4 0.5595324 0.8288078 0.001170158 0.568476 0.8226976 0.001972019 0.5086292 0.8609757 0.004167139 0.5268145 0.8499662 0.004901349 0.5131048 0.8583136 0.004625558 0.4919788 1.47736e-4 0.8706073 0.4890443 0 0.872259 0.4890442 0 0.872259 0.4890443 0 0.872259 0.4891155 0 0.8722191 0.4889901 0 0.8722894 0.48899 0 0.8722894 0.4936136 0 0.8696814 0.4936549 0 0.869658 0.4919407 0 0.8706287 0.4919574 -1.47713e-4 0.8706192 0.1344462 0.7756365 0.6166946 0 0.9948007 0.1018407 -0.004374742 0.9862907 0.1649593 -0.004362523 0.986346 0.1646286 1.45073e-4 0.9615143 0.2747549 1.45058e-4 0.9615143 0.2747549 1.45055e-4 0.9615143 0.2747549 -4.20014e-4 0.8444706 0.5356017 -0.009072542 0.8840611 0.4672835 0.1338849 0.6170346 0.7754633 0.1338875 0.6169593 0.7755226 2.63541e-5 0.7634208 0.6459015 1.6928e-5 0.5365723 0.8438544 -0.008184432 0.5922574 0.8057072 0.008713543 0.1849047 0.9827178 0.008713543 0.1849047 0.9827178 0.008713483 0.1849046 0.9827179 0 0.2382446 0.9712052 0.1333866 -0.6169778 0.7755942 0.1333866 -0.6169778 0.7755943 0.1333867 -0.6169779 0.7755942 0.006548702 -0.9713026 0.2377569 0 -0.9850999 0.1719839 -0.008239924 -0.8060033 0.5918536 -0.008239924 -0.8060034 0.5918537 -0.008239924 -0.8060033 0.5918536 4.60551e-6 -0.8441699 0.5360757 0.1347212 -0.775534 0.6167637 0.1347212 -0.7755339 0.6167637 0.1347212 -0.7755339 0.6167637 0 -0.1016885 0.9948164 0 -0.1016885 0.9948164 0 -0.1016885 0.9948164 -0.004250109 -0.1625499 0.9866912 -0.004250109 -0.1625499 0.9866912 -0.004250109 -0.1625499 0.9866912 3.25488e-4 -0.2751263 0.9614081 -3.44205e-4 -0.5365498 0.8438687 -0.009086549 -0.4673429 0.8840295 1.85958e-5 -0.6460037 0.7633343 1.86387e-5 -0.6460036 0.7633343 6.75592e-6 -0.6460037 0.7633342 0.4919435 -1.47714e-4 -0.8706272 0.4919927 1.47734e-4 -0.8705993 0.4919407 0 -0.8706287 0.4936758 0 -0.8696461 0.4919687 -0.001159489 -0.8706122 0.488524 -0.001155436 -0.8725498 0.4917321 0 -0.8707466 0.4917522 -0.8707354 0 0.4919651 -0.870615 1.47726e-4 0.4919651 -0.870615 -1.47726e-4 0.4919377 -0.8706305 0 0.4918947 -0.8706547 0 0.4934492 -0.869774 -0.001078963 0.4889574 -0.8723071 -0.001003742 0.4889575 -0.8723071 -0.001003742 0.4889575 -0.8723071 -0.001003742 0.1343389 -0.7755569 -0.6168183 0 -0.9948599 -0.1012614 0 -0.9948259 -0.1015953 -0.004391074 -0.9863736 -0.1644626 1.549e-4 -0.9614662 -0.2749233 1.54929e-4 -0.9614663 -0.2749233 1.54898e-4 -0.9614663 -0.2749233 -4.29305e-4 -0.8443682 -0.5357633 -0.009002089 -0.8837963 -0.4677853 -0.009002089 -0.8837963 -0.4677853 -0.009002149 -0.8837963 -0.4677853 0.1342068 -0.6167654 -0.7756217 0.1342068 -0.6167654 -0.7756216 0.1342068 -0.6167655 -0.7756216 0 -0.7633063 -0.6460368 0 -0.5359271 -0.8442644 0 -0.5359271 -0.8442644 0 -0.5359271 -0.8442644 -0.008321046 -0.5922612 -0.8057031 0.008448839 -0.18646 -0.9824263 0.008448839 -0.18646 -0.9824262 0.008448839 -0.18646 -0.9824263 0 -0.2382446 -0.9712052 0.4919651 0.870615 -7.38631e-5 0.4921915 0.870487 3.28836e-4 0.4919651 0.870615 7.38631e-5 0.4919238 0.8706384 0 0.4918947 0.8706547 0 0.4918948 0.8706548 0 0.4917693 0.8707256 0 0.4917522 0.8707354 0 1 0 0 1 -3.35569e-4 0 1 -3.35569e-4 0 1 -3.35569e-4 0 1 -1.248e-4 0 1 3.35569e-4 0 1 3.35569e-4 0 1 3.35569e-4 0 1 1.24894e-4 0 0.4919648 2.21606e-4 0.8706152 0.4891673 0 0.87219 0.4888618 0 0.8723613 0.4888618 0 0.8723613 0.4888618 0 0.8723613 0.4937002 0 0.8696323 0.4918641 0 0.870672 0.4919015 -2.21577e-4 0.8706509 0.1349261 0.7755213 0.6167348 0.1349261 0.7755213 0.6167348 0.1349261 0.7755213 0.6167348 1.1783e-4 0.9615128 0.2747601 -4.08438e-4 0.8443028 0.5358662 -3.91445e-4 0.8442263 0.5359869 -3.91456e-4 0.8442263 0.5359869 -0.009049952 0.8839164 0.4675574 0.1342158 0.616872 0.7755354 0.1342158 0.616872 0.7755354 0.1342158 0.616872 0.7755354 -1.41707e-5 0.7638539 0.6453894 -1.41517e-5 0.7638537 0.6453894 -1.41965e-5 0.7638537 0.6453894 3.38561e-5 0.5365723 0.8438544 -0.0081622 0.5919887 0.805905 -0.0081622 0.5919886 0.8059049 -0.008146882 0.5918735 0.8059898 0.008760273 0.1850533 0.9826895 0 0.2385957 0.9711191 0.1343276 -0.6169144 0.7754823 0.1343277 -0.6169144 0.7754823 0.1343277 -0.6169143 0.7754823 -0.008226156 -0.8060827 0.5917457 -3.45296e-5 -0.8441841 0.5360535 0.1345929 -0.7754181 0.6169375 0.1345928 -0.7754181 0.6169375 0.1345928 -0.7754181 0.6169375 0 -0.1021806 0.9947659 -0.004296064 -0.1624768 0.986703 -0.004296064 -0.1624768 0.9867031 -0.004296064 -0.1624768 0.986703 3.25524e-4 -0.2747551 0.9615142 -3.16296e-4 -0.5365498 0.8438687 -0.00910747 -0.4673428 0.8840293 -2.0718e-5 -0.6458307 0.7634807 0.4919295 -1.47715e-4 -0.8706351 0.4919477 0 -0.8706248 0.493434 0 -0.8697833 0.4919585 -0.001033663 -0.8706181 0.4893993 -0.001153051 -0.8720591 0.4893178 -0.001132249 -0.872105 0.4893993 -0.001153051 -0.8720591 0.491758 0 -0.870732 0.4921849 -0.8704908 0 0.4921849 -0.8704908 0 0.4921849 -0.8704907 0 0.4919371 -0.8706308 1.47729e-4 0.4919418 -0.8706281 -1.87801e-4 0.4919477 -0.8706248 -1.47776e-4 0.4919469 -0.8706253 0 0.4919178 -0.8706418 0 0.4934346 -0.8697823 -0.001078963 0.4886696 -0.8724684 -0.001076042 0.1345929 -0.775418 -0.6169375 0.1345929 -0.7754181 -0.6169375 0.1345929 -0.7754181 -0.6169373 0 -0.9948022 -0.1018269 0 -0.9948022 -0.1018269 0 -0.9948022 -0.1018269 -0.004383921 -0.9863585 -0.1645538 1.15262e-4 -0.9614551 -0.2749622 -4.57281e-4 -0.8443843 -0.5357379 -0.009090065 -0.8839779 -0.4674403 -0.009090065 -0.8839779 -0.4674403 -0.009090065 -0.883978 -0.4674403 0.1344065 -0.6168099 -0.7755518 0 -0.5360373 -0.8441944 -0.008267283 -0.5922582 -0.8057059 0.008532464 -0.1864128 -0.9824345 0.008532404 -0.1864128 -0.9824345 0.008532404 -0.1864128 -0.9824345 0 -0.2385957 -0.9711191 0.4914516 0.8709049 0 0.4914516 0.8709049 0 0.4914516 0.8709049 0 0.4919477 0.8706248 -7.38882e-5 0.4919371 0.8706308 7.38644e-5 0.4919335 0.8706328 -2.61683e-4 0.4919469 0.8706253 0 0.4918875 0.8706589 0 0.491909 0.8706467 0 0.4917548 0.8707338 0 0.9999999 -5.76465e-4 0 0.9999999 -5.76448e-4 0 0.9999998 -5.76422e-4 0 1 7.48727e-5 0 1 1.50657e-4 0 0 -1 0 0 1 3.3948e-6 0 1 0 0 0 -1 0.1339094 0.6169289 -0.775543 0.1339049 0.6169293 -0.7755435 0.1339103 0.6170039 -0.7754834 0 0.9855292 -0.1695061 -0.006339073 0.9944769 -0.1047654 0.13414 0.7755833 -0.6168283 3.30722e-4 0.960321 -0.2788969 3.30769e-4 0.960321 -0.2788969 3.28253e-4 0.9602943 -0.278989 -1.96911e-4 0.8706319 -0.491935 -0.004660427 0.8456624 -0.533698 0.005116045 0.6113239 -0.791364 -0.003599464 0.5345686 -0.8451175 -0.003599405 0.5345686 -0.8451176 -0.003607332 0.5344471 -0.8451942 0.003765463 0.2077587 -0.978173 0 0.1696899 -0.9854976 0 1 3.39522e-6 0.133855 0.6169164 -0.7755625 0.133855 0.6169164 -0.7755625 0.1338551 0.6169163 -0.7755625 -0.006327271 0.9944678 -0.1048514 0.1342031 0.7755682 -0.6168335 0.1342032 0.7755683 -0.6168335 3.23993e-4 0.9602895 -0.2790055 3.25127e-4 0.9603162 -0.2789134 3.23965e-4 0.9602895 -0.2790055 -2.03264e-4 0.8706303 -0.4919376 -0.004685699 0.8455557 -0.5338669 0.005078315 0.6110089 -0.7916076 -0.003630399 0.5341639 -0.8453733 0.003755629 0.2078421 -0.9781553 0.003755629 0.2078421 -0.9781553 0.003755629 0.2078421 -0.9781553 0 0.1696272 -0.9855083 0 0.1696272 -0.9855084 0 0.1696272 -0.9855083 0.9276512 0.3607273 -0.09664005 0.8501543 0.5258277 -0.02725934 0.8501543 0.5258277 -0.02725929 0.8501543 0.5258277 -0.02725929 0.9599385 0.1981253 -0.1981533 0.9533697 0.22256 -0.2038463 0.9533697 0.22256 -0.2038463 0.9533697 0.22256 -0.2038463 0.9632853 0.1553969 -0.2189365 0.9619494 0.1678623 -0.2155823 0.9619494 0.1678624 -0.2155823 0.9619494 0.1678623 -0.2155823 0.960425 0.1820698 -0.2107948 0.9589594 0.1962491 -0.204654 0.9589595 0.1962491 -0.2046541 0.9589594 0.1962491 -0.2046542 0.9571131 0.2128948 -0.1964953 0.9521303 0.2523384 -0.1725494 0.9567638 0.1864864 -0.223217 0.9567639 0.1864864 -0.223217 0.9567638 0.1864864 -0.223217 0.9152049 0.1043283 -0.38925 0.931674 0.02694457 -0.3622951 0.9278265 -0.09641897 -0.3603353 0.9278264 -0.09641891 -0.3603354 0.9278264 -0.09641897 -0.3603353 0.8497777 -0.02718937 -0.5264397 0.9599292 -0.1981498 -0.1981738 0.9534311 -0.2039287 -0.222221 0.9633405 -0.21861 -0.1555153 0.9633405 -0.21861 -0.1555153 0.9633405 -0.21861 -0.1555153 0.962062 -0.2155509 -0.1672559 0.9620621 -0.2155506 -0.1672559 0.9620621 -0.2155507 -0.1672559 0.9604609 -0.2107961 -0.1818791 0.9590182 -0.204273 -0.1963586 0.9590163 -0.2042447 -0.1963973 0.9590163 -0.2042449 -0.1963974 0.9570551 -0.1964435 -0.213203 0.9570552 -0.1964436 -0.213203 0.9570551 -0.1964436 -0.213203 0.9316808 -0.3622763 -0.02695786 0.9153481 -0.3889474 -0.1042006 0.9153481 -0.3889474 -0.1042006 0.9153482 -0.3889475 -0.1042006 0.9567689 -0.2230106 -0.1867071 0.9521261 -0.1725253 -0.2523708 0.9276521 -0.3607236 0.09664428 0.8498941 -0.5262519 0.02718394 0.9567689 -0.2230106 0.1867071 0.9517553 -0.1701372 0.2553725 0.9570874 -0.1973952 0.2121764 0.9603314 -0.2102428 0.183198 0.9619287 -0.2155641 0.1680045 0.9619287 -0.2155641 0.1680045 0.9619142 -0.2155553 0.1680988 0.9631596 -0.2186524 0.1565719 0.9631798 -0.2186647 0.15643 0.9631798 -0.2186646 0.15643 0.9560319 -0.2073704 0.2073656 0.9567689 -0.1867071 0.2230106 0.9152155 -0.104269 0.389241 0.9316863 -0.02694249 0.3622636 0.9276489 0.09663701 0.3607339 0.8496642 0.02713352 0.5266258 0.8496641 0.02713346 0.5266259 0.8496642 0.02713352 0.5266258 0.9599339 0.1981483 0.1981523 0.953428 0.2039383 0.2222255 0.9632707 0.2189317 0.1554944 0.9621605 0.2154391 0.1668331 0.9621605 0.2154392 0.1668331 0.9621605 0.215439 0.166833 0.9604455 0.2107886 0.1819685 0.9589701 0.2044208 0.1964393 0.9589701 0.2044208 0.1964393 0.9589737 0.2044444 0.1963977 0.9570915 0.1962141 0.213251 0.9570915 0.1962141 0.213251 0.9570915 0.1962141 0.2132509 0.9316693 0.3623043 0.02698075 0.9152154 0.3892392 0.1042773 0.9567664 0.2232264 0.1864621 0.9567664 0.2232263 0.1864621 0.9521435 0.1725078 0.2523169 0.9276549 0.3607154 -0.09664803 0.8498708 0.5262874 -0.02722871 0.9599274 0.1981837 -0.1981477 0.9534291 0.222229 -0.2039299 0.963245 0.1557258 -0.2188805 0.961903 0.1681562 -0.21556 0.9619031 0.1681562 -0.21556 0.961903 0.1681563 -0.21556 0.9604537 0.1819285 -0.2107863 0.9589236 0.196509 -0.2045722 0.9589236 0.1965088 -0.2045723 0.9589195 0.1965514 -0.2045508 0.9571007 0.2130376 -0.1964007 0.9567621 0.1867192 -0.2230298 0.9152179 0.1042669 -0.3892359 0.9316692 0.02691668 -0.3623094 0.9276544 -0.09661853 -0.3607245 0.8498727 -0.02713459 -0.5262892 0.9599341 -0.1981577 -0.1981418 0.9534231 -0.2039377 -0.2222474 0.9632564 -0.2188956 -0.1556336 0.9621015 -0.2155258 -0.167061 0.9621016 -0.2155256 -0.1670611 0.9621016 -0.2155256 -0.1670611 0.9604883 -0.2108284 -0.1816965 0.9604883 -0.2108284 -0.1816965 0.9604883 -0.2108284 -0.1816965 0.9589443 -0.2045234 -0.1964586 0.9589443 -0.2045234 -0.1964588 0.9589443 -0.2045233 -0.1964587 0.957098 -0.1965333 -0.2129279 0.9318133 -0.3619601 -0.02662366 0.9318133 -0.3619601 -0.02662366 0.9318133 -0.3619601 -0.02662366 0.9152181 -0.3892286 -0.1042926 0.9567649 -0.2230209 -0.1867157 0.9520885 -0.1729094 -0.2522496 0.9520885 -0.1729094 -0.2522497 0.9520885 -0.1729094 -0.2522497 0.9277769 -0.3604313 0.09653645 0.9277769 -0.3604313 0.09653645 0.9277769 -0.3604313 0.09653645 0.8498768 -0.5262798 0.02718538 0.9567692 -0.2232248 0.1864491 0.9567693 -0.2232248 0.1864491 0.9567693 -0.2232249 0.1864491 0.9517481 -0.1702882 0.2552991 0.9570925 -0.1972767 0.2122637 0.9603186 -0.2105086 0.1829604 0.9619901 -0.2154532 0.1677945 0.9619901 -0.2154533 0.1677946 0.9619848 -0.2154102 0.1678801 0.9631608 -0.2187086 0.1564859 0.9631608 -0.2187086 0.1564859 0.9631832 -0.2187437 0.1562987 0.9560336 -0.2073666 0.2073618 0.9567552 -0.1863701 0.2233512 0.9567552 -0.1863701 0.2233512 0.9567552 -0.1863701 0.2233512 0.9153499 -0.1041921 0.3889456 0.9153499 -0.1041921 0.3889456 0.9153499 -0.1041921 0.3889456 0.9317573 -0.02722847 0.3620595 0.9317572 -0.02722847 0.3620595 0.9317572 -0.02722847 0.3620595 0.8502134 0.02724707 0.5257327 0.8502134 0.02724707 0.5257327 0.8502134 0.02724707 0.5257327 0.9599364 0.1981422 0.1981462 0.9534258 0.203943 0.2222306 0.9632654 0.2188817 0.1555975 0.9620114 0.2157505 0.1672898 0.9620114 0.2157505 0.1672898 0.9620036 0.2157159 0.1673789 0.9604799 0.2108848 0.181676 0.9604799 0.2108847 0.181676 0.9604799 0.2108848 0.1816759 0.9589418 0.2044857 0.1965106 0.9589418 0.2044854 0.1965105 0.9589418 0.2044854 0.1965106 0.9571114 0.1965187 0.2128804 0.9152098 0.3892515 0.1042807 0.9567742 0.2232065 0.1864458 0.9567742 0.2232065 0.1864457 0.9520484 0.172668 0.2525663 0.9520484 0.172668 0.2525663 0.9520484 0.172668 0.2525663 -0.8706097 -0.3877234 -0.3028356 -0.8706191 -0.3875544 -0.3030248 -0.8706126 -0.3877087 -0.3028463 -0.8697069 -0.3889738 -0.3038243 -0.8696626 -0.3889749 -0.3039498 -0.8723191 -0.3852637 -0.3010506 -0.8722823 -0.3853211 -0.3010838 -0.6169937 -0.583436 0.5281301 -0.1021447 -0.6124754 0.7838625 -0.1021448 -0.6124754 0.7838625 -0.1021448 -0.6124754 0.7838625 -0.1645281 -0.6037973 0.779974 -0.2739793 -0.5921926 0.7577884 -0.2739793 -0.5921927 0.7577884 -0.2739794 -0.5921926 0.7577885 -0.5359157 -0.5194597 0.6655494 -0.4674274 -0.5370727 0.7021856 -0.7753012 -0.4859474 0.4034391 -0.6460237 -0.4699485 0.6014996 -0.8436926 -0.3304983 0.4230292 -0.8057754 -0.3581336 0.4716635 -0.8057753 -0.3581336 0.4716636 -0.9827694 -0.1205976 0.1400735 -0.971165 -0.1467844 0.1878642 -0.7754706 0.2738307 -0.5689131 -0.2377681 0.5928118 -0.7694417 -0.1723231 0.6064891 -0.7761931 -0.1723231 0.6064891 -0.7761932 -0.1723231 0.6064891 -0.7761932 -0.5919818 0.5026307 -0.6300159 -0.5357849 0.5198373 -0.66536 -0.6168438 0.3716624 -0.6938089 -0.9947808 0.06283289 -0.08039438 -0.9867255 0.1032555 -0.1253443 -0.9614774 0.1689362 -0.216845 -0.8438994 0.3305576 -0.4225702 -0.8840875 0.2947644 -0.3626339 -0.8840875 0.2947645 -0.3626339 -0.8840875 0.2947644 -0.3626338 -0.7632411 0.3978378 -0.5091054 -0.7632411 0.3978378 -0.5091054 0.8706235 -0.3876949 -0.3028324 0.8706084 -0.3875751 -0.303029 0.8705974 -0.3877316 -0.3028604 0.869732 -0.3889403 -0.3037959 0.8706421 -0.386973 -0.303701 0.8722896 -0.3846678 -0.3018968 0.8703842 -0.3880636 -0.3030481 0.8703842 -0.3880636 -0.3030481 0 0.1481129 -0.9889705 -1.47729e-4 0.1483657 -0.9889326 1.47729e-4 0.1483657 -0.9889326 0 0.1483917 -0.9889287 0 0.1484388 -0.9889217 0.001078784 0.1467213 -0.9891773 0.001140773 0.1515503 -0.9884489 0.6167279 0.3714045 -0.69405 0.6167279 0.3714045 -0.6940501 0.6167278 0.3714045 -0.69405 0.1018647 0.6123948 -0.7839619 0.1018647 0.6123948 -0.783962 0.1018647 0.6123948 -0.783962 0.1643512 0.6107438 -0.7745842 0.2749387 0.5918774 -0.7576873 0.2749385 0.5918773 -0.7576873 0.2749385 0.5918773 -0.7576873 0.5358406 0.5201178 -0.6650958 0.4676739 0.5512924 -0.690911 0.4676739 0.5512924 -0.6909109 0.7752439 0.2737615 -0.5692554 0.6461067 0.4698512 -0.6014866 0.6461067 0.4698511 -0.6014866 0.8441755 0.330054 -0.4224125 0.8058376 0.3710273 -0.4614809 0.9824183 0.1081278 -0.1521928 0.9711625 0.1467927 -0.1878709 3.69337e-4 -0.9236747 0.3831778 0 -0.923711 0.3830903 0 -0.9237212 0.3830657 0 -0.923654 0.3832274 0 -0.9236579 0.3832183 0 -0.9236586 0.3832167 -3.69331e-4 -0.9236773 0.3831712 1.41142e-4 -0.7881281 -0.6155112 1.41195e-4 -0.7881282 -0.6155112 1.41157e-4 -0.7881282 -0.6155112 7.25204e-4 -0.7879822 -0.6156977 7.25179e-4 -0.7879823 -0.6156976 7.25183e-4 -0.7879822 -0.6156977 0 -0.7879459 -0.6157447 0 -0.7879458 -0.6157447 0 -0.7879458 -0.6157447 0 -0.7879967 -0.6156796 0 -0.7879967 -0.6156796 0 -0.7879967 -0.6156796 0 -0.7880244 -0.615644 3.9928e-4 -0.7880281 -0.6156392 0 -0.7880001 -0.6156752 0 -0.7880001 -0.6156752 0 -0.7880001 -0.6156752 0 -0.7882878 -0.6153069 0 -0.7880265 -0.6156415 -7.20947e-4 -0.7879856 -0.6156934 -5.29802e-4 -0.7879763 -0.6157054 -5.29759e-4 -0.7879763 -0.6157055 -0.8721522 -0.3855179 -0.3012086 -0.8706087 -0.3876941 -0.3028762 -0.8706141 -0.387633 -0.3029387 -0.870612 -0.3876656 -0.3029028 -0.8697267 -0.3888958 -0.3038679 -0.8697465 -0.3888872 -0.3038221 -0.8721356 -0.3855484 -0.3012173 -0.6170794 -0.583625 0.5278208 -0.1023176 -0.6124413 0.7838666 -0.1641723 -0.6037341 0.7800979 -0.1641261 -0.6037309 0.7801102 -0.1642186 -0.6037374 0.7800856 -0.2748342 -0.5920197 0.757614 -0.2748342 -0.5920196 0.7576141 -0.5357908 -0.5195004 0.6656183 -0.4671054 -0.537266 0.702252 -0.4671054 -0.5372661 0.702252 -0.4671055 -0.5372661 0.7022519 -0.7759062 -0.485137 0.4032517 -0.775906 -0.485137 0.4032517 -0.775906 -0.485137 0.4032517 -0.6455088 -0.4701761 0.6018745 -0.8438801 -0.3302945 0.4228143 -0.8438801 -0.3302945 0.4228142 -0.8438801 -0.3302945 0.4228143 -0.8060723 -0.3579049 0.4713294 -0.9827555 -0.1206363 0.140138 -0.9827554 -0.1206363 0.1401379 -0.9827555 -0.1206364 0.140138 -0.9712257 -0.1466252 0.1876748 -0.7751169 0.2740983 -0.5692662 -0.7751169 0.2740983 -0.5692662 -0.7751169 0.2740983 -0.5692662 -0.2383531 0.5927296 -0.769324 -0.2383531 0.5927296 -0.769324 -0.1718189 0.6065207 -0.7762802 -0.5917427 0.502734 -0.6301581 -0.5919922 0.502721 -0.6299341 -0.536217 0.5197066 -0.6651139 -0.6169935 0.3709595 -0.694052 -0.6169935 0.3709596 -0.6940519 -0.6169936 0.3709596 -0.6940519 -0.9948387 0.06241023 -0.08000606 -0.9948387 0.06241023 -0.08000606 -0.9948387 0.06241029 -0.08000606 -0.9867342 0.1032381 -0.1252897 -0.9867342 0.1032381 -0.1252897 -0.9867342 0.1032381 -0.1252897 -0.9614859 0.1689156 -0.2168235 -0.8436684 0.3307769 -0.4228596 -0.8840215 0.2947345 -0.3628191 -0.8838974 0.2950419 -0.3628715 -0.8840214 0.2947345 -0.3628191 -0.763742 0.3974567 -0.5086516 0.8706359 -0.3878089 -0.3026508 0.8706083 -0.3876925 -0.3028792 0.8706083 -0.3876925 -0.3028793 0.8706104 -0.3876696 -0.3029023 0.8697344 -0.3888925 -0.3038497 0.870573 -0.3870871 -0.303754 0.872258 -0.3847302 -0.3019083 0.870586 -0.3877215 -0.3029063 0 0.1482647 -0.9889478 -1.47735e-4 0.1483079 -0.9889413 -1.87807e-4 0.1483132 -0.9889405 -1.87798e-4 0.1483132 -0.9889405 -1.87804e-4 0.1483132 -0.9889405 0 0.148326 -0.9889386 0 0.1483722 -0.9889316 9.71214e-4 0.146759 -0.9891718 0.001013696 0.1514878 -0.9884587 0.6169267 0.3710296 -0.6940739 0.6168646 0.3711006 -0.6940911 0.6168026 0.3711717 -0.6941081 0.1015543 0.6124675 -0.7839454 0.1014591 0.6124699 -0.7839558 0.1013638 0.6124725 -0.7839662 0.1648348 0.6106764 -0.7745347 0.2755889 0.5915478 -0.7577084 0.2753297 0.5917509 -0.7576441 0.5357884 0.5201518 -0.6651113 0.4678855 0.5512886 -0.6907706 0.4678856 0.5512886 -0.6907706 0.4678856 0.5512887 -0.6907706 0.7754124 0.273713 -0.5690491 0.7754776 0.2737687 -0.5689334 0.7754777 0.2737686 -0.5689334 0.6457944 0.4699881 -0.6017149 0.6457945 0.469988 -0.6017149 0.6457945 0.469988 -0.6017149 0.8443529 0.3298949 -0.4221821 0.8443529 0.3298949 -0.4221821 0.8057251 0.3712245 -0.4615188 0.8057808 0.3711913 -0.4614481 0.805725 0.3712246 -0.4615188 0.9823297 0.1084584 -0.1525294 0.9711162 0.1469002 -0.1880259 0 -0.9235346 0.3835152 2.21594e-4 -0.9236769 0.3831726 -2.21611e-4 -0.9236741 0.383179 0 -0.9236571 0.3832199 0 -0.9236512 0.3832345 0 -0.9235229 0.3835433 0 -0.9235229 0.3835433 0 -0.923523 0.3835434 0 -0.9235229 0.3835436 0 -0.7880685 -0.6155876 0 -0.7880685 -0.6155876 0 -0.7880095 -0.6156631 0 -0.7879447 -0.615746 -4.82226e-4 -0.7880179 -0.6156522 -4.87059e-4 -0.7880057 -0.6156678 0 -0.7880285 -0.6156389 0 -0.7879143 -0.615785 4.81707e-4 -0.7880125 -0.6156592 3.24331e-4 -0.7880359 -0.6156293 0 -0.7880218 -0.6156474 0 -0.788057 -0.6156023 0 -0.787998 -0.6156778 0 -0.788057 -0.6156023 0.8147323 -0.560077 0.1500837 0.8147019 -0.4100527 0.4100218 0.8144916 -0.4102703 0.4102213 0.8144917 -0.4102705 0.4102213 0.8144917 -0.4102704 0.4102214 0.8147979 -0.1500216 0.5599983 0.8147498 -0.1500244 0.5600674 0.8144891 0.1501443 0.5604143 0.8144892 0.1501443 0.5604143 0.8144891 0.1501442 0.5604143 0.8147978 0.1500154 0.56 0.81483 0.4099304 0.4098892 0.8144654 0.4103087 0.4102352 0.8144654 0.4103087 0.4102353 0.8144654 0.4103088 0.4102352 0.8147701 0.5600359 0.1500317 0.8147959 0.5599963 0.1500401 0.8147909 0.5600076 -0.1500241 0.8147898 0.5600035 -0.1500457 0.8147293 0.4099841 -0.4100356 0.8148398 0.4099092 -0.4098909 0.8148138 0.1500864 -0.5599576 0.8144904 0.1501345 -0.560415 0.8144905 0.1501346 -0.560415 0.8144904 0.1501346 -0.560415 0.8147408 -0.150093 -0.5600621 0.8148146 -0.1500582 -0.5599641 0.8147987 -0.4099152 -0.4099667 0.8146879 -0.4100625 -0.4100397 0.8149848 -0.5597153 -0.1500625 0.8149038 -0.5598341 -0.1500592 0.8149847 -0.5597153 -0.1500626 0.8145084 -0.560382 -0.1501606 0.8145084 -0.560382 -0.1501606 0.8145084 -0.560382 -0.1501606 0.8147827 -0.5600162 0.1500367 0.243151 -0.9346331 -0.259497 0.2425494 -0.6859522 -0.6860316 0.2424055 -0.6860102 -0.6860246 0.2418854 -0.2511411 -0.9372405 0.2418853 -0.2511411 -0.9372404 0.2418854 -0.2511411 -0.9372404 0.2423647 -0.2510902 -0.9371303 0.2423649 0.2511207 -0.9371221 0.2422987 0.2511046 -0.9371435 0.24237 0.6859839 -0.6860634 0.2425007 0.6860088 -0.6859924 0.2425963 0.9370813 -0.2510493 0.2424197 0.9371057 -0.2511287 0.2424226 0.9371174 0.2510823 0.2425836 0.9370732 0.2510916 0.2419807 0.6862317 0.6859529 0.2421565 0.6861563 0.6859663 0.2419807 0.6862317 0.6859529 0.242516 0.6860111 0.6859845 0.2426662 0.2510083 0.9370743 0.2423758 0.2511018 0.9371243 0.2423563 -0.2510164 0.9371523 0.2420182 -0.2511038 0.9372161 0.2420182 -0.2511037 0.9372162 0.2425987 -0.6859753 0.6859912 0.2425469 -0.6860005 0.6859841 0.2425943 -0.9370738 0.2510791 0.2424834 -0.9370985 0.251094 0.2501572 -0.968157 -0.009672582 0.2501572 -0.968157 -0.009672641 0.2501571 -0.9681569 -0.009672582 0.2767813 -0.9281902 -0.248707 0.5603382 -0.8000573 -0.2143118 0.5603381 -0.8000572 -0.2143118 0.5603381 -0.8000574 -0.2143118 0.5603976 -0.7999854 -0.2144252 0.5603976 -0.7999852 -0.2144252 0.5603976 -0.7999852 -0.2144252 0.5601268 -0.58578 -0.5857644 0.5600001 -0.5858185 -0.5858471 0.5600045 -0.2144337 -0.8002583 0.5600149 -0.2144227 -0.800254 0.5599695 0.2144365 -0.800282 0.5600277 0.2144275 -0.8002437 0.5600197 0.5858312 -0.5858156 0.5600094 0.5858283 -0.5858283 0.5598822 0.8003468 -0.2144226 0.5600016 0.8002554 -0.2144516 0.5599928 0.8002707 0.2144178 0.5602896 0.800056 0.2144435 0.5602896 0.800056 0.2144435 0.5600206 0.5858619 0.5857839 0.5598917 0.5858845 0.5858845 0.560195 0.2143704 0.8001419 0.560195 0.2143704 0.8001418 0.560195 0.2143703 0.8001419 0.5599555 0.2144437 0.8002898 0.5602907 -0.2143273 0.8000864 0.5602908 -0.2143273 0.8000864 0.5602907 -0.2143273 0.8000864 0.5601761 -0.2144145 0.8001433 0.5601761 -0.2144145 0.8001433 0.5602877 -0.5857053 0.5856851 0.5602878 -0.5857052 0.5856851 0.5602877 -0.5857052 0.5856851 0.5600785 -0.585781 0.5858095 0.5599856 -0.8002715 0.2144337 0.5599542 -0.8002899 0.2144466 0.814564 -0.560307 0.1501386 0.8145641 -0.560307 0.1501386 0.814564 -0.560307 0.1501386 0.8144933 -0.4102472 0.4102414 0.8144933 -0.4102472 0.4102414 0.8144933 -0.4102472 0.4102414 0.8145139 -0.4102588 0.4101891 0.8145139 -0.4102588 0.410189 0.814745 -0.1500216 0.5600753 0.814799 -0.1500065 0.5600007 0.8147697 0.1500158 0.5600407 0.8145521 0.410198 0.4101738 0.8145522 0.410198 0.4101738 0.8148168 0.4099344 0.4099115 0.8147978 0.5599982 0.1500216 0.8148037 0.559988 0.1500281 0.8145994 0.560264 -0.1501072 0.8145994 0.560264 -0.1501072 0.8148144 0.5599702 -0.1500368 0.8148543 0.4099012 -0.4098702 0.8146488 0.4101153 -0.4100645 0.8146488 0.4101154 -0.4100645 0.8147684 0.1500259 -0.5600399 0.8146983 0.1500857 -0.560126 0.8146983 0.1500857 -0.560126 0.8146983 0.1500858 -0.560126 0.8149172 -0.1499519 -0.5598433 0.8145892 -0.150149 -0.5602678 0.8145892 -0.150149 -0.5602678 0.8145892 -0.1501491 -0.5602678 0.8147989 -0.4099562 -0.4099253 0.8145084 -0.4102552 -0.4102034 0.8145084 -0.4102553 -0.4102035 0.8145083 -0.4102553 -0.4102034 0.8144883 -0.5604166 -0.1501404 0.8144883 -0.5604167 -0.1501404 0.8144884 -0.5604166 -0.1501404 0.8145025 -0.5603811 -0.1501955 0.8145025 -0.5603811 -0.1501955 0.8145025 -0.5603812 -0.1501955 0.2431349 -0.9346323 -0.259515 0.2419857 -0.686177 -0.686006 0.242077 -0.686148 -0.6860027 0.242077 -0.6861479 -0.6860028 0.2425941 -0.6859779 -0.6859902 0.2425299 -0.2510941 -0.9370865 0.2423607 -0.2511516 -0.9371148 0.242305 0.2511245 -0.9371365 0.2425957 0.2511447 -0.937056 0.2425388 0.6859858 -0.6860017 0.2425315 0.6860033 -0.6859869 0.2425736 0.9370846 -0.2510587 0.2424231 0.9371005 -0.2511449 0.2424376 0.9371138 0.2510813 0.2426068 0.9370676 0.2510901 0.2422744 0.6860614 0.6860195 0.2422744 0.6860615 0.6860196 0.2422744 0.6860615 0.6860195 0.2425623 0.686003 0.6859763 0.2421965 0.2510993 0.9371714 0.2421965 0.2510992 0.9371714 0.2423716 0.2511671 0.9371079 0.2424103 -0.2511019 0.9371154 0.2422459 -0.2509868 0.9371887 0.2422459 -0.2509867 0.9371887 0.2422459 -0.2509867 0.9371888 0.2426584 -0.6859647 0.6859806 0.2425392 -0.6860019 0.6859855 0.2421293 -0.9371834 0.2511187 0.2421293 -0.9371834 0.2511187 0.2421293 -0.9371834 0.2511186 0.2424796 -0.9370995 0.2510942 0.2505761 -0.9680517 -0.009368181 0.2505761 -0.9680517 -0.00936824 0.250576 -0.9680517 -0.009368062 0.2767981 -0.9281812 -0.248722 0.5599676 -0.8002793 -0.2144513 0.5603389 -0.8000322 -0.2144034 0.560339 -0.8000323 -0.2144035 0.5603389 -0.8000321 -0.2144034 0.5599452 -0.5858824 -0.5858356 0.5598823 -0.5858747 -0.5859034 0.5601884 -0.2143723 -0.8001459 0.5601884 -0.2143723 -0.8001459 0.5601884 -0.2143724 -0.8001459 0.5600088 -0.2144704 -0.8002455 0.5598838 0.2144514 -0.8003379 0.5598638 0.2145096 -0.8003364 0.5598166 0.5859439 -0.585897 0.5599309 0.5858658 -0.5858658 0.5603201 0.8000508 -0.2143831 0.560122 0.8001844 -0.2144022 0.5601221 0.8001844 -0.2144022 0.5599977 0.8002541 -0.2144666 0.5599862 0.8002791 0.2144033 0.5598561 0.800354 0.2144637 0.5598595 0.5859234 0.5858766 0.5598132 0.5859221 0.5859221 0.5600716 0.2144159 0.800216 0.5600716 0.2144159 0.800216 0.5600715 0.2144159 0.800216 0.5601841 0.2144571 0.8001263 0.5598722 -0.214472 0.8003407 0.5598722 -0.214472 0.8003407 0.5601671 -0.214397 0.8001543 0.5601671 -0.214397 0.8001543 0.5601671 -0.214397 0.8001543 0.5598595 -0.5859234 0.5858766 0.5599608 -0.5858373 0.5858658 0.5599415 -0.8003044 0.2144258 -5.43158e-5 0.6156701 -0.7880041 -6.11097e-5 -0.6156496 0.7880202 -1 0 0 5.43196e-5 -0.6156519 0.7880183 4.07369e-5 0.6156696 -0.7880045 1 2.54603e-6 0 1 -3.3948e-6 0 0.7750624 -0.4861443 0.4036609 0.7750625 -0.4861443 0.4036609 0.7750625 -0.4861443 0.4036609 0.1690672 -0.6067893 0.7766744 0.1046301 -0.6072761 0.7875711 0.1046301 -0.6072761 0.7875712 0.1046301 -0.6072761 0.7875711 0.6170001 -0.5831745 0.5284115 0.6170705 -0.5831566 0.5283488 0.6170001 -0.5831744 0.5284114 0.2787079 -0.5915713 0.7565483 0.4912452 -0.536136 0.6864665 0.5336696 -0.5168784 0.6693531 0.7915906 -0.3801614 0.4783951 0.8450284 -0.3263774 0.4235623 0.8450283 -0.3263775 0.4235623 0.8450284 -0.3263775 0.4235623 0.9781763 -0.1308749 0.1613781 0.985525 -0.1043763 0.1335901 1.90098e-4 0.6156679 -0.7880057 8.48649e-5 -0.6156689 0.7880049 -8.14814e-5 -0.6156668 0.7880067 -1.76544e-4 0.6156705 -0.7880037 1 1.69731e-6 0 1 -3.39536e-6 0 0.7754884 -0.4854655 0.4036599 0.1697226 -0.6067352 0.7765736 0.1047189 -0.6072706 0.7875637 0.104814 -0.6072698 0.7875517 0.1053847 -0.6072644 0.7874795 0.6167204 -0.5832561 0.5286477 0.2782348 -0.5915214 0.7567614 0.278462 -0.5914503 0.7567334 0.2783257 -0.591493 0.7567504 0.4917687 -0.5358883 0.6862851 0.5339404 -0.5168179 0.6691839 0.7914528 -0.3803297 0.4784892 0.8454274 -0.3259502 0.4230945 0.8454274 -0.3259502 0.4230946 0.8454274 -0.3259502 0.4230945 0.9780763 -0.1312102 0.1617124 0.9855288 -0.1043521 0.13358 -0.8722262 -0.3854104 -0.3011316 -0.8706152 -0.3876416 -0.3029246 -0.8706336 -0.3876417 -0.3028716 -0.8706176 -0.387659 -0.3028956 -0.8696671 -0.388979 -0.303932 -0.8696886 -0.3889691 -0.3038827 -0.8722128 -0.3854399 -0.3011331 -0.6168152 -0.5835156 0.5282505 -0.102243 -0.6124826 0.783844 -0.1645318 -0.6038234 0.779953 -0.1645318 -0.6038233 0.7799531 -0.2745467 -0.592135 0.7576281 -0.5357233 -0.5195217 0.6656559 -0.4670066 -0.5372492 0.7023305 -0.4670066 -0.5372492 0.7023305 -0.7759 -0.4852305 0.4031508 -0.7759 -0.4852306 0.4031509 -0.7759 -0.4852305 0.4031509 -0.6454836 -0.4702352 0.6018552 -0.6451174 -0.470424 0.6021004 -0.8437127 -0.3304456 0.4230303 -0.8060101 -0.3579848 0.4713753 -0.982774 -0.120585 0.1400517 -0.9711539 -0.1468018 0.1879082 -0.7749293 0.2741801 -0.5694823 -0.7749293 0.2741801 -0.5694823 -0.7749293 0.2741801 -0.5694823 -0.2378968 0.5928263 -0.7693909 -0.1715857 0.6065364 -0.7763195 -0.1715857 0.6065365 -0.7763196 -0.5916464 0.5027878 -0.6302055 -0.5916464 0.5027879 -0.6302054 -0.5916465 0.5027878 -0.6302055 -0.5361362 0.5197471 -0.6651474 -0.6173539 0.3706277 -0.6939088 -0.9948014 0.06268727 -0.08025407 -0.986721 0.1032785 -0.1253608 -0.9614616 0.1689659 -0.2168925 -0.8437527 0.3307071 -0.4227461 -0.883857 0.2950564 -0.3629578 -0.7636799 0.397443 -0.5087556 -0.7636799 0.3974429 -0.5087556 -0.76368 0.3974428 -0.5087556 0.87064 -0.3877553 -0.3027077 0.8706396 -0.3874863 -0.3030531 0.8706191 -0.3876551 -0.3028962 0.869685 -0.3889503 -0.3039174 0.8705635 -0.3870649 -0.3038091 0.8723437 -0.3845779 -0.3018548 0.8705824 -0.3877199 -0.3029187 0 0.1482649 -0.9889477 -1.47731e-4 0.1483129 -0.9889405 -1.87038e-4 0.1483288 -0.9889382 -1.87029e-4 0.1483288 -0.9889381 -1.87035e-4 0.1483288 -0.9889381 0 0.1483274 -0.9889384 0 0.1483697 -0.988932 9.70791e-4 0.1464281 -0.9892209 9.70818e-4 0.1464281 -0.9892209 9.70807e-4 0.1464281 -0.9892209 0.001003861 0.1518216 -0.9884074 0.001003861 0.1518216 -0.9884074 0.001003921 0.1518216 -0.9884074 0.6169289 0.3710694 -0.6940507 0.6169288 0.3710693 -0.6940507 0.6169288 0.3710694 -0.6940507 0.1015821 0.6124587 -0.7839487 0.1015821 0.6124588 -0.7839486 0.1015821 0.6124587 -0.7839488 0.1647999 0.6106874 -0.7745334 0.2759893 0.59163 -0.7574986 0.2759894 0.59163 -0.7574985 0.2759894 0.5916299 -0.7574985 0.5355113 0.5202641 -0.6652465 0.5355113 0.5202642 -0.6652465 0.5355113 0.5202641 -0.6652465 0.4676612 0.5513281 -0.690891 0.4676613 0.5513281 -0.690891 0.4676612 0.551328 -0.690891 0.7751434 0.2734994 -0.5695182 0.6458058 0.4700588 -0.6016474 0.6458058 0.4700587 -0.6016474 0.6458058 0.4700588 -0.6016474 0.8441538 0.3300713 -0.422442 0.8056735 0.3711726 -0.4616504 0.9823964 0.1081939 -0.1522874 0.971153 0.1468225 -0.1878964 0 -0.9235311 0.3835235 2.2161e-4 -0.9236708 0.3831869 -2.21602e-4 -0.9236747 0.3831778 0 -0.9236594 0.3832148 0 -0.9235211 0.3835479 0 -0.9235211 0.3835479 0 -0.9235211 0.3835479 0 -0.9236504 0.3832362 0 -0.9235306 0.3835245 0 -0.7879477 -0.6157424 0 -0.7879477 -0.6157423 0 -0.7880067 -0.6156668 0 -0.7879183 -0.6157798 1.88171e-4 -0.788008 -0.6156651 1.88201e-4 -0.7880078 -0.6156652 1.88219e-4 -0.788008 -0.6156651 -4.86663e-4 -0.7880071 -0.615666 0 -0.7880224 -0.6156467 0 -0.7881185 -0.6155236 0 -0.7881185 -0.6155236 0 -0.7881185 -0.6155236 0.001030743 -0.7879143 -0.6157839 9.39256e-4 -0.7879321 -0.6157615 9.39273e-4 -0.7879322 -0.6157615 3.24418e-4 -0.7880234 -0.6156452 0 -0.7881184 -0.6155236 0 -0.7881184 -0.6155237 0 -0.7881184 -0.6155238 0.06644052 -0.961423 -0.2669301 0.08704179 -0.9961577 -0.009684205 0.08704179 -0.9961576 -0.009684205 0.08704179 -0.9961577 -0.009684205 0.08416998 -0.9625033 0.2578814 0.08416688 -0.9625013 0.2578901 0.08412694 -0.7046148 0.7045855 0.08456373 -0.7046272 0.7045209 0.08456373 -0.7046272 0.7045208 0.08456373 -0.7046272 0.7045208 0.08412766 -0.2578276 0.9625215 0.08422523 -0.257888 0.9624967 0.08421856 0.2578298 0.9625129 0.08410257 0.2579048 0.962503 0.08409792 0.7046019 0.7046019 0.08411407 0.7046054 0.7045965 0.08415699 0.9625071 0.2578716 0.08418035 0.9625008 0.2578876 0.08418482 0.9625058 -0.2578673 0.08415269 0.9625025 -0.2578904 0.0841313 0.7045633 -0.7046365 0.08423036 0.7045984 -0.7045895 0.08427596 0.2579141 -0.9624853 0.08389383 0.2578818 -0.9625273 0.08389383 0.2578818 -0.9625273 0.08421427 -0.2579045 -0.9624933 0.08425158 -0.2578839 -0.9624955 0.08418941 -0.7045598 -0.704633 0.08413714 -0.704604 -0.7045951 0.08417087 -0.9625006 -0.2578913 0.06643158 -0.9614166 -0.2669552 0.08705037 -0.9961537 -0.01000815 0.08706372 -0.9961572 -0.009528994 0.08706372 -0.9961572 -0.009528934 0.08418452 -0.9625021 0.257881 0.0841633 -0.9625015 0.2578901 0.08409792 -0.7046166 0.7045872 0.08409923 -0.7045973 0.7046062 0.08459514 -0.257806 0.9624863 0.0845952 -0.257806 0.9624863 0.0845952 -0.257806 0.9624863 0.08416712 -0.2579451 0.9624865 0.08418762 0.2579124 0.9624935 0.08409422 0.2579583 0.9624894 0.08412694 0.7046001 0.7046001 0.08411228 0.7046055 0.7045965 0.08417147 0.9625059 0.2578713 0.08417326 0.9625014 0.2578877 0.08419078 0.9625005 -0.2578855 0.08415967 0.962499 -0.257901 0.08412784 0.7045928 -0.7046074 0.08413511 0.7046064 -0.704593 0.08418881 0.257916 -0.9624924 0.08422625 0.2579519 -0.9624796 0.08391338 -0.2578586 -0.9625318 0.08391338 -0.2578587 -0.9625319 0.08408784 -0.2579433 -0.9624939 0.08460396 -0.7045916 -0.7045515 0.08460396 -0.7045916 -0.7045516 0.08460396 -0.7045916 -0.7045515 0.08412116 -0.704605 -0.7045961 0.08416014 -0.9624986 -0.2579023 -0.8706122 -0.3877245 -0.3028272 -0.870616 -0.3875623 -0.3030237 -0.8706097 -0.387712 -0.3028499 -0.8697866 -0.3888596 -0.3037423 -0.8697379 -0.3888739 -0.3038638 -0.8722126 -0.3854066 -0.301176 -0.8721669 -0.3854821 -0.3012115 -0.6171849 -0.5835935 0.5277324 -0.1019603 -0.6124731 0.7838883 -0.1021504 -0.6124736 0.7838632 -0.1020554 -0.6124734 0.7838758 -0.1645799 -0.6037994 0.7799614 -0.2739843 -0.5921485 0.757821 -0.2739844 -0.5921485 0.757821 -0.2739844 -0.5921484 0.7578212 -0.5356258 -0.5195792 0.6656895 -0.5356258 -0.5195792 0.6656895 -0.4674107 -0.5370675 0.7022007 -0.7752211 -0.4858049 0.4037645 -0.7752212 -0.4858049 0.4037646 -0.7752212 -0.4858049 0.4037645 -0.6460135 -0.4699411 0.6015165 -0.843708 -0.3304599 0.4230284 -0.8060442 -0.3579174 0.4713681 -0.8060442 -0.3579174 0.4713681 -0.9827774 -0.1205708 0.1400406 -0.9711763 -0.1467549 0.1878286 -0.7754939 0.2738272 -0.5688832 -0.2377708 0.5928186 -0.7694357 -0.1720552 0.6064881 -0.7762535 -0.5919893 0.502637 -0.6300038 -0.5360575 0.5197431 -0.665214 -0.6170446 0.3712568 -0.6938475 -0.9948006 0.06269007 -0.08026081 -0.9948006 0.06269007 -0.08026087 -0.9948006 0.06269013 -0.08026081 -0.9867448 0.1032023 -0.1252356 -0.961556 0.1687919 -0.2166091 -0.961556 0.1687919 -0.2166092 -0.9615559 0.1687919 -0.2166092 -0.8439137 0.3305655 -0.4225356 -0.8838869 0.295043 -0.3628963 -0.7634401 0.3976595 -0.508946 -0.7634403 0.3976595 -0.508946 0.870617 -0.3875812 -0.3029963 0.8706111 -0.3877055 -0.3028545 0.8706171 -0.3877035 -0.3028397 0.8697239 -0.3889566 -0.3037981 0.8706349 -0.3869878 -0.303703 0.8722958 -0.3846705 -0.3018751 0.8706374 -0.3876146 -0.3028952 0 0.148117 -0.9889699 -1.4773e-4 0.1483648 -0.9889327 1.47725e-4 0.1483662 -0.9889325 0 0.1483914 -0.9889288 0 0.147963 -0.9889929 0 0.147963 -0.9889929 0 0.147963 -0.9889929 0.001078665 0.1467211 -0.9891774 0.001140654 0.151549 -0.9884491 0.6165642 0.371517 -0.6941353 0.6165643 0.371517 -0.6941352 0.6165642 0.371517 -0.6941352 0.1023331 0.6124805 -0.783834 0.1023331 0.6124804 -0.783834 0.1023808 0.6124797 -0.7838284 0.1643393 0.6107411 -0.7745889 0.2748062 0.591867 -0.7577435 0.2748061 0.5918669 -0.7577435 0.2747139 0.5918871 -0.7577612 0.5354301 0.520316 -0.6652714 0.5354301 0.520316 -0.6652714 0.4672608 0.5514258 -0.6910839 0.7753838 0.2738065 -0.569043 0.7753838 0.2738065 -0.5690431 0.7753838 0.2738065 -0.5690432 0.6459688 0.4699695 -0.6015421 0.6459689 0.4699695 -0.6015421 0.6459689 0.4699695 -0.6015421 0.8442977 0.3299129 -0.4222784 0.8056613 0.3712015 -0.4616487 0.9824463 0.1079908 -0.1521096 0.9824463 0.1079908 -0.1521096 0.9824463 0.1079908 -0.1521096 0.9711591 0.1467922 -0.1878885 3.69323e-4 -0.9236767 0.3831726 -3.69331e-4 -0.923679 0.3831673 0 -0.9236583 0.3832174 0 -0.9236608 0.3832112 0 -0.9236565 0.3832216 0 -0.923721 0.3830662 0 -0.9237073 0.3830991 1.88649e-4 -0.7879791 -0.6157019 1.88726e-4 -0.7879791 -0.6157019 1.88703e-4 -0.7879792 -0.6157019 5.38544e-4 -0.788017 -0.6156534 5.38506e-4 -0.788017 -0.6156534 5.3852e-4 -0.7880169 -0.6156533 0 -0.7879174 -0.615781 0 -0.7879174 -0.615781 0 -0.7879174 -0.615781 0 -0.7876064 -0.6161788 0 -0.7880192 -0.6156508 3.9951e-4 -0.7880334 -0.6156324 0 -0.7879439 -0.615747 0 -0.7879439 -0.615747 0 -0.7878848 -0.6158226 0 -0.7883096 -0.6152788 -3.35815e-4 -0.7880018 -0.6156728 -3.35789e-4 -0.7880018 -0.6156728 -3.35747e-4 -0.7880018 -0.615673 0.09662586 -0.953049 -0.2869863 0.02703517 -0.9937552 -0.108259 0.1981257 -0.8784151 -0.4348947 0.2039418 -0.8881454 -0.4118319 0.2188827 -0.8548576 -0.4704347 0.2188847 -0.8548573 -0.4704344 0.2188827 -0.8548576 -0.4704348 0.2158281 -0.8607917 -0.4609296 0.2107363 -0.868978 -0.447736 0.2107363 -0.868978 -0.447736 0.2107362 -0.868978 -0.447736 0.2046366 -0.876486 -0.4357711 0.19637 -0.8854283 -0.4212549 0.1725164 -0.9056618 -0.3873177 0.2230849 -0.8688649 -0.4419354 0.3891888 -0.7854449 -0.4812572 0.3621463 -0.7506917 -0.5525504 0.3601197 -0.6717077 -0.6473969 0.3601197 -0.6717077 -0.6473968 0.5264985 -0.652873 -0.5445699 0.1981207 -0.6345214 -0.7470816 0.2223111 -0.62578 -0.7476478 0.1556295 -0.6243678 -0.7654701 0.1675041 -0.6253474 -0.7621569 0.181559 -0.6271261 -0.7574624 0.1969769 -0.629792 -0.7513735 0.2128087 -0.6331643 -0.7441878 0.02664643 -0.5113619 -0.8589522 0.1042381 -0.4817358 -0.8700949 0.1864537 -0.6165228 -0.764941 0.2524284 -0.6441379 -0.7220571 -0.09655767 -0.509157 -0.8552403 -0.02726387 -0.3457509 -0.9379302 -0.02726387 -0.3457509 -0.9379303 -0.1864544 -0.6165191 -0.7649438 -0.2557333 -0.6452665 -0.7198832 -0.2118235 -0.6327213 -0.7448453 -0.2118235 -0.6327214 -0.7448453 -0.2118235 -0.6327213 -0.7448453 -0.1827698 -0.6271784 -0.7571278 -0.1687377 -0.6253902 -0.7618495 -0.1560076 -0.6243673 -0.7653934 -0.1560075 -0.6243674 -0.7653935 -0.1560076 -0.6243674 -0.7653934 -0.2073753 -0.6257171 -0.7519798 -0.223135 -0.6391052 -0.7360404 -0.3890362 -0.6570858 -0.6456695 -0.3621592 -0.71753 -0.5949718 -0.3605712 -0.7905588 -0.49498 -0.5264203 -0.6863592 -0.5017898 -0.1981638 -0.8784191 -0.4348689 -0.2222862 -0.8768524 -0.4262849 -0.1558558 -0.8937811 -0.4205524 -0.1672002 -0.8908177 -0.4224783 -0.1672003 -0.8908178 -0.4224783 -0.1672003 -0.8908177 -0.4224783 -0.1819657 -0.886597 -0.4252461 -0.1963776 -0.8816078 -0.4291896 -0.2131043 -0.8751143 -0.4344671 -0.02677172 -0.9571829 -0.2882436 -0.1042857 -0.9608237 -0.2567928 -0.1866626 -0.8912664 -0.4132814 -0.2520975 -0.8566262 -0.4501538 0.09660732 -0.9530481 -0.2869956 0.02711117 -0.9937413 -0.1083671 0.02711129 -0.9937412 -0.1083671 0.02711123 -0.9937412 -0.1083671 0.1980232 -0.8784143 -0.4349429 0.2039021 -0.8882335 -0.4116615 0.218863 -0.854925 -0.4703214 0.218863 -0.8549251 -0.4703214 0.2188198 -0.8549996 -0.4702062 0.2157484 -0.8607738 -0.4610002 0.2157483 -0.8607739 -0.4610002 0.2157483 -0.8607739 -0.4610001 0.2105698 -0.869044 -0.4476863 0.2045699 -0.8765453 -0.4356828 0.1963723 -0.8853902 -0.4213337 0.1725422 -0.9056093 -0.387429 0.2230815 -0.8688299 -0.4420059 0.3891559 -0.7854089 -0.4813426 0.3620389 -0.7506262 -0.5527099 0.3604868 -0.6716312 -0.6472718 0.5268697 -0.6527714 -0.5443326 0.5264731 -0.6530308 -0.5444052 0.1980454 -0.6345334 -0.7470913 0.2223386 -0.6257694 -0.7476485 0.1555642 -0.6242743 -0.7655596 0.1670234 -0.6254987 -0.7621381 0.1670234 -0.6254988 -0.7621382 0.1670234 -0.6254987 -0.7621381 0.1811664 -0.6270866 -0.7575891 0.1811663 -0.6270866 -0.7575891 0.1978938 -0.6296679 -0.7512366 0.1978938 -0.6296679 -0.7512366 0.1979401 -0.6296678 -0.7512245 0.212696 -0.6331897 -0.7441984 0.2126961 -0.6331897 -0.7441985 0.212696 -0.6331897 -0.7441984 0.02689206 -0.5112409 -0.8590167 0.1042357 -0.4816591 -0.8701376 0.1866093 -0.6166265 -0.7648195 0.2519844 -0.6440421 -0.7222975 -0.09658676 -0.5090405 -0.8553064 -0.02712517 -0.3456745 -0.9379624 -0.1866093 -0.6166265 -0.7648195 -0.2545514 -0.6450746 -0.7204738 -0.2122871 -0.6326558 -0.744769 -0.1834183 -0.6272532 -0.756909 -0.168173 -0.6254011 -0.7619655 -0.1555738 -0.6243435 -0.7655012 -0.1555738 -0.6243435 -0.7655013 -0.2073576 -0.6256783 -0.7520171 -0.2231442 -0.6391162 -0.736028 -0.389061 -0.6570854 -0.6456551 -0.3620381 -0.7177372 -0.5947956 -0.3605014 -0.7905466 -0.4950503 -0.526393 -0.6862928 -0.501909 -0.1980558 -0.8784292 -0.4348978 -0.222323 -0.8768526 -0.4262654 -0.1557233 -0.8938108 -0.4205383 -0.1557233 -0.8938109 -0.4205384 -0.1557233 -0.8938109 -0.4205383 -0.1669219 -0.8909355 -0.42234 -0.166922 -0.8909355 -0.42234 -0.1669219 -0.8909355 -0.42234 -0.1814793 -0.8867481 -0.425139 -0.1967749 -0.8813791 -0.4294771 -0.1967749 -0.8813791 -0.4294771 -0.2127427 -0.8752784 -0.4343137 -0.02661675 -0.957138 -0.288407 -0.02661675 -0.957138 -0.288407 -0.02661675 -0.957138 -0.288407 -0.1042382 -0.9607983 -0.256907 -0.1864555 -0.891385 -0.4131189 -0.2520633 -0.8566361 -0.4501543 -0.2520633 -0.8566361 -0.4501543 1.90109e-4 0.6156741 -0.7880009 8.48698e-5 -0.6156719 0.7880026 -1 -3.39459e-6 0 1.58426e-4 0.6156553 -0.7880157 1.58424e-4 0.6156553 -0.7880157 1.5843e-4 0.6156553 -0.7880157 1 -3.39462e-6 0 1 3.39536e-6 0 0.7755631 -0.4854362 0.4035514 0.7755631 -0.4854362 0.4035514 0.7755185 -0.4855198 0.4035363 0.1692483 -0.6067738 0.776647 0.1692483 -0.6067738 0.776647 0.1047349 -0.6072562 0.7875726 0.1048295 -0.6072595 0.7875576 0.1049242 -0.6072627 0.7875425 0.6167487 -0.5835977 0.5282375 0.6167486 -0.5835978 0.5282375 0.6167486 -0.5835977 0.5282375 0.2777791 -0.591703 0.756787 0.2777792 -0.591703 0.756787 0.2780094 -0.5916624 0.7567341 0.4917913 -0.5358923 0.6862659 0.5340998 -0.5167757 0.6690891 0.5340998 -0.5167757 0.6690891 0.5340999 -0.5167757 0.6690891 0.7915289 -0.3802465 0.4784292 0.8451685 -0.3262478 0.4233826 0.9781209 -0.1310597 0.1615639 0.9855311 -0.1043524 0.1335631 0.4919611 1.47725e-4 0.8706173 0.4919611 1.8779e-4 0.8706173 0.491961 1.87789e-4 0.8706173 0.491961 1.87791e-4 0.8706173 0.491944 0 0.8706269 0.4936539 0 0.8696585 0.4936287 0 0.8696728 0.489304 0 0.8721133 0.489304 0 0.8721134 0.489304 0 0.8721134 0.4890324 0 0.8722657 0.4886142 0 0.8725 0.4890324 0 0.8722656 0.1342256 0.7756348 0.616745 0 0.9947817 0.1020264 -0.004368841 0.98629 0.1649635 1.27216e-4 0.9614703 0.2749091 -4.29526e-4 0.8444109 0.535696 -0.009037554 0.8838447 0.4676934 0.1352346 0.6168438 0.7753807 0.1352347 0.6168438 0.7753809 7.2928e-5 0.7632172 0.6461421 7.29451e-5 0.7632172 0.6461421 7.29177e-5 0.7632172 0.6461421 -1.35981e-4 0.5365915 0.8438423 -1.36018e-4 0.5365915 0.8438423 -1.36019e-4 0.5365914 0.8438422 -0.008150875 0.5922554 0.8057092 0.008805096 0.1846516 0.9827646 0 0.2381206 0.9712357 0 0.2381206 0.9712357 0 0.2381206 0.9712357 0.1350485 -0.6168846 0.7753807 0.1350485 -0.6168846 0.7753807 0.006523311 -0.9712897 0.2378106 0 -0.9850855 0.1720662 0 -0.9850854 0.1720662 0 -0.9850854 0.1720662 -0.008223891 -0.8058648 0.5920425 0 -0.8442053 0.5360201 0.1342217 -0.7756123 0.616774 0 -0.1021756 0.9947664 -0.004173576 -0.1623466 0.986725 4.01538e-4 -0.2747538 0.9615145 4.01531e-4 -0.2747538 0.9615146 4.0153e-4 -0.2747538 0.9615145 -2.97497e-4 -0.5366607 0.8437981 -0.009088873 -0.4672375 0.8840851 0 -0.6458307 0.7634807 0.4919103 1.8206e-4 -0.8706459 0.4919642 -1.47759e-4 -0.8706156 0.4919611 1.47725e-4 -0.8706173 0.4919579 0 -0.8706189 0.4933516 0 -0.86983 0.4919371 -9.7965e-4 -0.8706303 0.4886466 -0.001039326 -0.8724812 0.4886466 -0.001039326 -0.8724812 0.4886466 -0.001039326 -0.8724812 0.4921833 0 -0.8704916 0.4921833 0 -0.8704917 0.4921833 0 -0.8704917 0.4918143 -0.8707001 0 0.4919371 -0.8706308 -1.47729e-4 0.4918796 -0.8706633 0 0.4934623 -0.8697664 -0.001133084 0.4886542 -0.8724769 -0.001123785 0.1340084 -0.7757765 -0.616614 0.1340084 -0.7757763 -0.616614 0.1340084 -0.7757764 -0.6166141 0 -0.9947917 -0.1019297 -0.004374682 -0.9862806 -0.1650198 1.64827e-4 -0.9615172 -0.2747449 1.64803e-4 -0.9615172 -0.2747449 1.64823e-4 -0.9615172 -0.2747449 -4.57349e-4 -0.8445268 -0.5355132 -0.00901705 -0.8841153 -0.4671817 -0.00901705 -0.8841153 -0.4671817 -0.00901699 -0.8841153 -0.4671817 0.1343247 -0.6167152 -0.7756412 2.6345e-5 -0.7634432 -0.645875 2.6362e-5 -0.7634432 -0.645875 2.19324e-5 -0.7634431 -0.6458751 1.69793e-5 -0.5360111 -0.8442109 -0.008244156 -0.5921204 -0.8058074 -0.008244156 -0.5921203 -0.8058074 -0.008244216 -0.5921204 -0.8058074 0.008475303 -0.1863866 -0.9824399 0 -0.2385657 -0.9711264 0 -0.2385657 -0.9711264 0 -0.2385657 -0.9711264 0.4919371 0.8706308 -1.47729e-4 0.4919931 0.8705992 1.47723e-4 0.4919098 0.8706462 0 0.4919099 0.8706461 0 0.4918811 0.8706624 0 0.4917813 0.8707187 0 0.4917936 0.8707118 0 1 -9.98303e-5 0 0.9999997 8.16102e-4 0 0.9999997 8.16132e-4 0 0.9999997 8.16177e-4 0 0.9999999 -5.29293e-4 0 0.9999999 -5.29301e-4 0 0.9999999 -5.29288e-4 0 1 -1.41119e-5 0 1 -1.10872e-5 0 1 -7.05537e-6 0 1 -3.52788e-6 0 1 -5.54348e-6 0 1 1.41107e-5 0 1 1.10872e-5 0 1 7.05497e-6 0 1 3.52769e-6 0 1 5.54348e-6 0 1 -3.52689e-6 0 1 5.54324e-6 0 1 -2.82175e-5 0 1 -7.05457e-6 0 1 1.1086e-5 0 1 3.52729e-6 0 1 2.82167e-5 0 1 -1.10855e-5 0 1 7.05457e-6 0 9.91154e-5 0 1 0 -0.1133474 -0.9935554 0.03116321 -0.1674134 -0.9853942 3.57759e-5 -0.278186 -0.9605273 -1.37557e-5 -0.4470899 -0.8944892 0.06796276 -0.5496288 -0.8326399 -0.004449009 -0.6583634 -0.7526872 0.007021725 -0.8570238 -0.515229 0.04303216 -0.8797745 -0.4734396 -8.8581e-7 -0.9542483 -0.2990153 -1.74016e-5 -0.9923923 -0.1231166 0.05962669 -0.9982208 0 -0.01403462 -0.9883229 0.1517267 0.02352052 -0.8853308 0.4643666 0.03274071 -0.8801257 0.4736105 -1.42751e-5 -0.762961 0.6464445 -1.74595e-5 -0.7078899 0.7063229 0.0382207 -0.5504719 0.8339784 0.01552265 -0.5289089 0.8485367 -0.01391702 -0.1675359 0.9857679 0 -0.1831588 0.9830834 -5.43157e-5 0.6156684 -0.7880053 -6.11095e-5 -0.6156492 0.7880204 5.43195e-5 -0.6156502 0.7880196 4.07367e-5 0.6156703 -0.7880039 1 1.69735e-6 0 0.7753829 -0.4858224 0.4034327 0.1700047 -0.6067047 0.7765359 0.1700047 -0.6067047 0.7765359 0.1700047 -0.6067046 0.7765358 0.1215784 -0.6073462 0.7850791 0.1215784 -0.6073463 0.7850791 0.1215784 -0.6073463 0.7850791 0.2932583 -0.5888583 0.7531571 0.2932583 -0.5888583 0.753157 0.2932583 -0.5888583 0.7531571 0.4458609 -0.5510585 0.705367 0.5326343 -0.5160583 0.6708089 0.5326343 -0.5160582 0.6708089 0.5326343 -0.5160583 0.6708089 0.6172266 -0.5829857 0.528355 0.6717659 -0.4585592 0.5817681 0.6715173 -0.4586951 0.5819479 0.6717659 -0.4585608 0.5817669 0.8770452 -0.2904666 0.3826498 0.8432971 -0.331625 0.4229362 0.9861642 -0.1017521 0.1308695 0.9855211 -0.1043903 0.1336067 -0.150044 -0.2971951 -0.9429539 -0.4100733 -0.38958 -0.8246619 -0.4101382 -0.389486 -0.8246741 -0.5602636 -0.5494814 -0.6198185 -0.5602328 -0.5495039 -0.6198264 -0.5602535 -0.7343688 -0.3831691 -0.5600386 -0.7344231 -0.3833792 -0.4100449 -0.8944212 -0.1785336 -0.4100008 -0.894451 -0.178485 -0.1500699 -0.9868392 -0.06023001 -0.1500798 -0.9868397 -0.06019538 0.1500788 -0.9868394 -0.06020468 0.1500627 -0.9868405 -0.0602259 0.4097577 -0.8945768 -0.1784121 0.4097577 -0.8945768 -0.1784121 0.4097577 -0.8945768 -0.1784121 0.4099974 -0.8944442 -0.178527 0.5600168 -0.7344704 -0.3833205 0.5602859 -0.7343133 -0.3832281 0.5602812 -0.5494883 -0.6197966 0.5602331 -0.5494854 -0.6198425 0.4101427 -0.3894541 -0.824687 0.4100834 -0.3896066 -0.8246444 0.1500794 -0.2972083 -0.9429441 0.1500532 -0.2971241 -0.9429748 -0.1500933 -0.2971199 -0.9429697 0.2595893 0.3839533 -0.8861114 0.6860121 0.2313202 -0.6898395 0.6860269 0.2313726 -0.6898071 0.9371381 -0.03632599 -0.3470628 0.9371303 -0.03634423 -0.3470818 0.9371274 -0.3455701 0.04871934 0.937169 -0.34545 0.04877024 0.6861234 -0.6131411 0.3915261 0.68603 -0.6133289 0.3913958 0.2510568 -0.7679346 0.5892769 0.2511098 -0.7679553 0.5892271 0.2511098 -0.7679553 0.5892271 0.2511098 -0.7679553 0.5892271 -0.2510871 -0.7677598 0.5894915 -0.2511184 -0.7679237 0.5892646 -0.6860679 -0.613274 0.391415 -0.6860901 -0.6131922 0.3915044 -0.9370573 -0.3457749 0.04861658 -0.9370573 -0.3457749 0.04861664 -0.9370573 -0.3457749 0.04861652 -0.9371498 -0.3455165 0.04866957 -0.9371455 -0.03636652 -0.3470386 -0.9371344 -0.03638964 -0.3470662 -0.6860386 0.2313506 -0.689803 -0.685988 0.2313485 -0.6898539 -0.2511206 0.3859002 -0.8877047 -0.251172 0.3860193 -0.8876384 0.0090034 0.3987812 -0.917002 0.2487735 0.3534196 -0.9017796 0.214384 0.05119562 -0.9754069 0.2145025 0.05149471 -0.9753651 0.5859335 -0.08055567 -0.8063454 0.5857906 -0.08077424 -0.8064273 0.8001257 -0.3094382 -0.5138549 0.8001507 -0.3094092 -0.5138335 0.800145 -0.5734201 -0.175947 0.8001445 -0.5734216 -0.1759451 0.5857533 -0.8020422 0.1167103 0.5857501 -0.8020311 0.1168039 0.2143661 -0.9340257 0.285733 0.2144225 -0.9340486 0.2856155 -0.2143757 -0.9340609 0.2856106 -0.2144347 -0.9340117 0.285727 -0.5857762 -0.802019 0.1167555 -0.5857506 -0.8020389 0.1167468 -0.8001587 -0.5734065 -0.1759285 -0.8002126 -0.5733417 -0.1758957 -0.8002117 -0.3093302 -0.5137861 -0.8001734 -0.3094036 -0.5138016 -0.585816 -0.08081996 -0.8064044 -0.5858656 -0.08055508 -0.8063947 -0.2144201 0.05151295 -0.9753822 -0.2144695 0.05119693 -0.9753881 -0.1501144 -0.2969412 -0.9430226 -0.410115 -0.3894258 -0.8247142 -0.410082 -0.3894352 -0.8247261 -0.5602236 -0.5495032 -0.6198353 -0.5601038 -0.5495657 -0.6198882 -0.5600619 -0.7344238 -0.3833438 -0.5605348 -0.7342205 -0.3830419 -0.5605348 -0.7342205 -0.383042 -0.4100662 -0.89445 -0.1783394 -0.4099857 -0.8944469 -0.1785405 -0.150067 -0.9868363 -0.0602824 -0.1500697 -0.9868422 -0.06017905 0.1500911 -0.9868386 -0.06018495 0.1500737 -0.98684 -0.06020647 0.4100342 -0.8944495 -0.1784155 0.4100872 -0.8944305 -0.1783891 0.5601739 -0.7343545 -0.3833127 0.5600781 -0.7344087 -0.3833491 0.5600914 -0.5496354 -0.6198375 0.5602609 -0.5494856 -0.6198172 0.4101579 -0.3894397 -0.8246862 0.4101608 -0.3893246 -0.824739 0.1501197 -0.2968986 -0.9430353 0.1501229 -0.2969743 -0.9430109 -0.1500872 -0.2969827 -0.9430139 0.2594974 0.3841269 -0.8860631 0.6860154 0.2314408 -0.6897957 0.6860147 0.2312279 -0.6898677 0.9370808 -0.0365327 -0.3471961 0.9370795 -0.03656113 -0.3471966 0.9370574 -0.3457901 0.04850459 0.9371129 -0.3456267 0.04859566 0.686024 -0.6133697 0.3913423 0.6860544 -0.6132885 0.3914161 0.2511131 -0.7678872 0.5893144 0.2511235 -0.7678866 0.5893108 -0.2511005 -0.7678907 0.5893152 -0.2511169 -0.7678881 0.5893117 -0.6860461 -0.6132923 0.391425 -0.6860303 -0.6133689 0.3913325 -0.9372133 -0.3453374 0.04871666 -0.9372133 -0.3453373 0.04871666 -0.9372134 -0.3453374 0.04871666 -0.9371256 -0.3455763 0.04871094 -0.9371485 -0.0363239 -0.3470351 -0.9370692 -0.03650248 -0.3472304 -0.686083 0.2314984 -0.6897091 -0.686083 0.2314984 -0.6897091 -0.6860829 0.2314984 -0.6897091 -0.6860399 0.2314276 -0.6897758 -0.2510599 0.3860605 -0.8876522 -0.2510327 0.3859854 -0.8876925 0.007422029 0.3987256 -0.9170402 0.007422089 0.3987255 -0.9170403 0.007422029 0.3987255 -0.9170403 0.2486482 0.353569 -0.9017556 0.2143641 0.05119442 -0.9754113 0.2143667 0.0511893 -0.975411 0.5857364 -0.08079552 -0.8064646 0.5858309 -0.08067649 -0.8064078 0.800257 -0.3093009 -0.5137332 0.8001942 -0.3093628 -0.5137937 0.8002507 -0.5733069 -0.1758353 0.8002609 -0.5732924 -0.1758365 0.5858023 -0.8019887 0.1168326 0.5856634 -0.8021543 0.1163916 0.5856634 -0.8021543 0.1163916 0.5856634 -0.8021543 0.1163915 0.2143936 -0.9340018 0.2857906 0.2144414 -0.9340469 0.2856072 -0.2143633 -0.9340625 0.2856148 -0.2144318 -0.9339931 0.28579 -0.5857909 -0.8019955 0.1168429 -0.5857837 -0.8020022 0.1168335 -0.799961 -0.573656 -0.1760153 -0.7999609 -0.573656 -0.1760153 -0.799961 -0.573656 -0.1760153 -0.8002442 -0.573331 -0.1757861 -0.800184 -0.3093479 -0.5138187 -0.8002362 -0.3092387 -0.5138031 -0.5858038 -0.08062607 -0.8064326 -0.5857813 -0.08079051 -0.8064324 -0.2143588 0.05119556 -0.9754124 -0.2143514 0.05119961 -0.9754139 0.0966078 -0.9530476 -0.286997 0.02717196 -0.993714 -0.1086021 0.02717196 -0.993714 -0.1086021 0.02717196 -0.993714 -0.1086021 0.1980217 -0.8784162 -0.4349398 0.2039011 -0.8882319 -0.4116654 0.2188002 -0.8550871 -0.4700558 0.2188002 -0.8550872 -0.4700559 0.2188001 -0.8550872 -0.4700559 0.2155666 -0.8609315 -0.4607906 0.2155854 -0.8609071 -0.4608274 0.2155854 -0.8609071 -0.4608274 0.2105668 -0.8690652 -0.4476464 0.20463 -0.876492 -0.4357618 0.1964048 -0.885344 -0.4214159 0.1724713 -0.9056909 -0.3872697 0.2230923 -0.8688315 -0.4419974 0.3891531 -0.7854335 -0.4813047 0.3620317 -0.7506425 -0.5526926 0.3604778 -0.6716143 -0.6472944 0.5265105 -0.6529927 -0.5444146 0.1980574 -0.6345237 -0.7470964 0.2223507 -0.6257548 -0.7476571 0.1559071 -0.6243482 -0.7654294 0.1559071 -0.6243484 -0.7654293 0.1559071 -0.6243482 -0.7654294 0.1669998 -0.6253389 -0.7622746 0.1669998 -0.6253388 -0.7622745 0.1669998 -0.6253388 -0.7622746 0.1816821 -0.6271051 -0.7574503 0.1979084 -0.6296098 -0.7512814 0.1979084 -0.6296098 -0.7512814 0.1978619 -0.6296102 -0.7512934 0.2128177 -0.6332934 -0.7440753 0.2128177 -0.6332935 -0.7440753 0.2128177 -0.6332935 -0.7440753 0.0268929 -0.5112469 -0.859013 0.1866062 -0.6166283 -0.7648187 0.2514475 -0.6441042 -0.7224293 0.2514475 -0.6441042 -0.7224292 -0.09658551 -0.5090417 -0.8553057 -0.02712333 -0.3456633 -0.9379666 -0.1866069 -0.6166246 -0.7648217 -0.2553064 -0.6453092 -0.7199963 -0.2553064 -0.6453093 -0.7199963 -0.2553064 -0.6453093 -0.7199963 -0.2123077 -0.6326876 -0.7447362 -0.1828311 -0.627091 -0.7571854 -0.1828311 -0.6270911 -0.7571855 -0.1680773 -0.6254721 -0.7619283 -0.1557389 -0.6243176 -0.7654887 -0.207371 -0.6256849 -0.7520078 -0.2231434 -0.6391125 -0.7360314 -0.3890763 -0.6570681 -0.6456633 -0.3620352 -0.7177627 -0.5947666 -0.360503 -0.7905397 -0.4950603 -0.5262106 -0.6863243 -0.5020573 -0.5262106 -0.6863242 -0.5020573 -0.1980735 -0.8784277 -0.4348927 -0.2223245 -0.8768464 -0.4262774 -0.1552985 -0.8939084 -0.4204879 -0.1668274 -0.8909951 -0.4222516 -0.1668274 -0.8909951 -0.4222515 -0.1668274 -0.8909952 -0.4222516 -0.1814579 -0.8867444 -0.425156 -0.1970686 -0.8813547 -0.4293926 -0.2128395 -0.8752282 -0.4343675 -0.02706241 -0.9571771 -0.2882356 -0.1042367 -0.9607963 -0.2569149 -0.186457 -0.8913803 -0.4131283 -0.2522251 -0.8565773 -0.4501754 -0.2522251 -0.8565773 -0.4501755 0 -1 1.6974e-6 0.134316 0.6169253 -0.7754756 0.134316 0.6169253 -0.7754755 0 0.9854711 -0.1698434 -0.00473392 0.9925494 -0.1217507 3.02565e-4 0.9561241 -0.2929618 -8.44258e-5 0.8951297 -0.445806 -0.006332457 0.8463753 -0.5325493 0.1331419 0.7759113 -0.616632 0.133142 0.7759113 -0.616632 0.1331419 0.7759113 -0.6166321 0.003183782 0.7406613 -0.6718711 0.003183782 0.7406613 -0.6718711 0.003183722 0.7406613 -0.6718711 -0.006621181 0.480407 -0.8770207 9.51892e-4 0.5371653 -0.8434766 -3.68705e-4 0.1660203 -0.9861223 1 8.27102e-6 0 1 -7.16962e-6 0 1 2.20466e-6 0 1 4.52407e-6 0 0 0.866022 -0.5000059 0 0.8660227 -0.5000048 0 -0.8037395 0.5949814 0.03115504 -0.7696613 0.6376918 -1.42041e-5 -0.692611 0.7213113 -4.12674e-5 -0.5511605 0.8343994 0.06793385 -0.4463151 0.8922936 -0.004492402 -0.3226917 0.9464935 0.006996095 -0.01767557 0.9998193 0.04304921 0.02993673 0.9986243 2.29642e-5 0.2182042 0.9759032 0 0.389558 0.9210019 0.05963456 0.499085 0.8644986 -0.01403778 0.6255841 0.7800304 0.02351278 0.8448209 0.5345324 0.03273528 0.8502309 0.5253912 -9.35743e-6 0.9412974 0.3375786 4.36588e-6 0.9656283 0.2599272 0.03822875 0.9974796 0.05977654 0.01549643 0.9993091 0.03378212 -0.01395833 0.9374475 -0.3478467 0 0.942949 -0.3329374 0 -0.8660143 0.5000194 0 -0.8660148 0.5000184 0 0.7071269 0.7070868 0 0.25882 0.9659256 0 -0.01651483 0.9998636 0.05598473 -0.2584041 0.9644134 0 -0.2747053 0.9615285 0 -0.7071148 0.7070988 0 -0.7071229 0.7070907 0 -0.9659261 0.258818 0 -0.9659242 0.2588255 0 -0.9659242 -0.2588255 0 -0.9659261 -0.258818 0 -0.7071148 -0.7070988 0 -0.7071229 -0.7070907 0 -0.2587929 -0.9659329 0 0.258805 -0.9659296 0 0.7071189 -0.7070948 0 0.7071189 -0.7070947 0 0.9659261 -0.258818 0 0.9700599 0.2428659 0.05594825 0.9644114 0.2584196 0 0.8742406 0.485493 0 0.7071108 0.7071028 0 -0.8660138 -0.5000204 0 -0.8660157 -0.5000168 0 0.9171404 0.3985645 0.03113192 0.9370799 0.3477244 1.69142e-6 0.9709326 0.2393535 -4.81465e-5 0.9981932 0.06008678 0.06795221 0.995902 -0.05968111 -0.004457652 0.9810277 -0.1938161 0.007021725 0.8746837 -0.4846432 0.04298979 0.8498953 -0.5251953 -1.24421e-5 0.736161 -0.6768065 -4.64048e-5 0.6028103 -0.7978846 0.05961138 0.4990879 -0.8644986 -0.01403999 0.3627886 -0.9317658 0.02352929 0.04051828 -0.9989018 0.03274774 0.02990788 -0.9990161 -1.85014e-5 -0.1784641 -0.9839465 -1.74596e-5 -0.2577346 -0.9662157 0.03823244 -0.4469835 -0.8937249 0.0154708 -0.4703962 -0.8823198 -0.01397913 -0.7699875 -0.6379058 0 -0.7598116 -0.6501435 0 0.8660312 0.4999899 0 0.8660345 0.4999844 0 0.25882 -0.9659256 0 0.8742406 -0.485493 0.05595433 0.9644108 -0.25842 0 0.9700599 -0.2428659 0 0.9659305 0.2588019 0 0.7071028 0.7071108 0 -0.258808 0.9659288 0 -0.7071068 0.7071068 0 -0.9659305 0.2588019 0 -0.9659285 0.2588095 0 -0.2747053 -0.9615285 0.0560047 -0.2584021 -0.9644127 0 -0.01651483 -0.9998636 0.985354 -0.04881405 -0.1633856 0.9894195 -0.006672918 -0.1449304 0.9894194 -0.006672978 -0.1449303 0.9894195 -0.006672978 -0.1449303 0.9270226 -0.2592328 -0.2709752 0.9270226 -0.2592328 -0.2709751 0.9594151 -0.1599795 -0.2322268 0.9594151 -0.1599796 -0.2322267 0.9594151 -0.1599795 -0.2322267 0.9009885 -0.3112488 -0.3022316 0.9009885 -0.3112488 -0.3022316 0.8032562 -0.4600852 -0.3782869 0.7637547 -0.5106 -0.3949258 0.7634451 -0.510894 -0.3951441 0.499392 -0.7150222 -0.4892351 0.5161913 -0.7070163 -0.483399 0.1739912 -0.8436622 -0.5078989 0.1498185 -0.8471983 -0.5097153 0.9899169 -0.009507119 0.1413307 0.9886701 -0.02074891 0.1486647 0.9347988 -0.2379304 0.2637054 0.759679 -0.5148506 0.3972615 0.7638225 -0.5106647 0.3947113 0.8796098 -0.3475571 0.3247934 0.9578384 -0.1803432 0.2236559 0.9578384 -0.1803432 0.2236559 0.9578384 -0.1803432 0.223656 0.6880008 -0.5839178 0.4309234 0.6880006 -0.5839171 0.4309246 0.6880007 -0.583917 0.4309246 0.6373539 -0.6260262 0.4493007 0.6373541 -0.6260271 0.4492993 0.637354 -0.6260262 0.4493008 0.5009734 -0.7196359 0.4807806 0.5009734 -0.7196359 0.4807806 0.5009734 -0.7196359 0.4807806 0.5337948 -0.7025237 0.4706629 0.2363379 -0.8226815 0.517049 0.1735674 -0.842376 0.5101736 0.9889999 -0.005436062 0.1478168 0.9889999 -0.005436062 0.1478168 0.9889999 -0.005436062 0.1478168 0.960712 -0.1186177 0.2509229 0.960712 -0.1186176 0.2509229 0.9607016 -0.1186597 0.2509431 0.9909676 0.03798294 0.1286104 0.7231017 -0.2330399 0.6502434 0.7231019 -0.23304 0.6502431 0.723102 -0.2330398 0.650243 0.9905884 0.04872012 0.1279103 0.9905884 0.04871994 0.1279101 0.9905884 0.04871994 0.1279101 0.9842751 0.05376839 0.1682603 0.9842751 0.05376851 0.1682603 0.9842751 0.05376815 0.1682603 0.9909514 0.05757105 0.121248 0.9909514 0.05757099 0.121248 0.9909514 0.05757105 0.121248 0.9894387 0.06778734 0.1281254 0.9894387 0.0677874 0.1281253 0.9894387 0.06778728 0.1281253 0.9907595 0.06415098 0.1195006 0.9907595 0.06415086 0.1195007 0.9907594 0.06415092 0.1195008 0.9907399 0.07025498 0.1161839 0.99074 0.07025492 0.1161841 0.99074 0.07025498 0.1161839 0.8897716 0.2825574 0.3584243 0.8897518 0.2825829 0.3584533 0.8897318 0.2826054 0.3584851 0.9917709 0.0693674 0.1076051 0.9917708 0.0693674 0.107605 0.9917708 0.0693674 0.107605 0.9448155 0.2596545 0.1997576 0.9448156 0.2596547 0.1997578 0.9448155 0.2596549 0.1997578 0.9901271 0.08744901 0.1095501 0.9901271 0.08744901 0.1095501 0.9901271 0.08744901 0.1095501 0.9815282 0.158252 0.1075122 0.9815281 0.158252 0.1075124 0.9815281 0.158252 0.1075122 0.9896324 0.1011466 0.1019664 0.9876003 0.1391572 0.07267028 0.9876003 0.1391572 0.07267034 0.9876003 0.1391572 0.07267034 0.99013 0.1264201 0.06050246 0.9901357 0.1264209 0.06040674 0.99013 0.12642 0.06050246 0.9886875 0.1296211 0.07546752 0.9886876 0.1296211 0.07546752 0.9886876 0.1296211 0.07546752 0.9544056 0.2984132 0.007722437 0.9544056 0.2984132 0.007722318 0.9544056 0.2984132 0.007722318 0.8933495 0.4436005 -0.07173168 0.8933494 0.4436005 -0.07173168 0.8933495 0.4436005 -0.07173168 0.747099 -0.3328525 0.5753715 0.747099 -0.3328526 0.5753716 0.747099 -0.3328525 0.5753715 0.7709856 -0.3068 0.5580818 0.7561872 -0.1502842 0.6368639 0.7699224 -0.1375753 0.6231313 0.7543064 0.03109472 0.6557857 0.7543064 0.03109472 0.6557858 0.7543064 0.03109478 0.6557857 0.7682416 0.03648442 0.6391196 0.7599904 0.2329519 0.6067521 0.7648441 0.2324892 0.6008014 0.7656319 0.3921786 0.5099056 0.7621909 0.393782 0.5138103 0.7677795 0.5197324 0.3746906 0.7677795 0.5197324 0.3746906 0.7677794 0.5197324 0.3746905 0.7546361 0.5311872 0.3851814 0.7693821 0.5904341 0.2438008 0.7694427 0.590362 0.243784 0.7607397 0.5985485 0.2510275 0.7607397 0.5985485 0.2510275 0.7706319 0.6304427 0.09310579 0.7706319 0.6304427 0.09310579 0.7462441 0.6584697 0.09765964 0.7464664 0.6582185 0.09765499 0.4780412 -0.4852233 0.7321442 0.5098028 -0.4643369 0.7242185 0.5098028 -0.4643369 0.7242185 0.488969 -0.2435268 0.8376181 0.5076367 -0.2320299 0.8297393 0.5076367 -0.2320299 0.8297392 0.5076367 -0.2320299 0.8297392 0.4856392 0.01078701 0.8740929 0.5040827 0.01678067 0.8634924 0.4922131 0.3019356 0.816432 0.498235 0.3023344 0.8126228 0.498235 0.3023343 0.8126229 0.498235 0.3023344 0.8126229 0.5000073 0.5352042 0.6808446 0.4954996 0.5358906 0.6835947 0.5032404 0.717149 0.4821272 0.4863605 0.7237053 0.4895958 0.5060102 0.8121006 0.2905969 0.5059283 0.8121411 0.2906261 0.5059283 0.812141 0.2906262 0.494751 0.8167205 0.2969666 0.5091197 0.8574795 0.07433801 0.4770621 0.8753759 0.07828766 0.4770621 0.8753759 0.07828766 0.4770621 0.8753759 0.07828766 0.1604124 -0.7850261 0.5983327 0.5085951 -0.6524838 0.5617793 0.4874762 -0.6697791 0.5601456 0.769689 -0.4521802 0.4506795 0.753971 -0.4745656 0.4542194 0.1846292 -0.7741703 0.6054522 0.1669792 -0.6662996 0.7267481 -0.01392322 -0.6034598 0.7972719 0.1841722 -0.5220934 0.832766 0.1606428 -0.3081637 0.9376722 0.1606428 -0.3081637 0.9376722 0.1606428 -0.3081637 0.9376722 0.1821642 -0.2984114 0.9368922 0.1584171 -0.01089429 0.9873122 0.1789922 -0.00481671 0.9838387 0.1718069 0.2218381 0.9598283 0.1718069 0.2218381 0.9598283 0.1718069 0.2218381 0.9598283 -0.01367586 0.334788 0.9421943 -0.01367586 0.334788 0.9421943 -0.01367586 0.334788 0.9421943 0.1734704 0.3864207 0.9058626 0.1728027 0.6141341 0.770051 0.167828 0.6137303 0.771472 0.1781408 0.8282488 0.5312908 0.1512127 0.9872496 0.04972952 0.1512127 0.9872496 0.04972952 0.1512127 0.9872496 0.04972958 0.1868126 0.9813001 0.04638248 0.1701375 0.9470077 0.2724514 0.1330695 0.9446139 0.2999954 0.1765971 0.9208976 0.3475073 0.1590771 0.8294737 0.5354137 0.930409 -0.221175 0.2922682 0.9381992 -0.1960818 0.2851917 0.9381992 -0.1960818 0.2851917 0.9277402 -0.1389042 0.3464155 0.9401357 -0.109769 0.3226389 0.9330313 -0.03881412 0.3576958 0.9401113 -0.02556383 0.3399076 0.9338848 0.04730099 0.3544316 0.9411882 0.05238354 0.3337976 0.9411882 0.05238348 0.3337975 0.9411882 0.05238348 0.3337975 0.9376321 0.1345466 0.3205359 0.9402772 0.1334999 0.31314 0.9404648 0.1999204 0.2748779 0.9385554 0.2022427 0.2796633 0.9410625 0.2568333 0.2200865 0.9342254 0.2706468 0.2323212 0.9400901 0.2971719 0.1670917 0.9353744 0.3072617 0.1751142 0.940791 0.3238427 0.1001914 0.940791 0.3238427 0.1001914 0.940791 0.3238427 0.1001914 0.9275488 0.3583856 0.1058925 0.9275144 0.358475 0.10589 0.9275488 0.3583856 0.1058925 0.939877 0.341506 -0.00221467 0.939877 0.341506 -0.00221467 0.939877 0.341506 -0.00221467 0.7713064 0.6229943 -0.1302481 0.744069 0.6538684 -0.1371769 0.5117521 0.826673 -0.2339265 0.4751805 0.8471901 -0.2376394 0.1903162 0.9315269 -0.3098991 0.1495192 0.9390777 -0.309479 0.9853174 0.1661594 0.03925299 0.9853174 0.1661594 0.03925299 0.9853174 0.1661594 0.03925299 0.9894312 0.1287913 0.06662529 0.9894312 0.1287914 0.06662529 0.9894312 0.1287914 0.06662529 0.9268947 0.3645348 -0.08933484 0.9593529 0.2813224 -0.02235764 0.9593528 0.2813229 -0.02235692 0.9593527 0.2813228 -0.02235698 0.9007775 0.4177161 -0.118799 0.8032845 0.5576136 -0.2092874 0.763805 0.5972781 -0.2446649 0.4994407 0.7811756 -0.3745983 0.5161864 0.7721474 -0.3705942 0.1737822 0.8617086 -0.476716 0.1499172 0.8650062 -0.4788414 0.9577696 0.2840781 0.04446369 0.9577696 0.2840781 0.04446357 0.9577696 0.2840781 0.04446357 0.9347975 0.3473443 0.07419973 0.9886714 0.1390985 -0.05639606 0.9899151 0.1271604 -0.06243616 0.7598386 0.6012999 0.2471517 0.7638288 0.5971695 0.2448557 0.8639007 0.4789355 0.1558732 0.9222753 0.3749258 0.09401619 0.9222385 0.3750077 0.09404981 0.9222385 0.3750076 0.09404993 0.6870833 0.6660956 0.2902296 0.687083 0.666096 0.2902296 0.6870494 0.6661298 0.2902313 0.6373571 0.7022221 0.31727 0.6373571 0.702222 0.3172701 0.6373571 0.702222 0.3172699 0.5005934 0.7763769 0.3829428 0.533912 0.7588064 0.3730295 0.236326 0.8591181 0.4539452 0.1735067 0.8630245 0.4744305 0.9890006 0.1306902 -0.06926655 0.9890006 0.1306902 -0.06926649 0.9889633 0.1310142 -0.06918728 0.9607042 0.2766155 -0.02305257 0.9607042 0.2766155 -0.02305269 0.9607418 0.2764819 -0.02309036 0.9909644 0.09238964 -0.09723156 0.7203593 0.6826036 -0.1230238 0.7203593 0.6826036 -0.1230238 0.7203273 0.6826387 -0.1230168 0.9905993 0.08623427 -0.1061926 0.9905993 0.08623427 -0.1061925 0.9905993 0.08623421 -0.1061925 0.9842987 0.1185567 -0.1307695 0.9842986 0.1185565 -0.1307694 0.9842987 0.1185563 -0.1307697 0.990978 0.07603847 -0.1103668 0.990978 0.07603847 -0.1103667 0.990978 0.07603847 -0.1103667 0.9894136 0.07741755 -0.1227492 0.9894136 0.07741767 -0.1227492 0.9894136 0.07741773 -0.1227491 0.9907602 0.07064133 -0.1157763 0.9907602 0.07064127 -0.1157764 0.9907602 0.07064127 -0.1157764 0.9907073 0.06543838 -0.1192342 0.9907074 0.06543838 -0.1192341 0.9907139 0.06541758 -0.1191915 0.8901493 0.166083 -0.4243237 0.8901702 0.1660721 -0.4242843 0.890191 0.1660614 -0.4242449 0.9917587 0.05854278 -0.1139635 0.9917586 0.05854284 -0.1139635 0.9917586 0.05854284 -0.1139635 0.9444406 0.04421526 -0.3256948 0.9444563 0.04421192 -0.3256496 0.9444406 0.04421532 -0.3256947 0.9900981 0.05109369 -0.1307489 0.9900981 0.05109369 -0.1307489 0.9900981 0.05109369 -0.1307489 0.9816067 0.01400506 -0.1904007 0.9816066 0.01400518 -0.1904007 0.9816067 0.014005 -0.1904006 0.989632 0.03775227 -0.1385758 0.9875556 -0.00690943 -0.1571192 0.9902832 -0.01010787 -0.1386982 0.9902832 -0.01010769 -0.1386983 0.9902963 -0.01011586 -0.1386038 0.9886916 5.81248e-4 -0.1499621 0.9886917 5.81246e-4 -0.1499621 0.9886916 5.81235e-4 -0.1499621 0.9543805 -0.1427125 -0.2622807 0.9543804 -0.1427125 -0.2622808 0.9543804 -0.1427125 -0.2622807 0.8931661 -0.2843831 -0.3483971 0.7472469 0.6645464 5.37168e-4 0.770901 0.6368156 -0.01332902 0.756087 0.626805 -0.1882765 0.7698221 0.6085627 -0.1924208 0.7543234 0.5523856 -0.3547766 0.7543234 0.5523856 -0.3547766 0.7543234 0.5523856 -0.3547766 0.7682846 0.5351883 -0.3511584 0.7598482 0.4091043 -0.5052371 0.7598482 0.4091043 -0.505237 0.764936 0.4039766 -0.5016731 0.7659919 0.2453359 -0.5941943 0.7622569 0.2481005 -0.5978384 0.7678009 0.06461024 -0.6374225 0.767801 0.06461024 -0.6374225 0.7678009 0.06461024 -0.6374225 0.7546799 0.06800556 -0.6525592 0.7692866 -0.08413684 -0.6333398 0.7692866 -0.0841369 -0.6333397 0.7692866 -0.0841369 -0.6333397 0.7605797 -0.08203768 -0.6440406 0.7704747 -0.2346835 -0.5926993 0.7462575 -0.2446354 -0.6190747 0.478103 0.8766339 0.05413728 0.5101647 0.8591511 0.0398938 0.4889517 0.8471847 -0.2078561 0.5074854 0.8346589 -0.2140171 0.4857435 0.7515187 -0.4464001 0.504122 0.7393689 -0.4463124 0.492225 0.5560588 -0.6697114 0.4983937 0.5525186 -0.6680772 0.4997347 0.322141 -0.8040464 0.4955306 0.3240501 -0.805879 0.5032426 0.05894577 -0.8621324 0.4861555 0.0621376 -0.8716604 0.4861555 0.06213754 -0.8716604 0.4861555 0.06213754 -0.8716604 0.5060057 -0.1543939 -0.8485993 0.5060057 -0.1543939 -0.8485993 0.5060057 -0.1543939 -0.8485993 0.4946719 -0.1512004 -0.855826 0.509024 -0.3643788 -0.7798222 0.4772006 -0.3698595 -0.7971722 0.1603696 0.910672 0.3807336 0.5086064 0.8127431 0.2841978 0.4875005 0.8199653 0.3000003 0.7694257 0.6166632 0.1664651 0.7694256 0.6166632 0.1664651 0.7540012 0.6306124 0.183876 0.1846674 0.9114298 0.3676872 0.1670698 0.9624735 0.2138515 -0.01411515 0.9921814 0.1240035 0.1841336 0.9822517 0.03573089 0.1611561 0.966022 -0.2020651 0.1822093 0.9605675 -0.2100232 0.1585152 0.8604541 -0.4842435 0.1791635 0.8543801 -0.4877861 0.1721138 0.7202185 -0.6720581 -0.01340347 0.6485182 -0.7610812 0.1736891 0.5912343 -0.7875748 0.1729746 0.3598309 -0.9168432 0.1678887 0.3612844 -0.9172171 0.1775723 0.04599404 -0.9830324 0.1775723 0.0459873 -0.9830328 0.1775723 0.0459873 -0.9830328 0.1512663 -0.4505429 -0.8798463 0.1868264 -0.4504284 -0.8730465 0.1701955 -0.2374879 -0.9563645 0.1328423 -0.2125611 -0.9680758 0.1328423 -0.2125611 -0.9680758 0.1328423 -0.2125611 -0.9680759 0.1768416 -0.1594915 -0.971231 0.1768416 -0.1594914 -0.971231 0.1768416 -0.1594915 -0.9712309 0.1594056 0.04890674 -0.986001 0.1594056 0.04890674 -0.986001 0.1594056 0.04890674 -0.9860011 0.9303795 0.3637691 0.04545414 0.9381072 0.3452807 0.02713161 0.9381073 0.3452807 0.02713155 0.9381073 0.3452807 0.02713161 0.92777 0.3693796 -0.05293196 0.9401422 0.3342768 -0.0662719 0.9330506 0.3291444 -0.1451919 0.9401354 0.3070905 -0.1477871 0.9338973 0.2832749 -0.2181539 0.9411097 0.2631207 -0.2123207 0.9376614 0.2102499 -0.2767424 0.940285 0.2044327 -0.2721607 0.9404749 0.1380904 -0.310545 0.9387226 0.1408103 -0.3145989 0.9387226 0.1408103 -0.3145988 0.938755 0.1407565 -0.3145264 0.9410735 0.06215667 -0.3324413 0.941186 0.06214284 -0.3321255 0.9342091 0.06587028 -0.3505915 0.9400692 -0.003878176 -0.3409616 0.9354045 -0.001973092 -0.353574 0.9409146 -0.07496607 -0.3302419 0.9276998 -0.08727878 -0.3629814 0.9399585 -0.1724681 -0.2945043 0.7713651 -0.4242548 -0.4743459 0.7439835 -0.4458004 -0.4977455 0.5115282 -0.6160047 -0.5990635 0.4752005 -0.6294146 -0.6148349 0.1906566 -0.7340657 -0.6517652 0.1494105 -0.7375591 -0.6585462 0.1494104 -0.7375591 -0.6585462 0.9832563 -0.1168346 0.139846 0.9891349 -0.1244113 0.07831913 0.9891349 -0.1244113 0.07831913 0.9891349 -0.1244113 0.07831913 0.9431513 -0.107894 0.3143638 0.9352695 -0.1054494 0.3378628 0.7612363 -0.1067607 0.6396262 0.8405018 -0.09181833 0.5339721 0.5919225 -0.07373416 0.8026152 0.5008012 -0.05416905 0.8638657 0.3676251 -0.04566389 0.9288523 0.1739298 -0.01673752 0.9846158 0.1342357 -0.01595711 0.990821 0.9899233 -0.1176413 -0.0788185 0.9710746 -0.1236197 -0.2042852 0.9599246 -0.1174583 -0.2544568 0.9599246 -0.1174582 -0.2544567 0.9599246 -0.1174582 -0.2544568 0.9007973 -0.105701 -0.421179 0.8940434 -0.1056147 -0.4353529 0.8940433 -0.1056147 -0.4353529 0.8940434 -0.1056147 -0.4353529 0.7629653 -0.09388452 -0.6395857 0.8030084 -0.08965671 -0.5891852 0.6910989 -0.08132725 -0.71817 0.6910989 -0.08132731 -0.7181701 0.6910991 -0.08132714 -0.7181698 0.6341552 -0.07603824 -0.7694578 0.6341552 -0.0760383 -0.7694579 0.6341553 -0.07603812 -0.7694578 0.5809294 -0.06773936 -0.8111304 0.580891 -0.06773453 -0.8111582 0.5808903 -0.06773424 -0.8111588 0.5005109 -0.05513381 -0.8639729 0.08912068 -0.0105614 -0.995965 0.1743775 -0.01512116 -0.9845629 0.2062866 -0.02079153 -0.9782708 0.2062865 -0.02079153 -0.9782708 0.2062864 -0.02079159 -0.9782707 0.4086777 -0.05392354 -0.9110844 0.1845291 -0.1372041 -0.973203 0.9277666 -0.2305362 -0.2934321 0.9909728 -0.1336345 -0.01071524 0.9909728 -0.1336345 -0.01071518 0.9909728 -0.1336346 -0.01071518 0.9607296 -0.1583376 -0.2278769 0.9606781 -0.1584002 -0.2280507 0.9606781 -0.1584002 -0.2280507 0.9909633 -0.1304075 -0.03139388 0.7213005 -0.4506096 -0.5260005 0.7213343 -0.4505794 -0.5259799 0.7213355 -0.4505795 -0.5259783 0.981562 -0.1720207 0.08333659 0.981562 -0.1720206 0.08333671 0.981562 -0.1720206 0.08333671 0.9901462 -0.115964 0.07850492 0.9901462 -0.115964 0.07850486 0.9901462 -0.1159641 0.07850492 0.9875394 -0.132642 0.08468908 0.9342258 -0.336517 0.1182307 0.9889693 -0.1254103 -0.07881623 0.9571744 -0.1378586 -0.2545826 0.9571744 -0.1378586 -0.2545826 0.9394183 -0.1322537 -0.3162314 0.9394183 -0.1322537 -0.3162314 0.8941658 -0.1533668 -0.4206497 0.7540031 -0.1560368 -0.6380689 0.7546919 -0.5991201 0.2673859 0.7675483 -0.5845794 0.2629385 0.7622708 -0.6417731 0.08408659 0.9843772 -0.1719834 -0.03772985 0.984377 -0.1719837 -0.03772944 0.984377 -0.1719836 -0.0377295 0.9906057 -0.1349992 -0.021811 0.9906057 -0.134999 -0.02181106 0.9906057 -0.1349989 -0.02181112 0.9330693 -0.2902784 -0.2124152 0.9401611 -0.224532 -0.2562865 0.7472123 -0.3318549 -0.5758004 0.7693211 -0.1641529 -0.6174131 0.7693212 -0.1641529 -0.6174132 0.7693212 -0.1641529 -0.6174132 0.4872997 -0.1501119 -0.8602356 0.4863303 -0.7858659 0.3819657 0.5031269 -0.776155 0.3800615 0.4954038 -0.8600117 0.122291 0.4999035 -0.8572955 0.1230489 0.4984105 -0.8548223 -0.1444496 0.9339196 -0.3305227 -0.1361954 0.9401501 -0.2814923 -0.1920413 0.7559482 -0.4765222 -0.4488531 0.770771 -0.3300022 -0.5449868 0.4781013 -0.3914725 -0.7862369 0.4781013 -0.3914725 -0.7862369 0.4781013 -0.3914725 -0.786237 0.5088399 -0.1603564 -0.8457942 0.1605779 -0.1257494 -0.97898 0.1669192 -0.296015 -0.9404857 -0.01423114 -0.3886447 -0.9212779 0.5101311 -0.3949812 -0.7640395 0.4889772 -0.6036443 -0.6296943 0.7695686 -0.4710558 -0.4311273 0.7695686 -0.4710558 -0.4311273 0.7695686 -0.4710559 -0.4311273 0.7545619 -0.5831915 -0.3008726 0.9411068 -0.3154361 -0.1217299 0.9377573 -0.3445325 -0.04368925 0.9377573 -0.3445325 -0.04368925 0.9377573 -0.3445325 -0.04368931 0.989346 -0.1454834 -0.005400836 0.989346 -0.1454834 -0.005400717 0.989346 -0.1454834 -0.005400717 0.9908316 -0.1350463 -0.003909587 0.9908316 -0.1350463 -0.003909468 0.9908316 -0.1350464 -0.003909468 0.1843146 -0.4601984 -0.8684732 0.1612932 -0.6580455 -0.7355003 0.507479 -0.6027016 -0.6158052 0.4857252 -0.762354 -0.4276535 0.7679386 -0.5720733 -0.2881015 0.7679386 -0.5720733 -0.2881015 0.7679387 -0.5720733 -0.2881015 0.7600458 -0.641878 -0.1016029 0.940307 -0.3378582 -0.04092162 0.9404901 -0.3379436 0.03567314 0.9907457 -0.1356966 0.003062188 0.9907457 -0.1356967 0.003062188 0.9907457 -0.1356967 0.003062129 0.8919421 -0.4471251 0.06721943 0.8919618 -0.447087 0.0672121 0.8919599 -0.4470909 0.06721073 0.1818922 -0.6621605 -0.7269517 0.1818922 -0.6621605 -0.7269517 0.1585147 -0.8495978 -0.5030474 0.5041582 -0.7561651 -0.4171797 0.4922364 -0.8580095 -0.1467075 0.764882 -0.6365126 -0.09903132 0.7658895 -0.6373819 0.08460372 0.9387093 -0.342897 0.03530794 0.9387093 -0.3428971 0.03530794 0.9387093 -0.3428971 0.03530788 0.9410302 -0.319099 0.1124195 0.9917373 -0.1281338 0.006232082 0.9917373 -0.1281338 0.006232142 0.9917373 -0.1281338 0.006232142 0.9450995 -0.3025827 0.1234132 0.9451135 -0.3025368 0.1234176 0.9451418 -0.3024453 0.123426 0.1789278 -0.8496196 -0.4961164 0.1719433 -0.9421911 -0.2875962 -0.01345646 -0.9833744 -0.1810908 0.1734334 -0.9777186 -0.1182676 0.1727778 -0.9739634 0.1467759 0.167808 -0.9749853 0.1457546 0.1781913 -0.8742213 0.451647 0.1589773 -0.8784372 0.4506377 0.1593033 -0.8784178 0.4505605 0.1765058 -0.7613725 0.6238251 0.9901317 -0.1385725 0.02090096 0.9901318 -0.1385726 0.0209009 0.9901318 -0.1385726 0.0209009 0.9400823 -0.2933138 0.1738177 0.9353972 -0.3052294 0.1785141 0.7689863 -0.5066794 0.3897899 0.7605907 -0.5167552 0.3930214 0.5063958 -0.6574623 0.5579486 0.4948285 -0.6654713 0.5588316 0.1329734 -0.7320551 0.6681417 0.1699886 -0.7095213 0.6838738 0.9896311 -0.138883 0.0366339 0.9407588 -0.2486888 0.2304926 0.9407588 -0.2486889 0.2304926 0.9407588 -0.2486889 0.2304926 0.9277038 -0.2707093 0.2570644 0.770485 -0.3959237 0.4995973 0.7463037 -0.4137701 0.5213685 0.5091418 -0.4931136 0.7054174 0.4771187 -0.505468 0.7189297 0.1866492 -0.5308601 0.8266497 0.1511595 -0.5367052 0.8301196 0.9886537 -0.1301896 0.07493174 0.9404131 -0.1614975 0.2992357 0.9252886 -0.1737115 0.3371428 0.7713733 -0.1986653 0.6045786 0.7436369 -0.2082912 0.6353102 0.7436369 -0.2082912 0.6353102 0.7436369 -0.2082912 0.6353101 0.511847 -0.2107318 0.8328294 0.511847 -0.2107318 0.8328294 0.4752082 -0.2177709 0.8524981 0.1904808 -0.1973929 0.9616409 0.1495446 -0.2015414 0.9679967 0.09663116 -0.9530468 -0.2869917 0.02703481 -0.9937571 -0.1082407 0.198131 -0.8784238 -0.4348744 0.2039434 -0.8881464 -0.4118291 0.2188866 -0.8549368 -0.4702889 0.2156337 -0.8611398 -0.4603699 0.2156337 -0.8611398 -0.4603699 0.2156337 -0.8611398 -0.4603699 0.2107878 -0.8688067 -0.4480442 0.2108815 -0.8685733 -0.4484523 0.2108815 -0.8685733 -0.4484523 0.2043901 -0.8767096 -0.4354366 0.2043899 -0.8767096 -0.4354367 0.2046331 -0.8764817 -0.4357813 0.1963631 -0.8854207 -0.4212741 0.2230862 -0.8688572 -0.44195 0.3891792 -0.7854358 -0.4812798 0.3621478 -0.7506896 -0.5525527 0.3605663 -0.6715775 -0.6472833 0.5266112 -0.6528249 -0.5445185 0.5266112 -0.6528249 -0.5445185 0.1981021 -0.6345297 -0.7470794 0.2223105 -0.6257811 -0.7476471 0.155638 -0.6243672 -0.7654687 0.1668593 -0.6253314 -0.7623115 0.1668593 -0.6253314 -0.7623115 0.1668593 -0.6253314 -0.7623114 0.1815547 -0.6271283 -0.7574616 0.1969738 -0.6297736 -0.7513898 0.2129268 -0.6335489 -0.7438266 0.2129268 -0.6335489 -0.7438266 0.02664554 -0.5113559 -0.8589559 0.1042451 -0.4817333 -0.8700954 0.1864697 -0.6165186 -0.7649406 0.2524532 -0.6441443 -0.7220427 -0.09655791 -0.5091541 -0.855242 -0.02735704 -0.3458586 -0.9378878 -0.02735698 -0.3458586 -0.9378878 -0.02735698 -0.3458586 -0.9378878 -0.1798038 -0.6269111 -0.7580588 -0.1512069 -0.6768555 -0.7204187 -0.1512065 -0.6768556 -0.7204188 -0.1512927 -0.6768164 -0.7204375 -0.2120063 -0.6320189 -0.7453895 -0.260537 -0.6471817 -0.7164331 -0.2608503 -0.6471882 -0.7163132 -0.1864556 -0.6165201 -0.7649427 -0.1697202 -0.6252204 -0.7617706 -0.1697202 -0.6252204 -0.7617706 -0.1697202 -0.6252204 -0.7617707 -0.1574035 -0.624394 -0.7650859 -0.2073671 -0.6257092 -0.7519886 -0.2231349 -0.6391056 -0.7360401 -0.3890647 -0.6570848 -0.6456533 -0.3621581 -0.71758 -0.5949122 -0.360569 -0.7905488 -0.4949977 -0.5266437 -0.686169 -0.5018153 -0.1981506 -0.8784247 -0.4348639 -0.2222843 -0.8768569 -0.4262766 -0.155421 -0.8938546 -0.4205574 -0.155421 -0.8938545 -0.4205574 -0.155421 -0.8938544 -0.4205574 -0.1669339 -0.8909295 -0.4223482 -0.1819683 -0.8866097 -0.4252187 -0.1963811 -0.8816116 -0.42918 -0.2130342 -0.8751394 -0.4344511 -0.02677118 -0.9571846 -0.2882379 -0.1042864 -0.9608231 -0.2567946 -0.1866616 -0.8912675 -0.4132791 -0.2521036 -0.8566187 -0.4501647 0 -1 -3.63806e-6 0 -1 -4.54744e-6 0 -1 4.5469e-6 0 -1 3.6381e-6 0 -1 3.63765e-6 0 -1 -3.63809e-6 0 -1 -3.63795e-6 0 -1 7.27623e-6 0 -1 -4.5476e-6 0 -1 4.54706e-6 0 -1 3.6382e-6 0 -1 3.63751e-6 0.2669702 0.539575 -0.7984898 0.01033127 0.5446073 -0.8386276 0.01047426 0.5445952 -0.8386337 0.01033121 0.5446073 -0.8386276 -0.2578994 0.5262029 -0.8103076 -0.2579177 0.5262176 -0.8102923 -0.7046042 0.3674138 -0.6070751 -0.7046145 0.3674464 -0.6070434 -0.9624983 0.09242457 -0.2550588 -0.9624951 0.09242594 -0.2550702 -0.962493 -0.2251546 0.1513695 -0.9624961 -0.2251428 0.1513674 -0.7046121 -0.5001872 0.5033236 -0.704614 -0.5001574 0.5033506 -0.2578489 -0.6589329 0.7066268 -0.2578986 -0.6589622 0.7065813 0.2578584 -0.6589719 0.7065869 0.2578877 -0.6589236 0.7066212 0.7046185 -0.5001442 0.5033575 0.7046155 -0.5001817 0.5033242 0.9624833 -0.2251757 0.1514 0.962484 -0.2251744 0.1513978 0.9624843 0.09245193 -0.2551012 0.9624854 0.09244799 -0.2550986 0.7046185 0.3674493 -0.607037 0.7046053 0.3674195 -0.6070704 0.2579179 0.5262218 -0.8102895 0.2668996 0.5394784 -0.7985785 0.008754074 0.544503 -0.8387132 0.008754074 0.544503 -0.8387132 0.008754074 0.5445032 -0.8387132 -0.2578411 0.5261929 -0.8103327 -0.2578632 0.5262173 -0.8103098 -0.7045747 0.3674101 -0.6071116 -0.7046173 0.3674564 -0.6070341 -0.9624999 0.09247487 -0.2550342 -0.9624819 0.09243381 -0.2551167 -0.962494 -0.2251499 0.1513705 -0.9624859 -0.2251371 0.1514409 -0.704586 -0.5001596 0.5033876 -0.7045983 -0.5001815 0.5033487 -0.2579087 -0.6589334 0.7066045 -0.2579392 -0.6589918 0.7065389 0.257913 -0.6589996 0.7065411 0.2579883 -0.6588934 0.7066127 0.7045936 -0.5001065 0.5034297 0.7045612 -0.5001838 0.5033982 0.9624925 -0.2251271 0.1514133 0.9625127 -0.2250253 0.1514362 0.9625008 0.09207463 -0.2551752 0.9625008 0.09207463 -0.2551752 0.9625008 0.09207463 -0.2551752 0.9625068 0.09244662 -0.2550181 0.7045885 0.3674736 -0.6070571 0.7045722 0.3674958 -0.6070625 0.2579091 0.5262406 -0.8102801 -0.4638781 -0.3091601 -0.8302032 -0.463868 -0.3092148 -0.8301883 -0.6336182 -0.4902462 -0.5984871 -0.6336063 -0.4902578 -0.5984901 -0.6336369 -0.6992986 -0.3308864 -0.6335938 -0.6993305 -0.3309016 -0.463872 -0.8803305 -0.09920328 -0.4637474 -0.8803874 -0.09927988 -0.1697319 -0.9848879 0.03445291 -0.1697658 -0.9848802 0.03450751 0.1697363 -0.9848855 0.03450131 0.1697542 -0.9848846 0.034437 0.4637953 -0.8803597 -0.09930115 0.463832 -0.8803569 -0.09915572 0.6336089 -0.6993238 -0.3308866 0.6335884 -0.6993299 -0.330913 0.633553 -0.4902751 -0.5985324 0.6336349 -0.490225 -0.5984868 0.4638444 -0.3092112 -0.8302029 0.463902 -0.3091588 -0.8301901 0.169822 -0.2046147 -0.9639986 0.1697203 -0.20473 -0.9639921 -0.1697863 -0.2047285 -0.9639808 -0.1697604 -0.2045939 -0.9640139 -0.2441552 0.2998212 -0.9222232 0.0084939 0.3091536 -0.9509742 0.008494079 0.3091536 -0.9509742 0.008493721 0.3091537 -0.9509742 0.2422282 0.2789889 -0.929242 0.2522993 0.2976306 -0.9207395 0.6671024 0.1493974 -0.729832 0.6670591 0.1493227 -0.729887 0.9112545 -0.1109958 -0.3966047 0.9113034 -0.1109096 -0.3965163 0.9112982 -0.4115819 -0.01166433 0.9112811 -0.4116186 -0.01170551 0.6671385 -0.6719524 0.3215684 0.667137 -0.6719311 0.3216162 0.2441646 -0.8222689 0.5140599 0.2441983 -0.8222809 0.5140248 -0.2441785 -0.8222858 0.5140264 -0.2441927 -0.8222696 0.5140456 -0.6671364 -0.6719372 0.3216044 -0.6671321 -0.6719512 0.3215841 -0.9112948 -0.4115878 -0.0117194 -0.9112662 -0.4116505 -0.01174134 -0.9112737 -0.1109699 -0.3965677 -0.9112662 -0.1110115 -0.3965736 -0.6670828 0.1493123 -0.7298674 -0.6670839 0.1493953 -0.7298494 -0.244171 0.299699 -0.9222586 0.927655 0.3607166 -0.09664237 0.850077 0.5259534 -0.02724421 0.850077 0.5259535 -0.02724421 0.850077 0.5259534 -0.02724421 0.9599383 0.1981285 -0.1981505 0.9534215 0.2222456 -0.2039467 0.9632444 0.1557362 -0.2188758 0.9619965 0.1676349 -0.2155491 0.9619969 0.1676345 -0.2155476 0.9619965 0.1676349 -0.215549 0.9605529 0.1813911 -0.2107976 0.9605234 0.1815311 -0.2108113 0.9605529 0.1813911 -0.2107976 0.9589357 0.1964003 -0.2046197 0.9589452 0.1963133 -0.2046589 0.9589404 0.1963569 -0.2046393 0.957096 0.2130101 -0.1964532 0.9521242 0.2525089 -0.1723335 0.9521242 0.2525089 -0.1723335 0.956768 0.1867216 -0.2230022 0.9151979 0.1043133 -0.3892704 0.9316741 0.02698737 -0.3622916 0.9276434 -0.09667801 -0.3607369 0.849834 -0.02719551 -0.5263484 0.9600251 -0.197937 -0.1979213 0.9600251 -0.197937 -0.1979214 0.9600251 -0.197937 -0.1979213 0.9534283 -0.2039332 -0.222229 0.9632331 -0.2188953 -0.1557784 0.9620947 -0.2154969 -0.1671375 0.9620947 -0.2154969 -0.1671374 0.9620887 -0.2154875 -0.167184 0.9604207 -0.210788 -0.1820999 0.9590795 -0.2040855 -0.1962539 0.9590796 -0.2040855 -0.1962538 0.9590798 -0.2041181 -0.1962186 0.9571166 -0.1965024 -0.2128725 0.9316918 -0.3622483 -0.02696096 0.9152131 -0.3892431 -0.1042827 0.952157 -0.1725415 -0.2522427 0.9276604 -0.3607014 0.09664815 0.8499628 -0.5261512 0.02698594 0.8498163 -0.5263775 0.02718585 0.9607084 -0.2116001 0.179624 0.9770019 -0.150627 0.1509267 0.9770122 -0.1505945 0.1508929 0.9770122 -0.1505945 0.1508929 0.9569016 -0.1980768 0.2123794 0.9569016 -0.1980769 0.2123795 0.9569529 -0.1982867 0.2119515 0.9510813 -0.1660383 0.2605298 0.9567769 -0.2231942 0.1864472 0.9567768 -0.2231942 0.1864472 0.9567769 -0.2231942 0.1864472 0.9619021 -0.2149591 0.1689288 0.9619022 -0.214959 0.1689288 0.9619021 -0.2149592 0.1689287 0.9629767 -0.2186377 0.1577131 0.9629768 -0.2186377 0.1577132 0.9629768 -0.2186377 0.1577132 0.9560348 -0.2073627 0.2073602 0.9566758 -0.1869832 0.2231785 0.9566759 -0.1869832 0.2231786 0.9566759 -0.1869832 0.2231786 0.9152176 -0.1042643 0.3892375 0.9316709 -0.02699333 0.3622995 0.9276527 0.09662872 0.3607264 0.8501731 0.0272246 0.525799 0.8501731 0.02722465 0.525799 0.8501731 0.02722465 0.5257991 0.9599372 0.1981424 0.1981424 0.9534327 0.2039238 0.2222188 0.9631637 0.2192026 0.1557748 0.9631637 0.2192026 0.1557748 0.9631639 0.2192027 0.1557748 0.9619582 0.2158845 0.1674231 0.9619581 0.2158845 0.1674231 0.9619581 0.2158845 0.1674232 0.9605292 0.2107481 0.1815736 0.9605292 0.2107481 0.1815736 0.9605292 0.2107481 0.1815736 0.9588428 0.2049712 0.1964879 0.9588428 0.2049713 0.1964879 0.9588427 0.2049713 0.1964879 0.957107 0.1965641 0.2128588 0.9318022 0.3619545 0.02708506 0.9318023 0.3619545 0.02708506 0.9318023 0.3619545 0.02708512 0.9152059 0.3892562 0.1042967 0.9567761 0.2231972 0.1864472 0.9567761 0.2231972 0.1864472 0.9567762 0.2231973 0.1864472 0.9521443 0.1724512 0.2523526 0 -0.3382384 -0.9410604 0 -0.3382293 -0.9410638 0 0.1335227 -0.9910458 0 0.575239 -0.8179855 0 0.575241 -0.8179841 0 0.8874633 -0.4608785 0 0.8874708 -0.4608642 0 0.8874708 0.4608642 0 0.5751823 0.8180253 0 0.575192 0.8180184 0 0.1335787 0.9910383 0 0.1335743 0.9910388 0 -0.3382371 0.941061 0 -0.3382307 0.9410633 0.564024 0.8166263 -0.1224688 0.564024 0.8166263 -0.1224688 0.5640239 0.8166263 -0.1224687 0.8187114 0.5721232 -0.04885697 -0.1793742 0.8459538 0.5021824 -0.1793743 0.8459538 0.5021824 -0.1793742 0.8459538 0.5021824 0.5326084 0.4935327 0.6875709 0.5031558 0.8131913 -0.2924965 0.5031489 0.8131303 -0.2926781 0.5031558 0.8131914 -0.2924965 0.1413332 0.8974727 -0.4178129 0.1413332 0.8974728 -0.417813 0.1413332 0.8974727 -0.4178129 0.5080635 0.8273032 -0.2396684 0.5080636 0.8273032 -0.2396684 0.5080635 0.8273032 -0.2396684 0.916146 0.3999636 -0.02656424 0.7085592 0.6973835 0.1077044 0.7085592 0.6973835 0.1077044 0.7085592 0.6973835 0.1077044 0.7410074 0.6713621 -0.01345491 0.7410074 0.6713621 -0.01345491 0.7410074 0.6713621 -0.01345491 0.9598171 0.2327329 0.1568013 0.9598171 0.2327329 0.1568013 0.959817 0.2327329 0.1568013 0.9707205 0.1929943 0.1430203 0.9707205 0.1929943 0.1430203 0.9707205 0.1929943 0.1430203 0.8646621 0.3801558 0.3283917 0.8646622 0.3801558 0.3283917 0.8646622 0.3801558 0.3283917 0.8757073 0.3582502 0.3237182 0.6487682 0.7599354 -0.03997552 0.6487682 0.7599354 -0.03997552 0.6487682 0.7599354 -0.03997558 0.2169248 0.7402163 0.6364146 0.3026798 0.5048211 0.8084186 0.1922097 0.607055 0.7710642 0.0666927 0.5793933 0.8123149 0.6525467 0.1501607 0.7427211 0.6525468 0.1501607 0.742721 0.6525467 0.1501607 0.7427211 0.7953965 0.4411898 0.4155672 0.6085448 0.6644702 0.4337657 0.6086159 0.6643631 0.43383 0.657297 0.5714181 0.4913676 0.4080805 0.8108105 0.4195914 0.4080162 0.8109197 0.4194427 0.2621465 0.9241251 0.2779783 0.2244042 0.9603414 0.1654906 0.2580065 0.9461006 0.1957714 0.09073871 0.9863988 -0.1370542 0.2590746 0.9655646 -0.02378141 0.06927794 0.9416424 -0.329409 1 1.3231e-4 0 1 -9.77916e-6 0 1 1.95834e-5 0 1 -7.25816e-6 0 1 -3.60262e-6 0 1 -3.58989e-6 0 1 -7.70173e-5 0 1 9.57621e-6 0 1 8.35687e-6 0 1 1.03275e-5 0 1 7.66284e-6 0 -1 8.171e-6 0 0.2237781 -0.325257 0.9187662 0.2236983 -0.3257084 0.9186258 0.2237222 -0.325573 0.9186679 0.04211819 0.0332089 0.9985607 0.1402058 -3.60395e-4 0.9901224 0.2240473 -0.08986127 0.9704266 0.2240473 -0.08986127 0.9704266 0.2240473 -0.08986133 0.9704266 0.04244887 -0.4486821 0.8926829 0.1037883 -0.7675668 0.6325103 0.1038829 -0.767567 0.6324946 0.1038829 -0.7675668 0.6324947 0.1399369 -0.4148547 0.8990625 0.1272466 0.4302125 0.8937146 0.1272466 0.4302125 0.8937145 0.1272466 0.4302125 0.8937146 0.1069824 0.4462956 0.8884679 0.1069824 0.4462956 0.8884679 0.1069824 0.4462956 0.8884679 0.3542285 0.3542712 0.865456 0.3542286 0.3542713 0.865456 0.3542285 0.3542713 0.8654561 0.3525581 0.3564944 0.8652251 0.2541822 -0.2074257 0.9446513 0.7551963 0.2477616 0.6068714 0.7551963 0.2477616 0.6068714 0.7551963 0.2477616 0.6068714 0.888729 0.1640238 0.4280851 0.6316463 -0.4287803 0.6458872 0.6316464 -0.4287806 0.6458871 0.6316463 -0.4287804 0.6458873 0.9693838 0.03425598 0.2431495 0.9206961 2.0588e-4 0.3902802 0.9069119 -0.06086999 0.4169002 0.9069119 -0.06086999 0.4169002 0.9069119 -0.06087005 0.4169002 0.8880501 -0.09873628 0.4490191 0.8743922 -0.3275688 0.3579623 0.8743922 -0.3275688 0.3579623 0.7373178 -0.4457778 0.5075871 0.7373178 -0.4457779 0.5075872 0.7373178 -0.4457778 0.5075873 0.6528482 0.5673425 0.5019081 0.6528483 0.5673425 0.501908 0.6528483 0.5673425 0.5019081 0.4557474 0.3102097 0.8343047 0.6107 0.06003755 0.7895829 0.6107 0.06003755 0.7895829 0.6107 0.06003755 0.7895829 0.6091806 0.1656664 0.7755344 0.6919329 -0.1550337 0.7051194 0.6920273 -0.1548204 0.7050736 0.6269071 -0.4281977 0.6508719 0.6269071 -0.4281978 0.650872 0.5874665 -0.4684959 0.6598445 0.5874665 -0.468496 0.6598445 0.5874665 -0.468496 0.6598445 0.584626 -0.4741777 0.6583069 0.5846261 -0.4741778 0.6583068 0.5846261 -0.4741777 0.6583069 0.37015 -0.707159 0.6024243 0.37015 -0.707159 0.6024243 0.4661028 -0.5021393 0.7284259 0.2273575 -0.7861449 0.5747042 0.5642017 -0.5139427 -0.6461728 0.8186954 -0.3283861 -0.4710631 -0.1788793 0.01203793 -0.9837974 -0.1788793 0.01203805 -0.9837974 -0.1788793 0.01203805 -0.9837974 0.5328474 0.3486364 -0.7710555 0.5033202 -0.6596969 -0.5580939 0.1410502 -0.8105132 -0.5684834 0.507902 -0.6215218 -0.5964447 0.9164024 -0.2229192 -0.332436 0.9164023 -0.2229193 -0.332436 0.9164024 -0.2229192 -0.332436 0.7087858 -0.2551169 -0.6576763 0.7413264 -0.3471698 -0.5743764 0.9597908 0.01942414 -0.2800439 0.9597908 0.01942414 -0.2800439 0.9597908 0.01942414 -0.2800439 0.9706802 0.02738839 -0.2388097 0.9706802 0.02738851 -0.2388097 0.9706801 0.02738851 -0.2388097 0.8646378 0.09400433 -0.4935228 0.8756839 0.1012094 -0.4721593 0.6484056 -0.4149356 -0.638278 0.2166974 0.1808758 -0.9593363 0.3027175 0.4477543 -0.841355 0.1920138 0.3642554 -0.9112896 0.06609827 0.4139046 -0.9079174 0.6528566 0.5677831 -0.5013989 0.6528567 0.5677831 -0.5013987 0.6527673 0.5678953 -0.5013879 0.7952749 0.1393291 -0.5900215 0.6086062 0.04337024 -0.7922864 0.6575601 0.1400641 -0.740268 0.4078637 -0.04207926 -0.9120727 0.4078246 -0.0422607 -0.9120819 0.2620958 -0.2211999 -0.939349 0.224221 -0.3370003 -0.9144155 0.2581595 -0.3033646 -0.917237 0.2581595 -0.3033646 -0.917237 0.2581595 -0.3033646 -0.917237 0.0906068 -0.6118357 -0.7857784 0.2591993 -0.5031059 -0.8244393 0.2591993 -0.503106 -0.8244393 0.06921267 -0.7562353 -0.6506288 1 7.20513e-6 0 1 -1.52147e-5 0 1 7.25816e-6 0 1 7.20627e-6 0 1 -4.8895e-6 0 1 -5.37826e-5 0 1 -7.70321e-6 0 1 2.9813e-6 0 1 -1.30945e-5 0 1 6.45501e-7 0 1 7.66307e-6 0 -1 -1.63377e-5 0 0.2239305 0.9583011 -0.1775225 0.755358 0.4022595 -0.5173216 0.755379 0.402316 -0.517247 0.755379 0.402316 -0.517247 0.04197955 0.8480724 -0.5282149 0.1400836 0.8576071 -0.4948605 0.2238345 0.8853668 -0.4074604 0.04188936 0.9974626 -0.05756479 0.04188936 0.9974626 -0.05756485 0.04188936 0.9974626 -0.05756485 0.1041242 0.9316395 0.3481466 0.1041242 0.9316395 0.3481465 0.1041242 0.9316395 0.3481465 0.1401293 0.9860081 -0.09028792 0.1269641 0.5586507 -0.8196278 0.1061056 0.5461601 -0.8309338 0.1061056 0.5461601 -0.8309338 0.1061056 0.5461601 -0.8309338 0.3545415 0.5724542 -0.7393217 0.3523154 0.5710355 -0.7414798 0.2542214 0.9218603 -0.2924809 0.2541702 0.9217729 -0.2928008 0.8887607 0.2888866 -0.3558779 0.920687 0.3378712 -0.1953929 0.9692627 0.1937409 -0.1516388 0.9692627 0.1937409 -0.1516389 0.9692863 0.1936685 -0.1515806 0.6307917 0.7744483 0.04828876 0.6308249 0.7744198 0.04831278 0.6308242 0.7744203 0.04831206 0.7378059 0.6619203 0.1323029 0.7378059 0.6619203 0.1323029 0.7378059 0.6619202 0.1323029 0.8561246 0.5050441 0.1094595 0.8561246 0.5050441 0.1094595 0.8561245 0.5050442 0.1094595 0.8958786 0.4234968 -0.1343579 0.8959211 0.4234129 -0.1343392 0.8958786 0.4234967 -0.1343578 0.8653149 0.4863131 -0.1213663 0.8653149 0.4863131 -0.121366 0.8653149 0.4863132 -0.1213662 0.9069196 0.3916558 -0.1552501 0.9069197 0.3916559 -0.1552501 0.9069197 0.3916559 -0.1552501 0.652606 0.1506709 -0.7425657 0.4560587 0.5674277 -0.685592 0.6105249 0.6536441 -0.4472234 0.6092158 0.5887498 -0.5312531 0.6920334 0.6880263 -0.2184256 0.6919705 0.6881342 -0.2182848 0.6270278 0.7776659 0.0455181 0.5872002 0.8058611 0.07605105 0.5840845 0.807599 0.08141899 0.3704279 0.8752837 0.3109046 0.4661086 0.8819153 0.07048654 0.2272995 0.8908783 0.3932825 0.9961305 0.01502543 -0.08659267 0.9927883 0.04061627 -0.11279 0.9948344 0.07002663 -0.0734905 0.9960352 0.04882663 -0.07436347 0.9936048 0.03644788 -0.1068695 0.9948964 0.02655667 -0.09734457 0.996204 0.01217681 -0.08619326 0.9962126 0.02518367 -0.08322566 0.9961211 0.03942686 -0.07866621 0.9936331 0.07423818 -0.08474755 0.9931792 0.07595551 -0.08846426 0.9931793 0.07595539 -0.08846426 0.9931792 0.07595515 -0.08846437 0.9927888 0.07737147 -0.0915656 0.9958074 0.003878772 -0.09139299 0.9958684 0.01943755 -0.08870452 0.9993372 0.01950532 -0.03073817 0.9993368 0.0195142 -0.03074383 0.999337 0.0195142 0.03073817 0.999337 0.01950532 0.03074383 0.9927886 0.07737022 0.09156894 0.9947615 0.0696175 0.07485365 0.9935836 0.07987785 0.08006936 0.9948225 0.07011955 0.07356363 0.9959324 0.0592584 0.06787633 0.9960366 0.04873585 0.07440471 0.9961214 0.03932541 0.07871365 0.9962143 0.02530133 0.08316832 0.9958074 0.003882408 0.09139287 0.9958683 0.01943761 0.08870488 0.9961305 0.01502376 0.08659255 0.9962049 0.01214122 0.08618795 0.9949154 0.02636879 0.09720063 0.9936324 0.0362792 0.1066702 0.9931492 0.03917443 0.1100922 0.9931491 0.03917431 0.1100922 0.9931491 0.03917425 0.1100922 0.9927889 0.04061323 0.1127871 0.994933 0.09902524 -0.01739114 0.994579 0.1039844 0 0.994933 0.09902554 0.01739114 0.9958023 0.08605289 0.03118753 0.9957402 0.08692795 0.03074127 0.9937569 0.09673422 0.0555852 0.9934461 0.0877605 0.07323169 0.9946224 0.07177776 -0.07466226 0.993446 0.08776223 -0.07323211 0.993535 0.1092876 -0.03073143 0.9968081 0.06922113 -0.03977644 0.9958022 0.08605468 -0.03118741 0.9959135 0.06147253 0.06616443 0.997629 0.06157815 0.0307362 0.9976288 0.06158173 0.03073352 0.9976287 0.06158173 -0.0307362 0.997629 0.06157803 -0.03073346 0.9958929 0.06147104 -0.06647342 0.9961652 0.05933493 -0.0643 0.9934928 -0.08714824 -0.07333076 0.9934927 -0.08715051 0.07333058 0.9938072 -0.09611696 0.05575704 0.9956758 -0.09162825 0.01529592 0.9957564 -0.08674192 0.03074485 0.995168 -0.09237021 0.03329503 0.9957674 -0.08678841 0.03024941 0.9935714 -0.1089392 0.03079438 0.9972516 -0.06955176 0.02553105 0.9927886 -0.1179857 0.02122074 0.9960958 -0.01544988 0.08691668 0.9955026 -0.03246098 0.08900058 0.9952131 -0.04886502 0.08463495 0.9958066 -0.004069089 0.09139347 0.9958778 -0.01919841 0.088651 0.9993417 -0.01926517 0.03074067 0.9993415 -0.01927113 0.03074395 0.9993417 -0.01927036 -0.03074067 0.9993416 -0.01926594 -0.03074395 0.9958778 -0.01919925 -0.08865112 0.9958066 -0.00406897 -0.09139335 0.9953373 -0.06194978 -0.07393145 0.9952132 -0.04886561 -0.08463519 0.9955025 -0.03246241 -0.0890004 0.9960959 -0.01544713 -0.08691644 0.9955938 -0.09368258 0.004074275 0.9955937 -0.09368044 -0.004160583 0.995583 -0.08870917 -0.03074455 0.9938073 -0.0961166 -0.05575686 0.9968202 -0.07544505 -0.02564394 0.9951885 -0.09218108 -0.03320592 0.9957657 -0.08679801 -0.03027945 0.9936078 -0.1086131 -0.03076928 0.9972127 -0.07004261 -0.02571034 0.9931449 -0.1148926 -0.0215187 0.9931449 -0.1148925 -0.02151888 0.9931449 -0.1148926 -0.02151876 0.9927886 -0.1179857 -0.02122074 0.9952302 -0.0606653 -0.07639729 0.9976757 -0.06081438 -0.03073877 0.9976757 -0.06081628 -0.0307374 0.9976755 -0.06081628 0.03073877 0.9976758 -0.06081438 0.0307374 0.9953378 -0.06067198 0.07497817 0.9950662 -0.0637207 0.07604628 -0.4638828 -0.3091485 -0.8302049 -0.4638929 -0.3091462 -0.8302 -0.6336841 -0.4901642 -0.5984843 -0.6335824 -0.4903107 -0.5984721 -0.6335823 -0.6993247 -0.3309357 -0.6335415 -0.6993551 -0.3309495 -0.4637984 -0.8803669 -0.09922367 -0.4637982 -0.880366 -0.09923177 -0.1697414 -0.9848822 0.03457081 -0.1697731 -0.9848747 0.03462558 0.1697638 -0.9848764 0.0346238 0.1697618 -0.9848788 0.0345658 0.4637964 -0.8803688 -0.09921622 0.463757 -0.8803826 -0.09927725 0.6335038 -0.699353 -0.3310263 0.6335799 -0.6993364 -0.3309157 0.6335496 -0.4902945 -0.5985202 0.6336696 -0.4902381 -0.5984392 0.4638737 -0.3091793 -0.8301984 0.4638748 -0.3091396 -0.8302125 0.1698341 -0.204611 -0.9639973 0.16978 -0.204702 -0.9639875 -0.1698094 -0.2047016 -0.9639824 -0.1697937 -0.2045935 -0.9640081 -0.2441789 0.2996716 -0.9222655 0.008343994 0.3090525 -0.9510085 0.008344054 0.3090525 -0.9510084 0.008343935 0.3090525 -0.9510084 0.2422204 0.2787981 -0.9293014 0.2523494 0.2975269 -0.9207593 0.6670908 0.1492928 -0.7298641 0.6670483 0.1493198 -0.7298974 0.9112651 -0.111008 -0.3965767 0.9112712 -0.1109972 -0.3965659 0.9112925 -0.4115923 -0.01174515 0.9112917 -0.4115949 -0.01171272 0.6670902 -0.6719907 0.3215886 0.6670969 -0.6720474 0.3214563 0.244159 -0.822388 0.5138721 0.2441369 -0.822349 0.5139448 -0.2441555 -0.8223508 0.5139333 -0.2441226 -0.8223869 0.513891 -0.667083 -0.6720569 0.3214653 -0.6671153 -0.6720099 0.3214964 -0.9112493 -0.4116868 -0.0117731 -0.911275 -0.4116311 -0.01174092 -0.9112609 -0.1109564 -0.396601 -0.9112328 -0.111119 -0.3966199 -0.667066 0.1492307 -0.7298994 -0.6670742 0.1493023 -0.7298774 -0.2440562 0.3000667 -0.9221695 -0.2440562 0.3000667 -0.9221695 -0.2440562 0.3000667 -0.9221695 0.2588449 0 -0.9659189 0.258858 0 -0.9659154 0.7070732 0 -0.7071405 0.7070803 0 -0.7071334 0.9659408 0 -0.2587631 0.9659324 0 0.2587947 0.9659333 0 0.2587912 0.7070803 0 0.7071334 0.7070732 0 0.7071405 0.2587662 0 0.96594 0.2587794 0 0.9659365 -0.2587633 0 0.9659408 -0.25875 0 0.9659444 -0.7071057 0 0.7071079 -0.7071126 0 0.7071011 -0.9659154 0 0.2588583 -0.9659144 0 0.258862 -0.9659229 0 -0.2588302 -0.9659229 0 -0.2588303 -0.7071127 0 -0.7071009 -0.7071055 0 -0.7071081 -0.2588419 0 -0.9659197 -0.2588287 0 -0.9659233 0.2588278 0 -0.9659236 0.258841 0 -0.96592 0.7071021 0 -0.7071115 0.707109 0 -0.7071046 0.9659255 0 -0.2588201 0.9659255 0 -0.2588202 0.9659171 0 0.2588518 0.965918 0 0.2588484 0.7071091 0 0.7071045 0.707102 0 0.7071117 0.2587491 0 0.9659447 0.2587624 0 0.965941 -0.2587794 0 0.9659365 -0.2587662 0 0.96594 -0.7070749 0 0.7071386 -0.7070822 0 0.7071314 -0.9659315 0 0.258798 -0.9659305 0 0.2588014 -0.9659391 0 -0.2587699 -0.9659391 0 -0.2587698 -0.707082 0 -0.7071316 -0.7070751 0 -0.7071384 -0.258858 0 -0.9659154 -0.2588449 0 -0.9659189 -5.6443e-5 -0.7880014 -0.6156737 0 -0.7880064 -0.6156671 0 -0.7880122 -0.6156597 -4.43492e-5 -0.7879962 -0.6156802 -4.23326e-5 -0.7880034 -0.615671 -4.43511e-5 -0.7880031 -0.6156713 2.82227e-5 -0.7879751 -0.6157071 1.10871e-5 -0.788 -0.6156753 -5.64422e-5 -0.7880032 -0.6156712 0 -0.7879785 -0.6157029 0 -0.7880039 -0.6156704 6.65246e-5 -0.7880055 -0.6156681 5.64462e-5 -0.7880033 -0.6156712 0 -0.7880028 -0.6156716 0 -0.7879959 -0.6156805 4.43496e-5 -0.7880151 -0.6156559 1.4111e-5 -0.7880306 -0.6156361 0 -0.788033 -0.6156332 -3.52746e-5 -0.7880493 -0.6156122 -1.10885e-5 -0.787946 -0.6157444 8.46742e-5 -0.7879465 -0.6157438 -3.32609e-5 -0.7880293 -0.6156378 -5.64429e-5 -0.7880353 -0.6156303 0 -0.7880308 -0.6156359 -2.822e-5 -0.7879507 -0.6157384 -4.98891e-5 -0.7880039 -0.6156703 1.41118e-5 -0.7880039 -0.6156704 6.09761e-5 -0.7879608 -0.6157255 1.12874e-4 -0.7879747 -0.6157076 -7.76167e-5 -0.7880198 -0.6156499 -1.12893e-4 -0.7879911 -0.6156868 0 -0.7880045 -0.6156697 0 -0.7880478 -0.6156141 -1.10878e-4 -0.7879889 -0.6156897 -6.35067e-5 -0.7879385 -0.6157541 -1.1087e-5 -0.7880026 -0.6156719 7.05568e-6 -0.7879976 -0.6156785 5.54446e-6 -0.7879794 -0.6157017 0 -0.7879844 -0.6156953 -1.10871e-5 -0.7879889 -0.6156896 -2.82249e-5 -0.7879825 -0.6156978 8.86966e-5 -0.7879643 -0.615721 1.41088e-4 -0.7880212 -0.6156482 0 -0.78801 -0.6156626 0 -0.7879788 -0.6157024 8.86917e-5 -0.7880148 -0.6156563 3.52784e-5 -0.7880586 -0.6156004 -3.32605e-5 -0.787953 -0.6157355 0.2669045 0.5394999 -0.7985624 0.008786976 0.5444375 -0.8387554 0.008786976 0.5444377 -0.8387553 0.008787155 0.5444376 -0.8387554 -0.2578477 0.5261917 -0.8103315 -0.2578756 0.5262283 -0.8102988 -0.7045916 0.3674262 -0.6070821 -0.7045949 0.367434 -0.6070736 -0.9624988 0.09241622 -0.2550595 -0.9624968 0.09241378 -0.2550679 -0.9625006 -0.2251222 0.1513697 -0.9624961 -0.2251466 0.151362 -0.7045912 -0.5001926 0.5033475 -0.7045937 -0.5001568 0.5033794 -0.2579137 -0.6589244 0.7066111 -0.2579517 -0.6589882 0.7065377 0.2579059 -0.6589998 0.7065436 0.2579686 -0.6589144 0.7066003 0.7045964 -0.500167 0.5033657 0.7045863 -0.5001873 0.5033594 0.9624976 -0.2251356 0.1513683 0.9624946 -0.2251462 0.1513721 0.9624985 0.09240543 -0.2550648 0.9624967 0.09243494 -0.2550606 0.7045958 0.3674371 -0.6070707 0.704592 0.3674239 -0.6070832 0.2578896 0.5262232 -0.8102976 0.2234012 -0.6321483 -0.7419437 0.1676484 -0.8495827 -0.5001033 0.1375067 -0.8586009 -0.4938588 0.2232789 -0.7964599 -0.5619593 0.1838132 -0.1849173 -0.965411 0.1838131 -0.1849175 -0.965411 0.1838132 -0.1849173 -0.965411 0.06338846 -0.2057952 -0.9765399 0.0633884 -0.2057953 -0.97654 0.0633884 -0.2057952 -0.9765399 -0.01143121 -0.1730211 -0.9848518 -0.01143127 -0.1730211 -0.9848518 -0.01143121 -0.1730211 -0.9848518 0.1676972 -0.5753393 -0.8005388 0.1206014 -0.9859426 -0.1156408 -0.03559941 -0.9991153 -0.02239412 0.3492478 -0.9287812 -0.1240627 0.3459842 -0.9304218 -0.120873 0.3459842 -0.9304218 -0.120873 0.2544435 -0.7141005 -0.6521649 0.9261047 -0.2786283 -0.2543551 0.88797 -0.4541786 -0.07232671 0.7523086 -0.6529428 -0.08773636 0.7522488 -0.6530146 -0.08771473 0.7523086 -0.6529428 -0.08773624 0.6346445 -0.3394599 -0.6942575 0.6346135 -0.3394949 -0.6942687 0.6345824 -0.3395294 -0.6942802 0.9504363 -0.235535 -0.2029638 0.8979262 -0.3578121 -0.2563188 0.8979262 -0.3578121 -0.2563187 0.8979262 -0.3578121 -0.2563187 0.8754311 -0.2173336 -0.431725 0.8754297 -0.2172491 -0.4317706 0.875432 -0.2173756 -0.4317021 0.7985667 -0.1216953 -0.5894758 0.7985667 -0.1216953 -0.5894758 0.7984641 -0.1218087 -0.5895914 0.3810161 -0.2268979 -0.8962947 0.3566098 -0.1813657 -0.9164802 0.1378183 -0.5699302 -0.8100529 0.1378183 -0.5699302 -0.8100529 0.1378183 -0.5699301 -0.8100529 0.6520984 -0.7174541 0.2450048 0.4521622 -0.8797349 -0.1470234 0.6090428 -0.7160469 -0.3410921 0.6077032 -0.756594 -0.2413764 0.6076361 -0.756544 -0.2417014 0.6923918 -0.5328692 -0.4864608 0.6923575 -0.5328053 -0.4865796 0.6265982 -0.3487193 -0.6969717 0.5853533 -0.3349289 -0.7383659 0.582421 -0.3308237 -0.7425239 0.5371253 -0.2965924 -0.7896388 0.5371255 -0.2965927 -0.7896385 0.5371255 -0.2965925 -0.7896386 0.5642533 -0.3026787 0.7681171 0.8187309 -0.2437322 0.5198793 -0.142686 -0.8528914 0.5022124 0.5326694 -0.8421795 0.08364838 0.5113502 -0.4165883 0.7516484 0.3592141 -0.10892 0.9268774 0.1217902 -0.1137304 0.9860186 0.5079542 -0.2057002 0.8364628 0.9294375 -0.1944038 0.3136129 0.8056064 -0.2729104 0.52585 0.8056064 -0.2729104 0.52585 0.8056065 -0.2729104 0.5258499 0.7409827 -0.3240993 0.5881363 0.7409827 -0.3240993 0.5881363 0.7409828 -0.3240993 0.5881363 0.9574076 -0.2530964 0.1389715 0.9574075 -0.2530963 0.1389715 0.9574076 -0.2530964 0.1389715 0.9790725 -0.1844595 0.08597517 0.9790726 -0.1844595 0.08597522 0.9790725 -0.1844595 0.08597517 0.8645758 -0.4744907 0.1654311 0.8757233 -0.4594424 0.1483963 0.6486975 -0.3453747 0.6781651 0.6486976 -0.3453747 0.6781651 0.2209504 -0.9189453 0.3266811 0.302622 -0.9525399 0.03298223 0.1794497 -0.9719669 0.1519153 0.06663137 -0.9909883 0.1162002 0.6526458 -0.7182745 -0.2411126 0.6526458 -0.7182745 -0.2411126 0.6526457 -0.7182745 -0.2411126 0.7954072 -0.5804754 0.1742866 0.6084015 -0.7078688 0.3588446 0.6574946 -0.7111769 0.248854 0.4079445 -0.7688655 0.4923689 0.4078899 -0.7688485 0.4924409 0.4078899 -0.7688485 0.4924409 0.2618903 -0.7028089 0.6614176 0.2243708 -0.6235581 0.7488879 0.2569797 -0.6421506 0.7222217 0.09156721 -0.3741662 0.9228301 0.2871326 -0.4751472 0.8317391 0.2871326 -0.4751472 0.8317392 0.2871326 -0.4751471 0.8317392 0.05371481 -0.2060093 0.9770746 0.05371475 -0.2060093 0.9770747 0.05371481 -0.2060093 0.9770746 0.7548223 -0.463837 0.4637873 0.7548403 -0.4638074 0.4637877 0.7548778 -0.1697139 0.6335273 0.7548419 -0.1697188 0.6335687 0.7548457 0.1697152 0.6335651 0.7548497 0.1697022 0.633564 0.7548356 0.4638206 0.463782 0.7548188 0.4638264 0.4638035 0.7548412 0.6335597 0.1697559 0.7548117 0.633593 0.1697625 0.7548283 0.6335769 -0.1697487 0.7548092 0.6335994 -0.1697501 0.7548115 0.4637878 -0.463854 0.754781 0.4638212 -0.4638703 0.7548003 0.1697925 -0.6335984 0.7547711 0.169792 -0.6336334 0.7547734 -0.1698022 -0.6336279 0.7547674 -0.169803 -0.6336349 0.7548124 -0.4637885 -0.4638519 0.7548012 -0.4638014 -0.4638571 0.75482 -0.6335861 -0.1697511 0.7548205 -0.6335868 -0.1697468 0.7548198 -0.6335834 0.1697623 0.7548174 -0.6335867 0.1697608 0.3316615 -0.911255 0.2441619 0.3416553 -0.9397869 -0.008513808 0.3416553 -0.9397869 -0.008513748 0.3416553 -0.9397869 -0.008513808 0.3525068 -0.9039278 -0.2421854 0.3323806 -0.9087591 -0.2523493 0.331672 -0.6670374 -0.6671243 0.331791 -0.667012 -0.6670906 0.3317883 -0.2441811 -0.9112038 0.3317738 -0.2441728 -0.9112112 0.3316977 0.2441893 -0.9112344 0.3317639 0.2441554 -0.9112195 0.3317916 0.6669941 -0.6671081 0.3317137 0.6670401 -0.6671009 0.3316985 0.9112449 -0.244149 0.3316702 0.9112561 -0.2441459 0.3316633 0.9112539 0.244163 0.3316767 0.9112485 0.2441655 0.3317192 0.6670881 0.6670501 0.3316596 0.6670941 0.6670738 0.3316279 0.2441095 0.9112813 0.3316925 0.2441524 0.9112463 0.3313018 -0.2443391 0.9113383 0.3313018 -0.2443391 0.9113384 0.3313018 -0.2443391 0.9113383 0.3315603 -0.2441645 0.9112911 0.3316425 -0.6671085 0.6670678 0.3316969 -0.6670874 0.667062 0.331689 -0.9112432 0.2441687 1 -8.37689e-6 0 1 4.0467e-6 0 1 1.2598e-5 0 1 -7.6432e-7 0 1 6.21891e-6 0 1 -3.24743e-6 0 1 6.31536e-6 0 0 0.886299 -0.4631134 0.009082078 0.9438396 -0.3302793 5.7864e-4 0.5806307 0.8141669 0 0.5780651 0.8159907 0.01285505 0.9380403 -0.3462878 -6.21258e-4 0.9785979 -0.2057813 -7.41636e-5 0.9996988 -0.02454477 0.001834869 0.9993821 -0.03510308 -0.002222537 0.9792685 0.2025544 -7.02139e-4 0.9811543 0.1932248 0.001191735 0.8597715 0.5106777 0.02637881 0.902031 0.4308646 -4.73479e-4 0.7941825 0.6076791 0.3146734 0.5076269 0.8020571 0.3146714 0.5076282 0.8020571 0.3146729 0.5076273 0.802057 0.9167591 0.1856515 0.3536756 0.9727481 0.1092652 0.204505 0.9727481 0.1092652 0.204505 0.9727482 0.1092652 0.2045051 0.9837439 0.08680778 0.1572021 0.9837439 0.08680778 0.1572021 0.9837439 0.08680778 0.1572021 0.9964959 0.03796488 0.07452976 0.7960273 0.2825029 0.5352876 0.6314004 0.3604244 0.686606 0.5390298 0.3951863 0.7438244 0.4327555 0.4174919 0.799014 0.1393859 0.4558327 0.8790838 0.1755207 0.4553826 0.8728225 0.1757249 0.5052939 0.8448663 0.3085091 0.51059 0.802571 0.1461255 0.5456913 0.8251475 0.8419832 0.2558536 0.4749772 0.8418949 0.2886211 0.4559725 0.5389417 0.4497365 0.7122352 0.6099892 0.4166643 0.6740209 0.4327443 0.4836791 0.7607806 0.9724231 0.123315 0.1979564 0.9724232 0.123315 0.1979564 0.9724231 0.123315 0.1979564 0.9171047 0.2133324 0.3367618 0.7805799 0.3261915 0.5331925 0.9962461 0.04719066 0.07257312 0.9962462 0.04719066 0.07257318 0.9962462 0.04719072 0.07257312 0.9837406 0.09288221 0.153712 0.984415 0.09023874 0.150944 0.984415 0.09023874 0.1509439 0.9844151 0.09023874 0.150944 0.9844716 0.08547043 0.1533315 0 0.4257313 0.9048497 -0.001611649 0.4340127 0.9009053 0.00753647 -0.7717815 0.6358433 0.007929384 -0.7704532 0.6374474 0 -0.8445201 0.5355241 0 -0.84452 0.535524 0 -0.8445201 0.5355241 0.0212484 -0.4489866 0.8932858 0.004514396 -0.5284095 0.8489776 -0.001436054 -0.6689207 0.7433324 5.92614e-5 0.2527367 0.9675351 6.01324e-5 0.2527372 0.967535 5.93948e-5 0.2527369 0.9675351 0.002388954 0.1313149 0.9913379 0.01752936 0.03322827 0.9992941 0.003460943 -0.07588773 0.9971104 -0.003460168 -0.3049122 0.9523742 0.6615992 0.5756977 -0.4804777 0.9343125 0.2737078 0.2283517 0.9343125 0.2737078 0.2283517 0.9343124 0.2737078 0.2283516 0.9344453 0.3507393 0.06159621 0.934453 0.3347783 -0.1213309 0.9698658 0.1572716 -0.1860809 0.9698658 0.1572716 -0.1860809 0.9698658 0.1572716 -0.1860809 0.9345322 0.2317847 -0.2700476 0.9344565 0.2733925 -0.2281395 0.9343389 0.2736468 -0.2283164 0.9343389 0.2736468 -0.2283163 0.9343389 0.2736468 -0.2283164 0.9344606 0.3087269 -0.177401 0.9344478 0.3507325 -0.06159591 0.9344325 0.350772 -0.06160372 0.9344304 0.3561458 0 0.9344417 0.3348078 0.1213364 0.9344356 0.3348208 0.1213473 0.93444 0.3087736 0.1774286 0.9752933 0.1425712 0.1687499 0.9752933 0.1425712 0.1687499 0.9752933 0.1425712 0.1687499 0.934503 0.2317717 0.270159 0.8937882 0.2894686 0.3425652 0.6613501 0.6503568 -0.3737006 0.6613425 0.7051976 -0.2555827 0.6615535 0.705017 -0.2555349 0.6615535 0.705017 -0.2555348 0.6615535 0.705017 -0.2555348 0.6612986 0.7388165 -0.1297477 0.6613194 0.7501045 0 0.6613227 0.7387948 0.1297479 0.6615554 0.7385944 0.1297035 0.6615554 0.7385944 0.1297035 0.6615554 0.7385944 0.1297035 0.6612928 0.705241 0.2555916 0.6613641 0.4840872 0.5729372 0.6614326 0.4840547 0.5728858 0.6614088 0.5758747 0.4805276 0.6613308 0.5759177 0.4805836 0.6613148 0.6503847 0.3737145 0.06723552 0.6439405 -0.7621155 0.2384112 0.6284662 -0.7403988 0.3036513 0.6149351 -0.7277711 0.6613784 0.4840974 -0.5729122 0.6616314 0.4839236 -0.5727669 0.6616314 0.4839236 -0.572767 0.6616314 0.4839236 -0.572767 0.8832464 0.3024659 -0.358316 0.8831387 0.3027837 -0.3583132 0.8832464 0.3024659 -0.3583159 0.239123 0.6953975 -0.6776744 0.4073807 0.7012016 -0.5851131 0.6612708 0.5759625 -0.4806122 0.66127 0.6504205 -0.3737314 0.9344325 0.3087911 -0.177438 0.934427 0.3348441 -0.1213495 0.2383788 0.9130562 -0.3309136 0.2383271 0.9130697 -0.3309141 0.2390415 0.8650543 -0.4410672 0.5917536 0.6989471 -0.4016225 0.2390086 0.8234942 -0.5145214 0.2386047 0.7517104 -0.6148165 0.2392213 0.9389766 -0.2471765 0.303014 0.9386219 -0.1648375 0.6613467 0.7387738 -0.1297457 0.6615734 0.7498805 0 0.6615734 0.7498805 0 0.6615734 0.7498805 0 0.9342558 0.3566035 0 0.9342559 0.3566036 0 0.9342559 0.3566036 0 0.9344334 0.3507692 0.0616064 0.238442 0.957063 -0.1648511 0.239061 0.970088 -0.04218018 0.5975915 0.8018008 0 0.2390693 0.9700861 0.04217815 0.2384551 0.9565151 0.1679827 0.3054362 0.9383941 0.161633 0.2392304 0.9389564 0.2472444 0.2383915 0.9130539 0.3309112 0.6613453 0.705198 0.2555745 0.6613476 0.6503612 0.3736974 0.9343289 0.3090425 0.1775449 0.9343289 0.3090425 0.1775449 0.9344388 0.2734377 0.2281578 0.2383151 0.913072 0.3309162 0.2390107 0.8650666 0.4410598 0.5917575 0.6989423 0.4016252 0.2388638 0.8235182 0.5145505 0.2383285 0.7456788 0.622224 0.4262992 0.7002067 0.5726951 0.2392011 0.6954327 0.6776107 0.3611876 0.6017958 0.7123099 0.3611876 0.6017957 0.7123099 0.2384331 0.6288628 0.7400549 0.1286615 0.640107 0.757436 0.1286615 0.640107 0.7574359 0.1286615 0.640107 0.757436 0 -0.8445201 -0.5355241 0 -0.8445201 -0.5355241 0 -0.8445201 -0.5355241 0.009126782 -0.7580389 -0.6521455 5.78501e-4 0.4148672 -0.9098818 0 0.4176502 -0.9086079 0.01287317 -0.7689561 -0.639172 0.01287317 -0.7689561 -0.639172 0.01287317 -0.7689562 -0.639172 -6.94209e-4 -0.6676136 -0.7445077 -1.28315e-4 -0.5207288 -0.8537222 0.001872241 -0.5301694 -0.8478898 -0.002192497 -0.3142923 -0.9493237 -6.70993e-4 -0.3232579 -0.9463108 0.001211881 0.01230204 -0.9999236 0.0264517 -0.07806605 -0.9965973 -4.73483e-4 0.1294621 -0.9915844 0.312164 0.4378464 -0.8431158 0.3121669 0.4378461 -0.8431149 0.3121669 0.4378459 -0.843115 0.9165701 0.2136408 -0.3380188 0.9165701 0.2136409 -0.3380188 0.9729133 0.1219506 -0.1963868 0.9729133 0.1219505 -0.1963869 0.9729134 0.1219506 -0.1963868 0.9837906 0.09259748 -0.1535632 0.9964922 0.04559051 -0.07017791 0.7960615 0.3223013 -0.512258 0.6315398 0.4143291 -0.6553541 0.6311727 0.4144248 -0.6556472 0.6311727 0.4144248 -0.655647 0.538973 0.4465952 -0.7141855 0.433106 0.4829861 -0.7610149 0.4332715 0.482897 -0.7609773 0.4331888 0.4829417 -0.7609961 0.1545666 0.545003 -0.8240636 0.313328 0.5092394 -0.8015615 0.1756735 0.5048337 -0.845152 0.1753306 0.4552914 -0.8729084 0.1315284 0.4558433 -0.8802881 0.8419944 0.2834146 -0.4590443 0.8420373 0.2504475 -0.4777543 0.8420374 0.2504509 -0.4777525 0.8420374 0.2504509 -0.4777524 0.5390599 0.391912 -0.745533 0.6100372 0.3753818 -0.6978131 0.4330614 0.4169498 -0.7991313 0.9723415 0.1099459 -0.2060679 0.9723415 0.1099459 -0.2060679 0.9723415 0.1099458 -0.2060679 0.917066 0.1850166 -0.3532125 0.780538 0.2986862 -0.549133 0.9962058 0.03950762 -0.07754409 0.9837428 0.08666795 -0.1572855 0.984482 0.08538097 -0.1533144 0.9844201 0.09015029 -0.1509644 0.9844201 0.09015023 -0.1509645 0.9844201 0.09015029 -0.1509644 0 0.5708463 -0.821057 -0.0016433 0.5631968 -0.8263212 0.007554054 0.9366326 0.350232 0.007885992 0.9372197 0.3486505 0 0.8860684 0.4635547 0.02125442 0.9981104 -0.0576536 0.004586875 0.9994468 0.03294265 -0.001372516 0.97818 0.2077548 2.3265e-4 0.7115234 -0.7026624 2.32568e-4 0.7115238 -0.7026619 2.3299e-4 0.7115236 -0.7026622 0.002355456 0.7927902 -0.6094902 0.002355456 0.7927902 -0.6094902 0.002355456 0.7927902 -0.6094902 0.0175175 0.8487186 -0.5285546 0.003510415 0.901304 -0.4331731 0.003510475 0.901304 -0.4331731 0.003510475 0.901304 -0.4331731 -0.003496944 0.9772146 -0.2122252 0.067954 -0.9819315 -0.1766152 0.6612656 -0.4817841 -0.5749887 0.9347688 -0.01579815 -0.3549055 0.9344558 -0.308003 -0.1786804 0.9699054 -0.2396363 -0.04310393 0.9699054 -0.2396363 -0.04310399 0.9699055 -0.2396364 -0.04310399 0.9343121 -0.334619 -0.122846 0.9343121 -0.334619 -0.122846 0.9343121 -0.334619 -0.122846 0.9342837 -0.2727746 -0.2295826 0.9342837 -0.2727747 -0.2295826 0.9342837 -0.2727747 -0.2295826 0.9344544 -0.2286964 -0.2729342 0.9344382 -0.2287278 -0.2729631 0.9344317 -0.1780709 -0.3084289 0.934462 -0.06230914 -0.3505689 0.9344188 -0.0623278 -0.3506807 0.9344164 -0.1220416 -0.3346219 0.9344351 0.06088334 -0.3508908 0.9345089 -0.3498212 -0.06571537 0.8831242 -0.46173 -0.08304971 0.6615835 -0.7380253 -0.1327631 0.6615835 -0.7380253 -0.1327631 0.6615834 -0.7380253 -0.1327632 0.66136 -0.6488068 -0.376368 0.661677 -0.6485376 -0.3762746 0.661677 -0.6485376 -0.3762747 0.6613147 -0.704166 -0.2584825 0.661689 -0.3749014 -0.6493201 0.6616891 -0.3749014 -0.6493202 0.6616891 -0.3749015 -0.6493201 0.6613261 -0.2570304 -0.7046867 0.6614621 -0.2569876 -0.7045747 0.6614788 -0.131249 -0.7383897 0.6612631 -0.001541435 -0.7501525 0.9342957 0.06094098 -0.3512519 0.9342957 0.06094098 -0.3512519 0.9342957 0.06094092 -0.3512519 0.6612673 0.1282425 -0.7391071 0.6614097 0.1282156 -0.7389844 0.9343082 -0.3083397 -0.1788707 0.9343082 -0.3083397 -0.1788708 0.9343082 -0.3083397 -0.1788708 0.9344344 -0.334322 -0.1227241 0.6616106 -0.7039146 -0.2584102 0.6616105 -0.7039146 -0.2584102 0.6613677 -0.7382166 -0.1327744 0.3037101 -0.9377182 -0.1686564 0.2384003 -0.9554389 -0.1740745 0.2390424 -0.9261752 -0.2916476 0.596142 -0.7537016 -0.2766742 0.2390541 -0.8973581 -0.370947 0.2384545 -0.8400486 -0.4872965 0.3682707 -0.8072412 -0.4612359 0.2391885 -0.7980557 -0.5530788 0.934448 -0.2724782 -0.2292656 0.6613304 -0.5739392 -0.4829451 0.6612827 -0.5739746 -0.4829683 0.2383859 -0.7431021 -0.6252772 0.2383407 -0.7431053 -0.6252905 0.2390609 -0.6624202 -0.7099643 0.5842407 -0.5212441 -0.6220672 0.6613088 -0.4817797 -0.5749428 0.661325 -0.3750581 -0.6496005 0.9343285 -0.1781927 -0.3086709 0.9343284 -0.1781927 -0.3086709 0.9343285 -0.1781927 -0.3086709 0.9344406 -0.1220358 -0.3345565 0.2383379 -0.3327978 -0.9123818 0.2384979 -0.3327872 -0.912344 0.2392285 -0.422138 -0.8743965 0.4484326 -0.4469193 -0.7740617 0.2385745 -0.4965547 -0.8345751 0.2388842 -0.5982876 -0.7648441 0.2390706 -0.2267698 -0.9441508 0.5588636 -0.1451125 -0.8164642 0.6612694 -0.1312668 -0.7385742 0.6615263 -0.001544594 -0.7499204 0.6615263 -0.001544535 -0.7499204 0.6615263 -0.001544594 -0.7499204 0.7873024 -0.001267015 -0.6165657 0.9347766 0.01506137 -0.3549171 0.2386486 -0.1439967 -0.9603707 0.2386486 -0.1439967 -0.9603707 0.2386486 -0.1439967 -0.9603707 0.2383942 -0.02112948 -0.9709386 0.2383943 -0.02112948 -0.9709386 0.2383943 -0.02112948 -0.9709386 0.5117291 -0.001765787 -0.8591451 0.2389546 0.06327253 -0.9689671 0.2389546 0.06327253 -0.9689671 0.2389546 0.06327259 -0.9689671 0.2381739 0.1660464 -0.9569231 0.2381739 0.1660465 -0.9569231 0.2384243 0.1660252 -0.9568644 0.239004 0.2676131 -0.9334133 0.9753674 0.07475161 -0.2075346 0.9345015 0.1180824 -0.3358029 0.8938729 0.1518698 -0.4218136 0.6614112 0.2541027 -0.7056679 0.6613598 0.254115 -0.7057116 0.5180549 0.2897892 -0.8047617 0.361904 0.3267136 -0.8730887 0.1284465 0.3550491 -0.9259815 0.1284465 0.3550491 -0.9259814 0.1284466 0.3550491 -0.9259815 0.2393094 0.2675937 0.9333406 0.6614139 -0.001541256 0.7500195 0.6613132 0.2541344 0.7057482 0.9343095 -0.2727636 0.2294905 0.9343095 -0.2727636 0.2294905 0.9344179 -0.1220493 0.3346152 0.9699304 0.08247405 0.2289829 0.9699304 0.08247405 0.2289829 0.9344203 0.06088703 0.3509297 0.9347804 0.01507127 0.3549064 0.7870045 -0.001270949 0.616946 0.7870045 -0.001270949 0.616946 0.7870045 -0.001270949 0.616946 0.9347538 -0.01579707 0.3549447 0.9344244 -0.0623309 0.350665 0.9343066 -0.1782113 0.3087266 0.9343067 -0.1782079 0.3087281 0.9343066 -0.1782079 0.3087281 0.9344322 -0.1780759 0.308424 0.9344309 -0.2287361 0.2729812 0.9344369 -0.3080457 0.1787053 0.9344248 -0.3080741 0.1787196 0.9342531 -0.3347761 0.1228669 0.9342531 -0.3347761 0.1228669 0.9342531 -0.3347761 0.1228669 0.9344969 0.1180139 0.3358395 0.8831537 0.1589186 0.441344 0.6613169 0.2541297 0.7057465 0.6613128 -0.1312695 0.7385349 0.6616857 -0.2569047 0.7043949 0.6616857 -0.2569047 0.7043949 0.6616857 -0.2569047 0.7043949 0.6614084 -0.2570137 0.7046155 0.6614051 -0.3750138 0.6495444 0.6613975 -0.4817243 0.574887 0.6613557 -0.5739227 0.48293 0.6613513 -0.5739379 0.4829182 0.6613591 -0.6488099 0.3763642 0.6614215 -0.7040731 0.2584621 0.8928292 -0.4432875 0.07970213 0.8928292 -0.4432874 0.07970213 0.8928292 -0.4432875 0.07970213 0.661393 -0.738194 0.1327747 0.6613548 -0.7382278 0.1327764 0.3558058 -0.9198009 0.1654344 0.5179889 0.2897827 0.8048065 0.5179889 0.2897827 0.8048065 0.3041634 0.3373386 0.8908913 0.06789946 0.357218 0.9315498 0.9344388 0.06088358 0.3508808 0.6613215 0.1282288 0.7390611 0.6614097 0.1282156 0.7389844 0.2385554 0.1660231 0.9568321 0.2382958 0.1660195 0.9568974 0.2391338 0.06326848 0.9689233 0.5119577 -0.001768469 0.8590089 0.5119577 -0.001768469 0.8590089 0.5119577 -0.001768469 0.8590089 0.6613993 -0.001541197 0.7500325 0.661403 -0.1312498 0.7384576 0.9344488 -0.0623151 0.3506029 0.9344477 -0.1220191 0.3345428 0.238628 -0.3327196 0.9123346 0.238628 -0.3327196 0.9123346 0.238628 -0.3327197 0.9123346 0.2383697 -0.3327882 0.9123771 0.2391375 -0.2268005 0.9441264 0.5589165 -0.1451157 0.8164275 0.2387979 -0.1440059 0.9603322 0.2390183 -0.02110379 0.9707857 0.2390182 -0.02110379 0.9707857 0.2390183 -0.02110379 0.9707858 0.2389796 -0.4221647 0.8744518 0.4482668 -0.446953 0.7741382 0.66131 -0.3750652 0.6496115 0.6612982 -0.48178 0.5749546 0.9344297 -0.2287386 0.2729833 0.9344302 -0.2725112 0.2292991 0.2383795 -0.7431071 0.6252735 0.2383695 -0.7431064 0.6252782 0.2390656 -0.6624037 0.7099781 0.584115 -0.5213022 0.6221365 0.2389274 -0.5982832 0.7648339 0.2386124 -0.4965456 0.8345698 0.2392277 -0.7980417 0.5530821 0.3592032 -0.8072636 0.4682934 0.6613172 -0.6488412 0.3763839 0.6613196 -0.7041633 0.2584773 0.9344221 -0.3343527 0.122734 0.9345015 -0.3498527 0.06565183 0.9749109 -0.2190814 0.0393961 0.122672 -0.9767735 0.1756854 0.2384031 -0.9553461 0.174579 0.2390191 -0.9261807 0.2916493 0.5961378 -0.7537058 0.2766723 0.2383785 -0.8975394 0.370943 0.2383785 -0.8975394 0.3709429 0.2383785 -0.8975394 0.3709429 0.2386705 -0.8431726 0.4817638 0.2669577 0.5395555 -0.7985071 0.01001042 0.5445794 -0.8386497 -0.2578884 0.5262052 -0.8103097 -0.2579184 0.5262371 -0.8102794 -0.7046044 0.3674615 -0.607046 -0.7045935 0.3674587 -0.6070601 -0.9624984 0.0924319 -0.2550552 -0.962494 0.09242224 -0.2550758 -0.9624943 -0.2251513 0.1513661 -0.9624959 -0.2251428 0.1513687 -0.7046108 -0.5001826 0.50333 -0.7045997 -0.5001258 0.503402 -0.2578397 -0.6589242 0.7066382 0.2578589 -0.6589703 0.7065882 0.2578994 -0.6589087 0.706631 0.704621 -0.500102 0.5033959 0.7045902 -0.5002012 0.5033404 0.9624904 -0.2251664 0.1513682 0.962498 -0.2251347 0.1513669 0.9624951 0.09243834 -0.2550656 0.9624961 0.09241503 -0.2550701 0.7046163 0.3674445 -0.6070424 0.7045855 0.3674789 -0.6070573 0.2579294 0.5262376 -0.8102756 0.4063708 0 0.9137083 0.4142593 -0.5665413 0.7123343 0.5745345 0.3657067 0.7322354 0.5745345 0.3657066 0.7322355 0.7447826 -0.4028032 0.5320229 0.8598064 0.1388102 0.4913908 0.9706917 -0.1429882 0.1931634 0.9865931 1.14892e-4 0.1631999 1 1.125e-4 2.66115e-6 1 6.73771e-5 0 0.9960728 6.33866e-5 -0.08853894 0.8893826 -0.3075532 -0.338245 0.9466879 0.2613286 -0.1883869 0.804535 -0.1499316 -0.5746687 0.7445427 0.06420606 -0.6644802 0.5014266 -0.070598 -0.8623151 0.4755939 0 -0.8796651 0.3112218 0 -0.9503373 0.2612512 -0.1490251 -0.9536978 0.2404241 -0.3130488 -0.9188017 0.2404241 -0.3130488 -0.9188018 0.2404241 -0.3130489 -0.9188019 0.178836 0.130216 -0.9752238 0.1019169 -0.3593022 -0.9276395 0.1019169 -0.3593022 -0.9276395 0.1019169 -0.3593022 -0.9276395 0.06774353 -0.6650245 -0.7437427 0.02532869 0.1096024 -0.9936528 -0.05356431 -0.159196 -0.9857929 -0.06696915 -0.6744989 -0.7352322 -0.1327636 -0.07347381 -0.9884207 -0.208351 0.0570935 -0.9763864 -0.2376595 -0.3449072 -0.9080513 -0.2866617 0 -0.958032 -0.408185 0 -0.9128993 -0.6088569 -0.3401015 -0.7166759 -0.4841096 0.2693392 -0.8325229 -0.8041732 -0.1527926 -0.5744214 -0.8704426 0.06335169 -0.4881764 -0.9784182 -0.06927478 -0.1946766 -0.9865193 0 -0.1636451 -0.9964607 0 0.08406037 -0.8446934 -0.4512663 0.2878397 -0.8291637 0.5341078 0.1649744 -0.7646573 -0.3419539 0.5462296 -0.7230834 0.2131612 0.6570485 -0.4865846 -0.251436 0.8366693 -0.4765895 0 0.879126 -0.3184603 0 0.9479363 -0.3098262 -0.1323355 0.9415386 -0.3098262 -0.1323355 0.9415388 -0.3098263 -0.1323355 0.9415386 0 -1 1.54025e-6 0 -1 -4.18849e-6 0 -1 4.36356e-6 0 -1 -8.59545e-7 0 -1 -6.88612e-7 0 -1 3.56446e-7 0 -1 -3.05106e-6 0 -1 -6.16174e-7 0 -1 -5.60078e-7 0 -1 -1.62849e-6 0 -1 -3.73565e-7 0 -1 -1.23542e-6 0 -1 1.23542e-6 0 -1 9.7017e-7 0 -1 4.95997e-6 0 -1 -9.7017e-7 0 -1 -1.60521e-6 0 -1 -8.00481e-7 0 -1 -8.60444e-7 0 -1 -2.20913e-6 0 -1 1.06489e-6 0 -1 -7.50986e-6 0 -1 4.61391e-7 0 -1 3.63113e-7 0 -1 1.02879e-6 0 -1 -7.44229e-7 0 -1 5.05245e-7 0 -1 8.72709e-7 0 -1 3.35126e-6 0 -1 -3.57192e-6 0.309738 -0.1323308 0.9415684 0.3097382 -0.1323308 0.9415683 0.309738 -0.1323308 0.9415683 0.3184687 0 0.9479334 -0.2588162 0.5947717 -0.7610919 -0.7071448 0.4353798 -0.5571271 -0.7070955 0.4353317 -0.5572275 -0.9659241 0.1593459 -0.20396 -0.9659255 0.1593216 -0.2039726 -0.9659268 -0.1593172 0.2039695 -0.9659261 -0.1593661 0.2039342 -0.7071072 -0.4353967 0.5571617 -0.7070955 -0.4353317 0.5572275 -0.2588099 -0.5946565 0.761184 -0.258854 -0.5947109 0.7611265 0.2588359 -0.5947061 0.7611364 0.2588278 -0.5946626 0.7611732 0.7071265 -0.4353191 0.5571979 0.7070798 -0.4354057 0.5571895 0.9659271 -0.1593603 0.2039344 0.9659266 -0.1593225 0.2039661 0.9659255 0.159325 -0.2039692 0.9659242 0.1593406 -0.2039633 0.707117 0.4353132 -0.5572144 0.7071009 0.4354043 -0.5571638 0.2587681 0.5947718 -0.7611081 0.258801 0.5946748 -0.7611728 -0.2587525 0.5946762 -0.7611882 -0.2588184 0.5944747 -0.7613231 -0.258826 0.5943604 -0.7614099 -0.7071179 0.4353707 -0.5571685 -0.707118 0.4353871 -0.5571554 -0.9659297 0.1593497 -0.20393 -0.9659286 0.1593725 -0.2039179 -0.9659278 -0.1593763 0.2039188 -0.965928 -0.1593562 0.203933 -0.7070903 -0.4354056 0.5571762 -0.7070969 -0.4354167 0.557159 -0.2588121 -0.594778 0.7610884 -0.2588003 -0.5947537 0.7611113 0.2588263 -0.5947464 0.7611083 0.2588084 -0.5947743 0.7610926 0.7071224 -0.4353932 0.5571452 0.7071208 -0.4353953 0.5571457 0.9659249 -0.1593811 0.203929 0.9659269 -0.1593694 0.2039283 0.965927 0.1593762 -0.2039226 0.9659263 0.1593707 -0.2039299 0.7071377 0.4353809 -0.5571354 0.7071492 0.4353498 -0.5571449 0.2587958 0.5947419 -0.7611221 0.2588216 0.5946688 -0.7611705 -0.2587937 0.5946738 -0.7611761 1.41106e-5 -0.7880067 -0.6156668 6.09795e-5 -0.7879596 -0.615727 1.12893e-4 -0.7879737 -0.6157091 -7.76127e-5 -0.7880184 -0.6156517 -1.12887e-4 -0.7879952 -0.6156816 0 -0.7880052 -0.6156687 0 -0.7880471 -0.615615 -1.10875e-4 -0.7879865 -0.6156927 -6.35064e-5 -0.787935 -0.6157585 -1.10879e-5 -0.7880017 -0.6156733 7.05546e-6 -0.7879906 -0.6156874 5.54451e-6 -0.7879837 -0.6156962 0 -0.7879828 -0.6156973 -1.10877e-5 -0.7879903 -0.6156877 -2.82246e-5 -0.7879896 -0.6156888 8.87054e-5 -0.7879644 -0.6157208 1.4111e-4 -0.788022 -0.6156472 0 -0.7879816 -0.615699 8.87028e-5 -0.7880133 -0.6156583 3.5281e-5 -0.7880672 -0.6155892 -3.32616e-5 -0.7879505 -0.6157386 -2.82214e-5 -0.7879483 -0.6157414 -4.98919e-5 -0.7880032 -0.6156712 -0.00116223 0.9992388 -0.03899437 0 0.9982082 -0.05983787 0 0.9982087 -0.0598284 -0.027278 0.9983153 -0.05120944 0 -0.9931921 -0.1164887 0 -0.9931929 -0.1164823 0 -0.8617568 -0.5073218 0 -0.8617628 -0.5073116 0 -0.5836207 -0.8120265 0 -0.5836272 -0.8120218 0 -0.2062577 -0.9784978 0 -0.2062643 -0.9784964 0 -0.8616998 0.5074186 0 -0.9931951 0.1164631 0 -0.9931958 0.1164567 -0.1328164 -0.6583898 0.7408662 -0.1328164 -0.6583899 0.7408662 0 -0.5837666 0.8119216 0 -0.8617129 0.5073962 0 -0.4964182 0.8680835 0 -0.2060589 0.9785396 0 -0.2060523 0.978541 -0.001151323 0.9992388 0.03899437 -0.02726703 0.9983156 0.05120944 0 0.9982087 0.05982893 0 0.9982086 0.05983078 0.4566862 -0.6290414 -0.6290825 0.02467113 -0.963248 -0.2674784 0.08401924 -0.9625087 -0.2579103 0.08622294 -0.7997866 -0.5940597 0.08709311 -0.9961561 -0.009368717 0.08711403 -0.9961512 -0.009703576 0.08415532 -0.9624994 0.257901 0.0841813 -0.9624969 0.2579018 0.08627492 -0.7997806 0.5940604 0.08627492 -0.7997806 0.5940604 0.08627492 -0.7997806 0.5940604 0.4566041 -0.6290931 0.6290904 0.09923374 -0.6208221 0.7776456 0.08620929 -0.6117014 0.7863774 0.08412992 -0.2578932 0.9625037 0.08422678 -0.2579536 0.962479 0.08424293 0.2578806 0.9624971 0.08410352 0.2579456 0.9624919 0.08409857 0.7046073 0.7045964 0.08412688 0.7046082 0.7045921 0.08417582 0.9624971 0.2579029 0.08419555 0.9624949 0.2579048 0.08419919 0.9625028 -0.2578738 0.08416301 0.962498 -0.2579035 0.08413237 0.7045724 -0.7046272 0.08421349 0.7045994 -0.7045905 0.08391338 0.2578507 -0.962534 0.08391344 0.2578507 -0.962534 0.08391344 0.2578507 -0.962534 0.08422464 0.2578862 -0.9624973 0.08418732 -0.2579115 -0.9624937 0.084311 -0.257896 -0.9624872 0.08628886 -0.618687 -0.7808846 0.1001084 -0.6109901 -0.7852832 1 2.14913e-6 0 1 2.14914e-6 0 1 2.26237e-6 0 1 1.98114e-6 0 1 -3.40716e-6 0 1 -5.45995e-6 0 1 1.62735e-6 0 1 6.57289e-6 0 1 -2.02423e-6 0 1 -2.98013e-6 0 -0.8027057 -0.5822428 0.1290615 0 -0.9842079 0.1770166 0 -0.8682727 0.4960873 -0.8227996 -0.5060945 0.2585911 0 -0.9241538 0.3820206 0 -0.9538263 0.300359 0 -0.8219107 0.5696165 -0.2298472 -0.744673 0.6266039 -0.7711092 -0.4759087 0.4229679 0 -0.5113107 0.8593959 -0.8347696 -0.3063376 0.4575119 0 -0.6161479 0.7876305 0 -0.6821776 0.7311866 0 -0.4347574 0.9005476 -0.4511023 -0.305813 0.8384421 -0.7218979 -0.2280329 0.6533486 0 -0.2335737 0.9723392 0 -0.1938372 0.9810338 0.2358075 -0.1441173 0.9610542 0 -0.1348377 0.9908678 -0.1144058 -0.06749129 0.9911389 -0.4508029 -0.3058724 -0.8385814 -0.7216759 -0.2280783 -0.6535781 -0.7216759 -0.2280783 -0.6535781 0 -0.2335478 -0.9723454 0 -0.1939094 -0.9810195 0.2355242 -0.1441085 -0.961125 0.2355242 -0.1441084 -0.961125 0 -0.1348165 -0.9908707 -0.1905093 -0.02133011 -0.9814537 0 -0.06792891 -0.9976902 0 0.06512266 -0.9978772 0 -0.4347574 -0.9005476 0 -0.5113404 -0.8593782 -0.8347288 -0.3063764 -0.4575602 -0.2299103 -0.7446616 -0.6265943 -0.7710322 -0.47598 -0.4230279 0 -0.6822012 -0.7311645 0 -0.6161133 -0.7876575 0 -0.8219107 -0.5696165 0 -0.8682727 -0.4960873 -0.8227805 -0.5061231 -0.2585956 0 -0.9842079 -0.1770166 -0.8027073 -0.5822401 -0.129064 0 -0.9538263 -0.300359 0 -0.9241538 -0.3820206 -0.4436379 0.3710197 -0.8158001 -0.1144012 0.4568122 -0.8821763 0 0.6454039 -0.7638415 0 0.7161611 -0.6979351 -0.0326237 0.6504575 -0.7588418 -0.3390853 0.5923089 -0.730884 0 0.5516229 -0.8340938 0 0.512821 -0.8584956 -0.3391136 0.5923014 0.7308769 0 0.5516175 0.8340973 0 0.6454039 0.7638415 0 0.3580282 0.9337109 0 0.3580309 0.9337098 -0.4436218 0.371023 0.8158074 -0.1103869 0.4575034 0.8823296 0 0.5132879 0.8582166 -0.07736939 0.170445 -0.9823251 -0.08059817 0.1712089 -0.9819326 0 0.2756019 -0.961272 0 0.3580268 -0.9337114 0 0.3580259 -0.9337117 0 0.7740687 -0.6331017 -0.1412594 0.7966859 -0.5876541 0 0.8480749 -0.5298764 0 0.9670484 -0.2545928 -0.01502138 0.9280713 -0.3720996 -0.1664889 0.927037 -0.335982 0 0.8908858 -0.4542274 0 0.9854886 -0.1697418 -0.1333317 0.9830765 -0.1256319 0 0.9990562 -0.04343831 0 0.8908858 0.4542274 -0.122229 0.9212157 0.3693531 -0.01094543 0.9401035 0.3407135 0 0.967029 0.2546664 0 0.9919329 0.1267637 -0.2000063 0.9655762 0.1663132 0 0.9990562 0.04343748 -0.03265011 0.6504625 0.7588364 0 0.716207 0.697888 0 0.8047529 0.59361 -0.2286392 0.7535663 0.6163294 0 0.848071 0.5298829 0 -0.02172815 0.9997639 0 0.06515944 0.9978749 -0.07792854 0.1712439 0.982142 -0.08121556 0.1703813 0.9820257 0 0.2756019 0.961272 -3.52738e-5 -0.7880492 -0.6156123 -1.10881e-5 -0.7879453 -0.6157454 8.46779e-5 -0.7879421 -0.6157495 -3.32601e-5 -0.7880333 -0.6156326 -5.64371e-5 -0.7880352 -0.6156303 0 -0.7880342 -0.6156317 -5.64452e-5 -0.7880004 -0.6156748 0 -0.7880091 -0.6156637 0 -0.7880144 -0.6156569 -4.43498e-5 -0.7879961 -0.6156805 -4.23322e-5 -0.7880074 -0.6156659 -4.43482e-5 -0.7880005 -0.6156746 2.8223e-5 -0.7879705 -0.6157131 1.10871e-5 -0.788007 -0.6156664 -5.64426e-5 -0.7880052 -0.6156685 0 -0.7879776 -0.615704 0 -0.7880005 -0.6156746 6.65238e-5 -0.7880024 -0.6156724 5.64455e-5 -0.7880069 -0.6156665 0 -0.7880015 -0.6156733 0 -0.7879946 -0.6156822 4.43492e-5 -0.788018 -0.6156522 1.41107e-5 -0.7880312 -0.6156355 0 -0.7880336 -0.6156323 -0.5431754 -0.8389484 -0.03356087 -0.5108939 -0.859384 -0.02113443 -0.4366542 -0.8991793 -0.02845638 -0.2352185 -0.9716145 -0.0252493 -0.2366439 -0.9712668 -0.02531194 0.4985164 -0.866649 -0.02002656 0.5317361 -0.8458582 -0.04219919 0.5312291 -0.8462674 -0.04034024 0.4788158 -0.8774056 -0.02991527 0.4375361 -0.8987582 -0.02821093 0.2408944 -0.9702278 -0.02505981 0.2396347 -0.9705395 -0.02506798 0.01413774 -0.999839 -0.01106387 0.240942 -0.9704331 -0.01437354 0.3792369 -0.9252083 -0.01300317 0.4985404 -0.8667366 -0.0150122 0.4867204 -0.8735367 -0.006084203 0.3781147 -0.9257495 -0.00417912 0.2629404 -0.964801 -0.004617691 0.2629405 -0.964801 -0.004617691 0.2629405 -0.9648011 -0.00461775 0.1612076 -0.9869179 -0.002318084 -0.4971825 -0.8675643 -0.0119102 -0.511347 -0.8592983 -0.01143282 -0.511347 -0.8592984 -0.01143282 -0.511347 -0.8592984 -0.01143282 -0.3110226 -0.9503967 -0.003350198 -0.3303318 -0.9438621 -0.002282977 -0.03726989 -0.9992825 -0.006735563 -0.272552 -0.9620369 -0.01415795 -0.2366873 -0.9714575 -0.01579761 0.1491462 -0.9738768 0.1712292 0.1232218 -0.9807642 0.1513875 0.2566778 -0.8379063 0.4816946 0.2647977 -0.8327331 0.4862486 0.3610602 -0.5519037 0.75169 0.3682804 -0.5443686 0.7536793 0.4048634 -0.1914246 0.8941155 0.4106819 -0.1821799 0.893393 0.410682 -0.1821799 0.893393 0.410682 -0.1821799 0.8933929 0.6368581 -0.1752645 0.7507958 0.6309963 -0.1932221 0.7513382 0.5616177 -0.5348666 0.6312711 0.5511879 -0.5505803 0.6269396 0.3920736 -0.8265185 0.4039128 0.3784258 -0.836978 0.3952997 0.1467899 -0.9845666 0.09529703 0.1867393 -0.97601 0.11195 0.8635261 -0.1759072 0.4726305 0.8589065 -0.1913294 0.4750505 0.7486789 -0.535965 0.3901558 0.7389889 -0.5493217 0.3900525 0.5073758 -0.8274689 0.2405517 0.4934773 -0.836584 0.2379232 0.1858485 -0.9811435 0.05308234 0.2048528 -0.9771434 0.05679905 0.2220216 -0.9750247 0.005790233 0.2107891 -0.9775054 0.0071671 0.5653195 -0.8221735 0.06666946 0.5514273 -0.8312758 0.07006084 0.8450435 -0.5209978 0.1202619 0.8314291 -0.5408972 0.1271057 0.9735963 -0.1711804 0.1510214 0.9717175 -0.1794095 0.1535497 0.9854503 -0.1699189 -0.003925085 0.9854531 -0.1699026 -0.003925383 0.8524684 -0.5226395 -0.01207494 0.8524565 -0.5226588 -0.01207643 0.5672925 -0.8232968 -0.019023 0.5673368 -0.8232662 -0.01901954 0.222236 -0.9747329 -0.02251833 0.2221007 -0.9747635 -0.0225259 0.2560565 -0.9648827 -0.0586217 0.2222135 -0.9743005 -0.03687584 0.5657186 -0.8216471 -0.06970417 0.5665757 -0.820987 -0.07051491 0.8398116 -0.5366537 -0.08197194 0.8494701 -0.518719 -0.09659779 0.9796037 -0.1837201 -0.08138549 0.9816684 -0.1670814 -0.0917111 0.9201897 -0.1774622 -0.3489385 0.9200897 -0.1793348 -0.3482442 0.792961 -0.5287076 -0.3027894 0.792189 -0.5304417 -0.3017752 0.5386868 -0.8163738 -0.2082076 0.5374415 -0.8174717 -0.2071158 0.1903577 -0.9786536 -0.07746666 0.2208917 -0.9687474 -0.1128509 0.736744 -0.1811103 -0.6514657 0.7362678 -0.1764044 -0.6532926 0.6378709 -0.5320726 -0.5567941 0.6386598 -0.527882 -0.5598699 0.4370936 -0.8185303 -0.3727701 0.4391838 -0.8155214 -0.3768851 0.1673792 -0.9772969 -0.1299042 0.1804615 -0.9713512 -0.1546303 0.1312564 -0.9732032 -0.1888051 0.1294049 -0.9754335 -0.1782808 0.2942206 -0.8151317 -0.4989936 0.2936046 -0.820336 -0.49076 0.41561 -0.5275157 -0.7409424 0.4165698 -0.5352457 -0.7348345 0.4710714 -0.1754198 -0.8644766 0.4735264 -0.1843428 -0.8612726 0.09723001 -0.9748418 -0.2005736 0.09695708 -0.9664307 -0.237931 0.08104526 -0.9769293 -0.197588 0.05843579 -0.9761939 -0.2088797 0.06064867 -0.9685055 -0.2414935 0.0311349 -0.9815495 -0.1886562 0.02558004 -0.9641705 -0.2640477 0.00759226 -0.9823082 -0.1871179 -0.01272982 -0.9669966 -0.254471 -0.01658803 -0.9788636 -0.2038408 -0.04290735 -0.9754418 -0.2160375 -0.04851955 -0.9697054 -0.2394104 -0.06239444 -0.9806424 -0.1856001 -0.08857536 -0.9633747 -0.2531082 -0.08317625 -0.9810125 -0.1752033 -0.09647053 -0.9758275 -0.1960976 0.3116886 -0.1835078 -0.9322956 0.278577 -0.537328 -0.7960361 0.2015064 -0.8216717 -0.5331519 0.311851 -0.184037 -0.932137 0.2606238 -0.1855712 -0.9474379 0.2604161 -0.1833248 -0.9479323 0.183453 -0.1851801 -0.9654291 0.1833044 -0.1836802 -0.9657438 0.1050595 -0.1849114 -0.9771235 0.1049513 -0.1839452 -0.9773175 0.02588015 -0.1845051 -0.9824908 0.0258668 -0.1843979 -0.9825114 -0.05348032 -0.1842766 -0.9814184 -0.05342388 -0.18472 -0.9813381 -0.1324725 -0.1839208 -0.9739734 -0.1323167 -0.1850947 -0.9737722 -0.2105237 -0.183641 -0.9601853 -0.2103095 -0.1852498 -0.9599232 -0.2871809 -0.1831699 -0.9402 -0.2868466 -0.1855917 -0.939827 0.2792485 -0.5401879 -0.7938623 0.2330868 -0.5413889 -0.8078172 0.2330824 -0.5394545 -0.8091115 0.1643741 -0.5411098 -0.8247311 0.1643191 -0.5399783 -0.8254833 0.09422957 -0.5410724 -0.8356803 0.0941537 -0.5402865 -0.8361972 0.02324372 -0.5407899 -0.8408366 0.02320891 -0.5405358 -0.8410008 -0.04800635 -0.5404303 -0.8400183 -0.04792463 -0.5408915 -0.839726 -0.1188353 -0.5401688 -0.8331242 -0.118622 -0.5411329 -0.8325287 -0.1886683 -0.5398287 -0.8203593 -0.1882967 -0.5412701 -0.8194944 -0.2569114 -0.5394174 -0.8018887 -0.2563368 -0.5413446 -0.800773 0.2020893 -0.825622 -0.5267906 0.2020893 -0.8256219 -0.5267906 0.2020893 -0.825622 -0.5267906 0.1683344 -0.8262343 -0.5375878 0.1684792 -0.8252068 -0.5391182 0.1190301 -0.826397 -0.5503634 0.1190611 -0.8254735 -0.551741 0.06836718 -0.8262622 -0.5591214 0.06832724 -0.825742 -0.5598944 0.01686513 -0.8261126 -0.5632528 0.01683932 -0.8259696 -0.5634632 -0.03486096 -0.8258842 -0.5627611 -0.03478312 -0.8261474 -0.5623795 -0.08623701 -0.8256288 -0.5575843 -0.08600854 -0.8262039 -0.5567674 -0.1365966 -0.8255243 -0.5475866 -0.1365966 -0.8255243 -0.5475866 -0.1365966 -0.8255243 -0.5475866 -0.1361517 -0.8263434 -0.5464608 -0.1856076 -0.8250057 -0.5337749 -0.1847533 -0.8264426 -0.5318447 -0.1472949 -0.9658021 -0.2133789 -0.1163406 -0.9750115 -0.1892555 -0.256443 -0.8219203 -0.5086101 -0.254381 -0.8232675 -0.5074653 -0.3593078 -0.5375789 -0.7628281 -0.3604039 -0.5364499 -0.7631059 -0.4054636 -0.1848948 -0.8952169 -0.4082118 -0.1806603 -0.8948324 -0.6336336 -0.1751619 -0.7535429 -0.6311006 -0.1824025 -0.7539505 -0.5532572 -0.5264824 -0.6455408 -0.5489975 -0.5327726 -0.6440148 -0.3848611 -0.814535 -0.4340677 -0.3791751 -0.8189797 -0.4306955 -0.1452671 -0.9792819 -0.1410831 -0.1880145 -0.9693157 -0.1583595 -0.8587235 -0.1780702 -0.480505 -0.8583952 -0.1790794 -0.4807165 -0.7409751 -0.5292975 -0.4132798 -0.74029 -0.5302233 -0.4133208 -0.5045831 -0.8167499 -0.2798489 -0.5037357 -0.8173179 -0.2797176 -0.1881694 -0.976831 -0.1019486 -0.2134867 -0.9711417 -0.1063356 -0.2134867 -0.9711417 -0.1063356 -0.2134867 -0.9711418 -0.1063356 -0.222155 -0.9736896 -0.05075114 -0.2202094 -0.9741182 -0.05100661 -0.2202094 -0.9741182 -0.05100661 -0.2202094 -0.9741182 -0.05100661 -0.565087 -0.8179034 -0.1082161 -0.5627049 -0.819463 -0.1088284 -0.8448692 -0.5146661 -0.1459964 -0.8316447 -0.5337063 -0.153378 -0.9736707 -0.1640763 -0.1582545 -0.9694218 -0.1819109 -0.1647115 -0.9854506 -0.1699173 -0.003924965 -0.9854499 -0.1699208 -0.003925859 -0.8524604 -0.5226526 -0.01207488 -0.8524733 -0.5226314 -0.01207602 -0.5673341 -0.8232681 -0.01902222 -0.5672854 -0.8233016 -0.01902002 -0.2221029 -0.9747632 -0.02251923 -0.2222383 -0.9747322 -0.02252477 -0.244346 -0.9696145 0.01195639 -0.2220632 -0.9750301 -0.002108573 -0.5505531 -0.8345744 0.01942068 -0.5505531 -0.8345744 0.01942074 -0.5505531 -0.8345744 0.01942074 -0.5665432 -0.8232833 0.03512012 -0.8362812 -0.546195 0.04801034 -0.8496323 -0.5227105 0.0699914 -0.9805799 -0.1842197 0.06727898 -0.9822453 -0.1710986 0.07693743 -0.9241853 -0.1901142 0.3312672 -0.9247307 -0.1768025 0.337067 -0.7921138 -0.5484496 0.2678787 -0.7972662 -0.5371457 0.2753925 -0.5250261 -0.8363562 0.1576579 -0.5344681 -0.8286594 0.1663361 -0.182325 -0.9829056 0.02557504 -0.2171196 -0.9739177 0.06590569 -0.7436126 -0.192486 0.6403042 -0.7414184 -0.175774 0.6476129 -0.64514 -0.5504097 0.5299468 -0.6476602 -0.5358813 0.5416342 -0.4374983 -0.8371108 0.3283913 -0.4443711 -0.8276557 0.3428128 -0.1655107 -0.9830154 0.07929146 -0.1820416 -0.9770097 0.1109631 -0.1337258 -0.979946 0.1477279 -0.13126 -0.982371 0.1331093 -0.3001759 -0.8286095 0.4725473 -0.2992682 -0.8375599 0.4570906 -0.2992683 -0.8375599 0.4570906 -0.2992683 -0.8375599 0.4570906 -0.4226412 -0.5379586 0.7293662 -0.4247335 -0.5513551 0.7180592 -0.474132 -0.1775679 0.8623622 -0.4789519 -0.1932206 0.8563124 -0.2119139 -0.8370377 0.5044409 -0.1022813 -0.9820297 0.1586071 -0.2906443 -0.5500203 0.7829455 -0.3093579 -0.1881614 0.9321444 -0.3211389 -0.1875846 0.9282683 -0.3211609 -0.1876789 0.9282416 -0.3211609 -0.1876789 0.9282415 -0.3089115 -0.1875352 0.9324185 -0.2799032 -0.5506117 0.7864356 -0.290676 -0.5500788 0.7828926 -0.2114829 -0.8366146 0.5053228 -0.1006245 -0.982207 0.1585689 -0.1003997 -0.9813513 0.1639195 -0.1003996 -0.9813513 0.1639195 -0.1003524 -0.9812774 0.1643908 -0.2035232 -0.8371392 0.5077167 -0.2038354 -0.8374403 0.5070946 -0.2632798 -0.6393461 0.7224405 -0.218113 -0.4718981 0.8542476 -0.2299197 -0.6406382 0.7326115 0.2558395 -0.4710714 0.8441788 -0.2726637 -0.1672348 0.9474635 -0.2726637 -0.1672348 0.9474635 -0.2693701 -0.1892797 0.9442527 -0.04821795 -0.984032 0.1713363 -0.01630979 -0.999796 0.01191759 -0.01360899 -0.9872087 0.1588521 -0.01360899 -0.9872087 0.1588521 -0.01360905 -0.9872087 0.1588521 -0.006310164 -0.9990842 0.04232019 -0.006310164 -0.9990842 0.04232019 -0.006310164 -0.9990842 0.04232019 0.006652653 -0.999852 0.01586621 0.006652712 -0.999852 0.01586621 0.006652712 -0.999852 0.01586621 0.02047455 -0.9822534 0.1864378 0.02047449 -0.9822534 0.1864378 0.02047455 -0.9822534 0.1864378 0.01814597 -0.9996904 0.01702874 0.05100226 -0.9863287 0.1566995 0.04310935 -0.9952658 0.08710688 0.06363779 -0.9917017 0.1117047 0.06363779 -0.9917017 0.1117047 0.08336907 -0.9829325 0.1639919 -0.2620353 -0.4708663 0.8423909 -0.2543739 -0.5011645 0.8271204 -0.1745558 -0.5038058 0.8459964 -0.1918946 -0.3055747 0.9326311 -0.1960825 -0.2699629 0.942694 -0.1414623 -0.338586 0.9302409 -0.09463906 -0.3392832 0.9359116 -0.07350093 0.069404 0.9948773 -0.02314007 -0.4036732 0.9146107 -0.02314972 -0.4032346 0.9148039 0.2588576 -0.1246271 0.9578419 0.2588575 -0.1246271 0.9578418 0.2617461 -0.2992279 0.9175792 0.1839761 -0.2016626 0.9620214 0.1878786 -0.3297616 0.9251806 0.1304181 -0.3313421 0.9344537 0.0837664 -0.04104202 0.9956399 0.02281254 -0.4037218 0.9145973 0.08245593 -0.01504874 0.9964811 0.05175608 -0.7871836 0.6145431 0.2609445 -0.3085868 0.9147034 0.2447587 -0.5181143 0.819543 0.1703858 -0.5204361 0.8367288 0.1703857 -0.5204361 0.8367288 0.1703857 -0.5204361 0.8367288 0.1709152 -0.5941814 0.7859621 0.1048676 -0.5959224 0.7961655 -0.1716839 -0.8382807 0.5175038 -0.2136073 -0.7360287 0.6423656 -0.1470736 -0.7382101 0.6583428 -0.1722018 -0.6003204 0.7810006 -0.09689038 -0.6024327 0.7922672 -0.04609388 -0.7894092 0.6121344 -0.02843707 -0.6561116 0.754128 0.03560215 -0.6560618 0.753867 -0.08169716 -0.9829869 0.1645063 -0.1554216 -0.9034007 0.399639 -0.1032186 -0.9050386 0.412615 -0.1032186 -0.9050386 0.412615 -0.1032186 -0.9050386 0.412615 -0.1360589 -0.8112916 0.5685895 -0.1360589 -0.8112916 0.5685895 -0.1360589 -0.8112916 0.5685895 -0.07690465 -0.8129312 0.5772595 -0.07690465 -0.8129312 0.5772595 -0.07690471 -0.8129313 0.5772596 -0.06777381 -0.842209 0.5348746 -0.0222826 -0.842674 0.537963 -0.02048164 -0.8512523 0.524357 0.02729427 -0.8511908 0.5241463 0.02638518 -0.8404231 0.5412882 0.07795703 -0.8397561 0.5373383 0.0790379 -0.8080886 0.5837345 0.135645 -0.8067196 0.5751555 0.135577 -0.806918 0.5748934 0.1423373 -0.7511432 0.6446115 0.204353 -0.7489329 0.6303487 0.2245466 -0.6407775 0.7341547 0.1684305 -0.8383558 0.5184504 0.1469194 -0.9117351 0.3836065 0.1469194 -0.9117351 0.3836065 0.1469194 -0.9117351 0.3836065 0.09829574 -0.9133034 0.3952404 0.09133344 -0.9456558 0.3120795 0.05053037 -0.9468141 0.3177888 0.05053037 -0.9468142 0.3177888 0.05053037 -0.9468141 0.3177888 0.05017596 -0.9630765 0.2645114 0.01584303 -0.9635266 0.2671432 0.01728856 -0.968753 0.2474242 -0.01195979 -0.9688035 0.2475414 -0.01438045 -0.9646484 0.2631478 -0.04025596 -0.9643938 0.261389 -0.0520001 -0.9492617 0.3101586 -0.0908184 -0.9481527 0.304563 -0.0370295 -0.9976451 0.0577321 -0.08276236 -0.9817379 0.1712924 0.309588 -0.1220514 0.9430052 0.2781531 -0.1895494 0.9416486 0.2402468 -0.5519453 0.7985224 0.291037 -0.4696261 0.833516 0.3048922 -0.3067502 0.9016347 0.1014441 -0.981707 0.1611232 0.09917867 -0.982231 0.1593301 0.09917867 -0.982231 0.1593301 0.09917867 -0.982231 0.1593301 0.2034031 -0.8374596 0.5072364 0.2039678 -0.837127 0.5075587 0.2632763 -0.6393378 0.7224491 0.321465 -0.187563 0.9281597 0.3210507 -0.1874826 0.9283193 0.3210845 -0.1877126 0.9282611 0.3210507 -0.1874826 0.9283193 0.2906211 -0.5500815 0.7829112 0.2906929 -0.5500209 0.7829269 0.2112804 -0.8370769 0.5046414 0.2121149 -0.8365827 0.5051108 0.1022813 -0.9820304 0.1586025 0 -0.7880275 -0.6156401 -5.17394e-5 -0.788007 -0.6156663 -2.49453e-5 -0.7879807 -0.6157001 2.58687e-5 -0.7880453 -0.6156173 4.15753e-6 -0.7880414 -0.6156223 1.94027e-5 -0.7880115 -0.6156606 1.66309e-5 -0.7880114 -0.6156608 -3.23362e-5 -0.7880361 -0.6156292 -6.65196e-5 -0.7880285 -0.6156388 5.17383e-5 -0.7880069 -0.6156665 6.65233e-5 -0.7880182 -0.6156522 0 -0.7880147 -0.6156565 0 -0.7880263 -0.6156417 -7.76095e-5 -0.7879826 -0.6156975 -3.32635e-5 -0.7879365 -0.6157565 0 -0.7880465 -0.6156158 -2.07872e-5 -0.7880524 -0.6156082 6.46796e-6 -0.7879771 -0.6157046 4.98966e-5 -0.7879751 -0.6157072 -3.23365e-5 -0.7880367 -0.6156283 -9.97828e-5 -0.7880183 -0.6156518 1.03481e-4 -0.7879844 -0.6156952 9.9779e-5 -0.7880086 -0.6156643 0 -0.7879961 -0.6156803 -3.3263e-5 -0.78801 -0.6156626 0 -0.7880077 -0.6156654 0 -0.788011 -0.6156613 0 -0.7880038 -0.6156705 -3.32581e-5 -0.7880337 -0.6156321 -5.17421e-5 -0.7879841 -0.6156957 0 -0.7879659 -0.615719 -1.29346e-5 -0.7880074 -0.6156657 -3.32615e-5 -0.7880069 -0.6156665 3.234e-5 -0.7879696 -0.6157141 9.97962e-5 -0.7879911 -0.6156867 0 -0.7880145 -0.6156567 0 -0.7880092 -0.6156634 0 -0.788007 -0.6156663 0 -0.7880026 -0.615672 2.5869e-5 -0.788015 -0.6156563 2.49458e-5 -0.7880225 -0.6156467 0 -0.7880095 -0.6156631 -2.07897e-5 -0.7880204 -0.6156491 -1.94043e-5 -0.7880382 -0.6156264 0 -0.7880393 -0.6156251 3.23375e-5 -0.7880214 -0.6156479 0 -0.7880117 -0.6156604 3.21015e-4 -0.7880022 -0.6156725 3.21016e-4 -0.7880022 -0.6156725 3.21012e-4 -0.7880022 -0.6156725 -0.2588136 0.5947379 -0.7611193 -0.7071267 0.4353681 -0.5571594 -0.7071237 0.4353826 -0.5571519 -0.9659258 0.1593652 -0.2039372 -0.9659281 0.1593704 -0.2039218 -0.9659261 -0.159376 0.2039265 -0.965926 -0.1593639 0.2039366 -0.7070966 -0.4354095 0.5571651 -0.7071039 -0.435409 0.5571565 -0.2588266 -0.594779 0.7610826 -0.2588119 -0.5947462 0.7611132 0.2588266 -0.594745 0.7611092 0.2588125 -0.5947777 0.7610886 0.7070998 -0.4354115 0.5571596 0.7070963 -0.4354083 0.5571665 0.9659253 -0.1593732 0.2039331 0.9659243 -0.1593851 0.2039278 0.9659249 0.1593838 -0.2039262 0.9659262 0.1593666 -0.2039338 0.707112 0.4353973 -0.5571553 0.7071235 0.4353661 -0.5571649 0.2587989 0.594739 -0.7611232 0.2588235 0.5946711 -0.761168 -0.2588085 0.5946735 -0.7611712 -0.5427549 -0.8387423 -0.04391515 -0.6049684 -0.7961441 -0.01295804 -0.3035659 -0.9504512 -0.06701076 -0.2349011 -0.9714636 -0.03286397 -0.7986126 -0.6002538 -0.04374182 -0.7496713 -0.6592345 -0.05833339 -0.7193339 -0.6932491 -0.04432284 -0.6794899 -0.7328884 -0.03417962 -0.6647561 -0.7468167 -0.0190854 -0.7041404 -0.7098971 -0.0152502 -0.6973086 -0.7158452 -0.03642147 -0.7506772 -0.6602655 -0.02309298 -0.7069756 -0.7072325 -0.002785027 -0.5853489 -0.8107769 -0.002743542 -0.6596388 -0.7509229 -0.03148865 -0.6794705 -0.7336584 -0.008069038 -0.6030053 -0.7976922 -0.008490324 -0.5753623 -0.8175159 -0.0250231 -0.6648631 -0.7468991 -0.009941875 0.6815083 -0.7310997 -0.03224712 0.7298037 -0.6821951 -0.04468333 0.7120676 -0.7017185 -0.02347731 0.6444625 -0.7642505 -0.02427411 0.5909708 -0.8065759 -0.0137462 0.6747637 -0.7379483 -0.0112338 0.6613657 -0.7500182 -0.008263528 0.581436 -0.8135493 -0.008343994 0.5888481 -0.8081887 -0.009439229 0.5369597 -0.8435878 -0.005823433 0.9807856 0.1950892 0 0.9807857 0.1950889 0 0.8314684 0.555572 0 0.8314684 0.5555723 0 0.5555775 0.8314649 0 0.5555776 0.8314647 0 0.1950897 0.9807854 0 0.1950897 0.9807855 0 -0.1950898 0.9807854 0 -0.1950898 0.9807854 0 -0.5555779 0.8314645 0 -0.8314678 0.5555731 0 -0.8314679 0.5555729 0 -0.9807857 0.1950889 0 -0.9807856 0.1950892 0 -0.9807855 -0.1950892 0 -0.9807856 -0.1950889 0 -0.8314695 -0.5555706 0 -0.8314692 -0.5555708 0 -0.5555705 -0.8314695 0 -0.5555705 -0.8314694 0 -0.1950883 -0.9807857 0 -0.1950883 -0.9807857 0 0.1950882 -0.9807857 0 0.1950882 -0.9807857 0 0.5555703 -0.8314697 0 0.5555701 -0.8314698 0 0.8314698 -0.55557 0 0.83147 -0.5555698 0 0.9807856 -0.1950889 0 0.9807855 -0.1950892 0 0.7859994 0.6106913 0.09623438 0.9744265 0.2246611 -0.004524528 0.9743757 0.2248784 -0.004675626 0.7844464 0.6122196 0.09915244 0.7724723 0.6336087 -0.04273909 1 -2.2967e-5 0 1 -3.06246e-5 0 1 -1.0609e-5 0 1 -1.91372e-5 0 1 2.56758e-5 0 1 6.75817e-6 0 1 -1.32481e-5 0 1 2.2483e-5 0 1 -1.23871e-5 0 1 -7.26221e-6 0 1 -1.56118e-5 0 1 1.22862e-5 0 1 -4.65884e-6 0 1 -2.5828e-6 0 1 -9.84562e-6 0 1 3.80402e-6 0 1 7.97601e-6 0 1 9.84614e-6 0 1 -5.16529e-6 0 1 3.21717e-6 0 1 7.25731e-6 0 1 3.44315e-6 0 1 6.83019e-6 0 1 1.12402e-5 0 1 7.63289e-6 0 -0.003356158 -0.2008001 -0.9796265 0.1455827 -0.1353507 -0.9800438 0 -0.6613556 -0.7500727 0.06095147 -0.5759565 -0.8152049 0.2320676 -0.5885494 -0.7744381 -0.01519548 -0.5137293 -0.8578178 0.03372544 -0.3671491 -0.9295506 0.2633537 -0.3973915 -0.8790477 0.003454387 -0.3111792 -0.950345 0 -0.8155658 -0.5786646 0.1029809 -0.7499144 -0.6534703 0.1982151 -0.7509698 -0.629885 0 -0.70104 -0.7131219 0 -0.9263073 -0.376769 0.148006 -0.8782066 -0.4548047 0.1797018 -0.8763033 -0.4469897 0 -0.847182 -0.531303 7.42063e-6 -0.9883836 -0.1519803 0.1796365 -0.9557882 -0.2328083 0.1514933 -0.9591203 -0.2390357 0 -0.9463725 -0.3230776 5.45118e-6 -0.9941487 0.1080206 0.04373955 -0.9978655 0.04849261 0.2277262 -0.9737253 0 0.08264696 -0.9958379 -0.03842622 5.76345e-6 -0.9951868 -0.09799623 0 -0.9225296 0.3859264 0 -0.9421001 0.335332 0.1023787 -0.9664879 0.2354143 0.2973291 -0.9196165 0.2567118 7.99721e-6 -0.986328 0.1647948 0.2118373 -0.8599444 0.46435 0.1256371 -0.8809486 0.4562292 0 -0.8402507 0.542198 0 -0.6516326 0.7585348 0 -0.6940707 0.7199069 0.138436 -0.7466672 0.6506333 0.150429 -0.7434678 0.651634 0 -0.80803 0.5891413 0.09675145 -0.5835474 0.806295 0.1379101 -0.5715166 0.8089188 -0.005765378 -0.5054836 0.8628171 0 -0.242753 0.9700882 0 -0.2975366 0.9547104 0.1416099 -0.3636483 0.9207099 0.05435067 -0.3928055 0.9180141 0.002585768 -0.4577218 0.8890918 0.03175812 -0.1781043 0.983499 0.144513 -0.1353742 0.9801989 0.03318727 -0.08616036 0.9957284 0 0.1015141 0.9948342 0 0.1015138 0.9948341 0 -0.03282934 0.9994611 0.03934949 -0.09603089 -0.9946003 0 -0.03282934 -0.9994611 0 0.1015216 -0.9948334 0 0.1015219 -0.9948334 0.6387635 -0.269817 -0.7205415 0.6274746 -0.4724965 -0.6188883 0.6141282 -0.3817138 -0.690754 0.6491914 -0.395128 -0.6499419 0.6502783 -0.3902238 -0.6518157 0.7243381 -0.3789669 -0.5759499 0.7544326 -0.3123601 -0.5772891 0.5504342 -0.6088271 -0.5712721 0.3894784 -0.6754505 -0.6261576 0.3881852 -0.6773502 -0.6249073 0.3240624 -0.6435101 -0.693454 0.3178893 -0.6550717 -0.6854396 0.3040534 -0.5944223 -0.7444553 0.3262337 -0.5531442 -0.7665528 0.3259027 -0.5917336 -0.7373187 0.4300444 -0.5342881 -0.7277349 0.6056536 -0.4012336 -0.6871648 0.5371032 -0.3455905 -0.7694721 0.7150309 -0.1705556 -0.6779688 0.4141515 -0.2189068 -0.8834922 0.3556061 -0.1406595 -0.9239909 0.3147388 -0.299676 -0.9006296 0.343293 -0.3411298 -0.8750888 0.4920132 -0.2444534 -0.8355631 0.4490146 -0.1595834 -0.8791581 0.5697658 -0.1939971 -0.7985814 0.5683902 -0.2779921 -0.7743727 0.4392539 -0.3733633 -0.8171021 0.4622272 -0.3302324 -0.8229779 0.34336 -0.4400678 -0.8297255 0.4891377 -0.2365366 -0.8395206 0.4891377 -0.2365366 -0.8395206 0.4891378 -0.2365366 -0.8395206 0.6791779 -0.1368687 -0.7210995 0.6050404 -0.1667523 -0.778537 0.5039374 -0.18496 -0.8437043 0.4958537 -0.1325494 -0.8582307 0.4113125 -0.1038461 -0.9055595 0.2337928 -0.1157989 -0.9653661 0.1509434 -0.14379 -0.9780289 0.08848547 -0.1390789 -0.9863202 0.1562467 -0.2788171 -0.9475485 0.2355439 -0.2117197 -0.948522 0.3231254 -0.2210161 -0.9201858 0.4785853 -0.1980271 -0.8554189 -0.2588068 0.5947701 -0.7610964 -0.7071417 0.4353778 -0.5571327 -0.707096 0.43533 -0.5572279 -0.9659258 0.1593196 -0.2039727 -0.9659271 -0.1593603 0.2039344 -0.7071028 -0.4353981 0.5571663 -0.7070967 -0.4353284 0.5572285 -0.2588034 -0.5946635 0.7611809 -0.2588443 -0.5947107 0.76113 0.2588387 -0.5947147 0.7611288 0.2588244 -0.5946566 0.7611792 0.7070807 -0.4354032 0.5571902 0.965927 -0.1593205 0.2039662 0.9659239 0.1593425 -0.2039633 0.7071189 0.4353184 -0.557208 0.707105 0.4354037 -0.5571591 0.2587646 0.5947659 -0.761114 0.2588004 0.5946774 -0.7611711 -0.2587434 0.5946733 -0.7611935 0.08001697 -0.9967909 -0.002304434 0.05780249 -0.9982981 -0.007735848 0.06383091 -0.9979116 -0.009903609 0.04017508 -0.9991309 -0.01111626 0.03590255 -0.9992087 -0.01712018 0.04377532 -0.9989091 -0.01626145 0.06139981 -0.9980251 -0.01327276 0.05628764 -0.9984135 -0.001575112 0.0606721 -0.9981114 -0.009623765 0.06405347 -0.9978388 -0.01466733 0.0675922 -0.9975333 -0.01893866 0.07024884 -0.9972945 -0.02165573 0.06848853 -0.9973856 -0.02304863 0.06747806 -0.9973937 -0.02554398 0.06662744 -0.9974094 -0.02711498 0.06696355 -0.9974106 -0.02622991 0.06335949 -0.9974977 -0.03136789 0.06581306 -0.9974611 -0.02720403 0.06587946 -0.9974586 -0.02713489 0.06587934 -0.9974586 -0.02713477 0.0369051 -0.9990112 -0.02479684 0.0584129 -0.9974892 -0.04004281 0.05647647 -0.99735 -0.04586195 0.06040269 -0.9975022 -0.03662192 0.0243985 -0.9991894 -0.03202104 0.01235055 -0.9974918 -0.06969654 0.006720066 -0.99432 -0.1062194 -0.005533337 -0.9988444 -0.0477426 -0.01860183 -0.9995339 -0.02421057 -0.04495978 -0.9982485 -0.03845453 -0.04113209 -0.9973692 -0.05969047 -0.04752653 -0.9979316 -0.04328638 -0.05144143 -0.9980358 -0.03575479 -0.05771058 -0.9979704 -0.02692013 -0.05771058 -0.9979704 -0.02692019 -0.05771052 -0.9979704 -0.02692013 -0.0549612 -0.998008 -0.03097152 -0.05929487 -0.9978871 -0.02655971 -0.05837213 -0.9978839 -0.02864307 -0.06040477 -0.9978396 -0.02583682 -0.06036204 -0.9978399 -0.02592569 -0.06347173 -0.997745 -0.02182579 -0.06742823 -0.9974579 -0.02304947 -0.06168073 -0.9979 -0.01977974 -0.05824422 -0.9981511 -0.0173816 -0.05511546 -0.9983729 -0.01462423 -0.05596911 -0.9983103 -0.01561957 -0.03535747 -0.999256 -0.01540821 -0.04594755 -0.9988782 -0.01145923 -0.04544711 -0.9989042 -0.01119178 -0.04972296 -0.998676 -0.01318907 -0.05210733 -0.9986187 -0.006751239 -0.04575031 -0.9989135 -0.008873641 -0.01544159 -0.9998646 -0.005711913 0.006736338 -0.9999216 -0.01056003 0.01913648 -0.9997924 -0.007005572 0.03742259 -0.999275 -0.007001996 -0.02077031 -0.9996374 -0.01713603 -0.006296277 -0.9998763 -0.01442134 0.006736218 -0.9999476 -0.007720291 0.00899136 -0.9999151 -0.009435534 0.02318626 -0.9996101 -0.0155611 -0.6511473 -0.577349 0.492621 -0.7051678 -0.4927411 0.5098475 -0.5727552 -0.5116252 0.6404616 -0.0516237 -0.6148176 0.786978 -0.1675541 -0.6255102 0.7620123 -0.2654625 -0.6481212 0.7137707 -0.3429963 -0.6732267 0.6550722 -0.2586543 -0.6198764 0.740845 -0.473842 -0.5420606 0.6940058 -0.525489 -0.5238558 0.6704003 0.09794145 -0.6128255 0.7841253 0.2583262 -0.6404964 0.7232095 0.3362192 -0.587797 0.7358339 0.9659313 0.1593331 -0.2039353 0.9659288 -0.1593378 0.2039436 0.9659299 -0.1593349 0.2039409 0.778203 -0.3866415 0.4948824 0.7063453 -0.4715367 0.5279485 0.5893691 -0.4974082 0.6365761 0.4831805 -0.5390014 0.6899378 0.706909 0.4163991 -0.5717444 0.7943282 0.3740097 -0.4787062 0.96593 0.1593356 -0.2039401 0.2587378 0.576888 -0.7747613 0.3832778 0.5686481 -0.7278307 0.6100052 0.4878532 -0.6244142 -0.2587855 0.5959637 -0.7601693 -0.4377309 0.4957047 -0.7501125 -0.3519579 0.5431699 -0.7622939 -0.1427528 0.6093478 -0.7799468 0.1310514 0.610342 -0.7812222 -0.9659247 0.1593491 -0.2039546 -0.9750688 -0.0620861 -0.2130406 -0.9726032 0.08402681 -0.216755 -0.9284413 0.2187966 -0.3002081 -0.88792 0.2833492 -0.3623689 -0.7071152 0.4345355 -0.5578234 -0.7507038 0.3737561 -0.5447479 -0.5982346 0.4928038 -0.6318702 -0.8277448 -0.3455198 0.4421027 -0.882331 -0.2896835 0.370912 -0.9636837 -0.212616 0.1615806 -0.9328385 -0.3356272 0.1310223 -0.9923632 -0.07594192 0.09720194 0.5387817 -0.4090354 -0.7364811 0.1329888 -0.5256913 -0.8402159 0.4594345 -0.4059543 -0.7900134 0.2903902 -0.4593002 -0.8394742 0.2112586 -0.4808425 -0.8509762 0.3905249 -0.4354463 -0.8110961 0.4217957 -0.4260381 -0.8003624 0.4223822 -0.4259074 -0.8001226 0.5702157 -0.3442476 -0.7458872 -0.6036949 -0.7957375 -0.04852414 -0.5507901 -0.8328947 -0.05400818 -0.2385036 -0.9710041 -0.0163505 -0.3050397 -0.9516075 -0.0373367 0 -0.7880098 -0.6156628 0 -0.7880045 -0.6156696 -3.32567e-5 -0.7880342 -0.6156315 -5.17407e-5 -0.787982 -0.6156983 0 -0.7879646 -0.6157206 -1.29349e-5 -0.7880052 -0.6156687 -3.3262e-5 -0.7880061 -0.6156674 3.23375e-5 -0.7879716 -0.6157116 9.97818e-5 -0.7879939 -0.6156831 0 -0.788013 -0.6156586 0 -0.7880081 -0.6156648 0 -0.7880084 -0.6156645 0 -0.7880015 -0.6156734 2.58696e-5 -0.7880154 -0.6156556 2.49461e-5 -0.7880241 -0.6156445 0 -0.788011 -0.6156613 -2.0789e-5 -0.7880159 -0.615655 -1.94034e-5 -0.7880403 -0.6156237 0 -0.7880396 -0.6156246 3.23382e-5 -0.7880216 -0.6156477 0 -0.7880086 -0.6156643 -1.29351e-5 -0.7880226 -0.6156463 -3.32609e-5 -0.7880081 -0.6156648 0 -0.7880101 -0.6156623 -0.5505723 -0.8332825 -0.05010467 -0.5505723 -0.8332825 -0.05010461 -0.5505723 -0.8332825 -0.05010461 -0.2256811 -0.973554 -0.03550714 -0.2256811 -0.973554 -0.03550708 -0.225681 -0.973554 -0.03550708 -0.242028 -0.9666055 0.08424037 -0.3890603 -0.9202306 -0.04251974 -0.389094 -0.9202148 -0.04254966 -0.3890941 -0.9202149 -0.04254978 -0.5518235 -0.8325375 -0.04870647 -0.5518236 -0.8325375 -0.04870647 -0.5518236 -0.8325374 -0.04870647 -0.8001596 -0.5956863 -0.07001835 -0.7977176 -0.5991343 -0.06844508 -0.7982128 -0.5997244 -0.05645412 -0.71876 -0.6926683 -0.05995613 -0.7220432 -0.690233 -0.04724586 -0.8507392 -0.521224 -0.06759041 -0.8507392 -0.5212241 -0.06759035 -0.8507634 -0.5211836 -0.06759744 -0.7721362 -0.359401 -0.5240578 -0.7720755 -0.3594397 -0.5241209 -0.7721363 -0.3594008 -0.5240578 -0.4299 -0.1528527 0.8898439 -0.4298999 -0.1528526 0.8898439 -0.4298999 -0.1528527 0.8898439 -0.9834089 -0.1719769 -0.05771422 -0.9834089 -0.1719769 -0.05771416 -0.9834089 -0.1719771 -0.05771416 -0.8506918 -0.522642 -0.05629223 -0.8739314 -0.4829004 -0.05523878 -0.9800915 -0.1915373 -0.05228894 -0.9604032 -0.2737851 -0.05164897 -0.7920987 -0.6103869 -0.00273633 -0.8707719 -0.4915375 -0.01213335 -0.8280908 -0.5603997 -0.0147593 -0.8658111 -0.4991583 -0.03481644 -0.8746491 -0.4835494 -0.03418892 -0.9808881 -0.1922187 -0.03017598 -0.9761015 -0.2152205 -0.03010195 -0.9764406 -0.215533 -0.01046341 -0.9554895 -0.2948899 -0.008939027 -0.7679556 0.6404946 -0.003328621 -0.9887036 0.14966 -0.008194744 -0.9726138 0.2322583 -0.008855879 -0.9778237 0.2082584 -0.02211791 -0.9687613 0.2469882 -0.02233016 -0.9784852 0.2040725 -0.03035402 -0.9091703 0.4163921 -0.005214035 -0.8288696 0.5594132 -0.005661487 -0.8292759 0.5586767 -0.01349234 -0.8480811 0.5296919 -0.01360607 -0.9772212 0.2087366 -0.03831183 -0.9781525 0.2042739 -0.03860038 -0.8996683 0.4356627 -0.02819824 -0.8477775 0.5299007 -0.02187454 -0.814229 0.5802015 -0.01993405 -0.6631007 0.7484797 0.008706986 -0.6631008 0.7484796 0.008706927 -0.6631007 0.7484797 0.008706927 -0.2993224 0.2436861 0.9225091 -0.2993679 0.2436873 0.9224941 -0.2993224 0.243686 0.9225093 -0.9828723 0.1842752 0.002192556 -0.9828723 0.1842752 0.002192556 -0.9828723 0.1842752 0.002192556 -0.5123866 0.1113554 0.8515046 -0.5123866 0.1113554 0.8515046 -0.5123866 0.1113553 0.8515046 -0.9120638 0.4099844 -0.007240653 -0.9120639 0.4099844 -0.007240653 -0.9120639 0.4099844 -0.007240653 -0.8182371 0.5732637 0.04309278 -0.818171 0.5733639 0.04301369 -0.818171 0.5733639 0.04301375 -0.6572185 0.7536984 -0.00166285 -0.6663153 0.7456702 2.00841e-4 -0.6663316 0.7456553 7.30888e-4 -0.6948741 0.719103 -0.006390333 -0.5848021 0.8111755 9.36966e-4 -0.5335845 0.8457385 -0.003759324 -0.5762373 0.8172707 0.004393577 -0.5416785 0.83996 0.03242737 -0.5825243 0.8127783 0.007557809 -0.6033635 0.7974629 0.002340912 -0.6223022 0.7827271 0.008855879 -0.6224598 0.78259 0.009831249 -0.6224598 0.7825901 0.009831249 -0.6224598 0.78259 0.009831249 -0.5214885 0.8532463 0.004548609 -0.5214884 0.8532463 0.004548728 -0.5214884 0.8532463 0.00454849 -0.4972197 0.8676123 0.004648447 -0.1928998 0.9812033 0.00545895 -0.2225193 0.9749156 0.004990994 -0.412127 0.9111115 0.005226373 -0.402681 0.9153248 0.005339562 -0.4576014 0.8891441 0.004867434 0.6524427 0.7577869 0.008817911 0.6524771 0.7577573 0.008802652 0.6524772 0.7577573 0.008802711 0.6525568 0.7572818 0.02634173 0.6525592 0.7572764 0.02643799 0.6525567 0.7572818 0.02634179 0.8466066 0.5318048 -0.02100294 0.8466066 0.5318048 -0.021003 0.8466067 0.5318046 -0.021003 0.8463572 0.5324751 0.01223462 0.9829055 0.1840813 -0.003305494 0.9829055 0.1840813 -0.003305494 0.9829055 0.1840813 -0.003305435 0.9828421 0.1844335 0.002427577 0.4975649 0.8674142 0.004664242 0.497565 0.8674143 0.004664123 0.4971491 0.8676527 0.004665195 0.2498112 0.9682798 0.005361795 0.2895625 0.9571402 0.006033778 0.4321095 0.9018075 0.004985928 0.4321095 0.9018075 0.004985928 0.4321095 0.9018075 0.004985928 0.4685012 0.88345 0.004772722 0.2928344 -0.194343 0.9362046 0.4003347 -0.1295654 0.9071632 0.4656095 -0.2359439 0.8529586 0.5790501 0.1442097 0.8024367 0.4888159 0.06631451 0.8698629 0.4891799 0.06518673 0.8697436 0.4126677 0.009510338 0.910832 0.4017494 -0.01522135 0.9156231 0.4017291 -0.01512825 0.9156337 0.401729 -0.01512825 0.9156336 0.4128302 0.5119538 0.7533091 0.4128302 0.5119538 0.7533092 0.801546 0.5358825 0.2652434 0.7309615 0.2632858 0.629584 0.74084 0.2174341 0.6355143 0.6425205 0.3699913 0.6710246 0.8007898 0.5378565 0.2635269 0.8607033 0.4293608 0.2735676 0.9784502 0.1608871 0.129424 0.9789798 0.1561786 0.1311751 0.6476277 0.5697026 0.5059817 0.7048587 0.48475 0.5178722 0.8274582 0.3189883 0.4621248 0.8192855 0.3434158 0.4591699 0.9444325 0.0424667 0.3259509 0.9457707 0.07458561 0.3161563 0.6491494 0.1229755 0.7506546 0.6405735 0.140826 0.7548733 0.6297054 0.1490492 0.7624012 0.7382485 -0.1479207 0.6581099 0.8532788 -0.02514594 0.5208483 0.858004 -0.0269894 0.5129334 0.9053331 -7.03426e-4 0.4247018 0.09964001 -0.3390805 0.9354658 0.1996197 -0.3576233 0.9122816 0.2719733 -0.3213641 0.9070588 0.3167112 -0.3346616 0.8875222 0.2952306 -0.3653279 0.8828219 0.4833256 -0.2548229 0.8375331 0.4912356 -0.2114498 0.8449713 0.5658125 -0.1584188 0.8091722 0.5672405 -0.1569063 0.8084669 0.651125 -0.1653562 0.7407386 0.7609145 -0.06481099 0.6456072 0.07933467 0.3477099 0.9342398 0.07933425 0.3477102 0.9342396 0.07933133 0.3477126 0.934239 0.08982169 0.3598013 0.9286954 0.1242902 0.4005517 0.9078053 0.2569214 0.457637 0.8512109 0.3266497 0.5603923 0.7610917 0.5233094 0.5559225 0.6458309 0.4170306 0.8237345 0.3841185 0.8700081 0.2026005 -0.4494874 0.8700082 0.2026005 -0.4494874 0.8700081 0.2026005 -0.4494874 0.9753702 0.01922327 -0.2197352 0.9725159 0.07666277 -0.2198538 0.9059488 0.108229 -0.4093206 0.9059488 0.1082291 -0.4093207 0.9137306 0.1051846 -0.3924698 0.9136335 0.1052567 -0.3926767 0.9137306 0.1051846 -0.3924698 0.9805598 0.03911918 -0.1922819 0.9769966 0.0196523 -0.2123476 0.7304943 0.3917036 -0.5594161 0.8332622 0.3353497 -0.4395622 0.564848 0.5835027 -0.5834994 0.6215614 0.5515304 -0.5563055 0.7952399 0.405283 -0.4509317 0.800539 0.5346816 -0.2706533 0.800539 0.5346816 -0.2706533 0.8005389 0.5346815 -0.2706533 0.6988448 0.6077854 -0.3771113 0.6988105 0.6078143 -0.3771283 0.6988448 0.6077853 -0.3771114 -0.4057481 0.7486572 -0.5242909 -0.4057481 0.7486572 -0.5242909 0.3225634 0.7683019 -0.5528699 0.8409401 0.4178412 -0.343844 0.5135366 0.8574702 0.03201794 0.5133676 0.8572174 -0.04040092 0.2613908 0.9615606 -0.08412003 0.3753894 0.9216589 -0.09812045 0.3758208 0.921473 -0.09821599 0.3755188 0.9216032 -0.09814912 0.5655411 0.8141434 -0.1316583 0.3349968 0.9378325 0.09081459 0.5518112 0.7756174 0.3064671 0.541679 0.7978471 0.2646204 0.3493467 0.9050677 0.2425065 0.5099352 0.8363054 0.2013937 0.5288241 0.8394297 0.1253114 0.8453683 0.4604204 0.2708606 0.8453683 0.4604206 0.2708606 0.8453683 0.4604204 0.2708606 -0.4055338 0.7487792 0.5242824 -0.03109908 0.8148317 0.5788628 0.5989124 0.5662614 0.5662614 0.6555401 0.5376137 0.5303194 0.6555401 0.5376138 0.5303194 0.6555401 0.5376138 0.5303194 0.8316461 0.4363415 0.343469 0.841636 0.2282367 0.4894458 0.8545477 0.2770022 0.439338 0.7199273 0.3980904 0.5685322 0.8481335 0.3329622 0.4120752 0.7668762 0.434257 0.4725696 0.9131742 0.1054828 0.3936831 0.9772199 0.07380181 0.1989844 0.9855167 0.007465541 -0.1694145 0.9854357 -0.01482254 -0.1694011 0.9854367 -0.01481938 -0.1693959 0.9854369 -0.04401236 -0.1642473 0.9854383 -0.04400563 -0.1642405 0.9854384 -0.07186061 -0.1541019 0.985437 -0.07186239 -0.1541101 0.985436 -0.09754008 -0.13929 0.9854367 -0.09753203 -0.1392912 0.9854366 -0.1202412 -0.120237 0.9854368 -0.1202395 -0.1202366 0.985437 -0.1392901 -0.09753012 0.9854383 -0.1392815 -0.09753006 0.9854366 -0.1541123 -0.0718621 0.9854391 -0.1540978 -0.07185906 0.9854392 -0.1642345 -0.04400789 0.9854367 -0.1642496 -0.04400807 0.9854394 -0.1693801 -0.01481938 0.9854374 -0.1693919 -0.01481938 0.9854387 -0.1693845 0.01481974 0.9854383 -0.169387 0.0148189 0.9854381 -0.1642414 0.04400688 0.9854393 -0.1642341 0.04400748 0.9854391 -0.1540971 0.07185983 0.9854363 -0.1541144 0.07186275 0.985437 -0.1392901 0.09753 0.9854375 -0.1392879 0.09752917 0.9854366 -0.1202412 0.1202369 0.9854394 -0.1202269 0.1202273 0.9854396 -0.09752142 0.1392785 0.9854364 -0.09753471 0.1392914 0.9854359 -0.07186663 0.1541146 0.9854378 -0.07186347 0.1541042 0.985439 -0.04400432 0.164237 0.985439 -0.04400706 0.1642362 0.9854388 -0.01481968 0.1693835 0.9854386 -0.01481968 0.1693846 0.9855191 0.007461011 0.1694005 0.9753708 0.01922428 0.2197322 0.9802705 0.02056527 0.1965879 0.9762662 0.04827457 0.2111258 0.2257459 0.4630361 0.8571093 0.4107248 0.3853232 0.8263362 0.2254942 0.5340808 0.8148068 0.4172894 0.5212531 0.7444224 0.2257234 0.6030237 0.7651218 0.2254992 0.6657754 0.7112618 0.422788 0.6407992 0.6408016 0.2257341 0.7251871 0.6504981 0.2255527 0.7777765 0.5866769 0.4271618 0.7406586 0.5186113 0.2257451 0.8259153 0.5166268 0.2256268 0.8667755 0.4447392 0.4304038 0.8180644 0.3814751 0.2256678 0.9022308 0.3674964 0.2255864 0.9301621 0.289671 0.4325584 0.8708856 0.2333488 0.2257419 0.9518328 0.2074972 0.2636598 0.9609453 0.08406871 0.4336343 0.8976603 0.07853281 0.2256969 0.9660142 0.1260067 0.2257217 0.9518383 -0.2074937 0.2256876 0.9660163 -0.126007 0.433633 0.8976609 -0.07853287 0.2256971 0.9733198 -0.04134571 0.2256971 0.9733198 0.04134571 0.4025477 0.8837937 -0.238462 0.416053 0.8783563 -0.2353515 0.4325675 0.8708804 -0.2333512 0.4304348 0.8180527 -0.3814652 0.2257014 0.9022234 -0.3674942 0.2256041 0.9301583 -0.2896698 0.4271034 0.7406781 -0.5186315 0.2257444 0.8259075 -0.5166394 0.22561 0.866779 -0.444741 0.4227777 0.6408073 -0.6408002 0.2257317 0.7251898 -0.650496 0.2255673 0.7777769 -0.5866708 0.4173227 0.521238 -0.7444144 0.2257158 0.6030246 -0.7651235 0.225498 0.6657799 -0.7112579 0.4107404 0.3853201 -0.8263297 0.225822 0.4630097 -0.8571036 0.2255827 0.5340696 -0.8147897 0.2254836 0.3865773 0.8942679 0.2250308 0.252179 0.9411519 0.2250803 0.2521736 0.9411415 0.2250701 0.08492064 0.9706349 0.2250573 0.08492016 0.9706379 0.2250509 -0.084921 0.9706393 0.2250612 -0.08492034 0.9706369 0.2250689 -0.2521764 0.9411436 0.2250339 -0.2521764 0.9411519 0.2250523 -0.4117774 0.8830577 0.2250303 -0.4117808 0.8830617 0.2250305 -0.5588651 0.7981422 0.2250092 -0.5588727 0.798143 0.2250142 -0.6889699 0.6889769 0.2250432 -0.6889655 0.6889718 0.225049 -0.7981395 0.5588616 0.2250686 -0.7981362 0.5588586 0.2250698 -0.8830546 0.4117743 0.225016 -0.8830625 0.4117869 0.2250123 -0.941155 0.2521843 0.2250462 -0.9411481 0.2521798 0.2250398 -0.9706421 0.08491814 0.2250534 -0.9706391 0.08491629 0.2250565 -0.9706382 -0.08491808 0.2250303 -0.9706445 -0.08491611 0.2250198 -0.9411541 -0.252181 0.2250452 -0.9411473 -0.2521832 0.2250506 -0.8830585 -0.4117765 0.2250533 -0.883058 -0.4117761 0.2250508 -0.7981358 -0.5588661 0.2250489 -0.7981384 -0.5588633 0.2250508 -0.6889684 -0.6889665 0.2250077 -0.6889804 -0.6889685 0.2249717 -0.5588794 -0.7981489 0.2251271 -0.5588476 -0.7981274 0.2251291 -0.4117704 -0.8830413 0.2251451 -0.4117686 -0.8830382 0.2250496 -0.2521799 -0.9411472 0.2251179 -0.2521784 -0.9411312 0.2250894 -0.08492034 -0.9706304 0.2250383 -0.08492064 -0.9706422 0.2250892 0.08492022 -0.9706304 0.2250956 0.08491939 -0.970629 0.2254368 0.2276632 -0.9472844 0.4029816 0.236876 -0.8840225 0.2259122 0.3093124 -0.9237367 0.2256052 0.3865771 -0.8942374 0.2647484 0.4027128 0.8762024 0.8524467 0.2189151 0.4747746 0.8523548 0.1353518 0.5051448 0.8523627 0.1353489 0.5051324 0.852356 0.04557734 0.5209723 0.852342 0.04557675 0.5209951 0.852342 -0.04557836 0.5209951 0.8523555 -0.04557472 0.5209731 0.8523594 -0.1353542 0.5051363 0.8523583 -0.1353508 0.5051392 0.8523606 -0.2210104 0.4739579 0.8523652 -0.2210114 0.473949 0.8523564 -0.2999567 0.428386 0.8523461 -0.299965 0.4284008 0.8523496 -0.3697991 0.3697956 0.8523572 -0.3697905 0.3697869 0.8523582 -0.4283816 0.2999578 0.8523629 -0.428377 0.2999514 0.8523623 -0.4739547 0.22101 0.8523583 -0.4739614 0.2210116 0.852356 -0.5051423 0.1353537 0.8523611 -0.5051344 0.1353515 0.8523618 -0.5209627 0.04557722 0.8523586 -0.520968 0.04557669 0.8523561 -0.520972 -0.04557776 0.8523626 -0.5209614 -0.04557639 0.8523607 -0.5051349 -0.1353514 0.8523597 -0.505137 -0.1353502 0.8523648 -0.4739513 -0.2210084 0.8523536 -0.4739682 -0.2210148 0.8523483 -0.428398 -0.2999631 0.8523567 -0.4283824 -0.2999613 0.8523635 -0.3697829 -0.36978 0.8523463 -0.3697993 -0.3698034 0.852348 -0.2999615 -0.4283995 0.8523555 -0.2999565 -0.4283881 0.8523457 -0.2210241 -0.4739782 0.8523743 -0.221005 -0.4739354 0.8523553 -0.1353541 -0.5051435 0.8523624 -0.1353509 -0.5051322 0.8523561 -0.04557937 -0.5209719 0.8523551 -0.04558104 -0.5209733 0.852356 0.04558062 -0.5209718 0.8523554 0.04557996 -0.520973 0.8523543 0.1353561 -0.5051445 0.8523721 0.1353429 -0.505118 0.8525968 0.2150654 -0.4762623 0.8240997 0.2393932 -0.5133716 0.8494229 0.2511096 -0.4641387 0.8494137 0.2768192 -0.4492968 -0.1005625 0.8869561 0.4507729 -0.1005625 0.8869561 0.4507728 -0.1005625 0.8869561 0.4507729 0.5690189 0.7354368 0.3678998 0.5682297 0.6740535 0.4719819 0.5682556 0.6740402 0.4719698 0.5682499 0.5818492 0.5818451 0.5682502 0.5818511 0.5818428 0.5682517 0.4719723 0.6740418 0.5682321 0.4719758 0.6740558 0.5682394 0.3477535 0.7457691 0.5682173 0.347766 0.7457801 0.5682265 0.2129757 0.7948333 0.5681858 0.2129762 0.7948624 0.5681963 0.0717144 0.8197622 0.5682544 0.07171726 0.8197218 0.5682532 -0.07170993 0.8197231 0.5681986 -0.07172065 0.8197602 0.5681931 -0.2129842 0.7948549 0.5682195 -0.2129701 0.7948399 0.5682089 -0.3477699 0.7457847 0.5682427 -0.3477612 0.745763 0.5682281 -0.4719806 0.6740558 0.5682417 -0.47197 0.6740517 0.5682609 -0.5818433 0.5818402 0.56825 -0.581851 0.5818431 0.5682505 -0.6740399 0.4719762 0.5682185 -0.6740636 0.4719809 0.5682237 -0.7457764 0.3477635 0.5682368 -0.7457677 0.3477608 0.5682407 -0.7948238 0.2129737 0.5682294 -0.7948315 0.2129749 0.5682267 -0.8197412 0.07171386 0.5682364 -0.8197344 0.07171499 0.5682314 -0.8197379 -0.07171458 0.5682329 -0.819737 -0.0717135 0.5682435 -0.7948219 -0.2129732 0.568235 -0.7948278 -0.2129738 0.5682217 -0.7457762 -0.3477671 0.5682501 -0.7457607 -0.347754 0.5682464 -0.6740503 -0.4719663 0.5682218 -0.6740593 -0.4719831 0.5682207 -0.5818542 -0.5818684 0.5682727 -0.5818401 -0.5818318 0.5683053 -0.4719554 -0.6740084 0.5682442 -0.4719637 -0.6740541 0.5682213 -0.347763 -0.7457784 0.56822 -0.3477676 -0.7457773 0.5682393 -0.21297 -0.7948257 0.5682182 -0.21298 -0.7948381 0.5682865 -0.0717172 -0.8196995 0.5682441 -0.07171803 -0.8197289 0.5682641 0.0717197 -0.8197147 0.5682432 0.0717169 -0.8197296 0.5682609 0.2129676 -0.794811 0.5681962 0.2129801 -0.7948539 0.5682168 0.3477644 -0.7457814 0.5681939 0.347772 -0.7457951 0.5682631 0.4719678 -0.6740354 0.5682883 0.4719535 -0.674024 0.5682896 0.5818215 -0.5818341 0.5682164 0.5818676 -0.5818593 0.5682265 0.6740581 -0.4719793 0.5682524 0.6740447 -0.4719671 0.5692372 0.7319178 -0.3745203 0.3983998 0.8312765 -0.38763 0.5533967 0.7716267 -0.3135992 0.5440778 0.7929566 -0.2742251 0.1823559 -0.8544827 -0.4864212 0.1419935 -0.8808817 -0.4515365 0.3629422 -0.7646202 -0.5325685 0.3228182 -0.7979331 -0.50901 0.476581 -0.6922077 -0.5419586 0.4506465 -0.7171961 -0.531552 0.6025389 -0.5779137 -0.5504205 0.2777875 -0.7225801 -0.6330183 0.06900167 -0.754212 -0.6529955 0.1008986 -0.7869939 -0.6086544 0.08286845 -0.7110979 -0.6981925 0.1480067 -0.7511117 -0.6433702 0.09562063 -0.7583847 -0.6447554 0.09096515 -0.7380142 -0.6686258 0.1031728 -0.7389115 -0.6658567 0.08460003 -0.710183 -0.6989157 0.197472 -0.6701303 -0.715493 0.1922454 -0.6682153 -0.7187003 0.1852126 -0.7954936 -0.576963 0.1520789 -0.8215295 -0.5495101 0.2849112 -0.7619355 -0.5816184 0.3322225 -0.731061 -0.5959682 0.4504442 -0.6639009 -0.5969386 0.6066281 -0.3761945 -0.7003428 0.5617417 -0.3858138 -0.7318429 0.5617048 -0.7947056 -0.2300673 0.5617369 -0.794646 -0.2301942 0.5618119 -0.7945072 -0.2304903 0.7082838 -0.1811001 -0.6823027 0.6533266 -0.3174492 -0.6873067 0.3502471 -0.2468492 -0.9035444 0.06291633 -0.6771082 -0.7331891 0.1933889 -0.6365434 -0.7466012 0.1825002 -0.6517794 -0.7361233 0.3266825 -0.5374044 -0.77748 0.3266825 -0.5374044 -0.77748 0.3266825 -0.5374044 -0.77748 0.3207012 -0.5437211 -0.775576 0.3906452 -0.5113481 -0.7654538 0.5477057 -0.3656736 -0.75253 0.5946974 -0.3733728 -0.7119886 0.08320897 -0.5808589 -0.8097403 0.08925044 -0.5632748 -0.8214353 0.2594975 -0.4551194 -0.851779 0.2587699 -0.4149418 -0.8722737 0.1368201 -0.5917857 -0.7943991 0.1475255 -0.566931 -0.8104478 0.2892315 -0.5140544 -0.807523 0.3002543 -0.4977179 -0.8137102 0.3003579 -0.4975661 -0.8137648 0.300358 -0.4975662 -0.8137648 0.06683743 -0.1167513 -0.9909097 0.1408982 -0.1234588 -0.9822962 0.102521 -0.09923857 -0.9897683 0.2637537 -0.1563108 -0.9518408 0.231326 -0.1182197 -0.9656669 0.03319561 -0.1161028 -0.9926823 0.03745418 -0.1798304 -0.9829843 0.006915688 -0.1080852 -0.9941176 -0.008024215 -0.1832801 -0.9830281 -0.0200966 -0.1297395 -0.9913445 -0.04277664 -0.2866315 -0.9570854 -0.04277664 -0.2866315 -0.9570856 0.05617451 -0.2884737 -0.9558386 0.04887032 -0.2846413 -0.9573877 0.03055691 -0.2591727 -0.9653475 0.02855944 -0.2906148 -0.9564138 0.02673393 -0.3109823 -0.9500397 0.02732217 -0.3295159 -0.9437547 0.02732217 -0.3295159 -0.9437546 0.02732217 -0.3295159 -0.9437546 0.02832382 -0.3637626 -0.931061 0.03290361 -0.1417167 -0.9893603 0.0338456 -0.1354079 -0.9902118 -0.008311748 -0.08593231 -0.9962663 -0.0187729 -0.1613003 -0.9867268 -0.03507167 -0.126722 -0.9913181 -0.01501625 -0.3110578 -0.9502725 -0.008667767 -0.3613621 -0.9323853 -0.016649 -0.284617 -0.9584968 0.03380894 -0.2255288 -0.9736497 -0.03024703 -0.2840274 -0.958339 -0.5271766 -0.1368775 -0.8386594 -0.3872235 -0.1009995 -0.9164372 -0.1479166 -0.1190092 -0.9818134 -0.1914466 -0.1333204 -0.9724063 -0.0800814 -0.124799 -0.988945 -0.6858961 -0.181464 -0.7047109 -0.6298872 -0.1775704 -0.7561157 -0.6073901 -0.1844981 -0.7726821 -0.5101974 -0.1868596 -0.8395131 -0.4066888 -0.2362409 -0.8824933 -0.2386704 -0.2263717 -0.9443476 -0.1466526 -0.2771475 -0.9495697 0 -0.7880259 -0.6156421 -5.17419e-5 -0.7880072 -0.6156661 -2.49465e-5 -0.7879834 -0.6156966 2.58699e-5 -0.7880443 -0.6156185 4.1575e-6 -0.7880452 -0.6156173 1.94026e-5 -0.7880088 -0.6156642 -3.23376e-5 -0.7880355 -0.61563 -6.6523e-5 -0.7880269 -0.6156409 5.17404e-5 -0.7880078 -0.6156654 6.65268e-5 -0.7880185 -0.6156516 0 -0.7880123 -0.6156595 0 -0.7880263 -0.6156416 -7.76137e-5 -0.7879824 -0.6156978 -3.3265e-5 -0.78794 -0.6157521 0 -0.7880476 -0.6156145 -2.07875e-5 -0.7880518 -0.6156091 6.46816e-6 -0.7879776 -0.6157039 4.98949e-5 -0.7879781 -0.6157034 -3.2337e-5 -0.7880343 -0.6156314 -9.97862e-5 -0.78802 -0.6156497 1.03486e-4 -0.7879826 -0.6156975 9.97854e-5 -0.7880094 -0.6156634 0 -0.7879956 -0.6156809 -0.01509737 -0.3992984 -0.9166967 0.0444954 -0.9379268 -0.3439672 0.05175793 -0.9332106 -0.355583 0.04285448 -0.8879278 -0.4579823 0.05299878 -0.9016829 -0.429138 0.05300837 -0.9180998 -0.3927887 0.05013704 -0.7844356 -0.6181804 0.05014622 -0.8064476 -0.5891756 0.04356813 -0.8310691 -0.5544601 0.0471692 -0.8342572 -0.5493541 0.0545507 -0.8722511 -0.4860065 0.02906292 -0.7467883 -0.6644266 0.05369597 -0.7634199 -0.6436668 0.04506373 -0.6945183 -0.7180625 0.03802996 -0.6870821 -0.7255838 0.04718255 -0.6571396 -0.7522907 0.05213731 -0.6011794 -0.7974115 0.02479082 -0.5821578 -0.8126979 0.04717981 -0.6292995 -0.7757295 0.06271868 -0.4921051 -0.8682736 -0.354782 -0.5334409 -0.767835 0.04774117 -0.5055118 -0.861498 0.04015672 -0.5073594 -0.8607984 0.04180097 -0.5084058 -0.8601024 0.02835667 -0.3995691 -0.9162644 0.03749853 -0.4417606 -0.896349 0.04071706 -0.4552361 -0.8894394 0.04179036 -0.4645026 -0.8845853 0.0422405 -0.4792504 -0.8766612 -0.0283063 -0.4658557 -0.8844078 -0.02735728 -0.4562479 -0.8894321 -0.01827174 -0.4144251 -0.9099 -0.009279847 -0.446134 -0.8949182 -0.01375466 -0.4209828 -0.9069644 -0.04899543 -0.4949067 -0.8675637 -0.02853024 -0.4806404 -0.8764536 -0.02768975 -0.5086553 -0.860525 -0.03333145 -0.5123242 -0.8581451 0.4041512 -0.5269436 -0.7476578 -0.02672457 -0.5075741 -0.8611935 -0.03589069 -0.5803419 -0.8135817 -0.02047562 -0.6018742 -0.7983285 -0.03370028 -0.6298971 -0.7759471 -0.0366804 -0.8083218 -0.5875973 -0.03667539 -0.7863013 -0.6167538 -0.02534991 -0.7642776 -0.6443892 -0.03728544 -0.7475208 -0.6631911 -0.03172576 -0.687231 -0.7257459 -0.02123463 -0.6971419 -0.7166187 -0.03370201 -0.6577421 -0.752489 -0.03772467 -0.8557381 -0.5160322 -0.03281265 -0.8314114 -0.5546879 -0.02446007 -0.8391165 -0.5434017 -0.03312689 -0.8194867 -0.57214 -0.03954946 -0.9185974 -0.3932109 -0.03954464 -0.9038509 -0.4260165 -0.02984613 -0.8883478 -0.4582003 -0.03918838 -0.877367 -0.4782171 -0.0380209 -0.8586808 -0.5110987 -0.03802919 -0.858852 -0.5108102 -0.03924506 -0.9337449 -0.3557813 -0.02477431 -0.9421428 -0.3342952 -0.03120863 -0.9381859 -0.3447223 -0.03312689 -0.9679094 -0.2491065 -0.03804063 -0.9601773 -0.2767902 -0.04019671 -0.9521768 -0.3028922 -0.04626351 -0.9959138 -0.07756048 -0.03403097 -0.9880213 -0.1505192 -0.0405094 -0.9894386 -0.139177 -0.04286837 -0.9733098 -0.2254561 -0.03428226 -0.9684766 -0.2467344 0.006739616 -0.9987767 -0.04898834 0.05340254 -0.9449187 -0.3229194 0.05359792 -0.9520151 -0.3013217 0.04877376 -0.967289 -0.2489441 0.03546559 -0.9617687 -0.271557 0.05841678 -0.9978014 -0.03130298 0.05677652 -0.9965099 -0.06119167 0.05954337 -0.9955408 -0.07316595 0.05004143 -0.989011 -0.1391156 0.05370682 -0.9876061 -0.1474782 0.05686086 -0.9722875 -0.2267687 0.01816976 -0.9751997 -0.2205799 0.02724802 -0.4199519 -0.9071373 0.02683371 -0.4223786 -0.9060223 0.006734669 -0.4550421 -0.8904445 0.006724238 -0.5088391 -0.8608354 0.006724238 -0.508839 -0.8608355 0.006724238 -0.6019846 -0.7984794 0.006723463 -0.6019867 -0.7984779 0.006723344 -0.687564 -0.7260926 0.006725132 -0.6875616 -0.726095 0.006725132 -0.7645055 -0.6445821 0.006724655 -0.7645059 -0.6445816 0.006723821 -0.8318402 -0.5549745 0.006724119 -0.8318403 -0.5549743 0.006723344 -0.8887242 -0.458393 0.006725013 -0.8887237 -0.458394 0.006724715 -0.9344421 -0.356052 0.006722331 -0.9344438 -0.3560473 0.00672239 -0.9684196 -0.2492356 0.006723821 -0.9684191 -0.2492374 0.006723523 -0.9902293 -0.1392874 0.006724238 -0.9902291 -0.1392878 0.006730556 -0.998775 -0.04902356 -0.04280018 -0.9972146 -0.0610845 -0.04496181 -0.9984251 -0.0335527 -0.3380524 -0.4149329 -0.8447197 -0.1603491 -0.4782016 -0.8634879 -0.1772065 -0.4691272 -0.8651692 -0.1172407 -0.486715 -0.8656576 -0.2465974 -0.4875435 -0.8375506 -0.1606315 -0.5219942 -0.837687 -0.5127006 -0.3835709 -0.768122 -0.6376193 -0.3104661 -0.7050195 -0.5550506 -0.3526358 -0.7533704 -0.5562887 -0.3652887 -0.7463961 -0.5800997 -0.3623153 -0.7295287 -0.4892864 -0.4272161 -0.7603192 -0.494937 -0.4269027 -0.7568299 -0.7994734 -0.5950356 -0.08230966 -0.8077135 -0.5860326 -0.06453621 -0.7213026 -0.6895115 -0.0655474 -0.7292389 -0.682361 -0.05093371 -0.5784971 -0.7279501 -0.3680079 -0.5744574 -0.7115587 -0.4045775 -0.2247647 -0.8686383 -0.4415297 -0.2509274 -0.8817429 -0.3994558 -0.6177489 -0.7176633 -0.3214743 -0.4506272 -0.8173313 -0.3590328 -0.4475387 -0.8189274 -0.359259 -0.3793597 -0.8503231 -0.3647424 -0.3240834 -0.8741406 -0.3617296 -0.3240834 -0.8741405 -0.3617296 -0.3240834 -0.8741406 -0.3617297 -0.1439964 -0.9252754 -0.3508998 -0.2343075 -0.8034963 -0.5472604 -0.2378955 -0.8207427 -0.5194107 -0.2373959 -0.8206672 -0.5197581 -0.2380397 -0.8237285 -0.5145957 -0.2518008 -0.83384 -0.4912306 -0.1762378 -0.8574999 -0.4833574 -0.3111749 -0.8478744 -0.4292777 -0.2546211 -0.7681992 -0.5873994 -0.2338791 -0.7847037 -0.5740564 -0.2373453 -0.8029158 -0.546803 -0.1973003 -0.7605429 -0.6185848 -0.353025 -0.6812894 -0.641263 -0.2782298 -0.7009296 -0.6567237 -0.1811858 -0.6728215 -0.7172747 -0.1897164 -0.6716904 -0.7161283 -0.2377016 -0.6230654 -0.7451762 -0.2720134 -0.6089738 -0.7450904 -0.1860402 -0.6070784 -0.7725574 -0.3282777 -0.5330286 -0.7798168 -0.1651563 -0.5624011 -0.8102028 -0.4997613 -0.4720858 -0.7262051 -0.5414766 -0.4495345 -0.7104379 -0.5490111 -0.5030099 -0.6675087 -0.5478769 -0.503735 -0.6678938 -0.5528362 -0.5379676 -0.6363671 -0.5521176 -0.5384551 -0.6365786 -0.5558487 -0.5616592 -0.6128388 -0.4558691 -0.6390577 -0.6195067 -0.5593042 -0.5918886 -0.5803851 -0.2832525 -0.7561548 -0.5899135 -0.5284227 -0.650407 -0.5456557 -0.565006 -0.6226646 -0.5413474 -0.5775592 -0.7091812 -0.4043359 -0.5741078 -0.6932426 -0.4356776 -0.533623 -0.7117016 -0.456867 -0.573587 -0.6800735 -0.4566159 -0.5718334 -0.6713781 -0.4714427 -0.572054 -0.6710729 -0.4716094 -0.5689714 -0.6566243 -0.495092 -0.5702363 -0.6556748 -0.4948952 -0.5668246 -0.6372308 -0.5221559 0.9942438 0.06596857 -0.08442497 0.5179491 -0.526646 0.6740717 0.05189961 -0.6149146 0.786884 -0.4651783 -0.5450062 0.697551 -0.2349525 0.5814973 -0.7788828 -0.2587802 0.58269 -0.770393 -0.7070872 0.4313825 -0.5603007 -0.5161439 0.527329 -0.6749219 -0.4080648 0.5619998 -0.7194716 -0.9659284 -0.1589888 0.2042177 -0.9654802 0.1600223 -0.2055261 -0.9659242 0.1593499 -0.2039566 -0.7400312 0.4140768 -0.5299947 -0.5692502 0.4653931 -0.6777637 -0.5408714 -0.5177996 0.6628286 -0.6521235 -0.4709748 0.5940689 -0.7070173 -0.4460871 0.5487558 -0.7977719 -0.3712187 0.4751387 -0.9664183 -0.1582085 0.2024989 -0.2588318 -0.5942698 0.7614786 -0.1702993 -0.6242938 0.7624011 -0.3661024 -0.5756512 0.7311599 0.2588207 -0.5947101 0.7611385 0.306819 -0.6002988 0.7385821 0.1188344 -0.6141235 0.7802121 0.9659335 -0.1593339 0.2039249 0.9816286 -0.1751324 0.07572269 0.9243608 -0.2342604 0.3011298 0.7070929 -0.4365139 0.556305 0.737284 -0.4377725 0.5145558 0.5796477 -0.5034605 0.640731 0.9390774 0.1252312 -0.3200792 0.9652267 0.1291567 -0.2272792 0.8880148 0.2833139 -0.3621644 0.8255311 0.3471487 -0.4449564 0.7064228 0.4005843 -0.583523 0.6682917 0.4482326 -0.5936951 -0.06028091 0.6145287 -0.7865881 0.08027321 0.6137002 -0.7854478 0.2587437 0.576673 -0.7749193 0.3336485 0.5798836 -0.7432454 0.5245334 0.5242483 -0.6708417 -0.5487037 -0.8314672 -0.08710163 -0.5899642 -0.7776761 -0.2171691 -0.4150205 -0.8860728 -0.2064777 -0.3875594 -0.9191334 -0.07065039 -0.3875594 -0.9191335 -0.07065027 -0.3875594 -0.9191334 -0.07065033 -0.6446889 -0.7605317 -0.07725179 -0.5154941 -0.8474444 -0.1269019 -0.5684905 -0.8107781 -0.1394909 -0.5597537 -0.810792 -0.1711499 -0.2253547 -0.9733596 -0.04226475 -0.2733587 -0.959567 -0.06712937 -0.1380096 -0.9870076 -0.08227682 -0.2946877 -0.9473657 -0.1251297 -0.1462348 -0.9767809 -0.156571 -0.4270597 -0.8803937 -0.2062212 -0.5816313 -0.778214 -0.2368294 -0.3147658 -0.9094432 -0.2717273 -0.2298129 -0.9457683 -0.2295833 -0.1258375 -0.9652309 -0.2291162 -0.06616306 -0.9716603 -0.2269335 -0.9832407 -0.1699154 -0.06608152 -0.9598664 -0.2726715 -0.06562721 -0.9648705 -0.2577868 -0.05070424 -0.8495741 -0.518621 -0.09620875 -0.9039456 -0.420969 -0.07528388 -0.8513504 -0.5200963 -0.06857448 -0.9003531 -0.4312337 -0.0583254 -0.9780066 -0.1686517 -0.122718 -0.9600359 -0.2728173 -0.06246531 -0.998969 0.02861386 -0.0352469 -0.9995465 0.02873218 -0.009016692 -0.9995448 0.02880424 -0.008979558 -0.9999668 0.001466274 -0.008022487 -0.9999459 0.003686785 -0.009728312 -0.9987334 -0.0252369 -0.04352903 -0.9993088 -0.02581602 -0.026753 -0.9983585 -0.02475047 -0.05164974 -0.9983587 -0.02474397 -0.05164945 -0.9983587 -0.02474391 -0.05164945 -0.9987339 -0.02470368 -0.04382222 -0.999016 -0.006756544 -0.04383456 -0.9991532 0.001464903 -0.04111915 -0.999005 0.00822103 -0.04383397 -0.9986453 0.02806746 -0.04381817 -0.9985855 0.02913624 -0.04447579 -0.9996532 -0.02470219 -0.009134173 -0.9995976 -0.02737629 -0.007438004 -0.9993479 -0.02484524 -0.02620071 -0.9996554 0.001466453 -0.02620875 -0.9996555 0.001464962 -0.02620792 -0.9992811 0.02740418 -0.02619808 -0.9993115 0.02665346 -0.02581167 -0.8750474 -0.4714628 -0.1096125 -0.9030749 -0.4197209 -0.0910505 -0.9117832 -0.2341908 -0.3373517 -0.8992805 -0.2810715 -0.3351021 -0.9547351 -0.1652157 -0.2473557 -0.8496662 -0.3888336 -0.3561964 -0.9295518 -0.254004 -0.2672368 -0.8795486 -0.3691838 -0.300163 -0.9105872 -0.3134882 -0.2693622 -0.9173607 -0.316874 -0.2409155 -0.9293039 -0.2906496 -0.2278531 -0.9102236 -0.3437085 -0.2309927 -0.9321248 -0.3002448 -0.2024762 -0.8705815 -0.4321937 -0.2351523 -0.9341122 -0.3089736 -0.1788011 -0.8583451 -0.4721758 -0.2007331 -0.9354466 -0.3191832 -0.1518613 -0.9005453 -0.4074588 -0.1516427 -0.95633 -0.07268303 -0.2831081 -0.8662945 -0.230375 -0.4432396 -0.9169949 -0.1798244 -0.3560668 -0.809955 -0.3316336 -0.4837275 -0.9274962 -0.1827402 -0.3261241 -0.9007821 -0.2375551 -0.3635373 -0.9116113 -0.2344728 -0.3376204 -0.9829946 -0.1695528 -0.0705232 -0.9823337 -0.1695153 -0.07927924 -0.9827256 -0.1707409 -0.07140046 -0.9834055 -0.1660399 -0.07310515 -0.98325 -0.1657717 -0.07575821 -0.9348233 -0.333995 -0.1206347 -0.9549665 -0.2771922 -0.1058472 -0.9577886 -0.267786 -0.104555 -0.9747174 -0.2039737 -0.09121793 -0.9788292 -0.1790792 -0.0991168 -0.981471 -0.1614515 -0.103191 -0.980589 -0.1589569 -0.1147957 -0.980589 -0.1589577 -0.1147944 -0.9791988 -0.1538379 -0.1323019 -0.979187 -0.1538993 -0.132317 -0.9778525 -0.1484881 -0.1474987 -0.9778674 -0.1484109 -0.1474778 -0.9763324 -0.1416538 -0.1634298 -0.9763248 -0.1416921 -0.1634425 -0.9747134 -0.1338789 -0.1789144 -0.9747281 -0.1338055 -0.178889 -0.9731501 -0.1257262 -0.1928002 -0.9731382 -0.1257839 -0.1928227 -0.9708 -0.1135118 -0.2113353 -0.9708084 -0.1134853 -0.2113109 -0.9684562 -0.09942477 -0.2284892 -0.9684433 -0.09947687 -0.2285216 -0.9666395 -0.08857214 -0.2403396 -0.9666402 -0.08857655 -0.2403352 -0.9647877 -0.07702082 -0.2515007 -0.9647887 -0.07700961 -0.2515004 -0.9637599 -0.07018703 -0.2573728 -0.8137642 0.5803179 -0.03191983 -0.8136963 0.5804047 -0.03207677 -0.8136962 0.5804048 -0.03207671 -0.5104492 0.3629535 -0.7795553 -0.5104492 0.3629534 -0.7795553 -0.5104491 0.3629535 -0.7795553 -0.8999888 0.4353868 -0.02141642 -0.9000626 0.4352564 -0.02096098 -0.9745883 0.2109361 -0.07539016 -0.9768891 0.2089509 -0.04502558 -0.6222969 0.782735 0.008523762 -0.6922622 0.7194522 -0.05622887 -0.6727759 0.7397865 -0.009411752 -0.692024 0.7218731 -0.001414179 -0.6916043 0.7222519 -0.005985438 -0.6916044 0.7222517 -0.005985379 -0.6915828 0.7222732 -0.005894482 -0.7838659 0.6206378 -0.01905512 -0.7748161 0.6319847 -0.01598161 -0.9716672 0.2329778 -0.039801 -0.9741775 0.2224761 -0.0385068 -0.7616013 0.6480292 0.004663765 -0.7416682 0.670755 -0.004000246 -0.9723629 0.2330315 -0.01437854 -0.9725432 0.2322737 -0.01444393 -0.7752937 0.6315956 -0.00263369 -0.9999989 0.001402556 6.21278e-4 -0.9999989 0.001402616 6.21193e-4 -0.9999989 0.001402556 6.21264e-4 -0.9828619 0.184329 0.002316236 -0.9828592 0.1843445 0.002233624 -0.9828592 0.1843445 0.002233564 -0.9828592 0.1843445 0.002233564 -0.9828613 0.1843343 0.002170443 -0.9219477 0.3872954 0.003857254 -0.8467388 0.5318987 0.01082992 -0.8320553 0.5546625 0.005786895 -0.6544776 0.7560489 0.007021009 -0.6502175 0.7597194 0.006608068 -0.6632382 0.7483648 0.008083939 -0.6544774 0.7560293 0.008903264 -0.8185071 0.5744565 0.006765127 -0.8467436 0.5319972 0.002081513 -0.9123303 0.4094266 0.004821121 -0.9828616 0.184332 0.002170622 -0.5385753 0.8393006 0.07423758 -0.5721567 0.816189 0.08045142 -0.4789831 0.8745341 0.07593035 -0.5680387 0.8186784 0.08424866 -0.4819024 0.8727751 0.07767659 -0.3039689 0.9444701 0.1248165 -0.5218889 0.8468542 0.1023232 -0.4454685 0.8894553 0.1021129 -0.5493232 0.8302466 0.09452354 -0.4706575 0.8779787 0.08737814 -0.5623363 0.822236 0.08778393 -0.5623362 0.822236 0.08778375 -0.5623362 0.8222362 0.08778363 -0.5637977 0.8212297 0.08782917 -0.3043197 0.9407708 0.1494654 -0.4076859 0.901153 0.1473619 -0.4501323 0.8802049 0.1504008 -0.1511287 0.951366 0.2684452 -0.1508919 0.9513986 0.2684628 -0.1511287 0.951366 0.2684452 0.4004173 0.891557 0.2116419 -0.07502323 0.9922502 0.09905171 0.05772793 0.9983243 0.004023909 0.07997244 0.9967809 0.005684077 0.08300286 0.9965333 0.005644083 0.06836104 0.9976191 0.009106993 0.03944933 0.9992116 0.004484772 0.0211203 0.9997496 0.007404208 0.01054209 0.9999329 0.00481224 -0.0155211 0.9998569 0.006745338 -0.01837271 0.9998144 0.005803108 -0.05218726 0.9986227 0.005424499 -0.05106103 0.9986782 0.005893826 -0.06954842 0.9975627 0.005644202 0.08836275 0.9911506 0.09905856 -0.3980948 0.8929439 0.2101709 0.1658582 0.9490821 0.2678326 0.9825846 0.1853233 0.01352608 0.8059232 0.591961 0.008365929 0.7219955 0.6918792 0.005061149 0.5816931 0.8133049 0.01297873 0.8462 0.5326834 -0.01393288 0.8951874 0.4447485 0.02895474 0.8526924 0.5222107 0.01455241 0.982841 0.1844423 0.002175807 0.982838 0.184458 0.002174377 0.846369 0.5325602 0.00627768 0.8463621 0.5325711 0.006276488 0.652539 0.7577027 0.00892961 0.6343446 0.7730131 0.007599771 0.3247516 0.9366229 0.1314303 0.4455946 0.8825991 0.1498812 0.3989612 0.9051477 0.1467569 0.3001561 0.9416897 0.1520751 0.5329815 0.8401433 0.1004492 0.5249598 0.8450343 0.1016572 0.5249207 0.8450567 0.101674 0.5249598 0.8450345 0.1016571 0.5126125 0.8525242 0.1021317 0.4598082 0.8850153 0.07296848 0.4598082 0.8850153 0.07296848 0.5510746 0.8294681 0.09110248 0.454805 0.8855944 0.09420764 0.4460358 0.8900665 0.09398829 0.5385722 0.8382635 0.08517217 0.5091583 0.859534 0.04426544 0.5305271 0.8464249 0.04589253 0.9988616 -5.32607e-6 -0.04770404 0.9982371 2.6961e-4 -0.05935221 0.998801 -0.001768529 -0.04892402 0.9988658 -5.28624e-4 -0.04761147 0.9991267 -0.00732994 -0.04113626 0.9991512 -0.00274837 -0.04110175 0.9987896 -0.00228393 -0.04913383 0.9990602 0.003910362 -0.04316973 0.9995669 -0.002028465 -0.02936005 0.9997789 0.001351773 -0.02098679 0.9999485 -0.002452135 -0.009852647 0.999974 5.77219e-5 -0.007218658 0.2449482 -0.3267025 0.912834 0.5033251 -0.3535072 0.7884775 0.1113763 -0.3975912 0.9107781 0.209453 -0.4255775 0.8803485 0.2129178 -0.423932 0.8803111 0.3255223 -0.3779582 0.866708 0.7974839 -0.2571256 0.5458076 0.678611 -0.308277 0.6666726 0.9696332 -0.1168457 0.2148457 0.9275315 -0.1711211 0.3322692 0.9900149 -0.06010252 0.127508 0.9908295 -0.05487126 0.1234751 0.9904355 -0.03993725 0.1320707 0.9909213 -0.004034221 0.1343831 0.9904569 -0.01990348 0.1363783 0.9816265 0.0249511 0.1891742 0.9935763 0.06674104 0.09138876 0.9900431 5.96564e-5 0.1407656 0.8295482 0.07422995 0.5534795 0.929735 0.02661025 0.3672669 0.9564062 0.02186471 0.2912198 0.2341029 -0.1860128 0.9542512 0.2187067 -0.2060261 0.9537928 0.2491982 -0.2467632 0.9364871 0.2185882 -0.2876067 0.9324707 0.2576543 -0.3363968 0.9057877 0.589854 -0.2888798 0.7540696 0.5866924 -0.3645628 0.7231087 0.60593 -0.3524667 0.7131733 0.2342956 -0.07814365 0.9690198 0.234399 -0.05250149 0.9707217 0.20164 0.0318706 0.9789412 0.1917124 0.03522711 0.9808188 0.7213004 -0.0157743 0.6924427 0.3653299 0.06190711 0.9288173 0.8859887 -0.2172331 0.4096752 0.8601961 -0.2492206 0.4449179 0.8629019 -0.1899793 0.4683036 0.589513 -0.2879266 0.7547004 0.590016 -0.2442261 0.7695679 0.5889028 -0.2453472 0.7700638 0.5899029 -0.174929 0.7882984 0.589126 -0.1756856 0.7887112 0.5896634 -0.09726244 0.8017712 0.2345039 -0.1138063 0.9654306 0.2068934 -0.1295249 0.9697518 0.9987018 -0.03993302 0.03162771 0.9902549 -0.09674984 0.1001738 0.9905869 -0.06521403 0.1203526 0.8626928 -0.1890839 0.4690507 0.8630265 -0.1602727 0.4790595 0.8623304 -0.161462 0.4799127 0.8629952 -0.1147969 0.491997 0.8625431 -0.1155273 0.4926185 0.8629078 -0.06393074 0.5013014 0.5892031 -0.09696692 0.8021455 0.5896399 -0.01801866 0.8074653 0.5895727 -0.01807439 0.8075132 0.4051861 0.05977571 0.912278 0.4050548 0.05978631 0.9123356 0.4050548 0.05978631 0.9123356 0.5814949 0.05401474 0.811755 0.5893393 0.06012201 0.8056454 0.8628904 0.02796161 0.504617 0.8628104 -0.01189297 0.5053879 0.8628676 -0.01181656 0.5052919 0.8625836 -0.06363826 0.501896 0.9909995 -0.02164548 0.1321046 0.9903497 -0.03975409 0.132768 0.4826915 0.6064477 0.6318467 0.3123909 0.7500128 0.5830034 0.2182282 0.7187795 0.6601004 0.8098343 -0.1602158 0.5643576 0.4814551 0.2713606 0.8334054 0.8254872 0.2110574 0.5234747 0.08941566 0.1994462 0.9758207 0.08941566 0.1994462 0.9758207 0.08941566 0.1994463 0.9758207 0.1149417 0.3143952 0.9423078 0.1917105 0.1167833 0.9744787 0.1893003 0.1243007 0.9740199 0.3652027 0.1208882 0.9230456 0.8275721 0.1990811 0.5248727 0.9053676 0.209594 0.3692968 0.9090018 0.1806441 0.375611 0.9177123 0.06992024 0.3910442 0.955333 0.07956296 0.2846204 0.9556773 0.05759477 0.2887279 0.9556927 0.05771577 0.2886527 0.9556928 0.05771577 0.2886527 0.7466456 0.4381738 0.5005238 0.8761172 0.3115317 0.3679221 0.8761176 0.3115315 0.3679215 0.8761166 0.311533 0.3679226 0.8632963 0.3141921 0.394972 0.8759117 0.2591369 0.4069728 0.7385224 0.4562358 0.4964208 0.4548031 0.6078581 0.6508938 0.4548031 0.6078581 0.6508938 0.4655249 0.5941197 0.655979 0.6836304 0.3461823 0.6425009 0.6818299 0.3507851 0.6419174 0.4790112 0.6073083 0.6338178 0.4383071 0.6309548 0.640143 0.4419024 0.4246486 0.7901874 0.03252518 0.4961287 0.8676396 0.4554393 0.4098099 0.790336 0.4554393 0.4098099 0.790336 0.4554393 0.4098099 0.7903361 0.5744975 -0.07679492 0.8148959 0.405558 0.09136939 0.9094913 0.4057342 0.09163486 0.909386 0.4057342 0.09163492 0.909386 0.1914726 0.172201 0.9662738 0.04026323 0.2640195 0.9636767 0.3519234 0.1207017 0.9282139 0.351862 0.1209891 0.9281998 0.1824176 0.3683112 0.9116309 0.1860145 0.2573217 0.9482533 0.1764004 0.280503 0.9435047 0.9289446 -0.004275619 0.3701941 0.7462279 0.3111676 0.5884885 0.7509915 0.2891832 0.5936203 0.6604005 0.1346623 0.7387403 0.5968894 0.3975231 0.6969207 0.5103352 0.2402813 0.8257257 0.5085757 0.2455462 0.8252624 0.1056255 0.345349 0.9325113 0.1393596 0.2795599 0.9499607 0.1036226 0.2944554 0.9500308 0.3015564 0.3322806 0.8936741 0.3257419 0.2921298 0.8991954 0.3336163 0.4763857 0.8134845 0.319989 0.4993691 0.8051322 0.6945381 0.3310763 0.638753 0.6306578 0.4825193 0.6078206 0.8033273 0.3417391 0.4877292 0.8797556 0.3127794 0.358049 0.7465837 0.2699154 0.6080778 0.7465121 0.269962 0.608145 0.7465748 0.2699273 0.6080834 0.648352 0.3222767 0.6897663 0.6483521 0.3222766 0.6897662 0.648352 0.3222767 0.6897662 0.1294534 0.4581972 0.8793731 0.220987 0.626389 0.7475304 0.2996894 0.5996869 0.7419986 0.1075612 -0.5938439 -0.7973582 0.08122843 -0.523047 -0.8484243 0.05787765 -0.3324841 -0.9413313 0.05009829 -0.331302 -0.9421939 0.1081076 -0.3316754 -0.937179 0.1132446 -0.335775 -0.93511 0.04830014 -0.5216752 -0.851776 0.03889828 -0.5133908 -0.857273 0.04816257 -0.5233734 -0.8507413 0.1169313 -0.3762834 -0.9190963 0.2013564 -0.3566853 -0.9122671 0.03038108 -0.3319435 -0.94281 -0.0128141 -0.4289322 -0.9032459 -0.01826721 -0.4462809 -0.8947066 0.004520714 -0.4073421 -0.9132644 -0.001509487 -0.4455842 -0.8952388 0.03669065 -0.4109073 -0.9109386 0.02398818 -0.5228994 -0.8520569 -0.03798115 -0.1214737 -0.9918678 -0.0350424 -0.1298938 -0.9909085 -0.081016 -0.1215748 -0.9892705 -0.2793262 -0.1560646 -0.9474286 -0.2183875 -0.1365988 -0.9662545 -0.1876751 -0.1372039 -0.9726012 -0.1632574 -0.1306661 -0.9778924 -0.1022759 -0.1177158 -0.9877665 -0.2358301 -0.3568715 -0.9038954 -0.2355081 -0.356949 -0.9039488 -0.2358302 -0.3568715 -0.9038954 -0.2909371 -0.3182863 -0.902247 -0.3638668 -0.3765157 -0.8519607 -0.4400348 -0.3484572 -0.8276153 -0.2809645 -0.473866 -0.8345717 -0.3458448 -0.4640774 -0.8154899 -0.3946565 -0.2133301 -0.8937206 -0.3358759 -0.1355528 -0.9321014 -0.5320802 -0.2822374 -0.7982686 -0.5699583 -0.1115005 -0.8140732 -0.5915787 -0.199581 -0.7811543 -0.720438 -0.1689256 -0.6726316 -0.7071169 -0.4353232 0.5572068 -0.5934243 -0.5736476 0.5646026 0.1513106 -0.6204643 0.7694994 0.0420584 -0.6150988 0.7873275 -0.2587941 -0.59495 0.7609601 -0.144501 -0.6830789 0.715907 -0.3841 -0.5684238 0.7275725 0.7150135 -0.4970099 0.4916676 0.7054414 -0.4885382 0.5135007 0.8388535 -0.3351557 0.428947 0.5968605 -0.5012316 0.6265178 0.5206537 -0.5256133 0.6727932 0.520735 -0.5255914 0.6727473 0.5208163 -0.5255696 0.6727013 0.2587965 -0.5940849 0.7616348 0.3935878 -0.6770045 0.6218951 0.3063782 -0.6421067 0.7027314 0.9910451 -0.08804386 0.1003894 0.9610729 -0.2374201 0.141318 0.9517734 -0.2359427 0.1961089 0.8974849 -0.2714965 0.3475781 0.9654144 0.1336355 -0.2238678 0.9805877 0.1207137 -0.1545188 0.9999074 -0.008372604 0.01073926 0.5483524 0.5146703 -0.6591088 0.6276946 0.4730918 -0.6182101 0.7068762 0.4146506 -0.5730542 0.7780837 0.3860982 -0.4954937 0.8955118 0.2742672 -0.35048 0.4505221 0.5498481 -0.703347 0.2587496 0.5824267 -0.7706022 0.3199368 0.5577279 -0.7658852 -0.2587427 0.5779065 -0.7740002 -0.1310599 0.6103435 -0.7812196 0.1330516 0.6101792 -0.7810113 -0.760928 -0.3994688 0.5112861 -0.9653339 -0.1607016 0.2056832 -0.9659228 -0.1601298 0.2033513 -0.9666308 0.1584997 -0.2012529 -0.9659249 0.1593447 -0.2039569 -0.7944339 0.3739162 -0.4786037 -0.706931 0.4174608 -0.5709423 -0.6101962 0.4877563 -0.6243032 -0.3831078 0.568687 -0.7278899 -0.7326639 -0.2829746 -0.6189742 -0.7453104 -0.2974678 -0.5966787 -0.7230322 -0.2901194 -0.6269411 -0.7616316 -0.2252786 -0.6075912 -0.7504296 -0.2405973 -0.615604 -0.7418791 -0.2567692 -0.6194231 -0.7332234 -0.2759323 -0.621486 -0.7375062 -0.2584518 -0.6239289 -0.7378347 -0.2601614 -0.622829 -0.7914462 -0.2146322 -0.5723163 -0.7793423 -0.2536649 -0.5729569 -0.7966331 -0.2544732 -0.5482876 -0.7138152 -0.6703015 -0.2028886 -0.7291483 -0.6822016 -0.05425733 -0.8471136 -0.4560449 -0.2728034 -0.7499136 -0.4216611 -0.5097368 -0.7670427 -0.5753655 -0.2839015 -0.7314308 -0.5944988 -0.3340363 -0.7502611 -0.5823868 -0.3129442 -0.7561177 -0.5781319 -0.3066752 -0.7718155 -0.5658422 -0.2900404 -0.7870601 -0.5504037 -0.2785542 -0.7920479 -0.5450812 -0.2748575 -0.807116 -0.5277628 -0.2646322 -0.7625666 -0.5183551 -0.3870404 -0.7643831 -0.5281482 -0.3698351 -0.7743064 -0.5331156 -0.3409365 -0.774718 -0.5323907 -0.3411339 -0.7644508 -0.5614748 -0.3167985 -0.7568188 -0.4704402 -0.4537749 -0.7588149 -0.4817177 -0.4383472 -0.7685812 -0.4922704 -0.4085987 -0.7733802 -0.4836459 -0.4098411 -0.7661888 -0.5057073 -0.3965033 -0.7535333 -0.3977031 -0.5234689 -0.7415243 -0.3780553 -0.5542707 -0.745048 -0.3405481 -0.5735246 -0.7309281 -0.3433872 -0.5897706 -0.8023237 -0.2980439 -0.5171523 -0.8046414 -0.2807655 -0.5231853 -0.8318949 -0.2727571 -0.4832748 -0.8293893 -0.2725058 -0.4877029 -0.7577443 -0.3893499 -0.52367 -0.8281676 -0.3181809 -0.4614102 -0.8334029 -0.3056968 -0.4604226 -0.824374 -0.3911685 -0.4091393 -0.8399505 -0.3423905 -0.4210131 -0.837445 -0.3269377 -0.437947 -0.7535305 -0.4449723 -0.4839335 -0.7645736 -0.4423928 -0.4687384 -0.8463483 -0.3481122 -0.4031286 -0.8421527 -0.4017795 -0.3596557 -0.8388395 -0.4040589 -0.364808 -0.843838 -0.44225 -0.3038957 -0.8338611 -0.4623966 -0.3014388 -0.8507828 -0.4150094 -0.322391 -0.8420231 -0.478187 -0.2496684 -0.8360165 -0.4902868 -0.2463642 -0.8446474 -0.4941123 -0.2059708 -0.8236347 -0.537145 -0.1819378 -0.827215 -0.5340526 -0.174652 -0.8054637 -0.5823913 -0.1097673 -0.8179365 -0.5630529 -0.1181162 -0.8288236 -0.5386182 -0.1514658 -0.7283287 -0.6797885 -0.0861684 -0.7585219 -0.64157 -0.1141598 -0.7512236 -0.6471282 -0.1299544 -0.8356396 -0.4891104 -0.249955 -0.9408576 -0.2853149 -0.1827089 -0.9156898 -0.3469302 -0.2028588 -0.8012449 -0.5539699 -0.2261067 -0.8033471 -0.5654124 -0.1869287 -0.8236745 -0.5368214 -0.1827104 -0.8088414 -0.5582189 -0.1848438 -0.7990291 -0.5718829 -0.1857486 -0.7809823 -0.5962206 -0.1859782 -0.7486298 -0.638012 -0.1802616 -0.7674663 -0.6182668 -0.1695338 -0.802284 -0.5779328 -0.1494459 -0.7478803 -0.6356931 -0.1912312 -0.7259116 -0.6580905 -0.1999234 -0.7752651 -0.4330469 -0.4598201 -0.965617 -0.04171001 -0.256601 -0.7703002 -0.458297 -0.4433978 -0.8611053 -0.3182389 -0.396512 -0.9335997 -0.197166 -0.2991943 -0.707169 -0.5422772 -0.4537041 -0.9465925 -0.2142413 -0.2409635 -0.982614 -0.06500661 -0.1739075 -0.987071 0.002670943 -0.1602615 -0.9979499 0.01561391 -0.06206738 -0.9980619 0.01681107 -0.05991697 -0.9981811 0.01771306 -0.05762559 -0.9976758 0.01046991 -0.06733131 -0.9977546 0.01240652 -0.0658161 -0.997847 0.01413738 -0.06404477 -0.99751 -0.001240789 -0.07051461 -0.9977547 -0.01240676 -0.06581634 -0.9976758 -0.01046973 -0.06733107 -0.9976107 -0.008340239 -0.06858181 -0.9980619 -0.01681089 -0.05991679 -0.9979499 -0.01561415 -0.06206732 -0.997847 -0.0141375 -0.06404459 -0.9915911 -0.005165278 -0.129308 -0.9943972 -0.01076149 -0.1051592 -0.9975269 -0.003672838 -0.07018983 -0.99751 0.001240849 -0.07051467 -0.998068 -0.01683437 -0.05980646 -0.9982535 -0.0175966 -0.05639654 -0.9955684 0.02006828 -0.09187442 -0.9910271 0.005909621 -0.1335308 -0.9919005 0.01383769 -0.1262613 -0.9894919 -0.02342033 -0.1426783 -0.9702691 -0.1717451 -0.170533 -0.9510705 -0.2496396 -0.182058 -0.9874868 0.01951396 -0.1564894 -0.9949734 0.006961882 -0.0998978 -0.995171 0.01033794 -0.09761166 -0.9945498 -9.01231e-4 -0.1042585 -0.9939646 -0.01225739 -0.1090155 -0.9943006 -0.004301667 -0.106527 -0.9934059 0.006767153 -0.1144502 -0.992742 0.01116853 -0.119744 -0.9960657 0.02371549 -0.08538597 -0.9957417 0.02112692 -0.08973366 -0.9956463 0.01087552 -0.09257632 -0.997438 0.04232662 -0.05767267 -0.9891282 0.008184134 -0.1468282 -0.9987167 0.02913534 -0.04142594 -0.9979311 0.0377705 -0.05203026 -0.9979311 0.0377705 -0.05203026 -0.9979311 0.0377705 -0.05203026 -0.9960081 0.02334129 -0.08615839 -0.9961624 0.02784734 -0.08297675 -0.9961529 0.02840673 -0.08290082 -0.9964341 0.0310654 -0.07844835 -0.9964554 0.03461962 -0.07666897 -0.9965929 0.03512179 -0.07462775 -0.9967339 0.03807038 -0.07122033 -0.9967908 0.03858077 -0.07014065 -0.9968151 0.03967934 -0.06917619 -0.9972069 0.03828525 -0.06413072 -0.9974363 0.04036897 -0.05908799 -0.9983063 0.01830589 -0.05522209 -0.9976107 0.008340239 -0.06858181 -0.9954566 0.01456493 -0.09409648 -0.9975608 0.006064057 -0.06953972 -0.9879412 -0.006720185 -0.1546836 -0.9982126 -0.02452224 -0.05450004 -0.9983102 -0.02471923 -0.05258935 -0.9981393 -0.01715379 -0.05851334 -0.9979994 -0.01646482 -0.06104332 -0.9947249 -0.006147146 -0.1023945 -0.9951177 -0.01592254 -0.09740316 -0.9955219 -0.02029854 -0.09232789 -0.9955975 -0.0223124 -0.09103769 -0.9958989 -0.02406424 -0.08721506 -0.9961331 -0.02867025 -0.08304721 -0.9960224 -0.02899771 -0.08425432 -0.9965935 -0.02974653 -0.07691901 -0.996554 -0.02983081 -0.0773977 -0.996739 -0.03269809 -0.0737726 -0.9968597 -0.03183162 -0.07251 -0.9970489 -0.03471654 -0.06847167 -0.9971533 -0.03328984 -0.0676558 -0.9972769 -0.03549671 -0.06464463 -0.9980815 -0.01695615 -0.05954819 -0.9942117 0.001831591 -0.1074237 -0.9948189 -0.0167067 -0.1002815 -0.9975608 -0.006064057 -0.06953972 -0.9897491 0.02855062 -0.1399345 -0.9900124 0.01810008 -0.139814 -0.9906464 0.005635797 -0.1363383 -0.9907138 0.01126176 -0.1354967 -0.9910767 -0.004013299 -0.1332327 -0.9919546 -0.01416027 -0.1258007 -0.9942026 -0.003786981 -0.1074568 -0.9942018 -0.003704726 -0.1074676 -0.9942016 -0.00370866 -0.1074681 -0.9942017 0.003704726 -0.1074681 -0.9942018 0.00370866 -0.1074671 -0.9942527 0.01103138 -0.1064893 -0.997527 0.003672838 -0.07018983 -0.9763526 0.2101768 -0.05060857 -0.8522071 0.5220522 -0.03470993 -0.8235888 0.5664726 -0.02846646 -0.9070258 0.4188684 -0.04305344 -0.9664012 0.2516473 -0.05236881 -0.965812 0.2539785 -0.05198043 -0.9919151 0.108231 -0.06626123 -0.6915467 0.7222402 -0.01150482 -0.6718902 0.7405523 0.01207953 -0.7298812 0.6832327 -0.02160388 -0.7850037 0.6144663 0.07874405 -0.8080572 0.5549741 0.1976041 -0.8002614 0.592551 0.09200578 -0.9480978 0.3173981 0.01920717 -0.9721579 0.2233817 -0.07077878 -0.9943581 0.1015435 -0.03067833 -0.2342122 -0.5364454 0.8107842 -0.2334651 -0.2227606 0.9465051 -0.7826291 0.5137889 0.351444 -0.8098092 0.3996449 0.4295268 -0.7429022 0.3234125 0.5860893 -0.7148095 0.1754951 0.6769408 -0.7371743 0.2432296 0.6304075 -0.7897137 0.3149588 0.5264535 -0.4607342 0.3936482 0.7954655 -0.4607341 0.3936481 0.7954654 -0.4607341 0.3936482 0.7954654 -0.7710279 -0.5659307 0.2919567 -0.7888765 0.1302052 0.6006001 -0.902772 -0.07500523 0.4235295 -0.9599054 -0.07281017 0.2707034 -0.9794047 0.09514522 0.1780837 -0.9924617 0.03526645 0.1173725 -0.6073685 -0.4421728 0.6599899 -0.6435459 -0.2833972 0.7110098 -0.7531151 -0.2042146 0.6253912 -0.7540028 -0.1849538 0.6302952 -0.8759313 -0.05525195 0.4792615 -0.809039 0.5084674 0.2948166 -0.9540605 0.2587254 0.1510952 -0.9822605 -0.04002285 0.183201 -0.955991 0.185832 0.2270415 -0.8976774 0.0584824 0.4367551 -0.8838465 -0.2181879 0.4137745 -0.7135745 0.1576141 0.6826195 -0.6072683 0.05599445 0.7925212 -0.6540737 0.05328387 0.7545518 -0.5720855 -0.0527414 0.8184967 -0.5480077 -0.05686545 0.8345383 -0.439682 -0.1731884 0.8812977 -0.4727284 -0.172826 0.8640944 -0.4299784 -0.2129806 0.8773586 -0.4299784 -0.2129806 0.8773584 -0.4299784 -0.2129806 0.8773584 -0.3677759 -0.2481822 0.8961845 -0.9995833 -0.004637777 -0.02849233 -0.9986672 -0.03824287 -0.03466004 -0.9991323 -0.02321237 -0.03458148 -0.9993834 -0.002129614 -0.03504824 -0.9987445 -0.02519375 -0.04329919 -0.9991859 -5.52724e-4 -0.04034167 -0.9999948 0 -0.003219783 -0.9994263 -0.01582562 -0.02994638 -0.9970154 0.07719898 9.38059e-4 -0.9970154 0.07719892 9.38009e-4 -0.9970154 0.07719898 9.38025e-4 -0.9996142 -0.006741702 -0.02694886 -0.9985586 2.99466e-4 -0.05367147 -0.9989377 -0.001232564 -0.04606562 -0.9990797 0.03856724 -0.01877146 -0.133612 0.7342613 0.6655886 -0.1436674 0.7394503 0.6577028 -0.1331543 0.7396494 0.6596884 -0.132211 0.7400367 0.6594437 -0.2769955 0.6423584 0.7145972 -0.3808823 0.5735932 0.7252032 -0.4017601 0.3879977 0.8294858 -0.2015008 0.6026712 0.7721301 -0.1258309 0.7218485 0.6805155 -0.1247681 0.7213397 0.6812503 -0.2697567 0.6354548 0.7234836 -0.1767079 0.6658668 0.7248418 -0.1020129 0.7467598 0.6572238 -0.09732311 0.7486298 0.6558061 -0.1961138 0.6737311 0.7124787 -0.1275997 0.7112836 0.6912265 -0.3140543 0.5457432 0.7768747 -0.2497924 0.5939897 0.7647091 -0.4164697 0.3963559 0.8182023 -0.166385 0.687229 0.7071297 -0.1663909 0.6872238 0.7071334 -0.1663456 0.6872149 0.7071527 -0.1301953 0.7318555 0.6689072 -0.2797502 0.6487233 0.7077415 -0.2667995 0.6397513 0.7207887 -0.4101839 0.5262048 0.7448878 -0.4982378 0.4113822 0.7632326 -0.5285246 0.3838746 0.7571672 -0.6400181 0.2250341 0.7346677 -0.7191613 0.06412786 0.6918776 -0.6339476 0.232573 0.7375773 -0.6119946 0.2168387 0.7605549 -0.4887581 0.3557944 0.7965714 -0.3203122 0.5492568 0.7718271 -0.3787305 0.5040934 0.7761785 -0.1927835 0.6718544 0.7151547 -0.1466966 0.6968864 0.7020182 -0.1032248 0.7473861 0.6563221 -0.537596 0.4487454 0.7138754 -0.7782859 0.119978 0.6163412 -0.2917772 0.6564871 0.6956226 -0.2462192 0.7697438 0.5889574 -0.1521512 0.7478544 0.6461918 -0.1521512 0.7478544 0.6461918 -0.2802004 0.6607006 0.6963926 -0.3121016 0.7061333 0.6355851 -0.3918431 0.6373325 0.6635257 -0.4151622 0.6920948 0.590462 -0.4979617 0.6236353 0.6025888 -0.4014325 0.593041 0.6979646 -0.5941932 0.4204897 0.6856552 -0.6368141 0.4816455 0.6020678 -0.6944432 0.3888134 0.6054525 -0.7297978 0.4717376 0.4948322 -0.7869954 0.3799777 0.486061 -0.9489753 0.08900392 0.3025296 -0.9249033 0.1902949 0.3291531 -0.882892 0.09186381 0.4605029 -0.8552506 0.1947686 0.4802203 -0.7923561 0.1050029 0.6009545 -0.7012039 0.2835305 0.6541588 -0.171611 0.7396799 0.6507099 -0.110158 0.7688691 0.6298457 -0.1817376 0.761784 0.6218174 -0.1919428 0.7577146 0.6237201 -0.1948666 0.7672829 0.6109859 -0.509466 0.6879283 0.5169132 -0.5915015 0.6209286 0.5143673 -0.8031808 0.470474 0.3654517 -0.8571411 0.3808274 0.3468136 -0.9673886 0.192007 0.1652052 -0.9864971 0.09314966 0.1347094 -0.9861245 0.1502242 0.0706492 -0.9868454 0.1462655 0.06886786 -0.9853118 0.153445 0.07493507 -0.9856992 0.1513003 0.07419961 -0.9870783 0.1468117 0.06420928 -0.9872177 0.1460477 0.06380778 -0.9859104 0.1522269 0.0693382 -0.986335 0.1500023 0.06813693 -0.9863548 0.1494847 0.06898277 -0.2325953 0.8628469 0.4487704 -0.2470613 0.8590857 0.4482551 -0.2474054 0.8412441 0.4807275 -0.246606 0.8414493 0.4807792 -0.2474811 0.8131259 0.5268582 -0.2446045 0.8137717 0.5272043 -0.2462995 0.7871111 0.5655022 -0.2451425 0.7874267 0.5655657 -0.5737836 0.7272593 0.3766516 -0.5919197 0.7146862 0.3726323 -0.5921538 0.7022948 0.3951404 -0.5914923 0.702752 0.3953183 -0.592078 0.6817154 0.4297764 -0.5896905 0.6832251 0.4306606 -0.5910607 0.6629157 0.4595543 -0.5899919 0.6636503 0.4598671 -0.8547454 0.4617335 0.2370918 -0.8582851 0.4562195 0.2349689 -0.8583979 0.4503222 0.2456887 -0.8579559 0.4510009 0.2459878 -0.8582646 0.4406614 0.2630578 -0.8567408 0.4428417 0.2643606 -0.857414 0.4323477 0.2791359 -0.8567529 0.4333384 0.2796292 -0.2325233 0.8835374 0.4065646 -0.2325251 0.8835375 0.4065634 -0.5736532 0.7440999 0.3423996 -0.5736762 0.7440844 0.3423949 -0.8546541 0.4716578 0.2170374 -0.8546466 0.4716699 0.2170412 -0.9856849 0.1531617 0.07047605 -0.9856863 0.1531528 0.07047498 -0.1795719 0.928681 0.324508 -0.3714379 0.8767313 0.3055754 -0.19242 0.9232816 0.332454 -0.6124655 0.7901073 0.02483105 -0.5099911 0.854328 0.1001639 -0.5390352 0.8351144 0.1096595 -0.4857109 0.8736449 -0.02880239 -0.5989117 0.7988852 0.05556321 -0.5989117 0.7988852 0.05556339 -0.5989117 0.7988852 0.05556327 -0.5977066 0.7998456 0.05471825 -0.5890253 0.8061707 0.05601835 -0.5889875 0.8061972 0.05603504 -0.5889914 0.8061937 0.05604279 -0.2325724 0.9034789 0.3600503 -0.212715 0.9055721 0.3670033 -0.146869 0.9146949 0.3765142 -0.213217 0.9018751 0.3757123 -0.1705166 0.9182385 0.3574385 -0.4096907 0.8910139 0.1955704 -0.7056966 0.7056149 0.06403088 -0.63442 0.7640109 0.117468 -0.6485764 0.7523835 0.1151856 -0.4470056 0.8737201 0.1918316 -0.4335955 0.8798381 0.1946282 -0.3029359 0.9133088 0.2722078 -0.3334722 0.9085963 0.2514939 -0.5071904 0.8347425 0.2143896 -0.1465364 0.9503638 0.274474 -0.1555912 0.9374312 0.3114714 -0.342571 0.8950293 0.2856005 -0.5327899 0.8173605 0.2192185 -0.5098767 0.8303214 0.2249274 -0.6788043 0.7188377 0.1499904 -0.6592009 0.735496 0.1565245 -0.8005295 0.5945947 0.0748977 -0.8939701 0.4474093 0.02534872 -0.8964135 0.4427373 0.020657 -0.8538388 0.4954621 0.1596144 -0.9855681 0.1487686 0.08076858 -0.9108927 0.4088283 0.05598461 -0.8243824 0.5327186 0.1913235 -0.7035693 0.6609629 0.260995 -0.573452 0.7681388 0.284808 -0.5564554 0.7766225 0.2953218 -0.3937997 0.8500014 0.349885 -0.1574507 0.9270356 0.3403152 -0.1125155 0.9279607 0.3552876 -0.1956019 0.9148133 0.3533506 -0.3917626 0.8643573 0.3152913 -0.3731752 0.8717947 0.3173553 -0.5545876 0.7881984 0.2667883 -0.5404529 0.7970709 0.2694231 -0.7003194 0.6828338 0.2080643 -0.6882038 0.694027 0.2114285 -0.8210865 0.5527716 0.1423399 -0.811469 0.5658095 0.1462121 -0.9124794 0.4029196 0.07097393 -0.9042968 0.4200975 0.07593017 -0.9286373 0.3672103 0.05281567 -0.05080276 0.9614766 0.2701514 -0.04997509 0.9635289 0.2628967 -0.01826375 0.9608076 0.2766141 -0.01176154 0.9714695 0.236873 0.01045465 0.9560948 0.2928709 0.0267139 0.9728551 0.2298682 0.03913331 0.9564756 0.2891765 0.06828904 0.9690911 0.2370634 0.06406283 0.9607963 0.2697528 -0.05139756 0.9937358 0.09923493 -0.05137163 0.9937586 0.09901916 -0.01849532 0.9949 0.09915649 -0.01848608 0.9949061 0.09909647 0.01061403 0.99502 0.09910982 0.01061129 0.995018 0.09912949 0.03971809 0.9942904 0.09904098 0.03969657 0.9942771 0.09918355 0.06878077 0.9927083 0.09899324 0.06874281 0.9926857 0.09924507 0.438184 0.8791376 0.1873816 0.4382252 0.8791151 0.1873915 0.4381837 0.8791375 0.1873832 0.2406122 0.8986949 0.3666788 0.1670707 0.9184135 0.3586143 0.1812632 0.9287199 0.3234549 0.1848357 0.9229851 0.3375413 0.1643367 0.9177664 0.3615223 0.1373954 0.9239186 0.3570672 0.1312606 0.9247069 0.3573341 0.1461058 0.9258514 0.3485003 0.1447095 0.928766 0.341252 0.8528103 0.5220199 0.01448744 0.7404948 0.6617155 0.1174739 0.7354171 0.6707974 0.09587776 0.6439749 0.7608981 0.07956552 0.5438073 0.8385922 0.03220129 0.5833602 0.8110971 0.04257482 0.5748472 0.8151835 0.07089793 0.6381586 0.7664128 0.07324713 0.4374194 0.8790898 0.1893817 0.4372253 0.8791601 0.1895036 0.4374194 0.8790898 0.1893817 0.4411553 0.8775151 0.1880141 0.1352117 0.9430898 0.3038086 0.1818703 0.9317516 0.3142647 0.4509249 0.8593502 0.2412134 0.3534609 0.9133594 0.2020893 0.4208314 0.8836349 0.2051593 0.4245386 0.8887076 0.1731064 0.4315173 0.8825695 0.1867185 0.7538902 0.6465489 0.1167222 0.6178153 0.7686455 0.1657961 0.4549921 0.8523664 0.2577862 0.4713478 0.8433712 0.2579855 0.2976094 0.9085339 0.293249 0.665918 0.6889813 0.2861086 0.4975275 0.8172726 0.290744 0.7933402 0.5644451 0.2280642 0.6504556 0.7199856 0.2419264 0.9013006 0.403029 0.1588235 0.7787812 0.6013947 0.1783937 0.9664182 0.2403473 0.09093552 0.8821952 0.4553185 0.1200702 0.9957512 0.08969783 0.02083277 0.9337611 0.3529092 0.05954402 0.8597554 0.5083736 0.04875648 0.9483954 0.3161318 0.02463454 0.755514 0.6430336 0.1253247 0.8800366 0.4649479 0.0967428 0.622976 0.7583643 0.1917936 0.7777746 0.6057218 0.1678329 0.4697048 0.8468535 0.2494328 0.6497104 0.7233198 0.233848 0.2985746 0.9066132 0.2981709 0.497725 0.8163848 0.2928923 0.327941 0.889181 0.3190796 0.3286752 0.8860989 0.3268048 0.4990755 0.7996937 0.3337872 0.4990755 0.7996937 0.3337872 0.4990754 0.7996936 0.3337871 0.2405002 0.8819753 0.4053139 0.2405319 0.8819675 0.405312 0.5757796 0.7429109 0.3414109 0.4985644 0.7902155 0.3563608 0.6657619 0.6779986 0.3115754 0.8554574 0.4705628 0.2162485 0.7933303 0.5562171 0.2474867 0.9012745 0.3936696 0.1809106 0.9857615 0.1527888 0.07021373 0.9664652 0.2353695 0.1026946 0.995871 0.08248579 0.03790712 0.9857732 0.1510598 0.07370406 0.9874456 0.1424401 0.0682792 0.9862496 0.1496871 0.0700407 0.9878836 0.1414849 0.06378155 0.98682 0.1474863 0.06658941 0.9875717 0.1441112 0.06272357 0.9875839 0.1440429 0.06268805 0.9874263 0.1452388 0.06241095 0.9877434 0.1435302 0.06133508 0.2561002 0.7774875 0.5743917 0.258282 0.7771985 0.5738057 0.2570016 0.7990611 0.5435547 0.2587757 0.7987957 0.5431029 0.2577672 0.8193464 0.5120816 0.259147 0.8191199 0.5117474 0.2584375 0.8383503 0.479978 0.2592203 0.8382111 0.4797991 0.2588171 0.8570982 0.4454172 0.2405596 0.8605488 0.4489844 0.5973836 0.6535558 0.4647556 0.599193 0.6526446 0.4637054 0.5982273 0.6691361 0.4408867 0.5997474 0.6683265 0.4400488 0.5990054 0.683664 0.4168887 0.6001004 0.6830534 0.4163143 0.5995852 0.6972655 0.3928338 0.6002733 0.696866 0.3924918 0.5999816 0.7106348 0.3674512 0.5758799 0.7248855 0.3780257 0.8602105 0.4258258 0.2805539 0.8613978 0.4243708 0.2791118 0.8609042 0.4327828 0.2674757 0.8618428 0.43158 0.2663943 0.8614709 0.4391915 0.2549093 0.8621439 0.4382981 0.254171 0.8618999 0.4451401 0.2428559 0.8623481 0.4445278 0.2423861 0.8622174 0.4508737 0.2308556 0.8555361 0.4602373 0.2371494 0.2356989 0.7552824 0.611551 0.1471062 0.761098 0.6317355 0.1619712 0.7527002 0.6381283 0.3810313 0.702886 0.6006384 0.5450372 0.5850559 0.6005366 0.5010712 0.6233327 0.6003199 0.7231487 0.4899287 0.4868531 0.7910495 0.3920412 0.4696216 0.8473241 0.3321335 0.4144023 0.8473241 0.3321336 0.4144023 0.8473241 0.3321337 0.4144023 0.9600275 0.1363578 0.2444464 0.9234392 0.1794672 0.3391928 0.2580648 0.7464592 0.6133525 0.5982462 0.6413073 0.4804441 0.5051239 0.6516075 0.5659131 0.861191 0.408749 0.3021163 0.7987635 0.4413746 0.4088587 0.9885107 0.1258755 0.08367818 0.9647507 0.1721582 0.199042 0.1468423 0.7603034 0.6327529 0.1999237 0.7422645 0.6395888 0.2220934 0.7390959 0.6359338 0.4361798 0.6528757 0.6192742 0.4885234 0.6359689 0.5974014 0.7210625 0.4416766 0.5338453 0.7210463 0.4416556 0.5338846 0.7210626 0.4416773 0.5338447 0.7216926 0.4456201 0.5297003 0.7196306 0.4557818 0.5238271 0.7100607 0.4741008 0.5206172 0.6786301 0.5098803 0.528662 0.6379719 0.5426826 0.5463401 0.6379719 0.5426827 0.5463401 0.9098543 0.1324754 0.3932117 0.9098646 0.1324303 0.3932032 0.9098544 0.1324746 0.3932119 0.913901 0.1493949 0.3774469 0.8576634 0.3880945 0.3373372 0.8576634 0.3880945 0.3373371 0.8576634 0.3880945 0.3373372 0.9033504 0.1881069 0.3854528 0.8943371 0.2373613 0.3792371 0.3748773 0.6827481 0.627154 0.5553662 0.6200297 0.5541946 0.4377454 0.6609768 0.6094987 0.7172052 0.4680492 0.5162816 0.7256112 0.4626592 0.5093474 0.8310534 0.3459607 0.4355013 0.0463894 0.4532449 0.8901781 0.05266606 0.464392 0.8840624 0.05884516 0.6468378 0.7603539 0.07183736 0.6678328 0.7408366 0.06890201 0.7449328 0.663572 0.02055513 0.4809072 0.8765306 0.03535401 0.6699657 0.7415499 0.03542852 0.6702299 0.7413074 0.02781158 0.4509173 0.8921324 0.03857374 0.4653538 0.8842839 -0.005879282 0.6711033 0.7413406 -0.005971729 0.6707084 0.7416971 -0.004652678 0.4719372 0.8816199 -0.006804704 0.4603298 0.887722 0.02327245 -0.5462778 -0.8372808 -0.01622486 -0.5470918 -0.8369155 0.03593349 0.4024172 0.9147509 0.01922076 0.420986 0.9068635 -0.001360774 -0.5376389 -0.8431741 0.05729299 -0.5697326 -0.8198307 -0.003990769 -0.5461284 -0.837692 -0.003992438 -0.4667958 -0.8843562 0.004373073 -0.4268761 -0.9042996 -0.003991842 -0.3916085 -0.9201233 -0.003991246 -0.3137141 -0.9495092 0.004371583 -0.2709935 -0.9625713 -0.003997862 -0.2336313 -0.9723171 -0.003996372 -0.151985 -0.9883748 0.004365742 -0.1076009 -0.9941846 -0.003997027 -0.06921112 -0.9975941 -0.003998458 0.01396703 -0.9998946 0.004368662 0.05878043 -0.9982615 -0.003990888 0.09713244 -0.9952636 -0.003990769 0.179549 -0.9837409 0.004366457 0.2235133 -0.9746912 -0.003989756 0.2607755 -0.9653913 -0.003994345 0.340146 -0.9403642 0.004365742 0.3820601 -0.9241272 -0.003998756 0.4172206 -0.9087966 -0.003998041 0.4913231 -0.8709683 0.004362046 0.5300369 -0.8479635 -0.003993153 0.5621128 -0.8270511 -0.003996789 0.6289119 -0.7774664 0.004359841 0.663321 -0.7483223 -0.003997027 0.6914399 -0.7224229 -0.003997981 0.7490943 -0.6624514 0.004356503 0.778241 -0.6279506 -0.003997981 0.8016358 -0.5977996 -0.003999233 0.8485562 -0.5290902 0.004352807 0.8716111 -0.4901788 -0.003996551 0.8896459 -0.4566336 -0.003997623 0.9245191 -0.3811151 0.004354715 0.9408334 -0.3388418 -0.003995597 0.9530384 -0.3028234 -0.003996789 0.9749101 -0.2225636 0.004350841 0.9839991 -0.1781206 -0.003994286 0.9900512 -0.1406515 -0.003995418 0.9983175 -0.05784612 0.004347622 0.9999129 -0.01246649 -0.003994524 0.9996688 0.02542418 -0.003995776 0.9940921 0.1084665 0.004343986 0.9881325 0.1535429 -0.003992855 0.9816226 0.1907913 -0.003994345 0.9623618 0.2717427 0.004345536 0.9489853 0.3152903 -0.003991484 0.9364075 0.3508921 -0.003992736 0.9039878 0.4275397 0.004342198 0.8835567 0.468304 -0.003995358 0.8652724 0.5012861 -0.003996729 0.8206106 0.5714738 0.004338145 0.7936539 0.6083542 -0.003994822 0.770205 0.6377839 -0.00399667 0.7145193 0.6996043 0.004337728 0.6817703 0.7315535 -0.003997921 0.5193258 0.8545671 0.004331886 0.5510075 0.8344891 -0.003996133 0.5886464 0.8083809 -0.003994286 0.6538072 0.7566507 0.04085659 -0.5645016 -0.8244203 0.02083015 -0.5523716 -0.8333377 0.02866417 -0.4500184 -0.8925591 0.01976174 -0.4267967 -0.9041317 0.02820539 -0.2927038 -0.9557871 0.02022916 -0.2709406 -0.9623836 0.02772796 -0.126966 -0.9915195 0.02072155 -0.1075787 -0.9939806 0.02722281 0.04242449 -0.9987288 0.02123326 0.05876779 -0.9980459 0.02668404 0.2105982 -0.9772084 0.02176952 0.2234624 -0.9744694 0.02612614 0.372727 -0.9275733 0.02233546 0.3819687 -0.9239053 0.02554661 0.5241406 -0.8512485 0.02292335 0.529904 -0.8477478 0.02494245 0.6604698 -0.7504383 0.02353775 0.6631437 -0.7481219 0.02431327 0.7778029 -0.6280379 0.02417552 0.7780211 -0.6277729 0.02365928 0.8727705 -0.4875573 0.02483594 0.8713508 -0.4900317 0.02297723 0.9426281 -0.3330531 0.02552205 0.9405355 -0.3387355 0.02227145 0.9853715 -0.168959 0.02623403 0.9836697 -0.178061 0.02154296 0.999768 0 0.02697014 0.9995586 -0.01245969 0.02078878 0.9854038 0.1689598 0.02772593 0.9877621 0.1534844 0.02000522 0.9426881 0.3330751 0.0285108 0.9486085 0.3151654 0.01920276 0.8728539 0.4876037 0.02931815 0.8831844 0.4681087 0.01837098 0.7779009 0.6281184 0.03015303 0.7933012 0.6080825 0.01752084 0.6605797 0.7505516 0.03100627 0.6814491 0.7312085 0.01663792 0.5242328 0.8514125 0.0318908 0.5507343 0.8340712 0.01979684 0.4182974 0.9080944 -0.003995001 0.4287741 0.9034029 -0.006515324 0.4223883 0.9063916 -0.02727603 -0.4916579 -0.8703613 -0.05217379 -0.4291695 -0.9017158 -0.03006178 -0.3080767 -0.9508864 -0.2393885 -0.3463435 -0.9070498 -0.352406 -0.4555667 -0.8174773 -0.04345118 -0.553759 -0.8315427 -0.04967528 -0.5609163 -0.8263808 -0.06255948 -0.5566016 -0.8284208 -0.0772922 -0.5634928 -0.8224973 -0.07599687 -0.5543957 -0.8287762 -0.1037417 -0.5594243 -0.8223639 -0.1233642 -0.5752479 -0.8086231 -0.1237012 -0.5729846 -0.810177 -0.166208 -0.5866046 -0.7926349 -0.284624 -0.3475866 -0.8934052 -0.310524 -0.2728064 -0.9105777 -0.2852632 -0.4673553 -0.8367819 -0.2852633 -0.4673554 -0.8367819 -0.08948677 -0.3079594 -0.9471818 -0.08184003 -0.2999698 -0.9504317 -0.1290758 -0.3148005 -0.9403405 -0.1290759 -0.3148005 -0.9403405 -0.1290758 -0.3148005 -0.9403405 -0.1831185 -0.3261419 -0.9274153 -0.1761167 -0.3086892 -0.9347159 -0.2192069 -0.3413835 -0.9140053 -0.2777919 -0.4768948 -0.8339083 -0.2285805 -0.4375123 -0.8696746 -0.1525065 -0.4511411 -0.8793256 -0.1333463 -0.4422135 -0.8869419 -0.09360146 -0.455363 -0.8853719 -0.1130092 -0.4596139 -0.8808997 -0.0440222 -0.4917203 -0.8696398 -0.3826815 -0.5194756 -0.7640027 -0.3583066 -0.5292953 -0.7690663 -0.1932569 -0.6272205 -0.7544841 -0.1748135 -0.6267716 -0.7593404 -0.6336738 -0.3256837 -0.7017035 -0.6445394 -0.2766624 -0.7127601 -0.6819839 -0.2956045 -0.6689664 -0.3961298 -0.2860373 -0.8725044 -0.6237553 -0.3628274 -0.6923047 -0.5629945 -0.3525397 -0.7474979 -0.5723277 -0.4009649 -0.7153099 -0.5832783 -0.8096678 -0.06499636 -0.6352179 -0.6935511 -0.3398311 -0.3284562 -0.7228201 -0.6079865 -0.1725813 -0.8170228 -0.5501723 -0.4453077 -0.6542314 -0.6112957 -0.7781893 -0.3422027 -0.5266106 -0.717648 -0.3821287 -0.582202 -0.7069197 -0.362245 -0.6074894 -0.6788957 -0.3746952 -0.6314303 -0.6756382 -0.3297337 -0.6593851 -0.6721303 -0.3361118 -0.6597498 -0.6216372 -0.3059062 -0.7211024 -0.3884441 -0.5809036 -0.7153058 -0.465942 -0.5348029 -0.7049 -0.53882 -0.4800683 -0.6922481 -0.1092587 -0.8257405 -0.5533672 -0.1709349 -0.7739202 -0.6097777 -0.1525706 -0.7499108 -0.643705 -0.6537647 -0.471843 -0.5915707 -0.5641549 -0.5663987 -0.6007677 -0.6694282 -0.4083884 -0.620552 -0.4455141 -0.6541182 -0.6112664 -0.3893569 -0.5804861 -0.7151483 -0.1181553 -0.7478544 -0.6532635 -0.2040767 -0.6767922 -0.7073225 -0.8259754 -0.2846913 -0.4865342 -0.5245743 -0.6133989 -0.5903927 -0.7770282 -0.3409265 -0.5291468 -0.7562698 -0.3556113 -0.5491782 -0.6771339 -0.4968898 -0.5427619 -0.5817241 -0.5852561 -0.5648651 -0.1799964 -0.82543 -0.535039 -0.3661711 -0.7641912 -0.5309714 -0.4747912 -0.686199 -0.5510937 -0.3419743 -0.8058069 -0.4834551 -0.2310558 -0.8277113 -0.5113778 -0.2697539 -0.8649303 -0.4232357 -0.1700032 -0.8777881 -0.4478694 -0.7920299 -0.3914036 -0.4684996 -0.761491 -0.4203361 -0.4934057 -0.5471694 -0.636075 -0.544072 -0.6562424 -0.6064128 -0.4490093 -0.4635578 -0.7242807 -0.5104231 -0.1567142 -0.9121685 -0.3786678 -0.3220105 -0.8679628 -0.3780873 -0.754342 -0.454729 -0.4734867 -0.7445414 -0.483543 -0.4602655 -0.7580269 -0.4979527 -0.4212344 -0.2115095 -0.9226994 -0.3223189 -0.148018 -0.9188603 -0.3657686 -0.3864546 -0.8712386 -0.302649 -0.3362206 -0.8832948 -0.3267204 -0.8786448 -0.4194357 -0.2281605 -0.7640381 -0.552299 -0.3334843 -0.5815385 -0.7216593 -0.3755275 -0.6759161 -0.6802434 -0.2835603 -0.5052869 -0.7805283 -0.3680502 -0.1620674 -0.8699574 -0.4657341 -0.3636742 -0.8252863 -0.4320228 -0.5604768 -0.6975571 -0.4464078 -0.4652493 -0.7258524 -0.5066373 -0.6638217 -0.6133022 -0.4280201 -0.9713487 -0.1446832 -0.188543 -0.973602 -0.1536749 -0.1687695 -0.9766569 -0.1470867 -0.1565469 -0.9772152 -0.2021279 -0.06476849 -0.1516973 -0.9602587 -0.2342886 -0.3919829 -0.8802288 -0.2674822 -0.2807998 -0.948925 -0.1438504 -0.2464369 -0.9646103 -0.09378612 -0.2561804 -0.963581 -0.07670253 -0.4073604 -0.8949097 0.1821923 -0.7810423 -0.6208363 0.06734371 -0.677462 -0.7276583 0.1075115 -0.9935868 -0.0245459 -0.1103766 -0.9889603 -0.1410559 -0.04539525 -0.9812369 -0.1684265 -0.09384447 -0.9824879 -0.1620028 -0.09204655 -0.678254 -0.6842991 -0.2677805 -0.7768915 -0.5729625 -0.2610631 -0.227721 -0.9481505 -0.2217069 -0.7617123 -0.6114877 -0.2141898 -0.5956724 -0.7759328 -0.2076122 -0.5845559 -0.7628311 -0.2763749 -0.5137968 -0.7945213 -0.3236491 -0.9794507 -0.1637037 -0.1178033 -0.9801663 -0.1604678 -0.1162936 -0.8561832 -0.5134262 -0.05782681 -0.8621656 -0.5065141 -0.01068353 -0.8573352 -0.5145528 -0.01455557 -0.8628201 -0.5046455 0.02957177 -0.8921539 -0.4473251 0.06294167 -0.9764574 -0.1610442 -0.1435123 -0.978506 -0.1533731 -0.1378507 -0.8543562 -0.5082539 -0.1084141 -0.860179 -0.5057388 -0.06573021 -0.5937957 -0.804587 0.006828486 -0.6025428 -0.7945222 0.07534438 -0.5952425 -0.8003888 0.07116508 -0.6070473 -0.7742812 0.1788358 -0.5206519 -0.8395971 0.1549139 -0.9549015 -0.1363178 -0.2637816 -0.9746898 -0.1400558 -0.1742534 -0.8510789 -0.4862946 -0.1979455 -0.8576068 -0.4906105 -0.1543118 -0.8520119 -0.4981754 -0.160926 -0.8585472 -0.4994146 -0.1161114 -0.5917406 -0.8033697 -0.0666359 -0.6006377 -0.79952 -0.001424491 -0.2587724 -0.9635972 0.0672115 -0.3744267 -0.9188119 0.124858 -0.2005321 -0.97492 0.09652984 -0.3105267 -0.9251714 0.2182459 -0.2321198 -0.9525582 0.196859 -0.2608886 -0.9651615 -0.02001708 -0.2643448 -0.9642512 -0.01848626 -0.5989424 -0.7972748 -0.07497233 -0.5893712 -0.7954563 -0.1410344 -0.5977076 -0.7903148 -0.1347146 -0.5879409 -0.7838886 -0.1996104 -0.8555701 -0.4754717 -0.2047593 -0.8433659 -0.4617482 -0.2748139 -0.8765895 -0.4156216 -0.2425892 -0.2315521 -0.9536077 0.1923955 -0.281845 -0.9462876 0.1584393 -0.2458146 -0.9665454 0.07324832 -0.9938682 -0.02384686 -0.1079698 -0.9814603 -0.1650595 -0.09742236 -0.8570198 -0.5151498 -0.0117383 -0.884823 -0.4659259 -0.00124073 -0.976828 -0.2030013 -0.06780624 -0.4026517 -0.9034772 0.1469712 -0.5161236 -0.8477557 0.1221752 -0.5961588 -0.7994899 0.07355856 -0.673586 -0.7347505 0.08014744 -0.7779021 -0.6267552 0.04523849 -0.981471 -0.1650478 -0.0973345 -0.9814696 -0.1650533 -0.09733819 -0.8512429 -0.5214532 -0.05892461 -0.8512399 -0.5214577 -0.05892735 -0.5860583 -0.8102052 -0.01016002 -0.5860641 -0.8102011 -0.01015758 -0.2938997 -0.9553036 0.0319103 -0.2636974 -0.9645767 -0.007454752 -0.9870122 -0.1488265 -0.06047821 -0.9897888 -0.1421309 -0.01081484 -0.3074612 -0.8925098 0.3299908 -0.9887266 -0.1434835 -0.04280567 -0.9904761 -0.1335241 -0.03359133 -0.8798709 -0.4527212 0.144467 -0.8680334 -0.4767164 0.1387792 -0.6298546 -0.718595 0.2947957 -0.6113796 -0.738493 0.2843295 -0.2602912 -0.8760908 0.4058492 -0.2878516 -0.8258583 0.4848706 -0.9823924 -0.165071 -0.08750319 -0.9867355 -0.1452234 -0.07254767 -0.8536167 -0.5205088 -0.02023428 -0.8665994 -0.4989687 -0.005982756 -0.5893939 -0.8064941 0.04671442 -0.6092464 -0.7903333 0.06474584 -0.2732375 -0.9565827 0.101444 -0.2517327 -0.9639731 0.08594566 -0.9939481 -0.1070554 0.02462708 -0.9927325 -0.1177542 0.02482354 -0.8812456 -0.396172 0.2577869 -0.8803226 -0.3983417 0.2575972 -0.6300259 -0.6259762 0.4595882 -0.6285359 -0.6278344 0.4590933 -0.2942233 -0.7548746 0.5861716 -0.2924256 -0.7561812 0.5853865 -0.9922912 -0.1225796 0.0182389 -0.9902566 -0.1375156 0.02194321 -0.8790124 -0.4177055 0.2299119 -0.8792145 -0.4172432 0.2299782 -0.6276822 -0.6554985 0.419925 -0.6271009 -0.6562014 0.4196953 -0.2925514 -0.7882612 0.5413482 -0.2908716 -0.7894167 0.5405693 -0.1837322 -0.6225939 0.7606704 -0.993992 -0.08288747 0.07148259 -0.9959654 -0.07447886 0.05005967 -0.9949733 -0.06896013 0.07261407 -0.3619006 -0.5711439 0.736765 -0.2976715 -0.6061049 0.7375829 -0.5738531 -0.5249874 0.6285547 -0.6335783 -0.4812732 0.6057679 -0.724839 -0.4449443 0.525959 -0.8847084 -0.3066117 0.351113 -0.9064967 -0.2635046 0.3298928 -0.8037564 -0.3869798 0.4519097 -0.993759 -0.1034983 0.04160624 -0.994441 -0.09760212 0.0395103 -0.8825798 -0.3622716 0.2996871 -0.8824884 -0.3624443 0.2997472 -0.6317323 -0.5758308 0.5189734 -0.6306197 -0.5768647 0.5191782 -0.296453 -0.696419 0.6535413 -0.2940204 -0.697601 0.6533796 -0.4675245 -0.2984163 0.8320869 -0.8911018 0.2652424 0.3682172 -0.1271326 -0.5563661 0.8211541 -0.1848533 -0.5354278 0.8241034 -0.3061125 -0.4713954 0.8270923 -0.1431973 -0.5025175 0.8526259 -0.1500309 -0.5223295 0.8394418 -0.9238128 0.231356 0.3050318 -0.9907966 0.01800346 0.1341567 -0.9672661 -0.09119915 0.2368105 -0.2999599 -0.4997748 0.8125572 -0.3066128 -0.5197282 0.7974154 -0.4918249 -0.3656828 0.79018 -0.3613627 -0.5882753 0.7234289 -0.6768859 -0.2431417 0.6947717 -0.5741882 -0.518172 0.6338815 -0.7231925 -0.3187329 0.6127006 -0.8493274 -0.1950533 0.490507 -0.80499 -0.335678 0.4891947 -0.8936064 -0.1018041 0.4371541 -0.918226 0.3920081 0.05648589 -0.7762262 0.5755103 0.2574117 -0.9721301 0.2324857 0.03022754 -0.8746069 0.4182484 0.2452168 -0.9974124 0.07109588 0.01067256 -0.99619 -0.08712583 -0.003813564 -0.9407751 0.2494798 0.2295694 -0.9464763 -0.06097388 0.3169617 -0.8499273 0.1975592 0.4884608 -0.8277267 -0.114976 0.5492261 -0.7753643 0.1920904 0.6015908 -0.6801792 -0.2529777 0.6880106 -0.6740235 0.01343017 0.7385879 -0.5342444 -0.3140981 0.7848092 -0.509212 -0.1327391 0.8503431 -0.2976393 -0.4578456 0.8377281 -0.2835646 -0.3714993 0.8840698 -0.1087953 -0.3743484 0.9208838 -0.1832836 -0.2406252 0.9531561 -0.2409207 -0.2325609 0.9422701 -0.3928765 -0.06839561 0.9170443 -0.4197587 -0.001427114 0.9076347 -0.4704103 0.04193842 0.8814508 -0.5522912 0.1801807 0.8139468 -0.5522155 0.1794772 0.8141535 -0.6173354 0.2926369 0.730247 -0.6358795 0.3605647 0.6823859 -0.6365745 0.3676581 0.6779385 -0.6855012 0.4369008 0.5824137 -0.6902878 0.5235405 0.4994079 -0.7265048 0.5731808 0.379018 -0.7111103 0.6745577 0.1982277 -0.6391751 0.7576975 0.1317184 -0.6920648 0.6750247 0.2557111 -0.6920647 0.6750246 0.255711 -0.7843954 0.5928614 0.1823163 -0.7670182 0.6195183 0.1669738 -0.7776771 0.4175049 0.4700084 -0.7730651 0.4430345 0.4539723 -0.7199936 0.2579025 0.6442791 -0.720126 0.2860531 0.632133 -0.6180655 0.08033424 0.7820112 -0.6228339 0.1096917 0.7746262 -0.481 -0.09938681 0.8710691 -0.4898399 -0.07050955 0.8689566 -0.2540171 -0.3360041 0.9069601 -0.2625328 -0.2987889 0.9174975 -0.9905748 -0.04027593 0.1309178 -0.9958192 -0.05081439 0.07590883 -0.990409 -0.08130669 0.1117113 -0.7239544 -0.2633709 0.6375938 -0.8099284 -0.2275229 0.540601 -0.8639029 -0.2217721 0.4522045 -0.9116618 -0.1665318 0.3756862 -0.9617386 -0.1173895 0.2475453 -0.2536771 -0.3471401 0.902852 -0.2056246 -0.3781621 0.902614 -0.3862617 -0.3365868 0.8587849 -0.5997228 -0.3026648 0.7407609 -0.4667981 -0.4071537 0.7850641 -0.5945499 -0.3150118 0.7397824 -0.9904371 -0.05117809 0.1281219 -0.9911292 -0.04728883 0.1242051 -0.8661333 -0.1413965 0.4793956 -0.8656862 -0.1419895 0.4800276 -0.6011236 -0.2163169 0.7693226 -0.6004064 -0.2168681 0.7697277 -0.2550567 -0.2558282 0.9324688 -0.2541813 -0.256277 0.9325847 -0.761825 0.1458972 0.6311392 -0.8656074 -0.03808122 0.4992733 -0.9900811 -0.01566535 0.1396211 -0.9965035 0.0330922 0.07671785 -0.9778397 -0.01330929 0.2089318 -0.2550743 -0.04627674 0.9658134 -0.2549758 -0.04631227 0.9658378 -0.914158 0.02174144 0.4047748 -0.8330464 -0.02801513 0.5524933 -0.6006213 -0.03911656 0.7985762 -0.6195617 -0.02993398 0.7843771 -0.4503737 -0.04322463 0.8917934 -0.9906507 -0.02962005 0.1331688 -0.99099 -0.02832192 0.1309072 -0.8663232 -0.08292049 0.4925529 -0.8651265 -0.0840432 0.4944624 -0.6013753 -0.1273367 0.7887543 -0.6001931 -0.1279839 0.7895496 -0.2553026 -0.1508669 0.9550182 -0.2545723 -0.1511401 0.95517 -0.2270445 0.4253388 0.8760924 -0.1869177 0.6125693 0.7679979 -0.1878388 0.6586999 0.7285815 -0.5521074 0.2334917 0.8004119 -0.3061016 0.1539792 0.9394639 -0.2747868 0.2715807 0.9223536 -0.3090829 0.4919122 0.8139351 -0.2551785 0.03736585 0.9661718 -0.4493365 0.08799117 0.8890188 -0.570428 0.08683031 0.8167451 -0.6135986 0.1473602 0.7757459 -0.7693791 -0.0207585 0.6384552 -0.04882043 0.930346 0.3634186 0.02580738 0.9233404 0.3831143 -0.03275948 0.7654225 0.6426939 0.07052421 0.7671536 0.6375748 0.06888592 0.7659715 0.6391733 0.06221777 0.7775442 0.6257429 0.06774234 0.8153608 0.5749763 0.0560733 0.7983944 0.5995184 0.05966615 0.7823782 0.619939 0.06827664 0.8575234 0.5098942 0.0571621 0.8440989 0.5331318 0.06109541 0.8217838 0.5665146 0.06859874 0.8945137 0.4417459 0.05793911 0.8846489 0.4626441 0.06051778 0.8647779 0.4984948 0.06277775 0.9320975 0.3567256 0.06283879 0.930641 0.360498 0.06340169 0.9289203 0.3648115 0.06420087 0.9271678 0.3691045 0.0658344 0.9248483 0.3745954 0.06633484 0.9243128 0.3758264 0.06296908 0.9214003 0.3834796 0.05415654 0.907311 0.4169579 -0.05134391 0.926053 0.3738847 0.04513788 0.9075109 0.4175962 -0.2599494 0.8658029 0.4275649 -0.04295468 0.8852732 0.4630835 -0.09064942 0.8635497 0.4960493 -0.3041352 0.8188106 0.4868789 0.2770216 0.7988956 0.5338773 -0.5408186 0.6899728 0.4810954 -0.9876731 0.1279061 0.09023225 -0.09179419 0.7944714 0.6003241 -0.1001168 0.7547473 0.6483311 -0.05029428 0.7925534 0.607725 -0.07109677 0.7875746 0.6121042 -0.06465119 0.782751 0.6189678 -0.06135946 0.7787255 0.6243571 -0.06181353 0.7794263 0.6234372 -0.06261283 0.7804327 0.622097 -0.0868681 0.8019331 0.5910645 -0.08604621 0.7938627 0.6019787 -0.07787781 0.7629228 0.6417818 -0.07805138 0.7632014 0.6414294 -0.07826071 0.7633864 0.6411837 -0.07867133 0.7637001 0.6407598 -0.07951343 0.7639923 0.6403073 -0.08026057 0.7642011 0.6399648 -0.05332648 0.7603614 0.6473075 -0.06012219 0.7778619 0.6255528 -0.06012046 0.7778624 0.6255521 -0.06012129 0.7778619 0.6255529 -0.06104111 0.7781709 0.6250794 0.03944909 0.7818207 0.6222543 0.01391202 0.7688108 0.6393251 0.01391315 0.8171594 0.5762439 0.0139141 0.8171597 0.5762434 0.01391363 0.8594459 0.5110376 0.01391559 0.8594471 0.5110353 0.0139153 0.8965392 0.4427459 0.01391398 0.8965384 0.4427474 0.01391321 0.9286784 0.3706251 -0.01136058 0.9222572 0.3864099 -0.006565272 0.7817286 0.6235843 -0.03775745 0.7692434 0.6378393 -0.03775817 0.8166558 0.5758885 -0.03775691 0.8166572 0.5758868 -0.03775727 0.8589175 0.5107202 -0.03776037 0.8589148 0.5107245 -0.03776037 0.8959859 0.4424746 -0.03775751 0.8959876 0.4424711 -0.0377559 0.9280474 0.3705436 -0.06381171 0.9150977 0.398151 -0.05495136 0.9219542 0.3833809 -0.03033894 0.67045 0.7413342 -0.05247336 0.6838113 0.7277696 -0.08681744 0.6170595 0.7821127 -0.08629214 0.4803672 0.8728122 -0.08852922 0.4679062 0.8793329 -0.08201318 0.3682827 0.9260895 -0.04184806 0.4706936 0.8813039 -0.04193669 0.4702613 0.8815304 -0.04760062 0.66677 0.7437419 -0.09471726 0.6763579 0.7304579 -0.08878445 0.7117373 0.6968123 -0.09664773 -0.9659939 0.2398233 -0.08693087 -0.9713689 0.2211008 -0.109297 -0.9862741 0.1237648 -0.09908533 -0.9886152 0.1132352 -0.0892986 -0.9959742 0.007827162 -0.1119784 -0.9928486 -0.04138326 -0.1062238 -0.992924 -0.05309009 -0.08386623 -0.9899011 -0.1142906 -0.1044766 -0.9730639 -0.2055028 -0.0918805 -0.9699174 -0.2254292 -0.08903509 -0.949441 -0.301056 -0.09891927 -0.9260804 -0.3641293 -0.1001143 -0.9267168 -0.3621781 -0.09319216 -0.8534112 -0.5128398 -0.08544546 -0.8828622 -0.4617939 -0.08686065 -0.9044153 -0.417718 -0.1530541 -0.7509751 -0.6423481 -0.1761924 -0.739061 -0.6501886 0.04938429 -0.849268 -0.5256474 -0.04258131 -0.5576246 -0.8290004 -0.02858763 -0.4342297 -0.9003485 -0.04759436 -0.5844839 -0.8100083 -0.05104249 -0.5973668 -0.8003422 -0.05533587 -0.6079236 -0.792065 -0.0626524 -0.6215335 -0.7808783 -0.07795768 -0.6379959 -0.7660835 -0.08029669 -0.6396368 -0.7644719 -0.0543887 -0.6821434 -0.729193 -0.05678081 -0.7400947 -0.6701014 -0.08228021 0.3790041 0.9217298 -0.08108997 0.6229344 0.77806 -0.0810905 0.7432567 0.6640737 -0.08109432 0.7432613 0.6640681 -0.08109384 0.8430302 0.531718 -0.08109432 0.8430318 0.5317153 -0.08109474 0.9194877 0.3846637 -0.08109468 0.9194883 0.3846622 -0.08109444 0.9705185 0.2269753 -0.08109623 0.9705197 0.2269693 -0.08109652 0.9947133 0.06299865 -0.08109366 0.9947131 0.06300604 -0.08109372 0.991401 -0.1027032 -0.08109384 0.9914008 -0.1027045 -0.08109331 0.9606709 -0.2655851 -0.08109503 0.9606698 -0.2655885 -0.08109647 0.9033794 -0.4211045 -0.08109498 0.9033794 -0.421105 -0.08109438 0.8211024 -0.5649908 -0.08109235 0.8211066 -0.564985 -0.08109128 0.7161259 -0.6932445 -0.08109277 0.7161256 -0.6932446 -0.08109319 0.5913431 -0.8023324 -0.08109456 0.5913406 -0.8023343 -0.08109533 0.4502004 -0.8892374 -0.08109527 0.4502032 -0.8892361 -0.08109158 0.2966226 -0.9515458 -0.08109134 0.2966252 -0.951545 -0.08109158 0.13484 -0.9875436 -0.08109343 0.1348303 -0.9875448 -0.08109611 -0.03068792 -0.9962338 -0.08109486 -0.0306881 -0.9962339 -0.08109647 -0.195344 -0.9773762 -0.08109265 -0.1953386 -0.9773775 -0.08109354 -0.354619 -0.9314876 -0.08109545 -0.3546189 -0.9314876 -0.08109545 -0.5040779 -0.8598425 -0.08108848 -0.5040752 -0.8598447 -0.08109319 -0.6395956 -0.7644224 -0.08109241 -0.6395972 -0.764421 -0.08109307 -0.7574252 -0.6478666 -0.08109587 -0.7574283 -0.6478625 -0.08136504 -0.8175374 -0.5700985 -0.08953434 -0.8491929 -0.5204374 -0.08133769 0.3840547 0.9197208 -0.08109313 0.4853913 0.8705282 -0.08109217 0.4853901 0.8705289 -0.03654348 -0.5467981 -0.8364667 -0.04891175 -0.5051385 -0.8616512 -0.03911358 -0.4664417 -0.8836869 -0.0391041 -0.391312 -0.9194269 -0.0489099 -0.3553651 -0.9334471 -0.03911554 -0.3134772 -0.9487898 -0.03910261 -0.2334544 -0.9715812 -0.04890596 -0.1957548 -0.9794327 -0.03911685 -0.1518703 -0.9876261 -0.03910416 -0.06915849 -0.996839 -0.04890686 -0.03075253 -0.9983299 -0.03911393 0.01395642 -0.9991374 -0.03910613 0.09705895 -0.9945101 -0.0489062 0.1351237 -0.9896211 -0.03911751 0.179413 -0.9829959 -0.03910607 0.2605782 -0.9646604 -0.0489062 0.2972465 -0.9535475 -0.03911817 0.3398882 -0.939652 -0.03910458 0.4169048 -0.9081087 -0.0488975 0.4511479 -0.8911086 -0.03911542 0.4909487 -0.87031 -0.03910452 0.5616871 -0.8264253 -0.0488938 0.5925883 -0.8040202 -0.03911662 0.6284323 -0.7768801 -0.03910654 0.6909189 -0.7218738 -0.04889279 0.7176336 -0.6947026 -0.03911972 0.7485264 -0.6619502 -0.03910952 0.8010275 -0.5973487 -0.0488913 0.8228312 -0.566179 -0.03911584 0.8479162 -0.5286855 -0.03910464 0.8889722 -0.4562885 -0.04888606 0.9052805 -0.4219921 -0.03911954 0.9238209 -0.3808211 -0.03910732 0.9523167 -0.3025947 -0.04888319 0.962693 -0.2661442 -0.03911471 0.9741725 -0.2223919 -0.03910273 0.9893022 -0.140542 -0.04888296 0.9934878 -0.1029193 -0.03911769 0.9975613 -0.05780434 -0.03910529 0.9989122 0.02540373 -0.04888075 0.9968075 0.06313157 -0.03911405 0.9933398 0.1083801 -0.0391013 0.98088 0.1906455 -0.04887801 0.9725613 0.2274543 -0.03912019 0.9616321 0.2715391 -0.03910726 0.9356985 0.3506268 -0.04887712 0.9214252 0.3854694 -0.03911864 0.9033043 0.4272131 -0.03910487 0.8646193 0.5009037 -0.04886943 0.8448052 0.5328379 -0.03911519 0.8199858 0.5710459 -0.03910297 0.7696235 0.6372995 -0.048868 0.7448211 0.6654724 -0.03912109 0.7139788 0.6990736 -0.08109319 0.6229358 0.7780585 -0.04886597 0.6242491 0.7796956 -0.03910821 0.6533112 0.7560788 -0.03989899 0.3832077 0.9228001 -0.03337907 0.4221609 0.9059063 -0.04885965 0.4864146 0.872361 -0.03910565 0.5189326 0.8539202 -0.03911864 0.588197 0.8077711 -0.1231424 -0.9923831 0.003461956 -0.1120033 -0.9928766 0.04063647 -0.1260128 -0.9884257 0.08447241 -0.07861649 -0.980282 0.1812918 -0.09827786 -0.973335 0.2072696 -0.1261637 -0.8445466 0.5204074 -0.1436412 -0.9188451 0.3675473 -0.1133161 -0.901428 0.4178363 -0.1311178 -0.9818307 0.1371736 -0.1203796 -0.9863058 0.1127368 -0.127535 -0.777987 0.6152002 -0.1472129 -0.7923489 0.5920402 -0.126189 -0.811704 0.5702745 -0.1291339 -0.3534089 0.9265131 -0.1064238 -0.2612001 0.9594001 -0.1462924 -0.5011649 0.8528965 -0.1282864 -0.478982 0.8684002 -0.1111842 -0.4364729 0.8928211 -0.1222113 -0.3820261 0.9160353 -0.1060241 -0.3602199 0.9268229 -0.1063333 -0.2613533 0.9593685 -0.1688894 -0.5161651 0.8396726 -0.1555815 -0.5087337 0.8467494 -0.1265707 -0.5564609 0.8211768 -0.1360884 -0.6282412 0.7660242 -0.1397849 -0.6264303 0.7668412 -0.1176505 -0.7234942 0.6802312 -0.1273467 -0.7186894 0.6835704 -0.07266402 -0.04732793 0.9962329 -0.09099519 -0.03041076 0.995387 -0.1052591 -0.05099272 0.9931366 -0.1099032 -0.001382172 0.9939414 -0.106674 -0.07801806 0.9912285 -0.1069003 -0.1536184 0.9823308 -0.1064385 -0.1542141 0.9822876 -0.0904929 0.7163485 0.6918497 -0.09463226 0.5525782 0.8280713 -0.1158322 0.5197986 0.8463997 -0.1078744 0.682863 0.7225381 -0.1021036 0.7159748 0.6906192 -0.1028773 0.7292993 0.6764163 -0.08017832 0.6636783 0.7437087 -0.1205651 0.519613 0.8458526 -0.08688145 0.4281005 0.8995452 -0.1083849 0.1621766 0.9807913 -0.0816577 0.1500676 0.9852979 -0.1135157 0.1440089 0.9830441 -0.1104499 0.1587251 0.9811255 -0.1245698 0.3078632 0.9432405 -0.1249051 0.3806089 0.9162617 1 8.31243e-7 0 1 2.48562e-7 0 1 5.40892e-6 0 1 -1.91433e-6 0 1 2.02246e-6 0 1 -1.93082e-6 0 1 -9.52947e-7 0 1 -1.00149e-6 0 1 -5.08887e-7 0 1 1.0376e-5 0 1 -9.38298e-6 0 1 1.21159e-5 0 1 -9.38527e-6 0 1 -8.56898e-6 0 1 -5.09372e-6 0 1 -2.23194e-6 0 1 4.6996e-6 0 1 -3.02605e-6 0 1 9.39991e-6 0 1 -4.27248e-6 0 1 -9.90295e-6 0 1 1.28156e-5 0 1 2.37662e-7 0 1 -2.48964e-7 0 1 6.78586e-7 0 1 -1.22646e-6 0 1 -9.53693e-7 0 1 -1.23662e-6 0 1 -2.44784e-7 0 1 -2.60425e-6 0 1 1.29274e-6 0 1 -9.40778e-7 0 1 6.63982e-7 0 1 3.14564e-7 0 1 -1.69719e-7 0 1 -2.45768e-6 0 1 2.33095e-6 0 1 2.24992e-6 0 1 -9.28985e-7 0 1 -3.81953e-6 0 1 8.96568e-6 0 1 3.39419e-7 0 1 -1.8872e-6 0 1 1.33809e-6 0 1 1.27624e-6 0 1 -2.9533e-6 0 1 1.45333e-6 0 1 -1.25772e-6 0 0.4712522 0.07283556 0.878986 0.1770333 0.1205554 0.9767935 0.1770334 0.1205554 0.9767935 0.1770334 0.1205553 0.9767935 0.176745 0.1946007 0.9648274 0.4631004 0.2175741 0.8591854 0.1767183 0.2736149 0.9454659 0.1765159 0.3815408 0.9073417 0.3663549 0.3737661 0.8521052 0.1768999 0.4551364 0.8726725 0.1763234 0.5383659 0.8240585 0.1761502 0.5383977 0.8240748 0.1766972 0.6186951 0.7655028 0.3910756 0.6233499 0.6771225 0.1765735 0.6798337 0.7117921 0.176705 0.7578556 0.6280367 0.4548045 0.702796 0.5470198 0.1766771 0.8071277 0.5633206 0.1761643 0.8657193 0.4685045 0.1763349 0.8656913 0.4684919 0.4684665 0.8714325 0.1454117 0.1767569 0.9623708 0.2063966 0.1762942 0.9310033 0.3196142 0.2256796 0.9223786 0.3135067 0.1769101 0.9025797 0.3924954 0.1763034 0.970911 -0.1620153 0.1768605 0.9817954 -0.0692687 0.3375306 0.9413146 0 0.1764428 0.9842371 0.01205742 0.1766974 0.9761366 0.1262359 0.4120364 0.8617966 -0.2958593 0.1768329 0.9487215 -0.2620262 0.1762882 0.9709148 -0.1620092 0.1768405 0.7200426 -0.6710188 0.1762684 0.7767849 -0.6045948 0.176467 0.7767527 -0.6045781 0.176467 0.7767527 -0.6045781 0.176467 0.7767527 -0.6045782 0.1766822 0.8385096 -0.5154467 0.4436848 0.7881706 -0.4265338 0.1765858 0.8782322 -0.4444387 0.1765429 0.9238978 -0.3394781 0.2734392 0.647127 -0.7116584 0.1762185 0.666684 -0.7242097 0.1766862 0.5731611 -0.8001677 0.4712182 0.4824188 -0.7383939 0.176644 0.505133 -0.8447707 0.1764532 0.4036585 -0.8977327 0.3043373 0.3826398 -0.8723335 0.1768859 0.3281718 -0.9279088 0.1762693 0.2416372 -0.9542225 0.1764079 0.2416297 -0.9541988 0.1768872 0.1381757 -0.9744837 0.4295615 0.07457208 -0.8999533 0.1766675 0.05722641 -0.9826056 0.1766675 -0.05722612 -0.9826056 0.4295625 -0.0745722 -0.8999528 0.1769078 -0.1381732 -0.9744803 0.176376 -0.2416325 -0.954204 0.1763098 -0.2416367 -0.9542152 0.4712392 -0.4824151 -0.7383829 0.1766756 -0.5051289 -0.8447667 0.1763778 -0.3954045 -0.9014135 0.3191314 -0.3886456 -0.8643552 0.1768972 -0.3281694 -0.9279075 0.1762857 -0.7767822 -0.6045932 0.1768692 -0.7200192 -0.6710363 0.266575 -0.6527758 -0.7090991 0.1763572 -0.6622153 -0.7282644 0.176686 -0.5731603 -0.8001685 0.4437136 -0.7881582 -0.4265266 0.1768033 -0.8384979 -0.5154241 0.1762431 -0.7767812 -0.6046068 0.1768407 -0.9817989 -0.06927031 0.1762813 -0.9709151 -0.1620149 0.1762611 -0.9709188 -0.1620149 0.1768073 -0.9487262 -0.2620267 0.4119797 -0.8618211 -0.2958669 0.1765433 -0.9238997 -0.339473 0.1765857 -0.878232 -0.4444392 0.362939 -0.9317431 0.01141434 0.1762611 -0.9843435 0 0.1766737 -0.9761419 0.1262284 0.4684953 -0.8714167 0.1454141 0.1767345 -0.9623724 0.2064085 0.1763088 -0.9319754 0.3167602 0.2239499 -0.9217931 0.3164553 0.176919 -0.9025706 0.3925127 0.1763356 -0.8656951 0.4684848 0.1762959 -0.865697 0.4684959 0.1767891 -0.8071064 0.563316 0.4548451 -0.7027817 0.5470044 0.1766925 -0.7578579 0.6280376 0.1765715 -0.6798304 0.7117957 0.3910524 -0.623354 0.6771321 0.1767677 -0.6186985 0.7654837 0.1762174 -0.5383786 0.8240728 0.1763118 -0.538381 0.8240511 0.1767721 0.03948819 0.9834594 0.1763479 -0.08129054 0.9809656 0.176238 -0.08128851 0.9809854 0.176745 -0.1946007 0.9648274 0.4631007 -0.2175742 0.8591852 0.1766907 -0.2736157 0.9454708 0.1762981 -0.3954042 0.9014292 0.4043839 -0.3545213 0.8430827 0.1768603 -0.4551411 0.8726782 0.9849253 0.001790702 0.1729707 0.9443269 0.01688963 0.3285748 -0.033782 0.08252388 0.9960165 -0.033782 0.08252388 0.9960165 -0.033782 0.08252382 0.9960165 0.9516351 0.03789454 0.3048847 0.9788439 0.03752863 0.201138 0.9750669 -0.01832562 0.2211536 0.9850845 -0.002873301 0.1720476 0.9850891 7.29188e-4 0.1720435 0.9725126 -0.09353905 0.2132366 0.9887378 -0.04647302 0.1422604 0.9655365 -0.06389755 0.2523022 0.9874488 -0.03181266 0.1547023 0.9803099 -0.01772791 0.1966679 0.9701118 -0.1643485 0.1785296 0.9889132 -0.09039902 0.1178088 0.9668101 -0.1397455 0.2138914 0.9866173 -0.08405953 0.1397151 0.9827339 -0.07690358 0.1682857 0.9680162 -0.2206497 0.1194094 0.9889584 -0.1241599 0.08090549 0.9685947 -0.1962221 0.152713 0.985508 -0.1307751 0.1080368 0.9845234 -0.1216742 0.1261314 0.9663602 -0.2536851 0.04233217 0.988873 -0.1445441 0.03517782 0.9707956 -0.2269122 0.07789033 0.9840424 -0.1670428 0.06129795 0.9858718 -0.1497464 0.07505261 0.9652822 -0.2576473 -0.0429933 0.9886612 -0.1494128 -0.0149973 0.973263 -0.2296939 0 0.9820837 -0.1884298 0.002429604 0.9868902 -0.1601173 0.02025282 0.9763283 -0.1706883 -0.1328479 0.9882115 -0.1303782 -0.08024835 0.9648716 -0.2310573 -0.1250416 0.9883005 -0.1380684 -0.06480187 0.9758312 -0.2066883 -0.07094824 0.9794265 -0.1911775 -0.06461524 0.9876518 -0.1531257 -0.0331121 0.9737548 -0.1244908 -0.1905354 0.9886034 -0.09469032 -0.117035 0.9651442 -0.1772633 -0.192547 0.9877736 -0.1110922 -0.1093707 0.9788037 -0.1611981 -0.1263269 0.9712644 -0.05842959 -0.2307192 0.9888431 -0.04989117 -0.1403575 0.9661031 -0.1037092 -0.2364088 0.9870546 -0.07040196 -0.144107 0.9816279 -0.1025426 -0.1609092 0.9690031 0.02040016 -0.2462052 0.9889518 -4.09237e-4 -0.1482371 0.967647 -0.02083474 -0.2514461 0.9860936 -0.01918292 -0.1650798 0.9837085 -0.04074072 -0.1750944 0.9670967 0.1022036 -0.2329775 0.9889325 0.04891318 -0.1400713 0.9696843 0.05999225 -0.2368826 0.9848173 0.03840237 -0.1692929 0.9852576 0.01880538 -0.1700409 0.9657261 0.1758036 -0.1909619 0.988781 0.09330838 -0.1166441 0.9720227 0.1284802 -0.1966341 0.9831193 0.09747099 -0.1548415 0.9864216 0.07127392 -0.1479611 0.9649795 0.2307106 -0.1248483 0.9884949 0.128369 -0.07999587 0.9745588 0.1768705 -0.137667 0.980836 0.1526884 -0.1210247 0.9873028 0.1125797 -0.1120676 0.9750223 0.2221075 0 0.9884294 0.1508378 -0.01598221 0.964913 0.258989 -0.04321831 0.9880518 0.1504583 -0.03340721 0.9771375 0.2010911 -0.06902676 0.9777114 0.1985254 -0.06832253 0.9879599 0.1396857 -0.06650841 0.9724602 0.2204423 0.07567363 0.9887394 0.1455972 0.03458452 0.9655387 0.2567102 0.04283624 0.9874381 0.1568648 0.01896017 0.9803506 0.1972579 0.001450061 0.9700704 0.1916283 0.1491379 0.9889138 0.1248549 0.08038032 0.96682 0.2246692 0.1215848 0.9865977 0.1462802 0.07230037 0.9827573 0.1739336 0.06273013 0.9679806 0.137302 0.2101472 0.9889563 0.09087389 0.1170793 0.9686257 0.1683265 0.1828401 0.9854864 0.1185297 0.121521 0.984544 0.1356417 0.1107904 0.9890907 0.04191654 0.1412187 0.9868953 0.03337943 0.1578716 0.9663277 0.06317377 0.2494391 0.9888709 0.04698055 0.1411643 0.9708352 0.09630966 0.2195532 0.9840137 0.07491821 0.1615685 0.9858894 0.08707964 0.142966 0.540764 0.06946492 0.8383013 0.5408201 0.06946551 0.838265 0.5408248 0.2064914 0.8153955 0.5408197 0.206485 0.8154006 0.5407965 0.3378876 0.7703061 0.5408025 0.3378849 0.7703028 0.5407918 0.4600664 0.7041897 0.5408871 0.4600338 0.7041378 0.5409097 0.5696529 0.6187992 0.5407868 0.5696965 0.6188665 0.5407723 0.6638025 0.5166543 0.5408747 0.6637439 0.5166223 0.5408706 0.7397353 0.4003136 0.5408329 0.73975 0.4003372 0.5408283 0.7955591 0.2731128 0.5408758 0.7955287 0.2731071 0.5408738 0.829633 0.138437 0.5408561 0.8296437 0.1384422 0.540841 0.8411249 0 0.5408526 0.8411174 0 0.5408359 0.829658 -0.1384345 0.5408789 0.829629 -0.1384407 0.5408681 0.7955344 -0.2731058 0.5408357 0.7955535 -0.2731142 0.5408319 0.7397525 -0.4003338 0.5408361 0.7397502 -0.4003325 0.5408523 0.6637619 -0.5166227 0.5407781 0.6637929 -0.5166605 0.5408453 0.5696803 -0.6188303 0.5407872 0.569697 -0.6188656 0.5408384 0.460054 -0.704162 0.5407904 0.4600678 -0.7041898 0.540748 0.3379053 -0.7703322 0.5409156 0.3378505 -0.7702385 0.5408741 0.206473 -0.8153675 0.5407543 0.2065033 -0.8154393 0.5407481 0.06946295 -0.8383117 0.5408205 0.06945699 -0.8382654 0.5408127 -0.06945961 -0.8382702 0.5407571 -0.06946057 -0.8383062 0.5407455 -0.2064958 -0.815447 0.5406019 -0.2065134 -0.8155378 0.540602 -0.2065134 -0.8155378 0.5406019 -0.2065134 -0.8155378 0.5408768 -0.3378728 -0.7702559 0.5408211 -0.3378767 -0.7702935 0.5408086 -0.4600671 -0.7041764 0.5407904 -0.4600678 -0.7041898 0.5407834 -0.569699 -0.6188672 0.5408204 -0.569684 -0.6188486 0.5408014 -0.6637941 -0.5166347 0.5408093 -0.6637753 -0.5166503 0.5407944 -0.7397745 -0.4003438 0.5407919 -0.7397717 -0.4003524 0.5407882 -0.7955833 -0.2731218 0.5408524 -0.7955446 -0.2731072 0.5408526 -0.8296464 -0.1384392 0.5408294 -0.8296605 -0.1384448 0.5408341 -0.8411293 0 0.5408354 -0.8411285 0 0.5408337 -0.8296581 0.1384431 0.5408598 -0.8296408 0.1384453 0.5408442 -0.7955492 0.2731101 0.5407881 -0.7955838 0.2731207 0.5407865 -0.7397791 0.400346 0.5408356 -0.7397494 0.4003347 0.5408415 -0.6637651 0.5166298 0.5408416 -0.6637591 0.5166376 0.5408245 -0.5696935 0.6188362 0.5408685 -0.5696628 0.6188259 0.5405758 -0.4601532 0.7042988 0.5405758 -0.4601533 0.7042989 0.5405758 -0.4601532 0.7042988 0.5408066 -0.4600622 0.7041811 0.5408132 -0.3378895 0.7702934 0.5408037 -0.3378857 0.7703017 0.5408248 -0.2064886 0.8153963 0.5408039 -0.2064905 0.8154097 0.540829 -0.06946301 0.8382596 0.5407726 -0.06946671 0.8382956 0.8447228 0.04420137 0.5333759 0.8446965 0.04419982 0.5334177 0.8446956 0.1313983 0.5188679 0.8447209 0.1313848 0.5188303 0.8447131 0.2150005 0.4901373 0.8446854 0.2150043 0.4901834 0.8446897 0.2927611 0.4480962 0.8446964 0.2927513 0.4480903 0.8447064 0.3625012 0.3937816 0.8447104 0.3624939 0.3937798 0.8447193 0.4223597 0.3287274 0.8447069 0.422365 0.3287526 0.8446984 0.4707352 0.2547414 0.8447068 0.4707177 0.2547457 0.8446931 0.5062507 0.1737926 0.8447117 0.5062216 0.1737871 0.8446983 0.5279436 0.08809357 0.8446734 0.5279806 0.08810991 0.8446711 0.5352858 0 0.8446751 0.5352795 0 0.8446692 0.5279887 -0.08810299 0.8447114 0.5279216 -0.08810007 0.8447 0.5062413 -0.1737865 0.8446965 0.5062447 -0.1737939 0.8446964 0.4707354 -0.2547476 0.8447022 0.4707266 -0.2547444 0.8447127 0.4223678 -0.3287338 0.8447358 0.4223334 -0.328719 0.8447344 0.3624684 -0.393752 0.8447201 0.3624898 -0.3937628 0.8446968 0.2927557 -0.4480865 0.84475 0.2927002 -0.4480225 0.8447207 0.2149909 -0.4901285 0.8446976 0.2150015 -0.4901637 0.8446695 0.1314113 -0.5189071 0.8446941 0.131395 -0.5188711 0.8446969 0.04419875 -0.5334171 0.8447229 0.0441935 -0.5333762 0.8447229 -0.04419499 -0.533376 0.8446969 -0.04419553 -0.5334172 0.8447087 -0.1313961 -0.5188472 0.8446683 -0.1314053 -0.5189105 0.8446696 -0.2150243 -0.4902018 0.8447381 -0.2149766 -0.4901049 0.8447222 -0.2927329 -0.4480534 0.8447109 -0.2927346 -0.4480739 0.8447058 -0.3625066 -0.393778 0.8447368 -0.3624657 -0.3937492 0.8447147 -0.4223687 -0.3287274 0.8447202 -0.4223486 -0.3287393 0.8447043 -0.4707258 -0.2547389 0.8447199 -0.4706994 -0.2547361 0.8447164 -0.506217 -0.1737776 0.8447081 -0.5062264 -0.1737905 0.8446982 -0.5279435 -0.08809518 0.8447017 -0.5279371 -0.08809959 0.8446965 -0.5352458 0 0.844699 -0.5352418 0 0.8446934 -0.5279505 0.0880984 0.8447083 -0.5279269 0.08809775 0.8447 -0.5062413 0.1737858 0.8447164 -0.5062152 0.1737829 0.8447154 -0.4707078 0.2547354 0.844712 -0.4707129 0.2547373 0.8447057 -0.4223756 0.3287418 0.844707 -0.422365 0.3287519 0.8446992 -0.3625136 0.3937859 0.8446974 -0.3625081 0.3937948 0.8447027 -0.2927498 0.4480793 0.8446829 -0.2927626 0.448108 0.8446894 -0.2150119 0.4901732 0.8447115 -0.2149932 0.4901432 0.8447221 -0.1313883 0.5188274 0.8446948 -0.1313951 0.5188701 0.8446967 -0.04420298 0.533417 0.8447231 -0.04419785 0.5333756 -1 -4.86737e-7 0 -1 4.8673e-7 0 -1 0 0 -1 0 0 -1 2.43366e-7 0 -1 -2.43366e-7 0 -1 -4.86731e-7 0 -1 2.43369e-7 0 -0.348599 0.1147891 0.9302163 -0.4048837 0.1061533 0.9081854 0 0.1977108 0.9802604 0 0.2779886 0.9605845 -0.4312654 0.3085802 0.847814 -0.2594317 0.5282247 0.8085011 -0.2185062 0.5362305 0.8152987 0 0.4624305 0.8866556 0 0.3876293 0.9218155 0 0.62858 0.777745 0 0.6906819 0.7231587 -0.4362407 0.6545198 0.6174933 -0.03806477 0.878832 0.4756106 -0.3553234 0.8095137 0.467368 0 0.8200274 0.5723243 0 0.7699652 0.638086 0 0.917079 0.3987058 0 0.9468056 0.3218064 -0.3901056 0.8820886 0.2640783 0 0.9999251 0.01224833 -0.4242199 0.9040272 0.05265486 0 0.9917415 0.1282531 0 0.9777664 0.209697 -0.4391886 0.8249201 -0.3558374 0 0.9975209 -0.07037121 -0.1659523 0.9726848 -0.1623091 -0.2825569 0.944678 -0.1665685 0 0.9639123 -0.2662201 0 0.9386388 -0.3449022 -0.07850801 0.7867088 -0.6123119 -0.3339188 0.7560825 -0.5628833 0 0.8519138 -0.523682 0 0.892251 -0.4515398 0 0.7315619 -0.681775 0 0.672757 -0.7398636 -0.4037061 0.5880853 -0.7008404 0 0.410083 -0.9120483 -0.4151036 0.4083086 -0.8130025 0 0.5131982 -0.8582701 0 0.5823255 -0.8129557 -0.4401519 0 -0.8979234 0 0.3334228 -0.9427775 -0.1213651 0.2436664 -0.9622356 -0.3097866 0.2192751 -0.9251761 0 0.1403867 -0.9900968 0 0.05814069 -0.9983084 -0.1214034 -0.2436658 -0.9622309 -0.3097388 -0.2192777 -0.9251915 0 -0.1403856 -0.9900969 0 -0.05814093 -0.9983085 0 -0.3334228 -0.9427775 0 -0.4100853 -0.9120473 -0.4150743 -0.4083153 -0.8130143 0 -0.6727579 -0.7398627 -0.4036962 -0.5880877 -0.7008439 0 -0.5823267 -0.8129549 0 -0.5131941 -0.8582726 0 -0.7315537 -0.6817838 -0.07850778 -0.7867062 -0.6123153 -0.3339706 -0.7560685 -0.5628715 0 -0.8519191 -0.5236734 0 -0.8922525 -0.451537 -0.4392068 -0.8249139 -0.3558291 -0.1659616 -0.9726829 -0.1623108 -0.2825689 -0.9446739 -0.1665716 0 -0.963912 -0.2662212 0 -0.9386406 -0.3448971 0 -0.9975204 -0.07037937 0 -0.999925 0.0122497 -0.424206 -0.9040338 0.05265331 0 -0.9468066 0.3218032 -0.3900594 -0.8821071 0.2640846 0 -0.9777638 0.2097094 0 -0.9917424 0.1282466 0 -0.9170401 0.3987954 -0.03804552 -0.8788364 0.4756041 -0.3553627 -0.8095001 0.4673616 0 -0.8200228 0.572331 0 -0.7699666 0.6380843 -0.4362496 -0.6545145 0.6174926 -0.2122125 -0.5344933 0.818097 -0.2521267 -0.5317589 0.8084954 0 -0.6285907 0.7777363 0 -0.6906792 0.7231613 0 -0.4624319 0.8866549 0 -0.3876315 0.9218145 -0.4312719 -0.3085803 0.8478106 0 -0.2779886 0.9605845 0 -0.1977108 0.9802604 -0.373938 -0.1076731 0.9211823 0 -0.0825845 0.9965841 0 0.04011946 0.999195 0 0.195089 -0.9807856 0 0.1950891 -0.9807855 0 0.5555767 -0.8314653 0 0.5555759 -0.8314658 0 0.8314672 -0.5555738 0 0.831467 -0.5555741 0 0.9807856 -0.1950892 0 0.9807857 -0.195088 0 0.9807854 0.1950904 0 0.9807851 0.1950916 0 0.8314737 0.5555643 0 0.5555698 0.8314699 0 0.5555702 0.8314697 0 0.1950892 0.9807856 0 0.1950889 0.9807856 0 -0.195089 0.9807856 0 -0.1950889 0.9807856 0 -0.5555704 0.8314695 0 -0.5555691 0.8314704 0 -0.8314737 0.5555643 0 -0.9807854 0.1950904 0 -0.9807848 0.1950927 0 -0.9807853 -0.1950904 0 -0.9807857 -0.195088 0 -0.8314672 -0.5555738 0 -0.831467 -0.5555741 0 -0.5555756 -0.8314661 0 -0.5555765 -0.8314654 0 -0.195089 -0.9807856 0 -0.1950889 -0.9807856 -1 -1.47038e-7 0 -1 -4.98456e-7 0 -1 1.00396e-6 0 -1 -2.93812e-7 0 -1 2.1755e-7 0 -1 1.47038e-7 0 -1 0 0 -1 0 0 -1 4.38873e-7 0 -1 -4.40445e-7 0 -1 -1.26187e-7 0 -1 0 0 -1 0 0 -1 2.93416e-7 0 -1 2.93812e-7 0 -1 4.40445e-7 0 -1 -4.38874e-7 0 -1 -5.82053e-7 0 -1 9.96908e-7 0 -1 -2.93416e-7 0 0.9975634 0.006079375 -0.06950026 0.9977598 0.01245027 -0.06573081 0.9976794 0.0104925 -0.06727498 0.9980689 0.01683342 -0.05979245 0.9979565 0.01564991 -0.06195044 0.9978523 0.0141707 -0.06395488 0.9975296 -0.003703117 -0.07015097 0.997927 0.03803354 -0.05191665 0.99793 0.03800189 -0.05188071 0.9979269 0.03803384 -0.05191653 0.9954395 0.0199691 -0.0932818 0.995014 0.01091361 -0.09913659 0.9950752 0.01594966 -0.09783142 0.9944267 6.20316e-4 -0.1054291 0.9908605 0.001981616 -0.1348769 0.9874228 0.01401931 -0.1574795 0.9882587 0.0118851 -0.1523268 0.9888628 0.006510555 -0.148688 0.9908417 0.004563927 -0.1349523 0.990626 0.02112382 -0.1349593 0.994616 -0.01042205 -0.1031046 0.9940026 0.00166583 -0.1093435 0.99424 -0.006645262 -0.1069711 0.9917649 -0.01349854 -0.1273583 0.9958516 -0.02451163 -0.08762902 0.9951758 -0.01592314 -0.09680682 0.9960507 -0.02098858 -0.08626997 0.9959312 -0.02993839 -0.0849986 0.9977598 -0.01245045 -0.06573081 0.9976794 -0.0104925 -0.0672748 0.9951569 -0.02217674 -0.09576582 0.9976139 -0.008368253 -0.06853169 0.9964299 -0.02806234 -0.07962489 0.9963474 -0.03215789 -0.07910561 0.9978523 -0.0141707 -0.06395488 0.997202 -0.03400045 -0.06657451 0.997202 -0.03400045 -0.06657451 0.997202 -0.03400045 -0.06657445 0.9980548 -0.01676285 -0.06004732 0.9972922 -0.03552395 -0.06439256 0.9980771 -0.01689279 -0.0596382 0.9972886 -0.03143966 -0.0665369 0.9980689 -0.01683342 -0.05979239 0.9981481 -0.01716303 -0.0583592 0.99826 -0.01760387 -0.05627667 0.9983099 -0.02468919 -0.05261158 0.9982178 -0.02450299 -0.05441403 0.9865992 -0.006701767 -0.163025 0.9977454 0.03957551 -0.05420404 0.9975199 0.03907859 -0.05854129 0.997279 0.04104745 -0.0612362 0.9976139 0.00836873 -0.06853163 0.9955107 0.02047193 -0.09240913 0.9957931 0.02489382 -0.0881837 0.9958218 0.02691888 -0.08726143 0.9960451 0.02901417 -0.08397942 0.9961627 0.0330407 -0.0810461 0.9962253 0.03337836 -0.08013135 0.9964276 0.03690868 -0.07596015 0.9964492 0.03709828 -0.07558363 0.9965252 0.03934532 -0.0734139 0.9968581 0.0379343 -0.06953477 0.9972071 0.03861039 -0.06393164 0.9981886 0.0177201 -0.05749356 0.9983147 0.01829779 -0.05507284 0.9987657 0.02909439 -0.04025655 0.9879675 0.00816375 -0.1544467 0.9917551 0.01339721 -0.1274461 0.9928807 0.01127815 -0.1185781 0.9941489 -0.00114423 -0.1080132 0.9946476 0.01036012 -0.1028045 0.9975296 0.00370258 -0.07015103 0.9975125 -0.001253902 -0.07047957 0.9942132 -0.003730535 -0.1073613 0.9942125 -0.003709971 -0.1073676 0.9917142 -0.005121171 -0.1283615 0.9913676 -0.003903031 -0.1310536 0.9946584 -0.002619981 -0.103188 0.9947483 -0.01703053 -0.1009247 0.9975634 -0.006080031 -0.06950026 0.9896085 -0.01001375 -0.1434391 0.989736 -0.0224778 -0.1411293 0.9900803 0.005930364 -0.1403776 0.9942129 0.003708899 -0.1073645 0.9942124 0.003732919 -0.1073675 0.9975125 0.001253664 -0.07047957 0.9966723 -0.03690761 -0.07267856 0.9967803 -0.03308767 -0.07303726 0.9979565 -0.01564991 -0.06195044</float_array>
          <technique_common>
            <accessor source="#link_3-mesh-normals-array" count="9259" stride="3">
              <param name="X" type="float"/>
              <param name="Y" type="float"/>
              <param name="Z" type="float"/>
            </accessor>
          </technique_common>
        </source>
        <vertices id="link_3-mesh-vertices">
          <input semantic="POSITION" source="#link_3-mesh-positions"/>
        </vertices>
        <triangles count="8222">
          <input semantic="VERTEX" source="#link_3-mesh-vertices" offset="0"/>
          <input semantic="NORMAL" source="#link_3-mesh-normals" offset="1"/>
          <p>0 0 1 1 2 2 2 3 1 3 3 4 2 5 3 6 4 7 4 8 3 9 5 10 4 11 6 11 2 11 2 12 6 13 7 14 8 15 0 15 9 15 9 16 0 16 2 16 9 17 2 18 10 19 10 20 2 20 7 20 10 21 7 21 11 21 11 22 7 22 12 22 13 23 14 23 15 23 15 24 14 24 0 24 15 25 0 25 8 25 16 26 17 26 18 26 19 27 20 27 21 27 21 28 20 28 22 28 21 29 22 29 23 29 24 30 25 30 26 30 26 31 25 31 27 31 28 32 11 32 12 32 29 33 30 33 28 33 28 34 30 34 31 34 28 35 31 35 11 35 11 36 31 36 10 36 32 37 33 37 24 37 24 38 33 39 34 40 24 41 34 41 25 41 25 42 34 42 35 42 25 43 35 43 27 43 27 44 35 44 36 44 18 45 17 45 37 45 17 46 38 46 37 46 37 47 38 47 39 47 37 48 39 48 32 48 32 49 39 49 40 49 32 50 40 50 33 50 26 51 19 51 24 51 24 52 19 52 21 52 24 53 21 53 32 53 32 54 21 54 23 54 32 55 23 55 37 55 37 56 23 56 41 56 37 57 41 57 18 57 18 58 41 58 42 58 18 59 42 59 43 59 43 60 42 61 44 60 43 62 44 62 45 62 45 63 44 63 46 63 45 64 46 64 9 64 9 65 46 65 8 65 12 66 47 66 28 66 28 67 47 68 48 69 28 70 48 70 29 70 29 71 48 71 49 71 49 72 16 72 29 72 29 73 16 73 18 73 29 74 18 74 30 74 30 75 18 75 43 75 30 76 43 76 31 76 31 77 43 77 45 77 31 78 45 78 10 78 10 79 45 79 9 79 50 80 51 80 52 80 50 81 52 81 53 81 53 82 52 82 54 82 53 83 54 83 55 83 56 84 53 84 57 84 57 85 53 85 55 85 56 86 58 86 53 86 53 87 58 87 59 87 53 88 59 88 50 88 60 89 61 89 62 89 63 90 64 90 65 90 65 91 64 91 66 91 65 92 66 92 67 92 67 93 66 94 68 93 68 95 66 95 69 95 68 96 69 96 70 96 70 97 69 97 71 97 71 98 69 98 72 98 71 99 72 99 73 99 73 100 72 100 74 101 73 102 74 102 75 102 60 103 76 104 61 105 61 106 76 106 77 107 61 108 77 108 78 108 78 109 77 109 75 109 78 110 75 110 79 110 79 111 75 111 74 111 80 112 81 112 82 112 82 113 81 113 83 113 82 114 83 114 62 114 62 115 83 115 84 115 62 116 84 116 60 116 56 117 57 117 85 118 85 119 57 119 86 119 85 120 86 120 80 120 80 121 86 121 87 121 80 122 87 122 81 122 88 123 85 123 89 123 89 124 85 124 80 124 89 125 80 125 90 125 90 126 80 126 82 126 90 127 82 127 91 127 91 128 82 128 62 128 91 129 62 129 92 129 92 130 62 130 61 130 92 131 61 131 93 132 93 133 61 133 78 133 93 134 78 134 94 134 94 135 78 135 79 135 94 136 79 136 95 136 95 137 79 137 74 137 95 138 74 138 96 138 96 139 74 139 72 139 96 140 72 140 97 140 97 141 72 142 69 143 97 144 69 144 98 144 98 145 69 145 66 145 98 146 66 146 99 146 99 147 66 147 64 147 88 148 100 148 85 148 85 149 100 149 101 149 85 150 101 150 56 150 56 151 101 151 102 151 56 152 102 152 58 152 103 153 104 153 105 153 103 154 105 155 106 156 106 157 105 157 64 157 106 158 64 158 63 158 99 159 64 159 107 159 107 160 64 160 105 160 107 161 105 161 108 161 108 162 105 162 104 162 109 163 110 163 111 163 112 164 113 164 114 164 115 165 116 165 117 165 118 166 119 166 120 166 16 167 49 167 121 167 121 168 49 168 48 168 121 169 48 169 47 169 118 170 122 170 119 170 119 171 122 171 123 171 119 172 123 172 124 172 124 173 123 173 125 173 124 174 125 174 126 174 126 175 125 175 121 175 126 176 121 176 127 176 127 177 121 177 47 177 127 178 47 178 12 178 116 179 115 179 128 179 128 180 115 180 129 180 128 181 129 181 109 181 109 182 129 182 130 182 109 183 130 183 110 183 40 184 39 184 131 184 131 185 39 185 38 185 131 186 38 186 17 186 113 187 132 187 130 187 130 188 132 188 110 188 110 189 132 189 133 189 110 190 133 190 111 190 36 191 35 191 134 191 134 192 35 192 34 192 133 193 135 193 111 193 111 194 135 194 136 194 111 195 136 195 137 195 137 196 136 196 138 196 137 197 138 197 139 197 139 198 138 198 134 198 139 199 134 199 140 199 140 200 134 200 34 200 140 201 34 201 33 201 141 202 142 202 143 202 143 203 142 203 144 203 143 204 144 204 145 204 145 205 144 205 146 205 33 206 40 206 140 206 140 207 40 207 131 207 140 208 131 208 139 208 139 209 131 209 147 209 139 210 147 210 137 210 137 211 147 211 148 211 137 212 148 212 111 212 111 213 148 213 149 213 111 214 149 214 109 214 150 215 151 215 152 215 152 216 151 216 153 216 152 217 153 217 146 217 146 218 153 218 154 218 146 219 154 219 145 219 142 220 112 220 144 220 144 221 112 221 114 221 144 222 114 222 146 222 146 223 114 223 155 223 146 224 155 224 152 224 152 225 155 225 156 225 152 226 156 226 150 226 113 227 130 227 114 227 114 228 130 228 129 228 114 229 129 229 155 229 155 230 129 230 115 230 155 231 115 231 156 231 156 232 115 232 117 232 156 233 117 233 150 233 17 234 16 234 131 234 131 235 16 235 121 235 131 236 121 236 147 236 147 237 121 237 125 237 147 238 125 238 148 238 148 239 125 239 123 239 148 240 123 240 149 240 149 241 123 241 122 241 149 242 122 242 109 242 109 243 122 243 118 243 109 244 118 244 128 244 128 245 118 245 120 245 128 246 120 246 116 246 157 247 99 247 158 247 158 248 99 248 107 248 159 249 160 249 161 249 162 250 163 250 164 250 164 251 163 251 165 251 157 252 158 252 165 252 165 253 158 254 107 255 165 256 107 256 164 256 151 257 166 257 165 257 165 258 166 258 167 258 165 259 167 259 157 259 141 260 161 260 168 260 168 261 161 261 160 261 168 262 160 262 169 262 141 263 143 263 161 263 161 264 143 264 163 264 161 265 163 265 159 265 159 266 163 266 162 266 143 267 145 267 163 267 163 268 145 268 154 268 163 269 154 269 165 269 165 270 154 270 153 270 165 271 153 271 151 271 170 272 171 272 172 272 173 273 174 273 170 273 174 274 173 274 175 274 175 275 173 275 176 275 175 276 176 276 177 276 178 277 179 277 176 277 176 278 179 278 180 278 176 279 180 279 177 279 181 280 182 280 178 280 178 281 182 281 183 281 178 282 183 282 179 282 184 283 185 283 181 283 181 284 185 284 186 284 181 285 186 285 182 285 187 286 188 287 189 288 189 289 188 289 190 289 189 290 190 290 191 290 192 291 193 291 194 291 194 292 193 292 189 292 194 293 189 293 195 293 195 294 189 294 191 294 196 295 197 295 198 295 199 296 200 296 201 296 201 297 200 297 202 297 201 298 202 298 203 298 203 299 204 299 201 299 201 300 204 300 205 300 201 301 205 301 206 301 206 302 205 303 207 304 206 305 207 306 208 307 209 308 210 309 211 310 198 311 212 311 196 311 196 312 212 312 199 312 196 313 199 313 213 313 213 314 199 314 201 314 213 315 201 315 214 315 214 316 201 316 211 316 201 317 87 317 86 317 211 318 201 318 209 318 209 319 201 319 86 319 209 320 86 320 57 320 60 321 206 321 189 321 189 322 206 322 208 322 189 323 208 323 187 323 60 324 84 324 206 324 206 325 84 325 83 325 206 326 83 326 201 326 201 327 83 327 81 327 201 328 81 328 87 328 75 329 77 329 189 329 189 330 77 330 76 330 189 331 76 331 60 331 193 332 184 332 189 332 189 333 184 333 181 333 189 334 181 334 75 334 75 335 181 335 178 335 75 336 178 336 73 336 73 337 178 337 71 337 71 338 178 338 176 338 71 339 176 339 70 339 63 340 65 340 173 340 173 341 65 341 67 341 173 342 67 342 176 342 176 343 67 343 68 343 176 344 68 344 70 344 170 345 172 345 173 345 173 346 172 346 215 346 173 347 215 347 63 347 57 348 55 348 209 348 209 349 55 349 216 349 209 350 216 350 210 350 210 351 216 351 217 351 54 352 218 353 219 354 55 355 54 355 216 355 216 356 54 356 219 356 216 357 219 357 217 357 217 358 219 358 220 358 218 359 54 360 221 361 221 362 54 363 52 364 221 365 52 366 222 367 222 368 52 369 51 370 222 371 51 372 223 373 224 374 225 374 226 374 227 375 228 375 229 375 230 376 231 376 232 376 232 377 231 377 233 377 232 378 233 378 234 378 234 379 233 379 226 379 234 380 226 380 235 380 235 381 226 381 225 381 235 382 225 382 5 382 229 383 236 383 227 383 227 384 236 384 237 384 227 385 237 385 238 385 238 386 237 386 223 386 238 387 223 387 239 387 239 388 223 389 51 390 239 391 224 391 238 391 238 392 224 392 226 392 238 393 226 393 227 393 227 394 226 394 233 394 227 395 233 395 228 395 228 396 233 396 231 396 1 397 240 397 241 397 1 398 241 398 3 398 3 399 241 399 235 399 3 400 235 400 5 400 242 401 240 401 243 401 243 402 240 402 1 402 243 403 1 403 14 403 14 404 1 405 0 406 244 407 245 407 246 407 247 408 248 408 249 408 249 409 248 409 250 409 249 410 250 410 246 410 246 411 250 411 251 411 246 412 251 412 244 412 229 413 251 413 236 413 236 414 251 414 250 414 236 415 250 415 237 415 237 416 250 416 248 416 252 417 253 417 254 417 254 417 253 417 255 417 254 418 255 418 256 418 256 419 255 419 257 419 256 420 257 420 258 420 259 421 260 421 261 421 261 422 260 422 262 422 261 417 262 417 252 417 263 417 264 417 265 417 265 423 264 423 256 423 265 417 256 417 266 417 266 417 256 417 258 417 267 417 268 417 269 417 269 424 268 424 270 424 269 417 270 417 271 417 272 425 273 425 274 425 270 417 275 417 271 417 271 426 275 426 276 426 271 417 276 417 277 417 277 427 276 427 278 427 277 417 278 417 279 417 279 428 278 428 280 428 279 417 280 417 281 417 281 429 280 429 282 429 281 417 282 417 261 417 261 430 282 430 283 430 261 431 283 431 259 431 263 432 284 432 264 432 264 433 284 433 285 433 264 434 285 434 286 434 286 435 285 435 287 435 286 417 287 417 288 417 288 436 287 436 289 436 288 417 289 417 290 417 290 437 289 437 291 437 290 417 291 417 292 417 292 438 291 438 293 438 262 417 294 417 252 417 252 439 294 439 295 439 252 440 295 440 296 440 297 441 269 441 298 441 298 442 269 442 230 442 296 417 299 417 252 417 252 443 299 443 300 443 252 417 300 417 253 417 297 417 301 417 269 417 269 444 301 444 302 444 269 445 302 445 267 445 293 417 303 417 292 417 292 446 303 446 304 446 292 447 304 447 274 447 274 448 304 448 305 448 274 449 305 449 272 449 273 417 306 417 274 417 274 450 306 450 245 450 274 451 245 451 244 451 244 417 251 417 274 417 274 452 251 452 229 452 274 453 229 453 307 453 307 454 229 454 228 454 307 417 228 417 269 417 269 417 228 417 231 417 269 455 231 455 230 455 234 456 235 456 241 456 308 457 302 457 301 457 240 458 308 458 241 458 241 459 308 459 309 459 241 460 309 460 234 460 234 461 309 461 232 461 308 462 301 462 309 462 309 463 301 463 297 463 309 464 297 464 232 464 232 465 297 465 298 465 232 466 298 466 230 466 248 467 247 467 310 467 223 468 237 468 222 468 222 469 237 469 248 469 222 470 248 470 221 470 221 471 248 471 310 471 221 472 310 472 218 472 311 473 312 473 313 473 314 474 315 474 316 474 317 475 318 475 319 475 320 476 321 476 322 476 322 477 321 477 323 477 320 478 322 478 324 478 324 479 322 479 325 479 324 480 325 480 326 480 327 481 328 481 325 481 325 482 328 482 329 482 325 483 329 483 326 483 168 484 169 484 327 484 327 485 169 485 330 485 327 486 330 486 328 486 327 487 331 487 168 487 168 488 331 488 332 488 168 489 332 489 141 489 333 490 334 490 132 490 132 491 113 491 333 491 333 492 113 492 112 492 333 493 112 493 332 493 332 494 112 494 142 494 332 495 142 495 141 495 335 496 336 496 138 496 138 497 136 497 335 497 335 498 136 498 135 498 335 499 135 499 334 499 334 500 135 500 133 500 334 501 133 501 132 501 19 502 26 502 337 502 337 503 26 503 27 503 337 504 27 504 338 504 338 505 27 505 36 505 338 506 36 506 336 506 336 507 36 507 134 507 336 508 134 508 138 508 339 509 340 509 341 509 341 510 340 510 342 510 341 511 342 511 337 511 337 512 342 512 20 512 337 513 20 513 19 513 319 514 318 514 341 514 341 515 318 515 343 515 341 516 343 516 339 516 344 517 345 517 319 517 319 518 345 518 346 518 319 519 346 519 317 519 347 520 348 520 344 520 344 521 348 521 349 521 344 522 349 522 345 522 350 523 351 523 352 523 352 524 351 524 353 524 350 525 354 525 351 525 351 526 354 526 355 526 351 527 355 527 347 527 347 528 355 528 356 528 347 529 356 529 348 529 357 530 358 530 359 530 321 531 360 531 323 531 323 532 360 532 361 532 323 533 361 533 362 533 363 534 364 534 365 534 365 535 364 535 366 535 365 536 366 536 367 536 367 537 366 537 368 537 367 538 368 538 369 538 369 539 368 539 370 539 369 540 370 540 371 540 371 541 370 541 372 541 371 542 372 542 316 542 316 543 372 543 362 543 316 544 362 544 314 544 314 545 362 545 361 545 373 546 374 546 375 546 375 547 376 547 373 547 373 548 376 548 377 548 373 549 377 549 363 549 363 550 377 550 378 550 363 551 378 551 364 551 379 552 380 552 381 552 381 553 382 553 379 553 379 554 382 554 383 554 379 555 383 555 374 555 374 556 383 556 384 556 374 557 384 557 375 557 313 558 312 558 385 558 312 559 386 559 385 559 385 560 386 560 387 560 385 561 387 561 380 561 380 562 387 562 388 562 380 563 388 563 381 563 311 564 313 564 389 564 389 565 313 565 390 565 389 566 390 566 391 566 391 567 390 567 392 567 391 568 392 568 393 568 393 569 392 569 394 569 394 570 392 570 395 570 394 571 395 571 396 571 396 572 395 572 397 572 397 573 395 573 398 573 397 574 398 574 399 574 399 575 398 575 400 575 400 576 398 576 401 576 400 577 401 577 402 577 402 578 401 578 403 578 403 579 401 579 404 579 403 580 404 580 405 580 405 581 404 581 406 581 406 582 404 582 407 582 406 583 407 583 408 583 408 584 407 584 409 584 409 585 407 585 357 585 409 586 357 586 410 586 410 587 357 587 359 587 410 588 359 588 351 588 351 589 359 589 411 589 351 590 411 590 353 590 103 591 106 591 412 591 330 592 413 592 328 592 329 593 328 593 414 593 414 594 328 594 413 594 414 595 413 595 415 595 103 596 412 596 104 596 416 597 164 597 108 597 108 598 164 598 107 598 108 599 104 599 416 599 416 600 104 600 412 600 416 601 412 601 415 601 415 602 412 602 417 602 415 603 417 603 414 603 330 604 169 604 413 604 413 605 169 605 160 605 413 606 160 606 415 606 415 607 160 607 159 607 415 608 159 608 416 608 416 609 159 609 162 609 416 610 162 610 164 610 106 611 63 611 215 611 215 612 418 612 106 612 106 613 418 613 419 613 106 614 419 614 420 614 421 615 422 615 423 615 423 616 422 616 215 616 423 617 215 617 172 617 424 618 425 618 426 618 426 619 427 619 421 619 421 620 427 620 428 620 421 621 428 621 429 621 426 622 421 622 424 622 424 623 421 623 423 623 424 624 423 624 430 624 430 625 423 625 172 625 430 626 172 626 171 626 431 627 432 627 433 627 192 628 431 628 193 628 193 629 431 629 433 629 193 630 433 630 184 630 184 631 433 631 185 631 434 632 182 632 435 632 435 633 182 633 186 633 435 634 186 634 436 634 436 635 186 635 185 635 436 636 185 636 437 636 437 637 185 637 433 637 438 638 180 638 439 638 439 639 180 639 179 639 439 640 179 640 434 640 434 641 179 641 183 641 434 642 183 642 182 642 440 643 175 643 438 643 438 644 175 644 177 644 438 645 177 645 180 645 441 646 442 646 443 646 443 647 442 647 444 647 443 648 444 648 445 648 446 649 447 649 448 649 448 650 447 650 449 650 448 651 449 651 450 651 450 652 449 653 451 654 450 655 451 655 441 655 441 656 451 657 452 656 441 658 452 658 442 658 453 659 454 659 455 659 455 660 454 660 456 660 455 661 456 661 457 661 457 662 456 662 458 662 457 663 458 663 459 663 459 664 458 664 460 664 459 665 460 665 461 665 461 666 460 666 462 666 461 667 462 667 446 667 446 668 462 668 463 668 446 669 463 669 447 669 464 670 171 670 465 670 465 671 171 671 170 671 465 672 170 672 440 672 440 673 170 673 174 673 440 674 174 674 175 674 445 675 464 675 443 675 443 676 464 676 465 676 443 677 465 677 441 677 441 678 465 678 440 678 441 679 440 679 450 679 450 680 440 680 438 680 450 681 438 681 448 681 448 682 438 682 439 682 448 683 439 683 446 683 446 684 439 684 434 684 446 685 434 685 461 685 461 686 434 686 435 686 461 687 435 687 459 687 459 688 435 688 436 688 459 689 436 689 457 689 457 690 436 690 437 690 457 691 437 691 455 691 455 692 437 692 433 692 455 693 433 693 453 693 453 694 433 694 432 694 202 695 200 695 466 695 432 696 467 696 453 696 453 697 467 697 468 697 453 698 468 698 469 698 469 699 468 699 470 699 469 700 470 700 471 700 471 701 470 701 472 701 471 702 472 702 473 702 197 703 474 703 198 703 198 704 474 704 475 704 198 705 475 705 212 705 197 706 476 706 474 706 474 707 476 707 477 707 474 708 477 708 472 708 472 709 477 709 478 709 472 710 478 710 473 710 466 711 200 711 475 711 475 712 200 712 199 712 475 713 199 713 212 713 479 714 204 714 466 714 466 715 204 715 203 715 466 716 203 716 202 716 480 717 207 717 479 717 479 718 207 718 205 718 479 719 205 720 204 721 481 722 187 722 480 722 480 723 187 723 208 723 480 724 208 724 207 725 482 726 190 726 481 726 481 727 190 727 188 727 481 728 188 728 187 728 483 729 195 729 482 729 482 730 195 730 191 730 482 731 191 731 190 731 432 732 431 732 467 732 467 733 431 733 192 733 467 734 192 734 483 734 483 735 192 735 194 735 483 736 194 737 195 738 214 739 484 739 485 739 486 740 487 740 485 740 486 741 485 741 488 741 488 742 485 742 484 742 488 743 484 743 489 743 490 744 489 744 491 744 491 745 489 745 484 745 491 746 484 746 211 746 211 747 484 747 214 747 487 748 196 748 485 748 485 749 196 749 213 749 485 750 213 750 214 750 197 751 196 751 476 751 476 752 196 752 487 752 476 753 487 753 477 753 477 754 487 754 486 754 477 755 486 755 478 755 491 756 211 757 210 758 210 759 492 760 491 761 491 762 492 763 493 762 491 764 493 765 490 766 492 767 210 767 217 767 217 768 494 768 492 768 492 769 494 769 495 769 492 770 495 770 493 770 496 771 220 771 219 771 247 772 497 772 310 772 310 773 497 773 219 773 310 774 219 774 218 774 497 775 498 775 499 775 497 776 499 776 219 776 219 777 499 777 500 777 219 778 500 778 496 778 494 779 217 779 220 779 220 780 501 780 494 780 494 781 501 781 502 781 494 782 502 782 495 782 503 783 13 783 15 783 342 784 340 784 504 784 504 785 340 785 505 785 503 786 15 786 506 786 506 787 15 787 507 787 506 788 507 788 508 788 508 789 507 789 509 789 508 790 509 790 510 790 510 791 509 791 511 791 510 792 511 792 512 792 513 793 514 794 515 795 515 796 514 796 516 796 515 797 516 797 511 797 511 798 516 798 517 798 511 799 517 799 512 799 505 800 518 800 504 800 504 801 518 801 519 801 504 802 519 802 515 802 515 803 519 803 520 803 515 804 520 804 513 804 20 805 342 805 22 805 22 806 342 806 504 806 22 807 504 807 23 807 23 808 504 808 515 808 23 809 515 809 41 809 41 810 515 810 511 810 41 811 511 811 42 811 42 812 511 812 509 812 42 813 509 813 44 813 44 814 509 814 507 814 44 815 507 815 46 815 46 816 507 816 15 816 46 817 15 817 8 817 521 818 14 818 13 818 521 819 13 819 522 819 13 820 523 820 522 820 522 821 523 821 524 821 522 822 524 822 525 822 243 823 14 823 521 823 526 824 527 824 528 824 528 825 527 825 529 825 528 826 529 826 530 826 530 827 529 827 531 827 530 828 531 828 242 828 525 829 526 829 522 829 522 830 526 830 528 830 522 831 528 831 521 831 521 832 528 832 530 832 521 833 530 833 243 833 243 834 530 834 242 834 532 835 533 835 534 835 308 836 240 836 534 836 534 837 240 837 242 837 534 838 242 839 532 840 302 841 308 841 267 841 267 842 308 842 534 842 267 843 534 843 268 843 268 844 534 844 533 844 268 845 533 845 270 845 270 846 533 846 535 846 270 847 535 847 536 847 537 848 538 848 539 848 540 849 541 850 542 851 542 852 541 853 543 854 542 855 543 855 539 855 539 856 543 856 544 856 539 857 544 857 537 857 537 858 544 858 545 858 543 859 541 859 546 859 547 860 544 860 548 860 548 861 544 861 543 862 548 863 543 864 549 865 549 866 543 866 546 866 549 867 546 867 550 867 546 868 551 869 552 869 550 870 546 870 553 870 553 871 546 871 552 871 553 872 552 872 554 872 554 873 552 874 555 875 554 876 555 876 556 876 557 877 558 878 559 879 560 880 542 880 561 880 561 881 542 881 539 881 560 882 562 883 542 884 542 885 562 885 559 885 542 886 559 887 540 888 563 889 564 890 565 891 565 892 564 893 557 894 565 895 557 895 566 895 566 896 557 896 559 896 566 897 559 897 567 897 567 898 559 899 562 900 568 901 569 901 570 901 571 902 568 902 572 902 572 903 568 903 570 903 572 904 570 904 573 904 573 905 570 905 574 905 573 906 574 906 575 906 575 907 574 907 576 907 577 908 558 908 557 908 578 909 579 909 580 909 581 910 578 910 564 910 564 911 578 911 580 911 564 912 580 912 557 912 557 913 580 913 582 913 557 914 582 915 577 916 573 917 575 917 583 917 584 918 572 919 585 918 585 920 572 920 573 920 585 921 573 922 586 923 586 924 573 924 583 924 586 925 583 926 587 927 583 928 577 929 582 930 587 931 583 931 588 931 588 932 583 933 582 934 588 935 582 935 589 935 589 936 582 937 580 938 589 939 580 939 590 939 591 940 592 940 555 941 593 942 591 942 594 942 594 943 591 943 555 943 594 944 555 944 595 944 595 945 555 945 552 945 595 946 552 946 596 946 596 947 552 947 551 947 583 948 575 948 576 948 546 948 541 948 540 948 596 949 551 950 597 951 597 952 551 952 546 952 597 948 546 948 559 948 559 948 546 948 540 948 558 953 577 954 559 955 559 956 577 956 583 956 559 948 583 948 597 948 597 948 583 948 576 948 598 957 599 957 600 957 601 958 602 958 603 958 603 959 602 960 604 961 603 855 604 855 600 855 600 962 604 962 605 962 600 963 605 963 598 963 598 964 605 964 606 964 604 965 602 966 607 967 608 860 605 860 609 860 609 861 605 861 604 861 609 968 604 968 610 968 610 969 604 970 607 971 610 972 607 972 611 972 607 973 612 974 613 975 611 976 607 977 614 978 614 979 607 979 613 979 614 980 613 981 615 982 615 983 613 983 616 983 615 984 616 984 617 984 618 985 619 986 620 987 621 880 603 880 622 880 622 881 603 881 600 881 621 988 623 988 603 988 603 989 623 989 620 989 603 990 620 991 601 992 624 993 625 993 626 993 626 994 625 995 618 996 626 997 618 997 627 997 627 998 618 998 620 998 627 999 620 999 628 999 628 1000 620 1000 623 1000 629 1001 630 1001 631 1001 632 902 629 902 633 902 633 1002 629 1002 631 1002 633 1003 631 1003 634 1003 634 1004 631 1004 635 1004 634 1005 635 1006 636 1007 636 1008 635 1008 637 1008 638 1009 619 1010 618 1011 639 1012 640 1012 641 1013 642 1014 639 1014 625 1014 625 1015 639 1015 641 1015 625 1016 641 1016 618 1016 618 1017 641 1017 643 1017 618 1018 643 1018 638 1018 634 1019 636 1020 644 1021 645 1022 633 1023 646 1024 646 1025 633 1025 634 1025 646 1026 634 1026 647 1026 647 1027 634 1027 644 1027 647 1028 644 1029 648 1030 644 1031 638 1031 643 1031 648 931 644 931 649 931 649 1032 644 1032 643 1032 649 1033 643 1033 650 1033 650 1034 643 1035 641 1036 650 1037 641 1037 651 1037 612 1038 652 1039 653 1040 654 1041 655 1041 616 1041 656 1042 654 1042 657 1043 657 1044 654 1044 616 1044 657 1045 616 1045 653 1045 653 1046 616 1046 613 1046 653 1047 613 1047 612 1047 636 948 637 948 644 948 644 948 637 948 658 948 602 948 601 948 607 948 607 948 601 948 620 948 652 1048 612 1049 658 1050 658 1051 612 1051 607 1051 658 948 607 948 644 948 644 948 607 948 620 948 644 948 620 948 638 948 638 1052 620 1052 619 1052 561 1053 539 1053 538 1053 544 1054 547 1054 545 1054 556 417 555 417 592 417 564 417 563 417 581 417 659 1055 570 1055 569 1055 572 1053 584 1053 571 1053 590 1056 580 1056 579 1056 594 1056 660 1056 593 1056 595 1057 596 1058 597 1059 570 1060 659 1060 574 1060 574 1061 659 1061 661 1061 597 1062 576 1062 574 1062 661 1063 662 1064 574 1065 574 1066 662 1066 663 1066 574 1067 663 1067 597 1067 597 1068 663 1068 664 1068 597 1069 664 1070 595 1071 595 1072 664 1072 660 1072 595 1073 660 1073 594 1073 622 1053 600 1053 599 1053 605 1074 608 1074 606 1074 617 417 616 417 655 417 625 417 624 417 642 417 665 1055 631 1055 630 1055 633 1053 645 1053 632 1053 651 1056 641 1056 640 1056 657 1056 666 1056 656 1056 653 1075 652 1076 658 1077 631 1060 665 1060 635 1060 635 1078 665 1078 667 1078 658 1079 637 1080 635 1079 667 1081 668 1082 635 1083 635 1084 668 1084 669 1084 635 1085 669 1085 658 1085 658 1086 669 1086 670 1086 658 1087 670 1087 653 1087 653 1088 670 1089 666 1090 653 1091 666 1092 657 1093 671 1094 578 1094 672 1094 672 1095 578 1096 581 1097 672 1098 581 1098 673 1098 581 1099 563 1100 673 1101 673 1102 563 1102 565 1102 673 1103 565 1104 566 1105 566 1106 567 1106 673 1106 673 1107 567 1108 562 1109 673 1110 562 1110 560 1110 560 1111 561 1111 673 1111 673 1112 561 1113 538 1114 673 1115 538 1115 674 1115 674 1116 538 1116 537 1116 674 1117 537 1118 675 1119 675 1120 537 1120 545 1120 675 1121 545 1121 676 1121 545 1122 547 1122 676 1122 676 1123 547 1124 548 1125 676 1126 548 1127 549 1128 549 1129 550 1129 676 1129 676 1130 550 1131 553 1132 676 1133 553 1134 554 1135 591 1136 677 1136 592 1136 592 1137 677 1138 676 1139 592 1140 676 1140 556 1140 556 1141 676 1141 554 1141 677 1142 591 1142 678 1142 678 1143 591 1143 593 1143 678 1144 593 1144 660 1144 660 1145 664 1145 678 1145 678 1146 664 1146 663 1146 678 1147 663 1147 662 1147 662 1148 661 1149 678 1150 678 1151 661 1152 659 1153 678 1154 659 1154 679 1154 679 1155 659 1155 569 1155 679 1156 569 1156 680 1156 680 1157 569 1157 568 1157 680 1158 568 1158 681 1158 681 1159 568 1160 571 1161 681 1162 571 1162 682 1162 571 1163 584 1163 682 1163 682 1164 584 1164 585 1164 682 1165 585 1166 586 1167 586 1168 587 1168 682 1168 682 1169 587 1170 588 1171 682 1172 588 1173 589 1174 578 1175 671 1175 579 1175 579 1176 671 1176 682 1176 579 1177 682 1178 590 1178 590 1179 682 1179 589 1179 683 1180 639 1180 684 1180 684 1181 639 1181 642 1181 684 1182 642 1182 685 1182 642 1183 624 1183 685 1183 685 1184 624 1184 626 1184 685 1185 626 1186 627 1187 627 1188 628 1188 685 1188 685 1189 628 1190 623 1191 685 1192 623 1192 621 1192 621 1111 622 1111 685 1111 685 1193 622 1193 599 1193 685 1194 599 1194 686 1194 686 1195 599 1195 598 1195 686 1196 598 1196 687 1196 687 1197 598 1197 606 1197 687 1198 606 1198 688 1198 606 1199 608 1199 688 1199 688 1200 608 1200 609 1200 688 1201 609 1202 610 1203 610 1204 611 1205 688 1206 688 1207 611 1208 614 1209 688 1210 614 1210 615 1210 654 1211 689 1212 655 1213 655 1214 689 1214 688 1214 655 1215 688 1215 617 1215 617 1216 688 1217 615 1218 689 1219 654 1220 690 1221 690 1222 654 1222 656 1222 690 1223 656 1224 666 1225 666 1226 670 1226 690 1226 690 1227 670 1227 669 1227 690 1228 669 1228 668 1228 668 1229 667 1230 690 1231 690 1232 667 1233 665 1234 690 1235 665 1235 691 1235 691 1236 665 1237 630 1238 691 1239 630 1240 692 1241 692 1242 630 1243 629 1244 692 1158 629 1158 693 1158 693 1245 629 1246 632 1247 693 1248 632 1248 694 1248 632 1249 645 1249 694 1249 694 1250 645 1250 646 1250 694 1251 646 1252 647 1253 647 1254 648 1255 694 1256 694 1257 648 1258 649 1259 694 1260 649 1260 650 1260 639 1175 683 1175 640 1175 640 1261 683 1261 694 1261 640 1262 694 1263 651 1263 651 1264 694 1265 650 1266 695 1267 696 1267 697 1267 698 1268 695 1268 699 1268 699 1269 695 1269 697 1269 699 1270 697 1270 700 1270 700 1271 697 1271 701 1271 700 1272 701 1272 702 1272 702 1273 701 1273 703 1273 700 1274 702 1274 704 1274 705 1275 699 1276 706 1277 706 1278 699 1278 700 1278 706 1279 700 1280 707 1281 707 1282 700 1282 704 1282 707 1283 704 1283 708 1283 704 1284 709 1284 710 1284 708 1285 704 1285 711 1285 711 1286 704 1286 710 1286 711 1287 710 1288 712 1287 712 1289 710 1289 713 1289 712 1290 713 1290 714 1290 715 1291 716 1291 717 1291 718 1292 701 1292 719 1292 719 1293 701 1294 697 1295 718 1296 720 1296 701 1296 701 1297 720 1297 717 1297 701 1298 717 1298 703 1298 721 1299 722 1299 723 1299 723 1300 722 1300 715 1300 723 1301 715 1301 724 1301 724 1302 715 1302 717 1302 724 1303 717 1304 725 1305 725 1306 717 1307 720 1307 726 1308 727 1308 728 1308 729 1309 726 1309 730 1309 730 1310 726 1310 728 1310 730 1311 728 1311 731 1311 731 1312 728 1312 732 1312 731 1313 732 1313 733 1313 733 1314 732 1315 734 1314 735 1316 716 1316 715 1316 736 1317 737 1317 738 1317 739 1318 736 1318 722 1318 722 1319 736 1319 738 1319 722 1320 738 1320 715 1320 715 1321 738 1321 740 1321 715 1322 740 1322 735 1322 731 1323 733 1324 741 1325 742 1326 730 1327 743 1328 743 1329 730 1329 731 1329 743 1330 731 1331 744 1332 744 1333 731 1333 741 1333 744 1334 741 1335 745 1334 741 1336 735 1336 740 1336 745 1337 741 1338 746 1338 746 1339 741 1339 740 1339 746 1340 740 1340 747 1340 747 1341 740 1341 738 1341 747 1342 738 1342 748 1342 749 1343 750 1343 713 1343 709 1344 751 1344 710 1344 710 1345 751 1345 752 1345 710 1346 752 1346 713 1346 713 1347 752 1347 753 1347 713 1348 753 1348 749 1348 749 1349 753 1349 754 1349 741 1350 733 1351 734 1352 704 1353 702 1354 703 1355 751 1356 709 1357 755 1358 755 1359 709 1360 704 1361 755 1362 704 1362 717 1362 717 1363 704 1363 703 1363 716 1364 735 1365 717 1366 717 1367 735 1367 741 1367 717 1368 741 1368 755 1368 755 1369 741 1370 734 1371 756 1372 757 1372 758 1372 759 1373 760 1373 761 1373 762 1374 759 1374 763 1374 763 1375 759 1375 761 1375 763 1376 761 1376 758 1376 758 1377 761 1377 764 1377 758 1378 764 1378 756 1378 758 1379 757 1379 765 1379 766 1380 763 1380 767 1380 767 1381 763 1382 758 1383 767 1384 758 1385 768 1385 768 1386 758 1386 765 1386 768 1387 765 1388 769 1389 765 1390 770 1391 771 1392 769 1393 765 1393 772 1393 772 1394 765 1395 771 1396 772 1397 771 1397 773 1397 773 1398 771 1399 774 1400 773 1401 774 1401 775 1401 776 1402 777 1403 778 1404 779 1405 764 1406 780 1405 780 1407 764 1407 761 1407 779 1408 781 1409 764 1408 764 1410 781 1410 778 1410 764 1411 778 1412 756 1413 782 1414 783 1415 784 1416 784 1417 783 1418 776 1419 784 1420 776 1420 785 1420 785 1421 776 1421 778 1421 785 1422 778 1423 786 1424 786 1425 778 1425 781 1425 787 1426 788 1426 789 1426 790 1427 787 1428 791 1428 791 1429 787 1429 789 1429 791 1430 789 1430 792 1430 792 1431 789 1431 793 1431 792 1432 793 1432 794 1432 794 1433 793 1433 795 1433 796 1434 777 1434 776 1434 797 1435 798 1435 799 1435 800 1436 797 1437 783 1438 783 1439 797 1439 799 1439 783 1440 799 1440 776 1440 776 1441 799 1441 801 1441 776 1442 801 1442 796 1442 792 1443 794 1444 802 1445 803 1446 791 1447 804 1448 804 1449 791 1449 792 1449 804 1450 792 1451 805 1451 805 1452 792 1452 802 1452 805 1453 802 1454 806 1455 802 1456 796 1457 801 1458 806 1459 802 1460 807 1461 807 1462 802 1462 801 1463 807 1464 801 1465 808 1466 808 1467 801 1467 799 1467 808 1468 799 1468 809 1468 770 1469 810 1469 811 1469 812 1470 813 1470 774 1470 814 1471 812 1471 815 1471 815 1472 812 1472 774 1472 815 1473 774 1473 811 1473 811 1474 774 1475 771 1476 811 1477 771 1477 770 1477 816 1478 810 1479 770 1480 778 1481 777 1481 796 1481 757 1482 756 1482 765 1482 765 1483 756 1483 778 1483 765 1484 778 1484 802 1484 802 1485 778 1485 796 1485 794 1486 795 1486 802 1486 802 1487 795 1487 816 1487 802 1488 816 1488 765 1488 765 1489 816 1490 770 1491 817 1492 678 1492 818 1492 818 1493 678 1493 679 1493 818 1494 679 1495 819 1496 819 1497 679 1497 680 1497 819 1498 680 1498 820 1498 820 1499 680 1500 681 1501 820 1502 681 1502 821 1502 821 1503 681 1503 682 1503 821 1504 682 1505 822 1506 822 1507 682 1507 671 1507 822 1508 671 1508 823 1508 823 1509 671 1509 672 1509 823 1510 672 1510 824 1510 824 1511 672 1511 673 1511 824 1512 673 1512 825 1512 825 1513 673 1513 674 1513 825 1514 674 1515 826 1516 826 1517 674 1517 675 1517 826 1518 675 1518 827 1518 827 1519 675 1519 676 1519 827 1520 676 1520 828 1520 828 1521 676 1522 677 1523 828 1524 677 1525 817 1526 817 1527 677 1527 678 1527 829 1528 830 1528 831 1528 831 1529 830 1529 832 1529 831 1530 832 1530 833 1530 833 1531 832 1532 834 1533 833 1534 834 1534 835 1534 835 1535 834 1535 836 1535 835 1536 836 1536 837 1536 837 1537 836 1537 838 1537 837 1538 838 1538 839 1538 839 1539 838 1539 840 1539 839 1540 840 1540 841 1540 841 1541 840 1541 842 1541 841 1542 842 1542 843 1542 843 1543 842 1544 844 1545 843 1546 844 1546 845 1546 845 1547 844 1547 846 1547 845 1548 846 1548 847 1548 847 1549 846 1549 848 1549 847 1550 848 1551 849 1550 849 1552 848 1552 850 1552 849 1553 850 1553 851 1553 851 1554 850 1554 852 1554 851 1555 852 1555 853 1555 853 1556 852 1557 829 1558 853 1559 829 1559 831 1559 817 1560 853 1561 828 1562 828 1563 853 1564 831 1565 828 1566 831 1566 827 1566 827 1567 831 1567 833 1567 827 1568 833 1568 826 1568 826 1569 833 1569 835 1569 826 1570 835 1570 825 1570 825 1571 835 1571 837 1571 825 1572 837 1572 824 1572 824 1573 837 1573 839 1573 824 1574 839 1574 823 1574 823 1575 839 1575 841 1575 823 1576 841 1576 822 1576 822 1577 841 1577 843 1578 822 1579 843 1579 821 1579 821 1580 843 1580 845 1580 821 1581 845 1582 820 1583 820 1584 845 1584 847 1584 820 1585 847 1586 819 1587 819 1588 847 1588 849 1589 819 1590 849 1591 818 1592 818 1593 849 1593 851 1593 818 1594 851 1594 817 1594 817 1595 851 1595 853 1595 854 1596 690 1597 855 1598 855 1599 690 1600 691 1601 855 1602 691 1603 856 1602 856 1604 691 1604 692 1604 856 1605 692 1605 857 1605 857 1606 692 1606 693 1606 857 1502 693 1502 858 1502 858 1607 693 1608 694 1608 858 1609 694 1609 859 1609 859 1610 694 1610 683 1610 859 1611 683 1611 860 1611 860 1612 683 1612 684 1613 860 1614 684 1614 861 1614 861 1615 684 1615 685 1615 861 1616 685 1616 862 1617 862 1618 685 1618 686 1618 862 1619 686 1620 863 1621 863 1622 686 1622 687 1622 863 1623 687 1624 864 1625 864 1626 687 1626 688 1626 864 1627 688 1628 865 1629 865 1630 688 1631 689 1632 865 1633 689 1634 854 1635 854 1527 689 1527 690 1527 866 1636 867 1636 868 1636 868 1637 867 1638 869 1639 868 1640 869 1640 870 1640 870 1641 869 1641 871 1641 870 1642 871 1642 872 1642 872 1643 871 1643 873 1643 872 1644 873 1644 874 1644 874 1645 873 1645 875 1645 874 1646 875 1646 876 1646 876 1647 875 1647 877 1647 876 1648 877 1648 878 1648 878 1649 877 1649 879 1649 878 1650 879 1650 880 1650 880 1651 879 1652 881 1653 880 1654 881 1654 882 1654 882 1655 881 1656 883 1655 882 1657 883 1657 884 1657 884 1658 883 1658 885 1658 884 1659 885 1660 886 1661 886 1662 885 1662 887 1662 886 1663 887 1663 888 1663 888 1664 887 1665 889 1666 888 1667 889 1667 890 1667 890 1668 889 1669 866 1670 890 1671 866 1671 868 1671 854 1672 890 1672 865 1672 865 1673 890 1674 868 1675 865 1676 868 1676 864 1676 864 1677 868 1677 870 1677 864 1678 870 1679 863 1680 863 1681 870 1681 872 1681 863 1682 872 1682 862 1682 862 1683 872 1683 874 1683 862 1684 874 1684 861 1684 861 1685 874 1685 876 1685 861 1686 876 1687 860 1688 860 1689 876 1689 878 1689 860 1690 878 1690 859 1690 859 1691 878 1691 880 1691 859 1692 880 1692 858 1692 858 1693 880 1693 882 1693 858 1694 882 1695 857 1696 857 1697 882 1697 884 1697 857 1698 884 1698 856 1699 856 1700 884 1701 886 1702 856 1703 886 1703 855 1703 855 1704 886 1704 888 1704 855 1705 888 1705 854 1705 854 1595 888 1595 890 1595 719 1706 697 1706 696 1706 699 1707 705 1707 698 1707 714 1708 713 1708 750 1708 722 1708 721 1708 739 1708 891 1709 728 1709 727 1709 730 1710 742 1710 729 1710 748 1711 738 1711 737 1711 753 1712 892 1712 754 1712 752 1713 751 1714 755 1715 728 1716 891 1716 732 1716 732 1717 891 1718 893 1719 755 1720 734 1721 732 1722 893 1723 894 1723 732 1723 732 1724 894 1724 895 1724 732 1725 895 1725 755 1725 755 1726 895 1726 896 1726 755 1727 896 1728 752 1729 752 1730 896 1730 892 1730 752 1731 892 1731 753 1731 780 1732 761 1732 760 1732 763 1733 766 1733 762 1733 775 1708 774 1708 813 1708 783 1708 782 1708 800 1708 897 1734 789 1734 788 1734 791 1735 803 1735 790 1735 809 1736 799 1736 798 1736 815 1737 898 1737 814 1737 811 1738 810 1738 816 1738 789 1739 897 1739 793 1739 793 1740 897 1741 899 1742 816 1743 795 1743 793 1743 899 1744 900 1745 793 1746 793 1747 900 1747 901 1747 793 1748 901 1748 816 1748 816 1749 901 1749 902 1749 816 1750 902 1751 811 1752 811 1753 902 1753 898 1753 811 1754 898 1754 815 1754 903 1755 904 1755 905 1755 906 1756 907 1756 908 1756 909 1757 906 1757 910 1757 910 1758 906 1758 908 1758 910 1759 908 1759 905 1759 905 1760 908 1760 911 1760 905 1761 911 1761 903 1761 905 1762 904 1762 912 1762 913 1763 910 1763 914 1763 914 1764 910 1764 905 1765 914 1766 905 1766 915 1766 915 1767 905 1767 912 1767 915 1768 912 1769 916 1768 912 1770 917 1771 918 1772 916 1773 912 1774 919 1774 919 1775 912 1775 918 1775 919 1776 918 1776 920 1776 920 1777 918 1777 921 1777 920 1778 921 1778 922 1778 923 1779 924 1780 925 1781 926 1782 911 1782 927 1782 927 1783 911 1784 908 1783 926 1785 928 1786 911 1787 911 1788 928 1788 925 1788 911 1789 925 1789 903 1789 929 1790 930 1790 931 1790 931 1791 930 1791 923 1791 931 1792 923 1792 932 1792 932 1793 923 1793 925 1793 932 1794 925 1794 933 1794 933 1795 925 1796 928 1797 934 1798 935 1798 936 1798 937 1799 934 1799 938 1799 938 1800 934 1800 936 1800 938 1801 936 1801 939 1801 939 1802 936 1802 940 1802 939 1803 940 1803 941 1803 941 1804 940 1804 942 1804 943 1805 924 1805 923 1805 944 1806 945 1806 946 1806 947 1807 944 1808 930 1809 930 1810 944 1810 946 1810 930 1811 946 1811 923 1811 923 1812 946 1813 948 1814 923 1815 948 1816 943 1817 939 1818 941 1819 949 1820 950 1821 938 1822 951 1823 951 1824 938 1824 939 1824 951 1825 939 1826 952 1827 952 1828 939 1829 949 1830 952 1831 949 1832 953 1833 949 1834 943 1834 948 1834 953 1835 949 1836 954 1837 954 1838 949 1838 948 1838 954 1839 948 1839 955 1839 955 1840 948 1840 946 1840 955 1841 946 1841 956 1841 917 1842 957 1842 958 1842 959 1843 960 1843 921 1843 961 1844 959 1844 962 1844 962 1845 959 1845 921 1845 962 1846 921 1847 958 1848 958 1849 921 1849 918 1849 958 1850 918 1850 917 1850 963 1851 957 1852 917 1853 925 1854 924 1854 943 1854 904 1855 903 1856 912 1857 912 1858 903 1858 925 1858 912 1859 925 1859 949 1859 949 1860 925 1861 943 1862 941 1863 942 1864 949 1865 949 1866 942 1866 963 1866 949 1368 963 1368 912 1368 912 1867 963 1868 917 1869 830 1870 829 1870 964 1870 829 1871 852 1872 964 1873 964 1874 852 1874 850 1874 964 1875 850 1875 965 1875 965 1876 850 1876 848 1876 965 1877 848 1878 966 1879 966 1880 848 1880 846 1880 966 1881 846 1881 967 1881 967 1882 846 1882 844 1882 967 1883 844 1883 968 1883 968 1884 844 1884 842 1884 968 1885 842 1885 969 1885 969 1886 842 1886 840 1886 969 1887 840 1887 970 1887 970 1888 840 1888 838 1888 970 1889 838 1889 971 1889 971 1890 838 1890 836 1890 971 1891 836 1891 972 1891 972 1892 836 1892 834 1892 972 1893 834 1893 973 1894 973 1895 834 1895 832 1895 973 1896 832 1896 974 1896 974 1897 832 1897 830 1897 974 1898 830 1898 975 1898 975 1899 830 1899 964 1899 867 1900 866 1900 976 1900 866 1901 889 1902 976 1903 976 1904 889 1904 887 1904 976 1905 887 1905 977 1905 977 1906 887 1906 885 1906 977 1907 885 1907 978 1907 978 1908 885 1909 883 1910 978 1911 883 1911 979 1911 979 1912 883 1912 881 1912 979 1913 881 1913 980 1913 980 1914 881 1914 879 1914 980 1915 879 1915 981 1915 981 1916 879 1916 877 1916 981 1917 877 1917 982 1917 982 1918 877 1918 875 1918 982 1919 875 1919 983 1919 983 1920 875 1920 873 1920 983 1921 873 1921 984 1921 984 1922 873 1922 871 1922 984 1923 871 1923 985 1923 985 1924 871 1925 869 1925 985 1926 869 1926 986 1926 986 1927 869 1928 867 1929 986 1930 867 1930 987 1930 987 1931 867 1931 976 1931 988 1932 989 1932 990 1932 991 1933 988 1933 992 1933 992 1934 988 1934 990 1934 992 1935 990 1935 993 1935 993 1936 990 1936 994 1936 993 1937 994 1937 995 1937 995 1938 994 1938 996 1938 993 1939 995 1939 997 1939 998 1940 992 1941 999 1942 999 1943 992 1943 993 1943 999 1944 993 1945 1000 1946 1000 1947 993 1948 997 1947 1000 1949 997 1949 1001 1949 997 1950 1002 1951 1003 1952 1001 1953 997 1953 1004 1953 1004 1954 997 1954 1003 1954 1004 1955 1003 1955 1005 1956 1005 1957 1003 1957 1006 1957 1005 1958 1006 1958 1007 1958 1008 1959 1009 1959 1010 1959 1011 1960 994 1960 1012 1960 1012 1961 994 1961 990 1961 1011 1962 1013 1962 994 1962 994 1963 1013 1963 1010 1963 994 1964 1010 1964 996 1964 1014 1965 1015 1966 1016 1967 1016 1968 1015 1968 1008 1968 1016 1969 1008 1970 1017 1971 1017 1972 1008 1972 1010 1972 1017 1973 1010 1973 1018 1973 1018 1974 1010 1975 1013 1975 1019 1976 1020 1976 1021 1976 1022 1977 1019 1977 1023 1977 1023 1978 1019 1978 1021 1978 1023 1979 1021 1979 1024 1979 1024 1980 1021 1980 1025 1980 1024 1981 1025 1981 1026 1981 1026 1982 1025 1982 1027 1982 1028 1983 1009 1983 1008 1983 1029 1984 1030 1984 1031 1984 1032 1985 1029 1985 1015 1985 1015 1986 1029 1986 1031 1986 1015 1987 1031 1988 1008 1989 1008 1990 1031 1990 1033 1990 1008 1991 1033 1991 1028 1991 1024 1992 1026 1993 1034 1994 1035 1995 1023 1996 1036 1997 1036 1998 1023 1998 1024 1998 1036 1999 1024 2000 1037 2001 1037 2002 1024 2003 1034 2003 1037 2004 1034 2004 1038 2004 1034 2005 1028 2006 1033 2007 1038 2008 1034 2009 1039 2010 1039 2011 1034 2011 1033 2011 1039 2012 1033 2012 1040 2012 1040 2013 1033 2014 1031 2015 1040 2016 1031 2016 1041 2016 1042 2017 1043 2017 1006 2017 1044 2018 1042 2018 1045 2018 1045 2019 1042 2019 1006 2019 1045 2020 1006 2020 1046 2020 1046 2021 1006 2021 1003 2021 1046 2022 1003 2022 1047 2022 1047 2023 1003 2023 1002 2023 1034 2024 1026 2025 1027 2026 997 2027 995 2028 996 2029 1047 2030 1002 2031 1048 2032 1048 2033 1002 2033 997 2033 1048 2034 997 2034 1010 2034 1010 2035 997 2035 996 2035 1009 2036 1028 2037 1010 2038 1010 2039 1028 2039 1034 2039 1010 1368 1034 1368 1048 1368 1048 2040 1034 2041 1027 2042 1049 2043 736 2043 1050 2043 1050 2044 736 2044 739 2044 1050 2045 739 2045 1051 2045 739 2046 721 2046 1051 2046 1051 2047 721 2048 723 2049 1051 2050 723 2050 724 2050 724 2051 725 2052 1051 2053 1051 2054 725 2054 720 2054 1051 2055 720 2055 718 2055 718 2056 719 2056 1051 2056 1051 2057 719 2057 696 2057 1051 2058 696 2058 1052 2058 1052 2059 696 2059 695 2059 1052 2060 695 2060 1053 2061 1053 2062 695 2062 698 2062 1053 2063 698 2063 1054 2063 698 2064 705 2064 1054 2064 1054 2065 705 2065 706 2065 1054 2066 706 2066 707 2066 707 2067 708 2067 1054 2067 1054 2068 708 2068 711 2068 1054 2069 711 2069 712 2069 749 2070 1055 2070 750 2070 750 2071 1055 2071 1054 2071 750 2072 1054 2072 714 2072 714 2073 1054 2073 712 2073 1055 2074 749 2074 1056 2074 1056 2075 749 2076 754 2076 1056 2077 754 2077 892 2077 892 2078 896 2078 1056 2078 1056 2079 896 2080 895 2081 1056 2082 895 2082 894 2082 894 2083 893 2083 1056 2083 1056 2084 893 2085 891 2086 1056 2087 891 2087 1057 2087 1057 2088 891 2088 727 2088 1057 2089 727 2089 1058 2089 1058 2090 727 2090 726 2090 1058 2091 726 2091 1059 2091 1059 2092 726 2092 729 2092 1059 2093 729 2093 1060 2093 729 2094 742 2094 1060 2094 1060 2095 742 2095 743 2095 1060 2096 743 2097 744 2098 744 2099 745 2099 1060 2099 1060 2100 745 2100 746 2100 1060 2101 746 2101 747 2101 736 2102 1049 2102 737 2102 737 2103 1049 2103 1060 2103 737 2104 1060 2104 748 2104 748 2105 1060 2105 747 2105 1061 2106 797 2106 1062 2106 1062 2107 797 2108 800 2109 1062 2110 800 2110 1063 2110 800 2111 782 2111 1063 2111 1063 2112 782 2113 784 2114 1063 2115 784 2116 785 2117 785 2118 786 2118 1063 2118 1063 2119 786 2119 781 2119 1063 2120 781 2120 779 2120 779 2121 780 2121 1063 2121 1063 2122 780 2122 760 2122 1063 2123 760 2123 1064 2123 1064 2124 760 2124 759 2124 1064 2125 759 2125 1065 2125 1065 2126 759 2127 762 2127 1065 2128 762 2128 1066 2128 762 2129 766 2129 1066 2129 1066 2130 766 2130 767 2130 1066 2131 767 2132 768 2133 768 2134 769 2135 1066 2134 1066 2136 769 2137 772 2138 1066 2139 772 2140 773 2141 812 2142 1067 2142 813 2142 813 2143 1067 2143 1066 2143 813 2144 1066 2144 775 2144 775 2145 1066 2145 773 2145 1067 2146 812 2146 1068 2146 1068 2147 812 2147 814 2147 1068 2148 814 2148 898 2148 898 2149 902 2149 1068 2149 1068 2150 902 2150 901 2150 1068 2151 901 2151 900 2151 900 2152 899 2152 1068 2152 1068 2153 899 2154 897 2153 1068 2155 897 2155 1069 2155 1069 2156 897 2156 788 2156 1069 2157 788 2157 1070 2157 1070 2158 788 2158 787 2158 1070 2159 787 2159 1071 2159 1071 2160 787 2160 790 2160 1071 2161 790 2161 1072 2161 790 2162 803 2162 1072 2162 1072 2163 803 2164 804 2165 1072 2166 804 2167 805 2168 805 2169 806 2169 1072 2169 1072 2170 806 2171 807 2170 1072 2172 807 2172 808 2172 797 2173 1061 2174 798 2175 798 2176 1061 2176 1072 2176 798 2177 1072 2177 809 2177 809 2178 1072 2179 808 2178 927 2180 908 2180 907 2180 910 2181 913 2181 909 2181 922 1708 921 1708 960 1708 930 2182 929 2182 947 2182 1073 1734 936 1734 935 1734 938 2183 950 2184 937 2185 956 2186 946 2186 945 2186 962 2187 1074 2187 961 2187 958 2188 957 2189 963 2190 936 2191 1073 2192 940 2191 940 2193 1073 2194 1075 2195 963 2196 942 2197 940 2198 1075 2199 1076 2200 940 2201 940 2202 1076 2202 1077 2202 940 2203 1077 2204 963 2205 963 2206 1077 2206 1078 2206 963 2207 1078 2207 958 2207 958 2208 1078 2208 1074 2208 958 2209 1074 2209 962 2209 1079 2210 1080 2210 1081 2210 1082 2211 1079 2212 1083 2213 1083 2214 1079 2214 1081 2214 1083 2215 1081 2215 1084 2215 1084 2216 1081 2216 1085 2216 1084 2217 1085 2218 1086 2219 1086 2220 1085 2221 1087 2222 1084 2223 1086 2223 1088 2223 1089 2224 1083 2224 1090 2224 1090 2225 1083 2225 1084 2225 1090 2226 1084 2226 1091 2226 1091 2227 1084 2227 1088 2227 1091 2228 1088 2228 1092 2228 1088 2229 1093 2229 1094 2230 1092 2231 1088 2232 1095 2233 1095 2234 1088 2235 1094 2236 1095 2237 1094 2237 1096 2237 1096 2238 1094 2238 1097 2238 1096 2239 1097 2240 1098 2241 1099 2242 1100 2243 1101 2243 1102 2244 1085 2244 1103 2244 1103 2245 1085 2246 1081 2247 1102 2248 1104 2248 1085 2248 1085 2249 1104 2249 1101 2249 1085 2250 1101 2250 1087 2250 1105 2251 1106 2251 1107 2251 1107 2252 1106 2252 1099 2252 1107 2253 1099 2254 1108 2255 1108 2256 1099 2256 1101 2256 1108 2257 1101 2257 1109 2257 1109 2258 1101 2258 1104 2258 1110 2259 1111 2260 1112 2260 1113 2261 1110 2261 1114 2261 1114 2262 1110 2262 1112 2262 1114 2263 1112 2263 1115 2263 1115 2264 1112 2264 1116 2264 1115 2265 1116 2266 1117 2267 1117 2268 1116 2269 1118 2270 1119 2271 1100 2271 1099 2271 1120 1012 1121 1012 1122 1012 1123 2272 1120 2272 1106 2272 1106 911 1120 911 1122 911 1106 2273 1122 2273 1099 2273 1099 2274 1122 2274 1124 2274 1099 2275 1124 2275 1119 2275 1115 2276 1117 2277 1125 2278 1126 2279 1114 2279 1127 2279 1127 2280 1114 2280 1115 2280 1127 2281 1115 2282 1128 2283 1128 2284 1115 2284 1125 2284 1128 2285 1125 2286 1129 2287 1125 2288 1119 2288 1124 2288 1129 2289 1125 2290 1130 2291 1130 2292 1125 2292 1124 2292 1130 2293 1124 2294 1131 2295 1131 2296 1124 2296 1122 2296 1131 2297 1122 2298 1132 2299 1133 2300 1134 2300 1097 2300 1135 2301 1133 2301 1136 2301 1136 2302 1133 2302 1097 2302 1136 2303 1097 2303 1137 2303 1137 2304 1097 2304 1094 2304 1137 2305 1094 2305 1138 2305 1138 2306 1094 2306 1093 2306 1100 948 1119 948 1101 948 1101 2307 1119 2307 1125 2307 1138 2308 1093 2309 1139 2310 1139 2311 1093 2312 1088 2313 1086 948 1087 948 1088 948 1088 948 1087 948 1101 948 1088 948 1101 948 1139 948 1139 948 1101 948 1125 948 1139 948 1125 948 1118 948 1118 948 1125 948 1117 948 973 2314 1140 2314 972 2314 972 948 1140 948 1141 948 972 948 1141 948 971 948 971 2315 1141 2315 1142 2315 971 948 1142 948 970 948 970 948 1142 948 1143 948 970 948 1143 948 969 948 969 948 1143 948 1144 948 969 2316 1144 2316 968 2316 968 948 1144 948 1145 948 968 2317 1145 2317 967 2317 967 2318 1145 2318 1146 2318 967 2319 1146 2319 966 2319 966 948 1146 948 1147 948 966 948 1147 948 965 948 965 2320 1147 2320 1148 2320 965 948 1148 948 964 948 964 948 1148 948 1149 948 964 948 1149 948 975 948 975 948 1149 948 1150 948 975 2321 1150 2321 974 2321 974 948 1150 948 1151 948 974 2322 1151 2322 973 2322 973 2323 1151 2323 1140 2323 986 2324 1152 2324 985 2324 985 2325 1152 2325 1153 2325 985 948 1153 948 984 948 984 948 1153 948 1154 948 984 2326 1154 2326 983 2326 983 948 1154 948 1155 948 983 948 1155 948 982 948 982 948 1155 948 1156 948 982 948 1156 948 981 948 981 948 1156 948 1157 948 981 2327 1157 2327 980 2327 980 2328 1157 2328 1158 2328 980 2329 1158 2329 979 2329 979 2318 1158 2318 1159 2318 979 948 1159 948 978 948 978 948 1159 948 1160 948 978 2330 1160 2330 977 2330 977 2331 1160 2331 1161 2331 977 948 1161 948 976 948 976 948 1161 948 1162 948 976 948 1162 948 987 948 987 948 1162 948 1163 948 987 2332 1163 2332 986 2332 986 948 1163 948 1152 948 1164 417 1165 417 1166 417 1166 2333 1165 2333 1167 2333 1166 417 1167 417 1168 417 1168 417 1167 417 1169 417 1170 1056 1171 1056 1172 1056 1172 1056 1171 1056 1173 1056 1172 1056 1173 1056 1174 1056 1174 1056 1173 1056 1175 1056 1173 2334 1171 2334 1176 2334 1176 2335 1171 2335 1177 2335 1176 2336 1177 2336 1178 2336 1178 2337 1177 2337 1179 2337 1179 2338 1177 2338 1180 2338 1179 2339 1180 2339 1181 2339 1181 2340 1180 2340 1182 2340 1182 2341 1180 2341 1183 2341 1182 2342 1183 2342 1184 2342 1184 2343 1183 2343 1185 2343 1185 2344 1183 2344 1186 2344 1185 2345 1186 2345 1187 2345 1187 2346 1186 2346 1188 2346 1188 2347 1186 2347 1189 2347 1188 2348 1189 2348 1190 2348 1190 2349 1189 2349 1191 2349 1191 2350 1189 2350 1192 2350 1191 2351 1192 2351 1193 2351 1193 2352 1192 2352 1169 2352 1193 2353 1169 2353 1167 2353 1012 2354 990 2354 989 2354 992 2355 998 2355 991 2355 1007 1708 1006 1708 1043 1708 1015 1708 1014 1708 1032 1708 1194 2356 1021 2356 1020 2356 1023 2357 1035 2357 1022 2357 1041 2358 1031 2358 1030 2358 1045 948 1195 948 1044 948 1046 2359 1047 2359 1048 2359 1021 2360 1194 2361 1025 2362 1025 2363 1194 2364 1196 2365 1025 2366 1196 2367 1197 2368 1197 2369 1198 2369 1025 2369 1025 2370 1198 2371 1048 2372 1025 2373 1048 2373 1027 2373 1198 2374 1199 2375 1048 2376 1048 2377 1199 2377 1200 2377 1048 2378 1200 2378 1046 2378 1046 2379 1200 2379 1195 2379 1046 2380 1195 2380 1045 2380 1201 2381 1056 2381 1202 2381 1202 2382 1056 2382 1057 2382 1202 2383 1057 2383 1203 2383 1203 2384 1057 2384 1058 2384 1203 2385 1058 2385 1204 2385 1204 2386 1058 2386 1059 2386 1204 2387 1059 2387 1205 2387 1205 2388 1059 2388 1060 2388 1205 2389 1060 2389 1206 2389 1206 2390 1060 2390 1049 2390 1206 2391 1049 2391 1207 2391 1207 2392 1049 2392 1050 2392 1207 2393 1050 2393 1208 2393 1208 2394 1050 2395 1051 2396 1208 2397 1051 2397 1209 2397 1209 2398 1051 2398 1052 2398 1209 2399 1052 2399 1210 2399 1210 2400 1052 2400 1053 2400 1210 2401 1053 2401 1211 2401 1211 2402 1053 2402 1054 2402 1211 2403 1054 2403 1212 2403 1212 2404 1054 2404 1055 2404 1212 2405 1055 2405 1201 2405 1201 2406 1055 2406 1056 2406 1213 2407 1214 2407 1215 2407 1215 2408 1214 2408 1216 2408 1215 2409 1216 2409 1217 2409 1217 2410 1216 2410 1218 2410 1217 2411 1218 2411 1219 2411 1219 2412 1218 2412 1220 2412 1219 2413 1220 2413 1221 2413 1221 2414 1220 2414 1222 2414 1221 2415 1222 2415 1223 2415 1223 2416 1222 2416 1224 2416 1223 2417 1224 2418 1225 2419 1225 2420 1224 2420 1226 2420 1225 2421 1226 2421 1227 2421 1227 2422 1226 2422 1228 2422 1227 2423 1228 2423 1229 2423 1229 2424 1228 2425 1230 2426 1229 2427 1230 2427 1231 2427 1231 2428 1230 2428 1232 2428 1231 2429 1232 2429 1233 2429 1233 2430 1232 2430 1234 2430 1233 2431 1234 2431 1235 2431 1235 2432 1234 2432 1236 2432 1235 2433 1236 2433 1237 2433 1237 2434 1236 2434 1213 2434 1237 2435 1213 2435 1215 2435 1201 2436 1237 2436 1212 2436 1212 2437 1237 2437 1215 2437 1212 2438 1215 2438 1211 2438 1211 2439 1215 2439 1217 2439 1211 2440 1217 2440 1210 2440 1210 2441 1217 2441 1219 2441 1210 2442 1219 2442 1209 2442 1209 2443 1219 2443 1221 2443 1209 2444 1221 2444 1208 2444 1208 2445 1221 2445 1223 2445 1208 2446 1223 2446 1207 2446 1207 2447 1223 2447 1225 2447 1207 2448 1225 2448 1206 2448 1206 2449 1225 2449 1227 2449 1206 2450 1227 2450 1205 2450 1205 2451 1227 2451 1229 2451 1205 2452 1229 2452 1204 2452 1204 2453 1229 2453 1231 2453 1204 2454 1231 2454 1203 2454 1203 2455 1231 2455 1233 2455 1203 2456 1233 2456 1202 2456 1202 2457 1233 2457 1235 2457 1202 2458 1235 2458 1201 2458 1201 2459 1235 2459 1237 2459 1238 2460 1068 2460 1239 2460 1239 2461 1068 2461 1069 2461 1239 2462 1069 2462 1240 2462 1240 2463 1069 2463 1070 2463 1240 2464 1070 2464 1241 2464 1241 2465 1070 2465 1071 2465 1241 2466 1071 2467 1242 2467 1242 2468 1071 2468 1072 2468 1242 2469 1072 2469 1243 2469 1243 2470 1072 2470 1061 2470 1243 2471 1061 2471 1244 2471 1244 2472 1061 2472 1062 2472 1244 2473 1062 2473 1245 2473 1245 2474 1062 2474 1063 2474 1245 2475 1063 2475 1246 2475 1246 2476 1063 2476 1064 2476 1246 2477 1064 2477 1247 2477 1247 2478 1064 2478 1065 2478 1247 2479 1065 2479 1248 2479 1248 2480 1065 2480 1066 2480 1248 2481 1066 2481 1249 2481 1249 2482 1066 2482 1067 2482 1249 2483 1067 2483 1238 2483 1238 2484 1067 2484 1068 2484 1250 2485 1251 2485 1252 2485 1252 2486 1251 2486 1253 2486 1252 2487 1253 2487 1254 2487 1254 2488 1253 2488 1255 2488 1254 2489 1255 2489 1256 2489 1256 2490 1255 2490 1257 2490 1256 2491 1257 2491 1258 2491 1258 2492 1257 2492 1259 2492 1258 2493 1259 2493 1260 2493 1260 2494 1259 2494 1261 2494 1260 2495 1261 2495 1262 2495 1262 2496 1261 2496 1263 2496 1262 2497 1263 2497 1264 2497 1264 2498 1263 2498 1265 2498 1264 2499 1265 2499 1266 2499 1266 2500 1265 2501 1267 2502 1266 2503 1267 2503 1268 2503 1268 2504 1267 2504 1269 2504 1268 2505 1269 2505 1270 2505 1270 2506 1269 2507 1271 2508 1270 2509 1271 2509 1272 2509 1272 2510 1271 2510 1273 2510 1272 2511 1273 2511 1274 2511 1274 2512 1273 2513 1250 2514 1274 2515 1250 2515 1252 2515 1238 2516 1274 2516 1249 2516 1249 2517 1274 2517 1252 2517 1249 2518 1252 2518 1248 2518 1248 2519 1252 2519 1254 2519 1248 2520 1254 2520 1247 2520 1247 2521 1254 2521 1256 2521 1247 2522 1256 2522 1246 2522 1246 2523 1256 2523 1258 2523 1246 2524 1258 2524 1245 2524 1245 2525 1258 2526 1260 2527 1245 2528 1260 2528 1244 2528 1244 2529 1260 2529 1262 2529 1244 2530 1262 2530 1243 2530 1243 2531 1262 2531 1264 2531 1243 2532 1264 2532 1242 2532 1242 2533 1264 2533 1266 2533 1242 2534 1266 2535 1241 2536 1241 2537 1266 2537 1268 2537 1241 2538 1268 2538 1240 2538 1240 2539 1268 2539 1270 2539 1240 2540 1270 2540 1239 2540 1239 2541 1270 2541 1272 2541 1239 2542 1272 2542 1238 2542 1238 2543 1272 2543 1274 2543 1275 2544 944 2544 1276 2544 1276 2545 944 2546 947 2547 1276 2548 947 2548 1277 2548 947 2549 929 2549 1277 2549 1277 2550 929 2551 931 2552 1277 2553 931 2554 932 2555 932 2556 933 2556 1277 2556 1277 2557 933 2557 928 2557 1277 2558 928 2558 926 2558 926 2559 927 2559 1277 2559 1277 2560 927 2560 907 2560 1277 2561 907 2561 1278 2561 1278 2562 907 2562 906 2562 1278 2563 906 2563 1279 2563 1279 2564 906 2564 909 2564 1279 2565 909 2565 1280 2565 909 2566 913 2566 1280 2566 1280 2567 913 2568 914 2569 1280 2570 914 2571 915 2572 915 2573 916 2573 1280 2573 1280 2574 916 2575 919 2576 1280 2577 919 2578 920 2579 959 2580 1281 2580 960 2580 960 2143 1281 2143 1280 2143 960 2581 1280 2581 922 2581 922 2582 1280 2583 920 2582 1281 2584 959 2584 1282 2584 1282 2585 959 2585 961 2585 1282 2586 961 2586 1074 2586 1074 2587 1078 2588 1282 2589 1282 2590 1078 2590 1077 2590 1282 2591 1077 2591 1076 2592 1076 2593 1075 2593 1282 2593 1282 2594 1075 2594 1073 2594 1282 2595 1073 2595 1283 2595 1283 2596 1073 2596 935 2596 1283 2597 935 2597 1284 2597 1284 2598 935 2598 934 2598 1284 2599 934 2599 1285 2599 1285 2600 934 2600 937 2601 1285 2602 937 2602 1286 2602 937 2603 950 2603 1286 2603 1286 2604 950 2604 951 2604 1286 2605 951 2606 952 2607 952 2608 953 2608 1286 2608 1286 2609 953 2609 954 2609 1286 2610 954 2610 955 2610 944 2611 1275 2611 945 2611 945 2612 1275 2612 1286 2612 945 2613 1286 2613 956 2613 956 2614 1286 2615 955 2615 1103 1053 1081 1053 1080 1053 1083 1055 1089 1055 1082 1055 1098 417 1097 417 1134 417 1106 417 1105 417 1123 417 1287 1055 1112 1055 1111 1055 1114 2616 1126 2616 1113 2616 1132 1056 1122 1056 1121 1056 1136 1056 1288 1056 1135 1056 1137 2617 1138 2618 1139 2618 1112 2619 1287 2619 1116 2619 1116 2620 1287 2620 1289 2620 1116 2621 1289 2621 1290 2621 1290 2622 1291 2622 1116 2622 1116 2623 1291 2623 1139 2623 1116 2624 1139 2625 1118 2626 1291 2627 1292 2628 1139 2629 1139 2630 1292 2630 1293 2630 1139 2631 1293 2631 1137 2631 1137 2632 1293 2632 1288 2632 1137 1073 1288 1073 1136 1073 1294 948 1168 948 1295 948 1295 948 1168 948 1169 948 1295 2633 1169 2633 1296 2633 1296 2634 1169 2634 1192 2634 1296 948 1192 948 1297 948 1297 948 1192 948 1189 948 1297 948 1189 948 1298 948 1298 948 1189 948 1186 948 1298 948 1186 948 1299 948 1299 948 1186 948 1183 948 1299 948 1183 948 1300 948 1300 948 1183 948 1180 948 1300 2635 1180 2635 1301 2635 1301 948 1180 948 1177 948 1301 948 1177 948 1302 948 1302 2636 1177 2636 1171 2636 1302 948 1171 948 1303 948 1303 948 1171 948 1170 948 1304 2637 1305 2637 1306 2637 1306 2638 1305 2638 1307 2638 1308 2639 1309 2639 1310 2639 1310 2640 1309 2640 1311 2640 1310 2641 1311 2641 1312 2641 1312 2642 1311 2642 1313 2642 1313 2643 1311 2643 1314 2643 1313 2644 1314 2644 1315 2644 1315 2645 1314 2645 1316 2645 1316 2646 1314 2646 1317 2646 1316 2647 1317 2647 1318 2647 1318 2648 1317 2648 1319 2648 1319 2649 1317 2649 1320 2649 1319 2650 1320 2650 1321 2650 1321 2651 1320 2651 1322 2651 1322 2652 1320 2652 1323 2652 1322 2653 1323 2653 1324 2653 1324 2654 1323 2654 1325 2654 1325 2655 1323 2655 1326 2655 1325 2656 1326 2656 1327 2656 1327 2657 1326 2657 1305 2657 1327 2658 1305 2658 1304 2658 1328 2659 1329 2659 1308 2659 1308 2660 1329 2660 1309 2660 1144 2661 1330 2661 1145 2661 1145 2662 1330 2662 1331 2662 1145 2662 1331 2662 1146 2662 1146 2663 1331 2663 1332 2663 1146 2664 1332 2664 1147 2664 1332 2665 1333 2665 1147 2665 1147 2666 1333 2666 1334 2666 1147 2667 1334 2667 1148 2667 1148 2668 1334 2668 1335 2668 1148 2669 1335 2669 1149 2669 1149 2670 1335 2670 1336 2670 1149 2671 1336 2671 1150 2671 1150 2672 1336 2672 1337 2672 1150 2673 1337 2673 1151 2673 1151 2674 1337 2674 1338 2674 1151 2674 1338 2674 1140 2674 1140 2675 1338 2675 1339 2675 1140 2675 1339 2675 1141 2675 1141 2676 1339 2676 1340 2676 1141 2677 1340 2677 1142 2677 1142 2678 1340 2678 1341 2678 1142 2678 1341 2678 1143 2678 1143 2679 1341 2679 1342 2679 1143 2680 1342 2680 1144 2680 1144 2681 1342 2681 1343 2681 1144 2682 1343 2682 1330 2682 1344 2683 1345 2683 1346 2683 1346 2684 1345 2684 1347 2684 1348 2685 1349 2685 1350 2685 1350 2686 1349 2686 1351 2686 1350 2687 1351 2687 1352 2687 1352 2688 1351 2688 1353 2688 1353 2689 1351 2689 1354 2689 1353 2690 1354 2690 1355 2690 1355 2691 1354 2691 1356 2691 1356 2692 1354 2692 1357 2692 1356 2693 1357 2693 1358 2693 1358 2694 1357 2694 1359 2694 1359 2695 1357 2695 1360 2695 1359 2696 1360 2696 1361 2696 1361 2697 1360 2697 1362 2697 1362 2698 1360 2698 1363 2698 1362 2699 1363 2699 1364 2699 1364 2700 1363 2700 1365 2700 1365 2701 1363 2701 1366 2701 1365 2702 1366 2702 1367 2702 1367 2703 1366 2703 1345 2703 1367 2704 1345 2704 1344 2704 1368 2705 1369 2705 1348 2705 1348 2706 1369 2706 1349 2706 1153 2707 1370 2707 1154 2707 1154 2676 1370 2676 1371 2676 1154 2677 1371 2677 1155 2677 1155 2708 1371 2708 1372 2708 1155 2709 1372 2709 1156 2709 1372 2710 1373 2710 1156 2710 1156 2711 1373 2711 1374 2711 1156 2711 1374 2711 1157 2711 1157 2712 1374 2712 1375 2712 1157 2682 1375 2682 1158 2682 1158 2662 1375 2662 1376 2662 1158 2662 1376 2662 1159 2662 1159 2713 1376 2713 1377 2713 1159 2713 1377 2713 1160 2713 1160 2714 1377 2714 1378 2714 1160 2714 1378 2714 1161 2714 1161 2715 1378 2715 1379 2715 1161 2716 1379 2716 1162 2716 1162 2670 1379 2670 1380 2670 1162 2671 1380 2671 1163 2671 1163 2672 1380 2672 1381 2672 1163 2673 1381 2673 1152 2673 1152 2717 1381 2717 1382 2717 1152 2718 1382 2718 1153 2718 1153 2719 1382 2719 1383 2719 1153 2707 1383 2707 1370 2707 1384 2720 1385 2720 1386 2720 1386 2721 1385 2722 1387 2723 1386 2724 1387 2724 1388 2725 1387 2726 1389 2727 1388 2728 1388 2729 1389 2730 1390 2729 1388 2731 1390 2731 1391 2731 1390 2732 1392 2733 1391 2732 1391 2734 1392 2734 1393 2734 1391 2735 1393 2735 1394 2735 1394 2736 1393 2736 1344 2736 1394 2737 1344 2737 1346 2737 1395 2738 1396 2738 1397 2738 1397 2739 1396 2739 1398 2739 1397 2740 1398 2740 1399 2740 1400 2741 1401 2741 1402 2741 1402 2742 1401 2742 1399 2742 1402 2743 1399 2743 1403 2743 1403 2744 1399 2745 1398 2746 1400 2747 1404 2748 1401 2749 1401 2750 1404 2751 1405 2752 1401 2753 1405 2754 1406 2755 1405 2756 1407 2756 1406 2756 1406 2757 1407 2757 1328 2757 1406 2758 1328 2758 1308 2758 1395 2759 1397 2760 1408 2761 1395 2762 1408 2763 1409 2764 1409 2765 1408 2765 1410 2765 1409 2766 1410 2767 1411 2768 1411 2769 1410 2770 1412 2771 1411 2772 1412 2773 1413 2774 1412 2775 1414 2776 1413 2777 1413 2778 1414 2779 1415 2780 1413 2781 1415 2782 1416 2783 1416 2784 1415 2785 1417 2786 1416 2787 1417 2788 1418 2789 1418 2790 1417 2791 1419 2792 1418 2793 1419 2794 1420 2795 1420 2796 1419 2797 1421 2798 1420 2799 1421 2800 1422 2801 1422 2802 1421 2802 1423 2802 1422 2803 1423 2804 1424 2805 1425 2806 1424 2807 1426 2808 1426 2809 1424 2810 1423 2811 1426 2812 1423 2813 1427 2814 1427 2815 1423 2816 1428 2817 1429 2818 1430 2819 1431 2820 1431 2821 1430 2821 1432 2821 1431 2822 1432 2822 1433 2822 1433 2823 1432 2823 1434 2823 1433 2824 1434 2825 1435 2826 1435 2827 1434 2827 1436 2827 1435 2828 1436 2828 1437 2828 1437 2829 1436 2829 1438 2829 1437 2830 1438 2830 1439 2830 1439 2831 1438 2831 1440 2831 1439 2832 1440 2833 1441 2834 1441 2835 1440 2835 1442 2835 1441 2836 1442 2837 1443 2836 1443 2838 1442 2839 1444 2838 1443 2840 1444 2841 1445 2841 1445 2842 1444 2843 1446 2842 1430 2844 1447 2844 1432 2844 1432 2845 1447 2846 1448 2845 1432 2847 1448 2847 1434 2847 1434 2848 1448 2849 1449 2850 1434 2851 1449 2851 1436 2851 1436 2852 1449 2852 1450 2852 1436 2853 1450 2853 1438 2853 1438 2854 1450 2855 1451 2856 1438 2857 1451 2857 1440 2857 1440 2858 1451 2858 1452 2858 1440 2859 1452 2859 1442 2859 1442 2860 1452 2860 1453 2860 1442 2861 1453 2862 1444 2863 1444 2864 1453 2864 1454 2864 1444 2865 1454 2865 1446 2865 1446 2866 1454 2867 1455 2868 1308 2869 1447 2869 1406 2869 1406 2870 1447 2870 1430 2870 1406 2871 1430 2871 1401 2871 1401 2872 1430 2872 1429 2872 1401 2873 1429 2873 1399 2873 1308 2874 1310 2874 1447 2874 1447 2875 1310 2875 1312 2875 1447 2876 1312 2876 1448 2876 1448 2877 1312 2877 1313 2877 1448 2878 1313 2879 1449 2880 1449 2881 1313 2881 1315 2881 1449 2882 1315 2882 1450 2882 1315 2883 1316 2883 1450 2883 1450 2884 1316 2885 1318 2886 1450 2887 1318 2888 1451 2889 1451 2890 1318 2890 1319 2890 1451 2891 1319 2891 1452 2891 1452 2892 1319 2892 1321 2892 1452 2893 1321 2893 1453 2893 1327 2894 1455 2895 1325 2896 1325 2897 1455 2897 1454 2897 1325 2898 1454 2898 1324 2898 1324 2899 1454 2899 1453 2899 1324 2900 1453 2900 1322 2900 1322 2901 1453 2901 1321 2901 1397 2902 1399 2902 1408 2902 1408 2903 1399 2904 1429 2904 1408 2905 1429 2905 1410 2905 1410 2906 1429 2906 1431 2906 1410 2907 1431 2907 1412 2907 1412 2908 1431 2908 1433 2908 1412 2909 1433 2909 1414 2909 1414 2910 1433 2911 1435 2912 1414 2913 1435 2913 1415 2913 1415 2914 1435 2914 1437 2914 1415 2915 1437 2915 1417 2915 1417 2916 1437 2916 1439 2916 1417 2917 1439 2917 1419 2917 1419 2918 1439 2918 1441 2918 1419 2919 1441 2919 1421 2919 1421 2920 1441 2920 1443 2920 1421 2921 1443 2922 1423 2923 1423 2924 1443 2925 1445 2926 1423 2927 1445 2928 1428 2929 1428 2930 1445 2930 1446 2930 1428 2931 1446 2931 1456 2931 1456 2932 1446 2932 1455 2932 1456 2933 1455 2933 1457 2933 1457 2934 1455 2934 1327 2934 1457 2935 1327 2935 1304 2935 1458 2936 1425 2937 1459 2938 1459 2939 1425 2940 1426 2941 1459 2942 1426 2942 1460 2942 1426 2943 1427 2944 1460 2945 1460 2946 1427 2946 1428 2946 1460 2947 1428 2947 1461 2947 1428 2948 1456 2948 1461 2948 1461 2949 1456 2949 1457 2949 1461 2950 1457 2950 1462 2950 1462 2951 1457 2951 1304 2951 1462 2952 1304 2952 1306 2952 1463 2953 1464 2954 1465 2955 1465 2956 1464 2956 1466 2956 1465 2957 1466 2957 1467 2957 1467 2958 1466 2958 1468 2958 1469 2959 1470 2959 1471 2959 1471 2960 1470 2960 1464 2960 1471 2961 1464 2961 1472 2961 1472 2962 1464 2963 1463 2964 1469 2965 1473 2966 1470 2967 1470 2968 1473 2969 1474 2970 1470 2971 1474 2971 1475 2971 1474 2972 1476 2972 1475 2972 1475 2973 1476 2973 1368 2973 1475 2974 1368 2974 1348 2974 1468 2975 1466 2976 1477 2977 1468 2978 1477 2979 1478 2980 1478 2981 1477 2981 1479 2981 1478 2982 1479 2983 1480 2984 1480 2985 1479 2986 1481 2987 1480 2988 1481 2989 1482 2990 1481 2991 1483 2992 1482 2993 1482 2994 1483 2995 1484 2996 1482 2997 1484 2998 1485 2999 1485 3000 1484 3001 1486 3002 1485 3003 1486 3004 1487 3005 1487 3006 1486 3007 1488 3008 1487 3009 1488 3010 1489 3011 1489 3012 1488 3013 1490 3014 1489 3015 1490 3016 1491 3017 1491 3018 1490 3018 1492 3018 1491 3019 1492 3019 1493 3019 1385 3020 1493 3021 1387 3022 1387 3023 1493 3024 1492 3025 1387 3026 1492 3027 1389 3028 1389 3029 1492 3029 1390 3029 1494 3030 1495 3030 1496 3030 1496 3031 1495 3031 1497 3031 1496 3032 1497 3032 1498 3032 1498 3033 1497 3033 1499 3033 1498 3034 1499 3035 1500 3036 1500 3037 1499 3037 1501 3037 1500 3038 1501 3039 1502 3039 1502 3040 1501 3040 1503 3040 1502 3041 1503 3041 1504 3041 1504 3042 1503 3042 1505 3042 1504 3043 1505 3044 1506 3045 1506 3046 1505 3046 1507 3046 1506 3047 1507 3048 1508 3049 1508 3050 1507 3050 1509 3050 1508 3051 1509 3051 1510 3051 1510 3052 1509 3052 1511 3052 1495 3053 1512 3053 1497 3053 1497 3054 1512 3054 1513 3054 1497 3055 1513 3055 1499 3055 1499 3056 1513 3056 1514 3056 1499 3057 1514 3057 1501 3057 1501 3058 1514 3058 1515 3058 1501 3059 1515 3059 1503 3059 1503 3060 1515 3060 1516 3060 1503 3061 1516 3061 1505 3061 1505 3062 1516 3062 1517 3062 1505 3063 1517 3063 1507 3063 1507 3064 1517 3065 1518 3066 1507 3067 1518 3068 1509 3069 1509 3070 1518 3070 1519 3070 1509 3071 1519 3071 1511 3071 1511 3072 1519 3072 1520 3072 1348 3073 1512 3073 1475 3073 1475 3074 1512 3074 1495 3074 1475 3075 1495 3075 1470 3075 1470 3076 1495 3077 1494 3077 1470 3078 1494 3078 1464 3078 1348 3079 1350 3079 1512 3079 1512 3080 1350 3080 1352 3080 1512 3081 1352 3081 1513 3081 1513 3082 1352 3082 1353 3082 1513 3083 1353 3083 1514 3083 1514 3084 1353 3084 1355 3084 1514 3085 1355 3085 1515 3085 1355 3086 1356 3086 1515 3086 1515 3087 1356 3087 1358 3087 1515 3088 1358 3088 1516 3088 1516 3089 1358 3089 1359 3089 1516 3090 1359 3090 1517 3090 1517 3091 1359 3091 1361 3091 1517 3092 1361 3093 1518 3094 1367 3095 1520 3095 1365 3095 1365 3096 1520 3096 1519 3096 1365 3097 1519 3097 1364 3097 1364 3098 1519 3099 1518 3100 1364 3101 1518 3102 1362 3103 1362 3104 1518 3105 1361 3106 1466 3107 1464 3107 1477 3107 1477 3108 1464 3109 1494 3110 1477 3111 1494 3111 1479 3111 1479 3112 1494 3112 1496 3112 1479 3113 1496 3113 1481 3113 1481 3114 1496 3114 1498 3114 1481 3115 1498 3115 1483 3115 1483 3116 1498 3116 1500 3116 1483 3117 1500 3117 1484 3117 1484 3118 1500 3118 1502 3118 1484 3119 1502 3119 1486 3119 1486 3120 1502 3121 1504 3122 1486 3123 1504 3123 1488 3124 1488 3125 1504 3125 1506 3125 1488 3126 1506 3126 1490 3126 1490 3127 1506 3127 1508 3127 1490 3128 1508 3128 1492 3128 1492 3129 1508 3129 1510 3129 1492 3130 1510 3130 1390 3130 1390 3131 1510 3131 1511 3131 1390 3132 1511 3132 1392 3132 1392 3133 1511 3133 1520 3133 1392 3134 1520 3134 1393 3134 1393 3135 1520 3135 1367 3135 1393 3136 1367 3136 1344 3137 1521 3138 1522 3138 1523 3138 1523 3139 1522 3140 1524 3141 1523 3142 1524 3142 1525 3142 1524 3143 1526 3143 1525 3143 1525 3144 1526 3144 1527 3144 1525 3145 1527 3145 1528 3145 1528 3146 1527 3146 1529 3146 1529 3147 1527 3147 1530 3147 1529 3148 1530 3148 1531 3148 1531 3149 1530 3149 1167 3149 1531 3150 1167 3150 1165 3150 1532 3151 1533 3151 1534 3151 1534 3152 1533 3152 1535 3152 1534 3153 1535 3154 1536 3155 1536 3156 1535 3156 1537 3156 1537 3157 1535 3158 1538 3159 1537 3160 1538 3160 1539 3160 1539 3161 1538 3161 1540 3161 1539 3162 1540 3163 1541 3164 1541 3165 1542 3166 1539 3167 1539 3168 1542 3169 1543 3170 1539 3171 1543 3171 1544 3171 1175 3172 1173 3172 1545 3172 1545 3173 1173 3173 1544 3173 1545 3174 1544 3175 1546 3176 1546 3177 1544 3177 1543 3177 1173 3178 1176 3178 1547 3178 1548 3179 1549 3179 1550 3179 1551 3180 1552 3181 1553 3182 1532 3183 1549 3184 1554 3185 1554 3186 1549 3186 1548 3186 1554 3187 1548 3188 1555 3189 1556 3190 1557 3191 1558 3192 1524 3193 1522 3194 1559 3195 1559 3196 1556 3196 1560 3196 1561 3197 1562 3197 1563 3197 1532 3198 1534 3198 1549 3198 1549 3199 1534 3199 1536 3200 1549 3201 1536 3202 1550 3202 1550 3203 1536 3203 1537 3203 1550 3204 1537 3204 1539 3204 1564 3205 1562 3205 1565 3205 1565 3206 1562 3206 1561 3206 1565 3207 1561 3207 1566 3207 1553 3208 1555 3209 1551 3210 1551 3211 1555 3212 1548 3213 1551 3214 1548 3214 1567 3214 1567 3215 1548 3215 1550 3215 1567 3216 1550 3216 1568 3216 1568 3217 1550 3218 1539 3219 1568 3220 1539 3220 1544 3220 1569 3221 1564 3221 1570 3221 1570 3222 1564 3222 1565 3222 1570 3223 1565 3223 1571 3223 1571 3224 1565 3224 1566 3224 1571 3225 1566 3225 1572 3225 1552 3226 1551 3226 1573 3226 1573 3227 1551 3227 1567 3227 1573 3228 1567 3228 1574 3228 1574 3229 1567 3229 1568 3229 1574 3230 1568 3231 1547 3232 1547 3233 1568 3233 1544 3233 1547 3234 1544 3234 1173 3234 1176 3235 1178 3235 1547 3235 1547 3236 1178 3236 1575 3236 1547 3237 1575 3237 1574 3237 1574 3238 1575 3238 1576 3238 1574 3239 1576 3240 1573 3241 1573 3242 1576 3242 1577 3242 1573 3243 1577 3243 1552 3243 1552 3244 1577 3245 1578 3246 1552 3247 1578 3248 1553 3249 1553 3250 1578 3251 1579 3252 1178 3253 1179 3253 1575 3253 1575 3254 1179 3254 1580 3254 1575 3255 1580 3255 1576 3255 1576 3256 1580 3256 1581 3256 1576 3257 1581 3258 1577 3259 1577 3260 1581 3260 1582 3260 1577 3261 1582 3261 1578 3261 1578 3262 1582 3262 1583 3262 1578 3263 1583 3264 1579 3265 1579 3266 1583 3267 1584 3268 1179 3269 1181 3270 1580 3269 1580 3271 1181 3271 1572 3271 1580 3272 1572 3272 1581 3272 1581 3273 1572 3273 1566 3273 1581 3274 1566 3274 1582 3274 1582 3275 1566 3275 1561 3275 1582 3276 1561 3277 1583 3278 1583 3279 1561 3279 1563 3279 1583 3280 1563 3281 1584 3282 1584 3283 1563 3284 1557 3285 1181 3286 1182 3286 1572 3286 1572 3287 1182 3287 1184 3287 1572 3288 1184 3288 1571 3288 1571 3289 1184 3289 1185 3289 1571 3290 1185 3290 1570 3290 1570 3291 1185 3291 1187 3291 1570 3292 1187 3292 1569 3292 1569 3293 1187 3294 1188 3294 1569 3295 1188 3295 1190 3295 1557 3296 1563 3297 1558 3298 1558 3299 1563 3299 1562 3299 1558 3300 1562 3300 1585 3300 1585 3301 1562 3301 1564 3301 1585 3302 1564 3302 1586 3302 1586 3303 1564 3303 1569 3303 1586 3304 1569 3304 1587 3304 1587 3305 1569 3305 1190 3305 1587 3306 1190 3306 1191 3306 1556 3307 1558 3307 1560 3307 1560 3308 1558 3309 1585 3310 1560 3311 1585 3311 1588 3311 1588 3312 1585 3312 1586 3312 1588 3313 1586 3313 1589 3313 1589 3314 1586 3314 1587 3314 1589 3315 1587 3315 1590 3315 1590 3316 1587 3316 1191 3316 1590 3317 1191 3317 1193 3317 1559 3318 1560 3318 1524 3318 1524 3319 1560 3319 1588 3319 1524 3320 1588 3320 1526 3320 1526 3321 1588 3321 1589 3321 1526 3322 1589 3323 1527 3324 1527 3325 1589 3326 1590 3326 1527 3327 1590 3327 1530 3327 1530 3328 1590 3328 1193 3328 1530 3329 1193 3329 1167 3329 1591 3330 1029 3330 1592 3330 1592 3331 1029 3331 1032 3331 1592 3332 1032 3332 1593 3332 1032 3333 1014 3333 1593 3333 1593 3334 1014 3334 1016 3334 1593 3335 1016 3336 1017 3337 1017 3338 1018 3339 1593 3340 1593 3341 1018 3342 1013 3343 1593 3344 1013 3344 1011 3344 1011 2056 1012 2056 1593 2056 1593 3345 1012 3345 989 3345 1593 3346 989 3346 1594 3346 1594 3347 989 3347 988 3347 1594 3348 988 3348 1595 3348 1595 3349 988 3350 991 3349 1595 3351 991 3351 1596 3351 991 3352 998 3352 1596 3352 1596 3353 998 3353 999 3353 1596 3354 999 3355 1000 3356 1000 3357 1001 3357 1596 3357 1596 3358 1001 3358 1004 3358 1596 3359 1004 3360 1005 3360 1042 3361 1597 3361 1043 3361 1043 3362 1597 3362 1596 3362 1043 3363 1596 3363 1007 3363 1007 3364 1596 3364 1005 3364 1597 3365 1042 3365 1598 3365 1598 3366 1042 3367 1044 3368 1198 3369 1197 3369 1598 3369 1199 3370 1198 3371 1200 3372 1200 3373 1198 3373 1598 3373 1200 3374 1598 3375 1195 3374 1195 3376 1598 3376 1044 3376 1197 3377 1196 3378 1598 3379 1598 3380 1196 3380 1194 3380 1598 3381 1194 3381 1599 3381 1599 3382 1194 3382 1020 3382 1599 3383 1020 3383 1600 3383 1600 3384 1020 3384 1019 3384 1600 3385 1019 3385 1601 3385 1601 3386 1019 3386 1022 3386 1601 3387 1022 3387 1602 3387 1022 3388 1035 3388 1602 3388 1602 3389 1035 3390 1036 3391 1602 3392 1036 3392 1037 3392 1037 3393 1038 3393 1602 3393 1602 3394 1038 3394 1039 3394 1602 3395 1039 3395 1040 3395 1029 3396 1591 3396 1030 3396 1030 3397 1591 3397 1602 3397 1030 3398 1602 3398 1041 3398 1041 3399 1602 3399 1040 3399 1603 3400 1604 3400 1605 3400 1605 1053 1604 1053 1606 1053 1605 1053 1606 1053 1607 1053 1608 1053 1609 1053 1605 1053 1605 3401 1609 3401 1610 3401 1605 3402 1610 3402 1603 3402 1611 3403 1612 3403 1605 3403 1605 1053 1612 1053 1613 1053 1605 1053 1613 1053 1608 1053 1607 1053 1614 1053 1605 1053 1605 3404 1614 3404 1615 3404 1605 3405 1615 3405 1611 3405 1616 3406 1617 3406 1618 3406 1618 1053 1617 1053 1619 1053 1618 1053 1619 1053 1620 1053 1621 3407 1622 3407 1618 3407 1618 3408 1622 3408 1623 3408 1618 3409 1623 3409 1616 3409 1624 3410 1625 3410 1618 3410 1618 1053 1625 1053 1626 1053 1618 1053 1626 1053 1621 1053 1620 1053 1627 1053 1618 1053 1618 3411 1627 3411 1628 3411 1618 3406 1628 3406 1624 3406 1214 3412 1213 3412 1629 3412 1213 3413 1236 3414 1629 3415 1629 3416 1236 3416 1234 3416 1629 3417 1234 3417 1630 3417 1630 3418 1234 3418 1232 3418 1630 3419 1232 3419 1631 3419 1631 3420 1232 3420 1230 3420 1631 3421 1230 3421 1632 3421 1632 3422 1230 3422 1228 3422 1632 3423 1228 3423 1633 3423 1633 3424 1228 3424 1226 3424 1633 3425 1226 3425 1634 3425 1634 3426 1226 3426 1224 3426 1634 3427 1224 3427 1635 3427 1635 3428 1224 3428 1222 3428 1635 3429 1222 3429 1636 3429 1636 3430 1222 3430 1220 3430 1636 3431 1220 3431 1637 3431 1637 3432 1220 3432 1218 3432 1637 3433 1218 3433 1638 3433 1638 3434 1218 3434 1216 3434 1638 3435 1216 3435 1639 3435 1639 3436 1216 3436 1214 3436 1639 3437 1214 3437 1640 3437 1640 3438 1214 3438 1629 3438 1251 3439 1250 3439 1641 3439 1250 3440 1273 3441 1641 3442 1641 3443 1273 3443 1271 3443 1641 3444 1271 3444 1642 3444 1642 3445 1271 3445 1269 3445 1642 3446 1269 3446 1643 3446 1643 3447 1269 3447 1267 3447 1643 3448 1267 3448 1644 3448 1644 3449 1267 3449 1265 3449 1644 3450 1265 3450 1645 3450 1645 3451 1265 3451 1263 3451 1645 3452 1263 3452 1646 3452 1646 3453 1263 3453 1261 3453 1646 3454 1261 3454 1647 3454 1647 3455 1261 3455 1259 3455 1647 3456 1259 3456 1648 3456 1648 3457 1259 3457 1257 3457 1648 3458 1257 3458 1649 3458 1649 3459 1257 3459 1255 3459 1649 3460 1255 3460 1650 3460 1650 3461 1255 3462 1253 3463 1650 3464 1253 3464 1651 3464 1651 3465 1253 3465 1251 3465 1651 3466 1251 3466 1652 3466 1652 3467 1251 3467 1641 3467 1653 3468 1282 3468 1654 3468 1654 3469 1282 3469 1283 3469 1654 3470 1283 3470 1655 3470 1655 3471 1283 3471 1284 3471 1655 3472 1284 3472 1656 3472 1656 3473 1284 3473 1285 3473 1656 3474 1285 3474 1657 3474 1657 3475 1285 3475 1286 3475 1657 3476 1286 3476 1658 3476 1658 3477 1286 3477 1275 3477 1658 3478 1275 3478 1659 3478 1659 3479 1275 3479 1276 3479 1659 3480 1276 3480 1660 3480 1660 3481 1276 3481 1277 3481 1660 3482 1277 3482 1661 3482 1661 3483 1277 3483 1278 3483 1661 3484 1278 3484 1662 3484 1662 3485 1278 3485 1279 3485 1662 3486 1279 3486 1663 3486 1663 3487 1279 3487 1280 3487 1663 3488 1280 3488 1664 3488 1664 3489 1280 3489 1281 3489 1664 3490 1281 3490 1653 3490 1653 3491 1281 3491 1282 3491 1665 3492 1666 3492 1664 3492 1664 3493 1666 3494 1667 3495 1664 3496 1667 3496 1663 3496 1663 3497 1667 3497 1668 3497 1663 3498 1668 3498 1662 3498 1662 3499 1668 3499 1669 3499 1662 3500 1669 3500 1661 3500 1661 3501 1669 3501 1670 3501 1661 3502 1670 3502 1660 3502 1660 3503 1670 3503 1671 3503 1660 3504 1671 3504 1659 3504 1659 3505 1671 3505 1672 3505 1659 3506 1672 3506 1658 3506 1658 3507 1672 3507 1673 3507 1658 3508 1673 3508 1657 3508 1657 3509 1673 3509 1674 3509 1657 3510 1674 3510 1656 3510 1656 3511 1674 3511 1675 3511 1656 3512 1675 3512 1655 3512 1655 3513 1675 3513 1676 3513 1655 3514 1676 3514 1654 3514 1654 3515 1676 3515 1677 3515 1654 3516 1677 3516 1653 3516 1653 3517 1677 3517 1665 3517 1653 3518 1665 3518 1664 3518 1678 3519 1120 3519 1679 3519 1679 3520 1120 3521 1123 3522 1679 3523 1123 3523 1680 3523 1123 3524 1105 3524 1680 3524 1680 3525 1105 3525 1107 3525 1680 3526 1107 3527 1108 3528 1108 3529 1109 3530 1680 3531 1680 3532 1109 3533 1104 3534 1680 3535 1104 3535 1102 3535 1102 3536 1103 3536 1680 3537 1680 3538 1103 3538 1080 3538 1680 3539 1080 3539 1681 3539 1681 3540 1080 3540 1079 3540 1681 3541 1079 3541 1682 3541 1682 3542 1079 3542 1082 3542 1682 3543 1082 3544 1683 3545 1082 3546 1089 3546 1683 3546 1683 3547 1089 3547 1090 3547 1683 3548 1090 3549 1091 3550 1091 3551 1092 3551 1683 3551 1683 3552 1092 3553 1095 3554 1683 3555 1095 3555 1096 3555 1133 3556 1684 3556 1134 3556 1134 3557 1684 3557 1683 3557 1134 1140 1683 1140 1098 1140 1098 3558 1683 3558 1096 3558 1684 3559 1133 3559 1685 3559 1685 3560 1133 3561 1135 3561 1291 3562 1290 3562 1685 3562 1292 3563 1291 3564 1293 3565 1293 3566 1291 3567 1685 3568 1293 3569 1685 3569 1288 3569 1288 3570 1685 3571 1135 3572 1290 3573 1289 3574 1685 3575 1685 3576 1289 3577 1287 3578 1685 3579 1287 3579 1686 3579 1686 3580 1287 3581 1111 3582 1686 3583 1111 3583 1687 3583 1687 3584 1111 3584 1110 3584 1687 3585 1110 3585 1688 3585 1688 3586 1110 3587 1113 3588 1688 3589 1113 3589 1689 3589 1113 3590 1126 3590 1689 3590 1689 3591 1126 3592 1127 3593 1689 3594 1127 3595 1128 3596 1128 3597 1129 3598 1689 3599 1689 3600 1129 3601 1130 3602 1689 3603 1130 3603 1131 3603 1120 3604 1678 3605 1121 3606 1121 3607 1678 3607 1689 3607 1121 3608 1689 3609 1132 3610 1132 3611 1689 3611 1131 3611 1690 3612 1294 3612 1295 3612 1690 3613 1295 3613 1691 3613 1691 3614 1295 3614 1296 3614 1691 3614 1296 3614 1692 3614 1692 3615 1296 3615 1297 3615 1692 3616 1297 3616 1693 3616 1693 3617 1297 3617 1298 3617 1693 3618 1298 3618 1694 3618 1694 1055 1298 1055 1299 1055 1694 1055 1299 1055 1695 1055 1695 3619 1299 3619 1300 3619 1695 3619 1300 3619 1696 3619 1696 3620 1300 3620 1301 3620 1696 3621 1301 3621 1697 3621 1697 3622 1301 3622 1302 3622 1697 3623 1302 3623 1698 3623 1698 3624 1302 3624 1303 3624 1698 3625 1303 3625 1699 3625 1461 3626 1700 3627 1701 3628 1461 3629 1702 3629 1703 3629 1704 3630 1705 3631 1706 3632 1707 3633 1708 3633 1709 3633 1461 3634 1462 3635 1710 3636 1710 3637 1462 3638 1306 3639 1700 3640 1461 3641 1710 3642 1459 3643 1460 3643 1703 3643 1703 3644 1460 3645 1461 3646 1711 3647 1702 3648 1461 3649 1458 3650 1459 3651 1712 3652 1712 3653 1459 3654 1703 3655 1712 3656 1703 3657 1713 3658 1713 3659 1703 3659 1702 3659 1701 3660 1711 3661 1461 3662 1705 3663 1704 3663 1709 3663 1707 3664 1709 3664 1714 3664 1714 3665 1709 3665 1704 3665 1714 3666 1704 3666 1715 3666 1707 3667 1713 3668 1708 3669 1708 3670 1713 3670 1702 3670 1708 3671 1702 3672 1709 3671 1709 3673 1702 3673 1711 3673 1709 3674 1711 3674 1705 3674 1705 3675 1711 3675 1701 3675 1705 3676 1701 3676 1706 3676 1706 3677 1701 3677 1700 3677 1706 3678 1700 3678 1716 3678 1716 3679 1700 3679 1710 3679 1716 3680 1710 3680 1717 3680 1717 3681 1710 3681 1306 3681 1718 3682 1342 3682 1329 3682 1329 3683 1342 3683 1341 3683 1329 948 1341 948 1309 948 1309 948 1341 948 1340 948 1309 3684 1340 3684 1311 3684 1311 3685 1340 3685 1339 3685 1311 948 1339 948 1314 948 1314 3686 1339 3686 1338 3686 1314 948 1338 948 1317 948 1317 3687 1338 3687 1337 3687 1332 948 1719 948 1333 948 1333 3688 1719 3688 1307 3688 1333 3689 1307 3689 1334 3689 1334 948 1307 948 1305 948 1334 948 1305 948 1335 948 1335 3690 1305 3690 1326 3690 1335 948 1326 948 1336 948 1336 948 1326 948 1323 948 1336 948 1323 948 1337 948 1337 3691 1323 3691 1320 3691 1337 3692 1320 3692 1317 3692 1343 1708 1342 1708 1720 1708 1332 1708 1331 1708 1720 1708 1720 3693 1331 3693 1330 3693 1720 1708 1330 1708 1343 1708 1721 3694 1722 3695 1723 3696 1721 3697 1724 3697 1725 3697 1726 3698 1724 3698 1721 3698 1727 3699 1726 3700 1721 3701 1721 3702 1728 3702 1729 3702 1729 3703 1728 3704 1328 3705 1722 3706 1721 3706 1729 3706 1730 3707 1725 3708 1731 3709 1731 3710 1725 3711 1724 3712 1731 3713 1724 3714 1732 3715 1732 3716 1724 3716 1726 3716 1723 3717 1727 3717 1721 3717 1733 3718 1734 3719 1735 3720 1735 3721 1734 3721 1736 3721 1737 3722 1404 3723 1400 3724 1396 3725 1736 3725 1398 3725 1398 3726 1736 3726 1734 3726 1398 3727 1734 3728 1403 3729 1403 3730 1734 3730 1737 3730 1403 3731 1737 3732 1402 3731 1402 3733 1737 3734 1400 3735 1735 3736 1732 3737 1733 3738 1733 3739 1732 3739 1726 3739 1733 3740 1726 3741 1734 3742 1734 3743 1726 3743 1727 3743 1734 3744 1727 3744 1737 3744 1737 3745 1727 3745 1723 3745 1737 3746 1723 3747 1404 3747 1404 3748 1723 3749 1722 3750 1404 3751 1722 3752 1405 3753 1405 3754 1722 3755 1729 3755 1405 3756 1729 3756 1407 3756 1407 3757 1729 3757 1328 3757 1391 3758 1738 3758 1739 3758 1391 3759 1740 3759 1741 3759 1742 3760 1743 3761 1744 3762 1745 3763 1746 3763 1747 3763 1391 3764 1394 3764 1748 3764 1748 3765 1394 3765 1346 3765 1738 3766 1391 3766 1748 3766 1386 3767 1388 3768 1741 3769 1741 3770 1388 3770 1391 3770 1749 3771 1740 3771 1391 3771 1384 3772 1386 3773 1750 3774 1750 3775 1386 3776 1741 3777 1750 3778 1741 3778 1751 3778 1751 3779 1741 3779 1740 3779 1739 3780 1749 3780 1391 3780 1743 3781 1742 3781 1747 3781 1745 3782 1747 3782 1752 3782 1752 3783 1747 3783 1742 3783 1752 3784 1742 3784 1753 3784 1745 3785 1751 3786 1746 3787 1746 3788 1751 3788 1740 3788 1746 3789 1740 3789 1747 3789 1747 3790 1740 3790 1749 3790 1747 3791 1749 3791 1743 3791 1743 3792 1749 3792 1739 3792 1743 3793 1739 3793 1744 3793 1744 3794 1739 3794 1738 3794 1744 3795 1738 3796 1754 3797 1754 3798 1738 3798 1748 3798 1754 3799 1748 3800 1755 3799 1755 3801 1748 3801 1346 3801 1377 948 1357 948 1378 948 1378 948 1357 948 1354 948 1378 3802 1354 3802 1379 3802 1379 3803 1354 3803 1351 3803 1379 3804 1351 3804 1380 3804 1380 948 1351 948 1349 948 1380 948 1349 948 1381 948 1381 3805 1349 3805 1369 3805 1381 3806 1369 3806 1382 3806 1382 3807 1369 3807 1756 3807 1372 948 1757 948 1373 948 1373 3808 1757 3808 1347 3808 1373 948 1347 948 1374 948 1374 948 1347 948 1345 948 1374 948 1345 948 1375 948 1375 948 1345 948 1366 948 1375 3809 1366 3809 1376 3809 1376 948 1366 948 1363 948 1376 3810 1363 3810 1377 3810 1377 3811 1363 3811 1360 3811 1377 3812 1360 3812 1357 3812 1383 1708 1382 1708 1758 1708 1372 1708 1371 1708 1758 1708 1758 3813 1371 3813 1370 3813 1758 1708 1370 1708 1383 1708 1759 3814 1760 3814 1761 3814 1762 3815 1763 3816 1764 3817 1759 3818 1765 3818 1766 3818 1767 3819 1765 3819 1759 3819 1768 3820 1767 3820 1759 3820 1759 3821 1769 3822 1770 3823 1770 3824 1769 3825 1368 3826 1760 3827 1759 3827 1770 3827 1771 3828 1766 3828 1772 3828 1772 3829 1766 3830 1765 3831 1772 3832 1765 3832 1773 3832 1773 3833 1765 3833 1767 3833 1761 3834 1768 3835 1759 3834 1762 3836 1764 3836 1774 3836 1774 3837 1764 3837 1465 3837 1774 3838 1465 3839 1467 3840 1775 3841 1473 3842 1469 3843 1469 3844 1471 3845 1775 3846 1775 3847 1471 3848 1472 3849 1775 3850 1472 3851 1764 3852 1764 3853 1472 3854 1463 3855 1764 3856 1463 3857 1465 3858 1762 3859 1773 3859 1763 3859 1763 3860 1773 3860 1767 3860 1763 3861 1767 3861 1764 3861 1764 3862 1767 3862 1768 3862 1764 3863 1768 3863 1775 3863 1775 3864 1768 3864 1761 3864 1775 3865 1761 3865 1473 3865 1473 3866 1761 3866 1760 3866 1473 3867 1760 3867 1474 3867 1474 3868 1760 3868 1770 3868 1474 3869 1770 3869 1476 3869 1476 3870 1770 3870 1368 3870 1776 3871 1777 3871 1778 3871 1777 3872 1467 3872 1468 3872 1489 3873 1491 3873 1779 3873 1485 3874 1487 3874 1778 3874 1468 3875 1478 3875 1777 3875 1777 3876 1478 3876 1480 3876 1777 3877 1480 3877 1778 3877 1778 3878 1480 3878 1482 3878 1778 3879 1482 3879 1485 3879 1491 3880 1493 3880 1780 3880 1780 3881 1493 3882 1385 3883 1780 3884 1385 3884 1384 3884 1781 3885 1782 3885 1776 3885 1776 3886 1778 3886 1781 3886 1781 3887 1778 3887 1783 3887 1781 3888 1783 3888 1784 3888 1784 3889 1783 3889 1785 3889 1784 3890 1785 3890 1786 3890 1787 3891 1396 3891 1395 3891 1787 3892 1395 3892 1788 3892 1788 3893 1395 3893 1409 3893 1788 3894 1409 3894 1411 3894 1411 3895 1413 3895 1785 3895 1413 3896 1416 3896 1785 3896 1785 3897 1416 3897 1418 3897 1785 3898 1418 3898 1420 3898 1789 3899 1786 3899 1790 3899 1790 3900 1786 3900 1785 3900 1790 3901 1785 3901 1791 3901 1791 3902 1785 3902 1420 3902 1791 3903 1420 3903 1422 3903 1422 3904 1424 3904 1791 3904 1791 3905 1424 3906 1425 3907 1791 3908 1425 3908 1458 3908 1792 3909 1793 3909 1794 3909 1794 3910 1793 3910 1795 3910 1795 3911 1796 3911 1794 3911 1794 3912 1796 3912 1797 3912 1794 3913 1797 3913 1788 3913 1788 3914 1797 3914 1798 3914 1788 3915 1798 3915 1787 3915 1491 3916 1780 3916 1779 3916 1779 3917 1780 3917 1799 3917 1779 3918 1799 3918 1794 3918 1794 3919 1799 3919 1800 3919 1794 3920 1800 3920 1792 3920 1411 3921 1785 3921 1788 3921 1788 3922 1785 3922 1783 3922 1788 3923 1783 3923 1794 3923 1794 3924 1783 3924 1778 3924 1794 3925 1778 3925 1779 3925 1779 3926 1778 3926 1487 3926 1779 3927 1487 3927 1489 3927 1801 3928 1802 3928 1803 3928 1804 3929 1805 3929 1806 3929 1806 3930 1805 3930 1807 3930 1553 3931 1808 3931 1555 3931 1555 3932 1808 3932 1806 3932 1555 3933 1806 3933 1554 3933 1554 3934 1806 3934 1807 3934 1554 3935 1807 3935 1532 3935 1532 3936 1807 3936 1809 3936 1532 3937 1809 3937 1533 3937 1810 3938 1811 3938 1812 3938 1812 3939 1811 3939 1813 3939 1812 3940 1813 3940 1814 3940 1786 3941 1789 3941 1810 3941 1810 3942 1812 3942 1786 3942 1786 3943 1812 3943 1815 3943 1786 3944 1815 3944 1784 3944 1784 3945 1815 3945 1816 3945 1784 3946 1816 3946 1781 3946 1781 3947 1816 3947 1817 3947 1781 3948 1817 3948 1782 3948 1801 3949 1818 3949 1816 3949 1818 3950 1819 3950 1816 3950 1816 3951 1819 3951 1820 3951 1816 3952 1820 3952 1817 3952 1553 3953 1579 3953 1808 3953 1808 3954 1579 3954 1584 3954 1808 3955 1584 3955 1802 3955 1803 3956 1802 3956 1821 3956 1584 3957 1557 3957 1802 3957 1802 3958 1557 3958 1556 3958 1802 3959 1556 3959 1821 3959 1821 3960 1556 3960 1559 3960 1821 3961 1559 3961 1822 3961 1822 3962 1559 3963 1522 3964 1822 3965 1522 3965 1521 3965 1801 3966 1816 3966 1802 3966 1802 3967 1816 3967 1815 3967 1802 3968 1815 3968 1808 3968 1808 3969 1815 3969 1812 3969 1808 3970 1812 3970 1806 3970 1806 3971 1812 3971 1814 3971 1806 3972 1814 3972 1804 3972 1823 3973 1598 3973 1824 3973 1824 3974 1598 3974 1599 3974 1824 3975 1599 3975 1825 3975 1825 3976 1599 3976 1600 3976 1825 3977 1600 3977 1826 3977 1826 3978 1600 3978 1601 3978 1826 3979 1601 3979 1827 3979 1827 3980 1601 3980 1602 3980 1827 3981 1602 3981 1828 3981 1828 3982 1602 3982 1591 3982 1828 3983 1591 3983 1829 3983 1829 3984 1591 3984 1592 3984 1829 3985 1592 3985 1830 3985 1830 3986 1592 3986 1593 3986 1830 3987 1593 3987 1831 3987 1831 3988 1593 3988 1594 3988 1831 3989 1594 3989 1832 3989 1832 3990 1594 3990 1595 3990 1832 3991 1595 3991 1833 3991 1833 3992 1595 3992 1596 3992 1833 3993 1596 3993 1834 3993 1834 3994 1596 3994 1597 3994 1834 3995 1597 3995 1823 3995 1823 3996 1597 3996 1598 3996 1835 3997 1836 3997 1834 3997 1834 3998 1836 3999 1837 4000 1834 4001 1837 4001 1833 4001 1833 4002 1837 4002 1838 4002 1833 4003 1838 4003 1832 4003 1832 4004 1838 4004 1839 4004 1832 4005 1839 4005 1831 4005 1831 4006 1839 4006 1840 4006 1831 4007 1840 4007 1830 4007 1830 4008 1840 4008 1841 4008 1830 4009 1841 4009 1829 4009 1829 4010 1841 4010 1842 4010 1829 4011 1842 4011 1828 4011 1828 4012 1842 4012 1843 4012 1828 4013 1843 4013 1827 4013 1827 4014 1843 4014 1844 4014 1827 4015 1844 4015 1826 4015 1826 4016 1844 4016 1845 4016 1826 4017 1845 4017 1825 4017 1825 4018 1845 4018 1846 4018 1825 4019 1846 4019 1824 4019 1824 4020 1846 4020 1847 4020 1824 4021 1847 4021 1823 4021 1823 4022 1847 4022 1835 4022 1823 4023 1835 4024 1834 4025 1606 4026 1848 4026 1607 4026 1607 4027 1848 4027 1849 4027 1607 4028 1849 4028 1614 4028 1614 4029 1849 4029 1850 4029 1614 4030 1850 4030 1615 4030 1615 4030 1850 4030 1851 4030 1615 4031 1851 4031 1611 4031 1611 4032 1851 4032 1852 4032 1611 4033 1852 4033 1612 4033 1612 4034 1852 4034 1853 4034 1612 4035 1853 4035 1613 4035 1613 4036 1853 4036 1854 4036 1613 4037 1854 4037 1608 4037 1608 4038 1854 4038 1855 4038 1608 4039 1855 4039 1609 4039 1609 4040 1855 4040 1856 4040 1609 4041 1856 4041 1610 4041 1610 4042 1856 4042 1857 4042 1610 4043 1857 4043 1603 4043 1603 4044 1857 4044 1858 4044 1603 4045 1858 4045 1604 4045 1604 4046 1858 4046 1859 4046 1604 4047 1859 4047 1606 4047 1606 4048 1859 4048 1848 4048 1619 4049 1860 4049 1620 4049 1620 4050 1860 4050 1861 4050 1620 4051 1861 4051 1627 4051 1627 4052 1861 4052 1862 4052 1627 4053 1862 4053 1628 4053 1628 4054 1862 4054 1863 4054 1628 4055 1863 4055 1624 4055 1624 4056 1863 4056 1864 4056 1624 4057 1864 4057 1625 4057 1625 4058 1864 4058 1865 4058 1625 4059 1865 4059 1626 4059 1626 4060 1865 4060 1866 4060 1626 4061 1866 4061 1621 4061 1621 4062 1866 4062 1867 4062 1621 4063 1867 4063 1622 4063 1622 4064 1867 4064 1868 4064 1622 4065 1868 4065 1623 4065 1623 4066 1868 4066 1869 4066 1623 4067 1869 4067 1616 4067 1616 4068 1869 4068 1870 4068 1616 4069 1870 4069 1617 4069 1617 4070 1870 4070 1871 4070 1617 4071 1871 4071 1619 4071 1619 4072 1871 4072 1860 4072 1639 4073 1872 4073 1638 4073 1638 4074 1872 4074 1873 4074 1638 4075 1873 4075 1637 4075 1637 4076 1873 4076 1874 4076 1637 4077 1874 4077 1636 4077 1636 4078 1874 4078 1875 4078 1636 4079 1875 4079 1635 4079 1635 4080 1875 4080 1876 4080 1635 4081 1876 4081 1634 4081 1634 4082 1876 4082 1877 4082 1634 4083 1877 4083 1633 4083 1633 4084 1877 4084 1878 4084 1633 4085 1878 4085 1632 4085 1632 4086 1878 4086 1879 4086 1632 4087 1879 4087 1631 4087 1631 4088 1879 4088 1880 4088 1631 4089 1880 4089 1630 4089 1630 4090 1880 4090 1881 4090 1630 4091 1881 4091 1629 4091 1629 4092 1881 4092 1882 4092 1629 4093 1882 4093 1640 4093 1640 4094 1882 4094 1883 4094 1640 4095 1883 4095 1639 4095 1639 4096 1883 4096 1872 4096 1642 4097 1884 4097 1641 4097 1641 4098 1884 4098 1885 4098 1641 4099 1885 4099 1652 4099 1652 4100 1885 4100 1886 4100 1652 4101 1886 4101 1651 4101 1651 4102 1886 4102 1887 4102 1651 4103 1887 4103 1650 4103 1650 4104 1887 4104 1888 4104 1650 4105 1888 4105 1649 4105 1649 4106 1888 4106 1889 4106 1649 4107 1889 4107 1648 4107 1648 4108 1889 4108 1890 4108 1648 4109 1890 4109 1647 4109 1647 4110 1890 4110 1891 4110 1647 4111 1891 4111 1646 4111 1646 4112 1891 4112 1892 4112 1646 4113 1892 4113 1645 4113 1645 4114 1892 4114 1893 4114 1645 4115 1893 4115 1644 4115 1644 4116 1893 4116 1894 4116 1644 4117 1894 4117 1643 4117 1643 4118 1894 4118 1895 4118 1643 4119 1895 4119 1642 4119 1642 4120 1895 4120 1884 4120 1668 4121 1667 4121 1896 4121 1667 4122 1666 4123 1896 4124 1896 4125 1666 4125 1665 4125 1896 4126 1665 4126 1897 4126 1897 4127 1665 4127 1677 4127 1897 4128 1677 4128 1898 4128 1898 4129 1677 4129 1676 4129 1898 4130 1676 4130 1899 4130 1899 4131 1676 4131 1675 4131 1899 4132 1675 4132 1900 4132 1900 4133 1675 4133 1674 4133 1900 4134 1674 4134 1901 4134 1901 4135 1674 4135 1673 4135 1901 4136 1673 4136 1902 4136 1902 4137 1673 4137 1672 4137 1902 4138 1672 4138 1903 4138 1903 4139 1672 4139 1671 4139 1903 4140 1671 4140 1904 4140 1904 4141 1671 4141 1670 4141 1904 4142 1670 4142 1905 4142 1905 4143 1670 4143 1669 4143 1905 4144 1669 4144 1906 4144 1906 4145 1669 4145 1668 4145 1906 4146 1668 4146 1907 4146 1907 4147 1668 4147 1896 4147 1908 4148 1909 4148 1910 4148 1908 4149 1911 4149 1912 4149 1913 4150 1911 4150 1908 4150 1914 4151 1913 4151 1908 4151 1545 4152 1546 4153 1915 4154 1175 4155 1545 4156 1916 4157 1916 4158 1545 4159 1915 4160 1916 4161 1915 4161 1908 4161 1917 4162 1912 4162 1918 4162 1918 4163 1912 4163 1911 4163 1918 4164 1911 4164 1919 4164 1919 4165 1911 4165 1913 4166 1910 4167 1914 4167 1908 4167 1920 4168 1921 4168 1922 4168 1922 4169 1921 4169 1923 4169 1922 4170 1923 4171 1924 4172 1920 4173 1541 4174 1540 4175 1533 4176 1921 4176 1535 4176 1535 4177 1921 4178 1920 4179 1535 4180 1920 4181 1538 4182 1538 4183 1920 4184 1540 4185 1546 4186 1543 4186 1915 4186 1915 4187 1543 4187 1909 4187 1915 4188 1909 4189 1908 4190 1923 4191 1919 4191 1924 4191 1924 4192 1919 4192 1913 4192 1924 4193 1913 4193 1922 4193 1922 4194 1913 4195 1914 4194 1922 4196 1914 4196 1920 4196 1920 4197 1914 4197 1910 4197 1920 4198 1910 4198 1541 4198 1541 4199 1910 4199 1909 4199 1541 4200 1909 4200 1542 4200 1542 4201 1909 4202 1543 4203 1528 4204 1925 4204 1926 4204 1528 4205 1927 4205 1928 4205 1929 4206 1930 4206 1931 4206 1932 4207 1933 4207 1934 4207 1528 4208 1529 4208 1935 4208 1935 4209 1529 4209 1531 4209 1935 4210 1531 4210 1165 4210 1925 4211 1528 4211 1935 4211 1523 4212 1525 4212 1928 4212 1928 4213 1525 4214 1528 4215 1936 4216 1927 4217 1528 4218 1521 4219 1523 4220 1937 4221 1937 4222 1523 4223 1928 4224 1937 4225 1928 4225 1938 4225 1938 4226 1928 4226 1927 4226 1926 4227 1936 4227 1528 4228 1930 4229 1929 4229 1934 4229 1932 4230 1934 4230 1939 4230 1939 4231 1934 4231 1929 4231 1939 4232 1929 4232 1940 4232 1932 4233 1938 4234 1933 4235 1933 4236 1938 4236 1927 4236 1933 4237 1927 4237 1934 4237 1934 4238 1927 4238 1936 4238 1934 4239 1936 4239 1930 4239 1930 4240 1936 4240 1926 4241 1930 4242 1926 4242 1931 4242 1931 4243 1926 4243 1925 4243 1931 4244 1925 4244 1941 4244 1941 4245 1925 4245 1935 4245 1941 4246 1935 4247 1942 4248 1942 4249 1935 4250 1165 4251 1943 4252 1685 4252 1944 4252 1944 4253 1685 4253 1686 4253 1944 4254 1686 4254 1945 4254 1945 4255 1686 4255 1687 4255 1945 4256 1687 4256 1946 4256 1946 4257 1687 4257 1688 4257 1946 4258 1688 4258 1947 4258 1947 4259 1688 4259 1689 4259 1947 4260 1689 4260 1948 4260 1948 4261 1689 4261 1678 4261 1948 4262 1678 4262 1949 4262 1949 4263 1678 4263 1679 4263 1949 4264 1679 4264 1950 4264 1950 4265 1679 4265 1680 4265 1950 4266 1680 4266 1951 4266 1951 4267 1680 4267 1681 4267 1951 4268 1681 4268 1952 4268 1952 4269 1681 4269 1682 4269 1952 4270 1682 4270 1953 4270 1953 4271 1682 4271 1683 4271 1953 4272 1683 4272 1954 4272 1954 4273 1683 4273 1684 4273 1954 4274 1684 4274 1943 4274 1943 4275 1684 4275 1685 4275 1955 4276 1956 4276 1954 4276 1954 4277 1956 4278 1957 4279 1954 4280 1957 4280 1953 4280 1953 4281 1957 4281 1958 4281 1953 4282 1958 4282 1952 4282 1952 4283 1958 4283 1959 4283 1952 4284 1959 4284 1951 4284 1951 4285 1959 4285 1960 4285 1951 4286 1960 4286 1950 4286 1950 4287 1960 4287 1961 4287 1950 4288 1961 4288 1949 4288 1949 4289 1961 4289 1962 4289 1949 4290 1962 4290 1948 4290 1948 4291 1962 4291 1963 4291 1948 4292 1963 4292 1947 4292 1947 4293 1963 4293 1964 4293 1947 4294 1964 4294 1946 4294 1946 4295 1964 4295 1965 4295 1946 4296 1965 4296 1945 4296 1945 4297 1965 4297 1966 4297 1945 4298 1966 4299 1944 4300 1944 4301 1966 4301 1967 4301 1944 4302 1967 4302 1943 4302 1943 4303 1967 4303 1955 4303 1943 4304 1955 4304 1954 4304 1968 948 1969 948 1693 948 1693 948 1969 948 1692 948 1692 948 1969 948 1970 948 1692 948 1970 948 1691 948 1691 4305 1970 4305 1971 4305 1691 4306 1971 4306 1690 4306 1690 948 1971 948 1972 948 1690 4307 1972 4307 1973 4307 1693 948 1694 948 1968 948 1968 948 1694 948 1695 948 1968 948 1695 948 1974 948 1974 948 1695 948 1696 948 1974 4308 1696 4308 1975 4308 1975 948 1696 948 1697 948 1975 4309 1697 4309 1976 4309 1976 4310 1697 4310 1698 4310 1976 948 1698 948 1977 948 1977 4311 1698 4311 1699 4311 1977 948 1699 948 1978 948 1306 4312 1307 4312 1719 4312 1306 4313 1719 4313 1717 4313 1704 4314 1979 4314 1715 4314 1715 4315 1979 4315 1980 4315 1719 4316 1981 4316 1717 4316 1717 4317 1981 4317 1982 4317 1717 4318 1982 4318 1716 4318 1716 4319 1982 4319 1983 4319 1716 4320 1983 4320 1706 4320 1706 4321 1983 4321 1984 4321 1706 4322 1984 4322 1704 4322 1704 4323 1984 4323 1985 4323 1704 4324 1985 4324 1979 4324 1986 4325 1987 4326 1988 4327 1983 4328 1982 4328 1989 4328 1989 4329 1982 4330 1981 4331 1989 4332 1981 4333 1332 4334 1332 4335 1981 4335 1719 4335 1990 4336 1984 4336 1983 4336 1984 4337 1990 4337 1985 4337 1985 4338 1990 4338 1988 4338 1985 4339 1988 4339 1979 4339 1980 4340 1979 4340 1991 4340 1991 4341 1979 4341 1988 4341 1991 4342 1988 4342 1992 4342 1992 4343 1988 4343 1987 4343 1992 4344 1987 4344 1993 4344 1983 4345 1989 4345 1990 4345 1990 4346 1989 4346 1994 4346 1990 4347 1994 4347 1988 4347 1988 4348 1994 4348 1995 4348 1988 4349 1995 4349 1986 4349 1996 4350 1997 4351 1989 4352 1989 4353 1997 4353 1998 4353 1989 4354 1998 4354 1994 4354 1718 4355 1996 4356 1342 4357 1342 4358 1996 4358 1989 4358 1342 4359 1989 4360 1720 4361 1720 4362 1989 4362 1332 4362 1730 4363 1993 4363 1987 4363 1730 4364 1987 4364 1725 4364 1728 4365 1996 4365 1328 4365 1328 4366 1996 4366 1718 4366 1328 4367 1718 4368 1329 4369 1721 4370 1998 4370 1728 4370 1728 4371 1998 4371 1997 4371 1728 4372 1997 4372 1996 4372 1987 4373 1986 4374 1725 4375 1725 4376 1986 4376 1995 4376 1725 4377 1995 4377 1721 4377 1721 4378 1995 4378 1994 4378 1721 4379 1994 4379 1998 4379 1999 4380 2000 4380 2001 4380 2002 4381 2003 4382 1787 4383 2004 4384 2005 4384 1796 4384 2006 4385 2007 4385 1792 4385 1384 4386 1750 4387 1780 4388 1780 4389 1750 4389 2000 4389 1780 4390 2000 4390 1799 4390 1799 4391 2000 4392 1999 4393 1799 4394 1999 4394 1800 4394 1792 4395 2007 4395 1793 4395 1793 4396 2007 4396 2008 4396 1793 4397 2008 4397 1795 4397 1796 4398 2005 4398 1797 4398 1797 4399 2005 4399 2009 4399 1797 4400 2009 4400 1798 4400 1396 4401 1787 4402 1736 4403 1736 4404 1787 4404 2003 4404 1736 4405 2003 4405 1735 4405 2010 4406 2011 4406 2006 4406 2006 4407 2011 4407 2007 4407 2007 4408 2011 4409 2012 4410 2007 4411 2012 4411 2008 4411 2013 4412 2014 4412 2004 4412 2004 4413 2014 4413 2005 4413 2005 4414 2014 4415 2015 4416 2005 4417 2015 4417 2009 4417 1732 4418 1735 4418 2016 4418 2016 4419 1735 4419 2003 4419 2016 4420 2003 4420 2017 4420 2017 4421 2003 4421 2002 4421 2017 4422 2002 4422 2018 4422 1753 4423 2019 4423 1752 4423 1752 4424 2019 4424 2001 4424 1752 4425 2001 4425 1745 4425 1745 4426 2001 4426 2000 4426 1745 4427 2000 4428 1751 4429 1751 4430 2000 4431 1750 4432 2019 4433 2020 4433 2001 4433 2001 4434 2020 4434 2010 4434 2001 4435 2010 4435 1999 4435 1999 4436 2010 4436 2006 4436 1999 4437 2006 4437 1800 4437 1800 4438 2006 4438 1792 4438 2021 4439 2012 4439 2022 4439 2022 4440 2012 4440 2011 4440 2022 4441 2011 4441 2023 4441 2023 4442 2011 4442 2010 4442 2023 4443 2010 4443 2024 4443 2024 4444 2010 4444 2020 4444 2021 4445 2025 4445 2012 4445 2012 4446 2025 4446 2013 4446 2012 4447 2013 4447 2008 4447 2008 4448 2013 4449 2004 4450 2008 4451 2004 4452 1795 4453 1795 4454 2004 4454 1796 4454 2025 4455 2026 4455 2013 4455 2013 4456 2026 4456 2027 4456 2013 4457 2027 4457 2014 4457 2014 4458 2027 4458 2028 4458 2014 4459 2028 4459 2015 4459 2015 4460 2028 4460 2029 4460 2029 4461 2030 4461 2015 4461 2015 4462 2030 4462 2018 4462 2015 4463 2018 4463 2009 4463 2009 4464 2018 4464 2002 4464 2009 4465 2002 4466 1798 4466 1798 4467 2002 4467 1787 4467 2030 4468 2031 4468 2018 4468 2018 4469 2031 4469 2032 4469 2018 4470 2032 4470 2017 4470 2017 4471 2032 4471 2033 4471 2017 4472 2033 4472 2016 4472 2016 4473 2033 4473 2034 4473 2016 4474 2034 4474 2035 4474 1732 4475 2016 4476 1731 4475 1731 4477 2016 4477 2035 4477 1731 4478 2035 4479 1730 4480 1346 4481 1347 4482 1757 4483 1346 4484 1757 4484 1755 4484 1742 4485 2036 4485 1753 4485 1753 4486 2036 4486 2037 4486 1757 4487 2038 4488 1755 4489 1755 4490 2038 4490 2039 4490 1755 4491 2039 4491 1754 4491 1754 4492 2039 4492 2040 4492 1754 4493 2040 4493 1744 4493 1744 4494 2040 4494 2041 4494 1744 4495 2041 4495 1742 4495 1742 4496 2041 4496 2042 4496 1742 4497 2042 4497 2036 4497 2043 4498 2044 4499 2045 4500 2040 4501 2039 4501 2046 4502 2046 4503 2039 4504 2038 4505 2046 4506 2038 4506 1372 4506 1372 4507 2038 4507 1757 4507 2047 4508 2041 4508 2040 4508 2041 4509 2047 4510 2042 4511 2042 4512 2047 4512 2045 4512 2042 4513 2045 4514 2036 4515 2037 4516 2036 4516 2048 4516 2048 4517 2036 4517 2045 4517 2048 4518 2045 4518 2049 4518 2049 4519 2045 4519 2044 4519 2049 4520 2044 4520 2050 4520 2040 4521 2046 4521 2047 4521 2047 4522 2046 4523 2051 4524 2047 4525 2051 4525 2045 4525 2045 4526 2051 4526 2052 4526 2045 4527 2052 4527 2043 4527 2053 4528 2054 4529 2046 4530 2046 4531 2054 4531 2055 4531 2046 4532 2055 4532 2051 4532 1756 4533 2053 4533 1382 4533 1382 4534 2053 4534 2046 4534 1382 4535 2046 4535 1758 4535 1758 4536 2046 4537 1372 4538 1771 4539 2050 4539 2044 4539 1771 4540 2044 4540 1766 4540 1769 4541 2053 4541 1368 4541 1368 4542 2053 4542 1756 4542 1368 4543 1756 4543 1369 4543 1759 4544 2055 4544 1769 4544 1769 4545 2055 4545 2054 4545 1769 4546 2054 4546 2053 4546 2044 4547 2043 4548 1766 4549 1766 4550 2043 4551 2052 4552 1766 4553 2052 4553 1759 4553 1759 4554 2052 4555 2051 4556 1759 4557 2051 4557 2055 4557 1939 4558 1940 4558 2056 4558 2057 4559 2058 4559 2059 4559 1782 4560 1817 4560 2060 4560 2061 4561 2062 4561 1803 4561 1822 4562 1521 4563 1937 4564 1821 4565 1822 4566 2063 4567 1803 4568 2062 4569 1801 4570 1801 4571 2058 4571 1818 4571 1818 4572 2058 4572 2057 4572 1818 4573 2057 4573 1819 4573 2060 4574 1817 4574 2064 4574 2064 4575 1817 4575 1820 4575 2064 4576 1820 4576 2065 4576 1777 4577 1776 4577 2066 4577 1822 4578 1937 4578 2063 4578 2063 4579 1937 4579 1938 4579 2063 4580 1938 4581 1932 4582 2067 4583 2062 4583 2068 4583 2068 4584 2062 4585 2061 4585 2068 4586 2061 4586 2069 4586 2070 4587 2071 4588 2065 4589 2065 4590 2071 4590 2064 4590 2064 4591 2071 4591 2072 4591 2064 4592 2072 4592 2060 4592 2073 4593 2074 4593 2066 4593 1777 4594 2066 4595 2075 4596 2075 4597 2066 4597 2074 4597 2075 4598 2074 4598 2076 4598 1803 4599 1821 4600 2061 4601 2061 4602 1821 4602 2063 4602 2061 4603 2063 4604 2069 4603 2069 4605 2063 4605 1932 4605 2069 4606 1932 4606 1939 4606 1939 4607 2056 4607 2069 4607 2069 4608 2056 4608 2077 4608 2069 4609 2077 4609 2068 4609 2068 4610 2077 4610 2078 4610 2068 4611 2078 4611 2067 4611 2067 4612 2078 4612 2079 4612 2067 4613 2079 4613 2080 4613 1801 4614 2062 4614 2058 4614 2058 4615 2062 4615 2067 4615 2058 4616 2067 4616 2059 4616 2059 4617 2067 4617 2080 4617 2059 4618 2080 4618 2081 4618 2081 4619 2082 4619 2059 4619 2059 4620 2082 4620 2070 4620 2059 4621 2070 4621 2057 4621 2057 4622 2070 4622 2065 4622 2057 4623 2065 4624 1819 4625 1819 4626 2065 4626 1820 4626 2083 4627 2072 4627 2084 4627 2084 4628 2072 4628 2071 4628 2084 4629 2071 4629 2085 4629 2085 4630 2071 4630 2070 4630 2085 4631 2070 4631 2086 4631 2086 4632 2070 4632 2082 4632 2083 4633 2087 4633 2072 4633 2072 4634 2087 4634 2073 4634 2072 4635 2073 4635 2060 4635 2060 4636 2073 4637 2066 4638 2060 4639 2066 4639 1782 4639 1782 4640 2066 4640 1776 4640 2087 4641 2088 4642 2073 4643 2073 4644 2088 4645 2089 4646 2073 4647 2089 4647 2074 4647 2074 4648 2089 4649 2090 4650 2074 4651 2090 4652 2076 4652 2076 4653 2090 4653 2091 4653 2076 4654 2091 4654 2092 4654 1467 4655 1777 4655 1774 4655 1774 4656 1777 4656 2075 4656 1774 4657 2075 4657 1762 4657 1762 4658 2075 4658 2076 4658 1762 4659 2076 4659 1773 4659 1773 4660 2076 4660 2092 4660 1773 4661 2092 4661 1772 4661 1772 4662 2092 4663 1771 4664 2093 4665 2094 4665 2095 4665 2096 4666 2097 4666 2098 4666 1707 4667 2095 4667 2099 4667 2100 4668 2101 4668 1805 4669 2102 4670 2103 4670 1813 4670 1791 4671 1458 4672 1712 4672 1790 4673 1791 4673 2099 4673 1790 4674 2097 4674 1789 4674 1789 4675 2097 4676 2096 4677 1789 4678 2096 4678 1810 4678 1810 4679 2096 4679 1811 4679 1813 4680 2103 4681 1814 4682 1814 4683 2103 4683 2104 4683 1814 4684 2104 4684 1804 4684 1805 4685 2101 4685 1807 4685 1807 4686 2101 4686 2105 4686 1807 4687 2105 4688 1809 4689 1791 4690 1712 4690 2099 4690 2099 4691 1712 4691 1713 4691 2099 4692 1713 4692 1707 4692 2106 4693 2107 4693 2102 4693 2102 4694 2107 4695 2103 4696 2103 4697 2107 4697 2108 4697 2103 4698 2108 4698 2104 4698 2109 4699 2110 4699 2100 4699 2100 4700 2110 4700 2101 4700 2101 4701 2110 4701 2111 4701 2101 4702 2111 4702 2105 4702 2112 4703 2113 4703 2114 4703 1921 4704 2114 4705 1923 4706 1923 4707 2114 4707 2113 4707 1923 4708 2113 4708 1919 4708 1919 4709 2113 4709 1918 4709 2095 4710 1707 4711 2093 4710 2093 4712 1707 4712 1714 4712 2093 4713 1714 4713 1715 4713 1790 4714 2099 4714 2097 4714 2097 4715 2099 4715 2095 4715 2097 4716 2095 4716 2098 4716 2098 4717 2095 4717 2094 4717 2098 4718 2094 4718 2115 4718 2115 4719 2116 4719 2098 4719 2098 4720 2116 4721 2106 4722 2098 4723 2106 4723 2096 4723 2096 4724 2106 4724 2102 4724 2096 4725 2102 4725 1811 4725 1811 4726 2102 4726 1813 4726 2117 4727 2108 4728 2118 4729 2118 4730 2108 4730 2107 4730 2118 4731 2107 4731 2119 4731 2119 4732 2107 4732 2106 4732 2119 4733 2106 4733 2120 4733 2120 4734 2106 4735 2116 4736 2117 4737 2121 4737 2108 4737 2108 4738 2121 4738 2109 4738 2108 4739 2109 4739 2104 4739 2104 4740 2109 4740 2100 4740 2104 4741 2100 4741 1804 4741 1804 4742 2100 4742 1805 4742 2122 4743 2111 4743 2123 4743 2123 4744 2111 4744 2110 4744 2123 4745 2110 4745 2124 4745 2124 4746 2110 4746 2109 4746 2124 4747 2109 4747 2125 4747 2125 4748 2109 4748 2121 4748 2122 4749 2126 4749 2111 4749 2111 4750 2126 4750 2112 4750 2111 4751 2112 4751 2105 4751 2105 4752 2112 4752 2114 4752 2105 4753 2114 4753 1809 4753 1809 4754 2114 4754 1921 4754 1809 4755 1921 4755 1533 4755 1917 4756 1918 4756 2127 4756 2127 4757 1918 4757 2113 4757 2127 4758 2113 4758 2128 4758 2128 4759 2113 4759 2112 4759 2128 4760 2112 4761 2129 4762 2129 4763 2112 4763 2126 4763 1838 4764 1837 4764 2130 4764 1837 4765 1836 4765 2130 4765 2130 4766 1836 4766 1835 4766 2130 4767 1835 4767 2131 4767 2131 4768 1835 4768 1847 4768 2131 4769 1847 4769 2132 4769 2132 4770 1847 4770 1846 4770 2132 4771 1846 4771 2133 4771 2133 4772 1846 4772 1845 4772 2133 4773 1845 4773 2134 4773 2134 4774 1845 4774 1844 4774 2134 4775 1844 4775 2135 4775 2135 4776 1844 4776 1843 4776 2135 3427 1843 3427 2136 3427 2136 4777 1843 4777 1842 4777 2136 4778 1842 4778 2137 4778 2137 4779 1842 4779 1841 4779 2137 4780 1841 4780 2138 4780 2138 4781 1841 4781 1840 4781 2138 4782 1840 4782 2139 4782 2139 4783 1840 4783 1839 4783 2139 4784 1839 4784 2140 4784 2140 4785 1839 4785 1838 4785 2140 4786 1838 4786 2141 4786 2141 4787 1838 4787 2130 4787 2142 4788 2143 4788 2144 4788 2144 4789 2143 4789 2145 4789 2144 4790 2145 4791 2146 4790 2146 4792 2145 4792 2147 4792 2146 4793 2147 4793 2148 4793 2148 4794 2147 4794 2149 4794 2148 4795 2149 4795 2150 4795 2150 4796 2149 4796 2151 4796 2151 4797 2149 4797 2152 4797 2153 4798 2151 4798 2152 4798 2153 4799 2152 4799 2154 4799 2152 4800 2155 4800 2154 4800 2154 4801 2155 4801 2156 4801 2154 4802 2156 4802 2157 4802 2157 4803 2156 4803 2158 4803 2157 4804 2158 4804 2159 4804 2160 4805 2159 4805 2158 4805 2160 4806 2158 4806 2161 4806 2161 4807 2158 4808 2162 4809 2161 4810 2162 4810 2163 4810 2163 4811 2162 4812 2164 4813 2164 4814 2162 4814 2165 4814 2164 4815 2165 4815 2166 4815 2166 4816 2165 4816 2167 4816 2167 4817 2165 4817 2168 4817 2167 4818 2168 4818 2169 4818 2169 4819 2168 4819 2170 4819 2170 4820 2168 4820 2171 4820 2170 4821 2171 4821 2172 4821 2173 4822 2172 4822 2171 4822 2173 4823 2171 4823 2174 4823 2171 4824 2175 4824 2174 4824 2174 4825 2175 4825 2176 4825 2174 4826 2176 4826 2177 4826 2177 4827 2176 4827 2178 4827 2177 4828 2178 4828 2179 4828 2179 1708 2178 1708 2180 1708 2180 1708 2178 1708 2181 1708 2182 4829 2180 4829 2181 4829 2182 4830 2181 4830 2183 4830 2181 4831 2184 4831 2183 4831 2183 4832 2184 4832 2185 4832 2183 4833 2185 4833 2186 4833 2186 4834 2185 4834 2187 4834 2186 4835 2187 4835 2188 4835 2188 4836 2187 4836 2189 4836 2189 4837 2187 4838 2190 4839 1871 4840 2191 4840 2192 4840 2156 4841 2155 4841 2152 4841 1857 1053 1856 1053 2158 1053 2158 4842 1856 4842 1855 4842 2158 4843 1855 4843 2162 4843 1871 1053 2192 1053 1860 1053 1860 1053 2192 1053 2193 1053 1860 4844 2193 4844 1861 4844 1861 1053 2193 1053 2190 1053 1861 4845 2190 4845 2187 4845 2158 4846 2156 4846 1857 4846 1857 4847 2156 4847 2152 4847 1857 1053 2152 1053 1858 1053 1858 1053 2152 1053 2149 1053 1858 1053 2149 1053 1859 1053 1859 4848 2149 4848 2147 4848 1859 1053 2147 1053 2145 1053 2178 1053 1863 1053 2181 1053 2181 4849 1863 4849 1862 4849 2181 1053 1862 1053 2184 1053 2184 4850 1862 4850 1861 4850 2184 1053 1861 1053 2185 1053 2185 4851 1861 4851 2187 4851 2145 4852 2143 4852 1859 4852 1859 1053 2143 1053 2194 1053 1859 1053 2194 1053 1848 1053 1848 1053 2194 1053 2195 1053 1848 1053 2195 1053 1849 1053 1849 1053 2195 1053 2196 1053 2168 4853 1867 4853 1866 4853 1855 4854 1854 4854 2162 4854 2162 4855 1854 4855 1853 4855 2162 1053 1853 1053 2165 1053 2165 4856 1853 4856 1852 4856 2165 4857 1852 4857 1851 4857 2168 4858 1866 4858 2171 4858 1867 4859 2168 4859 1868 4859 1868 4860 2168 4860 2165 4860 1868 1053 2165 1053 1869 1053 1869 1053 2165 1053 1851 1053 1869 4861 1851 4861 1870 4861 1870 4862 1851 4862 1850 4862 1870 1053 1850 1053 1871 1053 1871 1053 1850 1053 2197 1053 1871 4863 2197 4863 2191 4863 2196 4864 2198 4864 1849 4864 1849 1053 2198 1053 2199 1053 1849 1053 2199 1053 1850 1053 1850 4865 2199 4865 2200 4865 1850 4866 2200 4866 2197 4866 1866 1053 1865 1053 2171 1053 2171 4867 1865 4867 1864 4867 2171 4868 1864 4868 2175 4868 2175 4869 1864 4869 1863 4869 2175 1053 1863 1053 2176 1053 2176 1053 1863 1053 2178 1053 2194 4870 2143 4871 2201 4872 2201 4873 2143 4873 2142 4873 2202 4874 1881 4874 2203 4874 2203 4875 1881 4875 1880 4875 2203 4876 1880 4876 2204 4876 2204 4877 1880 4877 1879 4877 2204 4878 1879 4878 2205 4878 2205 4879 1879 4879 1878 4879 2205 4880 1878 4880 2206 4880 2206 4881 1878 4881 1877 4881 2206 4882 1877 4882 2207 4882 2207 4883 1877 4883 1876 4883 2207 4884 1876 4884 2208 4884 2208 4885 1876 4885 1875 4885 2208 4886 1875 4886 2209 4886 2209 4887 1875 4887 1874 4887 2209 4888 1874 4888 2210 4888 2210 4889 1874 4889 1873 4889 2210 4890 1873 4890 2211 4890 2211 4891 1873 4891 1872 4891 2211 4892 1872 4892 2212 4892 2212 4893 1872 4893 1883 4893 2212 4894 1883 4894 2213 4894 2213 4895 1883 4895 1882 4895 2213 4896 1882 4896 2202 4896 2202 4897 1882 4897 1881 4897 2214 4898 1884 4899 2215 4899 2215 4900 1884 4900 1895 4900 2215 4901 1895 4901 2216 4901 2216 4902 1895 4902 1894 4902 2216 4903 1894 4903 2217 4903 2217 4904 1894 4904 1893 4904 2217 4905 1893 4905 2218 4905 2218 4906 1893 4906 1892 4906 2218 4907 1892 4907 2219 4907 2219 4908 1892 4908 1891 4908 2219 4909 1891 4909 2220 4909 2220 4910 1891 4910 1890 4910 2220 4911 1890 4911 2221 4911 2221 4912 1890 4912 1889 4912 2221 4913 1889 4913 2222 4913 2222 4914 1889 4914 1888 4914 2222 4915 1888 4915 2223 4915 2223 4916 1888 4916 1887 4916 2223 4917 1887 4917 2224 4917 2224 4918 1887 4918 1886 4918 2224 4919 1886 4919 2225 4919 2225 4920 1886 4920 1885 4920 2225 4921 1885 4921 2214 4921 2214 4922 1885 4922 1884 4922 1896 4923 2226 4923 1907 4923 1907 4924 2226 4924 2227 4924 1907 4925 2227 4925 1906 4925 1906 4926 2227 4926 2228 4926 1906 4927 2228 4927 1905 4927 1905 4928 2228 4928 2229 4928 1905 4929 2229 4929 1904 4929 1904 4930 2229 4930 2230 4930 1904 4931 2230 4931 1903 4931 1903 4932 2230 4932 2231 4932 1903 4933 2231 4933 1902 4933 1902 4934 2231 4934 2232 4934 1902 4935 2232 4935 1901 4935 1901 4936 2232 4936 2233 4936 1901 4937 2233 4937 1900 4937 1900 4938 2233 4938 2234 4938 1900 4939 2234 4939 1899 4939 1899 4116 2234 4116 2235 4116 1899 4940 2235 4940 1898 4940 1898 4941 2235 4941 2236 4941 1898 4942 2236 4942 1897 4942 1897 4943 2236 4943 2237 4943 1897 4944 2237 4944 1896 4944 1896 4945 2237 4945 2226 4945 2238 417 2239 417 2240 417 2241 417 2242 417 2240 417 2240 417 2242 417 2243 417 2240 417 2243 417 2238 417 2244 417 2245 417 2240 417 2240 417 2245 417 2246 417 2240 417 2246 417 2241 417 2247 417 2248 417 2240 417 2240 417 2248 417 2249 417 2240 417 2249 417 2244 417 2250 417 2251 417 2240 417 2240 417 2251 417 2252 417 2240 417 2252 417 2247 417 2239 417 2253 417 2240 417 2240 417 2253 417 2254 417 2240 417 2254 417 2250 417 2255 4946 1978 4946 1699 4946 1303 4947 1170 4947 1699 4947 1699 4948 1170 4948 1172 4948 1699 4949 1172 4949 2255 4949 1917 4950 2256 4950 2257 4950 1917 4951 2257 4951 1912 4951 1912 4952 2257 4952 2258 4952 1912 4953 2258 4953 1908 4953 1908 4954 2258 4954 2259 4954 1908 4955 2259 4955 1916 4955 1916 4956 2259 4956 1174 4956 1916 4957 1174 4957 1175 4957 1931 4958 2260 4958 1929 4958 1929 4959 2260 4959 2261 4959 1929 4960 2261 4960 1940 4960 1941 4961 2262 4962 1931 4961 1931 4963 2262 4963 2263 4963 1931 4964 2263 4964 2260 4964 1941 4965 1942 4965 2262 4965 2262 4966 1942 4966 1165 4966 2262 4967 1165 4967 1164 4967 1973 4968 2264 4968 1690 4968 1690 4969 2264 4969 1166 4969 1690 4970 1166 4970 1294 4970 1294 4971 1166 4971 1168 4971 2264 4972 1959 4972 1958 4972 1957 4973 2265 4973 1958 4973 1958 4974 2265 4974 2266 4974 1958 4975 2266 4975 2264 4975 1957 4976 1956 4977 2265 4977 2265 4978 1956 4978 1955 4978 2265 4979 1955 4979 2267 4979 2267 4980 1955 4981 2255 4982 2255 4983 1955 4983 1967 4983 2255 4984 1967 4984 1978 4984 1978 4985 1967 4985 1977 4985 1977 4986 1967 4986 1966 4986 1977 4987 1966 4987 1976 4987 1976 4988 1966 4988 1965 4988 1976 4989 1965 4989 1975 4989 1975 4990 1965 4990 1964 4990 1975 4991 1964 4991 1974 4991 1974 4992 1964 4992 1963 4992 1974 4993 1963 4993 1968 4993 1968 4994 1963 4994 1962 4994 1968 4995 1962 4995 1969 4995 1969 4996 1962 4996 1961 4996 1969 4997 1961 4997 1970 4997 1970 4998 1961 4999 1960 5000 1970 5001 1960 5001 1971 5001 1971 5002 1960 5002 1959 5002 1971 5003 1959 5003 1972 5003 1972 5004 1959 5004 2264 5004 1972 5005 2264 5005 1973 5005 2268 948 2269 948 2270 948 2271 5006 2272 5006 2273 5006 2273 948 2272 948 2274 948 2273 5007 2274 5007 2275 5007 2275 948 2274 948 2276 948 2275 5008 2276 5008 2277 5008 2277 948 2276 948 2278 948 2277 948 2278 948 2279 948 2279 948 2278 948 2280 948 2279 948 2280 948 2281 948 2281 948 2280 948 2282 948 2281 5009 2282 5009 2283 5009 2283 5010 2282 5010 2284 5010 2283 948 2284 948 2285 948 2285 948 2284 948 2286 948 2285 948 2286 948 2287 948 2268 5011 2270 5011 2288 5011 2288 5012 2270 5012 2289 5012 2288 5013 2289 5013 2290 5013 2290 5014 2289 5014 2291 5014 2290 948 2291 948 2292 948 2292 5015 2291 5015 2293 5015 2292 948 2293 948 2294 948 2294 948 2293 948 2295 948 2294 948 2295 948 2271 948 2271 948 2295 948 2296 948 2271 948 2296 948 2272 948 2297 5016 2256 5016 2127 5016 2127 5017 2256 5017 1917 5017 2126 5018 2298 5018 2129 5018 2129 5019 2298 5019 2297 5019 2129 5020 2297 5020 2128 5020 2128 5021 2297 5021 2127 5021 2126 5022 2122 5022 2298 5022 2298 5023 2122 5023 2123 5023 2298 5024 2123 5024 2299 5024 2121 5025 2300 5025 2125 5025 2125 5026 2300 5026 2299 5026 2125 5027 2299 5027 2124 5027 2124 5028 2299 5028 2123 5028 2121 5029 2117 5029 2300 5029 2300 5030 2117 5030 2118 5030 2300 5031 2118 5031 2301 5031 2301 5032 2118 5032 2119 5032 2301 5033 2119 5033 2302 5033 2302 5034 2119 5034 2120 5034 2302 5035 2120 5035 2287 5035 2287 5036 2120 5036 2285 5036 2084 5037 2303 5037 2083 5037 2083 5038 2303 5039 2304 5039 2083 5040 2304 5040 2087 5040 2087 5041 2304 5041 2305 5041 2087 5042 2305 5043 2088 5043 2088 5044 2305 5044 2269 5044 2088 5045 2269 5045 2089 5045 2089 5046 2269 5046 2268 5046 2089 5047 2268 5047 2090 5047 2084 5048 2085 5048 2303 5048 2303 5049 2085 5049 2086 5049 2303 5050 2086 5050 2306 5050 2080 5051 2307 5051 2081 5051 2081 5052 2307 5052 2306 5052 2081 5053 2306 5053 2082 5053 2082 5054 2306 5054 2086 5054 2080 5055 2079 5055 2307 5055 2307 5056 2079 5056 2078 5056 2307 5057 2078 5057 2308 5057 1940 5058 2261 5058 2056 5058 2056 5059 2261 5059 2308 5059 2056 5060 2308 5060 2077 5060 2077 5061 2308 5061 2078 5061 2288 5062 2290 5062 2050 5062 2050 5063 2290 5063 2049 5063 2019 5064 1753 5064 2037 5064 2020 5065 2019 5065 2292 5065 2292 5066 2019 5066 2037 5066 2292 5067 2037 5067 2290 5067 2290 5068 2037 5068 2048 5068 2290 5069 2048 5069 2049 5069 2279 5070 2281 5070 1993 5070 1993 5071 2281 5071 1992 5071 1993 5072 1730 5072 2035 5072 2093 5073 1715 5073 2283 5073 2283 5074 1715 5074 1980 5074 2283 5075 1980 5075 2281 5075 2281 5076 1980 5076 1991 5076 2281 5077 1991 5077 1992 5077 2090 5078 2268 5078 2091 5078 2091 5079 2268 5079 2288 5079 2091 5080 2288 5080 2092 5080 2092 5081 2288 5081 2050 5081 2092 5082 2050 5082 1771 5082 2020 5083 2292 5083 2024 5083 2024 5084 2292 5084 2294 5084 2024 5085 2294 5085 2023 5085 2271 5086 2025 5086 2021 5086 2271 5087 2021 5087 2294 5087 2294 5088 2021 5088 2022 5088 2294 5089 2022 5089 2023 5089 2025 5090 2271 5090 2026 5090 2026 5091 2271 5091 2273 5091 2026 5092 2273 5092 2027 5092 2277 5093 2032 5093 2031 5093 2277 5094 2031 5094 2275 5094 2031 5095 2030 5095 2275 5095 2275 5096 2030 5096 2029 5096 2275 5097 2029 5097 2273 5097 2273 5098 2029 5098 2028 5098 2273 5099 2028 5099 2027 5099 1993 5100 2035 5100 2279 5100 2279 5101 2035 5101 2034 5101 2279 5102 2034 5102 2277 5102 2277 5103 2034 5103 2033 5103 2277 5104 2033 5104 2032 5104 2120 5105 2116 5105 2285 5105 2285 5106 2116 5106 2115 5106 2285 5107 2115 5107 2283 5107 2283 5108 2115 5108 2094 5108 2283 5109 2094 5109 2093 5109 2131 5110 2309 5110 2130 5110 2130 5111 2309 5111 2310 5111 2130 5112 2310 5112 2141 5112 2141 5113 2310 5113 2311 5113 2141 5114 2311 5114 2140 5114 2140 5115 2311 5115 2312 5115 2140 5116 2312 5116 2139 5116 2139 5117 2312 5117 2313 5117 2139 5118 2313 5118 2138 5118 2138 5119 2313 5119 2314 5119 2138 5120 2314 5120 2137 5120 2137 5121 2314 5121 2315 5121 2137 5122 2315 5122 2136 5122 2136 5123 2315 5123 2316 5123 2136 5124 2316 5124 2135 5124 2135 5125 2316 5125 2317 5125 2135 5126 2317 5126 2134 5126 2134 5127 2317 5127 2318 5127 2134 5128 2318 5128 2133 5128 2133 5129 2318 5129 2319 5129 2133 5130 2319 5130 2132 5130 2132 5131 2319 5131 2320 5131 2132 5132 2320 5132 2131 5132 2131 5133 2320 5133 2309 5133 2321 5134 2322 5134 2323 5134 2324 5135 2325 5135 2321 5135 2321 5136 2323 5136 2324 5136 2324 5137 2323 5137 2326 5137 2324 5138 2326 5138 2327 5138 499 5139 498 5139 2328 5139 220 5140 496 5140 501 5140 501 5141 496 5141 500 5141 501 5142 500 5142 499 5142 499 5143 2328 5143 501 5143 501 5144 2328 5144 2329 5144 501 5145 2329 5145 502 5145 2330 5146 2329 5146 2331 5146 2331 5147 2329 5147 2328 5147 2331 5148 2328 5148 2332 5148 2332 5149 2328 5149 498 5149 2332 5150 272 5150 2331 5150 2331 5151 272 5151 305 5151 2331 5152 305 5153 2330 5154 2330 5155 305 5155 304 5155 2333 5156 2325 5156 2334 5156 2334 5157 2325 5158 2324 5159 284 5160 2333 5160 285 5160 285 5161 2333 5161 2334 5161 285 5162 2334 5162 2335 5162 2335 5163 2334 5163 2324 5163 2335 5164 2324 5164 2327 5164 2336 5165 2337 5165 2338 5165 2338 5166 2337 5166 2339 5166 2338 5167 2339 5167 2340 5167 2340 5168 2339 5168 2341 5168 2340 5169 2341 5169 2342 5169 2342 5170 2341 5170 2343 5170 2342 5171 2343 5171 2144 5171 2144 5172 2343 5173 2142 5174 2144 5175 2146 5175 2342 5175 2342 5176 2146 5176 2344 5176 2342 5177 2344 5177 2340 5177 2340 5178 2344 5178 2345 5178 2340 5179 2345 5179 2338 5179 2338 5180 2345 5180 2346 5180 2338 5181 2346 5181 2336 5181 2336 5182 2346 5182 2347 5182 2146 5183 2148 5183 2344 5183 2344 5184 2148 5184 2348 5184 2344 5185 2348 5185 2345 5185 2345 5186 2348 5186 2349 5186 2345 5187 2349 5187 2346 5187 2346 5188 2349 5188 2350 5188 2346 5189 2350 5189 2347 5189 2347 5190 2350 5190 2351 5190 2352 5191 2351 5191 2353 5191 2353 5192 2351 5192 2350 5192 2353 5193 2350 5193 2354 5193 2354 5194 2350 5194 2349 5194 2354 5195 2349 5195 2355 5195 2355 5196 2349 5196 2348 5196 2355 5197 2348 5197 2150 5197 2150 5198 2348 5198 2148 5198 2355 5199 2150 5199 2151 5199 2151 5200 2356 5200 2355 5200 2355 5201 2356 5201 2357 5201 2355 5202 2357 5202 2354 5202 2354 5203 2357 5203 2358 5203 2354 5204 2358 5204 2353 5204 2353 5205 2358 5205 2359 5205 2353 5206 2359 5206 2352 5206 2360 5207 2359 5207 2361 5207 2361 5208 2359 5208 2358 5208 2361 5209 2358 5209 2362 5209 2362 5210 2358 5210 2357 5210 2362 5211 2357 5211 2363 5211 2363 5212 2357 5212 2356 5212 2363 5213 2356 5213 2153 5213 2153 5214 2356 5214 2151 5214 2153 5215 2154 5215 2363 5215 2363 5216 2154 5216 2364 5216 2363 5217 2364 5217 2362 5217 2362 5218 2364 5218 2365 5218 2362 5219 2365 5219 2361 5219 2361 5220 2365 5220 2366 5220 2361 5221 2366 5221 2360 5221 2360 5222 2366 5222 2367 5222 2154 5223 2157 5223 2364 5223 2364 5224 2157 5224 2368 5224 2364 5225 2368 5225 2365 5225 2365 5226 2368 5226 2369 5226 2365 5227 2369 5227 2366 5227 2366 5228 2369 5228 2370 5228 2366 5229 2370 5229 2367 5229 2367 5230 2370 5230 2371 5230 2372 5231 2371 5231 2373 5231 2373 5232 2371 5232 2370 5232 2373 5233 2370 5233 2374 5233 2374 5234 2370 5234 2369 5234 2374 5235 2369 5235 2375 5235 2375 5236 2369 5236 2368 5236 2375 5237 2368 5237 2159 5237 2159 5238 2368 5238 2157 5238 2372 5239 2373 5239 2376 5239 2372 5240 2376 5240 2377 5240 2376 5241 2378 5241 2377 5241 2377 5242 2378 5242 2379 5242 2377 5243 2379 5243 2380 5243 2380 5244 2379 5244 2381 5244 2380 5245 2381 5245 2382 5245 2382 5246 2381 5246 2383 5246 2382 5247 2383 5247 2384 5247 2383 5248 2385 5248 2384 5248 2384 5249 2385 5249 2386 5249 2384 5250 2386 5250 2387 5250 2387 5251 2386 5251 2388 5251 2387 5252 2388 5252 2389 5252 2389 5253 2388 5253 2390 5253 2389 5254 2390 5254 2391 5254 2375 5255 2159 5255 2160 5255 2374 5256 2375 5256 2392 5256 2373 5257 2374 5257 2393 5257 2375 5258 2160 5258 2392 5258 2392 5259 2160 5259 2161 5259 2392 5260 2161 5260 2394 5260 2394 5261 2161 5261 2163 5261 2394 5262 2163 5262 2395 5262 2395 5263 2163 5263 2164 5263 2395 5264 2164 5264 2396 5264 2396 5265 2164 5265 2166 5265 2396 5266 2166 5266 2397 5266 2397 5267 2166 5267 2167 5267 2397 5268 2167 5268 2398 5268 2398 5269 2167 5269 2169 5269 2398 5270 2169 5270 2399 5270 2399 5271 2169 5271 2170 5271 2399 5272 2170 5272 2400 5272 2400 5273 2170 5273 2172 5273 2400 5274 2172 5274 2401 5274 2374 5275 2392 5275 2393 5275 2393 5276 2392 5276 2394 5276 2393 5277 2394 5277 2402 5277 2402 5278 2394 5278 2395 5278 2402 5279 2395 5279 2403 5279 2403 5280 2395 5280 2396 5280 2403 5281 2396 5281 2404 5281 2404 5282 2396 5282 2397 5282 2404 5283 2397 5283 2405 5283 2405 5284 2397 5284 2398 5284 2405 5285 2398 5285 2406 5285 2406 5286 2398 5286 2399 5286 2406 5287 2399 5287 2407 5287 2407 5288 2399 5288 2400 5288 2407 5289 2400 5289 2408 5289 2408 5290 2400 5290 2401 5290 2408 5291 2401 5291 2409 5291 2373 5292 2393 5293 2376 5294 2376 5295 2393 5295 2402 5295 2376 5296 2402 5296 2378 5296 2378 5297 2402 5297 2403 5297 2378 5298 2403 5298 2379 5298 2379 5299 2403 5299 2404 5299 2379 5300 2404 5300 2381 5300 2381 5301 2404 5301 2405 5301 2381 5302 2405 5302 2383 5302 2383 5303 2405 5303 2406 5303 2383 5304 2406 5304 2385 5304 2385 5305 2406 5305 2407 5305 2385 5306 2407 5306 2386 5306 2386 5307 2407 5308 2408 5309 2386 5310 2408 5310 2388 5310 2388 5311 2408 5311 2409 5311 2388 5312 2409 5312 2390 5312 2410 5313 2391 5313 2411 5313 2411 5314 2391 5314 2390 5314 2411 5315 2390 5315 2412 5315 2412 5316 2390 5316 2409 5316 2412 5317 2409 5317 2413 5317 2413 5318 2409 5318 2401 5318 2413 5319 2401 5319 2173 5319 2173 5320 2401 5320 2172 5320 2173 5321 2174 5321 2413 5321 2413 5322 2174 5322 2414 5322 2413 5323 2414 5323 2412 5323 2412 5324 2414 5324 2415 5324 2412 5325 2415 5325 2411 5325 2411 5326 2415 5326 2416 5326 2411 5327 2416 5327 2410 5327 2410 5328 2416 5328 2417 5328 2174 5329 2177 5329 2414 5329 2414 5330 2177 5330 2418 5330 2414 5331 2418 5331 2415 5331 2415 5332 2418 5332 2419 5332 2415 5333 2419 5333 2416 5333 2416 5334 2419 5334 2420 5334 2416 5335 2420 5335 2417 5335 2417 5336 2420 5337 2421 5338 2422 5339 2421 5339 2423 5339 2423 5340 2421 5341 2420 5342 2423 5343 2420 5343 2424 5343 2424 5344 2420 5344 2419 5344 2424 5345 2419 5345 2425 5345 2425 5346 2419 5346 2418 5346 2425 5347 2418 5347 2179 5347 2179 5348 2418 5348 2177 5348 2425 5349 2179 5349 2180 5349 2180 5350 2426 5350 2425 5350 2425 5351 2426 5351 2427 5351 2425 5352 2427 5352 2424 5352 2424 5353 2427 5353 2428 5353 2424 5354 2428 5354 2423 5354 2423 5355 2428 5355 2429 5355 2423 5356 2429 5356 2422 5356 2430 5357 2429 5357 2431 5357 2431 5358 2429 5358 2428 5358 2431 5359 2428 5360 2432 5361 2432 5362 2428 5362 2427 5362 2432 5363 2427 5363 2433 5363 2433 5364 2427 5364 2426 5364 2433 5365 2426 5365 2182 5365 2182 5366 2426 5366 2180 5366 2182 5367 2183 5367 2433 5367 2433 5368 2183 5368 2434 5368 2433 5369 2434 5369 2432 5369 2432 5370 2434 5370 2435 5370 2432 5371 2435 5371 2431 5371 2431 5372 2435 5372 2436 5372 2431 5373 2436 5373 2430 5373 2430 5374 2436 5374 2437 5374 2183 5375 2186 5375 2434 5375 2434 5376 2186 5376 2438 5376 2434 5377 2438 5377 2435 5377 2435 5378 2438 5378 2439 5378 2435 5379 2439 5379 2436 5379 2436 5380 2439 5380 2440 5380 2436 5381 2440 5381 2437 5381 2437 5382 2440 5382 2441 5382 2442 5383 2441 5383 2443 5383 2443 5384 2441 5384 2440 5384 2443 5385 2440 5385 2444 5385 2444 5386 2440 5387 2439 5388 2444 5389 2439 5389 2445 5389 2445 5390 2439 5390 2438 5390 2445 5391 2438 5391 2188 5391 2188 5392 2438 5392 2186 5392 2446 5393 2447 5393 2443 5393 2443 5394 2447 5394 2442 5394 2444 5395 2445 5395 2448 5395 2190 5396 2448 5396 2189 5396 2189 5397 2448 5397 2445 5397 2189 5398 2445 5399 2188 5399 2190 5400 2449 5400 2448 5400 2448 5401 2449 5401 2446 5401 2448 5402 2446 5402 2444 5402 2444 5403 2446 5403 2443 5403 2450 5404 2442 5404 2451 5404 2451 5405 2442 5406 2447 5407 2451 5408 2447 5408 2452 5408 2452 5409 2447 5409 2446 5409 2452 5410 2446 5410 2453 5410 2453 5411 2446 5411 2449 5411 2452 5412 2453 5412 2454 5412 2455 5413 2456 5413 2457 5413 2193 5414 2458 5415 2190 5414 2190 5416 2458 5416 2449 5416 2459 5417 2460 5417 2461 5417 2461 5418 2460 5418 2462 5418 2461 5419 2462 5420 2463 5421 2462 5422 2464 5423 2463 5424 2463 5425 2464 5426 2465 5427 2463 5428 2465 5429 2466 5430 2466 5431 2465 5431 2467 5431 2466 5432 2467 5432 2468 5432 2467 5433 2469 5433 2468 5433 2468 5434 2469 5435 2470 5435 2468 5436 2470 5436 2471 5436 2453 5437 2449 5437 2454 5437 2454 5438 2449 5438 2458 5438 2454 5439 2458 5439 2472 5439 2472 5440 2458 5440 2193 5440 2472 5441 2193 5441 2192 5441 2192 5442 2191 5442 2472 5442 2472 5443 2191 5443 2197 5443 2472 5444 2197 5444 2473 5444 2473 5445 2197 5446 2200 5445 2194 5447 2474 5447 2195 5448 2195 5449 2474 5449 2475 5449 2195 5450 2475 5450 2196 5450 2196 5451 2475 5451 2476 5451 2196 5452 2476 5452 2198 5452 2198 5453 2476 5453 2199 5453 2200 5454 2199 5454 2473 5454 2473 5455 2199 5455 2476 5455 2473 5456 2476 5456 2477 5456 2474 5457 2455 5457 2475 5457 2475 5458 2455 5458 2457 5458 2475 5459 2457 5460 2476 5461 2476 5462 2457 5462 2478 5462 2476 5463 2478 5463 2477 5463 2451 5464 2452 5464 2479 5464 2479 5465 2452 5465 2454 5465 2479 5466 2454 5466 2480 5466 2480 5467 2454 5467 2472 5467 2480 5468 2472 5468 2481 5468 2481 5469 2472 5469 2473 5469 2481 5470 2473 5470 2482 5470 2482 5471 2473 5471 2477 5471 2450 5472 2451 5472 2483 5472 2483 5473 2451 5473 2479 5473 2483 5474 2479 5475 2484 5476 2484 5477 2479 5478 2480 5479 2484 5480 2480 5481 2485 5482 2485 5483 2480 5483 2481 5483 2485 5484 2481 5484 2486 5484 2486 5485 2481 5485 2482 5485 2486 5486 2482 5486 2487 5486 2487 5487 2482 5487 2477 5487 2487 5488 2477 5488 2488 5488 2488 5489 2477 5489 2478 5489 2488 5490 2478 5491 2489 5490 2489 5492 2478 5492 2457 5492 2489 5493 2457 5493 2490 5493 2490 5494 2457 5494 2456 5494 2490 5495 2470 5495 2489 5495 2489 5496 2470 5497 2469 5498 2489 5499 2469 5499 2488 5499 2488 5500 2469 5500 2467 5500 2488 5501 2467 5502 2487 5503 2487 5504 2467 5504 2465 5504 2487 5505 2465 5505 2486 5505 2486 5506 2465 5506 2464 5506 2486 5507 2464 5507 2485 5507 2485 5508 2464 5508 2462 5508 2485 5509 2462 5509 2484 5509 2484 5510 2462 5510 2460 5510 2484 5511 2460 5511 2483 5511 2483 5512 2460 5512 2459 5512 2483 5513 2459 5513 2450 5513 2194 5514 2201 5514 2474 5514 2474 5515 2201 5515 2491 5515 2492 5516 2456 5516 2491 5516 2491 5517 2456 5517 2455 5517 2491 5518 2455 5518 2474 5518 2337 5519 2471 5519 2493 5519 2493 5520 2471 5521 2470 5522 2493 5523 2470 5523 2492 5523 2492 5524 2470 5524 2490 5524 2492 5525 2490 5525 2456 5525 2201 5526 2142 5526 2491 5526 2491 5527 2142 5528 2343 5529 2491 5530 2343 5530 2492 5530 2492 5531 2343 5531 2341 5531 2492 5532 2341 5532 2493 5532 2493 5533 2341 5533 2339 5533 2493 5534 2339 5534 2337 5534 2205 5535 2494 5535 2204 5535 2204 5536 2494 5536 2495 5536 2204 5537 2495 5537 2203 5537 2203 5538 2495 5538 2496 5538 2203 5539 2496 5539 2202 5539 2202 5540 2496 5540 2497 5540 2202 5541 2497 5541 2213 5541 2213 5542 2497 5542 2498 5542 2213 5543 2498 5543 2212 5543 2212 5544 2498 5544 2499 5544 2212 5545 2499 5545 2211 5545 2211 5546 2499 5546 2500 5546 2211 5547 2500 5547 2210 5547 2210 5548 2500 5548 2501 5548 2210 5549 2501 5549 2209 5549 2209 5550 2501 5550 2502 5550 2209 5551 2502 5551 2208 5551 2208 5552 2502 5552 2503 5552 2208 5553 2503 5553 2207 5553 2207 5554 2503 5554 2504 5554 2207 5555 2504 5555 2206 5555 2206 5556 2504 5556 2505 5556 2206 5557 2505 5557 2205 5557 2205 5558 2505 5558 2494 5558 2218 5559 472 5559 2217 5559 2217 5560 472 5560 470 5560 2217 5561 470 5561 2216 5561 2216 5562 470 5562 468 5562 2216 5563 468 5563 2215 5563 2215 5564 468 5564 467 5564 2215 5565 467 5565 2214 5565 2214 5566 467 5566 483 5566 2214 5567 483 5567 2225 5567 2225 5568 483 5568 482 5568 2225 5569 482 5569 2224 5569 2224 5570 482 5570 481 5570 2224 5571 481 5571 2223 5571 2223 5572 481 5572 480 5572 2223 5573 480 5573 2222 5573 2222 5574 480 5574 479 5574 2222 5575 479 5575 2221 5575 2221 5576 479 5576 466 5576 2221 5577 466 5577 2220 5577 2220 5578 466 5578 475 5578 2220 5579 475 5579 2219 5579 2219 5580 475 5580 474 5580 2219 5581 474 5581 2218 5581 2218 5582 474 5583 472 5584 2506 5585 2237 5585 2507 5585 2507 5586 2237 5586 2236 5586 2507 5587 2236 5587 2508 5587 2508 5588 2236 5588 2235 5588 2508 5589 2235 5589 2509 5589 2509 5590 2235 5590 2234 5590 2509 5591 2234 5591 2510 5591 2510 5592 2234 5592 2233 5592 2510 5593 2233 5593 2511 5593 2511 5594 2233 5594 2232 5594 2511 5595 2232 5595 2512 5595 2512 5596 2232 5596 2231 5596 2512 5597 2231 5597 2513 5597 2513 5598 2231 5598 2230 5598 2513 5599 2230 5599 2514 5599 2514 5600 2230 5600 2229 5600 2514 5601 2229 5601 2515 5601 2515 5602 2229 5602 2228 5602 2515 5603 2228 5603 2516 5603 2516 5604 2228 5604 2227 5604 2516 5605 2227 5605 2517 5605 2517 5606 2227 5606 2226 5606 2517 5607 2226 5607 2506 5607 2506 5608 2226 5608 2237 5608 2323 5609 2322 5609 2518 5609 2518 5610 2519 5610 2323 5610 2323 5611 2519 5611 2520 5611 2323 5612 2520 5612 2326 5612 2521 5613 2522 5613 2523 5613 2523 5614 2522 5614 2524 5614 2521 5615 2322 5615 2522 5615 2522 5616 2322 5616 2321 5616 2522 5617 2321 5617 2325 5617 2525 5618 2526 5618 2527 5618 2527 5619 2526 5619 2524 5619 2527 5620 2524 5620 2522 5620 265 5621 266 5621 2525 5621 2333 5622 284 5622 263 5622 265 5623 2525 5623 263 5623 263 5624 2525 5624 2527 5624 263 5625 2527 5625 2333 5625 2333 5626 2527 5626 2522 5626 2333 5627 2522 5627 2325 5627 249 5628 246 5628 2528 5628 247 5629 249 5629 497 5629 497 5630 249 5630 2528 5630 497 5631 2528 5631 498 5631 498 5632 2528 5632 2332 5632 246 5633 245 5633 2528 5633 2528 5634 245 5634 306 5634 2528 5635 306 5635 2332 5635 2332 5636 306 5636 273 5636 2332 5637 273 5637 272 5637 2238 5638 254 5638 2239 5638 2239 5639 254 5639 256 5639 2239 5640 256 5640 2253 5640 2253 5641 256 5641 264 5641 2253 5642 264 5642 2254 5642 2254 5643 264 5643 286 5643 2254 5644 286 5644 2250 5644 2250 5645 286 5645 288 5645 2250 5646 288 5646 2251 5646 2251 5647 288 5647 290 5647 2251 5648 290 5648 2252 5648 2252 5648 290 5648 292 5648 2252 5649 292 5649 2247 5649 2247 5650 292 5650 274 5650 2247 5651 274 5651 2248 5651 2248 5652 274 5652 307 5652 2248 5653 307 5653 2249 5653 2249 5654 307 5654 269 5654 2249 5655 269 5655 2244 5655 2244 5656 269 5656 271 5656 2244 5657 271 5657 2245 5657 2245 5658 271 5658 277 5658 2245 5659 277 5659 2246 5659 2246 5660 277 5660 279 5660 2246 5661 279 5661 2241 5661 2241 5662 279 5662 281 5662 2241 5663 281 5663 2242 5663 2242 5664 281 5664 261 5664 2242 5665 261 5665 2243 5665 2243 5666 261 5666 252 5666 2243 5667 252 5667 2238 5667 2238 5668 252 5668 254 5668 503 5669 506 5669 2529 5669 2530 5670 524 5670 2529 5670 2529 5671 524 5671 523 5671 2529 5672 523 5672 503 5672 503 5673 523 5673 13 5673 2531 5674 2263 5674 2262 5674 2259 5675 2258 5675 2531 5675 1166 948 2264 948 1164 948 1164 5676 2264 5676 2266 5676 2267 948 2255 948 1172 948 1172 948 1174 948 2267 948 2267 5677 1174 5677 2259 5677 2267 5678 2259 5678 2265 5678 2265 948 2259 948 2531 948 2265 948 2531 948 2266 948 2266 5679 2531 5679 2262 5679 2266 5680 2262 5680 1164 5680 2258 948 2257 948 2531 948 2531 5681 2257 5681 2256 5681 2531 5682 2256 5682 2532 5682 2532 948 2256 948 2297 948 2532 5683 2297 5683 2533 5683 2533 5684 2297 5684 2534 5684 2534 948 2297 948 2298 948 2534 5685 2298 5685 2535 5685 2535 948 2298 948 2299 948 2535 5686 2299 5686 2536 5686 2536 948 2299 948 2537 948 2537 948 2299 948 2300 948 2537 948 2300 948 2538 948 2538 948 2300 948 2301 948 2538 5687 2301 5687 2539 5687 2539 5688 2301 5688 2302 5688 2539 5689 2302 5689 2540 5689 2540 948 2302 948 2541 948 2540 5690 2541 5690 2542 5690 2543 948 2544 948 2545 948 2545 948 2544 948 2305 948 2545 948 2305 948 2546 948 2546 5691 2305 5691 2304 5691 2546 5692 2304 5692 2547 5692 2547 5693 2304 5693 2303 5693 2547 948 2303 948 2548 948 2548 5694 2303 5694 2306 5694 2548 5695 2306 5695 2549 5695 2549 948 2306 948 2550 948 2550 948 2306 948 2307 948 2550 5685 2307 5685 2551 5685 2551 948 2307 948 2308 948 2551 5696 2308 5696 2552 5696 2552 948 2308 948 2553 948 2553 948 2308 948 2261 948 2553 948 2261 948 2531 948 2531 5697 2261 5697 2260 5697 2531 5698 2260 5698 2263 5698 2284 5699 2554 5699 2555 5699 2284 5700 2555 5700 2286 5700 2280 5701 2556 5701 2557 5701 2280 5702 2557 5702 2282 5702 2557 5703 2558 5703 2282 5703 2282 5704 2558 5704 2559 5704 2282 5705 2559 5705 2284 5705 2284 5706 2559 5706 2560 5706 2284 5707 2560 5707 2554 5707 2278 5708 2561 5708 2562 5708 2278 5709 2562 5709 2280 5709 2280 5710 2562 5710 2563 5710 2280 5711 2563 5711 2556 5711 2276 5712 2564 5712 2565 5712 2276 5713 2565 5713 2278 5713 2278 5714 2565 5714 2566 5714 2278 5715 2566 5715 2561 5715 2274 5716 2567 5716 2568 5716 2274 5717 2568 5717 2276 5717 2276 5718 2568 5718 2569 5718 2276 5719 2569 5719 2564 5719 2570 5720 2571 5720 2272 5720 2272 5721 2571 5721 2572 5721 2272 5722 2572 5722 2274 5722 2274 5723 2572 5723 2573 5723 2274 5724 2573 5724 2567 5724 2574 5725 2575 5725 2296 5725 2296 5726 2575 5726 2576 5726 2296 5727 2576 5727 2272 5727 2272 5728 2576 5728 2577 5728 2272 5729 2577 5729 2570 5729 2574 5730 2296 5730 2578 5730 2578 5731 2296 5731 2295 5731 2578 5732 2295 5732 2579 5732 2580 5733 2581 5733 2293 5733 2293 5734 2581 5734 2582 5734 2293 5735 2582 5735 2295 5735 2295 5736 2582 5736 2583 5736 2295 5737 2583 5737 2579 5737 2580 5738 2293 5738 2584 5738 2584 5739 2293 5739 2291 5739 2584 5740 2291 5740 2585 5740 2586 5741 2587 5741 2289 5741 2289 5742 2587 5742 2588 5742 2289 5743 2588 5743 2291 5743 2291 5744 2588 5744 2589 5744 2291 5745 2589 5745 2585 5745 2586 5746 2289 5746 2590 5746 2590 5747 2289 5747 2270 5747 2590 5748 2270 5748 2543 5748 2269 5749 2305 5749 2270 5749 2270 5750 2305 5750 2544 5750 2270 5751 2544 5751 2543 5751 2555 5752 2542 5752 2286 5752 2286 5753 2542 5753 2541 5753 2286 5754 2541 5754 2287 5754 2287 5755 2541 5755 2302 5755 429 5756 2591 5756 2592 5756 2593 5757 419 5757 418 5757 429 5758 2592 5758 421 5758 421 5759 2592 5759 2593 5759 421 5760 2593 5760 422 5760 422 5761 2593 5761 418 5761 422 5762 418 5762 215 5762 420 5763 419 5763 2594 5763 2594 5764 419 5764 2593 5764 2594 5765 2593 5765 2595 5765 2595 5766 2593 5766 2592 5766 2595 5767 2592 5767 2596 5767 2596 5768 2592 5768 2597 5768 2598 5769 2597 5769 2599 5769 2599 5770 2597 5770 2592 5770 2599 5771 2592 5771 2600 5771 2600 5772 2592 5772 2591 5772 2600 5773 2591 5773 2601 5773 2602 5774 2603 5774 2604 5774 2605 5775 2606 5775 2607 5775 2607 5776 2606 5776 2608 5776 2605 5777 2609 5777 2606 5777 2606 5778 2609 5778 2610 5778 2606 5779 2610 5779 2608 5779 2608 5780 2610 5780 2611 5780 2604 5781 2611 5781 2612 5781 2612 5782 2611 5782 2610 5782 2612 5783 2610 5783 2613 5783 2613 5784 2610 5784 2609 5784 2613 5785 2609 5785 2614 5785 2604 5786 2603 5787 2611 5788 2611 5789 2603 5789 2615 5789 2615 5790 2616 5790 2611 5790 2611 5791 2616 5791 2617 5791 2611 5792 2617 5792 2608 5792 2608 5793 2617 5793 2607 5793 2607 5794 2617 5794 2618 5794 2618 5795 2617 5795 2619 5795 2618 5796 2619 5796 2620 5796 2621 5797 2619 5797 2622 5797 2622 5798 2619 5798 2617 5798 2622 5799 2617 5799 2623 5799 2623 5800 2617 5800 2616 5800 2624 5801 2309 5801 2625 5801 2625 5802 2309 5802 2320 5802 2625 5803 2320 5803 2626 5803 2626 4877 2320 4877 2319 4877 2626 5804 2319 5804 2627 5804 2627 4879 2319 4879 2318 4879 2627 5805 2318 5805 2628 5805 2628 5806 2318 5806 2317 5806 2628 5807 2317 5807 2629 5807 2629 5808 2317 5808 2316 5808 2629 5809 2316 5809 2630 5809 2630 5810 2316 5810 2315 5810 2630 5811 2315 5811 2631 5811 2631 4887 2315 4887 2314 4887 2631 5812 2314 5812 2632 5812 2632 4889 2314 4889 2313 4889 2632 5813 2313 5813 2633 5813 2633 4891 2313 4891 2312 4891 2633 5814 2312 5814 2634 5814 2634 5815 2312 5815 2311 5815 2634 5816 2311 5816 2635 5816 2635 5817 2311 5817 2310 5817 2635 5818 2310 5818 2624 5818 2624 5819 2310 5819 2309 5819 2330 5820 304 5820 303 5820 293 5821 2636 5821 303 5821 303 5822 2636 5822 2329 5822 303 5823 2329 5823 2330 5823 2468 5824 2471 5824 2636 5824 2636 5825 2471 5825 2337 5825 2636 5826 2337 5826 2329 5826 2329 5827 2337 5827 2336 5827 2329 5828 2336 5828 2347 5828 2347 5829 2351 5829 2329 5829 2329 5830 2351 5830 2352 5830 2329 5831 2352 5831 502 5831 502 5832 2352 5832 2359 5832 502 5833 2359 5833 495 5833 495 5834 2359 5834 2360 5834 495 5835 2360 5835 493 5835 493 5836 2360 5836 2367 5836 493 5837 2367 5838 490 5839 2377 5840 2637 5840 2372 5840 2372 5841 2637 5841 490 5841 2372 5842 490 5842 2371 5842 2371 5843 490 5843 2367 5843 2377 5844 2380 5844 2637 5844 2637 5845 2380 5845 2382 5845 2637 5846 2382 5846 2638 5846 2382 5847 2384 5847 2638 5847 2638 5848 2384 5848 2387 5848 2638 5849 2387 5849 2639 5849 2639 5850 2387 5850 2389 5850 2389 5851 2391 5851 2639 5851 2639 5852 2391 5852 2410 5852 2639 5853 2410 5854 2640 5855 2640 5856 2410 5856 2417 5856 2640 5857 2417 5857 2520 5857 2520 5858 2417 5858 2421 5858 2520 5859 2421 5859 2326 5859 2326 5860 2421 5860 2422 5860 2326 5861 2422 5861 2327 5861 2327 5862 2422 5862 2429 5862 2327 5863 2429 5863 2430 5863 2430 5864 2437 5864 2327 5864 2327 5865 2437 5865 2441 5865 2327 5866 2441 5866 2335 5866 2459 5867 2641 5867 2450 5867 2450 5868 2641 5868 2335 5868 2450 5869 2335 5869 2442 5869 2442 5870 2335 5870 2441 5870 285 5871 2335 5871 287 5871 287 5872 2335 5872 2641 5872 287 5873 2641 5873 289 5873 289 5874 2641 5874 2636 5874 289 5875 2636 5875 291 5875 291 5876 2636 5876 293 5876 2459 5877 2461 5877 2641 5877 2641 5878 2461 5878 2463 5878 2641 5879 2463 5879 2636 5879 2636 5880 2463 5880 2466 5880 2636 5881 2466 5881 2468 5881 2642 5882 2499 5882 2602 5882 2602 5883 2499 5883 2498 5883 2602 5884 2498 5884 2603 5884 2643 5885 2621 5885 2497 5885 2497 5886 2621 5886 2622 5886 2622 5887 2623 5887 2497 5887 2497 5888 2623 5888 2616 5888 2497 5889 2616 5889 2498 5889 2498 5890 2616 5890 2615 5890 2498 5891 2615 5891 2603 5891 2643 5892 2497 5892 2644 5892 2644 5893 2497 5893 2496 5893 2644 5894 2496 5894 2645 5894 2505 5895 2646 5895 2494 5895 2494 5896 2646 5896 2647 5896 2494 5897 2647 5897 2495 5897 2495 5898 2647 5898 2648 5898 2495 5899 2648 5899 2496 5899 2496 5900 2648 5900 2649 5900 2496 5901 2649 5901 2645 5901 2504 5902 2650 5902 2505 5902 2505 5903 2650 5903 2651 5903 2505 5904 2651 5904 2646 5904 2503 5905 2652 5905 2504 5905 2504 5906 2652 5906 2653 5906 2504 5907 2653 5907 2650 5907 2502 5908 2654 5908 2503 5908 2503 5909 2654 5909 2655 5909 2655 5910 2656 5910 2503 5910 2503 5911 2656 5911 2657 5911 2503 5912 2657 5912 2652 5912 2500 5913 2591 5913 2501 5913 2501 5914 2591 5914 429 5914 2501 5915 429 5915 428 5915 428 5916 427 5916 2501 5916 2501 5917 427 5917 426 5917 2501 5918 426 5918 2502 5918 2502 5919 426 5919 425 5919 2502 5920 425 5920 2654 5920 2642 5921 2658 5921 2499 5921 2499 5922 2658 5922 2659 5922 2499 5923 2659 5923 2500 5923 2500 5924 2659 5924 2601 5924 2500 5925 2601 5925 2591 5925 430 5926 171 5926 464 5926 444 5927 2660 5927 445 5927 445 5928 2660 5928 2656 5928 445 5929 2656 5929 464 5929 464 5930 2656 5930 2655 5930 464 5931 2655 5931 2654 5931 430 5932 464 5932 424 5932 424 5933 464 5933 2654 5933 424 5934 2654 5934 425 5934 2519 5935 2518 5935 2661 5935 2661 5936 2662 5936 2519 5936 2519 5937 2662 5937 2640 5937 2519 5938 2640 5938 2520 5938 2509 5939 2663 5939 2508 5939 2508 5940 2663 5940 2664 5940 2508 5941 2664 5941 2507 5941 2507 5942 2664 5942 2665 5942 2507 5943 2665 5943 2506 5943 2506 5944 2665 5944 2666 5944 2506 5945 2666 5945 2517 5945 2517 5946 2666 5946 2667 5946 2517 5947 2667 5947 2516 5947 2516 5948 2667 5948 2668 5948 2516 5949 2668 5949 2515 5949 2515 5950 2668 5950 2669 5950 2515 5951 2669 5951 2514 5951 2514 5952 2669 5952 2670 5952 2514 5953 2670 5953 2513 5953 2513 5954 2670 5954 2671 5954 2513 5955 2671 5955 2512 5955 2512 5956 2671 5956 2672 5956 2512 5957 2672 5957 2511 5957 2511 5958 2672 5958 2673 5958 2511 5959 2673 5959 2510 5959 2510 5960 2673 5960 2674 5960 2510 5961 2674 5961 2509 5961 2509 5962 2674 5962 2663 5962 2662 5963 2661 5964 2675 5965 2639 5966 2640 5967 2676 5968 2676 5969 2640 5969 2662 5969 2676 5970 2662 5971 2677 5972 2677 5973 2662 5974 2675 5975 2678 5976 2679 5976 2680 5976 2523 5977 2678 5977 2521 5977 2521 5978 2678 5978 2680 5978 2521 5979 2680 5979 2322 5979 2322 5980 2680 5980 2518 5980 2678 5981 2523 5982 2681 5983 2678 5984 2681 5985 2682 5986 2682 5987 2681 5988 2683 5989 2682 5990 2683 5991 2684 5992 2681 5993 2523 5993 2524 5993 2524 5994 2685 5994 2681 5994 2681 5995 2685 5995 2686 5995 2681 5996 2686 5996 2683 5996 266 5997 258 5997 2525 5997 2525 5998 258 5998 2687 5998 2525 5999 2687 5999 2526 5999 2526 6000 2687 6000 2685 6000 2526 6001 2685 6001 2524 6001 2686 6002 2685 6002 2688 6002 2688 6003 2685 6003 2687 6003 2688 6004 2687 6004 257 6004 257 6005 2687 6005 258 6005 296 6006 295 6006 2689 6006 300 6007 299 6007 2690 6007 2690 6008 299 6008 2691 6008 2690 6009 2691 6009 2692 6009 2692 6010 2691 6010 2693 6010 2692 6011 2693 6011 2694 6011 299 6012 296 6012 2691 6012 2691 6013 296 6013 2689 6013 2691 6014 2689 6014 2693 6014 2693 6015 2689 6015 2695 6015 2696 6016 2694 6016 2697 6016 2697 6017 2694 6017 2693 6017 2697 6018 2693 6018 2698 6018 2698 6019 2693 6019 2695 6019 2698 6020 2695 6020 2699 6020 2700 6021 2701 6022 2702 6023 2700 6024 2702 6025 2703 6026 2704 6027 2705 6028 2706 6029 2706 6030 2705 6031 2703 6032 2706 6033 2703 6034 2707 6035 2707 6036 2703 6037 2702 6038 2689 6039 295 6039 294 6039 294 6040 2708 6040 2689 6040 2689 6041 2708 6041 2709 6041 2689 6042 2709 6042 2695 6042 294 6043 262 6043 2708 6043 2708 6044 262 6044 260 6044 2708 6045 260 6045 2710 6045 2710 6046 2711 6046 2708 6046 2708 6047 2711 6047 2712 6047 2708 6048 2712 6048 2709 6048 2709 6049 2712 6049 2701 6049 2709 6050 2701 6051 2700 6052 2713 6053 2710 6054 260 6055 2713 6056 260 6056 2714 6056 283 6057 2715 6057 259 6057 259 6058 2715 6058 2716 6058 259 6059 2716 6059 260 6059 260 6060 2716 6060 2717 6060 260 6061 2717 6061 2714 6061 532 6062 242 6063 531 6064 532 6065 531 6066 2718 6067 2718 6068 531 6069 529 6070 2718 6071 529 6071 2719 6071 2719 6072 529 6073 527 6074 2719 6075 527 6075 2720 6075 270 6076 536 6077 2721 6078 2722 6079 275 6079 2723 6079 2723 6080 275 6080 270 6080 2723 6081 270 6082 2724 6083 2724 6084 270 6084 2721 6084 518 6085 2725 6085 519 6085 519 6086 2725 6086 2726 6086 519 6087 2726 6087 520 6087 517 6088 516 6088 2727 6088 2727 6089 516 6089 514 6089 2727 6090 514 6090 2726 6090 2726 6091 514 6091 513 6091 2726 6092 513 6093 520 6094 510 6095 512 6096 2728 6096 2529 6097 506 6097 508 6097 2729 6098 2730 6098 2728 6098 2728 6099 2730 6099 2731 6099 2728 6100 2731 6100 510 6100 508 6101 2732 6101 2529 6101 2529 6102 2732 6102 2733 6102 2529 6103 2733 6103 2530 6103 2530 6104 2733 6104 2734 6104 508 6105 510 6105 2732 6105 2732 6106 510 6106 2731 6106 2732 6107 2731 6107 2733 6107 2733 6108 2731 6108 2730 6108 2733 6109 2730 6109 2734 6109 2734 6110 2730 6110 2735 6110 512 6111 517 6111 2728 6111 2728 6112 517 6112 2727 6112 2728 6113 2727 6113 2729 6113 2729 6114 2727 6114 2736 6114 2729 6115 2736 6115 2730 6115 2730 6116 2736 6116 2737 6116 2730 6117 2737 6117 2735 6117 340 6118 2738 6118 505 6118 505 6119 2738 6119 2739 6119 505 6120 2739 6120 518 6120 518 6121 2739 6121 2740 6121 518 6122 2740 6122 2725 6122 2725 6123 2740 6123 2741 6123 2725 6124 2741 6124 2726 6124 2726 6125 2741 6125 2742 6125 2726 6126 2742 6126 2727 6126 2727 6127 2742 6127 2743 6127 2727 6128 2743 6128 2736 6128 359 6129 2744 6130 411 6131 411 6132 2744 6132 2745 6132 411 6133 2745 6133 2746 6133 2746 6134 2745 6134 2747 6134 2746 6135 2747 6135 2748 6135 2748 6136 2747 6136 2749 6136 2565 6137 2750 6137 2751 6137 2588 6138 2752 6139 2589 6140 2543 6141 2753 6141 2754 6141 2588 6142 2587 6142 2752 6142 2752 6143 2587 6144 2586 6144 2752 6145 2586 6146 2754 6147 2754 6148 2586 6148 2590 6148 2754 6149 2590 6149 2543 6149 2755 6150 2756 6150 2584 6150 2584 6151 2756 6151 2580 6151 2757 6152 2582 6152 2756 6152 2756 6153 2582 6153 2581 6153 2756 6154 2581 6154 2580 6154 2574 6155 2578 6156 2758 6157 2758 6158 2578 6159 2579 6160 2758 6161 2579 6161 2757 6162 2757 6163 2579 6163 2583 6163 2757 6164 2583 6164 2582 6164 2573 6165 2572 6165 2759 6165 2759 6166 2572 6166 2571 6166 2759 6167 2571 6167 2760 6167 2760 6168 2571 6169 2570 6170 2760 6171 2570 6171 2577 6171 2761 6172 2567 6172 2573 6172 2565 6173 2564 6173 2750 6173 2750 6174 2564 6174 2569 6174 2750 6175 2569 6175 2761 6175 2761 6176 2569 6176 2568 6176 2761 6177 2568 6177 2567 6177 2566 6178 2762 6179 2561 6180 2561 6181 2762 6181 2763 6181 2561 6182 2763 6182 2562 6182 2764 6183 2556 6183 2763 6183 2763 6184 2556 6185 2563 6186 2763 6187 2563 6187 2562 6187 2765 6188 2559 6188 2766 6188 2766 6189 2559 6189 2558 6189 2766 6190 2558 6190 2764 6190 2764 6191 2558 6191 2557 6191 2764 6192 2557 6192 2556 6192 2767 6193 2554 6193 2768 6193 2768 6194 2554 6194 2560 6194 2543 6195 2545 6195 2753 6195 2753 6196 2545 6196 2546 6196 2753 6197 2546 6197 2769 6197 2769 6198 2546 6198 2547 6198 2769 6199 2547 6199 2770 6199 2770 6200 2547 6200 2548 6200 2770 6201 2548 6201 2771 6201 2771 6202 2548 6202 2549 6202 2771 6203 2549 6203 2772 6203 2772 6204 2549 6204 2550 6204 2772 6205 2550 6205 2773 6205 2773 6206 2550 6206 2551 6206 2773 6207 2551 6207 2774 6207 2774 6208 2551 6208 2552 6208 2774 6209 2552 6209 2775 6209 2775 6210 2552 6210 2553 6210 2775 6211 2553 6211 2776 6211 2776 6212 2553 6212 2531 6212 2776 6213 2531 6213 2777 6213 2777 6214 2531 6214 2532 6214 2777 6215 2532 6215 2778 6215 2778 6216 2532 6216 2533 6216 2778 6217 2533 6217 2779 6217 2779 6218 2533 6218 2534 6218 2779 6219 2534 6219 2780 6219 2780 6220 2534 6220 2535 6220 2780 6221 2535 6221 2781 6221 2781 6222 2535 6222 2536 6222 2781 6223 2536 6223 2782 6223 2782 6224 2536 6224 2537 6224 2782 6225 2537 6225 2783 6225 2783 6226 2537 6226 2538 6226 2783 6227 2538 6227 2784 6227 2784 6228 2538 6228 2539 6228 2784 6229 2539 6229 2785 6229 2785 6230 2539 6230 2540 6230 2785 6231 2540 6231 2786 6231 2786 6232 2540 6232 2542 6232 2786 6233 2542 6233 2767 6233 2767 6234 2542 6234 2555 6234 2767 6235 2555 6235 2554 6235 2787 6236 409 6236 410 6236 2787 6237 410 6237 2788 6237 409 6238 2787 6238 408 6238 408 6239 2787 6239 2789 6239 408 6240 2789 6240 406 6240 406 6241 2789 6241 405 6241 405 6242 2789 6242 2790 6242 405 6243 2790 6243 403 6243 403 6244 2790 6244 402 6244 402 6245 2790 6245 2751 6245 402 6246 2751 6246 400 6246 400 6247 2751 6247 399 6247 399 6248 2751 6248 2750 6248 399 6249 2750 6249 397 6249 397 6250 2750 6250 396 6250 396 6251 2750 6251 2761 6251 396 6252 2761 6252 394 6252 2573 6253 2759 6253 2761 6253 2761 6254 2759 6254 393 6254 2761 6255 393 6255 394 6255 312 6256 311 6256 2760 6256 2760 6257 311 6257 389 6257 2760 6258 389 6258 2759 6258 2759 6259 389 6259 391 6259 2759 6260 391 6260 393 6260 2577 6261 2576 6261 2760 6261 2760 6262 2576 6262 2791 6262 2760 6263 2791 6263 312 6263 2792 6264 387 6264 2791 6264 2791 6265 387 6265 386 6265 2791 6266 386 6266 312 6266 2793 6267 381 6267 2792 6267 2792 6268 381 6268 388 6268 2792 6269 388 6269 387 6269 2794 6270 383 6270 2793 6270 2793 6271 383 6271 382 6271 2793 6272 382 6272 381 6272 2795 6273 375 6273 2794 6273 2794 6274 375 6274 384 6274 2794 6275 384 6275 383 6275 2796 6276 377 6276 2795 6276 2795 6277 377 6277 376 6277 2795 6278 376 6278 375 6278 410 6279 351 6279 2788 6279 2788 6280 351 6280 347 6280 2788 6281 347 6281 2797 6281 2797 6282 347 6282 344 6282 2797 6283 344 6283 2798 6283 2798 6284 344 6284 319 6284 2798 6285 319 6285 2799 6285 2799 6286 319 6286 341 6286 2799 6287 341 6287 2800 6287 2800 6288 341 6288 337 6288 2800 6289 337 6289 2801 6289 2801 6290 337 6290 338 6290 2801 6291 338 6291 2802 6291 2802 6292 338 6292 336 6292 2802 6293 336 6293 2803 6293 2803 6294 336 6294 335 6294 2803 6295 335 6295 2804 6295 2804 6296 335 6296 334 6296 2804 6297 334 6297 2805 6297 2805 6298 334 6298 333 6298 2805 6299 333 6299 2806 6299 2806 6300 333 6300 332 6300 2806 6301 332 6301 2807 6301 2807 6302 332 6302 331 6302 2807 6303 331 6303 2808 6303 2808 6304 331 6304 327 6304 2808 6305 327 6305 2809 6305 2809 6306 327 6306 325 6306 2809 6307 325 6307 2810 6307 2810 6308 325 6308 322 6308 2810 6309 322 6309 2811 6309 2811 6310 322 6310 323 6310 2811 6311 323 6311 2812 6311 2812 6312 323 6312 362 6312 2812 6313 362 6313 2813 6313 2813 6314 362 6314 372 6314 2813 6315 372 6315 2814 6315 2814 6316 372 6316 370 6316 2814 6317 370 6317 2815 6317 2815 6318 370 6318 368 6318 2815 6319 368 6319 2816 6319 2816 6320 368 6320 366 6320 2816 6321 366 6321 2817 6321 2817 6322 366 6322 364 6322 2817 6323 364 6323 2796 6323 2796 6324 364 6324 378 6324 2796 6325 378 6325 377 6325 2560 6326 2559 6326 2768 6326 2768 6327 2559 6327 2765 6327 2768 6328 2765 6328 2767 6328 2767 6329 2765 6329 2818 6329 2767 6330 2818 6330 2786 6330 2786 6331 2818 6331 2819 6331 2786 6332 2819 6332 2785 6332 2785 6333 2819 6333 2820 6333 2785 6334 2820 6334 2784 6334 2784 6335 2820 6335 2821 6335 2784 6336 2821 6336 2783 6336 2783 6337 2821 6337 2822 6337 2783 6338 2822 6338 2782 6338 2782 6339 2822 6339 2823 6339 2782 6340 2823 6340 2781 6340 2781 6341 2823 6341 2824 6341 2781 6342 2824 6342 2780 6342 2780 6343 2824 6343 2825 6343 2780 6344 2825 6344 2779 6344 2779 6345 2825 6345 2826 6345 2779 6346 2826 6346 2778 6346 2778 6347 2826 6347 2827 6347 2778 6348 2827 6348 2777 6348 2777 6349 2827 6349 2828 6349 2777 6350 2828 6350 2776 6350 2776 6351 2828 6351 2829 6351 2776 6352 2829 6352 2775 6352 2775 6353 2829 6353 2830 6353 2775 6354 2830 6354 2774 6354 2774 6355 2830 6355 2831 6355 2774 6356 2831 6356 2773 6356 2773 6357 2831 6357 2832 6357 2773 6358 2832 6358 2772 6358 2772 6359 2832 6359 2833 6359 2772 6360 2833 6360 2771 6360 2771 6361 2833 6361 2834 6361 2771 6362 2834 6362 2770 6362 2770 6363 2834 6363 2835 6363 2770 6364 2835 6364 2769 6364 2769 6365 2835 6365 2836 6365 2769 6366 2836 6366 2753 6366 2753 6367 2836 6367 2837 6367 2753 6368 2837 6368 2754 6368 2754 6369 2837 6369 2838 6369 2754 6370 2838 6370 2752 6370 2752 6371 2838 6371 2839 6371 2752 6372 2839 6372 2589 6372 2589 6373 2839 6373 2755 6373 2589 6374 2755 6374 2585 6374 2585 6375 2755 6375 2584 6375 2566 6376 2565 6377 2762 6378 2762 6379 2565 6379 2751 6379 2762 6380 2751 6380 2763 6380 2763 6381 2751 6381 2790 6381 2763 6382 2790 6382 2764 6382 2764 6383 2790 6383 2789 6383 2764 6384 2789 6384 2766 6384 2766 6385 2789 6385 2787 6385 2766 6386 2787 6386 2765 6386 2765 6387 2787 6387 2788 6387 2765 6388 2788 6388 2818 6388 2818 6389 2788 6389 2797 6389 2818 6390 2797 6390 2819 6390 2819 6391 2797 6391 2798 6391 2819 6392 2798 6392 2820 6392 2820 6393 2798 6393 2799 6393 2820 6394 2799 6394 2821 6394 2821 6395 2799 6395 2800 6395 2821 6396 2800 6396 2822 6396 2822 6397 2800 6397 2801 6397 2822 6398 2801 6398 2823 6398 2823 6399 2801 6399 2802 6399 2823 6400 2802 6400 2824 6400 2824 6401 2802 6401 2803 6401 2824 6402 2803 6402 2825 6402 2825 6403 2803 6403 2804 6403 2825 6404 2804 6404 2826 6404 2826 6405 2804 6405 2805 6405 2826 6406 2805 6406 2827 6406 2827 6407 2805 6407 2806 6407 2827 6408 2806 6408 2828 6408 2828 6409 2806 6409 2807 6409 2828 6410 2807 6410 2829 6410 2829 6411 2807 6411 2808 6411 2829 6412 2808 6412 2830 6412 2830 6413 2808 6413 2809 6413 2830 6414 2809 6414 2831 6414 2831 6415 2809 6415 2810 6415 2831 6416 2810 6416 2832 6416 2832 6417 2810 6417 2811 6417 2832 6418 2811 6418 2833 6418 2833 6419 2811 6419 2812 6419 2833 6420 2812 6420 2834 6420 2834 6421 2812 6421 2813 6421 2834 6422 2813 6422 2835 6422 2835 6423 2813 6423 2814 6423 2835 6424 2814 6424 2836 6424 2836 6425 2814 6425 2815 6425 2836 6426 2815 6426 2837 6426 2837 6427 2815 6427 2816 6427 2837 6428 2816 6428 2838 6428 2838 6429 2816 6429 2817 6429 2838 6430 2817 6430 2839 6430 2839 6431 2817 6431 2796 6431 2839 6432 2796 6432 2755 6432 2755 6433 2796 6433 2795 6433 2755 6434 2795 6434 2756 6434 2756 6435 2795 6435 2794 6435 2756 6436 2794 6436 2757 6436 2757 6437 2794 6437 2793 6437 2757 6438 2793 6438 2758 6438 2758 6439 2793 6439 2792 6439 2758 6440 2792 6440 2574 6440 2574 6441 2792 6441 2791 6441 2574 6442 2791 6442 2575 6442 2575 6443 2791 6443 2576 6443 326 6444 329 6444 2840 6444 2840 6445 329 6445 414 6445 2840 6446 414 6446 2841 6446 2841 6447 414 6447 417 6447 2841 6448 417 6448 420 6448 420 6449 417 6449 412 6449 420 6450 412 6450 106 6450 2595 6451 2842 6451 2594 6451 2597 6452 2843 6452 2596 6452 2842 6453 2595 6453 324 6453 2844 6454 360 6454 321 6454 324 6455 2595 6455 320 6455 320 6456 2595 6456 2596 6456 320 6457 2596 6457 321 6457 321 6458 2596 6458 2843 6458 321 6459 2843 6459 2844 6459 2844 6460 2843 6460 2597 6460 2844 6461 2597 6461 2598 6461 324 6462 326 6462 2842 6462 2842 6463 326 6463 2840 6463 2842 6464 2840 6464 2594 6464 2594 6465 2840 6465 2841 6465 2594 6466 2841 6466 420 6466 2658 6467 2642 6467 2613 6467 2601 6468 2659 6468 2600 6468 2600 6469 2659 6470 2599 6471 2602 6472 2604 6472 2642 6472 2642 6473 2604 6473 2612 6473 2642 6474 2612 6474 2613 6474 361 6475 360 6475 2844 6475 361 6476 2844 6476 2845 6476 2845 6477 2844 6477 2598 6477 2845 6478 2598 6479 2614 6480 2614 6481 2598 6481 2599 6481 2614 6482 2599 6482 2613 6482 2613 6483 2599 6483 2659 6483 2613 6484 2659 6484 2658 6484 315 6485 314 6485 2846 6485 2846 6486 314 6486 2847 6486 2846 6487 2847 6487 2605 6487 2605 6488 2847 6488 2609 6488 314 6489 361 6489 2847 6489 2847 6490 361 6490 2845 6490 2847 6491 2845 6491 2609 6491 2609 6492 2845 6493 2614 6494 2848 6495 2849 6495 2620 6495 2620 6496 2849 6496 2850 6496 2620 6497 2850 6497 2618 6497 2618 6498 2850 6498 2605 6498 2618 6499 2605 6499 2607 6499 2620 6500 2851 6500 2848 6500 2848 6501 2851 6501 2852 6501 2852 6502 2851 6502 2853 6502 2853 6503 2851 6503 2854 6503 2853 6504 2854 6504 2855 6504 2856 6505 2857 6506 2858 6505 2621 6507 2643 6507 2619 6507 2619 6508 2643 6508 2644 6508 2619 6509 2644 6509 2859 6509 2859 6510 2644 6510 2645 6510 2859 6511 2645 6511 2860 6511 2860 6512 2645 6513 2649 6514 2860 6515 2649 6515 2648 6515 2620 6516 2619 6516 2851 6516 2851 6517 2619 6517 2859 6517 2851 6518 2859 6518 2854 6518 2854 6519 2859 6519 2858 6519 2854 6520 2858 6520 2861 6520 2860 6521 2862 6521 2859 6521 2859 6522 2862 6522 2863 6522 2859 6523 2863 6523 2858 6523 2858 6524 2863 6524 2864 6524 2858 6525 2864 6525 2856 6525 2865 6526 2866 6526 2867 6526 2867 6527 2866 6527 2868 6527 2867 6528 2868 6528 2858 6528 2858 6529 2868 6529 2869 6529 2858 6530 2869 6530 2861 6530 2870 6531 2871 6531 2872 6531 2872 6532 2871 6532 2865 6532 2872 6533 2865 6533 2873 6533 2873 6534 2865 6534 2867 6534 2873 6535 2867 6535 2874 6535 2874 6536 2867 6536 2858 6536 2874 6537 2858 6537 2857 6537 2627 6538 2875 6538 2626 6538 2626 6539 2875 6539 2876 6539 2626 6540 2876 6540 2625 6540 2625 6541 2876 6541 2877 6541 2625 6542 2877 6542 2624 6542 2624 6543 2877 6543 2878 6543 2624 5541 2878 5541 2635 5541 2635 6544 2878 6544 2879 6544 2635 6545 2879 6545 2634 6545 2634 6546 2879 6546 2880 6546 2634 6547 2880 6547 2633 6547 2633 6548 2880 6548 2881 6548 2633 6549 2881 6549 2632 6549 2632 6550 2881 6550 2882 6550 2632 6551 2882 6551 2631 6551 2631 6552 2882 6552 2883 6552 2631 6553 2883 6553 2630 6553 2630 6554 2883 6554 2884 6554 2630 6555 2884 6555 2629 6555 2629 6556 2884 6556 2885 6556 2629 6557 2885 6557 2628 6557 2628 6558 2885 6558 2886 6558 2628 6559 2886 6559 2627 6559 2627 6560 2886 6560 2875 6560 2887 6561 2862 6561 2860 6561 2888 6562 454 6562 453 6562 2888 6563 453 6563 2889 6563 2890 6564 458 6564 2888 6564 2888 6565 458 6565 456 6565 2888 6566 456 6566 454 6566 447 6567 463 6567 2891 6567 2891 6568 463 6568 462 6568 2891 6569 462 6569 2890 6569 2890 6570 462 6570 460 6570 2890 6571 460 6571 458 6571 447 6572 2891 6572 449 6572 449 6573 2891 6573 2892 6573 449 6574 2892 6574 451 6574 451 6575 2892 6575 2893 6575 451 6576 2893 6576 452 6576 2894 6577 444 6577 2893 6577 2893 6578 444 6578 442 6578 2893 6579 442 6579 452 6579 2656 6580 2660 6580 2657 6580 2657 6581 2660 6581 444 6581 2657 6582 444 6582 2652 6582 2652 6583 444 6583 2894 6583 2652 6584 2894 6584 2895 6584 2860 6585 2648 6585 2647 6585 2646 6586 2651 6586 2895 6586 2651 6587 2650 6587 2895 6587 2895 6588 2650 6588 2653 6588 2895 6589 2653 6589 2652 6589 2896 6590 2897 6590 2898 6590 2898 6591 2897 6591 2899 6591 2898 6592 2899 6592 2860 6592 2860 6593 2899 6593 2900 6593 2860 6594 2900 6594 2887 6594 2901 6595 2902 6595 2903 6595 2896 6596 2898 6596 2904 6596 2904 6597 2898 6597 2905 6597 2904 6598 2905 6598 2903 6598 2901 6599 2903 6599 2906 6599 2906 6600 2903 6600 2905 6600 2906 6601 2905 6601 2907 6601 2907 6602 2905 6602 2908 6602 2907 6603 2908 6603 2909 6603 2910 6604 2911 6604 2912 6604 2912 6605 2911 6605 2913 6605 2912 6606 2913 6606 2914 6606 2914 6607 2913 6607 2915 6607 2914 6608 2915 6608 2908 6608 2908 6609 2915 6609 2916 6609 2908 6610 2916 6610 2909 6610 2917 6611 2918 6611 2919 6611 2919 6612 2918 6612 2912 6612 2912 6613 2918 6613 2920 6613 2912 6614 2920 6614 2910 6614 2921 6615 2922 6615 2923 6615 2923 6616 2922 6616 2924 6616 2923 6617 2924 6617 2919 6617 2919 6618 2924 6618 2925 6618 2919 6619 2925 6620 2917 6619 2926 6621 2927 6621 2923 6621 2923 6622 2927 6622 2928 6622 2923 6623 2928 6623 2921 6623 2929 6624 2930 6624 2926 6624 2926 6625 2930 6625 2931 6625 2926 6626 2931 6626 2927 6626 2932 6627 2933 6627 2934 6627 2934 6628 2933 6628 2935 6628 2934 6629 2935 6629 2929 6629 2929 6630 2935 6630 2936 6630 2929 6631 2936 6631 2930 6631 2937 6632 2637 6632 2638 6632 453 6633 469 6633 2889 6633 2889 6634 469 6634 471 6634 2889 6635 471 6635 2938 6635 2938 6636 471 6636 473 6636 490 6637 2637 6637 489 6637 489 6638 2637 6638 2937 6638 489 6639 2937 6639 488 6639 488 6640 2937 6640 2938 6640 488 6641 2938 6641 486 6641 486 6642 2938 6642 473 6642 486 6643 473 6643 478 6643 2647 6644 2646 6644 2860 6644 2860 6645 2646 6645 2895 6645 2860 6646 2895 6646 2898 6646 2898 6647 2895 6647 2894 6647 2898 6648 2894 6648 2905 6648 2905 6649 2894 6649 2893 6649 2905 6650 2893 6650 2908 6650 2908 6651 2893 6651 2892 6651 2908 6652 2892 6652 2914 6652 2914 6653 2892 6653 2891 6653 2914 6654 2891 6654 2912 6654 2912 6655 2891 6655 2890 6655 2912 6656 2890 6656 2919 6656 2919 6657 2890 6657 2888 6657 2919 6658 2888 6658 2923 6658 2923 6659 2888 6659 2889 6659 2923 6660 2889 6660 2926 6660 2926 6661 2889 6661 2938 6661 2926 6662 2938 6662 2929 6662 2929 6663 2938 6663 2937 6663 2929 6664 2937 6664 2934 6664 2934 6665 2937 6665 2638 6665 2934 6666 2638 6666 2932 6666 2932 6667 2638 6667 2639 6667 2939 6668 2940 6668 2941 6668 2941 6669 2940 6669 2902 6669 2941 6670 2902 6670 2942 6670 2942 6671 2902 6671 2901 6671 2942 6672 2901 6672 2943 6672 2943 6673 2901 6673 2906 6673 2939 6674 2944 6674 2945 6674 2945 6675 2944 6675 2946 6675 2939 6676 2941 6676 2944 6676 2944 6677 2941 6677 2942 6677 2944 6678 2942 6678 2947 6678 2947 6679 2942 6679 2943 6679 2947 6680 2943 6680 2948 6680 2679 6681 2949 6681 2680 6681 2680 6682 2949 6682 2950 6682 2680 6683 2950 6683 2518 6683 2518 6684 2950 6684 2661 6684 2951 6685 2952 6685 2953 6685 2952 6686 2954 6686 2953 6686 2953 6687 2954 6687 2922 6687 2953 6688 2922 6688 2921 6688 2955 6689 2951 6689 2956 6689 2956 6690 2951 6690 2953 6690 2956 6691 2953 6691 2957 6691 2957 6692 2953 6692 2921 6692 2957 6693 2921 6694 2958 6695 2958 6696 2921 6696 2928 6696 2959 6697 2918 6697 2960 6697 2960 6698 2918 6698 2917 6698 2960 6699 2917 6699 2961 6699 2961 6700 2917 6700 2925 6700 2961 6701 2925 6701 2954 6701 2954 6702 2925 6702 2924 6702 2954 6703 2924 6703 2922 6703 2911 6704 2910 6704 2959 6704 2959 6705 2910 6705 2920 6705 2959 6706 2920 6706 2918 6706 2911 6707 2962 6707 2913 6707 2913 6708 2962 6708 2963 6708 2913 6709 2963 6709 2915 6709 2915 6710 2963 6710 2964 6710 2915 6711 2964 6711 2916 6711 2916 6712 2964 6712 2909 6712 2909 6713 2964 6713 2965 6713 2909 6714 2965 6714 2907 6714 2907 6715 2965 6715 2943 6715 2907 6716 2943 6716 2906 6716 2948 6717 2943 6717 2966 6717 2966 6718 2943 6718 2965 6718 2966 6719 2965 6719 2967 6719 2967 6720 2965 6720 2964 6720 2967 6721 2964 6721 2968 6721 2968 6722 2964 6722 2963 6722 2968 6723 2963 6723 2969 6723 2969 6724 2963 6724 2962 6724 2969 6725 2962 6725 2970 6725 2911 6726 2959 6726 2962 6726 2962 6727 2959 6727 2971 6727 2962 6728 2971 6728 2970 6728 2952 6729 2972 6729 2954 6729 2954 6730 2972 6730 2973 6730 2954 6731 2973 6731 2961 6731 2961 6732 2973 6732 2974 6732 2961 6733 2974 6733 2960 6733 2960 6734 2974 6734 2975 6734 2960 6735 2975 6735 2959 6735 2959 6736 2975 6736 2976 6736 2959 6737 2976 6737 2971 6737 2977 6738 2978 6738 2663 6738 2979 6739 2980 6739 2665 6739 2981 6740 2982 6740 2666 6740 2956 6741 2957 6741 2667 6741 2983 6742 2984 6742 2671 6742 2671 6743 2984 6743 2672 6743 2670 6744 2985 6744 2671 6744 2671 6745 2985 6745 2986 6745 2671 6746 2986 6746 2983 6746 2668 6747 2931 6747 2669 6747 2669 6748 2931 6748 2930 6748 2669 6749 2930 6749 2670 6749 2670 6750 2930 6750 2936 6750 2670 6751 2936 6751 2985 6751 2957 6752 2958 6752 2667 6752 2667 6753 2958 6753 2928 6753 2667 6754 2928 6754 2668 6754 2668 6755 2928 6755 2927 6755 2668 6756 2927 6756 2931 6756 2666 6757 2982 6757 2667 6757 2667 6758 2982 6758 2955 6758 2667 6759 2955 6759 2956 6759 2665 6760 2980 6760 2666 6760 2666 6761 2980 6761 2987 6761 2666 6762 2987 6762 2981 6762 2663 6763 2978 6763 2664 6763 2978 6764 2988 6764 2664 6764 2664 6765 2988 6765 2989 6765 2664 6766 2989 6766 2665 6766 2665 6767 2989 6767 2990 6767 2665 6768 2990 6768 2979 6768 2977 6769 2663 6769 2991 6769 2991 6770 2663 6770 2674 6770 2991 6771 2674 6771 2992 6771 2992 6772 2674 6772 2993 6772 2993 6773 2674 6773 2673 6773 2993 6774 2673 6774 2994 6774 2984 6775 2995 6775 2672 6775 2672 6776 2995 6776 2996 6776 2672 6777 2996 6777 2673 6777 2673 6778 2996 6778 2997 6778 2673 6779 2997 6779 2994 6779 2677 6780 2675 6780 2998 6780 2984 6781 2999 6781 3000 6781 3000 6782 2999 6782 3001 6782 2676 6783 2677 6784 3002 6785 3002 6786 2677 6786 2998 6786 3002 6787 2998 6787 3001 6787 3001 6788 2998 6788 3003 6788 3001 6789 3003 6789 3000 6789 2639 6790 2676 6790 2932 6790 2932 6791 2676 6791 3002 6791 2932 6792 3002 6792 2933 6792 2933 6793 3002 6793 3001 6793 2933 6794 3001 6794 2935 6794 2935 6795 3001 6795 2999 6795 2984 6796 2983 6796 2999 6796 2999 6797 2983 6797 2986 6797 2999 6798 2986 6798 2935 6798 2935 6799 2986 6799 2985 6799 2935 6800 2985 6800 2936 6800 3004 6801 3005 6801 3006 6801 3007 6802 3004 6802 3008 6802 3008 6803 3004 6803 3006 6803 3008 6804 3006 6804 2679 6804 2679 6805 3006 6805 2949 6805 3008 6806 2679 6806 2678 6806 2678 6807 2682 6807 3008 6807 3008 6808 2682 6808 2684 6808 3008 6809 2684 6809 3007 6809 2692 6810 2694 6810 3009 6810 253 6811 300 6811 2690 6811 2690 6812 3010 6812 253 6812 253 6813 3010 6813 3011 6813 253 6814 3011 6814 255 6814 2683 6815 2686 6815 3012 6815 3012 6816 2686 6816 2688 6816 2684 6817 2683 6818 3013 6819 3013 6820 2683 6820 3012 6820 3013 6821 3012 6821 3014 6821 3014 6822 3012 6822 3009 6822 3014 6823 3009 6823 3015 6823 3015 6824 3009 6824 2694 6824 3015 6825 2694 6825 2696 6825 257 6826 255 6826 2688 6826 2688 6827 255 6827 3011 6827 2688 6828 3011 6828 3012 6828 3012 6829 3011 6829 3010 6829 3012 6830 3010 6830 3009 6830 3009 6831 3010 6831 2690 6831 3009 6832 2690 6832 2692 6832 3016 6833 2949 6833 3017 6833 3017 6834 2949 6834 3006 6834 3018 6835 3019 6835 3020 6835 3020 6836 3019 6836 3021 6836 3020 6837 3021 6837 3022 6837 3022 6838 3021 6838 3023 6838 3022 6839 3023 6839 3024 6839 3024 6840 3023 6840 3025 6840 3024 6841 3025 6841 3026 6841 3026 6842 3025 6842 3027 6842 3026 6843 3027 6843 3028 6843 3028 6844 3027 6844 3029 6844 3028 6845 3029 6845 3030 6845 3030 6846 3029 6846 3031 6846 3030 6847 3031 6847 3032 6847 3032 6848 3031 6848 3033 6848 3032 6849 3033 6849 3034 6849 3034 6850 3033 6850 3035 6850 3036 6851 3037 6851 3038 6851 3038 6852 3037 6852 3039 6852 3038 6853 3039 6853 3040 6853 3040 6854 3039 6854 3041 6854 3040 6855 3041 6855 3018 6855 3018 6856 3041 6856 3042 6856 3018 6857 3042 6857 3019 6857 3006 6858 3005 6858 3043 6858 3044 6859 3045 6859 3017 6859 3006 6860 3043 6860 3017 6860 3017 6861 3043 6861 3046 6861 3017 6862 3046 6862 3044 6862 3035 6863 3016 6863 3034 6863 3034 6864 3016 6864 3017 6864 3034 6865 3017 6865 3047 6865 3047 6866 3017 6866 3045 6866 3047 6867 3048 6867 3034 6867 3034 6868 3048 6868 3049 6868 3034 6869 3049 6869 3032 6869 3032 6870 3049 6870 3050 6870 3032 6871 3050 6871 3030 6871 3030 6872 3050 6872 3051 6872 3030 6873 3051 6873 3028 6873 3028 6874 3051 6874 3052 6874 3028 6875 3052 6875 3026 6875 3026 6876 3052 6876 3053 6876 3026 6877 3053 6877 3024 6877 3024 6878 3053 6878 3054 6878 3024 6879 3054 6879 3022 6879 3022 6880 3054 6880 3055 6880 3022 6881 3055 6881 3020 6881 3020 6882 3055 6882 3056 6882 3020 6883 3056 6883 3018 6883 3018 6884 3056 6884 3057 6884 3018 6885 3057 6885 3040 6885 3040 6886 3057 6886 3058 6886 3040 6887 3058 6887 3038 6887 3038 6888 3058 6888 3059 6888 3038 6889 3059 6889 3036 6889 2699 6890 3060 6891 2698 6892 2698 6893 3060 6894 3061 6895 2698 6896 3061 6896 2697 6897 2697 6898 3061 6898 3062 6898 2697 6899 3062 6899 2696 6899 2700 6900 3063 6900 2709 6900 2709 6901 3063 6901 2695 6901 2695 6902 3063 6902 2699 6902 2699 6903 3063 6903 3064 6903 2699 6904 3064 6905 3060 6906 3065 6907 3066 6907 3064 6907 3064 6908 3067 6908 3065 6908 3065 6909 3067 6909 3068 6909 3065 6910 3068 6910 3069 6910 3063 6911 2700 6911 2703 6911 3063 6912 2703 6912 3064 6912 2705 6913 3068 6913 2703 6913 2703 6914 3068 6914 3067 6914 2703 6915 3067 6915 3064 6915 3070 6916 3071 6917 3072 6918 3072 1708 3071 1708 2704 1708 3073 6919 3070 6919 3074 6919 3074 6920 3070 6921 3072 6922 3074 6923 3072 6923 2704 6923 3073 6924 3074 6924 3075 6924 3075 6925 3074 6925 3076 6925 3075 6926 3076 6926 3077 6926 3077 6927 3076 6927 2712 6927 3077 6928 2712 6928 2711 6928 2701 6929 2712 6929 2702 6929 2702 6930 2712 6930 3076 6930 2702 6931 3076 6931 2707 6931 2707 6932 3076 6932 3074 6932 2707 6933 3074 6933 2706 6933 2706 6934 3074 6934 2704 6934 2710 6935 3078 6935 2711 6935 3078 6936 2710 6936 3079 6936 3079 6937 2710 6937 2713 6937 3079 6938 2713 6938 3080 6938 3080 6939 2713 6939 2714 6939 2715 6940 3081 6940 2716 6940 2716 6941 3081 6941 3082 6941 2716 6942 3082 6942 2717 6942 2717 6943 3082 6943 3083 6943 2717 6944 3083 6944 2714 6944 2714 6945 3083 6946 3084 6947 2714 6948 3084 6948 3080 6948 3085 6949 3086 6949 2715 6949 2715 6950 3086 6950 3087 6950 2715 6951 3087 6951 3081 6951 3088 6952 3085 6953 3089 6954 3089 6955 3085 6955 2715 6955 3089 6956 2715 6956 3090 6956 278 6957 276 6957 3091 6957 3091 6958 276 6958 275 6958 3091 6959 275 6959 2722 6959 3091 6960 3092 6960 278 6960 278 6961 3092 6961 3093 6961 278 6962 3093 6962 280 6962 280 6963 3093 6963 3094 6963 280 6964 3094 6964 282 6964 282 6965 3094 6965 3095 6965 282 6966 3095 6966 283 6966 283 6967 3095 6967 3090 6967 283 6968 3090 6968 2715 6968 3091 6969 2722 6969 3096 6969 3096 6970 2722 6970 3097 6970 3096 6971 3097 6971 3098 6971 3099 6972 3100 6972 3101 6972 3102 6973 3103 6973 3104 6973 3104 6974 3103 6974 3105 6974 3104 6975 3105 6975 533 6975 3100 6976 3099 6976 3104 6976 3104 6977 3099 6977 3106 6977 3104 6978 3106 6978 3102 6978 2720 6979 3101 6979 2719 6979 2719 6980 3101 6980 3100 6980 2719 6981 3100 6981 2718 6981 2718 6982 3100 6982 3104 6982 2718 6983 3104 6983 532 6983 532 6984 3104 6984 533 6984 3107 6985 2722 6985 2723 6985 3107 6986 3108 6986 2722 6986 2722 6987 3108 6987 3109 6987 2722 6988 3109 6988 3097 6988 3110 6989 3111 6989 2723 6989 2723 6990 3111 6991 3112 6992 2723 6993 3112 6993 3107 6993 536 6994 3113 6995 2721 6995 2721 6996 3113 6996 3110 6996 2721 6997 3110 6997 2724 6997 2724 6998 3110 6998 2723 6998 3113 6999 536 6999 3114 6999 3114 7000 536 7000 535 7000 3114 7001 535 7001 533 7001 3115 948 3101 948 2720 948 3116 7002 3117 7002 3118 7002 2530 7003 3119 7003 524 7003 524 7004 3119 7004 525 7004 3116 7005 3118 7005 3120 7005 3120 7006 3118 7006 3121 7006 3120 7007 3121 7007 3122 7007 3119 7008 3122 7008 525 7008 525 7009 3122 7009 3121 7009 525 7010 3121 7010 526 7010 526 7011 3121 7011 3123 7011 526 7012 3123 7012 527 7012 527 7013 3123 7013 3115 7013 527 948 3115 948 2720 948 3124 7014 339 7014 343 7014 2741 7015 2740 7015 3124 7015 340 7016 339 7016 2738 7016 2738 7017 339 7017 3124 7017 2738 7018 3124 7018 2739 7018 2739 7019 3124 7019 2740 7019 2736 7020 2743 7020 3125 7020 3125 7021 2743 7021 2742 7021 2734 7022 2735 7022 3126 7022 3126 7023 2735 7023 2737 7023 3119 7024 3127 7024 3122 7024 3122 7025 3127 7025 3128 7025 3122 7026 3128 7026 3129 7026 3130 7027 3116 7027 3131 7027 3131 7028 3116 7028 3120 7028 3132 7029 3133 7029 3130 7029 3130 7030 3133 7030 3117 7030 3130 7031 3117 7031 3116 7031 3134 7032 3135 7032 3130 7032 3130 7033 3135 7033 3136 7033 3130 7034 3136 7034 3132 7034 317 7035 3137 7035 318 7035 318 7036 3137 7036 3138 7036 318 7037 3138 7037 343 7037 343 7038 3138 7038 3139 7038 343 7039 3139 7039 3124 7039 3124 7040 3139 7040 3125 7040 3124 7041 3125 7041 2741 7041 2741 7042 3125 7042 2742 7042 346 7043 345 7043 3140 7043 3140 7044 345 7044 349 7044 349 7045 348 7045 3140 7045 3140 7046 348 7046 3141 7046 3140 7047 3141 7047 3142 7047 3142 7048 3141 7048 3143 7048 2737 7049 2736 7049 3126 7049 3126 7050 2736 7050 3125 7050 3126 7051 3125 7051 3144 7051 3144 7052 3125 7052 3139 7052 3144 7053 3139 7053 3145 7053 3145 7054 3139 7054 3138 7054 3145 7055 3138 7055 3146 7055 3146 7056 3138 7056 3137 7056 3146 7057 3137 7057 3140 7057 3140 7058 3137 7058 317 7058 3140 7059 317 7059 346 7059 2530 7060 2734 7060 3119 7060 3119 7061 2734 7061 3126 7061 3119 7062 3126 7062 3127 7062 3127 7063 3126 7063 3144 7063 3127 7064 3144 7064 3128 7064 3128 7065 3144 7065 3145 7065 3128 7066 3145 7066 3129 7066 3129 7067 3145 7067 3146 7067 3129 7068 3146 7068 3147 7068 3147 7069 3146 7069 3140 7069 3147 7070 3140 7070 3148 7070 3148 7071 3140 7071 3142 7071 3143 7072 3149 7073 3142 7074 3142 7075 3149 7075 3134 7075 3142 7076 3134 7076 3148 7076 3148 7077 3134 7077 3130 7077 3148 7078 3130 7078 3147 7078 3147 7079 3130 7079 3131 7079 3147 7080 3131 7080 3129 7080 3129 7081 3131 7081 3120 7081 3129 7082 3120 7082 3122 7082 3150 7083 2749 7083 3151 7083 3151 7084 2749 7084 3152 7084 3151 7085 3152 7085 3153 7085 3135 7086 3134 7086 3154 7086 3155 7087 3154 7087 3156 7087 3157 7088 3158 7088 3159 7088 354 7089 3160 7090 355 7091 353 7092 3161 7092 3162 7092 348 7093 356 7093 3141 7093 3141 7094 356 7094 3156 7094 3141 7095 3156 7095 3143 7095 3158 7096 3157 7096 3163 7096 3157 7097 3164 7097 3163 7097 3163 7098 3164 7098 3165 7098 3163 7099 3165 7099 3136 7099 3136 7100 3165 7100 3166 7100 3136 7101 3166 7102 3132 7103 3167 7104 3168 7104 3169 7104 3170 7105 3171 7106 3157 7107 3157 7108 3171 7108 3172 7108 3157 7109 3172 7109 3164 7109 3168 7110 3167 7110 3173 7110 3150 7111 3174 7112 3175 7111 3175 7113 3174 7113 3173 7113 3175 7114 3173 7114 3176 7114 3176 7115 3173 7115 3167 7115 2749 7116 3150 7116 2748 7116 2748 7117 3150 7117 3175 7117 2748 7118 3175 7118 2746 7118 2746 7119 3175 7119 411 7119 3154 7120 3134 7121 3156 7122 3156 7123 3134 7123 3149 7123 3156 7124 3149 7125 3143 7126 356 7127 355 7127 3156 7127 3156 7128 355 7128 3160 7128 3156 7129 3160 7129 3155 7129 3155 7130 3160 7130 354 7130 3155 7131 354 7131 3177 7131 3177 7132 354 7132 350 7132 3177 7133 350 7133 352 7133 3136 7134 3135 7134 3163 7134 3163 7135 3135 7135 3154 7135 3163 7136 3154 7136 3158 7136 3158 7137 3154 7137 3155 7137 3158 7138 3155 7138 3159 7138 3159 7139 3155 7139 3177 7139 3159 7140 3177 7140 3162 7140 3162 7141 3177 7141 352 7141 3162 7142 352 7142 353 7142 353 7143 411 7143 3161 7143 3161 7144 411 7144 3175 7144 3161 7145 3175 7145 3162 7145 3162 7146 3175 7146 3176 7146 3162 7147 3176 7147 3159 7147 3159 7148 3176 7148 3167 7148 3159 7149 3167 7149 3157 7149 3157 7150 3167 7150 3169 7150 3157 7151 3169 7151 3170 7151 2744 7152 359 7153 3178 7154 2744 7155 3178 7156 2745 7157 2745 7158 3178 7158 2747 7158 2747 7159 3178 7159 3152 7159 2747 7160 3152 7160 2749 7160 2846 7161 3179 7161 315 7161 315 7162 3179 7162 3180 7162 3181 7163 3182 7163 2848 7163 2848 7164 3182 7164 2849 7164 2850 7165 2849 7165 3179 7165 3179 7166 2849 7166 3182 7166 3179 7167 3182 7167 3180 7167 3180 7168 3182 7168 3181 7168 3180 7169 3181 7169 3183 7169 2846 7170 2605 7170 3179 7170 3179 7171 2605 7171 2850 7171 3181 7172 2848 7172 2852 7172 2855 7173 3184 7173 2853 7173 2853 7174 3184 7174 3185 7174 2853 7175 3185 7175 2852 7175 2852 7176 3185 7176 3186 7176 2852 7177 3186 7177 3181 7177 3181 7178 3186 7178 3183 7178 3187 7179 2855 7179 2861 7179 2861 7180 2855 7180 2854 7180 3187 7181 2861 7181 2869 7181 3188 7182 3189 7182 2868 7182 2868 7183 3189 7183 3190 7183 2868 7184 3190 7184 2869 7184 2869 7185 3190 7185 3191 7185 2869 7186 3191 7186 3187 7186 3188 7187 3192 7188 3193 7189 3193 7190 3192 7190 3194 7190 3192 7191 3195 7191 3194 7191 3194 7192 3195 7192 3196 7192 3194 7193 3196 7193 3197 7193 3197 7194 3196 7194 3198 7194 3188 7195 2868 7195 3192 7195 3192 7196 2868 7196 2866 7196 3192 7197 2866 7197 3195 7197 3195 7198 2866 7198 2865 7198 3195 7199 2865 7199 2871 7199 2870 7200 3199 7200 2871 7200 2879 7201 2863 7201 2880 7201 2880 7202 2863 7202 2862 7202 2874 7203 2857 7203 2878 7203 2878 7204 2857 7204 2856 7204 2878 7205 2856 7205 2879 7205 2879 7206 2856 7206 2864 7206 2879 7207 2864 7207 2863 7207 3199 7208 2877 7208 3200 7208 3200 7209 2877 7209 2876 7209 3200 7210 2876 7210 3201 7210 3199 7211 2870 7211 2877 7211 2877 7212 2870 7213 2872 7214 2877 7215 2872 7215 2878 7215 2878 7216 2872 7216 2873 7216 2878 7217 2873 7217 2874 7217 3202 7218 3203 7218 2875 7218 2875 7219 3203 7219 2876 7219 2876 7220 3203 7220 3204 7220 2876 7221 3204 7221 3201 7221 2886 7222 3205 7222 2875 7222 2875 7223 3205 7223 3206 7223 2875 7224 3206 7224 3202 7224 2939 7225 2945 7225 2885 7225 2885 7226 2945 7226 2946 7226 2885 7227 2946 7227 2886 7227 2886 7228 2946 7228 3207 7228 2886 7229 3207 7229 3205 7229 2939 7230 2885 7230 2940 7230 2940 7231 2885 7231 2884 7231 2940 7232 2884 7232 2902 7232 2883 7233 2904 7233 2884 7233 2884 7234 2904 7234 2903 7234 2884 7235 2903 7235 2902 7235 2862 7236 2887 7236 2880 7236 2880 7237 2887 7237 2900 7237 2880 7238 2900 7238 2881 7238 2881 7239 2900 7239 2899 7239 2881 7240 2899 7240 2882 7240 2882 7241 2899 7241 2897 7241 2882 7242 2897 7242 2883 7242 2883 7243 2897 7243 2896 7243 2883 7244 2896 7244 2904 7244 2944 7245 2947 7245 3208 7245 3208 7246 2947 7246 2948 7246 3208 7247 2948 7247 3209 7247 3210 7248 3202 7248 3206 7248 3206 7249 3205 7249 3210 7249 3210 7250 3205 7250 3207 7250 3210 7251 3207 7251 2946 7251 2946 7252 2944 7252 3210 7252 3210 7253 2944 7253 3208 7253 3210 7254 3208 7254 3211 7254 3211 7255 3208 7255 3209 7255 3211 7256 3209 7256 3212 7256 2995 7257 2984 7257 3000 7257 2675 7258 2661 7258 2950 7258 3029 7259 3027 7259 3213 7259 2968 7260 2969 7260 3214 7260 2951 7261 2955 7261 3213 7261 3213 7262 2955 7262 2982 7262 2982 7263 2981 7263 3213 7263 3213 7264 2981 7264 2987 7264 3213 7265 2987 7265 2980 7265 2980 7266 2979 7266 3213 7266 3213 7267 2979 7267 2990 7267 3213 7268 2990 7268 2989 7268 2974 7269 2973 7269 3215 7269 3215 7270 2973 7270 2972 7270 3215 7271 2972 7271 3213 7271 3213 7272 2972 7272 2952 7272 3213 7273 2952 7273 2951 7273 2970 7274 2971 7274 3216 7274 3216 7275 2971 7275 2976 7275 3216 7276 2976 7276 3215 7276 3215 7277 2976 7277 2975 7277 3215 7278 2975 7278 2974 7278 2968 7279 3214 7279 2967 7279 2967 7280 3217 7280 2966 7280 2966 7281 3217 7281 3209 7281 2966 7282 3209 7282 2948 7282 3212 7283 3209 7283 3218 7283 3218 7284 3209 7284 3217 7284 3218 7285 3217 7285 3037 7285 3037 7286 3217 7286 3039 7286 2967 7287 3214 7287 3217 7287 3217 7288 3214 7288 3041 7288 3217 7289 3041 7289 3039 7289 3021 7290 3019 7290 3214 7290 3214 7291 3019 7291 3042 7291 3214 7292 3042 7292 3041 7292 2969 7293 2970 7293 3214 7293 3214 7294 2970 7294 3216 7294 3214 7295 3216 7295 3021 7295 3021 7296 3216 7296 3215 7296 3021 7297 3215 7297 3023 7297 3213 7298 3027 7298 3215 7298 3215 7299 3027 7299 3025 7299 3215 7300 3025 7300 3023 7300 3029 7301 3213 7301 3031 7301 3031 7302 3213 7302 3219 7302 3031 7303 3219 7303 3033 7303 3033 7304 3219 7304 3220 7304 3033 7305 3220 7305 3035 7305 2950 7306 2949 7306 3220 7306 3220 7307 2949 7307 3016 7307 3220 7308 3016 7308 3035 7308 2675 7309 2950 7309 2998 7309 2998 7310 2950 7310 3220 7310 2998 7311 3220 7311 3003 7311 2989 7312 2988 7312 3213 7312 3213 7313 2988 7313 2978 7313 3213 7314 2978 7314 3219 7314 3219 7315 2978 7315 2977 7315 3219 7316 2977 7316 3220 7316 3220 7317 2977 7317 2991 7317 3220 7318 2991 7318 2992 7318 2992 7319 2993 7319 3220 7319 3220 7320 2993 7320 2994 7320 3220 7321 2994 7321 3003 7321 3003 7322 2994 7322 2997 7322 3003 7323 2997 7323 3000 7323 3000 7324 2997 7324 2996 7324 3000 7325 2996 7325 2995 7325 3221 7326 3222 7326 3223 7326 3037 7327 3036 7327 3224 7327 3221 7328 3223 7328 3225 7328 3037 7329 3224 7329 3223 7329 3223 7330 3224 7330 3226 7330 3223 7331 3226 7331 3225 7331 3226 7332 3224 7332 3227 7332 3227 7333 3224 7333 3036 7333 3227 7334 3036 7334 3228 7334 3014 7335 3229 7335 3230 7335 3231 7336 3229 7336 3014 7336 3232 7337 3231 7337 3014 7337 3014 7338 3233 7338 3234 7338 3235 7339 3233 7339 3014 7339 3230 7340 3235 7340 3014 7340 3014 7341 3236 7341 3237 7341 3014 7342 3238 7342 3239 7342 3240 7343 3238 7343 3014 7343 3241 7344 3240 7344 3014 7344 3014 7345 3242 7345 3243 7345 3244 7346 3242 7346 3014 7346 3239 7347 3244 7347 3014 7347 3055 7348 3245 7348 3246 7348 3054 7349 3247 7349 3237 7349 3237 7350 3247 7350 3014 7350 3248 7351 3236 7351 3014 7351 3046 7352 3043 7352 3014 7352 3005 7353 3004 7353 3014 7353 3249 7354 3250 7354 3234 7354 3251 7355 3252 7355 3253 7355 3253 7356 3252 7356 3254 7356 3251 7357 3255 7357 3252 7357 3252 7358 3255 7358 3228 7358 3252 7359 3228 7359 3059 7359 3059 7360 3228 7360 3036 7360 3256 7361 3257 7361 3258 7361 3256 7362 3258 7362 3249 7362 3257 7363 3259 7363 3258 7363 3258 7364 3259 7364 3260 7364 3258 7365 3260 7365 3252 7365 3252 7366 3260 7366 3261 7366 3252 7367 3261 7367 3254 7367 3262 7368 3263 7368 3234 7368 3234 7369 3263 7369 3264 7369 3234 7370 3264 7370 3249 7370 3265 7371 3062 7371 3266 7371 3014 7372 3015 7372 3265 7372 3265 7373 3015 7373 2696 7373 3265 7374 2696 7375 3062 7376 3234 7377 3233 7377 3262 7377 3262 7378 3233 7378 3235 7378 3262 7379 3235 7379 3267 7379 3267 7380 3235 7380 3230 7380 3267 7381 3230 7381 3268 7381 3268 7382 3230 7382 3229 7382 3268 7383 3229 7383 3269 7383 3269 7384 3229 7384 3231 7384 3269 7385 3231 7385 3266 7385 3266 7386 3231 7386 3232 7386 3266 7387 3232 7387 3265 7387 3265 7388 3232 7388 3014 7388 3250 7389 3014 7389 3234 7389 3249 7390 3258 7390 3250 7390 3250 7391 3258 7391 3014 7391 3014 7392 3004 7392 3013 7392 3013 7393 3004 7393 3007 7393 3013 7394 3007 7394 2684 7394 3043 7395 3005 7395 3014 7395 3044 7396 3046 7396 3014 7396 3053 7397 3052 7397 3241 7397 3241 7398 3052 7398 3051 7398 3241 7399 3051 7399 3240 7399 3240 7400 3051 7400 3050 7400 3240 7401 3050 7401 3238 7401 3238 7402 3050 7402 3049 7402 3238 7403 3049 7403 3239 7403 3239 7404 3049 7404 3048 7404 3239 7405 3048 7405 3244 7405 3244 7406 3048 7406 3047 7406 3244 7407 3047 7407 3242 7407 3242 7408 3047 7408 3045 7408 3242 7409 3045 7409 3243 7409 3243 7410 3045 7410 3044 7410 3243 7411 3044 7411 3014 7411 3054 7412 3053 7412 3247 7412 3247 7413 3053 7413 3241 7413 3247 7414 3241 7414 3014 7414 3059 7415 3058 7415 3252 7415 3252 7416 3058 7416 3057 7416 3252 7417 3057 7417 3246 7417 3246 7418 3057 7418 3056 7418 3246 7419 3056 7419 3055 7419 3055 7420 3054 7420 3245 7420 3245 7421 3054 7421 3237 7421 3245 7422 3237 7422 3246 7422 3246 7423 3237 7423 3236 7423 3246 7424 3236 7424 3252 7424 3252 7425 3236 7425 3248 7425 3252 7426 3248 7426 3258 7426 3258 7427 3248 7427 3014 7427 3266 7428 3062 7428 3061 7428 3061 7429 3060 7429 3270 7429 3270 7430 3271 7430 3061 7430 3061 7431 3271 7431 3272 7431 3061 7432 3272 7432 3266 7432 3266 7433 3272 7433 3273 7433 3266 7434 3273 7434 3269 7434 3064 7435 3066 7435 3060 7435 3060 7436 3066 7436 3274 7436 3060 7437 3274 7437 3270 7437 3275 7438 3066 7438 3065 7438 3276 7439 3275 7439 3277 7439 3277 7440 3275 7440 3065 7440 3277 7441 3065 7441 3278 7441 3278 7442 3065 7442 3069 7442 3278 7443 3069 7443 3279 7443 3280 7444 3281 7444 3282 7444 3282 7445 3281 7445 3283 7445 3276 7446 3284 7446 3285 7446 3285 7447 3284 7447 3286 7447 3285 7448 3286 7448 3287 7448 3288 7449 3289 7449 3287 7449 3287 7450 3289 7450 3290 7450 3287 7451 3290 7451 3285 7451 3291 7452 3292 7453 3293 7454 3291 7455 3293 7455 3294 7455 3294 7456 3293 7456 3295 7456 3294 7457 3295 7457 3296 7457 3296 7458 3295 7458 3297 7458 3297 7459 3295 7459 3278 7459 3297 7460 3278 7460 3279 7460 3298 7461 3299 7461 3292 7461 3292 7462 3299 7462 3300 7462 3292 7463 3300 7463 3293 7463 3293 7464 3300 7464 3301 7464 3293 7465 3301 7465 3295 7465 3276 7466 3277 7466 3284 7466 3284 7467 3277 7467 3278 7467 3284 7468 3278 7468 3286 7468 3286 7469 3278 7469 3295 7469 3286 7470 3295 7470 3287 7470 3287 7471 3295 7471 3301 7471 3287 7472 3301 7472 3288 7472 3288 7473 3301 7473 3300 7473 3288 7474 3300 7474 3302 7474 3302 7475 3300 7475 3299 7475 3302 7476 3299 7476 3303 7476 3303 7477 3299 7477 3298 7477 3303 7478 3298 7478 3283 7478 3283 7479 3298 7480 3304 7481 3283 7482 3304 7482 3282 7482 3305 7483 3306 7483 3307 7483 3305 7484 3308 7484 3306 7484 3306 7485 3308 7485 3309 7485 3306 7486 3309 7486 3310 7486 3310 7487 3309 7487 3311 7487 3310 7488 3311 7488 3312 7488 3071 7489 3305 7489 2704 7489 2704 7490 3305 7490 3307 7490 2704 7491 3307 7492 2705 7493 2705 7494 3307 7494 3313 7494 3279 7495 3069 7495 3313 7495 3313 7496 3069 7496 3068 7496 3313 7497 3068 7497 2705 7497 3314 7498 3315 7498 3316 7498 3317 7499 3318 7499 3319 7499 3319 7500 3314 7500 3317 7500 3317 7501 3314 7501 3316 7501 3317 7502 3316 7502 3320 7502 3320 7503 3316 7503 3321 7503 3322 7504 3323 7504 3324 7504 3325 7505 3326 7505 3327 7505 3328 7506 3329 7506 3325 7506 3325 7507 3329 7507 3330 7507 3325 7508 3330 7508 3326 7508 3326 7509 3330 7509 3331 7509 3332 7510 3333 7510 3334 7510 3334 7511 3333 7511 3328 7511 3334 7512 3328 7512 3335 7512 3335 7513 3328 7513 3325 7513 3335 7514 3325 7514 3322 7514 3322 7515 3325 7515 3327 7515 3322 7516 3327 7516 3323 7516 3336 7517 3337 7518 3338 7519 3315 7520 3336 7520 3316 7520 3316 7521 3336 7521 3338 7521 3316 7522 3338 7522 3321 7522 3321 7523 3338 7523 3339 7523 3321 7524 3339 7524 3340 7524 3340 7525 3339 7525 3341 7525 3340 7526 3341 7526 3342 7526 3343 7527 3342 7527 3324 7527 3324 7528 3342 7528 3341 7528 3324 7529 3341 7529 3322 7529 3322 7530 3341 7530 3339 7530 3322 7531 3339 7531 3335 7531 3335 7532 3339 7532 3338 7532 3335 7533 3338 7533 3334 7533 3334 7534 3338 7534 3337 7534 3334 7535 3337 7535 3332 7535 3321 7536 3340 7536 3344 7536 3342 7537 3343 7537 3345 7537 3317 7538 3320 7538 3346 7538 3347 7539 3348 7539 3349 7539 3318 7540 3317 7541 3350 7541 3350 7542 3317 7542 3346 7542 3350 7543 3346 7543 3351 7543 3351 7544 3346 7544 3352 7544 3351 7545 3352 7545 3353 7545 3353 7546 3352 7546 3354 7546 3320 7547 3321 7547 3346 7547 3346 7548 3321 7548 3344 7548 3346 7549 3344 7549 3352 7549 3352 7550 3344 7550 3355 7550 3352 7551 3355 7551 3354 7551 3354 7552 3355 7552 3356 7552 3357 7553 3356 7553 3358 7553 3358 7554 3356 7554 3355 7554 3358 7555 3355 7555 3345 7555 3345 7556 3355 7556 3344 7556 3345 7557 3344 7557 3342 7557 3342 7558 3344 7558 3340 7558 3318 7559 3350 7559 3359 7559 3359 7560 3350 7560 3351 7560 3359 7561 3351 7561 3349 7561 3349 7562 3351 7562 3353 7562 3349 7563 3353 7563 3347 7563 3347 7564 3353 7564 3354 7564 3347 7565 3354 7565 3360 7565 3360 7566 3354 7566 3356 7566 3360 7567 3356 7567 3361 7567 3361 7568 3356 7568 3357 7568 3361 7569 3357 7569 3312 7569 3362 7570 3308 7570 3363 7570 3363 7571 3308 7571 3305 7571 3363 7572 3305 7572 3364 7572 3364 7573 3305 7573 3071 7573 3361 7574 3312 7574 3365 7574 3365 7575 3312 7575 3311 7575 3365 7576 3311 7576 3362 7576 3362 7577 3311 7577 3309 7577 3362 7578 3309 7578 3308 7578 3366 7579 3367 7579 3368 7579 3368 7580 3367 7580 3369 7580 3368 7581 3369 7581 3370 7581 3370 7582 3369 7582 3371 7582 3370 7583 3371 7583 3372 7583 3372 7584 3371 7584 3373 7584 3372 7585 3373 7585 3347 7585 3347 7586 3373 7586 3348 7586 3374 7587 3366 7587 3375 7587 3375 7588 3366 7588 3368 7588 3375 7589 3368 7589 3376 7589 3376 7590 3368 7590 3370 7590 3376 7591 3370 7591 3377 7591 3377 7592 3370 7592 3372 7592 3377 7593 3372 7593 3360 7593 3360 7594 3372 7594 3347 7594 3364 7595 3374 7595 3363 7595 3363 7596 3374 7596 3375 7596 3363 7597 3375 7597 3362 7597 3362 7598 3375 7598 3376 7598 3362 7599 3376 7599 3365 7599 3365 7600 3376 7600 3377 7600 3365 7601 3377 7601 3361 7601 3361 7602 3377 7602 3360 7602 3378 7603 3379 7603 3367 7603 3367 7604 3366 7604 3378 7604 3378 7605 3366 7605 3374 7605 3378 7606 3374 7606 3380 7606 3380 7607 3374 7607 3364 7607 3380 7608 3364 7608 3381 7608 3381 7609 3364 7609 3071 7609 3381 7610 3071 7610 3070 7610 3085 7611 3382 7611 3086 7611 3383 7612 3088 7612 3384 7612 3384 7613 3088 7613 3385 7613 3386 7614 3077 7614 2711 7614 2711 7615 3078 7615 3386 7615 3386 7616 3078 7616 3079 7616 3386 7617 3079 7617 3077 7617 3079 7618 3080 7619 3077 7620 3077 7621 3080 7621 3084 7621 3077 7622 3084 7623 3083 7624 3378 7625 3387 7625 3379 7625 3379 7626 3387 7626 3388 7626 3379 7627 3388 7627 3389 7627 3389 7628 3388 7628 3387 7628 3389 7629 3387 7629 3390 7629 3081 7630 3087 7630 3391 7630 3075 7631 3077 7631 3392 7631 3392 7632 3077 7632 3083 7632 3392 7633 3083 7633 3391 7633 3391 7634 3083 7634 3082 7634 3391 7635 3082 7635 3081 7635 3086 7636 3382 7636 3087 7636 3087 7637 3382 7637 3393 7637 3087 7638 3393 7638 3391 7638 3085 7639 3088 7639 3382 7639 3382 7640 3088 7640 3383 7640 3382 7641 3383 7641 3393 7641 3393 7642 3383 7642 3394 7642 3393 7643 3394 7643 3391 7643 3391 7644 3394 7644 3395 7644 3391 7645 3395 7645 3392 7645 3392 7646 3395 7646 3396 7646 3392 7647 3396 7647 3075 7647 3075 7648 3396 7648 3073 7648 3380 7649 3381 7649 3397 7649 3397 7650 3381 7650 3070 7650 3397 7651 3070 7651 3398 7651 3397 7652 3399 7652 3380 7652 3380 7653 3399 7653 3400 7653 3380 7654 3400 7654 3378 7654 3378 7655 3400 7655 3401 7655 3378 7656 3401 7656 3387 7656 3088 7657 3390 7657 3385 7657 3385 7658 3390 7658 3387 7658 3385 7659 3387 7659 3384 7659 3384 7660 3387 7660 3401 7660 3384 7661 3401 7661 3383 7661 3383 7662 3401 7662 3400 7662 3383 7663 3400 7663 3394 7663 3394 7664 3400 7664 3399 7664 3394 7665 3399 7665 3395 7665 3395 7666 3399 7666 3397 7666 3395 7667 3397 7667 3396 7667 3396 7668 3397 7668 3398 7668 3396 7669 3398 7669 3073 7669 3073 7670 3398 7670 3070 7670 3088 7671 3089 7671 3402 7671 3088 7672 3402 7672 3403 7672 3403 7673 3402 7673 3404 7673 3403 7674 3404 7674 3405 7674 3405 7675 3404 7675 3406 7675 3405 7676 3406 7676 3407 7676 3406 7677 3408 7677 3407 7677 3407 7678 3408 7678 3096 7678 3407 7679 3096 7679 3098 7679 3089 7680 3090 7680 3095 7680 3089 7681 3095 7681 3402 7681 3402 7682 3095 7682 3094 7682 3402 7683 3094 7683 3404 7683 3404 7684 3094 7684 3093 7684 3404 7685 3093 7685 3406 7685 3406 7686 3093 7686 3092 7686 3406 7687 3092 7687 3408 7687 3408 7688 3092 7688 3091 7688 3408 7689 3091 7689 3096 7689 3112 7690 3111 7691 3409 7692 3410 7693 3411 7693 3412 7693 3411 7694 3410 7694 3413 7694 3098 7695 3414 7695 3415 7695 3415 7696 3414 7696 3416 7696 3410 7697 3417 7697 3413 7697 3413 7698 3417 7698 3418 7698 3413 7699 3418 7699 3416 7699 3416 7700 3418 7700 3419 7700 3416 7701 3419 7701 3415 7701 3102 7702 3106 7702 3420 7702 3420 7703 3421 7703 3102 7703 3102 7704 3421 7704 3409 7704 3102 7705 3409 7705 3103 7705 533 7706 3105 7706 3114 7706 3114 7707 3105 7707 3113 7707 3105 7708 3103 7708 3113 7708 3113 7709 3103 7709 3409 7709 3113 7710 3409 7711 3110 7712 3110 7713 3409 7713 3111 7713 3098 7714 3097 7714 3414 7714 3414 7715 3097 7715 3109 7715 3414 7716 3109 7716 3421 7716 3421 7717 3109 7717 3108 7717 3421 7718 3108 7718 3409 7718 3409 7719 3108 7719 3107 7719 3409 7720 3107 7720 3112 7720 3420 7721 3422 7721 3421 7721 3421 7722 3422 7722 3423 7722 3421 7723 3423 7723 3414 7723 3414 7724 3423 7724 3424 7724 3414 7725 3424 7725 3416 7725 3425 7726 3426 7726 3427 7726 3427 7727 3426 7727 3428 7727 3427 7728 3428 7728 3429 7728 3429 7729 3428 7729 3430 7729 3429 7730 3430 7730 3431 7730 3431 7731 3430 7731 3432 7731 3431 7732 3432 7732 3433 7732 3433 7733 3432 7733 3434 7733 3433 7734 3434 7734 3101 7734 3101 7735 3434 7735 3099 7735 3106 7736 3099 7736 3420 7736 3420 7737 3099 7737 3434 7737 3420 7738 3434 7738 3422 7738 3422 7739 3434 7739 3432 7739 3422 7740 3432 7740 3423 7740 3423 7741 3432 7741 3430 7741 3423 7742 3430 7742 3424 7742 3424 7743 3430 7743 3428 7743 3424 7744 3428 7744 3416 7744 3416 7745 3428 7745 3426 7745 3416 7746 3426 7746 3413 7746 3413 7747 3426 7747 3425 7747 3413 7748 3425 7749 3411 7750 3435 7751 3412 7751 3436 7751 3436 7752 3412 7752 3411 7752 3436 7753 3411 7753 3437 7753 3411 7754 3425 7754 3437 7754 3437 7755 3425 7755 3427 7755 3437 7756 3427 7756 3438 7756 3427 7757 3429 7757 3438 7757 3438 7758 3429 7758 3431 7758 3438 7759 3431 7759 3115 7759 3115 7760 3431 7760 3433 7760 3115 7761 3433 7761 3101 7761 3438 7762 3115 7762 3439 7762 3439 7763 3115 7763 3123 7763 3439 7764 3123 7764 3440 7764 3440 7765 3123 7765 3121 7765 3440 7766 3121 7766 3441 7766 3441 7767 3121 7767 3118 7767 3441 7768 3118 7768 3442 7768 3442 7769 3118 7769 3117 7769 3442 7770 3117 7770 3443 7770 3444 7771 3445 7771 3446 7771 3446 7772 3445 7772 3447 7772 3446 7773 3447 7773 3448 7773 3448 7774 3447 7774 3449 7774 3448 7775 3449 7775 3450 7775 3450 7776 3449 7776 3451 7776 3450 7777 3451 7777 3452 7777 3452 7778 3451 7778 3453 7778 3452 7779 3453 7779 3436 7779 3436 7780 3453 7780 3435 7780 3454 7781 3444 7781 3455 7781 3455 7782 3444 7782 3446 7782 3455 7783 3446 7783 3456 7783 3456 7784 3446 7784 3448 7784 3456 7785 3448 7785 3457 7785 3457 7786 3448 7786 3450 7786 3457 7787 3450 7787 3458 7787 3458 7788 3450 7788 3452 7788 3458 7789 3452 7789 3437 7789 3437 7790 3452 7790 3436 7790 3443 7791 3454 7791 3442 7791 3442 7792 3454 7792 3455 7792 3442 7793 3455 7793 3441 7793 3441 7794 3455 7794 3456 7794 3441 7795 3456 7795 3440 7795 3440 7796 3456 7796 3457 7796 3440 7797 3457 7797 3439 7797 3439 7798 3457 7798 3458 7798 3439 7799 3458 7799 3438 7799 3438 7800 3458 7800 3437 7800 3459 7801 3460 7801 3445 7801 3461 7802 3460 7802 3462 7802 3462 7803 3460 7803 3459 7803 3462 7804 3459 7804 3463 7804 3463 7805 3459 7805 3464 7805 3464 7806 3459 7806 3465 7806 3464 7807 3465 7807 3466 7807 3466 7808 3465 7808 3467 7808 3466 7809 3467 7810 3468 7811 3468 7812 3467 7812 3133 7812 3468 7813 3133 7813 3132 7813 3445 7814 3444 7814 3459 7814 3459 7815 3444 7815 3454 7815 3459 7816 3454 7816 3465 7816 3465 7817 3454 7817 3443 7817 3465 7818 3443 7818 3467 7818 3467 7819 3443 7819 3117 7819 3467 7820 3117 7820 3133 7820 3469 7821 3461 7821 3462 7821 3461 7822 3469 7822 3153 7822 3153 7823 3469 7823 3151 7823 3151 7824 3469 7824 3470 7824 3151 7825 3470 7825 3150 7825 3171 7826 3170 7827 3470 7828 3470 7829 3170 7829 3169 7829 3470 7830 3169 7830 3168 7830 3168 7831 3173 7831 3470 7831 3470 7832 3173 7832 3174 7832 3470 7833 3174 7834 3150 7833 3132 7835 3166 7836 3468 7837 3468 7838 3166 7838 3165 7838 3468 7839 3165 7840 3466 7841 3466 7842 3165 7842 3164 7842 3466 7843 3164 7843 3172 7843 3462 7844 3463 7844 3469 7844 3469 7845 3463 7845 3464 7845 3469 7846 3464 7846 3470 7846 3470 7847 3464 7847 3466 7847 3470 7848 3466 7848 3171 7848 3171 7849 3466 7849 3172 7849 359 7850 358 7850 3178 7850 3178 7851 358 7851 3471 7851 3178 7852 3471 7852 3152 7852 3152 7853 3471 7853 3472 7853 3152 7854 3472 7854 3153 7854 3473 7855 3474 7855 3475 7855 3476 7856 3472 7856 3475 7856 3475 7857 3472 7857 3471 7857 3475 7858 3471 7858 3473 7858 3473 7859 3471 7859 358 7859 3477 7860 3476 7860 3478 7860 3478 7861 3476 7861 3475 7861 3478 7862 3475 7862 3479 7862 3479 7863 3475 7863 3474 7863 3183 7864 3186 7864 3480 7864 3185 7865 3184 7865 3481 7865 3473 7866 358 7866 357 7866 3473 7867 357 7867 3474 7867 3185 7868 3481 7868 3186 7868 316 7869 315 7869 3180 7869 3186 7870 3481 7870 3480 7870 3480 7871 3481 7871 3482 7871 3480 7872 3482 7872 3483 7872 3482 7873 3484 7873 3483 7873 3483 7874 3484 7874 3485 7874 3483 7875 3485 7875 3486 7875 3485 7876 3487 7876 3486 7876 3486 7877 3487 7877 3488 7877 3486 7878 3488 7878 3489 7878 3488 7879 3490 7879 3489 7879 3489 7880 3490 7880 3491 7880 3489 7881 3491 7881 3492 7881 3491 7882 3493 7882 3492 7882 3492 7883 3493 7883 3494 7883 3492 7884 3494 7884 3495 7884 3494 7885 3496 7885 3495 7885 3495 7886 3496 7886 3497 7886 3495 7887 3497 7887 3498 7887 3497 7888 3499 7888 3498 7888 3498 7889 3499 7889 3500 7889 3498 7890 3500 7890 3501 7890 3500 7891 3502 7891 3501 7891 3501 7892 3502 7892 3503 7892 3501 7893 3503 7893 3504 7893 3503 7894 3505 7894 3504 7894 3504 7895 3505 7895 3506 7895 3504 7896 3506 7896 3507 7896 3506 7897 3508 7897 3507 7897 3507 7898 3508 7898 3509 7898 3507 7899 3509 7899 3510 7899 3509 7900 3511 7900 3510 7900 3510 7901 3511 7901 3512 7901 3510 7902 3512 7902 3513 7902 3512 7903 3514 7903 3513 7903 3513 7904 3514 7904 3515 7904 3513 7905 3515 7905 3516 7905 3515 7906 3517 7906 3516 7906 3516 7907 3517 7907 3518 7907 3516 7908 3518 7908 3519 7908 3518 7909 3520 7909 3519 7909 3519 7910 3520 7910 3521 7910 3519 7911 3521 7911 3522 7911 3521 7912 3523 7912 3522 7912 3522 7913 3523 7913 3524 7913 3522 7914 3524 7914 3525 7914 3524 7915 3526 7915 3525 7915 3525 7916 3526 7916 3527 7916 3525 7917 3527 7917 3528 7917 3527 7918 3529 7918 3528 7918 3528 7919 3529 7919 3530 7919 3528 7920 3530 7920 3531 7920 3530 7921 3532 7921 3531 7921 3531 7922 3532 7922 3533 7922 3531 7923 3533 7923 3534 7923 3535 7924 3536 7924 3537 7924 3537 7925 3536 7925 3534 7925 3537 7926 3534 7926 3538 7926 3538 7927 3534 7927 3533 7927 3180 7928 3183 7928 316 7928 316 7929 3183 7929 3480 7929 316 7930 3480 7930 371 7930 371 7931 3480 7931 3483 7931 371 7932 3483 7932 369 7932 369 7933 3483 7933 3486 7933 369 7934 3486 7934 367 7934 367 7935 3486 7935 3489 7935 367 7936 3489 7936 365 7936 365 7937 3489 7937 3492 7937 365 7938 3492 7938 363 7938 363 7939 3492 7939 3495 7939 363 7940 3495 7940 373 7940 373 7941 3495 7941 3498 7941 373 7942 3498 7942 374 7942 374 7943 3498 7943 3501 7943 374 7944 3501 7944 379 7944 379 7945 3501 7945 3504 7945 379 7946 3504 7946 380 7946 380 7947 3504 7947 3507 7947 380 7948 3507 7948 385 7948 385 7949 3507 7949 3510 7949 385 7950 3510 7950 313 7950 313 7951 3510 7951 3513 7951 313 7952 3513 7952 390 7952 390 7953 3513 7953 3516 7953 390 7954 3516 7954 392 7954 392 7955 3516 7955 3519 7955 392 7956 3519 7956 395 7956 395 7957 3519 7957 3522 7957 395 7958 3522 7958 398 7958 398 7959 3522 7959 3525 7959 398 7960 3525 7960 401 7960 401 7961 3525 7961 3528 7961 401 7962 3528 7962 404 7962 404 7963 3528 7963 3531 7963 404 7964 3531 7964 407 7964 407 7965 3531 7965 3534 7965 407 7966 3534 7966 357 7966 357 7967 3534 7967 3536 7967 357 7968 3536 7968 3474 7968 3474 7969 3536 7969 3535 7969 3474 7970 3535 7970 3479 7970 3539 7971 3184 7971 3540 7971 3540 7972 3184 7972 2855 7972 3540 7973 2855 7973 3187 7973 3188 7974 3193 7974 3541 7974 3197 7975 3198 7975 3542 7975 3539 7976 3543 7976 3544 7976 3544 7977 3543 7977 3545 7977 3544 7978 3545 7978 3546 7978 3546 7979 3545 7979 3547 7979 3547 7980 3545 7980 3542 7980 3547 7981 3542 7981 3548 7981 3548 7982 3542 7982 3549 7982 3549 7983 3542 7983 3198 7983 3549 7984 3198 7984 3550 7984 3541 7985 3193 7985 3551 7985 3551 7986 3193 7986 3194 7986 3551 7987 3194 7987 3197 7988 3552 7989 3540 7989 3187 7989 3187 7990 3191 7990 3552 7990 3552 7991 3191 7992 3190 7993 3552 7994 3190 7994 3541 7994 3541 7995 3190 7995 3189 7995 3541 7996 3189 7996 3188 7996 3197 7997 3542 7997 3551 7997 3551 7998 3542 7998 3545 7998 3551 7999 3545 7999 3541 7999 3541 8000 3545 8000 3543 8000 3541 8001 3543 8001 3552 8001 3552 8002 3543 8002 3539 8002 3552 8003 3539 8003 3540 8003 3196 8004 3553 8004 3198 8004 3198 8005 3553 8005 3554 8005 3198 8006 3554 8006 3550 8006 3550 8007 3554 8007 3555 8007 3204 8008 3203 8008 3556 8008 2871 8009 3199 8009 3195 8009 3195 8010 3199 8010 3200 8010 3195 8011 3200 8011 3196 8011 3196 8012 3200 8012 3201 8012 3196 8013 3201 8013 3553 8013 3553 8014 3201 8014 3204 8014 3553 8015 3204 8015 3557 8015 3557 8016 3204 8016 3556 8016 3558 8017 3559 8017 3560 8017 3559 8018 3561 8018 3562 8018 3558 8019 3560 8019 3563 8019 3212 8020 3564 8020 3565 8020 3212 8021 3565 8021 3211 8021 3211 8022 3565 8022 3566 8022 3211 8023 3566 8023 3210 8023 3210 8024 3566 8024 3202 8024 3202 8025 3566 8025 3556 8025 3202 8026 3556 8026 3203 8026 3554 8027 3553 8027 3566 8027 3566 8028 3553 8028 3557 8028 3566 8029 3557 8029 3556 8029 3559 8030 3562 8030 3560 8030 3560 8031 3562 8031 3567 8031 3560 8032 3567 8032 3568 8032 3564 8033 3569 8033 3565 8033 3565 8034 3569 8034 3563 8034 3565 8035 3563 8035 3566 8035 3566 8036 3563 8036 3560 8036 3566 8037 3560 8037 3554 8037 3554 8038 3560 8038 3568 8038 3554 8039 3568 8039 3555 8039 3218 8040 3037 8040 3223 8040 3570 8041 3571 8041 3563 8041 3212 8042 3218 8042 3564 8042 3564 8043 3218 8043 3570 8043 3564 8044 3570 8044 3569 8044 3569 8045 3570 8045 3563 8045 3561 8046 3559 8046 3571 8046 3571 8047 3559 8047 3558 8047 3571 8048 3558 8048 3563 8048 3571 8049 3572 8049 3573 8049 3561 8050 3571 8050 3574 8050 3574 8051 3571 8051 3573 8051 3574 8052 3573 8052 3575 8052 3218 8053 3223 8053 3570 8053 3570 8054 3223 8054 3222 8054 3570 8055 3222 8055 3571 8055 3571 8056 3222 8056 3576 8056 3571 8057 3576 8057 3572 8057 3575 8058 3577 8058 3578 8058 3577 8059 3575 8059 3579 8059 3222 8060 3221 8060 3580 8060 3580 8061 3221 8061 3225 8061 3580 8062 3225 8062 3226 8062 3581 8063 3578 8063 3582 8063 3582 8064 3578 8064 3577 8064 3582 8065 3577 8065 3583 8065 3583 8066 3577 8066 3579 8066 3226 8067 3584 8067 3580 8067 3580 8068 3584 8068 3585 8068 3580 8069 3585 8069 3579 8069 3579 8070 3585 8070 3586 8070 3579 8071 3586 8071 3583 8071 3575 8072 3573 8072 3579 8072 3579 8073 3573 8073 3572 8073 3579 8074 3572 8074 3580 8074 3580 8075 3572 8075 3576 8075 3580 8076 3576 8076 3222 8076 3227 8077 3587 8077 3226 8077 3228 8078 3255 8078 3588 8078 3588 8079 3255 8079 3589 8079 3590 8080 3591 8080 3592 8080 3593 8081 3594 8081 3581 8081 3582 8082 3583 8082 3595 8082 3594 8083 3593 8083 3596 8083 3596 8084 3593 8084 3597 8084 3596 8085 3597 8085 3598 8085 3599 8086 3600 8086 3601 8086 3602 8087 3603 8087 3604 8087 3604 8088 3603 8088 3605 8088 3254 8089 3261 8089 3590 8089 3590 8090 3592 8090 3254 8090 3254 8091 3592 8091 3606 8091 3254 8092 3606 8092 3253 8092 3586 8093 3585 8093 3607 8093 3607 8094 3585 8094 3584 8094 3581 8095 3582 8095 3593 8095 3593 8096 3582 8096 3595 8096 3593 8097 3595 8097 3607 8097 3607 8098 3595 8098 3583 8098 3607 8099 3583 8099 3586 8099 3251 8100 3253 8100 3608 8100 3608 8101 3253 8101 3606 8101 3608 8102 3606 8102 3609 8102 3609 8103 3606 8103 3592 8103 3609 8104 3592 8104 3604 8104 3604 8105 3592 8105 3591 8105 3604 8106 3591 8106 3602 8106 3255 8107 3251 8107 3589 8107 3589 8108 3251 8108 3608 8108 3589 8109 3608 8109 3610 8109 3610 8110 3608 8110 3609 8110 3610 8111 3609 8111 3611 8111 3611 8112 3609 8112 3604 8112 3611 8113 3604 8113 3599 8113 3599 8114 3604 8114 3605 8114 3599 8115 3605 8115 3600 8115 3227 8116 3228 8116 3587 8116 3587 8117 3228 8117 3588 8117 3587 8118 3588 8118 3612 8118 3612 8119 3588 8119 3589 8119 3612 8120 3589 8120 3613 8120 3613 8121 3589 8121 3610 8121 3613 8122 3610 8122 3614 8122 3614 8123 3610 8123 3611 8123 3614 8124 3611 8124 3615 8124 3615 8125 3611 8125 3599 8125 3615 8126 3599 8126 3616 8126 3616 8127 3599 8127 3601 8127 3616 8128 3601 8128 3617 8128 3615 8129 3598 8129 3614 8129 3614 8130 3598 8130 3597 8130 3614 8131 3597 8131 3613 8131 3613 8132 3597 8132 3593 8132 3613 8133 3593 8133 3612 8133 3612 8134 3593 8134 3607 8134 3612 8135 3607 8135 3587 8135 3587 8136 3607 8136 3584 8136 3587 8137 3584 8137 3226 8137 3617 8138 3601 8138 3618 8138 3618 8139 3601 8139 3619 8139 3618 8140 3619 8140 3620 8140 3261 8141 3260 8141 3590 8141 3590 8142 3260 8142 3621 8142 3622 8143 3602 8143 3621 8143 3621 8144 3602 8144 3591 8144 3621 8145 3591 8145 3590 8145 3601 8146 3600 8146 3619 8146 3619 8147 3600 8147 3605 8147 3619 8148 3605 8148 3622 8148 3622 8149 3605 8149 3603 8149 3622 8150 3603 8150 3602 8150 3260 8151 3259 8151 3621 8151 3621 8152 3259 8152 3623 8152 3621 8153 3623 8153 3622 8153 3622 8154 3623 8154 3624 8154 3622 8155 3624 8155 3619 8155 3619 8156 3624 8156 3625 8156 3619 8157 3625 8157 3620 8157 3620 8158 3625 8158 3626 8158 3257 8159 3256 8159 3627 8159 3249 8160 3264 8160 3628 8160 3629 8161 3630 8161 3631 8161 3256 8162 3249 8162 3627 8162 3627 8163 3249 8163 3628 8163 3627 8164 3628 8164 3632 8164 3632 8165 3628 8165 3633 8165 3632 8166 3633 8166 3631 8166 3631 8167 3633 8167 3634 8167 3631 8168 3634 8168 3629 8168 3629 8169 3634 8169 3635 8169 3259 8170 3257 8170 3623 8170 3623 8171 3257 8171 3627 8171 3623 8172 3627 8172 3624 8172 3624 8173 3627 8173 3632 8173 3624 8174 3632 8174 3625 8174 3625 8175 3632 8175 3631 8175 3625 8176 3631 8176 3626 8176 3626 8177 3631 8177 3630 8177 3263 8178 3262 8178 3636 8178 3636 8179 3262 8179 3637 8179 3636 8180 3637 8180 3638 8180 3638 8181 3637 8181 3639 8181 3638 8182 3639 8182 3640 8182 3640 8183 3639 8183 3641 8183 3640 8184 3641 8184 3642 8184 3642 8185 3641 8185 3643 8185 3264 8186 3263 8186 3628 8186 3628 8187 3263 8187 3636 8187 3628 8188 3636 8188 3633 8188 3633 8189 3636 8189 3638 8189 3633 8190 3638 8190 3634 8190 3634 8191 3638 8191 3640 8191 3634 8192 3640 8192 3635 8192 3635 8193 3640 8193 3642 8193 3644 8194 3645 8194 3646 8194 3647 8195 3267 8195 3648 8195 3648 8196 3267 8196 3268 8196 3648 8197 3268 8197 3269 8197 3644 8198 3646 8198 3649 8198 3649 8199 3646 8199 3650 8199 3649 8200 3650 8200 3651 8200 3651 8201 3650 8201 3652 8201 3651 8202 3652 8202 3653 8202 3647 8203 3648 8203 3652 8203 3652 8204 3648 8204 3654 8204 3652 8205 3654 8205 3653 8205 3262 8206 3267 8206 3637 8206 3637 8207 3267 8207 3647 8207 3637 8208 3647 8208 3639 8208 3639 8209 3647 8209 3652 8209 3639 8210 3652 8210 3641 8210 3641 8211 3652 8211 3650 8211 3641 8212 3650 8212 3643 8212 3643 8213 3650 8213 3646 8213 3655 8214 3656 8214 3657 8214 3658 8215 3659 8215 3660 8215 3661 8216 3645 8216 3662 8216 3662 8217 3645 8217 3644 8217 3655 8218 3663 8218 3662 8218 3662 8219 3663 8219 3664 8219 3662 8220 3664 8220 3661 8220 3658 8221 3660 8221 3665 8221 3269 8222 3666 8222 3648 8222 3648 8223 3666 8223 3667 8223 3655 8224 3662 8224 3656 8224 3656 8225 3662 8225 3644 8225 3656 8226 3644 8226 3657 8226 3657 8227 3644 8227 3649 8227 3657 8228 3649 8228 3668 8228 3649 8229 3651 8229 3668 8229 3668 8230 3651 8230 3653 8230 3668 8231 3653 8231 3667 8231 3667 8232 3653 8232 3654 8232 3667 8233 3654 8233 3648 8233 3270 8234 3659 8234 3271 8234 3271 8235 3659 8235 3658 8235 3271 8236 3658 8236 3272 8236 3272 8237 3658 8237 3665 8237 3272 8238 3665 8238 3273 8238 3269 8239 3273 8239 3666 8239 3666 8240 3273 8240 3665 8240 3666 8241 3665 8241 3667 8241 3667 8242 3665 8242 3660 8242 3667 8243 3660 8243 3668 8243 3668 8244 3660 8244 3669 8244 3668 8245 3669 8245 3657 8245 3657 8246 3669 8246 3670 8246 3657 8247 3670 8247 3655 8247 3655 8248 3670 8248 3671 8248 3655 8249 3671 8249 3663 8249 3663 8250 3671 8250 3672 8250 3280 8251 3673 8251 3281 8251 3281 8252 3673 8252 3674 8252 3281 8253 3674 8253 3283 8253 3283 8254 3674 8254 3303 8254 3303 8255 3674 8255 3675 8255 3303 8256 3675 8256 3302 8256 3302 8257 3675 8257 3288 8257 3288 8258 3675 8258 3676 8258 3288 8259 3676 8259 3289 8259 3289 8260 3676 8260 3290 8260 3290 8261 3676 8261 3677 8261 3290 8262 3677 8262 3285 8262 3285 8263 3677 8263 3678 8263 3285 8264 3678 8264 3276 8264 3274 8265 3066 8265 3678 8265 3678 8266 3066 8266 3275 8266 3678 8267 3275 8268 3276 8268 3270 8269 3274 8269 3659 8269 3659 8270 3274 8270 3678 8270 3659 8271 3678 8271 3660 8271 3660 8272 3678 8272 3677 8272 3660 8273 3677 8273 3669 8273 3669 8274 3677 8274 3676 8274 3669 8275 3676 8275 3670 8275 3670 8276 3676 8276 3675 8276 3670 8277 3675 8277 3671 8277 3671 8278 3675 8278 3674 8278 3671 8279 3674 8279 3672 8279 3672 8280 3674 8280 3673 8280 3307 8281 3306 8281 3679 8281 3279 8282 3313 8282 3297 8282 3297 8283 3313 8283 3680 8283 3292 8284 3291 8284 3681 8284 3681 8285 3291 8285 3294 8285 3681 8286 3294 8286 3680 8286 3680 8287 3294 8287 3296 8287 3680 8288 3296 8288 3297 8288 3682 8289 3683 8289 3280 8289 3280 8290 3282 8290 3682 8290 3682 8291 3282 8291 3304 8291 3682 8292 3304 8292 3681 8292 3681 8293 3304 8293 3298 8293 3681 8294 3298 8294 3292 8294 3313 8295 3307 8295 3680 8295 3680 8296 3307 8296 3679 8296 3680 8297 3679 8297 3681 8297 3681 8298 3679 8298 3684 8298 3681 8299 3684 8299 3682 8299 3682 8300 3684 8300 3685 8300 3682 8301 3685 8301 3683 8301 3683 8302 3685 8302 3686 8302 3345 8303 3343 8303 3687 8303 3688 8304 3689 8304 3358 8304 3310 8305 3312 8305 3689 8305 3689 8306 3312 8306 3357 8306 3689 8307 3357 8307 3358 8307 3690 8308 3691 8308 3692 8308 3692 8309 3691 8309 3693 8309 3358 8310 3345 8310 3688 8310 3688 8311 3345 8311 3687 8311 3688 8312 3687 8312 3690 8312 3690 8313 3687 8313 3694 8313 3690 8314 3694 8314 3691 8314 3306 8315 3310 8315 3679 8315 3679 8316 3310 8316 3689 8316 3679 8317 3689 8317 3684 8317 3684 8318 3689 8318 3688 8318 3684 8319 3688 8319 3685 8319 3685 8320 3688 8320 3690 8320 3685 8321 3690 8321 3686 8321 3686 8322 3690 8322 3692 8322 3695 8323 3327 8323 3696 8323 3696 8324 3327 8324 3326 8324 3696 8325 3326 8325 3331 8325 3324 8326 3323 8326 3697 8326 3693 8327 3697 8327 3695 8327 3695 8328 3697 8328 3323 8328 3695 8329 3323 8329 3327 8329 3693 8330 3691 8330 3697 8330 3697 8331 3691 8331 3694 8331 3697 8332 3694 8332 3324 8332 3324 8333 3694 8333 3687 8333 3324 8334 3687 8334 3343 8334 3390 8335 3088 8335 3403 8335 3405 8336 3407 8336 3698 8336 3477 8337 3699 8337 3700 8337 3153 8338 3472 8338 3461 8338 3461 8339 3472 8339 3701 8339 3461 8340 3701 8340 3460 8340 3702 8341 3447 8341 3701 8341 3701 8342 3447 8342 3445 8342 3701 8343 3445 8343 3460 8343 3703 8344 3451 8344 3702 8344 3702 8345 3451 8345 3449 8345 3702 8346 3449 8346 3447 8346 3698 8347 3435 8347 3703 8347 3703 8348 3435 8348 3453 8348 3703 8349 3453 8349 3451 8349 3098 8350 3415 8350 3407 8350 3407 8351 3415 8351 3419 8351 3407 8352 3419 8352 3418 8352 3418 8353 3417 8353 3407 8353 3407 8354 3417 8354 3410 8354 3407 8355 3410 8355 3698 8355 3698 8356 3410 8356 3412 8356 3698 8357 3412 8357 3435 8357 3390 8358 3403 8358 3389 8358 3379 8359 3704 8359 3367 8359 3367 8360 3704 8360 3705 8360 3367 8361 3705 8361 3369 8361 3369 8362 3705 8362 3371 8362 3371 8363 3705 8363 3706 8363 3371 8364 3706 8364 3373 8364 3373 8365 3706 8365 3348 8365 3348 8366 3706 8366 3700 8366 3348 8367 3700 8367 3349 8367 3707 8368 3708 8368 3709 8368 3349 8369 3700 8369 3359 8369 3359 8370 3700 8370 3699 8370 3359 8371 3699 8371 3318 8371 3315 8372 3314 8372 3699 8372 3699 8373 3314 8373 3319 8373 3699 8374 3319 8374 3318 8374 3707 8375 3709 8375 3710 8375 3710 8376 3709 8376 3331 8376 3710 8377 3331 8377 3330 8377 3330 8378 3329 8378 3710 8378 3710 8379 3329 8379 3328 8379 3710 8380 3328 8380 3333 8380 3333 8381 3332 8381 3710 8381 3710 8382 3332 8382 3337 8382 3710 8383 3337 8383 3699 8383 3699 8384 3337 8385 3336 8386 3699 8387 3336 8387 3315 8387 3472 8388 3476 8388 3701 8388 3701 8389 3476 8389 3711 8389 3701 8390 3711 8390 3702 8390 3702 8391 3711 8391 3712 8391 3702 8392 3712 8392 3703 8392 3703 8393 3712 8393 3713 8393 3703 8394 3713 8394 3698 8394 3698 8395 3713 8395 3714 8395 3698 8396 3714 8396 3405 8396 3405 8397 3714 8397 3403 8397 3476 8398 3477 8398 3711 8398 3711 8399 3477 8399 3700 8399 3711 8400 3700 8400 3712 8400 3712 8401 3700 8401 3706 8401 3712 8402 3706 8402 3713 8402 3713 8403 3706 8403 3705 8403 3713 8404 3705 8404 3714 8404 3714 8405 3705 8405 3704 8405 3714 8406 3704 8406 3403 8406 3403 8407 3704 8407 3379 8407 3403 8408 3379 8408 3389 8408 3699 8409 3477 8409 3478 8409 3699 8410 3478 8410 3710 8410 3715 8411 3716 8411 3717 8411 3716 8412 3715 8412 3718 8412 3718 8413 3715 8413 3719 8413 3718 8414 3719 8414 3720 8414 3479 8415 3719 8415 3478 8415 3478 8416 3719 8416 3715 8416 3478 8417 3715 8417 3710 8417 3710 8418 3715 8418 3717 8418 3710 8419 3717 8419 3707 8419 3617 8420 3721 8420 3722 8420 3617 8421 3722 8421 3616 8421 3616 8422 3722 8422 3723 8422 3616 8423 3723 8423 3615 8423 3615 8424 3723 8424 3598 8424 3598 8425 3723 8425 3724 8425 3598 8426 3724 8426 3596 8426 3596 8427 3724 8427 3594 8427 3594 8428 3724 8428 3725 8428 3594 8429 3725 8429 3581 8429 3581 8430 3725 8430 3578 8430 3578 8431 3725 8431 3726 8431 3578 8432 3726 8432 3575 8432 3727 8433 3561 8433 3726 8433 3726 8434 3561 8434 3574 8434 3726 8435 3574 8435 3575 8435 3728 8436 3568 8436 3729 8436 3729 8437 3568 8437 3567 8437 3729 8438 3567 8438 3562 8438 3544 8439 3730 8439 3539 8439 3539 8440 3730 8440 3184 8440 3544 8441 3546 8441 3730 8441 3730 8442 3546 8442 3547 8442 3730 8443 3547 8443 3548 8443 3548 8444 3549 8444 3730 8444 3730 8445 3549 8445 3550 8445 3730 8446 3550 8446 3728 8446 3728 8447 3550 8447 3555 8447 3728 8448 3555 8448 3568 8448 3731 8449 3720 8449 3719 8449 3732 8450 3733 8450 3734 8450 3734 8451 3733 8451 3735 8451 3734 8452 3735 8452 3736 8452 3736 8453 3735 8453 3737 8453 3736 8454 3737 8454 3738 8454 3738 8455 3737 8455 3739 8455 3738 8456 3739 8456 3740 8456 3740 8457 3739 8457 3741 8457 3740 8458 3741 8458 3742 8458 3742 8459 3741 8459 3743 8459 3742 8460 3743 8460 3744 8460 3744 8461 3743 8461 3745 8461 3744 8462 3745 8462 3746 8462 3746 8463 3745 8463 3747 8463 3746 8464 3747 8464 3748 8464 3748 8465 3747 8465 3749 8465 3748 8466 3749 8466 3750 8466 3750 8467 3749 8467 3751 8467 3750 8468 3751 8468 3752 8468 3752 8469 3751 8469 3753 8469 3752 8470 3753 8470 3754 8470 3754 8471 3753 8471 3755 8471 3754 8472 3755 8472 3756 8472 3756 8473 3755 8473 3757 8473 3756 8474 3757 8474 3758 8474 3758 8475 3757 8475 3759 8475 3758 8476 3759 8476 3760 8476 3760 8477 3759 8477 3761 8477 3760 8478 3761 8478 3762 8478 3762 8479 3761 8479 3763 8479 3762 8480 3763 8480 3764 8480 3764 8481 3763 8481 3765 8481 3764 8482 3765 8482 3766 8482 3766 8483 3765 8483 3767 8483 3766 8484 3767 8484 3768 8484 3768 8485 3767 8485 3730 8485 3768 8486 3730 8486 3769 8486 3769 8487 3730 8487 3728 8487 3769 8488 3728 8488 3770 8488 3770 8489 3728 8489 3729 8489 3770 8490 3729 8490 3727 8490 3727 8491 3729 8491 3562 8491 3727 8492 3562 8492 3561 8492 3719 8493 3771 8493 3731 8493 3731 8494 3771 8494 3772 8494 3731 8495 3772 8495 3732 8495 3184 8496 3730 8496 3481 8496 3481 8497 3730 8497 3767 8497 3481 8498 3767 8498 3482 8498 3482 8499 3767 8499 3484 8499 3484 8500 3767 8500 3765 8500 3484 8501 3765 8501 3485 8501 3485 8502 3765 8502 3487 8502 3487 8503 3765 8503 3763 8503 3487 8504 3763 8504 3488 8504 3488 8505 3763 8505 3490 8505 3490 8506 3763 8506 3761 8506 3490 8507 3761 8507 3491 8507 3491 8508 3761 8508 3493 8508 3493 8509 3761 8509 3759 8509 3493 8510 3759 8510 3494 8510 3494 8511 3759 8511 3496 8511 3496 8512 3759 8512 3757 8512 3496 8513 3757 8513 3497 8513 3497 8514 3757 8514 3499 8514 3499 8515 3757 8515 3755 8515 3499 8516 3755 8516 3500 8516 3500 8517 3755 8517 3502 8517 3502 8518 3755 8518 3753 8518 3502 8519 3753 8519 3503 8519 3503 8520 3753 8520 3505 8520 3505 8521 3753 8521 3751 8521 3505 8522 3751 8522 3506 8522 3506 8523 3751 8523 3508 8523 3508 8524 3751 8524 3749 8524 3508 8525 3749 8525 3509 8525 3509 8526 3749 8526 3511 8526 3511 8527 3749 8527 3747 8527 3511 8528 3747 8528 3512 8528 3512 8529 3747 8529 3514 8529 3514 8530 3747 8530 3745 8530 3514 8531 3745 8531 3515 8531 3515 8532 3745 8532 3517 8532 3517 8533 3745 8533 3743 8533 3517 8534 3743 8534 3518 8534 3518 8535 3743 8535 3520 8535 3520 8536 3743 8536 3741 8536 3520 8537 3741 8537 3521 8537 3521 8538 3741 8538 3523 8538 3523 8539 3741 8539 3739 8539 3523 8540 3739 8540 3524 8540 3524 8541 3739 8541 3526 8541 3526 8542 3739 8542 3737 8542 3526 8543 3737 8543 3527 8543 3527 8544 3737 8544 3529 8544 3529 8545 3737 8545 3735 8545 3529 8546 3735 8546 3530 8546 3530 8547 3735 8547 3532 8547 3532 8548 3735 8548 3733 8548 3532 8549 3733 8549 3533 8549 3732 8550 3772 8550 3733 8550 3733 8551 3772 8551 3538 8551 3733 8552 3538 8552 3533 8552 3719 8553 3479 8553 3771 8553 3771 8554 3479 8554 3535 8554 3771 8555 3535 8555 3772 8555 3772 8556 3535 8556 3537 8556 3772 8557 3537 8557 3538 8557 3626 8558 3773 8558 3620 8558 3620 8559 3773 8559 3774 8559 3620 8560 3774 8560 3618 8560 3618 8561 3774 8561 3721 8561 3618 8562 3721 8562 3617 8562 3629 8563 3635 8563 3775 8563 3629 8564 3775 8564 3630 8564 3775 8565 3776 8565 3630 8565 3630 8566 3776 8566 3773 8566 3630 8567 3773 8567 3626 8567 3643 8568 3777 8568 3642 8568 3642 8569 3777 8569 3775 8569 3642 8570 3775 8570 3635 8570 3673 8571 3280 8571 3683 8571 3686 8572 3778 8572 3779 8572 3664 8573 3663 8573 3780 8573 3663 8574 3672 8574 3780 8574 3780 8575 3672 8575 3673 8575 3780 8576 3673 8576 3779 8576 3779 8577 3673 8577 3683 8577 3779 8578 3683 8578 3686 8578 3664 8579 3780 8579 3661 8579 3661 8580 3780 8580 3781 8580 3661 8581 3781 8581 3645 8581 3645 8582 3781 8582 3782 8582 3645 8583 3782 8583 3646 8583 3646 8584 3782 8584 3777 8584 3646 8585 3777 8585 3643 8585 3692 8586 3693 8586 3783 8586 3784 8587 3692 8587 3785 8587 3785 8588 3692 8588 3783 8588 3785 8589 3783 8589 3786 8589 3784 8590 3787 8590 3692 8590 3692 8591 3787 8591 3778 8591 3692 8592 3778 8592 3686 8592 3331 8593 3709 8593 3788 8593 3789 8594 3790 8594 3791 8594 3791 8595 3790 8595 3788 8595 3791 8596 3788 8596 3792 8596 3792 8597 3788 8597 3709 8597 3792 8598 3709 8598 3708 8598 3331 8599 3788 8599 3696 8599 3696 8600 3788 8600 3790 8600 3696 8601 3790 8601 3695 8601 3695 8602 3790 8602 3783 8602 3695 8603 3783 8603 3693 8603 3786 8604 3783 8604 3793 8604 3793 8605 3783 8605 3790 8605 3793 8606 3790 8606 3794 8606 3794 8607 3790 8607 3789 8607 3795 948 3789 948 3791 948 3720 948 3731 948 3796 948 3770 8608 3797 8608 3769 8608 3769 948 3797 948 3798 948 3769 8609 3798 8609 3768 8609 3787 8610 3784 8610 3799 8610 3742 8611 3800 8611 3740 8611 3740 948 3800 948 3801 948 3740 8612 3801 8612 3738 8612 3752 948 3802 948 3750 948 3750 948 3802 948 3803 948 3750 8613 3803 8613 3748 8613 3726 8614 3804 8614 3727 8614 3727 948 3804 948 3805 948 3727 8615 3805 8615 3770 8615 3770 948 3805 948 3806 948 3770 948 3806 948 3797 948 3724 8616 3723 8616 3807 8616 3808 8617 3775 8617 3809 8617 3809 948 3775 948 3777 948 3809 8618 3777 8618 3810 8618 3810 8619 3777 8619 3782 8619 3810 8620 3782 8620 3811 8620 3811 8621 3782 8621 3781 8621 3799 948 3812 948 3787 948 3787 8622 3812 8622 3813 8622 3787 8623 3813 8623 3778 8623 3778 8624 3813 8624 3814 8624 3778 8625 3814 8625 3779 8625 3779 8626 3814 8626 3815 8626 3779 8627 3815 8627 3780 8627 3780 948 3815 948 3816 948 3780 8628 3816 8628 3781 8628 3781 8629 3816 8629 3817 8629 3781 948 3817 948 3811 948 3734 8630 3818 8630 3732 8630 3732 948 3818 948 3819 948 3732 8631 3819 8631 3731 8631 3731 948 3819 948 3820 948 3731 8632 3820 8632 3796 8632 3801 8633 3821 8633 3738 8633 3738 948 3821 948 3822 948 3738 8634 3822 8634 3736 8634 3736 948 3822 948 3823 948 3736 948 3823 948 3734 948 3734 8635 3823 8635 3824 8635 3734 948 3824 948 3818 948 3764 948 3825 948 3762 948 3762 8636 3825 8636 3826 8636 3762 948 3826 948 3760 948 3807 8637 3723 8637 3827 8637 3827 948 3723 948 3722 948 3827 948 3722 948 3828 948 3803 8638 3829 8638 3748 8638 3748 948 3829 948 3830 948 3748 8639 3830 8639 3746 8639 3746 948 3830 948 3831 948 3746 948 3831 948 3744 948 3744 948 3831 948 3832 948 3744 948 3832 948 3742 948 3742 948 3832 948 3833 948 3742 948 3833 948 3800 948 3756 948 3834 948 3754 948 3754 948 3834 948 3835 948 3754 948 3835 948 3752 948 3752 948 3835 948 3836 948 3752 948 3836 948 3802 948 3798 948 3837 948 3768 948 3768 948 3837 948 3838 948 3768 948 3838 948 3766 948 3766 8640 3838 8640 3839 8640 3766 948 3839 948 3764 948 3764 8641 3839 8641 3840 8641 3764 8642 3840 8642 3825 8642 3807 948 3841 948 3724 948 3724 948 3841 948 3842 948 3724 948 3842 948 3725 948 3725 948 3842 948 3843 948 3725 948 3843 948 3726 948 3726 8643 3843 8643 3844 8643 3726 948 3844 948 3804 948 3722 8644 3721 8644 3828 8644 3828 8645 3721 8645 3774 8645 3828 8646 3774 8646 3845 8646 3845 948 3774 948 3773 948 3845 8647 3773 8647 3808 8647 3808 8648 3773 8648 3776 8648 3808 948 3776 948 3775 948 3791 948 3792 948 3795 948 3795 948 3792 948 3708 948 3795 948 3708 948 3707 948 3826 948 3846 948 3760 948 3760 8649 3846 8649 3847 8649 3760 8650 3847 8650 3758 8650 3758 8651 3847 8651 3848 8651 3758 948 3848 948 3756 948 3756 8652 3848 8652 3849 8652 3756 948 3849 948 3834 948 3707 8653 3717 8653 3795 8653 3795 8654 3717 8654 3716 8654 3795 948 3716 948 3796 948 3796 8655 3716 8655 3718 8655 3796 948 3718 948 3720 948 3850 8656 3851 8656 3852 8656 3852 8657 3851 8658 3853 8659 3853 8660 3851 8660 3854 8660 3854 8661 3851 8661 3855 8661 3854 8662 3855 8662 3856 8662 3856 8663 3855 8663 3857 8663 3857 8664 3855 8664 3858 8664 3857 8665 3858 8665 3859 8665 3859 8666 3858 8666 3860 8666 3859 8667 3860 8667 3861 8667 3861 8668 3860 8668 3862 8668 3862 8669 3860 8669 3863 8669 3862 8670 3863 8670 3864 8670 3864 8671 3863 8671 3865 8671 3865 8672 3863 8672 3866 8672 3865 8673 3866 8673 3867 8673 3867 8674 3866 8674 3868 8674 3867 8675 3868 8675 3869 8675 3870 8676 3871 8676 3872 8676 3872 8677 3871 8677 3873 8677 3872 8678 3873 8678 3868 8678 3868 8679 3873 8679 3874 8679 3868 8680 3874 8680 3869 8680 3875 8681 3876 8681 3877 8681 3877 8682 3876 8682 3878 8682 3877 8683 3878 8683 3870 8683 3870 8684 3878 8684 3879 8684 3870 8685 3879 8685 3871 8685 3880 8686 3881 8686 3875 8686 3875 8687 3881 8687 3882 8687 3875 8688 3882 8688 3876 8688 3883 8689 3884 8689 3885 8689 3885 8690 3884 8690 3886 8690 3885 8691 3886 8692 3887 8693 3887 8694 3886 8694 3888 8694 3887 8695 3888 8695 3880 8695 3880 8696 3888 8696 3889 8696 3880 8697 3889 8697 3881 8697 3883 8698 3885 8698 3890 8698 3890 8699 3885 8699 3891 8699 3890 8700 3891 8700 3892 8700 3892 8701 3891 8701 3893 8701 3892 8702 3893 8702 3894 8702 3894 8703 3893 8703 3895 8703 3895 8704 3893 8704 3896 8704 3895 8705 3896 8705 3897 8705 3897 8706 3896 8706 3898 8706 3897 8707 3898 8707 3899 8707 3899 8708 3898 8708 3900 8708 3900 8709 3898 8709 3901 8709 3900 8710 3901 8710 3902 8710 3902 8711 3901 8711 3903 8711 3903 8712 3901 8712 3904 8712 3903 8713 3904 8713 3905 8713 3905 8714 3904 8714 3906 8714 3905 8715 3906 8715 3907 8715 3908 8716 3909 8716 3910 8716 3910 8717 3909 8717 3911 8717 3910 8718 3911 8718 3906 8718 3906 8719 3911 8719 3912 8719 3906 8720 3912 8720 3907 8720 3913 8721 3914 8721 3915 8721 3915 8722 3914 8722 3916 8722 3915 8723 3916 8723 3908 8723 3908 8724 3916 8724 3917 8724 3908 8725 3917 8725 3909 8725 3918 8726 3919 8726 3913 8726 3913 8727 3919 8727 3920 8727 3913 8728 3920 8728 3914 8728 3921 8729 3922 8729 3923 8729 3923 8730 3922 8730 3924 8730 3923 8731 3924 8731 3925 8731 3925 8732 3924 8732 3926 8732 3925 8733 3926 8733 3918 8733 3918 8734 3926 8734 3927 8734 3918 8735 3927 8735 3919 8735 3921 8736 3923 8736 3928 8736 3928 8737 3923 8737 3929 8737 3928 8738 3929 8738 3930 8738 3930 8739 3929 8739 3931 8739 3930 8740 3931 8740 3932 8740 3932 8741 3931 8741 3933 8741 3933 8742 3931 8742 3934 8742 3933 8743 3934 8743 3935 8743 3935 8744 3934 8744 3936 8744 3935 8745 3936 8745 3937 8745 3937 8746 3936 8746 3938 8746 3938 8747 3936 8747 3939 8747 3938 8748 3939 8748 3940 8748 3940 8749 3939 8749 3941 8749 3941 8750 3939 8750 3942 8750 3941 8751 3942 8751 3943 8751 3943 8752 3942 8752 3944 8752 3943 8753 3944 8753 3945 8753 3852 8754 3946 8754 3850 8754 3850 8755 3946 8755 3947 8755 3850 8756 3947 8756 3948 8756 3948 8757 3947 8757 3949 8757 3948 8758 3949 8758 3950 8758 3950 8759 3949 8759 3951 8759 3950 8760 3951 8760 3944 8760 3944 8761 3951 8761 3952 8761 3944 8762 3952 8762 3945 8762 3784 8763 3785 8763 3953 8763 3953 8764 3785 8764 3786 8764 3953 8765 3786 8766 3954 8767 3954 8768 3786 8768 3793 8768 3954 8769 3793 8769 3794 8769 3955 8770 3812 8770 3953 8770 3953 8771 3812 8771 3799 8771 3953 8772 3799 8772 3784 8772 3956 8773 3815 8773 3957 8773 3957 8774 3815 8774 3814 8774 3957 8775 3814 8775 3955 8775 3955 8776 3814 8776 3813 8776 3955 8777 3813 8777 3812 8777 3958 8778 3811 8778 3959 8778 3959 8779 3811 8779 3817 8779 3959 8780 3817 8780 3956 8780 3956 8781 3817 8781 3816 8781 3956 8782 3816 8782 3815 8782 3960 8783 3808 8783 3961 8783 3961 8784 3808 8784 3809 8784 3961 8785 3809 8785 3958 8785 3958 8786 3809 8786 3810 8786 3958 8787 3810 8787 3811 8787 3962 8788 3827 8788 3963 8788 3963 8789 3827 8789 3828 8789 3963 8790 3828 8790 3960 8790 3960 8791 3828 8791 3845 8791 3960 8792 3845 8792 3808 8792 3964 8793 3842 8793 3965 8793 3965 8794 3842 8794 3841 8794 3965 8795 3841 8795 3962 8795 3962 8796 3841 8796 3807 8796 3962 8797 3807 8797 3827 8797 3966 8798 3805 8798 3967 8798 3967 8799 3805 8799 3804 8799 3967 8800 3804 8800 3968 8800 3968 8801 3804 8801 3844 8801 3968 8802 3844 8802 3964 8802 3964 8803 3844 8803 3843 8803 3964 8804 3843 8804 3842 8804 3969 8805 3798 8805 3970 8805 3970 8806 3798 8806 3797 8806 3970 8807 3797 8807 3966 8807 3966 8808 3797 8808 3806 8808 3966 8809 3806 8809 3805 8809 3971 8810 3839 8810 3972 8810 3972 8811 3839 8811 3838 8811 3972 8812 3838 8812 3969 8812 3969 8813 3838 8813 3837 8813 3969 8814 3837 8814 3798 8814 3973 8815 3826 8815 3974 8815 3974 8816 3826 8816 3825 8816 3974 8817 3825 8817 3971 8817 3971 8818 3825 8818 3840 8818 3971 8819 3840 8819 3839 8819 3975 8820 3848 8820 3976 8820 3976 8821 3848 8821 3847 8821 3976 8822 3847 8822 3973 8822 3973 8823 3847 8823 3846 8823 3973 8824 3846 8824 3826 8824 3977 8825 3835 8825 3978 8825 3978 8826 3835 8826 3834 8826 3978 8827 3834 8827 3975 8827 3975 8828 3834 8828 3849 8828 3975 8829 3849 8829 3848 8829 3979 8830 3803 8830 3980 8830 3980 8831 3803 8831 3802 8831 3980 8832 3802 8832 3977 8832 3977 8833 3802 8833 3836 8833 3977 8834 3836 8834 3835 8834 3981 8835 3832 8835 3982 8835 3982 8836 3832 8836 3831 8836 3982 8837 3831 8837 3983 8837 3983 8838 3831 8838 3830 8838 3983 8839 3830 8839 3979 8839 3979 8840 3830 8840 3829 8840 3979 8841 3829 8841 3803 8841 3984 8842 3801 8842 3985 8842 3985 8843 3801 8843 3800 8843 3985 8844 3800 8844 3981 8844 3981 8845 3800 8845 3833 8845 3981 8846 3833 8846 3832 8846 3986 8847 3823 8847 3987 8847 3987 8848 3823 8848 3822 8848 3987 8849 3822 8849 3984 8849 3984 8850 3822 8850 3821 8850 3984 8851 3821 8851 3801 8851 3988 8852 3819 8852 3989 8852 3989 8853 3819 8853 3818 8853 3989 8854 3818 8854 3986 8854 3986 8855 3818 8855 3824 8855 3986 8856 3824 8856 3823 8856 3794 8857 3789 8857 3954 8857 3954 8858 3789 8858 3795 8858 3954 8859 3795 8859 3990 8859 3990 8860 3795 8860 3796 8860 3990 8861 3796 8861 3988 8861 3988 8862 3796 8862 3820 8862 3988 8863 3820 8863 3819 8863 3850 8864 3991 8864 3851 8864 3851 8865 3991 8865 3992 8865 3851 8866 3992 8866 3855 8866 3855 8867 3992 8867 3993 8867 3855 8868 3993 8868 3858 8868 3858 8869 3993 8869 3994 8869 3858 8870 3994 8870 3860 8870 3860 8871 3994 8871 3995 8871 3860 8872 3995 8872 3863 8872 3863 8873 3995 8873 3996 8873 3863 8874 3996 8874 3866 8874 3866 8875 3996 8875 3997 8875 3866 8876 3997 8876 3868 8876 3868 8877 3997 8877 3998 8877 3868 8878 3998 8878 3872 8878 3872 8879 3998 8879 3999 8879 3872 8880 3999 8880 3870 8880 3870 8881 3999 8881 4000 8881 3870 8882 4000 8882 3877 8882 3877 8883 4000 8883 4001 8883 3877 8884 4001 8884 3875 8884 3875 8885 4001 8885 4002 8885 3875 8886 4002 8886 3880 8886 3880 8887 4002 8887 4003 8887 3880 8888 4003 8888 3887 8888 3887 8889 4003 8889 4004 8889 3887 8890 4004 8890 3885 8890 3885 8891 4004 8891 4005 8891 3885 8892 4005 8892 3891 8892 3891 8893 4005 8893 4006 8893 3891 8894 4006 8894 3893 8894 3893 8895 4006 8895 4007 8895 3893 8896 4007 8896 3896 8896 3896 8897 4007 8897 4008 8897 3896 8898 4008 8898 3898 8898 3898 8899 4008 8899 4009 8899 3898 8900 4009 8900 3901 8900 3901 8901 4009 8901 4010 8901 3901 8902 4010 8902 3904 8902 3904 8903 4010 8903 4011 8903 3904 8904 4011 8904 3906 8904 3906 8905 4011 8906 4012 8907 3906 8908 4012 8908 3910 8908 3910 8909 4012 8909 4013 8909 3910 8910 4013 8910 3908 8910 3908 8911 4013 8911 4014 8911 3908 8912 4014 8912 3915 8912 3915 8913 4014 8913 4015 8913 3915 8914 4015 8914 3913 8914 3913 8915 4015 8915 4016 8915 3913 8916 4016 8916 3918 8916 3918 8917 4016 8917 4017 8917 3918 8918 4017 8918 3925 8918 3925 8919 4017 8919 4018 8919 3925 8920 4018 8920 3923 8920 3923 8921 4018 8921 4019 8921 3923 8922 4019 8922 3929 8922 3929 8923 4019 8923 4020 8923 3929 8924 4020 8924 3931 8924 3931 8925 4020 8925 4021 8925 3931 8926 4021 8926 3934 8926 3934 8927 4021 8927 4022 8927 3934 8928 4022 8928 3936 8928 3936 8929 4022 8929 4023 8929 3936 8930 4023 8930 3939 8930 3939 8931 4023 8931 4024 8931 3939 8932 4024 8932 3942 8932 3942 8933 4024 8933 4025 8933 3942 8934 4025 8935 3944 8936 3944 8937 4025 8937 4026 8937 3944 8938 4026 8938 3950 8938 3950 8939 4026 8939 4027 8939 3950 8940 4027 8940 3948 8940 3948 8941 4027 8941 4028 8941 3948 8942 4028 8942 3850 8942 3850 8943 4028 8943 3991 8943 3991 8944 3953 8944 3992 8944 3992 8945 3953 8945 3954 8945 3992 8946 3954 8946 3993 8946 3993 8947 3954 8947 3990 8947 3993 8948 3990 8948 3994 8948 3994 8949 3990 8949 3988 8949 3994 8950 3988 8950 3995 8950 3995 8951 3988 8951 3989 8951 3995 8952 3989 8952 3996 8952 3996 8953 3989 8953 3986 8953 3996 8954 3986 8954 3997 8954 3997 8955 3986 8955 3987 8955 3997 8956 3987 8956 3998 8956 3998 8957 3987 8957 3984 8957 3998 8958 3984 8958 3999 8958 3999 8959 3984 8959 3985 8959 3999 8960 3985 8960 4000 8960 4000 8961 3985 8961 3981 8961 4000 8962 3981 8962 4001 8962 4001 8963 3981 8963 3982 8963 4001 8964 3982 8964 4002 8964 4002 8965 3982 8965 3983 8965 4002 8966 3983 8966 4003 8966 4003 8967 3983 8967 3979 8967 4003 8968 3979 8968 4004 8968 4004 8969 3979 8969 3980 8969 4004 8970 3980 8970 4005 8970 4005 8971 3980 8971 3977 8971 4005 8972 3977 8972 4006 8972 4006 8973 3977 8973 3978 8973 4006 8974 3978 8974 4007 8974 4007 8975 3978 8975 3975 8975 4007 8976 3975 8976 4008 8976 4008 8977 3975 8977 3976 8977 4008 8978 3976 8978 4009 8978 4009 8979 3976 8979 3973 8979 4009 8980 3973 8980 4010 8980 4010 8981 3973 8981 3974 8981 4010 8982 3974 8982 4011 8982 4011 8983 3974 8983 3971 8983 4011 8984 3971 8984 4012 8984 4012 8985 3971 8985 3972 8985 4012 8986 3972 8986 4013 8986 4013 8987 3972 8987 3969 8987 4013 8988 3969 8988 4014 8988 4014 8989 3969 8989 3970 8989 4014 8990 3970 8990 4015 8990 4015 8991 3970 8991 3966 8991 4015 8992 3966 8992 4016 8992 4016 8993 3966 8993 3967 8993 4016 8994 3967 8994 4017 8994 4017 8995 3967 8995 3968 8995 4017 8996 3968 8996 4018 8996 4018 8997 3968 8997 3964 8997 4018 8998 3964 8998 4019 8998 4019 8999 3964 8999 3965 8999 4019 9000 3965 9000 4020 9000 4020 9001 3965 9001 3962 9001 4020 9002 3962 9002 4021 9002 4021 9003 3962 9003 3963 9003 4021 9004 3963 9004 4022 9004 4022 9005 3963 9005 3960 9005 4022 9006 3960 9006 4023 9006 4023 9007 3960 9007 3961 9007 4023 9008 3961 9008 4024 9008 4024 9009 3961 9009 3958 9009 4024 9010 3958 9010 4025 9010 4025 9011 3958 9011 3959 9011 4025 9012 3959 9012 4026 9012 4026 9013 3959 9013 3956 9013 4026 9014 3956 9014 4027 9014 4027 9015 3956 9015 3957 9015 4027 9016 3957 9016 4028 9016 4028 9017 3957 9017 3955 9017 4028 9018 3955 9018 3991 9018 3991 9019 3955 9019 3953 9019 4029 1708 4030 1708 4031 1708 4032 9020 4033 9020 4031 9020 4031 9021 4033 9021 4034 9021 4031 9022 4034 9022 4029 9022 4035 1708 4036 1708 4031 1708 4031 1708 4036 1708 4037 1708 4031 1708 4037 1708 4032 1708 4038 1708 4039 1708 4031 1708 4031 9023 4039 9023 4040 9023 4031 9024 4040 9024 4035 9024 4041 1708 4042 1708 4031 1708 4031 1708 4042 1708 4043 1708 4031 9025 4043 9025 4038 9025 4030 9026 4044 9026 4031 9026 4031 9027 4044 9027 4045 9027 4031 1708 4045 1708 4041 1708 3853 9028 4046 9028 3852 9028 3852 9029 4046 9029 4047 9029 3853 9030 3854 9030 4046 9030 4046 9031 3854 9031 3856 9031 4046 9032 3856 9032 4048 9032 3861 9033 4049 9033 3859 9033 3859 9034 4049 9034 4048 9034 3859 9035 4048 9035 3857 9035 3857 9036 4048 9036 3856 9036 3861 9037 3862 9037 4049 9037 4049 9038 3862 9038 3864 9038 4049 9039 3864 9039 4050 9039 3869 9040 4051 9040 3867 9040 3867 9041 4051 9041 4050 9041 3867 9042 4050 9042 3865 9042 3865 9043 4050 9043 3864 9043 3869 9044 3874 9044 4051 9044 4051 9045 3874 9045 3873 9045 4051 9046 3873 9046 4052 9046 3878 9047 4053 9047 3879 9047 3879 9048 4053 9048 4052 9048 3879 9049 4052 9049 3871 9049 3871 9050 4052 9050 3873 9050 3889 9051 4054 9051 4055 9051 3878 9052 3876 9052 4053 9052 4053 9053 3876 9053 3882 9053 4053 9054 3882 9054 4055 9054 4055 9055 3882 9055 3881 9055 4055 9056 3881 9056 3889 9056 3884 9057 4056 9057 3886 9057 3886 9058 4056 9058 4054 9058 3886 9059 4054 9059 3888 9059 3888 9060 4054 9060 3889 9060 3884 9061 3883 9061 4056 9061 4056 9062 3883 9062 3890 9062 4056 9063 3890 9063 4057 9063 3895 9064 4058 9064 3894 9064 3894 9065 4058 9065 4057 9065 3894 9066 4057 9066 3892 9066 3892 9067 4057 9067 3890 9067 3902 9068 4059 9068 4060 9068 3895 9069 3897 9069 4058 9069 4058 9070 3897 9070 3899 9070 4058 9071 3899 9071 4060 9071 4060 9072 3899 9072 3900 9072 4060 9073 3900 9073 3902 9073 3907 9074 4061 9074 3905 9074 3905 9075 4061 9075 4059 9075 3905 9076 4059 9076 3903 9076 3903 9077 4059 9077 3902 9077 3907 9078 3912 9078 4061 9078 4061 9079 3912 9079 3911 9079 4061 9080 3911 9080 4062 9080 3916 9081 4063 9081 3917 9081 3917 9082 4063 9082 4062 9082 3917 9083 4062 9083 3909 9083 3909 9084 4062 9084 3911 9084 3916 9085 3914 9085 4063 9085 4063 9086 3914 9086 3920 9086 4063 9087 3920 9087 4064 9087 3920 9088 3919 9088 4064 9088 4064 9089 3919 9089 3927 9089 4064 9090 3927 9090 4065 9090 3922 9091 4066 9091 3924 9091 3924 9092 4066 9092 4065 9092 3924 9093 4065 9093 3926 9093 3926 9094 4065 9094 3927 9094 3922 9095 3921 9095 4066 9095 4066 9096 3921 9096 3928 9096 4066 9097 3928 9097 4067 9097 3933 9098 4068 9098 3932 9098 3932 9099 4068 9099 4067 9099 3932 9100 4067 9100 3930 9100 3930 9101 4067 9101 3928 9101 3933 9102 3935 9102 4068 9102 4068 9103 3935 9103 3937 9103 4068 9104 3937 9104 4069 9104 3937 9105 3938 9105 4069 9105 4069 9106 3938 9106 3940 9106 4069 9107 3940 9107 4070 9107 3945 9108 4071 9108 3943 9108 3943 9109 4071 9109 4070 9109 3943 9110 4070 9110 3941 9110 3941 9111 4070 9111 3940 9111 3945 9112 3952 9112 4071 9112 4071 9113 3952 9113 3951 9113 4071 9114 3951 9114 4072 9114 3951 9115 3949 9115 4072 9115 4072 9116 3949 9116 3947 9116 4072 9117 3947 9117 4047 9117 4047 9118 3947 9118 3946 9118 4047 9119 3946 9119 3852 9119 4073 9120 4029 9120 4074 9120 4074 9121 4029 9121 4034 9121 4074 9122 4034 9122 4075 9122 4075 9123 4034 9123 4033 9123 4075 9124 4033 9124 4076 9124 4076 9125 4033 9125 4032 9125 4076 9126 4032 9126 4077 9126 4077 9127 4032 9127 4037 9127 4077 9128 4037 9128 4078 9128 4078 9129 4037 9129 4036 9129 4078 9130 4036 9130 4079 9130 4079 9130 4036 9130 4035 9130 4079 9131 4035 9131 4080 9131 4080 9132 4035 9132 4040 9132 4080 9133 4040 9133 4081 9133 4081 9134 4040 9134 4039 9134 4081 9135 4039 9135 4082 9135 4082 9136 4039 9136 4038 9136 4082 9137 4038 9137 4083 9137 4083 9138 4038 9138 4043 9138 4083 9139 4043 9139 4084 9139 4084 9139 4043 9139 4042 9139 4084 9140 4042 9140 4085 9140 4085 9141 4042 9141 4041 9141 4085 9142 4041 9142 4086 9142 4086 9143 4041 9143 4045 9143 4086 9144 4045 9144 4087 9144 4087 9145 4045 9145 4044 9145 4087 9146 4044 9146 4088 9146 4088 9147 4044 9147 4030 9147 4088 9148 4030 9148 4073 9148 4073 9149 4030 9149 4029 9149 4080 1708 4081 1708 4059 1708 4073 1708 4046 1708 4088 1708 4088 9150 4046 9150 4048 9150 4088 1708 4048 1708 4087 1708 4076 9151 4069 9151 4075 9151 4075 1708 4069 1708 4070 1708 4075 9152 4070 9152 4074 9152 4083 1708 4057 1708 4082 1708 4082 9153 4057 9153 4058 9153 4082 1708 4058 1708 4081 1708 4081 9154 4058 9154 4060 9154 4081 1708 4060 1708 4059 1708 4070 1708 4071 1708 4074 1708 4074 9155 4071 9155 4072 9155 4074 1708 4072 1708 4073 1708 4073 9156 4072 9156 4047 9156 4073 9157 4047 9157 4046 9157 4079 1708 4064 1708 4078 1708 4078 1708 4064 1708 4065 1708 4078 1708 4065 1708 4077 1708 4084 1708 4054 1708 4083 1708 4083 9158 4054 9158 4056 9158 4083 9159 4056 9159 4057 9159 4086 1708 4052 1708 4085 1708 4085 1708 4052 1708 4053 1708 4085 9160 4053 9160 4084 9160 4084 1708 4053 1708 4055 1708 4084 1708 4055 1708 4054 1708 4065 9161 4066 9161 4077 9161 4077 1708 4066 1708 4067 1708 4077 9162 4067 9162 4076 9162 4076 9163 4067 9163 4068 9163 4076 1708 4068 1708 4069 1708 4059 1708 4061 1708 4080 1708 4080 9164 4061 9164 4062 9164 4080 1708 4062 1708 4079 1708 4079 9165 4062 9165 4063 9165 4079 9166 4063 9166 4064 9166 4048 9167 4049 9167 4087 9167 4087 1708 4049 1708 4050 1708 4087 9168 4050 9168 4086 9168 4086 1708 4050 1708 4051 1708 4086 9169 4051 9169 4052 9169 224 9170 4089 9170 4090 9170 224 9171 4091 9171 4092 9171 4093 9172 4091 9172 224 9172 224 9173 4094 9173 4095 9173 4096 9174 4094 9174 224 9174 4092 9175 4096 9175 224 9175 224 9176 4097 9176 4098 9176 4 9177 5 9178 4099 9179 4090 9180 119 9180 124 9180 119 9181 4090 9181 120 9181 120 9182 4090 9182 4089 9182 120 9183 4089 9183 116 9183 151 9184 150 9184 4100 9184 99 9185 157 9185 98 9185 98 9186 157 9186 167 9186 98 9187 167 9187 166 9187 96 9188 97 9188 4101 9188 4101 9189 97 9189 98 9189 4097 9190 93 9190 4098 9190 4098 9191 93 9191 94 9191 4098 9192 94 9192 4102 9192 4102 9193 94 9193 95 9193 4103 9194 91 9194 4104 9194 4104 9195 91 9195 92 9195 90 9196 91 9196 4105 9196 4105 9197 91 9197 4103 9197 4105 9198 4103 9198 224 9198 4104 9199 224 9199 4103 9199 92 9200 4106 9200 4104 9200 4104 9201 4106 9201 224 9201 89 9202 90 9202 4107 9202 4107 9203 90 9203 4105 9203 4107 9204 4105 9204 224 9204 4108 9205 100 9206 88 9207 224 9208 102 9208 101 9208 100 9209 4108 9209 101 9209 101 9210 4108 9210 224 9210 88 9211 4109 9211 4108 9211 4108 9212 4109 9212 224 9212 58 9213 102 9213 224 9213 59 9214 58 9214 224 9214 51 9215 50 9215 239 9215 239 9216 50 9216 59 9216 239 9217 59 9217 224 9217 4 9218 4099 9218 6 9218 6 9219 4099 9219 4110 9219 6 9220 4110 9220 7 9220 224 9221 4090 9221 4093 9221 4093 9222 4090 9222 124 9222 4093 9223 124 9223 4091 9223 4091 9224 124 9224 126 9224 4091 9225 126 9225 4092 9225 4092 9226 126 9226 127 9226 4092 9227 127 9227 4096 9227 4096 9228 127 9228 12 9228 4096 9229 12 9229 4094 9229 4094 9230 12 9230 7 9230 4094 9231 7 9231 4095 9231 4095 9232 7 9232 4110 9232 4095 9233 4110 9233 224 9233 4099 9234 224 9234 4110 9234 5 9235 225 9235 4099 9235 4099 9236 225 9236 224 9236 150 9237 117 9237 4100 9237 4100 9238 117 9238 116 9238 4100 9239 116 9239 4111 9239 4111 9240 116 9240 4089 9240 4111 9241 4089 9241 224 9241 224 9242 4098 9242 4112 9242 4112 9243 4098 9243 4102 9243 4112 9244 4102 9244 4101 9244 4101 9245 4102 9245 95 9245 4101 9246 95 9246 96 9246 92 9247 93 9247 4106 9247 4106 9248 93 9248 4097 9248 4106 9249 4097 9249 224 9249 166 9250 151 9250 98 9250 98 9251 151 9251 4100 9251 98 9252 4100 9252 4101 9252 4101 9253 4100 9253 4111 9253 4101 9254 4111 9254 4112 9254 4112 9255 4111 9255 224 9255 88 9256 89 9256 4109 9256 4109 9257 89 9257 4107 9257 4109 9258 4107 9258 224 9258</p>
        </triangles>
      </mesh>
    </geometry>
  </library_geometries>
  <library_visual_scenes>
    <visual_scene id="Scene" name="Scene">
      <node id="link_3" name="link_3" type="NODE">
        <matrix sid="transform">10 0 0 -1.96695e-6 0 10 0 0.1497647 0 0 10 8.967671 0 0 0 1</matrix>
        <instance_geometry url="#link_3-mesh" name="link_3"/>
      </node>
    </visual_scene>
  </library_visual_scenes>
  <scene>
    <instance_visual_scene url="#Scene"/>
  </scene>
</COLLADA>