<?xml version="1.0" encoding="utf-8"?>
<COLLADA xmlns="http://www.collada.org/2005/11/COLLADASchema" version="1.4.1" xmlns:xsi="http://www.w3.org/2001/XMLSchema-instance">
  <asset>
    <contributor>
      <author>Blender User</author>
      <authoring_tool>Blender 3.6.5 commit date:2023-10-16, commit time:14:30, hash:cf1e1ed46b7e</authoring_tool>
    </contributor>
    <created>2026-02-27T17:58:20</created>
    <modified>2026-02-27T17:58:20</modified>
    <unit name="meter" meter="1"/>
    <up_axis>Z_UP</up_axis>
  </asset>
  <library_images/>
  <library_geometries>
    <geometry id="link_1-mesh" name="link_1">
      <mesh>
        <source id="link_1-mesh-positions">
          <float_array id="link_1-mesh-positions-array" count="16455">0.04356497 -0.08792155 0.06332147 0.04390192 -0.08164864 0.06991827 0.04355871 -0.08177572 0.06991297 0.04348236 -0.08178269 0.06990975 0.04348236 -0.08461266 0.06687498 0.04349118 -0.0848518 0.06661856 0.04348236 -0.08509093 0.06636214 0.04348236 -0.0879209 0.06332737 0.04392033 -0.08791947 0.06317996 0.04418379 -0.08791142 0.06291615 0.04419004 -0.08136308 0.06992936 0.04429543 -0.081187 0.06993561 0.0442962 -0.08790469 0.06273037 0.0444166 -0.08789193 0.06241369 0.04441785 -0.08086401 0.0699464 0.04448223 -0.08787244 0.06193864 0.04448223 -0.08039402 0.06995826 0.04303091 -0.08604532 0.06533867 0.04349982 -0.08521747 0.06695955 0.04303091 -0.08402401 0.06823945 0.04303091 -0.08641099 0.06567966 0.04174995 -0.08728468 0.06474274 0.04174995 -0.086919 0.06440174 0.03999996 -0.08760446 0.06439983 0.03999996 -0.08723878 0.06405884 0.03824985 -0.08728468 0.06474274 0.03824985 -0.086919 0.06440174 0.03696876 -0.08641099 0.06567966 0.03696876 -0.08604532 0.06533867 0.03649985 -0.08521747 0.06695955 0.03649985 -0.0848518 0.06661856 0.03696876 -0.08402401 0.06823945 0.03696876 -0.08365833 0.06789845 0.03824985 -0.08315026 0.06917637 0.03824985 -0.08278459 0.06883537 0.03999996 -0.08283048 0.06951928 0.03999996 -0.08246481 0.06917828 0.04174995 -0.08315026 0.06917637 0.04174995 -0.08278459 0.06883537 0.04303091 -0.08365833 0.06789845 0.04346507 -0.08178281 0.06990963 0.03999996 -0.08178281 0.06990963 0.03851372 -0.08195501 0.06972497 0.03667843 -0.08278125 0.06883895 0.0356363 -0.08410191 0.06742268 0.0356363 -0.08560168 0.06581443 0.03667843 -0.08692234 0.06439816 0.03851372 -0.08774858 0.06351214 0.03999996 -0.08792078 0.06332749 0.04346507 -0.08792078 0.06332749 0.04275 -0.08521747 0.06695955 0.04238152 -0.08427971 0.06796514 0.04137498 -0.08359324 0.06870132 0.03999996 -0.08334201 0.06897079 0.038625 -0.08359324 0.06870132 0.03761827 -0.08427971 0.06796514 0.03724998 -0.08521747 0.06695955 0.03761827 -0.08615523 0.06595396 0.038625 -0.0868417 0.06521779 0.03999996 -0.08709299 0.06494832 0.04137498 -0.0868417 0.06521779 0.04238152 -0.08615523 0.06595396 0.04368805 -0.09350097 0.06826525 0.04396057 -0.09367805 0.06821393 0.04353898 -0.09343224 0.06826198 0.04333734 -0.09336465 0.06822913 0.04415917 -0.09387558 0.06810045 0.04424679 -0.09400516 0.06800323 0.0442869 -0.09408831 0.06793236 0.04433131 -0.0942974 0.06772375 0.04434818 0.005530118 0.1733555 0.04435527 0.004396796 0.1715503 0.04448223 0.009629726 0.1664969 0.04449999 -0.09754091 0.05007857 0.04430502 0.01055628 0.1823659 0.04449999 0.02914059 0.1859279 0.04427403 0.01441329 0.1891141 0.04425734 0.01897466 0.1954078 0.04448223 0.00215131 0.1584774 0.04433137 -0.0943166 0.06770092 0.04433143 -0.09433436 0.06767696 0.04438799 -0.08103525 0.07717376 0.04441648 -0.07584345 0.08035159 0.04442596 -0.07379692 0.0817579 0.04435914 -0.09675699 0.0627408 0.04441332 -0.09757995 0.05730736 0.04436022 -0.08530801 0.07493495 0.04435986 -0.08538067 0.07489126 0.04435968 -0.08544474 0.07483565 0.04438614 -0.001934826 0.1621566 0.04438614 -0.001955032 0.1621326 0.0443862 -0.001973748 0.1621074 0.0444296 -0.01399451 0.1455827 0.04445976 -0.06041109 0.0932728 0.04445481 -0.06376606 0.09009343 0.04444783 -0.06719428 0.08699303 0.04445719 -0.02672868 0.1295996 0.04446929 -0.04016548 0.1141715 0.04446583 -0.05426669 0.09934407 0.04434597 -0.08555555 0.07471287 0.04429775 -0.08566784 0.07456833 0.04417258 -0.08579552 0.07436269 0.04379642 -0.08590561 0.07402795 0.04400873 -0.08587157 0.07418781 0.04406732 -0.08585107 0.07424342 0.04336661 -0.08584791 0.07383525 0.04354614 -0.08588916 0.07389807 0.03999996 -0.08640176 0.07437008 0.04187721 -0.08609837 0.07407712 0.03999996 -0.09425115 0.0690273 0.03912019 -0.09446066 0.06932878 0.03696012 -0.0943554 0.07063496 0.0379635 -0.09454023 0.0699175 0.03626751 -0.09398669 0.07129383 0.03655916 -0.0941767 0.07099449 0.03583264 -0.08973872 0.07399713 0.03552818 -0.09055209 0.07371312 0.03534764 -0.09151679 0.07329487 0.03547883 -0.0928474 0.07246547 0.03746533 -0.08762764 0.07450377 0.03681349 -0.08825653 0.07439804 0.03657388 -0.08854079 0.07433527 0.03626489 -0.08896684 0.07422745 0.03932142 -0.08658117 0.07447361 0.03866451 -0.08685088 0.0745297 0.03804218 -0.0872026 0.07453906 0.04183381 -0.09377801 0.06860131 0.03865599 -0.08415067 0.0691474 0.03995096 -0.08390539 0.06941044 0.03999996 -0.0839051 0.06941074 0.04134368 -0.08415067 0.0691474 0.04232758 -0.08482164 0.06842792 0.04268771 -0.08573812 0.06744509 0.04232758 -0.08665466 0.06646221 0.04134368 -0.08732557 0.06574273 0.03999996 -0.08757114 0.06547939 0.03865599 -0.08732557 0.06574273 0.03767234 -0.08665466 0.06646221 0.03731215 -0.08573812 0.06744509 0.03767234 -0.08482164 0.06842792 0.04425609 -0.09417891 0.06804162 0.04430681 -0.09440529 0.06782096 0.04389363 -0.09415602 0.06835418 0.04391759 -0.09413939 0.06834912 0.04387062 -0.09410423 0.06837052 0.04413801 -0.09458416 0.06798195 0.0440765 -0.09435993 0.06819993 0.04401099 -0.09463763 0.06803011 0.04398047 -0.09441202 0.06822603 0.04394 -0.09427601 0.06830441 0.04381877 -0.0938639 0.06838536 0.04369443 -0.0937879 0.06840479 0.04374325 -0.09386491 0.06840705 0.04351782 -0.09355121 0.06834787 0.04341495 -0.09343814 0.06828641 0.04345756 -0.09348291 0.06831407 0.04424071 -0.09450429 0.06791007 0.04418355 -0.09427374 0.06813549 0.04402709 -0.09404647 0.06829977 0.04377019 -0.09391027 0.06840509 0.04411059 -0.09395456 0.06821233 0.04391098 -0.09376823 0.06831192 0.04376399 -0.09366863 0.06834334 0.04367631 -0.09376066 0.06840223 0.04360669 -0.09358531 0.06835108 0.04357361 -0.09361982 0.06837308 0.04446923 -0.09771281 0.04989427 0.04437869 -0.09775638 0.05730599 0.04426419 -0.09792983 0.0573036 0.04441154 -0.09782195 0.04977715 0.04424268 -0.09797233 0.0496158 0.0441187 -0.09802949 0.05730146 0.0442112 -0.09798777 0.04959928 -0.0442112 -0.09798777 0.04959928 -0.0443806 -0.09786176 0.04973453 -0.04499983 -0.09762811 0.04998511 -0.04447072 -0.09770971 0.04989761 0.04465723 -0.09778529 0.04981642 -0.0444985 -0.09758031 0.05003637 -0.04449999 -0.09754091 0.05007857 -0.04499983 0.02914059 0.1859279 -0.04449999 0.02914059 0.1859279 -0.04376369 0.03386145 0.1909906 -0.0432946 0.03374356 0.190864 -0.03914213 0.03878539 0.1962708 -0.03878843 0.03854423 0.1960123 -0.03192234 0.04193747 0.1996509 -0.03174912 0.04161757 0.1993077 -0.02499997 0.04278039 0.200555 -0.02499997 0.04243952 0.2001893 0.02499985 0.04278039 0.200555 0.02499985 0.04243952 0.2001893 0.03192234 0.04193747 0.1996509 0.03174912 0.04161757 0.1993077 0.03914213 0.03878539 0.1962708 0.03878843 0.03854423 0.1960123 0.04376369 0.03386145 0.1909906 0.0432946 0.03374356 0.190864 0.04499983 0.02914059 0.1859279 0.04499983 -0.09762811 0.04998511 -0.04355871 -0.08792358 0.06332015 -0.04348236 -0.0879209 0.06332737 -0.04348236 -0.08509093 0.06636214 -0.04348236 -0.08178269 0.06990975 -0.04356497 -0.08177685 0.06991082 -0.04348236 -0.08461266 0.06687498 -0.04349118 -0.0848518 0.06661856 -0.04390192 -0.08792001 0.06319302 -0.04392033 -0.08163559 0.06991857 -0.04418414 -0.08791148 0.06291562 -0.04441642 -0.0878936 0.06241351 -0.04429543 -0.08790516 0.06273132 -0.04441803 -0.08086401 0.06994473 -0.04419004 -0.08791118 0.06290733 -0.04418951 -0.08136379 0.06992924 -0.0442962 -0.08118605 0.0699352 -0.04441785 -0.08789342 0.06240814 -0.04448223 -0.08039402 0.06995826 -0.04448223 -0.08787244 0.06193864 -0.04303091 -0.08365833 0.06789845 -0.04349982 -0.08521747 0.06695955 -0.04303091 -0.08641099 0.06567966 -0.04303091 -0.08402401 0.06823945 -0.04174995 -0.08315026 0.06917637 -0.04174995 -0.08278459 0.06883537 -0.03999996 -0.08283048 0.06951928 -0.03999996 -0.08246481 0.06917828 -0.03824985 -0.08315026 0.06917637 -0.03824985 -0.08278459 0.06883537 -0.03696876 -0.08402401 0.06823945 -0.03696876 -0.08365833 0.06789845 -0.03649985 -0.08521747 0.06695955 -0.03649985 -0.0848518 0.06661856 -0.03696876 -0.08641099 0.06567966 -0.03696876 -0.08604532 0.06533867 -0.03824985 -0.08728468 0.06474274 -0.03824985 -0.086919 0.06440174 -0.03999996 -0.08760446 0.06439983 -0.03999996 -0.08723878 0.06405884 -0.04174995 -0.08728468 0.06474274 -0.04174995 -0.086919 0.06440174 -0.04303091 -0.08604532 0.06533867 -0.04346507 -0.08792078 0.06332749 -0.03999996 -0.08792078 0.06332749 -0.03851372 -0.08774858 0.06351214 -0.03667843 -0.08692234 0.06439816 -0.0356363 -0.08560168 0.06581443 -0.0356363 -0.08410191 0.06742268 -0.03667843 -0.08278125 0.06883895 -0.03851372 -0.08195501 0.06972497 -0.03999996 -0.08178281 0.06990963 -0.04346507 -0.08178281 0.06990963 -0.038625 -0.0868417 0.06521779 -0.03761827 -0.08615523 0.06595396 -0.03724998 -0.08521747 0.06695955 -0.03761827 -0.08427971 0.06796514 -0.038625 -0.08359324 0.06870132 -0.03999996 -0.08334201 0.06897079 -0.04137498 -0.08359324 0.06870132 -0.04238152 -0.08427971 0.06796514 -0.04275 -0.08521747 0.06695955 -0.04238152 -0.08615523 0.06595396 -0.04137498 -0.0868417 0.06521779 -0.03999996 -0.08709299 0.06494832 -0.04336625 -0.08586263 0.07384949 -0.04357945 -0.08590888 0.07392656 -0.04370886 -0.08592027 0.07399052 -0.04372012 -0.08592063 0.07399678 -0.04399389 -0.08588993 0.0741887 -0.04417032 -0.08581089 0.07437378 -0.04427683 -0.08571153 0.074539 -0.0443592 -0.08545863 0.07484906 -0.04433137 -0.0943166 0.06770092 -0.04433131 -0.0942974 0.06772375 -0.04448223 0.00215131 0.1584774 -0.04448223 0.009629726 0.1664969 -0.0443505 0.004201829 0.1717386 -0.04431474 0.009509801 0.1804391 -0.04430109 0.01093631 0.1831122 -0.04427278 0.01464152 0.1894653 -0.04425734 0.01897466 0.1954078 -0.04441332 -0.09757995 0.05730736 -0.04435914 -0.09675711 0.0627405 -0.04433143 -0.09433436 0.06767696 -0.0443598 -0.08533239 0.07494306 -0.0443595 -0.08539932 0.07490122 -0.04440248 -0.0779705 0.07925403 -0.04442948 -0.07121258 0.08423471 -0.04443413 -0.06946265 0.08571684 -0.04445159 -0.03175306 0.1246935 -0.04442924 -0.0182197 0.1410831 -0.04439127 -0.005390048 0.1580273 -0.04444319 -0.06507849 0.08965438 -0.04444926 -0.06081014 0.09371703 -0.04445827 -0.0459553 0.1088985 -0.04437929 -0.002270579 0.1623809 -0.04437923 -0.002253115 0.1624041 -0.04437923 -0.00223428 0.1624263 -0.04355871 0.00210011 0.1598589 -0.04348236 0.002102792 0.159866 -0.04348236 0.004932761 0.1629008 -0.04348236 0.008240997 0.1664484 -0.04356497 0.008246839 0.1664495 -0.04348236 0.005410969 0.1634137 -0.04349118 0.005171895 0.1631572 -0.04390192 0.002103686 0.1597317 -0.04392033 0.008388161 0.1664572 -0.04418414 0.002112269 0.1594543 -0.04441642 0.002130091 0.1589522 -0.04429543 0.002118587 0.1592699 -0.04441803 0.009159684 0.1664834 -0.04419004 0.002112567 0.1594461 -0.04418951 0.008659958 0.166468 -0.0442962 0.008837699 0.1664739 -0.04441785 0.00213027 0.158947 -0.04303091 0.006365418 0.1644371 -0.04349982 0.00480622 0.1634982 -0.04303091 0.003612697 0.1622183 -0.04303091 0.005999684 0.1647781 -0.04174995 0.006873369 0.165715 -0.04174995 0.007239103 0.1653741 -0.03999996 0.007193148 0.166058 -0.03999996 0.007558882 0.165717 -0.03824985 0.006873369 0.165715 -0.03824985 0.007239103 0.1653741 -0.03696876 0.005999684 0.1647781 -0.03696876 0.006365418 0.1644371 -0.03649985 0.00480622 0.1634982 -0.03649985 0.005171895 0.1631572 -0.03696876 0.003612697 0.1622183 -0.03696876 0.003978431 0.1618773 -0.03824985 0.002739012 0.1612814 -0.03824985 0.003104746 0.1609404 -0.03999996 0.002419233 0.1609385 -0.03999996 0.002784848 0.1605975 -0.04174995 0.002739012 0.1612814 -0.04174995 0.003104746 0.1609404 -0.04303091 0.003978431 0.1618773 -0.04428678 -0.09408795 0.06793266 -0.04424667 -0.09400498 0.06800335 -0.04396045 -0.09367793 0.06821399 -0.04368817 -0.09350103 0.06826525 -0.04333734 -0.09336465 0.06822913 -0.0435388 -0.09343212 0.06826192 -0.04346507 0.008240938 0.1664482 -0.03999996 0.008240938 0.1664482 -0.03851372 0.00806868 0.1662636 -0.03667843 0.0072425 0.1653776 -0.0356363 0.005921781 0.1639614 -0.0356363 0.004422008 0.162353 -0.03667843 0.003101289 0.1609368 -0.03851372 0.002275109 0.1600508 -0.03999996 0.002102911 0.1598662 -0.04346507 0.002102911 0.1598662 -0.03724998 0.00480622 0.1634982 -0.03761827 0.00574398 0.1645038 -0.038625 0.006430447 0.1652399 -0.03999996 0.00668174 0.1655095 -0.04137498 0.006430447 0.1652399 -0.04238152 0.00574398 0.1645038 -0.04275 0.00480622 0.1634982 -0.04238152 0.00386852 0.1624926 -0.04137498 0.003181934 0.1617565 -0.03999996 0.00293076 0.161487 -0.038625 0.003181934 0.1617565 -0.03761827 0.00386852 0.1624926 -0.04335886 0.003856182 0.1706826 -0.04419112 0.003884971 0.1712888 -0.04425197 0.003939867 0.1713878 -0.04428881 0.003987491 0.1714625 -0.04354727 0.003803551 0.1707587 -0.04370468 0.003780066 0.1708434 -0.04385083 0.003777444 0.1709418 -0.04398673 0.003795862 0.171055 -0.04405808 0.003816187 0.1711254 -0.04410433 0.003834784 0.1711767 -0.04433548 0.004091978 0.171603 -0.04429954 -0.001943886 0.1626927 -0.04434216 -0.002040684 0.1626152 -0.04406732 -0.001638293 0.1628687 -0.0442332 -0.001833975 0.1627681 -0.04376935 -0.001403689 0.1629197 -0.04390525 -0.001498103 0.1629105 -0.0440306 -0.001603305 0.1628818 -0.04338723 -0.00121814 0.1628565 -0.0436818 -0.001351535 0.1629159 0.04416924 0.0201404 0.1968086 0.04334712 0.0228216 0.1998052 0.03861933 0.02841812 0.2052243 0.03945803 0.02774667 0.2046252 0.04166465 0.02549421 0.2025195 0.04306393 0.02338951 0.2004033 0.02499985 0.0327717 0.2088942 0.02909356 0.0324434 0.2085981 0.03297042 0.03143441 0.2077764 0.03656232 0.02977877 0.2064015 0.04394567 0.01862126 0.1956936 0.04376614 0.01859259 0.1957166 0.04378336 0.01387351 0.1891832 0.04422032 0.01883471 0.1955211 0.04423707 0.01426208 0.1892116 0.04411083 0.01870656 0.1956248 0.04412764 0.01412326 0.1893008 0.04396241 0.01403099 0.1893598 0.04381394 0.01011592 0.1825843 0.04399383 0.0101493 0.1825686 0.04415875 0.01024746 0.1825201 0.04426831 0.01039528 0.1824465 0.04432046 0.004249513 0.1716444 0.04421746 0.004113495 0.1717311 0.04406172 0.004019916 0.1717904 0.0438888 0.00398308 0.1718133 0.04433614 0.004274785 0.1713963 0.04432833 0.004252195 0.1713675 0.04441785 0.009159743 0.1664851 0.04429328 0.00418365 0.1712723 0.04429543 0.008836746 0.1664743 0.04423302 0.004112124 0.1711566 0.04415237 0.004053175 0.1710399 0.04419004 0.008660674 0.166468 0.04379647 0.003972113 0.1707102 0.04390192 0.008375108 0.1664569 0.04391658 0.003978908 0.1708002 0.04412764 0.004039824 0.171009 0.04336357 0.004051864 0.1704936 0.04346507 0.008240938 0.1664482 0.04356598 0.00399661 0.1705763 0.04348236 0.008240997 0.1664484 0.04355871 0.008247971 0.1664516 0.04356497 0.002102077 0.1598601 0.04348236 0.005410969 0.1634137 0.04348236 0.005291402 0.1632854 0.04349356 0.005171895 0.1631572 0.04348236 0.004932761 0.1629008 0.04348236 0.002102792 0.159866 0.04392033 0.002104282 0.1597186 0.04418379 0.002112269 0.1594548 0.0442962 0.002119064 0.159269 0.0444166 0.00213176 0.1589524 0.04346507 0.002102911 0.1598662 0.04339408 -9.21659e-4 0.1625895 0.04358631 -0.001001 0.1626355 0.04377239 -0.00110352 0.1626515 0.04382658 -0.001138567 0.1626504 0.0442388 -0.001532912 0.1625001 0.04434871 -0.001740038 0.1623468 0.04403513 -0.00130254 0.1626139 0.0440936 -0.001359105 0.1625919 0.04420435 -0.001485705 0.1625285 0.04437261 -0.001820147 0.1622744 0.04435265 -0.00206238 0.1622714 0.04435265 -0.002089679 0.1622392 0.04425346 -0.002180457 0.1623778 0.04425346 -0.002214193 0.1623378 0.04410284 -0.002263188 0.1624523 0.0441029 -0.002301633 0.1624068 0.04393494 -0.002298057 0.1624837 0.0439347 -0.002376317 0.1623857 0.04410302 -0.002337098 0.1623589 0.04425358 -0.002245426 0.1622956 0.04435271 -0.002114832 0.1622053 0.0444194 -0.01937419 0.138886 0.04444122 -0.02907991 0.1269996 0.04445356 -0.03917175 0.1154386 0.04445654 -0.04964083 0.1042128 0.04445022 -0.06047308 0.09333664 0.04437983 -0.0605939 0.09346127 0.04438161 -0.04976433 0.1043321 0.04437392 -0.03929764 0.1155523 0.04435688 -0.02920758 0.1271075 0.04433012 -0.01950323 0.138988 0.04425054 -0.06068807 0.0935586 0.04424887 -0.04985934 0.1044239 0.04423779 -0.03939276 0.1156384 0.04421699 -0.02930271 0.1271878 0.04418659 -0.01959758 0.1390624 0.04409271 -0.06074047 0.09361273 0.04408907 -0.04991042 0.1044733 0.04407608 -0.03944242 0.1156831 0.04405325 -0.02935022 0.1272278 0.04402112 -0.01964265 0.1390976 0.04396754 -0.00802493 0.1544287 0.04442912 -0.0638678 0.09020334 0.0444234 -0.06729108 0.08710265 0.04435229 -0.06396621 0.09030979 0.0442326 -0.06404238 0.09039229 0.0440914 -0.06408661 0.09044033 0.0443477 -0.06738734 0.08721184 0.04422891 -0.06746208 0.08729678 0.04408812 -0.06750589 0.08734673 0.04439342 -0.07592195 0.08046978 0.04433161 -0.08537727 0.07507759 0.04431515 -0.07600551 0.08059608 0.04419064 -0.07606953 0.0806933 0.04404342 -0.07610529 0.08074808 0.04424828 -0.085442 0.07521146 0.04411977 -0.08549034 0.07531249 0.04397022 -0.08551591 0.07536715 0.04397475 -0.08566057 0.07527869 0.04432946 -0.08547592 0.07502257 0.0442475 -0.08556115 0.07514023 0.04412204 -0.08562499 0.07522881 0.0439763 -0.08578819 0.07516735 0.04412174 -0.0857445 0.07512509 0.04424721 -0.0856657 0.07504898 0.04432916 -0.08556127 0.07494819 0.04413801 -0.09461957 0.06794005 0.04401105 -0.09467613 0.06798452 0.04400992 -0.09471201 0.06793689 0.04413813 -0.09465217 0.06789594 0.04424083 -0.09456354 0.06783503 0.04424077 -0.09453517 0.06787353 0.04430693 -0.09445387 0.06775945 0.04430687 -0.09443062 0.06779098 0.04407358 -0.09760469 0.06130999 0.04416656 -0.09712582 0.06285548 0.04403483 -0.09630584 0.0651499 0.04426914 -0.09702295 0.06282383 0.04433488 -0.09689563 0.06278425 0.04432892 -0.08560532 0.07489389 0.04347616 -0.08595025 0.07395654 0.04368948 -0.08607894 0.07426995 0.04367589 -0.08607417 0.07424652 0.04378062 -0.08600831 0.07415163 0.04367452 -0.08607363 0.07424414 0.04362308 -0.086003 0.07406371 0.04358291 -0.08602815 0.07410001 0.04353111 -0.08599346 0.07402735 0.04381752 -0.08607327 0.07435357 0.04400557 -0.08602434 0.074521 0.04384809 -0.08608067 0.07459807 0.04385924 -0.08607542 0.07462656 0.04387557 -0.0860731 0.07461655 0.04388922 -0.08605509 0.07471001 0.0440455 -0.08596396 0.07484424 0.04394119 -0.08598357 0.07489216 0.04412055 -0.0857914 0.07507365 0.04397374 -0.08585 0.07509791 0.04424691 -0.08571273 0.07499444 0.04417407 -0.08589619 0.0747587 0.04392886 -0.08599054 0.07425767 0.04410827 -0.08592599 0.07443058 0.04426366 -0.08578771 0.0746659 0.0437597 -0.08609366 0.0744006 -0.03999996 -0.09425115 0.0690273 -0.04183381 -0.09377801 0.06860131 -0.03668737 -0.09424269 0.07087379 -0.03655278 -0.09417319 0.07100057 -0.0356363 -0.09322881 0.07214498 -0.03541868 -0.09263074 0.0726273 -0.03999996 -0.08642274 0.07439035 -0.03912973 -0.08667087 0.07451492 -0.03657209 -0.08854424 0.07433581 -0.03682219 -0.0882501 0.07440322 -0.03751391 -0.08759856 0.07451915 -0.03788489 -0.08732277 0.07454806 -0.03830075 -0.08706188 0.07455778 -0.03627395 -0.08895313 0.07423114 -0.03583604 -0.08973145 0.07399952 -0.0353921 -0.09250545 0.07271528 -0.03536516 -0.09134554 0.07337832 -0.03552818 -0.09055209 0.07371312 -0.0361424 -0.09388363 0.07143527 -0.03724151 -0.09443908 0.07041049 -0.03824853 -0.09454458 0.06975108 -0.03925961 -0.09443527 0.06927281 -0.04296666 -0.08593147 0.07391595 -0.04134368 -0.08415067 0.0691474 -0.04004871 -0.08390539 0.06941044 -0.03999996 -0.0839051 0.06941074 -0.03865599 -0.08415067 0.0691474 -0.03767234 -0.08482164 0.06842792 -0.03731215 -0.08573812 0.06744509 -0.03767234 -0.08665466 0.06646221 -0.03865599 -0.08732557 0.06574273 -0.03999996 -0.08757114 0.06547939 -0.04134368 -0.08732557 0.06574273 -0.04232758 -0.08665466 0.06646221 -0.04268771 -0.08573812 0.06744509 -0.04232758 -0.08482164 0.06842792 -0.04358315 -0.08604246 0.07411402 -0.04362243 -0.08601784 0.07407814 -0.0435279 -0.08600562 0.07403731 -0.04386025 -0.08608895 0.07464092 -0.04387503 -0.08608692 0.07463264 -0.04385209 -0.086093 0.07461941 -0.04411894 -0.08580487 0.07508897 -0.04404455 -0.08597749 0.07486003 -0.04397743 -0.08580183 0.07518053 -0.04394227 -0.08599674 0.07490658 -0.0439133 -0.08604443 0.07479715 -0.04381626 -0.08608794 0.07436817 -0.04369401 -0.0860942 0.07429063 -0.04375541 -0.08610707 0.07440441 -0.04349505 -0.08598077 0.07399499 -0.04424577 -0.08572626 0.07500976 -0.04417347 -0.0859099 0.07477432 -0.04400563 -0.08603841 0.0745368 -0.04376083 -0.08610755 0.07441538 -0.04432857 -0.08561861 0.07490885 -0.04426366 -0.08580124 0.07468104 -0.04410862 -0.08593994 0.07444584 -0.04392784 -0.08600521 0.07427167 -0.04377979 -0.08602303 0.07416582 -0.04367572 -0.08608794 0.07425898 -0.04412293 -0.08575767 0.07513785 -0.0442478 -0.08567893 0.07506173 -0.04432898 -0.0855748 0.07496118 -0.02629619 0.03274554 0.208859 -0.02499997 0.0327717 0.2088942 -0.03039836 0.03218358 0.2083856 -0.03167033 0.03185415 0.2081177 -0.03861922 0.02841824 0.2052244 -0.03752899 0.02918452 0.205893 -0.03653043 0.02979713 0.2064171 -0.03393977 0.03106343 0.207473 -0.04045361 0.02683442 0.2037909 -0.04252886 0.02429908 0.2013366 -0.04381841 0.02162599 0.1985056 -0.0441187 -0.09802949 0.05730146 -0.04426509 -0.09792906 0.0573036 -0.04437971 -0.09775424 0.05730605 -0.04416453 -0.09712773 0.06285566 -0.04405725 -0.09718823 0.06287389 -0.04404312 -0.09667634 0.06429839 -0.04408389 -0.09778761 0.06035739 -0.04433608 -0.09689342 0.06278324 -0.04426914 -0.09702301 0.06282353 -0.04430693 -0.09445387 0.06775945 -0.04424083 -0.0945636 0.06783503 -0.04413813 -0.09465217 0.06789594 -0.04400992 -0.09471201 0.06793689 -0.04401105 -0.09467613 0.06798452 -0.04430687 -0.09443062 0.06779098 -0.04424077 -0.09453517 0.06787353 -0.04413801 -0.09461957 0.06794005 -0.04401099 -0.09463763 0.06803011 -0.04413801 -0.09458416 0.06798195 -0.04424071 -0.09450429 0.06791007 -0.04430681 -0.09440529 0.06782096 -0.04412323 -0.0856471 0.075235 -0.04397612 -0.0856837 0.07528495 -0.04397225 -0.08555048 0.07536959 -0.04412376 -0.08552229 0.07531315 -0.04424858 -0.08547252 0.07521539 -0.04424798 -0.08558213 0.07514721 -0.04432976 -0.08540642 0.07508653 -0.04432916 -0.08549582 0.07503086 -0.04441326 -0.06955081 0.08581805 -0.04403269 -0.07733958 0.08024758 -0.04407042 -0.06977277 0.08607339 -0.04421573 -0.06972819 0.0860219 -0.04417949 -0.0773037 0.08019357 -0.0443378 -0.06965076 0.08593279 -0.04430413 -0.07723927 0.08009773 -0.04438287 -0.07715505 0.07997304 -0.04442197 -0.0609185 0.09382766 -0.04407459 -0.06539982 0.09000259 -0.04407554 -0.0611425 0.0940566 -0.04421967 -0.06109833 0.09401142 -0.04421788 -0.06535607 0.08995503 -0.04434233 -0.06102043 0.09393167 -0.04433941 -0.0652796 0.08987206 -0.0444175 -0.06518024 0.08976447 -0.0444442 -0.04968476 0.1051193 -0.04444003 -0.03885895 0.1168035 -0.04442656 -0.02840697 0.1288251 -0.04440385 -0.0183404 0.1411707 -0.04434525 -0.002411544 0.1624807 -0.04392313 -0.002670884 0.1626632 -0.04409307 -0.002632737 0.1626366 -0.04395365 -0.008404552 0.1547328 -0.04416561 -0.01856279 0.141346 -0.04423183 -0.04990363 0.105329 -0.04406988 -0.04995352 0.1053768 -0.04421883 -0.03907966 0.1170019 -0.04405522 -0.03912758 0.1170449 -0.04419684 -0.028629 0.1290121 -0.04403132 -0.02867466 0.1290504 -0.04399836 -0.0186057 0.1413798 -0.04436707 -0.0498088 0.1052381 -0.04435783 -0.03898513 0.1169169 -0.04433941 -0.02853477 0.1289328 -0.04431188 -0.01846957 0.1412726 -0.04424518 -0.00254184 0.1625727 -0.04392331 -0.002597928 0.1627537 -0.04409724 -0.002561688 0.162721 -0.0440973 -0.002597332 0.1626791 -0.04424506 -0.002481102 0.1626486 -0.04424506 -0.002512693 0.1626116 -0.04434263 -0.002366006 0.1625449 -0.04434269 -0.002391517 0.1625148 -0.04431301 0.004052579 0.1718387 -0.04426419 0.01077646 0.1831946 -0.04421252 0.003922462 0.1719258 -0.04415482 0.01062953 0.18327 -0.04406082 0.003832638 0.1719856 -0.04398971 0.01053184 0.1833196 -0.0438832 0.003794074 0.1720108 -0.04380989 0.0104987 0.1833358 -0.04423594 0.01449084 0.1895637 -0.04412639 0.01435256 0.1896537 -0.04396116 0.01426059 0.1897132 -0.04377961 0.01459026 0.1902794 -0.04422032 0.01883471 0.1955211 -0.04411089 0.01870656 0.1956248 -0.04394567 0.01862126 0.1956936 -0.04376614 0.01859259 0.1957166 -0.04391157 -0.09376782 0.06831127 -0.04411059 -0.0939536 0.06821203 -0.04402792 -0.09404486 0.06829923 -0.04351556 -0.09354841 0.06834667 -0.04360741 -0.09358471 0.06835067 -0.04357409 -0.0936203 0.0683732 -0.04341495 -0.0934382 0.06828647 -0.04345768 -0.09348303 0.06831419 -0.04386681 -0.0940957 0.06837296 -0.04376983 -0.0939098 0.06840515 -0.0438202 -0.09386283 0.0683847 -0.04369843 -0.09379374 0.06840521 -0.04368919 -0.0937798 0.06840413 -0.04400795 -0.0945723 0.06809735 -0.04398381 -0.09442579 0.06821668 -0.04407835 -0.0943582 0.06819933 -0.04392176 -0.09422606 0.06832724 -0.04418432 -0.09427225 0.06813478 -0.04425621 -0.09417802 0.06804126 -0.04391938 -0.09413737 0.06834882 -0.04389345 -0.09415584 0.06835424 -0.04376459 -0.09366816 0.06834286 -0.04367691 -0.09376144 0.06840234 -0.04360067 -0.09365499 0.06838303 -0.03999996 -0.001430094 0.1630473 -0.03999996 0.003701925 0.1708315 -0.03863883 0.003517091 0.1707245 -0.03699886 0.002930819 0.1700327 -0.03841215 0.003463089 0.1706702 -0.03553396 0.001524627 0.1680955 -0.03567779 0.001796305 0.1684834 -0.03605872 0.002262175 0.1691359 -0.03673118 0.00277847 0.169834 -0.03543937 5.40681e-4 0.1666473 -0.03547412 0.001365721 0.1678662 -0.03608453 -4.4626e-4 0.1651082 -0.03570538 -3.32072e-5 0.1657667 -0.03554034 2.51934e-4 0.1662083 -0.03629249 -6.09487e-4 0.1648396 -0.03659892 -8.04067e-4 0.1645105 -0.03878092 -0.001423478 0.1632633 -0.03800541 -0.001310825 0.163554 -0.03723067 -0.001092553 0.1639941 -0.04293012 0.003835797 0.1707023 -0.04134368 0.005873024 0.1656861 -0.04004871 0.006118237 0.1659491 -0.03999996 0.006118535 0.1659494 -0.03865599 0.005873024 0.1656861 -0.03767234 0.005202054 0.1649666 -0.03731215 0.004285514 0.1639838 -0.03767234 0.003369033 0.1630009 -0.03865599 0.002698123 0.1622814 -0.03999996 0.002452552 0.1620181 -0.04134368 0.002698123 0.1622814 -0.04232758 0.003369033 0.1630009 -0.04268771 0.004285514 0.1639838 -0.04232758 0.005202054 0.1649666 -0.04387599 0.003744781 0.1719383 -0.04405111 0.003765821 0.1718873 -0.04399472 0.003683388 0.1717687 -0.04383081 0.003621399 0.1716918 -0.04392409 0.003624856 0.1716511 -0.04378217 0.00357902 0.1715189 -0.04383605 0.003587186 0.1715414 -0.04376775 0.003573298 0.1714746 -0.04358637 0.003680229 0.1709251 -0.04354107 0.003657341 0.1709617 -0.04374402 0.003663063 0.1710176 -0.04358237 0.003625392 0.1710388 -0.04345756 0.003737509 0.1708221 -0.04349768 0.003696501 0.1708866 -0.04388743 0.003668487 0.171123 -0.04401975 0.003697097 0.1712444 -0.04429924 0.003959596 0.1717019 -0.04425591 0.00386703 0.1715851 -0.04419386 0.00379461 0.1714665 -0.04411375 0.003737628 0.1713516 -0.0436204 0.003601491 0.1711145 -0.04363751 0.00359261 0.17115 -0.04375207 0.003586888 0.1712237 -0.04388988 0.003600478 0.171339 -0.04399061 0.003630936 0.1714444 -0.04407835 0.003680408 0.1715603 -0.04414772 0.003748834 0.1716827 -0.04420042 0.003840208 0.1718049 -0.04369062 0.003572762 0.1712691 -0.04375308 0.003569602 0.1714321 -0.04359281 -0.00154215 0.1630453 -0.04365372 -0.001491189 0.1630175 -0.04379755 -0.001579046 0.163022 -0.04346746 -0.001331925 0.1629438 -0.04353052 -0.001432776 0.1630007 -0.04349178 -0.001369655 0.1629672 -0.04393434 -0.001681149 0.1630054 -0.04367911 -0.001713693 0.1630854 -0.04366666 -0.00168699 0.1630813 -0.04392504 -0.001899421 0.1630595 -0.04373461 -0.001838564 0.1630942 -0.04379612 -0.001791 0.1630831 -0.04371792 -0.001799464 0.1630932 -0.04404157 -0.002022266 0.1630102 -0.04381603 -0.002054274 0.1630714 -0.04379343 -0.001989603 0.1630833 -0.04384434 -0.002143085 0.1630477 -0.04388868 -0.002119958 0.1630483 -0.04387193 -0.002244055 0.1630097 -0.04397219 -0.002228081 0.1629967 -0.04390323 -0.002388775 0.1629319 -0.04403758 -0.00234282 0.162923 -0.04429876 -0.002143919 0.1627498 -0.0442416 -0.002029359 0.1628362 -0.04416602 -0.001917958 0.1629062 -0.0440579 -0.00179404 0.1629673 -0.04412484 -0.002135694 0.1629469 -0.04418915 -0.002254605 0.1628635 0.04209977 -0.08617657 0.07539075 0.04020267 -0.08614593 0.0759648 0.04205989 -0.08637726 0.07493358 0.04197418 -0.08633375 0.07444196 0.040093 -0.08663773 0.07473558 0.04013729 -0.08669054 0.07497125 0.04021304 -0.08648145 0.0756852 0.04020041 -0.08661097 0.0754674 0.04017502 -0.0866819 0.07522773 0.03875589 -0.08705776 0.07491093 0.03941613 -0.08680295 0.07484555 0.03877478 -0.0870999 0.07515376 0.03944885 -0.08685034 0.07508593 0.03876876 -0.08708477 0.07540857 0.03946518 -0.08683794 0.07534039 0.03920012 -0.08638757 0.07607299 0.03868407 -0.08688819 0.07585877 0.03873711 -0.08701097 0.07565087 0.03809857 -0.08741676 0.07542729 0.03812783 -0.08743274 0.07517415 0.03812474 -0.08739471 0.07492989 0.0375331 -0.08779776 0.07487183 0.03753423 -0.0878117 0.07492733 0.03746396 -0.08782559 0.07540619 0.03732419 -0.08771353 0.07572591 0.03726822 -0.08765894 0.07581055 0.03710341 -0.08748173 0.0759837 0.03676533 -0.08845704 0.07521665 0.03529971 -0.08992767 0.07509315 0.03495174 -0.09082788 0.07469493 0.03519618 -0.09082293 0.07452255 0.03548806 -0.09070408 0.07407057 0.03579205 -0.08878666 0.07560139 0.03474169 -0.09080284 0.07477939 0.03479248 -0.09081095 0.07476347 0.0365405 -0.08835422 0.07559669 0.03685885 -0.08841419 0.07477498 0.0361405 -0.08917212 0.0750367 0.03585892 -0.08909839 0.07538443 0.03563052 -0.08996427 0.07478505 0.03548187 -0.09071087 0.07408946 0.03581839 -0.0898897 0.0743792 0.03628224 -0.0891177 0.07460945 0.03546392 -0.09072756 0.07413762 0.0350098 -0.09208291 0.07382291 0.03466099 -0.09112453 0.07462543 0.03474766 -0.09364861 0.07300353 0.0346412 -0.09218341 0.0740115 0.0345748 -0.09294921 0.07354259 0.03540045 -0.09474301 0.07192778 0.03513622 -0.09441226 0.07229292 0.04031682 -0.09567224 0.06886219 0.04030489 -0.09540939 0.06910127 0.03927928 -0.09561955 0.06939059 0.03827255 -0.09589838 0.06962311 0.03826147 -0.09571403 0.06980109 0.03664129 -0.09547251 0.07078546 0.03641378 -0.09548056 0.07087504 0.03525602 -0.09190976 0.07352161 0.03540432 -0.09316164 0.07269895 0.0359525 -0.09407877 0.07180815 0.03696209 -0.09470474 0.0708093 0.03515303 -0.09343028 0.0729137 0.03574758 -0.09442847 0.07193922 0.03685081 -0.09511142 0.07087016 0.03762418 -0.09485733 0.0703262 0.03834092 -0.09531664 0.06993222 0.03834009 -0.09489172 0.06990319 0.0392223 -0.09479635 0.06950008 0.04012441 -0.09458082 0.06921654 0.0402376 -0.09500306 0.06925201 0.03928256 -0.09521698 0.06952977 0.04196637 -0.0941056 0.06878864 0.04208678 -0.09452599 0.06882238 0.04215866 -0.09493118 0.06867069 0.03999996 -0.08457291 0.06962138 0.04105705 -0.08508831 0.06934285 0.041193 -0.08479094 0.06938755 0.04183095 -0.08561611 0.06877684 0.04206657 -0.08538663 0.06874877 0.04211425 -0.08633714 0.06800365 0.04238629 -0.08620041 0.0678761 0.04183095 -0.08705812 0.06723046 0.04206657 -0.08701413 0.06700348 0.04105705 -0.08758598 0.06666445 0.041193 -0.08760982 0.0663647 0.03999996 -0.08777916 0.06645727 0.03999996 -0.08782786 0.06613087 0.03894275 -0.08758598 0.06666445 0.03880667 -0.08760982 0.0663647 0.03816872 -0.08705812 0.06723046 0.03793329 -0.08701413 0.06700348 0.03788542 -0.08633714 0.06800365 0.03761363 -0.08620041 0.0678761 0.03816872 -0.08561611 0.06877684 0.03793329 -0.08538663 0.06874877 0.03894275 -0.08508831 0.06934285 0.03880667 -0.08479094 0.06938755 0.03999996 -0.08489513 0.06955003 0.03869742 -0.08443313 0.06931298 0.03774374 -0.08508348 0.06861561 0.03739488 -0.08597183 0.06766295 0.03774374 -0.08686012 0.06671035 0.03869742 -0.08751046 0.06601297 0.03999996 -0.08774846 0.06575769 0.0413025 -0.08751046 0.06601297 0.04225593 -0.08686012 0.06671035 0.0426051 -0.08597183 0.06766295 0.04225593 -0.08508348 0.06861561 0.0413025 -0.08443313 0.06931298 0.03999996 -0.08419513 0.06956821 -0.107082 0.009470403 0.05565947 -0.1072532 0.007279396 0.05730146 -0.1056494 0.0198611 0.05730146 0.100112 -0.03916388 0.05548501 0.1008846 -0.03712868 0.05730146 0.09655946 -0.04724931 0.05730146 0.02534407 -0.1044697 0.01999998 0.03823417 -0.1004709 0.05730146 0.02589625 -0.1043342 0.05730146 0.04788213 -0.09624725 0.05730146 0.04499983 -0.09762811 0.05730146 0.06002783 -0.08917897 0.05730146 0.04465711 -0.09778541 0.01999998 0.06235611 -0.08756691 0.01999998 0.09979951 -0.03995358 0.01999998 0.09978222 -0.0399968 0.03549242 0.09043473 -0.05811882 0.01999998 0.09962856 -0.04037809 0.03600353 0.09890937 -0.04210901 0.0391646 0.0986886 -0.04262381 0.04065901 0.09850037 -0.04305714 0.04263198 0.09842163 -0.04323673 0.04502218 0.09842783 -0.0432226 0.04566764 0.09043473 -0.05811882 0.05730146 0.0986737 -0.04265838 0.04922056 0.09925639 -0.04128456 0.0525633 0.1021838 -0.03338712 0.03064042 0.1016536 -0.03496819 0.03138351 0.1005793 -0.03794783 0.03334873 0.1059176 -0.01837641 0.02681154 0.1055565 -0.02034854 0.02698314 0.1055573 -0.02034443 0.01999998 0.1052778 -0.02174443 0.02717429 0.1038471 -0.02778536 0.02855521 0.1074995 -3.06651e-4 0.02949118 0.1072851 -0.00679326 0.02774763 0.1075 0 0.01999998 0.1071714 -0.008398175 0.02744323 0.1071465 -0.008711397 0.02738994 0.1067302 -0.0128411 0.02687937 0.1072502 0.007324755 0.05730146 0.1072531 0.007279396 0.05730146 0.1070302 0.01003921 0.05510759 0.1055573 0.02034443 0.05730146 0.106808 0.01217818 0.05227357 0.1066409 0.01356303 0.0489633 0.1065711 0.01410025 0.0453872 0.1066031 0.01385742 0.04230332 0.1055573 0.02034443 0.01999998 0.1067182 0.01294088 0.03925991 0.1067387 0.01277107 0.03887552 0.1069464 0.01089555 0.03585433 0.1070254 0.01008963 0.03494364 0.1071756 0.008345127 0.03341311 0.1073319 0.006009042 0.03201562 0.1075 6.91414e-6 0.02959632 0.06235611 0.08756691 0.01999998 0.06554877 0.08520328 0.03684729 0.0778014 0.07418346 0.01999998 0.06697517 0.08408671 0.04137963 0.06703776 0.08403682 0.0416119 0.06745731 0.08370035 0.0432738 0.06811594 0.08316522 0.04638189 0.0778014 0.07418346 0.05730146 0.06817525 0.08311665 0.04670369 0.06869518 0.08268743 0.05004274 0.06889706 0.08251929 0.05176025 0.06891685 0.08250278 0.05195134 0.07069838 0.08098137 0.05730146 0.06925624 0.08221811 0.05730146 0.04994273 0.09519439 0.0474286 0.05286508 0.09360295 0.04568994 0.04465711 0.09778541 0.01999998 0.06079906 0.08865505 0.04042804 0.06236451 0.08756083 0.03928685 0.02834373 0.1036961 0.05730146 0.03640776 0.1011469 0.05421733 0.02534407 0.1044697 0.01999998 0.03941679 0.1000128 0.0528832 0.04461687 0.09780371 0.05034303 0.0195139 0.105714 0.05730146 0.01065301 0.1069708 0.01999998 0.01065301 0.1069708 0.05730146 -0.01529884 0.1064058 0.01999998 -0.01950138 0.1057163 0.05730146 -0.01065301 0.1069708 0.01999998 -0.01065301 0.1069708 0.05730146 -0.04941982 0.09546685 0.04754364 -0.03515964 0.1015875 0.01999998 -0.05377233 0.09308481 0.04492068 -0.05374985 0.09309768 0.01999998 -0.05715245 0.09104853 0.04272389 -0.02811217 0.1037591 0.0573014 -0.03370618 0.102079 0.05522805 -0.03517454 0.1015824 0.0546258 -0.04155403 0.09914386 0.05173277 -0.07039749 0.08124303 0.01999998 -0.07041251 0.08123004 0.03250777 -0.06471675 0.085837 0.0372442 -0.0845012 0.06645143 0.05074006 -0.08430641 0.06669837 0.05072188 -0.08450067 0.06645208 0.01999998 -0.07848072 0.07346439 0.05046516 -0.07744401 0.07455646 0.05055373 -0.07630163 0.07572519 0.05087643 -0.07409662 0.07788413 0.04365921 -0.0741254 0.07785671 0.04396224 -0.07424485 0.07774281 0.04541093 -0.07358664 0.07836616 0.03959804 -0.07304602 0.07887029 0.03651857 -0.07181292 0.07999467 0.03124636 -0.07439315 0.07760089 0.04831278 -0.07538682 0.07663595 0.05133354 -0.07442307 0.07757222 0.05030745 -0.07448846 0.0775094 0.05200791 -0.07442307 0.07757222 0.05206829 -0.08947956 0.05957895 0.05149781 -0.09554982 0.0492593 0.01999998 -0.09391301 0.05231237 0.05283242 -0.1031455 0.03028625 0.01999998 -0.1031455 0.03028625 0.05730146 -0.1022455 0.03319782 0.05730146 -0.1007075 0.03760635 0.05730146 -0.09764403 0.04496526 0.05475825 -0.09555804 0.04924333 0.05356472 -0.1069269 0.01108467 0.05390667 -0.1070132 0.0102185 0.01999998 -0.1070054 0.01030004 0.03516626 -0.106895 0.01138871 0.03650093 -0.1066993 0.01309621 0.03964072 -0.106586 0.01398742 0.04313641 -0.1065772 0.01405549 0.04621565 -0.1066579 0.01342928 0.04941529 -0.1066716 0.01331979 0.04974937 -0.1068549 0.01175844 0.05295974 -0.1074517 0.003222227 0.03079205 -0.1073319 0.006009042 0.03201562 -0.1071245 0.008977591 0.03391033 -0.1070132 -0.0102185 0.01999998 -0.1070133 -0.01021742 0.02716159 -0.1070329 -0.01001036 0.02719026 -0.1071771 -0.008324563 0.02745616 -0.1073591 -0.005502164 0.0280286 -0.1074483 -0.003331542 0.02857577 -0.1034852 -0.02910411 0.0289731 -0.1049235 -0.02339434 0.02746701 -0.1031455 -0.03028625 0.01999998 -0.1052778 -0.02174443 0.02717429 -0.1062605 -0.01627701 0.02674764 -0.1008846 -0.03712868 0.05730146 -0.09988629 -0.03973627 0.0548315 -0.0965718 -0.04722416 0.05730146 -0.09925574 -0.04128605 0.05256062 -0.09554982 -0.04925918 0.05730146 -0.09909003 -0.04168224 0.0517981 -0.09858465 -0.04286378 0.04840046 -0.09908974 -0.04168277 0.0382021 -0.09989255 -0.03972035 0.03514856 -0.09554982 -0.04925918 0.01999998 -0.09842211 -0.04323571 0.04483097 -0.09844774 -0.0431773 0.04363906 -0.0986182 -0.04278647 0.04126793 -0.1008928 -0.03710639 0.03268146 -0.1016536 -0.03496819 0.03138351 -0.1031386 -0.03030949 0.02939331 -0.05374985 -0.09309768 0.01999998 -0.03515964 -0.1015875 0.01999998 -0.03770911 -0.100669 0.05730146 -0.04499983 -0.09762811 0.05730146 -0.04919683 -0.09558188 0.05730146 0.081052 -0.07061737 0.05730146 0.0778014 -0.07418346 0.01999998 0.08957105 -0.05944114 0.05730146 0.0778014 -0.07418346 0.05730146 0.07114791 -0.08058673 0.05730146 0.06235611 -0.08756691 0.05730146 0.005115032 -0.1073782 0.05730146 0.005115032 -0.1073782 0.01999998 0.01318371 -0.1066884 0.05730146 0.02534407 -0.1044697 0.05730146 2.80567e-4 -0.1074995 0.05730146 -0.01262652 -0.1067559 0.05730146 -0.01529884 -0.1064058 0.01999998 -0.01529884 -0.1064058 0.05730146 -0.02535128 -0.1044679 0.05730146 -0.03515964 -0.1015875 0.05730146 -0.07039749 -0.08124303 0.05730146 -0.07039749 -0.08124303 0.01999998 -0.06100684 -0.08851218 0.05730146 -0.05374985 -0.09309768 0.05730146 -0.07181662 -0.0799914 0.05730146 -0.08144897 -0.07015919 0.05730146 -0.08450067 -0.06645208 0.01999998 -0.08974605 -0.05917668 0.05730146 -0.08450067 -0.06645208 0.05730146 0.08065783 0.07106727 0.05730146 0.08923894 0.05993866 0.05730146 0.09043473 0.05811882 0.01999998 0.09979951 0.03995358 0.05730146 0.09979951 0.03995358 0.01999998 0.09629511 0.04778587 0.05730146 0.09043473 0.05811882 0.05730146 0.1053783 0.02125227 0.05730146 0.1017057 0.03481662 0.05730146 0.04499983 0.002619504 0.1695729 0.04499983 0.008011102 0.1785016 0.04499983 -0.07779914 0.07935845 0.04499983 -0.07615768 0.08041042 0.04499983 0.0100457 0.1823974 0.04499983 0.01526325 0.1912332 0.04499983 0.0186305 0.1957287 0.04499983 -0.07089012 0.08419054 0.04499983 -0.06696528 0.08746725 0.04499983 -0.06057018 0.09342569 0.04499983 -0.09110623 0.07147198 0.04499983 -0.08745843 0.07409852 0.04499983 -0.08618098 0.07477939 0.04499983 -0.08528542 0.07521808 0.04499983 -0.02689021 0.1298873 0.04499983 -0.01950412 0.1390204 0.04499983 -0.007240772 0.1553053 0.04499983 -0.09718024 0.06131368 0.04499983 -0.09598249 0.06488186 0.04499983 -0.09384119 0.068497 0.04499983 -0.04619306 0.1080487 0.04499983 -0.04323214 0.1112245 0.04499983 -0.03249537 0.1232585 0.02499985 0.03308218 0.2095987 0.02916371 0.03275036 0.2093089 0.03317236 0.03170949 0.2084917 0.03683346 0.03002947 0.2071453 0.03914195 0.02849996 0.2058624 0.04407382 0.02260059 0.2002525 0.04376357 0.02322828 0.2009069 0.04240804 0.02530539 0.2029682 0.03996223 0.0278387 0.2052885 0.0449059 0.0198732 0.1972219 -0.02499997 0.03308218 0.2095987 0.02195847 0.03306096 0.2096185 -0.04499983 0.0186305 0.1957287 -0.04456728 0.02132391 0.1988738 -0.03832387 0.02909278 0.206367 -0.03914183 0.02850008 0.2058625 -0.04116755 0.02671706 0.2042857 -0.0432778 0.02406871 0.2017593 -0.02692759 0.0330196 0.2095302 -0.03103148 0.03235888 0.2090004 -0.03192281 0.03211534 0.2088099 -0.03488773 0.03102028 0.2079461 -0.04499983 0.01526325 0.1912332 -0.04499983 0.01043659 0.1831694 -0.04499983 0.005414724 0.1743761 -0.04499983 -0.06097817 0.09387612 -0.04499983 -0.06925475 0.08617401 -0.04499983 -0.07583421 0.08097904 -0.04499983 -0.07667726 0.08039146 -0.04499983 0.003460228 0.1713805 -0.04499983 -0.008768677 0.1540467 -0.04499983 -0.02172112 0.1372411 -0.04499983 -0.08303445 0.07644593 -0.04499983 -0.08629417 0.07472318 -0.04499995 -0.08742487 0.07411766 -0.04500067 -0.09097892 0.0715844 -0.04500031 -0.09375512 0.06861072 -0.04499948 -0.09589171 0.06507998 -0.04499948 -0.09718203 0.06130671 -0.04499983 -0.03539317 0.1209689 -0.04499983 -0.04369521 0.1117324 -0.04499983 -0.04974251 0.105283 0.03999996 -0.08548879 0.06926351 0.04026496 -0.08548659 0.06925666 0.04026496 -0.08611023 0.06883805 0.04030835 -0.08626747 0.06870579 0.04045248 -0.08639943 0.06857389 0.04059207 -0.08644628 0.06850987 0.04066061 -0.08645439 0.06849014 0.04076486 -0.08645123 0.06847238 0.04149633 -0.08632647 0.06835603 0.04149997 -0.08651179 0.06816649 0.04149633 -0.08668792 0.06796842 0.04076486 -0.08681267 0.06808477 0.04066359 -0.08682996 0.06808674 0.04059207 -0.08684968 0.06807708 0.04047501 -0.08689814 0.06803774 0.04041141 -0.08693599 0.06799942 0.0403217 -0.08701539 0.06790679 0.03999996 -0.08753478 0.06706947 0.04026496 -0.08752775 0.0670678 0.04026496 -0.08715367 0.06771904 0.03973484 -0.08752775 0.0670678 0.03973484 -0.08715367 0.06771904 0.03972446 -0.08709484 0.06780266 0.03970414 -0.08705174 0.06786042 0.03964227 -0.08697819 0.06795191 0.03958851 -0.08693593 0.06799948 0.0394665 -0.08687114 0.06806153 0.03923487 -0.08681267 0.06808477 0.0385034 -0.08668792 0.06796842 0.03849995 -0.08651179 0.06816649 0.0385034 -0.08632647 0.06835603 0.03923487 -0.08645123 0.06847238 0.0393362 -0.08645439 0.06848949 0.03940778 -0.08644616 0.06850981 0.03952497 -0.08641028 0.06856089 0.03958857 -0.0863747 0.06860131 0.03967797 -0.08628785 0.06868702 0.03973484 -0.08548659 0.06925666 0.03973484 -0.08611023 0.06883805 0.04026496 -0.08503872 0.0678389 0.04029405 -0.08493518 0.06751114 0.04034096 -0.08487647 0.06732523 0.04041141 -0.08493691 0.06726044 0.04076486 -0.08537971 0.06747323 0.04059576 -0.08514106 0.06729036 0.04049998 -0.08498495 0.06720894 0.04076486 -0.08574122 0.06708556 0.04059535 -0.08554285 0.06686007 0.04049998 -0.08545005 0.06671017 0.04041141 -0.08549809 0.06665861 0.04034096 -0.08555847 0.06659388 0.04029452 -0.08574795 0.06664013 0.04026496 -0.08608222 0.06671988 0.03965896 -0.08555847 0.06659388 0.03970587 -0.08574801 0.06663948 0.03973484 -0.08608222 0.06671988 0.03973484 -0.08503872 0.0678389 0.03970587 -0.08493518 0.06751114 0.03965896 -0.08487647 0.06732523 0.03958851 -0.08549809 0.06665861 0.03940457 -0.08554285 0.06686007 0.03923487 -0.08574122 0.06708556 0.03949987 -0.08545005 0.06671017 0.03949987 -0.08498495 0.06720894 0.03940457 -0.08514094 0.06729102 0.03923487 -0.08537971 0.06747323 0.03958851 -0.08493691 0.06726044 -0.03999996 -0.08457291 0.06962138 -0.03894275 -0.08508831 0.06934285 -0.03880667 -0.08479094 0.06938755 -0.03816872 -0.08561611 0.06877684 -0.03793329 -0.08538663 0.06874877 -0.03788542 -0.08633714 0.06800365 -0.03761363 -0.08620041 0.0678761 -0.03816872 -0.08705812 0.06723046 -0.03793329 -0.08701413 0.06700348 -0.03894275 -0.08758598 0.06666445 -0.03880667 -0.08760982 0.0663647 -0.03999996 -0.08777916 0.06645727 -0.03999996 -0.08782786 0.06613087 -0.04105705 -0.08758598 0.06666445 -0.041193 -0.08760982 0.0663647 -0.04183095 -0.08705812 0.06723046 -0.04206657 -0.08701413 0.06700348 -0.04211425 -0.08633714 0.06800365 -0.04238629 -0.08620041 0.0678761 -0.04183095 -0.08561611 0.06877684 -0.04206657 -0.08538663 0.06874877 -0.04105705 -0.08508831 0.06934285 -0.041193 -0.08479094 0.06938755 -0.03999996 -0.08489513 0.06955003 -0.0413025 -0.08443313 0.06931298 -0.04225593 -0.08508348 0.06861561 -0.0426051 -0.08597183 0.06766295 -0.04225593 -0.08686012 0.06671035 -0.0413025 -0.08751046 0.06601297 -0.03999996 -0.08774846 0.06575769 -0.03869742 -0.08751046 0.06601297 -0.03774374 -0.08686012 0.06671035 -0.03739488 -0.08597183 0.06766295 -0.03774374 -0.08508348 0.06861561 -0.03869742 -0.08443313 0.06931298 -0.03999996 -0.08419513 0.06956821 -0.03999996 -0.08548879 0.06926351 -0.03973484 -0.08548659 0.06925666 -0.03973484 -0.08611023 0.06883805 -0.03969138 -0.08626747 0.06870579 -0.03954738 -0.08639943 0.06857389 -0.03940778 -0.08644628 0.06850987 -0.03933924 -0.08645439 0.06849014 -0.03923487 -0.08645123 0.06847238 -0.0385034 -0.08632647 0.06835603 -0.03849995 -0.08651179 0.06816649 -0.0385034 -0.08668792 0.06796842 -0.03923487 -0.08681267 0.06808477 -0.0393362 -0.08682996 0.06808674 -0.03940778 -0.08684968 0.06807708 -0.03952497 -0.08689814 0.06803774 -0.03958857 -0.08693599 0.06799942 -0.03967797 -0.08701539 0.06790679 -0.03999996 -0.08753478 0.06706947 -0.03973484 -0.08752775 0.0670678 -0.03973484 -0.08715367 0.06771904 -0.04026496 -0.08752775 0.0670678 -0.04026496 -0.08715367 0.06771904 -0.04027533 -0.08709484 0.06780266 -0.04029572 -0.08705174 0.06786042 -0.04035753 -0.08697819 0.06795191 -0.04041147 -0.08693593 0.06799948 -0.04053342 -0.08687114 0.06806153 -0.04076486 -0.08681267 0.06808477 -0.04149633 -0.08668792 0.06796842 -0.04149997 -0.08651179 0.06816649 -0.04149633 -0.08632647 0.06835603 -0.04076486 -0.08645123 0.06847238 -0.04066359 -0.08645439 0.06848949 -0.04059207 -0.08644616 0.06850981 -0.04047501 -0.08641028 0.06856089 -0.04041141 -0.0863747 0.06860131 -0.0403217 -0.08628785 0.06868702 -0.04026496 -0.08548659 0.06925666 -0.04026496 -0.08611023 0.06883805 -0.03973484 -0.08503872 0.0678389 -0.03970587 -0.08493518 0.06751114 -0.03965896 -0.08487647 0.06732523 -0.03958851 -0.08493691 0.06726044 -0.03923487 -0.08537971 0.06747323 -0.03940409 -0.08514106 0.06729036 -0.03949987 -0.08498495 0.06720894 -0.03923487 -0.08574122 0.06708556 -0.03940457 -0.08554285 0.06686007 -0.03949987 -0.08545005 0.06671017 -0.03958851 -0.08549809 0.06665861 -0.03965896 -0.08555847 0.06659388 -0.03970521 -0.08574795 0.06664013 -0.03973484 -0.08608222 0.06671988 -0.04034096 -0.08555847 0.06659388 -0.04029405 -0.08574801 0.06663948 -0.04026496 -0.08608222 0.06671988 -0.04034096 -0.08487647 0.06732523 -0.04026496 -0.08503872 0.0678389 -0.04029405 -0.08493518 0.06751114 -0.04041141 -0.08549809 0.06665861 -0.04059535 -0.08554285 0.06686007 -0.04076486 -0.08574122 0.06708556 -0.04049998 -0.08545005 0.06671017 -0.04049998 -0.08498495 0.06720894 -0.04059535 -0.08514094 0.06729102 -0.04076486 -0.08537971 0.06747323 -0.04041141 -0.08493691 0.06726044 -0.03999996 0.005450785 0.1661601 -0.03894275 0.004935443 0.1658815 -0.03880667 0.005232751 0.1659262 -0.03816872 0.004407525 0.1653155 -0.03793329 0.004637062 0.1652874 -0.03788542 0.003686547 0.1645423 -0.03761363 0.00382328 0.1644148 -0.03816872 0.002965569 0.1637691 -0.03793329 0.003009617 0.1635422 -0.03894275 0.00243777 0.1632031 -0.03880667 0.002413928 0.1629034 -0.03999996 0.002244532 0.1629959 -0.03999996 0.002195835 0.1626695 -0.04105705 0.00243777 0.1632031 -0.041193 0.002413928 0.1629034 -0.04183095 0.002965569 0.1637691 -0.04206657 0.003009617 0.1635422 -0.04211425 0.003686547 0.1645423 -0.04238629 0.00382328 0.1644148 -0.04183095 0.004407525 0.1653155 -0.04206657 0.004637062 0.1652874 -0.04105705 0.004935443 0.1658815 -0.041193 0.005232751 0.1659262 -0.03999996 0.005128622 0.1660887 -0.0413025 0.005590558 0.1658517 -0.04225593 0.004940271 0.1651543 -0.0426051 0.004051864 0.1642016 -0.04225593 0.003163576 0.163249 -0.0413025 0.002513289 0.1625517 -0.03999996 0.002275228 0.1622964 -0.03869742 0.002513289 0.1625517 -0.03774374 0.003163576 0.163249 -0.03739488 0.004051864 0.1642016 -0.03774374 0.004940271 0.1651543 -0.03869742 0.005590558 0.1658517 -0.03999996 0.005828619 0.1661069 -0.03999996 0.0045349 0.1658022 -0.03973484 0.004537105 0.1657953 -0.03973484 0.003913462 0.1653767 -0.03969138 0.003756225 0.1652445 -0.03954738 0.00362432 0.1651126 -0.03940778 0.003577411 0.1650485 -0.03933924 0.003569304 0.1650288 -0.03923487 0.003572463 0.1650111 -0.0385034 0.003697276 0.1648947 -0.03849995 0.003511965 0.1647052 -0.0385034 0.003335773 0.1645071 -0.03923487 0.003211081 0.1646234 -0.0393362 0.003193736 0.1646254 -0.03940778 0.003173947 0.1646158 -0.03952497 0.003125548 0.1645764 -0.03958857 0.003087759 0.1645382 -0.03967797 0.003008306 0.1644455 -0.03999996 0.002488911 0.1636081 -0.03973484 0.002495944 0.1636065 -0.03973484 0.002870023 0.1642578 -0.04026496 0.002495944 0.1636065 -0.04026496 0.002870023 0.1642578 -0.04027533 0.002928853 0.1643413 -0.04029572 0.002971947 0.1643991 -0.04035753 0.003045499 0.1644906 -0.04041147 0.003087759 0.1645382 -0.04053342 0.003152549 0.1646002 -0.04076486 0.003211081 0.1646234 -0.04149633 0.003335773 0.1645071 -0.04149997 0.003511965 0.1647052 -0.04149633 0.003697276 0.1648947 -0.04076486 0.003572463 0.1650111 -0.04066359 0.003569304 0.1650282 -0.04059207 0.00357753 0.1650485 -0.04047501 0.003613412 0.1650996 -0.04041141 0.003648996 0.16514 -0.0403217 0.00373584 0.1652257 -0.04026496 0.004537105 0.1657953 -0.04026496 0.003913462 0.1653767 -0.03973484 0.004984915 0.1643776 -0.03970587 0.005088508 0.1640498 -0.03965896 0.005147159 0.1638638 -0.03958851 0.005086839 0.1637992 -0.03923487 0.004643917 0.1640118 -0.03940409 0.004882693 0.1638291 -0.03949987 0.005038738 0.1637476 -0.03923487 0.004282534 0.1636243 -0.03940457 0.004480898 0.1633988 -0.03949987 0.004573643 0.1632488 -0.03958851 0.004525661 0.1631973 -0.03965896 0.004465222 0.1631326 -0.03970521 0.004275739 0.1631788 -0.03973484 0.003941476 0.1632586 -0.04034096 0.004465222 0.1631326 -0.04029405 0.004275739 0.1631782 -0.04026496 0.003941476 0.1632586 -0.04026496 0.004984915 0.1643776 -0.04029405 0.005088508 0.1640498 -0.04034096 0.005147159 0.1638638 -0.04041141 0.004525661 0.1631973 -0.04059535 0.004480898 0.1633988 -0.04076486 0.004282534 0.1636243 -0.04049998 0.004573643 0.1632488 -0.04049998 0.005038738 0.1637476 -0.04059535 0.004882812 0.1638298 -0.04076486 0.004643917 0.1640118 -0.04041141 0.005086839 0.1637992 0.04349547 0.005291581 0.1632856 0.04303091 0.006365418 0.1644371 0.04174995 0.007239103 0.1653741 0.03999996 0.007558882 0.165717 0.03999996 0.008240938 0.1664482 0.03824985 0.007239103 0.1653741 0.03851372 0.00806868 0.1662636 0.03696876 0.006365418 0.1644371 0.03667843 0.0072425 0.1653776 0.03649985 0.005171895 0.1631572 0.0356363 0.005921781 0.1639614 0.0356363 0.004422008 0.162353 0.03696876 0.003978431 0.1618773 0.03667843 0.003101289 0.1609368 0.03824985 0.003104746 0.1609404 0.03851372 0.002275109 0.1600508 0.03999996 0.002784848 0.1605975 0.03999996 0.002102911 0.1598662 0.04174995 0.003104746 0.1609404 0.04303091 0.003978431 0.1618773 0.03999996 0.003888845 0.170651 0.03999996 -0.001156628 0.1628012 0.03915262 -0.001180291 0.1629288 0.03800868 -0.001057446 0.1633245 0.03763777 -9.7271e-4 0.1635177 0.03700757 -7.62723e-4 0.1639412 0.03554517 4.62413e-4 0.1660135 0.03593498 -8.03918e-5 0.1651386 0.03630518 -3.86715e-4 0.1646205 0.03661388 -5.76004e-4 0.1642867 0.03545767 6.95765e-4 0.1663781 0.03540468 0.001172184 0.1671059 0.03667825 0.002925693 0.1696138 0.03609323 0.00247699 0.1690011 0.03567749 0.001978576 0.1682942 0.03553825 0.001716971 0.1679143 0.03722321 0.003222703 0.1700003 0.03864073 0.003699839 0.1705484 0.03931325 0.003821671 0.1706444 0.04430294 0.004147887 0.1714878 0.04420214 0.004023969 0.171593 0.04404938 0.003947496 0.1716788 0.04387962 0.003929078 0.1717302 0.0440337 0.003923714 0.1716472 0.04365622 0.003782629 0.1709893 0.0436753 0.003786981 0.1709749 0.04383367 0.003787875 0.1710922 0.0435034 0.003891885 0.1706985 0.04364615 0.003868401 0.1707648 0.04357367 0.003831744 0.1708229 0.04346972 0.0039258 0.1706442 0.04428762 0.00411278 0.1714636 0.04423809 0.00403285 0.1713461 0.04417032 0.00396806 0.1712317 0.04407531 0.003913104 0.1711087 0.04396528 0.003877699 0.170996 0.04381108 0.003859341 0.1708701 0.04361945 0.003801405 0.1709119 0.04363983 0.003790259 0.1709542 0.04394996 0.00381124 0.1712014 0.04377174 0.003769159 0.1712798 0.04373061 0.003764092 0.1711658 0.04379755 0.003772795 0.1713013 0.04390025 0.003804743 0.1714166 0.04379075 0.003776907 0.1713386 0.04382389 0.003802478 0.1714529 0.04397624 0.003854036 0.1715288 0.04418432 0.003994405 0.1715636 0.04412835 0.003916323 0.1714413 0.04405313 0.003856778 0.1713242 0.04393291 -0.002235889 0.1625471 0.04391431 -0.002088189 0.1626625 0.04382431 -0.001748085 0.1628035 0.04385465 -0.001842021 0.1627787 0.04389846 -0.001817882 0.1627793 0.04385852 -0.001855552 0.1627743 0.0439822 -0.001926243 0.1627272 0.04404801 -0.002040982 0.1626533 0.04365587 -0.001192927 0.16275 0.04359936 -0.001240611 0.1627759 0.04380029 -0.001280248 0.1627547 0.04366773 -0.00137186 0.1628098 0.04349774 -0.001069486 0.1626978 0.0435431 -0.001142621 0.1627364 0.04393786 -0.001381874 0.1627383 0.04430454 -0.001844525 0.1624825 0.04424697 -0.001729667 0.1625691 0.04417067 -0.001618146 0.1626393 0.04406183 -0.001494467 0.1627002 0.04367446 -0.001385927 0.1628123 0.04368448 -0.001406431 0.1628155 0.04380565 -0.001487851 0.1628133 0.04393512 -0.001595973 0.1627891 0.0440517 -0.00171864 0.1627393 0.04413545 -0.001832067 0.1626756 0.0442 -0.001950979 0.1625918 0.04374253 -0.001535594 0.1628252 0.04380291 -0.001688063 0.1628144 0.04002159 0.003690779 0.1709203 0.04002773 0.003650367 0.1710119 0.0400421 0.003590345 0.1712614 0.0400536 0.003595948 0.1715182 0.04005718 0.003615856 0.1716164 0.04006469 0.003752112 0.1719223 0.03927057 0.00354743 0.1716101 0.03841006 0.003537476 0.1717944 0.03862768 0.003500521 0.1708173 0.03931725 0.003624141 0.1709149 0.0393027 0.00352329 0.1712563 0.03850066 0.003412663 0.1715012 0.03854948 0.003387272 0.1713003 0.03857892 0.00339514 0.1711541 0.03862118 0.003472328 0.1708765 0.04008579 -0.002353191 0.1629033 0.03818178 -0.002296864 0.1632898 0.04008865 -0.002639651 0.162633 0.03790575 -0.002521634 0.1631259 0.03663325 -0.001889765 0.1641061 0.03605777 -0.00189501 0.1642631 0.03535103 -0.00108546 0.1654332 0.03484815 -8.6318e-4 0.1658707 0.03475177 -1.58742e-4 0.1668357 0.0344721 3.97012e-4 0.1677002 0.03476929 0.000999987 0.1684991 0.03486979 0.001511394 0.1692471 0.03542351 0.002002835 0.1698755 0.03592365 0.002525269 0.1705932 0.03674882 0.002915084 0.1710578 0.03749263 0.003282964 0.171524 0.03637677 -8.05132e-4 0.1646918 0.03699409 -0.001115024 0.1641293 0.0376392 -0.001324892 0.1637067 0.03715837 0.002978265 0.1703098 0.03698903 0.002858281 0.1706957 0.0353806 3.66412e-4 0.1665911 0.03531616 8.55587e-4 0.1673331 0.03541743 0.001352787 0.1680672 0.03600096 0.002203643 0.1692779 0.03576201 0.002023935 0.169598 0.03515255 0.001108229 0.1683161 0.03505277 5.74566e-4 0.167542 0.03512942 5.06118e-5 0.1667619 0.0355727 -4.56497e-5 0.1659474 0.03534048 -3.89755e-4 0.1660877 0.03588575 -4.25629e-4 0.1653339 0.03567886 -7.94955e-4 0.1654469 0.03620493 -0.001198649 0.164779 0.03686243 -0.001527488 0.1641966 0.03754597 -0.001749455 0.1637614 0.0383507 -0.001462996 0.1633743 0.03917878 -0.001527369 0.1631252 0.04003494 -0.00150156 0.1630033 0.03829741 -0.001895368 0.1634215 0.03916889 -0.001963198 0.1631698 0.04006677 -0.001938343 0.1630493 -0.04031682 -0.09567224 0.06886219 -0.04208678 -0.09452599 0.06882238 -0.04215866 -0.09493118 0.06867069 -0.04196637 -0.0941056 0.06878864 -0.04012441 -0.09458082 0.06921654 -0.04030489 -0.09540939 0.06910127 -0.04030168 -0.09537923 0.06911987 -0.0402376 -0.09500306 0.06925201 -0.03571593 -0.09504103 0.0715543 -0.03699558 -0.09557825 0.07052892 -0.03631711 -0.09543299 0.07095992 -0.03492641 -0.09406238 0.07263767 -0.03507322 -0.09431755 0.07238996 -0.03454184 -0.09266155 0.07374101 -0.0346269 -0.09266132 0.07371598 -0.03474169 -0.09080284 0.07477939 -0.03497314 -0.09082907 0.07468348 -0.03790009 -0.09587371 0.06982564 -0.03858423 -0.09570109 0.06965529 -0.04002469 -0.09573775 0.06893616 -0.03936553 -0.09476876 0.06944614 -0.03861826 -0.0948764 0.06976258 -0.03726089 -0.09479081 0.07057893 -0.03622287 -0.09431791 0.07149565 -0.03525346 -0.0923264 0.0732823 -0.03555017 -0.09351211 0.07239955 -0.03548997 -0.09070187 0.07406455 -0.03529608 -0.09152472 0.0737183 -0.03943461 -0.0951879 0.06947702 -0.03863906 -0.09530091 0.06979048 -0.03717595 -0.0952053 0.07062828 -0.03604322 -0.09468936 0.07160156 -0.03530967 -0.09381097 0.0725845 -0.03499954 -0.09252887 0.07355803 -0.03506058 -0.09167301 0.07404071 -0.03529495 -0.09080523 0.07441872 -0.03582793 -0.0898745 0.07435566 -0.03567105 -0.08995288 0.07473444 -0.03538686 -0.0899375 0.0750398 -0.03564995 -0.0889784 0.07553321 -0.03594219 -0.08911108 0.07532262 -0.03618031 -0.08915835 0.07498311 -0.03629499 -0.08909678 0.07458651 -0.03838485 -0.08726012 0.07494008 -0.03686434 -0.08841693 0.07480686 -0.0363205 -0.08819216 0.07579702 -0.03816574 -0.08685505 0.07609421 -0.03817564 -0.0869584 0.07602959 -0.03922307 -0.0867328 0.07582658 -0.03758054 -0.0877794 0.07491338 -0.03839439 -0.08730113 0.07518053 -0.03756743 -0.08781695 0.07515418 -0.03837531 -0.08728808 0.07543128 -0.03751713 -0.08780533 0.07540065 -0.03832834 -0.08721959 0.07566905 -0.03743255 -0.08774334 0.07562959 -0.03825891 -0.08710449 0.07587277 -0.03732275 -0.08763879 0.07582104 -0.04020655 -0.08618628 0.07597416 -0.04021483 -0.08651411 0.07568925 -0.03925144 -0.08685314 0.07561612 -0.0402013 -0.08663737 0.07547384 -0.03926146 -0.0869233 0.07537442 -0.04017525 -0.08670449 0.07523542 -0.03925108 -0.08693408 0.07512301 -0.04013741 -0.08671051 0.07498371 -0.0392223 -0.08688735 0.07488518 -0.040093 -0.08665686 0.07475095 -0.0368269 -0.0884543 0.07504516 -0.03647881 -0.08830845 0.07567268 -0.03662496 -0.0883975 0.07549864 -0.03674525 -0.08844834 0.07528334 -0.03630185 -0.08821111 0.07579118 -0.0431872 -0.08568775 0.07550019 -0.04319643 -0.08602041 0.07521247 -0.04317843 -0.08615815 0.07496118 -0.04315418 -0.0862112 0.07475906 -0.04312181 -0.08622127 0.07455301 -0.04306614 -0.08616453 0.07427555 -0.04007989 -0.002908647 0.1628865 -0.04199898 -0.002502918 0.1630475 -0.04195106 -0.001655459 0.1631429 -0.0419811 -0.00208956 0.1631903 -0.04007703 -0.002620995 0.1631538 -0.04005998 -0.002207458 0.1632965 -0.04003143 -0.001773238 0.1632491 -0.03538107 0.001063466 0.1681078 -0.03876596 -0.002202033 0.1635051 -0.03657126 -0.0011518 0.1647018 -0.04006016 0.003573358 0.1721155 -0.04004997 0.003410398 0.171709 -0.03816509 0.003239691 0.1718167 -0.03788352 0.003230214 0.171844 -0.03648895 0.002597272 0.1710593 -0.03611844 0.002478659 0.1709418 -0.03539174 0.001782476 0.1700022 -0.03489923 0.00138545 0.1695108 -0.03473669 6.95139e-4 0.1685231 -0.03445774 1.17987e-4 0.1677759 -0.03477948 -4.40128e-4 0.1669155 -0.03487432 -0.001129806 0.1659957 -0.03553342 -0.001468718 0.1653838 -0.03609424 -0.002152979 0.1644419 -0.0379278 -0.002779722 0.1633511 -0.0368908 -0.002225935 0.1641526 -0.03879845 -0.001769959 0.1634581 -0.03797352 -0.001652061 0.1637623 -0.03721952 -0.001442015 0.1641842 -0.03789705 -0.002077937 0.1638153 -0.03868597 -0.002608597 0.1633703 -0.03709995 -0.001856029 0.1642491 -0.03641182 -0.001548886 0.1647844 -0.03539866 9.31472e-5 0.1666789 -0.03564471 -3.70167e-4 0.1659694 -0.03603982 -7.90007e-4 0.1653037 -0.03584486 -0.001164913 0.1654099 -0.03542006 -7.18407e-4 0.1661043 -0.03515189 -2.24404e-4 0.1668469 -0.035052 2.89127e-4 0.1675987 -0.03531152 5.73672e-4 0.1673948 -0.03560179 0.001538038 0.1687833 -0.03596746 0.001989603 0.1694113 -0.03692865 0.002683103 0.1703361 -0.04002743 0.003452301 0.1712228 -0.0400238 0.003476977 0.1711589 -0.03838407 0.003234386 0.1709946 -0.04004788 0.003402531 0.1716487 -0.03829634 0.003144741 0.1714121 -0.03674668 0.002554059 0.1707105 -0.03572958 0.001808226 0.1697281 -0.03511846 8.1379e-4 0.1683497 -0.04298228 0.003537893 0.1715316 -0.04299485 0.003704488 0.1719817 -0.04296088 0.003581345 0.1711082 0.004532933 0.0115469 0.1860602 -0.01144284 0.011545 0.1860123 -0.003679037 0.009729504 0.1830078 -0.01142734 0.009633779 0.1827865 -0.02785938 0.01117932 0.185095 -0.02637517 0.009001851 0.1813805 -0.04307365 0.01053643 0.1834363 -0.04120784 0.007730424 0.1784854 0.004979908 0.009655416 0.1828668 0.01359117 0.009386062 0.1823047 0.005212008 0.01153934 0.186044 0.01412671 0.01137948 0.1856912 0.01581293 0.009283304 0.182087 0.01643645 0.01132041 0.1855569 0.02361142 0.008807897 0.1810656 0.02037745 0.01120311 0.1852865 0.03124725 0.008157849 0.1796368 0.03540343 0.01057624 0.1837716 0.03862631 0.007345139 0.1777988 0.02153879 0.005154848 0.1755736 0.02936697 0.004530251 0.1741318 0.03109169 0.004363954 0.1737446 -6.65829e-4 0.005919158 0.1773033 0.01122224 0.005680084 0.176771 -0.01219058 0.005810499 0.177031 -0.02301019 0.005396664 0.1760476 -0.02505749 0.005281627 0.1757747 -0.03320133 0.004697442 0.1743836 0.02500158 0.03263324 0.2089826 0.03101468 0.03195208 0.2083227 0.03389084 0.03099066 0.2075537 0.03653597 0.02968078 0.2064862 0.04039216 0.02675169 0.2039201 0.04203397 0.02484786 0.2021163 0.04323869 0.02284801 0.2000854 0.04397362 0.02082479 0.1978703 0.02500313 0.03246331 0.2090219 0.0250042 0.03229022 0.2090005 0.03092956 0.0315743 0.2083845 0.02500492 0.03214305 0.208927 0.03054368 0.03149807 0.2083761 0.03087246 0.0314148 0.2083091 0.033764 0.03062582 0.2076207 0.03367948 0.03047657 0.2075502 0.03636366 0.02934223 0.2065625 0.0362541 0.02920663 0.2064989 0.02500265 0.03251057 0.2090172 0.03098136 0.03176754 0.2083922 0.03384089 0.03081053 0.2076249 0.03646332 0.0295158 0.2065612 0.04030501 0.02659016 0.2039995 0.04193753 0.02469438 0.2022007 0.04313558 0.02270263 0.2001757 0.04386603 0.02068728 0.1979677 0.0401721 0.02644151 0.2040147 0.04179054 0.02456104 0.2022265 0.04297786 0.02258545 0.2002145 0.04370224 0.02058565 0.1980214 0.03677088 0.02889525 0.2062355 0.03874331 0.02748894 0.2050134 0.04002642 0.02633601 0.2039691 0.04246503 0.02317374 0.200883 0.04280561 0.02251875 0.2001988 -0.02500492 0.03214305 0.208927 -0.0305435 0.03149813 0.2083762 2.01538e-6 0.02608525 0.2041717 -0.03092521 0.03140097 0.2082979 -0.03623843 0.02921581 0.2065066 2.01538e-6 0.01935052 0.1972267 2.01538e-6 0.01359355 0.1894519 -0.03677076 0.02889537 0.2062356 -0.03874337 0.02748888 0.2050133 -0.04003822 0.02632427 0.2039582 -0.04246503 0.02317374 0.200883 -0.04283243 0.02246242 0.2001393 0.03585427 -0.04317975 0.1140841 -0.02223861 -0.009755909 0.1558096 -0.03281885 -0.06284767 0.09592622 -0.0332989 -0.04385888 0.1147551 -0.02203607 -0.02679067 0.1353294 0.02266657 -0.009541451 0.1556386 0.02356845 -0.02644819 0.1350251 0.03948998 -0.06154805 0.09449982 0.02447199 -0.04443585 0.1153246 0.02734863 -0.06324017 0.09635818 0.01295155 -0.04524183 0.1161203 0.0150119 -0.06433367 0.09755885 0.001352906 -0.04558843 0.1164625 0.002734959 -0.06481724 0.09808933 -0.01026237 -0.04547184 0.1163474 -0.009604334 -0.06470435 0.09796482 -0.02183336 -0.0448932 0.1157761 -0.02113986 -0.06405353 0.09725052 7.91565e-4 -0.02734768 0.1358237 2.30283e-4 -0.01015681 0.156129 -0.04060161 -0.07171458 0.08564829 -0.03322684 -0.07352221 0.08640837 -0.02214843 -0.07471472 0.0879184 3.49976e-4 -0.07560867 0.08905035 0.01162421 -0.07530397 0.08866453 0.02281802 -0.0744996 0.08764612 0.03385901 -0.07320117 0.0860024 0.02891224 -0.07613307 0.08500599 0.01893454 -0.0812118 0.08322823 0.01581227 -0.08262383 0.08267712 -0.003313124 -0.08692657 0.08077663 0.001396775 -0.086829 0.08085572 0.006344199 -0.08595651 0.08126574 0.01198989 -0.08417427 0.08204138 -0.01093178 -0.07541191 0.08880126 -0.02114588 -0.08175867 0.08270078 -0.01435577 -0.08450436 0.08169794 -0.01344901 -0.08481574 0.08157944 -0.008272409 -0.08624672 0.08102768 -0.03224951 -0.07627815 0.08444952 0.02760022 -0.08578044 0.07875639 0.02845013 -0.08968436 0.07648599 0.01208406 -0.09299951 0.07664948 0.01329028 -0.09280997 0.07666254 0.01739668 -0.09092336 0.07730251 0.01761066 -0.09204536 0.07668477 0.02445662 -0.09061408 0.07660955 0.003580093 -0.09395676 0.07651996 0.004938066 -0.09385472 0.07654148 0.00914824 -0.09341061 0.07660901 -0.004635751 -0.09409093 0.07642394 -0.003485858 -0.09412288 0.0764333 -0.02130866 -0.09058934 0.07705801 -0.01554512 -0.0930584 0.07634758 -0.0155285 -0.09293103 0.07641643 -0.01477187 -0.09316885 0.07635569 -0.01414251 -0.09325516 0.07636171 -0.007648468 -0.09393179 0.07640385 -0.02693033 -0.087888 0.07774323 -0.02565479 -0.09124726 0.07611292 -0.02156108 -0.09205257 0.0762425 -0.04197126 -0.07946568 0.07945781 0.0104469 -0.09323805 0.0766282 0.03803151 -0.09993857 0.06204015 0.02575904 -0.1037815 0.06204015 0.03457874 -0.09086513 0.07477939 0.02342039 -0.09435909 0.07477939 -0.03410387 -0.09104436 0.07477939 -0.03674095 -0.09808456 0.06743937 -0.02470046 -0.101786 0.06743937 -0.03750944 -0.1001358 0.06204015 -0.02383869 -0.09823542 0.07197815 -0.02292752 -0.09448009 0.07477939 -0.01187336 -0.1003867 0.07197815 -0.01141935 -0.09654921 0.07477939 2.63829e-4 -0.1010861 0.07197815 2.53741e-4 -0.09722185 0.07477939 0.01239717 -0.1003234 0.07197815 0.01192325 -0.09648829 0.07477939 0.02435117 -0.09810966 0.07197815 0.0372526 -0.09789144 0.06743937 0.02523142 -0.1016556 0.06743937 0.01311379 -0.1061233 0.06204015 -0.01255977 -0.1061903 0.06204015 2.7908e-4 -0.1069301 0.06204015 -0.02521687 -0.1039144 0.06204015 -0.01230239 -0.1040151 0.06743937 2.73362e-4 -0.1047397 0.06743937 0.01284515 -0.1039494 0.06743937 -0.04300493 0.02252858 0.2001545 -0.03651207 0.02969938 0.2064957 -0.04040426 0.02673977 0.203909 -0.04205894 0.02481365 0.2020827 -0.04326611 0.02279067 0.2000248 -0.03117829 0.0317735 0.2083406 -0.02807557 0.03251779 0.2087787 -0.02500164 0.03263324 0.2089826 -0.04181504 0.02452731 0.2021932 -0.04018408 0.02642959 0.2040038 -0.03634756 0.02935153 0.2065703 -0.04316282 0.02264547 0.2001153 -0.04196244 0.02466017 0.2021671 -0.04031705 0.02657818 0.2039886 -0.03644716 0.02952516 0.2065691 -0.03103506 0.03175354 0.2083809 -0.03098285 0.03156048 0.2083733 -0.02805948 0.03233069 0.2088474 -0.02803367 0.03213238 0.2088374 -0.0250042 0.03229022 0.2090005 -0.02500319 0.03246331 0.2090219 0.01650661 -0.09558093 0.07490515 -0.04793381 -0.09312802 0.06743937 -0.04626172 -0.08987951 0.07197815 -0.1021163 0.03321951 0.05945408 -0.1073231 0.006034553 0.05784237 -0.1073242 0.006011188 0.05785131 -0.1067526 0.006165862 0.06204015 -0.1026821 -0.02066063 0.06743937 -0.1044804 -0.007370889 0.06743937 -0.1060256 -0.01366657 0.06215232 -0.1068019 -0.007250607 0.06153059 -0.1066654 -0.007525146 0.06204015 -0.1073104 -5.52088e-4 0.06003826 -0.1073343 3.5882e-5 0.05987006 -0.1050896 0.01975584 0.06204015 -0.1072903 0.006679296 0.05757755 -0.1030605 0.02837222 0.06218481 -0.1031985 0.02383571 0.06510347 -0.1026067 0.02022904 0.06770402 -0.09907984 0.01402723 0.07285928 -0.101202 0.01680672 0.07042962 -0.1045657 0.0060395 0.06743937 -0.101512 0.0173797 0.06995403 -0.102937 0.01935118 0.06743937 -0.08439177 -0.05564624 0.07197815 -0.08733886 -0.04270923 0.07477939 -0.09081035 -0.04440683 0.07197815 -0.09208017 -0.03119915 0.07477939 -0.09574013 -0.03243935 0.07197815 -0.09531193 -0.01917773 0.07477939 -0.09910035 -0.01993995 0.07197815 -0.09698116 -0.006841838 0.07477939 -0.1008359 -0.007113814 0.07197815 -0.09706044 0.005606055 0.07477939 -0.1009183 0.005828917 0.07197815 -0.07349991 -0.06994897 0.07161873 -0.07417523 -0.06400114 0.07434195 -0.0765897 -0.06597346 0.07197815 -0.0743792 -0.06260901 0.07477939 -0.08116567 -0.05351895 0.07477939 -0.05297511 -0.08243495 0.07433009 -0.0573672 -0.08323156 0.07197815 -0.04893624 -0.09507554 0.06204015 -0.06068354 -0.08804327 0.06204015 -0.07143616 -0.07956761 0.06204015 -0.08101749 -0.0697875 0.06204015 -0.09606021 -0.046974 0.06204015 -0.08927059 -0.05886322 0.06204015 -0.101275 -0.03431463 0.06204015 -0.1037883 -0.02674508 0.060871 -0.1026965 -0.03130245 0.05965363 -0.1016235 -0.03497058 0.05835425 -0.1041697 -0.02491325 0.0612443 -0.1048295 -0.02109283 0.06204015 -0.1053894 -0.01801353 0.06209164 -0.05944061 -0.08623981 0.06743937 -0.06997281 -0.07793772 0.06743937 -0.07935792 -0.06835794 0.06743937 -0.08744198 -0.05765742 0.06743937 -0.09409254 -0.04601168 0.06743937 -0.09920048 -0.03361171 0.06743937 -0.067532 -0.07521909 0.07197815 -0.06051939 -0.07822728 0.07373112 -0.06712204 -0.07414066 0.07290506 -0.09647846 0.01200246 0.07477939 -0.101244 -0.03668355 0.03395259 -0.1003864 -0.03875553 0.03548473 -0.101442 -0.03791081 0.03665632 -0.1037481 -0.03589826 0.03629887 -0.1045271 -0.03410941 0.03530561 -0.1031832 -0.03411251 0.03431755 -0.103875 -0.03574645 0.05377489 -0.1054024 -0.03593611 0.05324602 -0.1048724 -0.03688603 0.05249625 -0.1029938 -0.03413987 0.03412133 -0.1019694 -0.03453886 0.03252565 -0.0995267 -0.04076111 0.05218982 -0.1007753 -0.0378257 0.0552839 -0.1014081 -0.03641408 0.05601269 -0.09873706 -0.04255199 0.04816663 -0.09859186 -0.04287672 0.04367142 -0.09915482 -0.04160994 0.0392754 -0.09971117 -0.04033601 0.0372141 -0.1032894 -0.03678017 0.0530526 -0.1045132 -0.0375095 0.05189025 -0.1020868 -0.03899461 0.05054128 -0.1034736 -0.03923135 0.04940325 -0.1033586 -0.03941482 0.0490064 -0.1013424 -0.04030692 0.04741531 -0.1030316 -0.03992998 0.04751366 -0.1028284 -0.04024529 0.04467785 -0.1030571 -0.03989022 0.04233747 -0.1017346 -0.03962039 0.0406093 -0.1012071 -0.04054152 0.04398864 -0.1062072 -0.03441649 0.03588074 -0.1053251 -0.0360772 0.03685379 -0.1043614 -0.03776824 0.03839457 -0.103358 -0.03941583 0.04099607 -0.1029116 -0.03749001 0.03758549 -0.1022906 -0.03610134 0.03528136 -0.1002336 -0.04038274 0.04000413 -0.0996856 -0.04147136 0.04384315 -0.09982663 -0.04119277 0.04775893 -0.1005971 -0.03965038 0.05128377 -0.1018261 -0.03710031 0.05403095 -0.102456 -0.03590482 0.05474162 -0.1050297 -0.02798724 0.03189992 -0.1039914 -0.02819657 0.03027743 -0.1082847 -0.02837759 0.03355848 -0.1065829 -0.02806216 0.03305602 -0.1056486 -0.02155512 0.02892774 -0.1067013 -0.02152585 0.03055423 -0.1082756 -0.0216813 0.03167319 -0.11 -0.0219714 0.03210932 -0.1086227 8.4307e-4 0.03323912 -0.1088542 0.004647076 0.03521955 -0.1078832 0.00514096 0.03400588 -0.1056625 -0.02145093 0.02889239 -0.1062054 -0.01736176 0.02783346 -0.1067193 -0.01311796 0.02733427 -0.11 -0.0178669 0.03165125 -0.11 -0.01381677 0.03157436 -0.1084503 -0.01356494 0.03068953 -0.11 -0.01107013 0.03173279 -0.1085911 -0.006283402 0.03128147 -0.11 0.004358828 0.03599995 -0.11 0.002854049 0.0353055 -0.11 -0.003566563 0.03305566 -0.1069764 -0.017434 0.02960968 -0.1067076 -0.02142387 0.03052377 -0.1082772 -0.02157938 0.03164947 -0.1072536 -0.01331305 0.02918648 -0.1083548 -0.01761853 0.03095901 -0.11 -0.02186769 0.0320928 -0.1077046 0.001407921 0.03162896 -0.1076989 -0.002749979 0.03031045 -0.1086205 -0.003226995 0.03194671 -0.1076247 -0.005874454 0.02965235 -0.11 -0.007584929 0.03218197 -0.1076787 0.01155591 0.04439967 -0.1087509 0.01058965 0.04445791 -0.1087635 0.01012063 0.0482397 -0.11 0.00802648 0.03903532 -0.11 0.009190559 0.04105871 -0.1087768 0.009610176 0.0404095 -0.1071485 0.01040446 0.03717297 -0.1070427 0.01160609 0.03932482 -0.106964 0.01242899 0.04177242 -0.1069843 0.01222223 0.04900503 -0.1069282 0.01278728 0.04432994 -0.1071674 0.01017636 0.0531494 -0.1074686 0.006642401 0.05617648 -0.11 0.00842905 0.0503804 -0.1088055 0.008427083 0.05159235 -0.11 0.00954014 0.04799753 -0.11 0.009968161 0.04579693 -0.11 0.009987354 0.0444982 -0.11 0.007931709 0.05108994 -0.11 0.005264878 0.05350178 -0.1089181 0.005579352 0.05417138 -0.11 0.006876528 0.03773957 -0.1088297 0.007311344 0.03713452 -0.1078758 0.007984638 0.03628396 -0.107744 0.01049089 0.03991526 -0.1077107 0.01104635 0.04858785 -0.1078159 0.009201943 0.05230414 -0.1080381 0.00605309 0.05509233 -0.1072709 0.008826494 0.03527933 -0.100424 0.03787553 0.05823737 -0.09928178 0.04098159 0.0568217 -0.09678846 0.04655528 0.05506098 -0.09393054 0.05206263 0.0536828 -0.09058302 0.05766338 0.05263537 -0.08686965 0.06308495 0.05195266 -0.0827654 0.06833994 0.05159723 -0.07833397 0.07333052 0.0515387 -0.07787412 0.07290339 0.05253279 -0.08227723 0.06799447 0.0526095 -0.08635479 0.06282693 0.05297756 -0.09004354 0.05749672 0.05366659 -0.0933687 0.05199152 0.05471301 -0.09620761 0.04657828 0.05608278 -0.09868454 0.0410996 0.05782741 -0.09980547 0.03799593 0.05911439 -0.07717114 0.07224756 0.05320936 -0.08153265 0.06742006 0.05331498 -0.08557087 0.06234043 0.0537061 -0.08922356 0.05710315 0.05441141 -0.09251588 0.05169516 0.05546593 -0.09532678 0.04637849 0.05683535 -0.09777963 0.0409969 0.0585708 -0.09893965 0.03792983 0.05975657 -0.07639527 0.07152217 0.05346149 -0.08071184 0.06675899 0.05359971 -0.08470767 0.06174975 0.05401885 -0.08832132 0.05658733 0.05474561 -0.09157824 0.05125838 0.05581492 -0.09435892 0.04601991 0.05719089 -0.09678578 0.04071742 0.05892539 -0.09800171 0.03770548 0.06007087 -0.07744032 0.07442378 0.05129563 -0.07646089 0.07552337 0.0512377 -0.07556122 0.07609581 0.05245351 -0.07470268 0.07710194 0.05282688 -0.07589137 0.07255041 0.0534904 -0.07716405 0.07397484 0.0523464 -0.07638925 0.07504463 0.05230891 -0.07659888 0.07329565 0.05312204 -0.07599258 0.07433027 0.05315423 -0.07536274 0.07533442 0.05332714 -0.07538646 0.07355225 0.05362212 -0.07491594 0.07446336 0.05385071 -0.07442307 0.07539844 0.05423307 -0.07466995 0.07602965 0.05386072 -0.07472771 0.0762822 0.05366921 -0.07476282 0.07665455 0.05333483 -0.07354843 0.07919991 0.05539387 -0.07353228 0.07929795 0.05559778 -0.07349997 0.07973706 0.05561876 -0.0737093 0.0786361 0.05422842 -0.07425802 0.07774364 0.05030745 -0.07414019 0.07788461 0.05269712 -0.07374036 0.07856035 0.05030745 -0.0739966 0.07808387 0.05310076 -0.07349997 0.07973706 0.05030745 -0.07354998 0.0791915 0.05030745 -0.07372558 0.07859569 0.05414521 -0.07380878 0.07841134 0.0537678 -0.0732994 0.07874441 0.04071319 -0.07364314 0.0783168 0.04060554 -0.07379448 0.07828956 0.04548317 -0.07342994 0.07937401 0.04666411 -0.07325929 0.07922703 0.04346323 -0.07353967 0.07878428 0.04553705 -0.07285112 0.07905215 0.03587555 -0.0725665 0.07942146 0.03645169 -0.07412302 0.07786613 0.04542881 -0.07310515 0.07921212 0.04147315 -0.05960136 0.09023225 0.04922157 -0.0713784 0.08085972 0.03799438 -0.07062685 0.08553999 0.05257099 -0.07051867 0.08734089 0.05630922 -0.06839162 0.08626723 0.05158519 -0.07097762 0.08258771 0.04479146 -0.06507259 0.0863747 0.04533565 -0.04749339 0.1067292 0.07794922 -0.0394032 0.1096864 0.08066767 -0.0451318 0.1037214 0.07283234 -0.03851634 0.1063196 0.07542026 -0.03604918 0.1039296 0.06923407 -0.05143499 0.1007813 0.06996959 -0.06030744 0.09579032 0.06524848 -0.05552381 0.1030513 0.07464057 -0.06315833 0.09874993 0.07084345 -0.07049995 0.08734953 0.05631023 -0.07049995 0.08779913 0.05718064 -0.06646758 0.09166282 0.06145054 -0.07045072 0.09184563 0.06385082 -0.07047945 0.09374111 0.06648069 -0.02963006 0.1038506 0.06334382 -0.03382509 0.1026946 0.06262999 -0.03118103 0.1047313 0.06865537 -0.03183692 0.1052854 0.07070213 -0.0568515 0.09423732 0.0592724 -0.04833966 0.09884953 0.06390708 -0.05382072 0.09379053 0.05289286 -0.04559046 0.09804904 0.05743491 -0.06279295 0.09040576 0.05553585 -0.0360139 0.1107266 0.08163911 -0.03398746 0.1077121 0.07674384 -0.03262895 0.1060767 0.07303923 -0.04232752 0.1015524 0.0667088 -0.03981733 0.1005277 0.0601716 -0.0194751 0.1057044 0.05811274 -0.01065373 0.1069267 0.05862385 -0.008664429 0.1078468 0.05394804 -0.008405387 0.1081045 0.01999998 -0.009539783 0.1072728 0.01999998 -0.007669866 0.1093763 0.04736912 -0.007499933 0.1104536 0.04420912 -0.007499933 0.1104536 0.01999998 -0.008089303 0.1085098 0.05063045 -0.007690072 0.1093158 0.01999998 -0.009332895 0.107376 0.05730146 -0.009539783 0.1072728 0.05730146 0.008405387 0.1081045 0.01999998 -0.02309685 -0.009567081 0.01999998 -0.0176776 -0.0176776 0.01999998 -0.009567081 -0.02309685 0.01999998 0 -0.02499985 0.01999998 0.009567081 -0.02309685 0.01999998 0.0176776 -0.0176776 0.01999998 0.02309685 -0.009567081 0.01999998 0.02499985 0 0.01999998 0.02309685 0.009567081 0.01999998 0.0176776 0.0176776 0.01999998 0.009567081 0.02309685 0.01999998 0.009539783 0.1072728 0.01999998 0 0.02499985 0.01999998 -0.009567081 0.02309685 0.01999998 -0.02499997 0 0.01999998 -0.02309685 0.009567081 0.01999998 -0.0176776 0.0176776 0.01999998 -0.006660342 0.1229978 0.01999998 -0.005619049 0.1236997 0.01999998 -0.007323086 0.121931 0.01999998 -0.004611492 0.1239142 0.01999998 -0.007499933 0.1209163 0.01999998 0.007499933 0.1209163 0.01999998 0.007499933 0.1104536 0.01999998 0.007690072 0.1093158 0.01999998 0.006660342 0.1229978 0.01999998 0.007323086 0.121931 0.01999998 0.005619049 0.1236997 0.01999998 0.004611492 0.1239142 0.01999998 0.008665382 0.1078459 0.05394846 0.009335219 0.1073749 0.05730146 0.009539783 0.1072728 0.05730146 0.007669985 0.109376 0.04736924 0.007499933 0.1104536 0.04420894 0.008089661 0.1085093 0.0506308 0.01959306 0.1056824 0.0581184 0.01065367 0.1069263 0.05863034 0.03276789 0.1059235 0.07281506 0.03416925 0.1075949 0.07665622 0.04074066 0.1054363 0.07458895 0.06296771 0.08791047 0.0470758 0.04155015 0.09981769 0.05947715 0.05235838 0.09460538 0.0539 0.05530846 0.09511423 0.06027179 0.06090474 0.09164881 0.05689561 0.06451004 0.08916246 0.05451869 0.06474912 0.08783853 0.050879 0.06515085 0.08609962 0.04429525 0.06548643 0.08526891 0.03810322 0.0598706 0.1007447 0.07278883 0.06330704 0.09868794 0.07099515 0.06379091 0.09427994 0.06467533 0.05866771 0.09672278 0.06624603 0.04696226 0.1028508 0.07205599 0.0519638 0.1048285 0.07639044 0.04358464 0.1082974 0.07950866 0.03626322 0.1107043 0.08171504 0.04410153 0.1007696 0.06596928 0.02901959 0.1036212 0.06013226 0.03003996 0.1038553 0.06402152 0.03098112 0.1043626 0.06728452 0.03818541 0.1031408 0.06844371 0.03203415 0.105198 0.07063841 0.06430506 0.09045338 0.0575276 0.06647396 0.08470433 0.04310256 0.06692308 0.08470201 0.04718875 0.06743681 0.08387607 0.04696244 0.06632763 0.0847488 0.04196965 0.0681923 0.08325237 0.05209589 0.06765633 0.08410912 0.0522297 0.06731122 0.08503854 0.05234944 0.06748872 0.08573031 0.05742466 0.06764966 0.08474504 0.05739873 0.06794375 0.08393496 0.0573734 0.06856095 0.0829342 0.05733519 0.1070234 -0.00490576 0.06110095 0.1067209 -0.006692171 0.06204015 0.1063036 -0.01156246 0.06203985 0.06974959 0.07698893 0.06876873 0.07018876 0.07231152 0.07226157 0.07584577 0.06682741 0.07197815 0.04665297 -0.09377628 0.06743937 0.05848675 -0.08688944 0.06743937 0.1045348 -0.00655514 0.06743937 0.1027866 -0.02013498 0.06743937 0.1053894 -0.01801353 0.06209164 0.1013579 -0.03406864 0.06204015 0.1016235 -0.03497058 0.05835425 0.1032979 -0.0289092 0.06034553 0.1037881 -0.02674543 0.06087076 0.1046785 -0.02224373 0.06167531 0.104936 -0.02055609 0.06204015 0.08062261 -0.07024329 0.06204015 0.08909654 -0.05912625 0.06204015 0.09604793 -0.04699897 0.06204015 0.07077097 -0.08015978 0.06204015 0.05970984 -0.08870655 0.06204015 0.04762858 -0.09573739 0.06204015 0.04849904 -0.08426141 0.07477939 0.05644667 -0.08385854 0.07197815 0.05228883 -0.08233153 0.07460308 0.06232863 -0.07652771 0.07387238 0.06690323 -0.0757789 0.07197815 0.06491965 -0.07237124 0.07477939 0.07621645 -0.06640434 0.07197815 0.07330286 -0.06386584 0.07477939 0.08422726 -0.05589497 0.07197815 0.08100742 -0.0537582 0.07477939 0.09079873 -0.04443049 0.07197815 0.08732771 -0.042732 0.07477939 0.09581863 -0.03220671 0.07197815 0.09215569 -0.03097558 0.07477939 0.09920108 -0.0194326 0.07197815 0.09540885 -0.01868981 0.07477939 0.1008884 -0.006326436 0.07197815 0.09703159 -0.006084561 0.07477939 0.1008515 0.006887674 0.07197815 0.09699624 0.00662446 0.07477939 0.09909141 0.01998436 0.07197815 0.09530335 0.01922041 0.07477939 0.09563791 0.03273946 0.07197815 0.09198188 0.03148788 0.07477939 0.09055012 0.04493492 0.07197815 0.08708858 0.0432173 0.07477939 0.08091294 0.05390042 0.07477939 0.08391493 0.05636268 0.07197815 0.08083605 0.05440402 0.07465726 0.07457828 0.06724822 0.07256788 0.07782334 0.06233984 0.07313925 0.07976621 0.05822736 0.07383215 0.06944739 0.08030176 0.06448221 0.06963831 0.07819902 0.06748723 0.07858711 0.06924277 0.06743937 0.06970494 0.0774731 0.0682829 0.06928271 0.08214408 0.05855852 0.06928485 0.08211964 0.05880779 0.07032388 0.08055233 0.06204015 0.08023053 0.07069081 0.06204015 0.08876615 0.05962121 0.06204015 0.09578496 0.04753267 0.06204015 0.1011669 0.03463202 0.06204015 0.10482 0.02113968 0.06204015 0.1073845 0.002004325 0.05926656 0.1073242 0.006011188 0.05785131 0.106682 0.007285892 0.06204015 0.1072385 -0.001947224 0.06041473 0.06941056 0.08071106 0.06368947 0.08694791 0.05839979 0.06743937 0.09382289 0.04655915 0.06743937 0.09909456 0.03392273 0.06743937 0.1026729 0.02070665 0.06743937 0.1044967 0.007136642 0.06743937 0.09928178 -0.03337079 0.06743937 0.0940805 -0.0460363 0.06743937 0.08727151 -0.05791521 0.06743937 0.07897114 -0.06880438 0.06743937 0.06932133 -0.07851779 0.06743937 0.108584 0.004750967 0.03495621 0.1078613 0.005157649 0.03396636 0.107856 0.008406043 0.03672301 0.1076787 0.01155591 0.04439967 0.1087509 0.01058965 0.04445791 0.1087726 0.00977081 0.04078042 0.11 0.008600592 0.05010175 0.11 0.009520232 0.04805994 0.1087661 0.01001811 0.04855877 0.1070882 0.01110458 0.05168819 0.1069962 0.01209855 0.04939931 0.1069394 0.01267516 0.04689627 0.1069282 0.01278728 0.04432994 0.1070246 0.01180011 0.03978335 0.1072367 0.009293675 0.03576773 0.11 0.007879555 0.03884255 0.1088216 0.007697463 0.0375306 0.11 0.00920701 0.04109734 0.11 0.009848177 0.04326426 0.11 0.009987354 0.0444982 0.11 0.007241368 0.0381034 0.11 0.004358828 0.03599995 0.1091398 0.004555106 0.03545886 0.11 0.007564008 0.05154097 0.1088142 0.008038699 0.05208253 0.1078376 0.008778333 0.05284798 0.1077175 0.01093477 0.04894143 0.1077337 0.01066571 0.04032617 0.11 0.005264878 0.05350178 0.1089181 0.005579352 0.05417138 0.1080381 0.00605309 0.05509233 0.1074686 0.006642401 0.05617648 0.107205 0.009706497 0.05375474 0.1083519 -0.01774621 0.03097444 0.1082755 -0.0216813 0.03167319 0.1067013 -0.0215258 0.03055423 0.11 -0.02088814 0.03195083 0.11 -0.0219714 0.03210932 0.1061882 -0.01749449 0.02785843 0.1067014 -0.01327818 0.02734291 0.1076564 -0.004805982 0.02984631 0.1077155 -6.51203e-4 0.03091073 0.1077108 7.83533e-4 0.0313974 0.1086252 2.31571e-4 0.03301399 0.11 -0.01799494 0.03165984 0.11 -0.01396852 0.03157073 0.1086272 -0.001173079 0.03253901 0.1074956 -0.009039759 0.0292654 0.1086035 -0.005238354 0.03148055 0.11 -0.001530647 0.03365033 0.11 -1.37091e-4 0.03411942 0.11 -0.005957365 0.03248906 0.11 -0.01005309 0.03183495 0.1085408 -0.009379565 0.03086113 0.1084467 -0.01371747 0.03069198 0.1069674 -0.0175631 0.02963113 0.1056486 -0.02155512 0.02892774 0.1072437 -0.0134685 0.02919352 0.1039914 -0.02819657 0.03027743 0.1050297 -0.02798724 0.03189992 0.1065829 -0.02806216 0.03305602 0.1082847 -0.02837759 0.03355848 0.1019694 -0.03453886 0.03252565 0.1029938 -0.03413987 0.03412133 0.1045271 -0.03410941 0.03530561 0.1062071 -0.03441649 0.03588074 0.1057711 -0.03525233 0.03631722 0.1016998 -0.03554731 0.03335458 0.1001874 -0.03922539 0.0359348 0.09975123 -0.04024326 0.0370934 0.09887403 -0.04224437 0.04079818 0.09856128 -0.04294484 0.04502111 0.0988633 -0.04226863 0.04913038 0.09975719 -0.04022955 0.05292397 0.1041979 -0.03500998 0.03577589 0.1043136 -0.03784918 0.03848844 0.1027195 -0.03784579 0.03795415 0.1039984 -0.03837651 0.03916329 0.1023008 -0.03860962 0.03888875 0.1031042 -0.03981637 0.0420829 0.1014706 -0.0400837 0.04178917 0.1029444 -0.04006588 0.04308539 0.1011786 -0.04059076 0.04501605 0.1028251 -0.04025048 0.04501456 0.1029688 -0.04002791 0.04709959 0.1014605 -0.04010128 0.04815596 0.1039112 -0.03852063 0.05062985 0.1023065 -0.03859949 0.05112516 0.1040512 -0.03828889 0.0509575 0.1014081 -0.03641408 0.05601269 0.1015546 -0.0376746 0.05355763 0.102456 -0.03590482 0.05474162 0.103875 -0.03574645 0.05377489 0.1054024 -0.03593611 0.05324602 0.1005005 -0.03848427 0.05475509 0.100823 -0.03919059 0.05193156 0.09994941 -0.04094946 0.04860067 0.09965592 -0.04152989 0.04501849 0.09995985 -0.04092872 0.04133707 0.1008172 -0.03920239 0.03808379 0.1012459 -0.03831946 0.0370571 0.1027439 -0.03510355 0.03473788 0.05385625 0.001128256 0.1658148 0.05425083 0.005901694 0.1737666 0.0596897 0.009101033 0.1796932 0.06007725 0.004734516 0.170831 0.0604977 -1.6956e-4 0.1623654 0.04125487 0.1312747 0.1040531 -0.01462596 0.1315038 0.1038661 -0.01462596 0.1381725 0.1135274 -0.01462596 0.1474134 0.1587926 -0.07049995 0.146475 0.1586786 -0.07049995 0.1441573 0.1700316 -0.01462596 0.147886 0.1470628 -0.07049995 0.1469416 0.1471008 -0.01462596 0.1464711 0.1354091 -0.07049995 0.1455449 0.1355981 -0.01462596 0.143205 0.1241332 -0.07049995 0.1423211 0.1244684 0.0702064 0.1008304 0.08278411 0.06998372 0.1022735 0.08334988 0.09711575 0.1028739 0.08457744 -0.001289129 0.1240863 0.09598428 -0.01839423 0.1236781 0.09570586 -0.07049995 0.02307331 0.1998761 -0.01462596 0.04110062 0.2145898 0.08221304 0.05505955 0.08118647 0.08164876 0.05859404 0.08024036 0.09711575 0.05798149 0.08095335 0.07762098 0.06685316 0.07867342 0.07407426 0.07136678 0.07819455 0.09711575 0.06927776 0.07911753 0.09711575 0.07499998 0.07888692 0.0708692 0.07466673 0.07801115 0.09711575 0.08072221 0.07911753 0.07053369 0.07498246 0.0780009 0.07053059 0.07499998 0.07800084 0.07044512 0.07555574 0.0780006 0.07041603 0.07611179 0.0780062 0.07041603 0.08294236 0.07843703 0.09711575 0.06329518 0.07985681 0.08059436 0.06155157 0.07957571 0.08014279 0.06253528 0.07938033 0.08221608 0.0538755 0.08154076 0.09711575 0.0519095 0.08274 0.08167344 0.04966652 0.08296525 0.09711575 0.04712605 0.08457744 0.08032268 0.04570317 0.08455246 0.09711575 0.03699249 0.08989596 0.07490521 0.03795433 0.08841019 0.07803148 0.04169958 0.08641445 0.09711575 0.04115378 0.08745789 0.07045197 0.03349435 0.09116566 0.07055753 0.03416997 0.09069836 0.07070678 0.0342825 0.09062612 0.09711575 0.03132128 0.09388178 0.07041603 0.01995033 0.10359 0.07041603 0.02724999 0.09610861 0.07041603 0.0328142 0.09165018 0.09711575 0.0226804 0.1018364 0.09711575 0.01991546 0.1050249 0.07041603 0.01381093 0.1120495 0.09711575 0.01546651 0.1111048 0.09711575 0.01341426 0.1144434 0.07041603 0.008960962 0.1213087 0.09711575 0.009876549 0.1214342 0.09711575 0.008508086 0.1247829 0.07041603 0.005502641 0.1311725 0.09711575 0.006062984 0.1325427 0.09711575 0.004129827 0.1441275 0.07041603 0.003508985 0.1414332 0.07041603 0.004452705 0.1355977 0.09711575 0.004129827 0.1558724 0.06977283 0.003140687 0.1548135 0.09711575 0.003886938 0.15 0.07036447 0.002996206 0.1499629 0.07041603 0.003021419 0.148149 0.06718683 0.004265487 0.1639177 0.06812351 0.003818035 0.1612505 0.09711575 0.006062984 0.1674572 0.0690549 0.003412961 0.1580672 0.06968855 0.003169775 0.1552608 0.09711575 0.01546651 0.1888951 0.09711575 0.01075273 0.1804856 0.06170821 0.007578969 0.1759177 0.06177985 0.007528007 0.1757801 0.06303668 0.006670296 0.1733158 0.06359994 0.006305634 0.1721723 0.06398946 0.0060606 0.1713649 0.06534743 0.005250751 0.1684148 0.09711575 0.009876549 0.1785658 0.06610769 0.004827499 0.1666439 0.06613755 0.004811346 0.1665721 0.09711575 0.0226804 0.1981635 0.09711575 0.02371305 0.1992617 0.09711575 0.03132128 0.2061182 0.04125487 0.03135633 0.2080792 0.04125487 0.04123795 0.214328 -0.07049995 0.03174638 0.2075598 -0.07049995 0.04153978 0.2137528 -0.07049995 0.01574516 0.1909006 -0.07049995 0.009951531 0.1808658 -0.05380982 0.009937047 0.1817862 -0.06108146 0.009482681 0.1804469 -0.07049995 0.008861064 0.1784542 -0.07049995 0.1171036 0.09159374 -0.07049995 0.1227447 0.09610718 -0.06524837 0.1181983 0.09222173 -0.05036336 0.1207346 0.09376627 0.09711575 0.1221566 0.09677112 0.04760521 0.1210108 0.09392255 0.04125487 0.1231756 0.09562098 0.03193783 0.1227489 0.09506624 0.015679 0.1237683 0.09576219 0.09711575 0.108846 0.08745789 0.069637 0.1039313 0.08404207 0.09711575 0.1130075 0.08989596 0.06886172 0.1066468 0.08527737 0.06766271 0.1096934 0.0868209 0.06650817 0.1120295 0.08812522 0.06648623 0.1120711 0.08814948 0.06526374 0.1142768 0.08948802 0.06521719 0.114357 0.08953869 0.06450629 0.1155545 0.09031313 0.09711575 0.1186785 0.09388178 0.06262445 0.1185468 0.09240025 0.05766957 0.1194513 0.09294509 0.07041603 0.09762662 0.08164525 0.09711575 0.09809035 0.08274 0.07041603 0.0909062 0.07977652 0.09711575 0.09201842 0.08095335 0.09711575 0.08670479 0.07985681 -0.07049995 0.1373538 0.114 -0.07049995 0.1307715 0.1044639 -0.03482854 0.1225544 0.09494847 -0.01462596 0.0519005 0.2191912 -0.07049995 0.0521999 0.2182946 -0.01462596 0.06329876 0.2220005 -0.07049995 0.06345039 0.2210676 -0.01462596 0.07499998 0.2229452 -0.07049995 0.07499998 0.222 -0.01462596 0.08670121 0.2220005 -0.07049995 0.08654958 0.2210676 -0.01462596 0.09809941 0.2191912 -0.07049995 0.09780007 0.2182946 -0.01462596 0.1088994 0.2145898 -0.07049995 0.10846 0.2137528 -0.01462596 0.1188213 0.2083156 -0.07049995 0.1182534 0.2075598 -0.01462596 0.1276082 0.200531 -0.07049995 0.1269266 0.1998761 -0.01462596 0.1350328 0.1914376 -0.07049995 0.1342548 0.1909006 -0.01462596 0.1409024 0.1812711 -0.07049995 0.1400484 0.1808658 -0.01462596 0.1450653 0.1702946 0.04125487 0.1471198 0.1587569 0.04125487 0.1447812 0.1702123 0.04125487 0.1406353 0.1811442 0.04125487 0.1347894 0.1912696 0.04125487 0.127395 0.2003261 0.04125487 0.1186437 0.2080792 0.04125487 0.1087619 0.214328 0.04125487 0.09800577 0.2189108 0.04125487 0.08665376 0.2217088 0.04125487 0.07499998 0.2226495 0.04125487 0.06334614 0.2217088 0.04125487 0.0519942 0.2189108 0.09711575 0.1300845 0.1050249 0.09711575 0.1273195 0.1018364 0.04125487 0.1379163 0.1136752 0.09711575 0.1365857 0.1144434 0.09711575 0.1345334 0.1111048 0.04125487 0.1429285 0.1242381 0.09711575 0.1414918 0.1247829 0.09711575 0.1401234 0.1214342 0.04125487 0.1461814 0.1354682 0.09711575 0.1446759 0.1357755 0.09711575 0.143937 0.1325427 0.04125487 0.1475906 0.1470746 0.09711575 0.1460554 0.1471365 0.09711575 0.1458702 0.1441275 0.09711575 0.1458702 0.1558724 0.09711575 0.04115378 0.2125421 0.09711575 0.0519095 0.21726 0.09711575 0.06329518 0.2201431 0.09711575 0.07499998 0.221113 0.09711575 0.08670479 0.2201431 0.09711575 0.09809035 0.21726 0.09711575 0.108846 0.2125421 0.09711575 0.1186785 0.2061182 0.09711575 0.1273195 0.1981635 0.09711575 0.1345334 0.1888951 0.09711575 0.1401234 0.1785658 0.09711575 0.143937 0.1674572 0.09711575 0.1455945 0.1585717 0.04657006 -0.07514673 0.08056944 0.0464248 -0.07441043 0.08111613 0.04505777 -0.066931 0.08747476 0.06252521 -0.05710649 0.08836615 0.06250822 -0.0565254 0.08898663 0.05521112 -0.06104642 0.08838665 0.05660468 -0.05805492 0.09066528 0.06188565 -0.03636312 0.1120266 0.06097459 -0.01157724 0.1449928 0.06121498 -0.01768827 0.1363089 0.06145989 -0.02421122 0.1274628 0.0617724 -0.03301787 0.1161491 -0.05105435 0.007646203 0.1775733 -0.05812346 0.006579875 0.1749355 -0.05424743 0.00214684 0.168067 -0.06957983 -6.68898e-4 0.160362 -0.06324344 5.83053e-4 0.1639052 -0.07049995 0.002833843 0.1661419 -0.07050013 0.0040012 0.1683064 -0.06699502 -0.05589455 0.08828645 -0.05557322 -0.05882477 0.0915066 -0.05746895 -0.04146623 0.109512 -0.06860446 -0.05295294 0.09054541 -0.06869494 -0.05540025 0.08774572 -0.06795293 -0.03959518 0.1065864 -0.05739551 -0.02516436 0.1292421 -0.06816959 -0.007821321 0.1495826 -0.06743252 -0.0163536 0.1373412 -0.06739318 -0.02669322 0.1232218 -0.0573228 -0.009919226 0.1496931 -0.05486279 -0.06393545 0.08677196 -0.06873154 -0.05644863 0.08656424 -0.06876754 -0.0575065 0.08539038 -0.06775212 -0.05790674 0.08562147 -0.06196343 -0.06043016 0.08649361 -0.06777477 -0.0651043 0.07886528 -0.06882584 -0.05978918 0.08299577 -0.06882685 -0.05983191 0.08295285 -0.06897324 -0.06159377 0.0811792 -0.06920278 -0.06284093 0.07991081 -0.06928867 -0.06319957 0.07954341 -0.05168819 -0.07357525 0.08019018 -0.05977416 -0.06944781 0.07973229 -0.06932222 -0.06332999 0.07940942 -0.07013589 -0.06560307 0.07701665 -0.07053714 -0.06636387 0.07616859 -0.07056552 -0.06641161 0.07611387 -0.07190561 -0.06829291 0.07385283 -0.07271033 -0.06918752 0.072685 -0.1042866 -0.02651309 0.0596016 -0.1058736 -0.01799964 0.06087893 -0.1088311 -0.02461558 0.05742961 -0.1083779 -0.02666211 0.05694139 -0.106814 -0.0264399 0.05733299 -0.1073814 -0.03057217 0.05571919 -0.1061704 -0.03441709 0.0541203 -0.1046373 -0.03415662 0.05460035 -0.11 -0.018444 0.05830734 -0.1053605 -0.0263819 0.05825889 -0.1069568 -0.01806819 0.05953902 -0.1084228 -0.01822739 0.05864524 -0.1021611 -0.03445798 0.05690634 -0.103213 -0.03416264 0.05557233 -0.1017878 -0.0354582 0.05649852 -0.102838 -0.03505367 0.05519241 -0.1042603 -0.03496986 0.05422109 -0.1057911 -0.03519469 0.05371636 -0.07311421 -0.06506568 0.07469159 -0.07307231 -0.06421852 0.07513928 -0.07315081 -0.0656923 0.07434725 -0.07325237 -0.06715148 0.07349598 -0.07324951 -0.06711429 0.07351863 -0.07303547 -0.06280952 0.07584995 -0.07319521 -0.06276053 0.07564282 -0.07362806 -0.06267207 0.07522219 -0.07510709 -0.055579 0.07683289 -0.08660787 -0.03235834 0.07734709 -0.08470219 -0.01704013 0.08037507 -0.08277136 -0.001519978 0.082062 -0.08569508 0.00596255 0.08061224 -0.08734893 0.006745219 0.07979059 -0.09289813 0.009725749 0.07684832 -0.07536941 0.002433121 0.08523905 -0.07729828 0.002580881 0.08444052 -0.07536941 -0.008093774 0.08507817 -0.07745236 0.002632558 0.08437514 -0.07536643 -0.05156719 0.07793456 -0.07536941 -0.05109369 0.0780698 -0.07536941 -0.03879737 0.08114689 -0.07536941 -0.02352786 0.08375495 -0.1024147 0.02274888 0.0668326 -0.1025081 0.02616721 0.06477695 -0.1011292 0.01775354 0.07024163 -0.09857857 0.01392489 0.07324188 -0.103164 0.02576261 0.06402021 -0.1027876 0.0293231 0.06209105 -0.101828 0.03361707 0.06002521 -0.1011925 0.03382831 0.06087255 -0.1021381 0.02963513 0.06289565 -0.1003034 0.03386175 0.06148469 -0.10123 0.02978169 0.0634616 -0.1015912 0.02641987 0.06528872 -0.1015008 0.02312058 0.06727188 -0.1002638 0.01833343 0.07052683 -0.09783923 0.014705 0.07334947 -0.09596216 0.01280725 0.07483422 -0.09934061 0.03372728 0.06177413 -0.1002471 0.02975165 0.06370979 -0.1005989 0.02648979 0.06548637 -0.1005115 0.02330398 0.06740021 -0.09932649 0.01872009 0.07050335 -0.09703642 0.01529067 0.07314705 -0.09513598 0.01371181 0.07448565 -0.1074429 0.005874693 0.05690461 -0.1080953 0.00510025 0.05558234 -0.1081048 0.005016267 0.05561089 -0.1073538 0.005865097 0.05753034 -0.108752 0.004928529 0.05474174 -0.11 0.004375576 0.05399185 -0.11 0.004358828 0.05399996 -0.1074925 0.006125569 0.05649298 -0.1080519 0.00557816 0.05538195 -0.1089237 0.00513494 0.05443823 -0.11 0.004837155 0.05375218 -0.1087633 0.002447128 0.05589205 -0.11 -0.001330435 0.0562852 -0.107093 -0.00433743 0.06086885 -0.1067469 -0.008816123 0.06134325 -0.1063609 -0.01344949 0.06127709 -0.11 -0.01520526 0.05844074 -0.1085457 -0.01385611 0.05893224 -0.1078391 0.002961575 0.0571419 -0.108748 -9.78611e-4 0.05713593 -0.1086928 -0.005171716 0.05818915 -0.11 -0.005917966 0.05750256 -0.1086189 -0.009439706 0.05878514 -0.11 -0.01407855 0.0584315 -0.1072592 -0.01363456 0.05992048 -0.1074666 -0.009127318 0.05990564 -0.1076611 -0.004768729 0.05939507 -0.107801 -5.02318e-4 0.05838394 -0.107401 0.003564298 0.05859988 -0.11 -0.03435873 0.03599995 -0.11 -0.03739094 0.03826403 -0.11 -0.03739094 0.05173569 -0.11 -0.03435873 0.05399996 -0.11 -0.039698 0.04743862 -0.11 -0.039698 0.04256129 -0.11 -0.02830809 0.03359937 -0.11 -0.03399986 0.04499983 -0.11 -0.003999948 0.04499983 -0.11 -0.02999997 0.04099982 -0.11 -0.02799987 0.04153585 -0.11 -0.02653574 0.04299998 -0.11 -0.0259999 0.04499983 -0.11 -0.02653574 0.04699999 -0.11 0.003999948 0.04499983 -0.11 0.003464043 0.04299998 -0.11 0.003464043 0.04699999 -0.11 0.001999974 0.048464 -0.11 0 0.04899996 -0.11 -0.03346401 0.04699999 -0.11 -0.03199988 0.048464 -0.11 -0.02999997 0.04899996 -0.11 -0.0266031 0.05689871 -0.11 -0.02799987 0.048464 -0.11 -0.003464043 0.04699999 -0.11 -0.03346401 0.04299998 -0.11 -0.03199988 0.04153585 -0.11 -0.003464043 0.04299998 -0.11 0.001999974 0.04153585 -0.11 -0.001999974 0.048464 -0.11 0 0.04099982 -0.11 -0.001999974 0.04153585 -0.07639527 0.06938445 0.05356222 -0.07639527 0.04328083 0.0587548 -0.07639527 0.0310136 0.06399428 -0.07639527 0.02771008 0.06576555 -0.07639527 0.05615288 0.05525523 -0.07639527 0.01958519 0.07087361 -0.07639527 0.01390153 0.07517516 -0.07639527 0.009213328 0.07926177 -0.08614367 0.008694171 0.07928079 -0.07639527 0.004772663 0.08366823 -0.07488864 0.004472494 0.0846737 -0.07449889 0.004521787 0.0850557 -0.07419365 0.009948551 0.08005237 -0.0737341 0.004702568 0.08644968 -0.07363724 0.004747569 0.08679515 -0.07363724 0.01064407 0.08080035 -0.07380825 0.07705861 0.05509459 -0.07419365 0.06944721 0.05463999 -0.07363724 0.06950658 0.05565977 -0.07363724 0.07791453 0.05554491 -0.07369983 0.07755428 0.05535495 -0.07363724 0.06010693 0.05668079 -0.07419365 0.05636364 0.05631411 -0.07363724 0.05656296 0.05731582 -0.07419365 0.0436353 0.05977445 -0.07363724 0.04397088 0.06073933 -0.07419365 0.03150516 0.06495547 -0.07363724 0.03197044 0.06586492 -0.07363724 0.02694934 0.06862801 -0.07419365 0.02020454 0.07175797 -0.07363724 0.02079039 0.07259464 -0.07363724 0.01261824 0.07901567 -0.07404029 0.004608631 0.08572679 -0.07526272 0.00939393 0.07945597 -0.07589268 0.004506886 0.08403897 -0.07536941 0.004431188 0.0843532 -0.07526272 0.0197373 0.07109087 -0.07526272 0.06939989 0.05382686 -0.07526272 0.03113436 0.06423038 -0.07526272 0.04336804 0.05900532 -0.07526272 0.05620461 0.05551522 -0.07412004 0.07790184 0.05301123 -0.07388967 0.07820677 0.05401039 -0.07394778 0.07763487 0.05459797 -0.0742709 0.07680284 0.05420386 -0.07429546 0.07739615 0.05363553 -0.07049995 0.07776999 0.05554056 -0.07193678 0.08630067 0.05617791 -0.07267028 0.08530485 0.05606347 -0.07311367 0.08435064 0.05596351 -0.07349997 0.08214354 0.05577021 -0.07349997 -0.01595675 0.1243662 -0.0732817 -0.01658982 0.1267293 -0.07049995 -0.01563239 0.1232414 -0.07220625 -0.01736551 0.1300269 -0.07049995 -0.01788139 0.1325849 -0.07357823 0.004293203 0.08730387 -0.07349997 0.003683865 0.08799779 -0.07049995 4.75533e-4 0.09189355 -0.07349997 4.75533e-4 0.09189355 -0.07049995 -0.009052753 0.1068099 -0.07349997 -0.009052753 0.1068099 -0.07349997 -0.01563239 0.1232414 -0.07049995 0.01261824 0.07901567 -0.07049995 0.02694934 0.06862801 -0.07049995 0.06010693 0.05668079 -0.07049995 0.04296612 0.06109488 -0.07188773 0.08380949 0.05057507 -0.07245481 0.07975608 0.03788352 -0.07215911 0.08144921 0.04433709 -0.07301568 0.08019238 0.04466885 -0.07281965 0.08272212 0.05098462 -0.07336926 0.08143514 0.05149459 -0.07049995 0.0687974 0.06723207 -0.07049995 0.08120256 0.06723207 -0.07049995 -0.007966041 0.1476265 -0.07049995 -0.007072865 0.1376295 -0.07049995 -0.008768618 0.146338 -0.07049995 -0.004312515 0.1255353 -0.07049995 2.19584e-4 0.1139876 -0.07049995 0.093737 0.06648224 -0.07049995 0.09399014 0.06681376 -0.07049995 0.0934692 0.06908094 -0.07049995 0.09629422 0.06977802 -0.07049995 0.09169358 0.0636512 -0.07049995 0.006422162 0.1032444 -0.07049995 0.01415657 0.09354561 -0.07049995 0.02325034 0.08510798 -0.07049995 0.03349983 0.07811987 -0.07049995 0.04467666 0.07273745 -0.07049995 0.05653071 0.06908094 -0.0545457 0.1062835 0.07857024 -0.07033783 0.1028939 0.07773452 -0.07050001 0.1029522 0.0778402 -0.07050001 0.09996092 0.07430636 -0.06916302 0.1010869 0.07531684 -0.06894707 0.1017197 0.07602083 -0.06918984 0.1022292 0.07668447 -0.01987671 0.1141481 0.08486676 -0.02866286 0.1125815 0.08338308 -0.03730183 0.1162223 0.08861541 -0.03901177 0.1159725 0.08845436 0.02795678 0.1127736 0.08363252 0.01874029 0.1143339 0.08508503 0.02097821 0.1179066 0.08971279 -0.02375054 0.1177133 0.08957707 -0.02038365 0.117964 0.08973854 -0.01051944 0.115149 0.08582377 -0.008831322 0.1185138 0.09009248 -7.85824e-4 0.1155316 0.08619707 -0.001200497 0.1186343 0.09017151 0.009061038 0.1152623 0.08595162 0.006523787 0.1185674 0.09013152 0.02020043 0.1179614 0.08974784 0.05586886 0.1124183 0.08619272 0.06302851 0.1103424 0.08490902 0.04719442 0.1068505 0.07817947 0.05457067 0.1127538 0.08640366 0.02997624 0.1170933 0.0891897 0.03410416 0.1165996 0.0888707 0.04516994 0.1148366 0.08773136 0.06316787 0.1044169 0.07810604 -0.04939764 0.1141046 0.08725816 -0.06024152 0.1114137 0.08557367 -0.07050001 0.108048 0.08355617 -0.01075571 0.1075254 0.06874495 -0.01069664 0.1068746 0.06309765 -0.01528573 0.1063218 0.06131798 0.02930074 0.1086265 0.07741636 0.01598536 0.110475 0.07866728 0.02490401 0.1046215 0.06058537 0.007476985 0.1110713 0.07907062 -0.001059651 0.111235 0.07917875 -0.009529829 0.1109723 0.07899415 -0.01796931 0.1102819 0.078516 -0.02601552 0.1092071 0.07777458 -0.007499933 0.1076269 0.06819409 -0.007499933 0.1076199 0.06815201 -0.008760869 0.1080078 0.07046163 -0.01651495 0.1073089 0.07007622 -0.02389383 0.1062263 0.06948024 -5.42588e-4 0.1077331 0.06764674 -9.70669e-4 0.1082748 0.0706107 0.005913317 0.1076611 0.06797212 0.006882429 0.1081093 0.07052338 0.007499933 0.1076201 0.0681709 0.01075375 0.107515 0.06871336 0.007499933 0.1076133 0.06812959 0.0147053 0.107506 0.07019793 0.01070702 0.1069357 0.06419998 0.02807748 0.1069021 0.07340526 0.01532727 0.1087508 0.07452559 0.007171154 0.1093491 0.07488739 -0.001013994 0.1095132 0.07498437 -0.00913465 0.1092491 0.07481873 -0.01722198 0.1085563 0.07439005 -0.0249257 0.1074804 0.07372611 0.01362645 0.106527 0.06141901 0.02691936 0.1056473 0.06919223 -0.009520888 0.1072368 0.05864453 -0.009359538 0.1073613 0.05745244 -0.009333968 0.1073755 0.05730623 -0.005781829 0.1096137 0.05176764 -0.005770564 0.1110044 0.04862523 -0.006313025 0.1108271 0.04842764 -0.004617929 0.1124483 0.04659456 -0.004597783 0.112897 0.04594671 -0.005132198 0.1128435 0.04590857 -0.00520122 0.1110778 0.04876953 -0.004924178 0.1110768 0.04881936 -0.004749834 0.1116494 0.04784017 -0.005156219 0.1105342 0.04982846 -0.005158901 0.1105287 0.04983913 -0.008362591 0.1076711 0.05773514 -0.008086383 0.1076832 0.0578435 -0.007798612 0.1083502 0.05441027 -0.007584333 0.1079547 0.05666774 -0.007264435 0.1084699 0.05463558 -0.006817758 0.1084855 0.05479717 -0.006625533 0.1086459 0.05430507 -0.005675137 0.112703 0.04580879 -0.006193995 0.1124713 0.04564404 -0.00665611 0.1121534 0.04541796 -0.007029831 0.1117676 0.0451436 -0.00679481 0.1105536 0.04818701 -0.007297635 0.1113362 0.04483664 -0.007189333 0.1102029 0.04791921 -0.006357789 0.1095823 0.05158889 -0.006902933 0.1094399 0.05137103 -0.00738579 0.1091982 0.05112844 -0.005723834 0.1096107 0.0517829 -0.006386518 0.108864 0.05367583 -0.008877754 0.1075677 0.05751585 -0.008270919 0.1081345 0.05417662 -0.007784545 0.1088792 0.05087673 -0.007481694 0.1098011 0.04764103 -0.007451653 0.1108906 0.0445199 -0.007499933 0.1209163 0.03017777 -0.007499933 0.1111941 0.04320842 -0.007499933 0.1157398 0.0380342 -0.007499933 0.1184996 0.03546708 -0.007499933 0.120098 0.03346097 -0.007499933 0.120869 0.0309897 -0.02499997 0 0 -0.02309685 0.009567081 0 -0.0176776 0.0176776 0 -0.009567081 0.02309685 0 0 0.02499985 0 0.009567081 0.02309685 0 0.0176776 0.0176776 0 0.02309685 0.009567081 0 0.02499985 0 0 0.02309685 -0.009567081 0 0.0176776 -0.0176776 0 0.009567081 -0.02309685 0 0 -0.02499985 0 -0.009567081 -0.02309685 0 -0.0176776 -0.0176776 0 -0.02309685 -0.009567081 0 0.004611492 0.1239142 0.03017777 -0.004611492 0.1239142 0.03017777 0.007323086 0.121931 0.03017777 0.007499933 0.1209163 0.03017777 0.006660342 0.1229978 0.03017777 0.005619049 0.1236997 0.03017777 0.007499933 0.1184996 0.03546708 0.007499933 0.1135966 0.04030507 0.007499933 0.1111903 0.04321318 0.007499933 0.1204467 0.03269749 0.007499933 0.1190848 0.03489708 -0.007323086 0.121931 0.03017777 -0.006660342 0.1229978 0.03017777 -0.005619049 0.1236997 0.03017777 0.006626725 0.1086452 0.05430316 0.006820261 0.1084838 0.0547977 0.007265388 0.1084683 0.05463647 0.007584631 0.1079547 0.05665957 0.007799625 0.1083489 0.05441117 0.005725026 0.1096096 0.05178356 0.005809783 0.1094993 0.05204164 0.006358087 0.1095812 0.05158948 0.006286323 0.1089625 0.05340129 0.00475049 0.1116472 0.04784321 0.005003452 0.1108734 0.04918658 0.00520128 0.1110772 0.04876989 0.005162835 0.1105214 0.04985231 0.005770564 0.1110038 0.04862546 0.008880138 0.1075659 0.05751633 0.008091688 0.1076807 0.05784392 0.008271872 0.1081334 0.05417734 0.006903231 0.109439 0.05137181 0.007386088 0.1091974 0.0511291 0.007784903 0.1088786 0.05087733 0.006313145 0.1108266 0.04842782 0.006794929 0.1105532 0.04818737 0.007189393 0.1102025 0.04791939 0.007481694 0.1098008 0.04764127 0.004597902 0.112897 0.04594677 0.005132198 0.1128433 0.04590862 0.005675256 0.1127029 0.04580879 0.006194055 0.1124712 0.04564404 0.006656229 0.1121533 0.0454179 0.007029831 0.1117675 0.04514354 0.007297635 0.1113361 0.04483664 0.007451653 0.1108906 0.04451978 0.009343743 0.1073701 0.05734694 0.009524583 0.1072346 0.05865103 0.06542783 0.09798973 0.07153308 0.06631016 0.0973438 0.07203078 0.06653565 0.0937438 0.06739211 0.06710112 0.0854817 0.05175524 0.06693583 0.08777385 0.05722385 0.06610494 0.08692681 0.05132496 0.06749999 0.0859586 0.05887264 0.06746625 0.08617287 0.05787307 0.06749999 0.086811 0.0608133 0.06740725 0.0890454 0.06321239 0.06749999 0.09065735 0.06802219 0.06732141 0.09237051 0.06826537 0.06749999 0.09125292 0.06897598 0.06696784 0.09655714 0.07263684 0.06749999 0.09477907 0.07400673 0.06491035 0.09824925 0.07133316 0.06522274 0.09479171 0.06672573 0.06553012 0.09172785 0.06182754 0.06582587 0.08909553 0.05668807 0.06674599 0.09053987 0.06244087 0.06796753 0.08385455 0.0586993 0.11 -0.00754565 0.05781114 0.11 -0.003232777 0.05685395 0.1087265 -0.002893745 0.05767744 0.1073911 0.002055585 0.05919092 0.1069458 -0.006336808 0.06114763 0.1065832 -0.01078212 0.06138312 0.1058735 -0.01799964 0.06087893 0.1073538 0.005865097 0.05753034 0.1075142 0.005540311 0.05680775 0.1081048 0.005016267 0.05561089 0.1085864 -0.01131129 0.0589044 0.11 -0.01155722 0.05830746 0.11 0.002881169 0.05468255 0.108761 9.7958e-4 0.05647009 0.1077468 -0.002448022 0.0589115 0.1075775 -0.006715655 0.05968523 0.1073772 -0.01103895 0.05997443 0.1078333 0.00148046 0.0577231 0.11 -0.018444 0.05830734 0.1084228 -0.01822739 0.05864524 0.1070805 -0.0180794 0.05943429 0.1069568 -0.01806819 0.05953902 0.106001 -0.01800364 0.06066322 0.1087523 0.004700243 0.05486118 0.11 0.004358828 0.05399996 0.1074935 0.006102502 0.05650615 0.1080524 0.005556941 0.05539411 0.108924 0.005115211 0.05444931 0.11 0.004818141 0.05376267 0.06850123 0.08156061 0.06406712 0.06754583 0.08209228 0.06793558 0.06749999 0.08346968 0.06695812 0.06749999 0.0808615 0.07070404 0.06811159 0.0762636 0.07189106 0.067631 0.07707321 0.07285541 0.06778669 0.07444012 0.0741719 0.06749999 0.08516079 0.06300145 0.06752657 0.08383291 0.0650773 0.06751251 0.0855785 0.05914956 0.06749999 0.0859304 0.05918407 0.06891101 0.07556593 0.07106 0.06931245 0.07283717 0.07261461 0.06779599 0.07441294 0.07415872 0.06836438 0.07360613 0.07335644 0.06906992 0.07300424 0.07276153 0.06790632 0.08100444 0.06722629 0.06784474 0.08263623 0.06454527 0.06860053 0.08003669 0.06659537 0.06778812 0.08426558 0.05901986 0.0684061 0.08307367 0.05890202 0.06751686 0.08496475 0.06219691 0.06780749 0.08369356 0.06185632 0.06843906 0.08254349 0.06154835 0.06873029 0.07811832 0.06885308 0.06798994 0.0789622 0.06959885 0.06757724 0.07992357 0.07044845 0.06749999 0.07738441 0.07407194 0.06749999 0.0761581 0.07500773 0.07808804 0.05898898 0.0755366 0.07859271 0.057585 0.07577127 0.07834416 0.05952244 0.07438218 0.07933861 0.05420786 0.07641315 0.07959336 0.0540952 0.07591575 0.079957 0.05400151 0.07545363 0.07435315 0.06632345 0.07352548 0.06966328 0.07183545 0.07319587 0.06943029 0.07165062 0.07432657 0.07374852 0.06658881 0.07461202 0.07402724 0.0662074 0.07464426 0.07654172 0.06301611 0.07387989 0.07662326 0.06210422 0.07508629 0.07786589 0.0595321 0.07545107 0.07432991 0.03624171 0.08210325 0.07073169 0.03274786 0.08418631 0.07073169 0.02182251 0.08579772 0.06558734 -0.07097393 0.0751028 0.06960594 -0.0587843 0.07804322 0.06876283 -0.06218767 0.07721269 0.0679239 -0.06494629 0.07654547 0.06731963 -0.06669676 0.07612383 0.07073169 -0.04875797 0.08060914 0.07069033 -0.0506407 0.08010661 0.07063639 -0.05161255 0.07985168 0.0697416 -0.05813694 0.07820266 0.07605946 -0.04172027 0.08020645 0.07073169 -0.03513598 0.08374565 0.08847314 -0.03058475 0.07674008 0.07073169 -0.02435714 0.08548247 0.0786792 -0.01723176 0.08306455 0.07073169 -0.01722759 0.08627998 0.07073169 8.41878e-4 0.08707302 0.09123188 -0.005971491 0.07787936 0.08115494 0.007817327 0.08262735 0.07073169 0.01890349 0.08611738 0.09361708 0.01899617 0.07571274 0.08312869 0.03292649 0.07890069 0.0809521 0.05321604 0.07497078 0.08093637 0.05357289 0.07486915 0.08065342 0.04884594 0.07637763 0.07948303 0.04454714 0.07803928 0.07749885 0.04050254 0.07987064 0.06383389 -0.07200235 0.07555466 0.06251788 -0.06298547 0.08285474 0.05478233 -0.07026767 0.08087319 0.06249147 -0.06651866 0.0800758 0.06245636 -0.06944894 0.07802438 0.105791 -0.03519469 0.05371636 0.1042603 -0.03496986 0.05422109 0.102838 -0.03505367 0.05519241 0.1017878 -0.0354582 0.05649852 0.1021611 -0.03445798 0.05690634 0.103213 -0.03416264 0.05557233 0.1046373 -0.03415662 0.05460035 0.1061704 -0.03441709 0.0541203 0.1053605 -0.0263819 0.05825889 0.1042866 -0.02651309 0.0596016 0.1078315 -0.02889972 0.05628973 0.1083779 -0.02666205 0.05694139 0.106814 -0.0264399 0.05733299 0.1091533 -0.02304852 0.05773586 0.11 -0.039698 0.04743862 0.11 -0.039698 0.04256129 0.11 -0.03399986 0.04499983 0.11 0.003999948 0.04499983 0.11 0.003464043 0.04699999 0.11 0.003464043 0.04299998 0.11 -0.03346401 0.04299998 0.11 -0.03739094 0.03826403 0.11 -0.03199988 0.04153585 0.11 -0.03435873 0.03599995 0.11 -0.02999997 0.04099982 0.11 -0.02830803 0.03359937 0.11 -0.02799987 0.04153585 0.11 -0.02653574 0.04299998 0.11 -0.03739094 0.05173569 0.11 -0.03346401 0.04699999 0.11 -0.03435873 0.05399996 0.11 -0.03199988 0.048464 0.11 -0.0266031 0.05689871 0.11 -0.02999997 0.04899996 0.11 -0.02799987 0.048464 0.11 -0.02653574 0.04699999 0.11 0.001999974 0.048464 0.11 0 0.04899996 0.11 -0.001999974 0.048464 0.11 -0.003464043 0.04699999 0.11 -0.003999948 0.04499983 0.11 -0.0259999 0.04499983 0.11 -0.003464043 0.04299998 0.11 -0.001999974 0.04153585 0.11 0.001999974 0.04153585 0.11 0 0.04099982 0.06495219 0.003347754 0.1641072 0.06436282 0.003969192 0.1661392 0.06193715 0.004550755 0.1697429 0.06194621 0.006546795 0.1735004 0.05981433 0.008953928 0.1793584 0.05970257 0.009085655 0.1796583 0.0658307 0.002407312 0.1607403 0.06581449 0.002424955 0.1608076 0.06497383 0.001609623 0.1612434 0.06275701 3.63871e-4 0.1620291 0.09982347 0.07499998 0.0808708 0.09999996 0.06378859 0.08281368 0.09982347 0.06362169 0.08181363 0.09999996 0.05288285 0.08557534 0.09982347 0.05255377 0.08461642 0.09999996 0.04258066 0.09009438 0.09982347 0.04209816 0.0892027 0.09999996 0.03316271 0.09624743 0.09982347 0.03253996 0.09544736 0.09999996 0.02488595 0.1038668 0.09982347 0.02414 0.1031801 0.09999996 0.0179761 0.1127445 0.09982347 0.01712733 0.1121899 0.09999996 0.01262176 0.1226384 0.09982347 0.01169323 0.1222311 0.09999996 0.008969008 0.1332787 0.09982347 0.007986128 0.1330298 0.09999996 0.007117331 0.144375 0.09982347 0.006106913 0.1442914 0.09999996 0.007117331 0.1556249 0.09982347 0.006106913 0.1557086 0.09999996 0.008969008 0.1667213 0.09982347 0.007986128 0.1669702 0.09999996 0.01262176 0.1773616 0.09982347 0.01169323 0.1777688 0.09999996 0.0179761 0.1872555 0.09982347 0.01712733 0.18781 0.09999996 0.02488595 0.1961331 0.09982347 0.02414 0.1968199 0.09999996 0.03316271 0.2037525 0.09982347 0.03253996 0.2045526 0.09999996 0.04258066 0.2099056 0.09982347 0.04209816 0.2107973 0.09999996 0.05288285 0.2144246 0.09982347 0.05255377 0.2153835 0.09999996 0.06378859 0.2171863 0.09982347 0.06362169 0.2181863 0.09999996 0.07499998 0.2181153 0.09982347 0.07499998 0.2191292 0.09999996 0.08621138 0.2171863 0.09982347 0.08637827 0.2181863 0.09999996 0.097117 0.2144246 0.09982347 0.0974462 0.2153835 0.09999996 0.1074193 0.2099056 0.09982347 0.1079018 0.2107973 0.09999996 0.1168373 0.2037525 0.09982347 0.11746 0.2045526 0.09999996 0.125114 0.1961331 0.09982347 0.1258599 0.1968199 0.09999996 0.1320238 0.1872555 0.09982347 0.1328726 0.18781 0.09999996 0.137378 0.1773616 0.09982347 0.1383066 0.1777688 0.09999996 0.141031 0.1667213 0.09982347 0.1420138 0.1669702 0.09999996 0.1428826 0.1556249 0.09982347 0.143893 0.1557086 0.09999996 0.1428826 0.144375 0.09982347 0.143893 0.1442914 0.09999996 0.141031 0.1332787 0.09982347 0.1420138 0.1330298 0.09999996 0.137378 0.1226384 0.09982347 0.1383066 0.1222311 0.09999996 0.1320238 0.1127445 0.09982347 0.1328726 0.1121899 0.09999996 0.125114 0.1038668 0.09982347 0.1258599 0.1031801 0.09999996 0.1168373 0.09624743 0.09982347 0.11746 0.09544736 0.09999996 0.1074193 0.09009438 0.09982347 0.1079018 0.0892027 0.09999996 0.097117 0.08557534 0.09982347 0.0974462 0.08461642 0.09999996 0.08621138 0.08281368 0.09982347 0.08637827 0.08181363 0.09999996 0.07499998 0.08188468 0.09812206 0.0100739 0.1784791 0.09812206 0.01564693 0.1887773 0.09812206 0.02283895 0.1980175 0.09812206 0.1437281 0.1674043 0.09812206 0.139926 0.1784791 0.09812206 0.134353 0.1887773 0.09812206 0.127161 0.1980175 0.09812206 0.1185461 0.2059481 0.09812206 0.1087435 0.2123525 0.09812206 0.09802037 0.217056 0.09812206 0.08666932 0.2199305 0.09812206 0.07499998 0.2208974 0.09812206 0.06333065 0.2199305 0.09812206 0.0519796 0.217056 0.09812206 0.04125636 0.2123525 0.09812206 0.03145366 0.2059481 0.09812206 0.1456553 0.1558547 0.09812206 0.1456553 0.1441453 0.09812206 0.1437281 0.1325957 0.09812206 0.139926 0.1215208 0.09812206 0.134353 0.1112227 0.09812206 0.127161 0.1019824 0.09812206 0.1185461 0.09405183 0.09812206 0.1087435 0.08764743 0.09812206 0.09802037 0.08294385 0.09812206 0.08666932 0.08006936 0.09812206 0.07499998 0.07910245 0.09812206 0.06333065 0.08006936 0.09812206 0.0519796 0.08294385 0.09812206 0.04125636 0.08764743 0.09812206 0.02283895 0.1019824 0.09812206 0.03145366 0.09405183 0.09812206 0.01564693 0.1112227 0.09812206 0.0100739 0.1215208 0.09812206 0.004344582 0.1441453 0.09812206 0.006271839 0.1325957 0.09812206 0.006271839 0.1674043 0.09812206 0.004344582 0.1558547 0.09916186 0.07499998 0.07980471 0.09916186 0.08655375 0.08076208 0.09916186 0.09779232 0.08360809 0.09916186 0.1084092 0.08826506 0.09916186 0.1181148 0.09460604 0.09916186 0.1266443 0.102458 0.09916186 0.1337651 0.1116068 0.09916186 0.139283 0.1218029 0.09916186 0.1430473 0.132768 0.09916186 0.1449555 0.1442033 0.09916186 0.1449555 0.1557967 0.09916186 0.1430473 0.1672319 0.09916186 0.139283 0.1781971 0.09916186 0.1337651 0.1883931 0.09916186 0.1266443 0.197542 0.09916186 0.1181148 0.2053939 0.09916186 0.1084092 0.2117348 0.09916186 0.09779232 0.2163919 0.09916186 0.08655375 0.2192379 0.09916186 0.07499998 0.2201952 0.09916186 0.06344622 0.2192379 0.09916186 0.05220746 0.2163919 0.09916186 0.04159069 0.2117348 0.09916186 0.03188502 0.2053939 0.09916186 0.02335566 0.197542 0.09916186 0.01623481 0.1883931 0.09916186 0.01071697 0.1781971 0.09916186 0.006952643 0.1672319 0.09916186 0.00504446 0.1557967 0.09916186 0.00504446 0.1442033 0.09916186 0.006952643 0.132768 0.09916186 0.01071697 0.1218029 0.09916186 0.01623481 0.1116068 0.09916186 0.02335566 0.102458 0.09916186 0.03188502 0.09460604 0.09916186 0.04159069 0.08826506 0.09916186 0.05220746 0.08360809 0.09916186 0.06344622 0.08076208 0.06771153 0.074404 0.07546806 0.06770503 0.07442212 0.07544946 0.06823515 0.07452917 0.07676732 0.06931048 0.07473647 0.07769089 0.06930875 0.0747469 0.07769101 0.06823754 0.07451677 0.07676732 0.0678417 0.07443314 0.07599699 0.06930655 0.07475793 0.07769089 0.06823265 0.07454198 0.07676732 0.06770211 0.07443052 0.07544106 0.06917101 0.07611656 0.07769697 0.06920623 0.07543402 0.07769054 0.06833952 0.07612597 0.07708895 0.06811839 0.07533037 0.07677006 0.06753367 0.07615119 0.07545626 0.0675773 0.07528305 0.07544851 0.06767165 0.07614266 0.07600796 0.06807762 0.0761308 0.07677733 0.069395 0.09095251 0.07957202 0.06833952 0.09110885 0.07888185 0.06864601 0.09782785 0.08103734 0.069395 0.09769254 0.08144611 0.06767165 0.09825462 0.07974797 0.06770724 0.09822469 0.07983845 0.06767165 0.09134769 0.07782745 0.06794035 0.09807729 0.0802837 0.06833952 0.09791487 0.0807743 0.06767165 0.08316278 0.0764507 0.06749999 0.08327317 0.0754565 0.06749999 0.09156864 0.07685178 0.069395 0.08296549 0.07822859 0.06833952 0.08304351 0.07752525 0.06749999 0.09856897 0.07879829 0.06996184 0.10081 0.08275812 0.0686472 0.1068819 0.08538317 0.0689395 0.1038392 0.08388608 0.06944954 0.1007918 0.08264058 0.06663846 0.1094562 0.08641809 0.06713813 0.1095461 0.0866627 0.0681436 0.1067844 0.08524119 0.06845158 0.1038191 0.08367437 0.0672239 0.1067281 0.08473002 0.06761425 0.1039015 0.08303999 0.06680136 0.1067764 0.08434188 0.06726217 0.1040118 0.08259797 0.06647133 0.1068717 0.08391982 0.06701785 0.1041215 0.08211499 0.06736838 0.1013805 0.08042246 0.06752341 0.1012117 0.08091604 0.06778639 0.101058 0.08140462 0.06810593 0.1009452 0.08180397 0.06894969 0.1008089 0.08243459 0.06850028 0.1008604 0.08215409 0.06636321 0.1094309 0.08623796 0.06577712 0.1094545 0.08570998 0.06346023 0.1162806 0.09071594 0.0659815 0.1118673 0.08794665 0.06426167 0.1140519 0.08906668 0.06505489 0.1117368 0.08736598 0.06427603 0.1140113 0.08903664 -0.06727975 0.1095589 0.08462649 -0.06719118 0.10966 0.0847209 -0.06769436 0.1093441 0.08446365 -0.07049995 0.1086218 0.08417081 -0.06718254 0.1097322 0.0847969 -0.06723296 0.109807 0.08488494 -0.06492131 0.1142117 0.08892685 -0.07049995 0.1102163 0.08579266 -0.07049995 0.111445 0.08696281 -0.06981527 0.1101912 0.08567094 -0.06749117 0.1099295 0.08505564 -0.04019242 0.119698 0.0925042 -0.04861617 0.1182588 0.09153354 -0.05687171 0.1164376 0.09033715 -0.001225233 0.1223871 0.09436565 -0.02096629 0.1217139 0.09389472 0.009802937 0.1222438 0.09426665 0.02080243 0.1217154 0.09389841 0.03064018 0.1208666 0.09330809 0.04037082 0.1196075 0.09244072 0.05631953 0.1164106 0.09030836 0.06288528 0.1130061 0.08765709 -0.0306279 0.1208966 0.09332734 -0.07049995 0.1053233 0.07273745 -0.07049995 0.1099483 0.08508557 -0.07049995 0.1093242 0.08445078 -0.07049995 0.1165 0.07811987 -0.07049995 0.1016362 0.07592129 -0.07049995 0.1358433 0.09354561 -0.07049995 0.1267496 0.08510798 -0.07049995 -0.004312515 0.1744647 -0.07049995 -0.007072865 0.1623705 -0.07049995 -5.40093e-4 0.1601309 -0.07049995 -0.007999956 0.15 -0.07049995 2.19584e-4 0.1860123 -0.07049995 0.006422162 0.1967555 -0.07049995 0.01415657 0.2064543 -0.07049995 0.02325034 0.214892 -0.07049995 0.03349983 0.2218801 -0.07049995 0.04467666 0.2272624 -0.07049995 0.05653071 0.230919 -0.07049995 0.0687974 0.2327679 -0.07049995 0.1435778 0.1032444 -0.07049995 0.1497804 0.1139876 -0.07049995 0.1543125 0.1255353 -0.07049995 0.1570729 0.1376295 -0.07049995 0.158 0.15 -0.07049995 0.1570729 0.1623705 -0.07049995 0.1543125 0.1744647 -0.07049995 0.1497804 0.1860123 -0.07049995 0.1435778 0.1967555 -0.07049995 0.1358433 0.2064543 -0.07049995 0.1267496 0.214892 -0.07049995 0.1165 0.2218801 -0.07049995 0.1053233 0.2272624 -0.07049995 0.0934692 0.230919 -0.07049995 0.08120256 0.2327679 0.06774556 0.003763496 0.1611399 0.0663709 0.003050982 0.160814 0.06583672 0.002416729 0.1607408 0.06558442 0.003584027 0.1634687 0.06387513 0.006040394 0.1713184 0.06335639 0.005884408 0.1711264 0.06656146 0.004132807 0.1637176 0.06725311 0.00361073 0.1610078 0.06713551 0.00355947 0.1609784 0.06681525 0.003386676 0.1609036 0.06484258 0.004358947 0.1662431 0.06533437 0.004622638 0.1663805 0.0658611 0.004787445 0.1665542 0.06825071 0.003252089 0.1578853 0.06855261 0.002821505 0.1546183 0.06954991 0.003123342 0.1547753 0.06958228 0.002913475 0.1514398 0.06942087 0.002821803 0.1481439 0.07016026 0.003003299 0.1481485 0.06761544 0.001260459 0.1512818 0.0676186 8.58523e-4 0.1480934 0.06785953 0.001447141 0.1481086 0.06822115 0.002132475 0.1513239 0.06862831 0.002473652 0.1513566 0.06881976 0.002508044 0.1481359 0.06932657 0.002783656 0.1481429 0.06650835 0.001651585 0.1576234 0.06696206 0.002361834 0.1576606 0.06749999 2.36109e-5 0.148072 0.06737482 4.51997e-4 0.1512736 0.06703162 9.97178e-4 0.1544635 0.06777423 0.003034651 0.1577904 0.0681045 0.002540946 0.1545568 0.06738489 0.001762986 0.1544783 0.06809049 0.001810193 0.1481178 0.06835889 0.00212419 0.148126 0.06844425 0.002207756 0.1481281 0.06768107 0.0259419 0.09463238 0.06768107 0.03165853 0.09005177 0.06835889 0.03228843 0.09092289 0.06749999 0.02526128 0.09386408 0.06749999 0.03105711 0.08921992 0.06768107 0.01844245 0.1023187 0.06749999 0.01765751 0.1016571 0.06768107 0.01213479 0.1110099 0.06749999 0.01126235 0.1104689 0.06768107 0.007151961 0.1205227 0.06749999 0.006210446 0.1201137 0.06768107 0.003598988 0.1306568 0.06749999 0.00260818 0.1303884 0.06768107 0.001550734 0.1411986 0.06749999 5.31569e-4 0.1410765 0.06942087 0.003310859 0.1414095 0.06835889 0.002617955 0.1413264 0.06942087 0.02711755 0.09595918 0.06942087 0.0197978 0.1034613 0.06942087 0.01364117 0.1119443 0.06942087 0.008777856 0.1212292 0.06942087 0.005309998 0.1311204 0.06835889 0.004636466 0.1309379 0.06835889 0.008137822 0.1209511 0.06835889 0.01304829 0.1115764 0.06835889 0.01926428 0.1030116 0.06835889 0.02665472 0.09543687 0.06942087 0.03269726 0.09148842 0.06777828 0.03243637 0.0873391 0.06784009 0.03224825 0.08718144 0.06785756 0.03227865 0.08713144 0.07051891 0.0341745 0.09069365 0.06936132 0.03343093 0.09091645 0.06941032 0.03417414 0.09036707 0.06920105 0.03414207 0.09025865 0.06848382 0.03315913 0.09040153 0.06861013 0.03397548 0.08984029 0.06784117 0.03269571 0.08964753 0.06817799 0.03374165 0.08937031 0.06779384 0.03331595 0.08863329 0.0675581 0.03211688 0.08878183 0.067698 0.03303927 0.08819925 0.06759297 0.03167408 0.0881443 0.06917393 0.03492641 0.08912295 0.06915277 0.03492784 0.08908319 0.06929594 0.03503853 0.08901542 0.0801506 0.05389112 0.08056819 0.08014321 0.05474489 0.08031404 0.08081847 0.05491095 0.0808168 0.0797075 0.0500124 0.08185148 0.08094894 0.05184286 0.0819261 0.08032596 0.0488187 0.08300888 0.07846426 0.04618442 0.08333349 0.07919156 0.04577732 0.08423823 0.07680177 0.0430597 0.08471149 0.07763278 0.04293781 0.08551937 0.07647407 0.04255473 0.08494907 0.07351821 0.03885459 0.08682274 0.06961053 0.03480494 0.0898019 0.06994295 0.03482449 0.08996063 0.07301384 0.03743064 0.08839988 0.07574635 0.0403496 0.08680558 0.07067984 0.03616291 0.08834046 0.07833987 0.06134772 0.07866185 0.07581138 0.06572067 0.07787948 0.07641005 0.06659585 0.07843852 0.07258564 0.06986051 0.07736718 0.07343405 0.07037192 0.07800537 0.06941711 0.07316523 0.07711613 0.07007789 0.07385665 0.07776898 0.07961702 0.0579701 0.07943695 0.07867825 0.06059736 0.07882118 0.08100515 0.05604588 0.08063721 0.079553 0.06108188 0.07940506 0.06994295 0.07436966 0.07786041 0.069094 0.07347261 0.07709985 0.0643813 -0.05574548 0.08824741 0.06701695 -0.05373197 0.08514046 0.06743985 -0.05246067 0.08392518 0.06747388 -0.05161368 0.08433163 0.0670107 -0.05314463 0.08578252 0.06659764 -0.053824 0.08642643 0.06604802 -0.05507522 0.08642452 0.06521403 -0.05580031 0.08711761 0.06594979 -0.05458027 0.08714306 0.06564754 -0.006430864 0.1476454 0.06749999 1.26809e-5 0.1480555 0.06706786 -0.004340589 0.146228 0.06749999 -1.50889e-4 0.1478101 0.06749999 -0.001377046 0.1459808 0.06717771 -0.01318728 0.1330339 0.06749999 -0.011482 0.1315574 0.06726872 -0.0222395 0.1204453 0.06749999 -0.02233302 0.1172274 0.06734365 -0.03170239 0.1081501 0.06749999 -0.03596746 0.1006776 0.06740272 -0.04156059 0.09617358 0.06749999 -0.04997694 0.08512437 0.06644141 -0.04360443 0.09798866 0.06342077 -0.007965445 0.1486859 0.0637331 -0.01685881 0.1357054 0.06402605 -0.02593809 0.1233242 0.06430542 -0.03540968 0.1112336 0.0658735 -0.01527959 0.1345562 0.0660789 -0.02432429 0.1220681 0.0662685 -0.03377109 0.1098707 0.06456953 -0.04525822 0.09945726 -0.07028043 -0.03966516 0.1045292 -0.06976813 -0.02570408 0.1227341 -0.07183098 -0.02415937 0.1215553 -0.07349997 -0.04728603 0.08581155 -0.07349997 -0.04994559 0.0828427 -0.07318001 -0.05161136 0.08434003 -0.06977128 -0.01249867 0.1413832 -0.07017028 -0.006199896 0.1508671 -0.07349997 -0.03169924 0.1038805 -0.07349997 -0.02438884 0.1129902 -0.07312321 -0.02214217 0.1200375 -0.07349997 -0.03035742 0.1055126 -0.07328015 -0.0360887 0.1015698 -0.07218068 -0.03807222 0.1032211 -0.07219177 -0.05320602 0.08577346 -0.07062059 -0.05451685 0.08695167 -0.0731911 -0.0526694 0.08311492 -0.07221353 -0.05425673 0.08456373 -0.07065117 -0.05556428 0.08575707 -0.07349997 -0.05186015 0.08074086 -0.07349777 -0.05228888 0.08055537 -0.07320189 -0.05373728 0.08189749 -0.07223492 -0.05531722 0.08336162 -0.07068133 -0.05662131 0.08457005 -0.07084697 -0.06234902 0.07898455 -0.07228505 -0.06113106 0.0780307 -0.07171922 -0.06557995 0.07583266 -0.07299691 -0.05668401 0.07976055 -0.07330632 -0.05595207 0.07901823 -0.07324987 -0.05665326 0.07870388 -0.07055956 -0.05907464 0.08218485 -0.06973356 -0.0612694 0.08092707 -0.07200497 -0.05799335 0.08108824 -0.07137542 -0.06025725 0.08006638 -0.07261466 -0.0589956 0.07891166 -0.07307273 -0.06009846 0.077129 -0.07257801 -0.06478136 0.07545429 -0.07254368 -0.06631582 0.07462799 -0.07319217 -0.0671513 0.07355254 -0.07068216 -0.058959 0.0821554 -0.07219678 -0.05775153 0.08093285 -0.07316243 -0.05629199 0.07945513 -0.07315307 -0.0550428 0.08076143 -0.07344335 -0.05404508 0.07980781 -0.07217901 -0.05653274 0.08220297 -0.07065743 -0.05776315 0.08339345 -0.07392883 -0.05567675 0.0777117 -0.07358568 -0.05577445 0.07822817 -0.07481735 -0.05558317 0.07697427 -0.07410728 -0.05564475 0.07751351 -0.0748825 0.002655625 0.08548825 -0.07442516 -0.008120477 0.08568954 -0.07433933 0.003049314 0.08592766 -0.07403659 0.003376126 0.08629107 -0.07370322 -0.008167743 0.08676993 -0.07386559 0.003621876 0.08656346 -0.07373213 0.003868997 0.08683663 -0.07349997 -0.008215129 0.08785432 -0.07370322 -0.02374285 0.08543461 -0.07349997 -0.02388072 0.08651125 -0.07370322 -0.03915202 0.08280271 -0.07349997 -0.03937935 0.08386409 -0.07442516 -0.05126243 0.07865804 -0.07442516 -0.02360552 0.08436197 -0.07442516 -0.03892552 0.08174526 -0.07370322 -0.05156069 0.07969754 -0.07545101 0.003356218 0.08503144 -0.076258 0.003451704 0.08465188 -0.07698655 0.003812491 0.08426064 -0.08684712 0.007748126 0.07976317 -0.07364594 -0.05205196 0.0797156 -0.07483911 -0.05163723 0.07820421 -0.07464379 -0.05167353 0.07834064 -0.07403111 -0.05184429 0.07896852 -0.07387846 -0.05190944 0.07920432 -0.092 -0.0259999 0.04499983 -0.092 -0.02653574 0.04699999 -0.092 -0.02799987 0.048464 -0.092 -0.02999997 0.04899996 -0.092 -0.03199988 0.048464 -0.092 -0.03346401 0.04699999 -0.092 -0.03399986 0.04499983 -0.092 -0.03346401 0.04299998 -0.092 -0.03199988 0.04153585 -0.092 -0.02999997 0.04099982 -0.092 -0.02799987 0.04153585 -0.092 -0.02653574 0.04299998 -0.092 0.003999948 0.04499983 -0.092 0.003464043 0.04699999 -0.092 0.001999974 0.048464 -0.092 0 0.04899996 -0.092 -0.001999974 0.048464 -0.092 -0.003464043 0.04699999 -0.092 -0.003999948 0.04499983 -0.092 -0.003464043 0.04299998 -0.092 -0.001999974 0.04153585 -0.092 0 0.04099982 -0.092 0.001999974 0.04153585 -0.092 0.003464043 0.04299998 -0.07498461 0.003524661 0.08524745 -0.07455563 0.003551781 0.08561831 -0.07407939 0.003606379 0.08620727 -0.07062357 0.09362328 0.0684061 -0.07062357 0.0812543 0.06654179 -0.07062357 0.06874567 0.06654179 -0.07062357 0.05637657 0.0684061 -0.07062357 0.04442363 0.07209306 -0.07062357 0.03315383 0.07752037 -0.07062357 0.02281874 0.08456677 -0.07062357 0.0136491 0.09307479 -0.07062357 0.005850136 0.1028544 -0.07062357 -4.04097e-4 0.1136873 -0.07062357 -0.004973948 0.1253312 -0.07062357 -0.007757425 0.1375263 -0.07062357 -0.008692204 0.15 -0.07062357 -0.007757425 0.1624736 -0.07062357 -0.004973948 0.1746687 -0.07062357 -4.04097e-4 0.1863127 -0.07062357 0.005850136 0.1971455 -0.07062357 0.0136491 0.2069252 -0.07062357 0.02281874 0.2154332 -0.07062357 0.03315383 0.2224796 -0.07062357 0.04442363 0.2279069 -0.07062357 0.05637657 0.2315939 -0.07062357 0.06874567 0.2334582 -0.07062357 0.0812543 0.2334582 -0.07062357 0.09362328 0.2315939 -0.07062357 0.1055762 0.2279069 -0.07062357 0.1168461 0.2224796 -0.07062357 0.1271812 0.2154332 -0.07062357 0.1363507 0.2069252 -0.07062357 0.1441497 0.1971455 -0.07062357 0.150404 0.1863127 -0.07062357 0.154974 0.1746687 -0.07062357 0.1577574 0.1624736 -0.07062357 0.1586922 0.15 -0.07062357 0.1577574 0.1375263 -0.07062357 0.154974 0.1253312 -0.07062357 0.150404 0.1136873 -0.07062357 0.1441497 0.1028544 -0.07062357 0.1363507 0.09307479 -0.07062357 0.1271812 0.08456677 -0.07062357 0.1168461 0.07752037 -0.07062357 0.1055762 0.07209306 -0.07249999 0.1581425 0.1323274 -0.07180774 0.1589283 0.1373498 -0.07180774 0.1561055 0.1249822 -0.07180774 0.1451281 0.1021874 -0.07249999 0.1515823 0.1131199 -0.07180774 0.151471 0.1131735 -0.07249999 0.1526513 0.1154274 -0.07249999 0.1562237 0.1249458 -0.07180774 0.1372188 0.09226936 -0.07249999 0.1437664 0.1000382 -0.07249999 0.1452302 0.1021178 -0.07180774 0.1060088 0.0709908 -0.07249999 0.1175 0.07638782 -0.07180774 0.1174381 0.07649487 -0.07249999 0.1279966 0.08354431 -0.07180774 0.1279194 0.08364093 -0.07249999 0.1318761 0.08683264 -0.07249999 0.1373094 0.09218531 -0.07180774 0.09388673 0.06725162 -0.07249999 0.1012664 0.06916016 -0.07249999 0.106054 0.0708757 -0.07180774 0.06865715 0.0653609 -0.07249999 0.08135205 0.06523764 -0.07180774 0.08134281 0.0653609 -0.07249999 0.08388489 0.06546562 -0.07249999 0.09391427 0.0671311 -0.07180774 0.05611318 0.06725162 -0.07249999 0.06611508 0.06546562 -0.07249999 0.06864792 0.06523764 -0.07180774 0.02208042 0.08364093 -0.07249999 0.03249984 0.07638782 -0.07180774 0.03256165 0.07649487 -0.07249999 0.04394584 0.0708757 -0.07180774 0.04399102 0.0709908 -0.07249999 0.04873353 0.06916016 -0.07249999 0.0560857 0.0671311 -0.07180774 0.0127812 0.09226936 -0.07249999 0.0181238 0.08683264 -0.07249999 0.02200335 0.08354431 -0.07180774 -0.001470923 0.1131735 -0.07249999 0.004769623 0.1021178 -0.07180774 0.004871726 0.1021874 -0.07249999 0.006233513 0.1000382 -0.07249999 0.01269054 0.09218531 -0.07180774 -0.006105542 0.1249822 -0.07249999 -0.002651274 0.1154274 -0.07249999 -0.001582264 0.1131199 -0.07180774 -0.008928358 0.1626501 -0.07249999 -0.00999999 0.15 -0.07180774 -0.00987637 0.15 -0.07249999 -0.009050607 0.1373314 -0.07180774 -0.008928358 0.1373498 -0.07249999 -0.00814253 0.1323274 -0.07249999 -0.006223618 0.1249458 -0.07180774 -0.006105542 0.1750177 -0.07249999 -0.00814253 0.1676725 -0.07249999 -0.009050607 0.1626685 -0.07180774 0.004871726 0.1978126 -0.07249999 -0.001582264 0.1868801 -0.07180774 -0.001470923 0.1868265 -0.07249999 -0.002651274 0.1845726 -0.07249999 -0.006223618 0.1750541 -0.07180774 0.0127812 0.2077306 -0.07249999 0.006233513 0.1999617 -0.07249999 0.004769623 0.1978822 -0.07180774 0.04399102 0.2290092 -0.07249999 0.03249984 0.2236121 -0.07180774 0.03256165 0.2235051 -0.07249999 0.02200335 0.2164556 -0.07180774 0.02208042 0.216359 -0.07249999 0.0181238 0.2131673 -0.07249999 0.01269054 0.2078146 -0.07180774 0.05611318 0.2327483 -0.07249999 0.04873353 0.2308398 -0.07249999 0.04394584 0.2291243 -0.07180774 0.08134281 0.234639 -0.07249999 0.06864792 0.2347623 -0.07180774 0.06865715 0.234639 -0.07249999 0.06611508 0.2345343 -0.07249999 0.0560857 0.2328689 -0.07180774 0.09388673 0.2327483 -0.07249999 0.08388489 0.2345343 -0.07249999 0.08135205 0.2347623 -0.07180774 0.1279194 0.216359 -0.07249999 0.1175 0.2236121 -0.07180774 0.1174381 0.2235051 -0.07249999 0.106054 0.2291243 -0.07180774 0.1060088 0.2290092 -0.07249999 0.1012664 0.2308398 -0.07249999 0.09391427 0.2328689 -0.07180774 0.1372188 0.2077306 -0.07249999 0.1318761 0.2131673 -0.07249999 0.1279966 0.2164556 -0.07180774 0.151471 0.1868265 -0.07249999 0.1452302 0.1978822 -0.07180774 0.1451281 0.1978126 -0.07249999 0.1437664 0.1999617 -0.07249999 0.1373094 0.2078146 -0.07180774 0.1561055 0.1750177 -0.07249999 0.1526513 0.1845726 -0.07249999 0.1515823 0.1868801 -0.07249999 0.1590506 0.1373314 -0.07249999 0.16 0.15 -0.07180774 0.1598764 0.15 -0.07249999 0.1590506 0.1626685 -0.07180774 0.1589283 0.1626501 -0.07249999 0.1581425 0.1676725 -0.07249999 0.1562237 0.1750541 -0.07108575 0.1594142 0.15 -0.07108575 0.1584714 0.1625813 -0.07108575 0.1556639 0.1748815 -0.07108575 0.1510546 0.1866258 -0.07108575 0.1447463 0.1975522 -0.07108575 0.13688 0.2074162 -0.07108575 0.1276314 0.2159976 -0.07108575 0.1172071 0.2231048 -0.07108575 0.10584 0.2285789 -0.07108575 0.09378391 0.2322977 -0.07108575 0.08130824 0.2341781 -0.07108575 0.06869167 0.2341781 -0.07108575 0.05621606 0.2322977 -0.07108575 0.04415988 0.2285789 -0.07108575 0.03279274 0.2231048 -0.07108575 0.02236855 0.2159976 -0.07108575 0.01311987 0.2074162 -0.07108575 0.005253612 0.1975522 -0.07108575 -0.001054525 0.1866258 -0.07108575 -0.005663812 0.1748815 -0.07108575 -0.008471369 0.1625813 -0.07108575 -0.009414196 0.15 -0.07108575 -0.008471369 0.1374187 -0.07108575 -0.005663812 0.1251184 -0.07108575 -0.001054525 0.113374 -0.07108575 0.005253612 0.1024478 -0.07108575 0.01311987 0.09258371 -0.07108575 0.02236855 0.08400231 -0.07108575 0.03279274 0.07689511 -0.07108575 0.04415988 0.07142102 -0.07108575 0.05621606 0.06770223 -0.07108575 0.06869167 0.06582182 -0.07108575 0.08130824 0.06582182 -0.07108575 0.09378391 0.06770223 -0.07108575 0.10584 0.07142102 -0.07108575 0.1172071 0.07689511 -0.07108575 0.1276314 0.08400231 -0.07108575 0.13688 0.09258371 -0.07108575 0.1447463 0.1024478 -0.07108575 0.1510546 0.113374 -0.07108575 0.1556639 0.1251184 -0.07108575 0.1584714 0.1374187 0.06719106 0.1019409 0.08017218 0.06624817 0.1031532 0.07916057 0.06493496 0.1039654 0.07848286 0.06507605 0.1098325 0.08536899 0.009934663 0.1069943 0.06214833 0.01056897 0.1072912 0.06727701 0.004596114 0.1135668 0.04504168 5.04777e-6 0.1136121 0.04510366 0.009507119 0.1070964 0.06352299 -0.00963515 0.107102 0.06409472 7.97212e-7 0.1076591 0.06709247 1.95205e-6 0.1076833 0.05942171 2.65613e-6 0.1084563 0.05555164 -0.008442282 0.107486 0.05889976 -0.008498013 0.1074468 0.05914866 -0.004596114 0.1135703 0.04503715 4.22448e-6 0.1114703 0.04830551 3.41982e-6 0.1097274 0.05182451 0.008506953 0.1074426 0.05915844 0.008450329 0.1074823 0.05890512 -0.01069629 0.1074463 0.06828474 -0.01007986 0.1069979 0.06337088 -0.007297039 0.1120536 0.04386991 -0.006655037 0.1128481 0.04448115 -0.005673587 0.1133821 0.04489225 -0.00565809 0.1236177 0.03131085 -0.004606962 0.1234617 0.03315109 -0.004574537 0.1204631 0.03773409 -0.004592955 0.122151 0.03584748 -0.00565809 0.1225418 0.03475964 -0.004599452 0.1227457 0.034868 -0.006647408 0.1229496 0.03123289 -0.00729531 0.1219506 0.03111606 -0.006647408 0.1219478 0.03444397 -0.00729531 0.1210597 0.03397202 -0.00565809 0.1203114 0.03755897 -0.006647408 0.1198711 0.03705054 -0.00729531 0.1192126 0.03629022 -0.004585564 0.116833 0.04121226 -0.005668342 0.1166617 0.04105049 -0.006655097 0.1161698 0.04058635 -0.007299304 0.1154366 0.03989446 0 0 0 0.004574537 0.1204631 0.03773409 0.004578292 0.1207609 0.03746533 0.004595637 0.1224149 0.03544378 0.004604399 0.1232436 0.03377753 0.004606783 0.1234659 0.03313773 0.00565809 0.1203114 0.03755897 0.00565809 0.1230283 0.03369426 0.00565809 0.121128 0.0367636 0.006647408 0.1198711 0.03705054 0.006647408 0.1206314 0.03630995 0.00729531 0.1192126 0.03629022 0.00729531 0.1198889 0.03563159 0.006647408 0.1224009 0.03345215 0.00729531 0.1214626 0.03308975 0.007297039 0.1120499 0.04387468 0.004585564 0.1168311 0.04121422 0.005673587 0.1133785 0.04489684 0.005668342 0.1166597 0.04105252 0.006655037 0.1128444 0.0444858 0.006655216 0.1161678 0.04058837 0.007299304 0.1154346 0.03989648 0.06828188 0.0732212 0.07393062 0.06801104 0.07346308 0.07473027 0.06895166 0.07311278 0.07667869 0.06851261 0.07352507 0.07656604 0.0688464 0.07255274 0.07579451 0.06819623 0.0736202 0.07613396 0.06835025 0.07309955 0.07570523 0.06785279 0.07387179 0.0753498 0.06780791 0.07394415 0.07516342 0.06857371 0.07265084 0.07528859 0.06853026 0.07267832 0.07518714 0.0683372 0.07290494 0.07455313 0.06931215 0.07176882 0.07436037 0.06887179 0.07236576 0.07541859 0.06950557 0.07261598 0.07258069 0.06913608 0.07194191 0.07454872 0.06917631 0.07203286 0.07379728 0.06928527 0.0722773 0.07315152 0.06866151 0.07246357 0.07466542 0.06855982 0.07271468 0.07401663 0.06859314 0.07305806 0.07340323 0.0688771 0.07225817 0.07417732 0.06887608 0.07252204 0.07353031 0.06899785 0.07287776 0.07294076 0.07992571 0.05352544 0.07565605 0.07980769 0.05343359 0.07583492 0.07968842 0.05357509 0.07595843 0.07937878 0.05363047 0.07655537 0.07998842 0.05370032 0.07552534 0.07962155 0.05380648 0.07598227 0.07199144 0.06892448 0.07547307 0.07795971 0.05915004 0.07653701 0.07481694 0.06514215 0.07577085 0.07929527 0.05710703 0.07899564 0.07954472 0.05449676 0.07951998 0.07927286 0.05430334 0.07888233 0.07224482 0.06921374 0.07649797 0.07272142 0.0696783 0.077367 0.07877868 0.05648607 0.07698678 0.07811504 0.05943006 0.07758373 0.07504606 0.06542533 0.07680308 0.07855993 0.05979681 0.07851421 0.07888376 0.05677288 0.07803791 0.07913553 0.05390495 0.07752466 0.07552355 0.06585597 0.07768899 0.07567352 0.03965574 0.08108443 0.07603657 0.04166811 0.08119386 0.07330238 0.03800755 0.08311527 0.07750236 0.0426498 0.07962459 0.07888394 0.04588866 0.07821941 0.07795757 0.04548722 0.07945066 0.07968318 0.04899781 0.07703226 0.07907569 0.04945683 0.07790464 0.08000773 0.05222779 0.0759592 0.07308882 0.03649669 0.08280217 0.07011419 0.03367459 0.08450102 0.06974655 0.0345366 0.08518004 0.06749999 0.01937592 0.0907703 0.06786215 0.01918727 0.08891159 0.06911224 0.01900446 0.08711177 0.06886619 0.03242474 0.08550477 0.06860786 0.03240239 0.08580893 0.06860256 0.03240191 0.08581572 0.06828361 0.03236871 0.08627283 0.068044 0.03233045 0.08670508 0.07041424 0.03266185 0.08433634 0.07030814 0.03263634 0.08439183 0.06983655 0.03254175 0.08467501 0.06939911 0.03247964 0.08499991 0.06911224 8.46371e-4 0.08807247 0.06911224 -0.01731956 0.0872752 0.06838649 -0.04923605 0.08238023 0.06911224 -0.0490185 0.08157414 0.06911224 -0.03532367 0.0847274 0.06944727 -0.04894489 0.08130133 0.06749999 -0.03601431 0.08833932 0.06786215 -0.04948997 0.08332067 0.06749999 8.62919e-4 0.09174984 0.06786215 8.54514e-4 0.08988153 0.06749999 -0.01765823 0.09093695 0.06786215 -0.01748615 0.08907663 0.06786215 -0.03566342 0.08650428 0.06947106 -0.05076104 0.08076632 0.06776136 -0.05127823 0.0830121 0.06844758 -0.05098062 0.08176982 0.06777524 -0.05214101 0.08261305 0.06850558 -0.051871 0.08138978 0.06956368 -0.05168771 0.0804153 0.0662586 -0.06205815 0.07956361 0.06703633 -0.06200826 0.078462 0.06758469 -0.05702263 0.08049315 0.06526386 -0.07099103 0.07522904 0.06811046 -0.06209027 0.07756304 0.06965225 -0.05693465 0.07863926 0.06849139 -0.05692124 0.07942724 0.06627827 -0.06647837 0.0767821 0.06534749 -0.06637543 0.07775402 0.06426334 -0.07056802 0.07609385 0.06585508 -0.06409037 0.07870012 0.06583768 -0.06417322 0.07866537 0.06562334 -0.06516468 0.07825213 0.06743901 -0.05247694 0.08391791 0.06740629 -0.05308353 0.08362722 0.06711733 -0.05639737 0.08207851 0.06692123 -0.05497992 0.08421802 0.06585633 -0.05630636 0.0855363 0.06430065 -0.06591057 0.07925677 0.06433153 -0.05738335 0.0866068 0.092 -0.03399986 0.04499983 0.092 -0.03346401 0.04699999 0.092 -0.03199988 0.048464 0.092 -0.02999997 0.04899996 0.092 -0.02799987 0.048464 0.092 -0.02653574 0.04699999 0.092 -0.0259999 0.04499983 0.092 -0.02653574 0.04299998 0.092 -0.02799987 0.04153585 0.092 -0.02999997 0.04099982 0.092 -0.03199988 0.04153585 0.092 -0.03346401 0.04299998 0.092 -0.003999948 0.04499983 0.092 -0.003464043 0.04699999 0.092 -0.001999974 0.048464 0.092 0 0.04899996 0.092 0.001999974 0.048464 0.092 0.003464043 0.04699999 0.092 0.003999948 0.04499983 0.092 0.003464043 0.04299998 0.092 0.001999974 0.04153585 0.092 0 0.04099982 0.092 -0.001999974 0.04153585 0.092 -0.003464043 0.04299998 0.09999996 0.1352854 0.1795706 0.09999996 0.1329153 0.181875 0.09999996 0.1351119 0.1795095 0.09999996 0.1325528 0.1805219 0.09999996 0.1324591 0.1779779 0.09999996 0.1315622 0.1795313 0.09999996 0.1310456 0.1774533 0.09999996 0.1302091 0.1791687 0.09999996 0.1288506 0.177585 0.09999996 0.128856 0.1795313 0.09999996 0.1269798 0.1787409 0.09999996 0.1278654 0.1805219 0.09999996 0.1258803 0.1806454 0.09999996 0.1258146 0.1828435 0.09999996 0.1275027 0.181875 0.09999996 0.1267982 0.1848103 0.09999996 0.1278654 0.1832281 0.09999996 0.1279591 0.1857721 0.09999996 0.128856 0.1842187 0.09999996 0.1306118 0.1873037 0.09999996 0.07985436 0.08270847 0.09999996 0.07965987 0.08282029 0.09999996 0.07635313 0.08390629 0.09999996 0.07953387 0.0830059 0.09999996 0.07734364 0.08489686 0.09999996 0.07949995 0.0831868 0.09999996 0.07770621 0.08625 0.09999996 0.07949995 0.08625 0.09999996 0.07734364 0.08760309 0.09999996 0.07924747 0.08773624 0.09999996 0.07635313 0.08859366 0.09999996 0.07803601 0.08957153 0.09999996 0.07499998 0.08895623 0.09999996 0.01471436 0.1795706 0.09999996 0.01744717 0.1805219 0.09999996 0.01449072 0.1795542 0.09999996 0.01708447 0.181875 0.09999996 0.01429665 0.1794417 0.09999996 0.07499998 0.08354371 0.09999996 0.07364684 0.08390629 0.09999996 0.01924818 0.1874235 0.09999996 0.01915055 0.1876254 0.09999996 0.1357033 0.1794417 0.09999996 0.1358124 0.1792934 0.09999996 0.01488792 0.1795095 0.09999996 0.0197907 0.1791687 0.09999996 0.01843774 0.1795313 0.09999996 0.07609951 0.0906136 0.09999996 0.07390046 0.0906136 0.09999996 0.07364684 0.08859366 0.09999996 0.07196396 0.08957153 0.09999996 0.07265627 0.08760309 0.09999996 0.0707525 0.08773624 0.09999996 0.07229369 0.08625 0.09999996 0.07049995 0.08625 0.09999996 0.07265627 0.08489686 0.09999996 0.07049995 0.0831868 0.09999996 0.0704661 0.0830059 0.09999996 0.01938802 0.1873037 0.09999996 0.1308493 0.1876254 0.09999996 0.1307516 0.1874235 0.09999996 0.01754087 0.1779779 0.09999996 0.01895415 0.1774533 0.09999996 0.02114397 0.1795313 0.09999996 0.02114927 0.177585 0.09999996 0.02213454 0.1805219 0.09999996 0.02301996 0.1787409 0.09999996 0.02411955 0.1806454 0.09999996 0.02249699 0.181875 0.09999996 0.02418529 0.1828435 0.09999996 0.02213454 0.1832281 0.09999996 0.0232017 0.1848103 0.09999996 0.02114397 0.1842187 0.09999996 0.02204084 0.1857721 0.09999996 0.0197907 0.1845812 0.09999996 0.01843774 0.1842187 0.09999996 0.01744717 0.1832281 0.09999996 0.1355092 0.1795542 0.09999996 0.1325528 0.1832281 0.09999996 0.1315622 0.1842187 0.09999996 0.1302091 0.1845812 0.09999996 0.08003729 0.08268821 0.09999996 0.09435397 0.08533412 0.09999996 0.1077703 0.09098845 0.09999996 0.01295346 0.12342 0.09999996 0.0209577 0.1095561 0.09999996 0.03200179 0.09796726 0.09999996 0.1249027 0.1954529 0.09999996 0.130775 0.1880183 0.09999996 0.130849 0.1878497 0.09999996 0.1367555 0.1227511 0.09999996 0.141162 0.1366274 0.09999996 0.1424906 0.1511258 0.09999996 0.1406792 0.1655718 0.09999996 0.119662 0.09938818 0.09999996 0.129476 0.1101425 0.09999996 0.07034009 0.08282029 0.09999996 0.0701456 0.08270847 0.09999996 0.06996268 0.08268821 0.09999996 0.06058788 0.08405649 0.09999996 0.04546409 0.08930492 0.09999996 0.007668614 0.1547688 0.09999996 0.008439183 0.1387788 0.09999996 0.01418763 0.1792934 0.09999996 0.01068508 0.1704905 0.09999996 0.1127955 0.2059262 0.09999996 0.09856253 0.2132539 0.09999996 0.01915103 0.1878497 0.09999996 0.01922494 0.1880183 0.09999996 0.02509731 0.1954529 0.09999996 0.03720444 0.2059262 0.09999996 0.05143731 0.2132539 0.09999996 0.08300423 0.2170237 0.09999996 0.06699573 0.2170237 0.06861507 0.07413816 0.07706999 0.06811577 0.07370954 0.07606041 -0.06738567 0.1097595 0.08482795 0.06778568 0.03309798 0.08756691 0.06847929 0.03451108 0.08860903 0.06820958 0.03421849 0.08834838 0.06810146 0.03406053 0.08829694 0.06799256 0.03386449 0.08807194 0.06853568 0.03423112 0.08943372 0.07514882 0.0414105 0.08343106 0.07511001 0.04093647 0.08245295 0.07562732 0.04171967 0.08208358 0.07273459 0.03792876 0.0839647 0.07597893 0.04247903 0.08406585 0.06902074 0.03468376 0.08639997 0.06926238 0.03449463 0.08575505 0.06997352 0.03518831 0.08547759 0.07898557 0.05076193 0.07848757 0.0695405 0.03443938 0.08534783 0.06970542 0.03450518 0.08520454 0.06898695 0.03498643 0.08840596 0.06890547 0.03495651 0.08773368 0.0702576 0.03607362 0.08741807 0.06889826 0.03490018 0.08732509 0.07000327 0.03573971 0.08641463 0.07304829 0.03875756 0.0859254 0.07545417 0.04170942 0.08443129 0.07758837 0.04533827 0.0827921 0.07875156 0.04837149 0.08157861 0.07939547 0.0513966 0.08050221 0.07835423 0.04770016 0.07957327 0.07903474 0.05110704 0.07951778 0.07566732 0.04218322 0.08306664 0.07725554 0.0450499 0.08179754 0.07721167 0.0446248 0.08079743 0.07840144 0.04808515 0.08058947 -0.07349997 -0.00814253 0.1323274 -0.07349997 -0.00999999 0.15 -0.07349997 -0.002651274 0.1154274 -0.07349997 0.006233513 0.1000382 -0.07349997 0.0181238 0.08683264 -0.07349997 0.03249984 0.07638782 -0.07349997 0.04873353 0.06916016 -0.07349997 0.06611508 0.06546562 -0.07349997 0.08388489 0.06546562 -0.07349997 0.1012664 0.06916016 -0.07349997 0.1175 0.07638782 -0.07349997 0.1318761 0.08683264 -0.07349997 0.1437664 0.1000382 -0.07349997 0.1526513 0.1154274 -0.07349997 0.1581425 0.1323274 -0.07349997 0.16 0.15 -0.07349997 0.1581425 0.1676725 -0.07349997 0.1526513 0.1845726 -0.07349997 0.1437664 0.1999617 -0.07349997 0.1318761 0.2131673 -0.07349997 0.1175 0.2236121 -0.07349997 0.1012664 0.2308398 -0.07349997 0.08388489 0.2345343 -0.07349997 0.06611508 0.2345343 -0.07349997 0.04873353 0.2308398 -0.07349997 0.03249984 0.2236121 -0.07349997 0.0181238 0.2131673 -0.07349997 0.006233513 0.1999617 -0.07349997 -0.002651274 0.1845726 -0.07349997 -0.00814253 0.1676725 0.06975418 0.03371685 0.08478116 0.07013839 0.03288882 0.08444923 0.06923449 0.03289586 0.08510446 0.06885546 0.0330531 0.08549934 0.06846433 0.03330516 0.08607661 0.06819003 0.0335536 0.08672493 0.06821626 0.03265452 0.08635997 0.06795144 0.03288584 0.08693069 0.06804102 0.03374207 0.08737915 0.06841111 0.03447514 0.08789789 0.06843858 0.03435802 0.08720934 0.06857711 0.03416621 0.08651185 0.06882685 0.0339455 0.08588182 0.0694077 0.03369534 0.08508139 0.06967151 0.03281992 0.08475339 0.1003059 0.01938802 0.1873037 0.1003059 0.01924818 0.1874235 0.1003059 0.01915055 0.1876254 0.1003059 0.01913809 0.1877495 0.1003059 0.01915103 0.1878497 0.1003059 0.01922494 0.1880183 0.1003059 0.1122909 0.2062638 0.1003059 0.1127955 0.2059262 0.1003059 0.1210538 0.1993486 0.1003059 0.1285572 0.1910837 0.1003059 0.130775 0.1880183 0.1003059 0.1025082 0.2116404 0.1003059 0.09856253 0.2132539 0.1003059 0.09197312 0.2153311 0.1003059 0.08300423 0.2170237 0.1003059 0.06981116 0.2173002 0.1003059 0.0809738 0.2172351 0.1003059 0.05879026 0.2155248 0.1003059 0.06699573 0.2170237 0.1003059 0.03720444 0.2059262 0.1003059 0.0383681 0.2066953 0.1003059 0.04821282 0.2119573 0.1003059 0.05143731 0.2132539 0.1003059 0.02952516 0.1998828 0.1003059 0.02192574 0.191706 0.1003059 0.1307516 0.1874235 0.1003059 0.1306118 0.1873037 0.1003059 0.130849 0.1878497 0.1003059 0.1308616 0.1877495 0.1003059 0.1308493 0.1876254 0.1008028 0.1302257 0.1870808 0.1010879 0.1279591 0.1857721 0.1005409 0.1305609 0.1872743 0.1007169 0.1304249 0.1871957 0.1008024 0.1302292 0.1870828 0.1010879 0.1324591 0.1779779 0.1011201 0.1322199 0.1778492 0.1013036 0.1306909 0.1774008 0.1015722 0.1276104 0.1782011 0.1014643 0.1290521 0.1775262 0.10162 0.126466 0.179377 0.1016049 0.1269801 0.1787407 0.1015083 0.1257526 0.1824988 0.1015974 0.125822 0.1808733 0.1012797 0.1267078 0.1847018 0.1014482 0.1259168 0.1832265 0.1014814 0.1258146 0.1828436 0.1003059 0.1351119 0.1795095 0.1008028 0.1347258 0.1792865 0.1007179 0.1349238 0.1794009 0.1005429 0.13506 0.1794795 0.1003106 0.1351119 0.1795094 0.1003059 0.1352854 0.1795706 0.1003059 0.1355092 0.1795542 0.1003059 0.1356229 0.1795029 0.1003059 0.1357033 0.1794417 0.1003059 0.1358124 0.1792934 0.1003059 0.08003729 0.08268821 0.1003059 0.08380097 0.08307617 0.1003059 0.09471029 0.08544182 0.1003059 0.1050805 0.08957308 0.1003059 0.1077703 0.09098845 0.1003059 0.1146281 0.09535694 0.1003059 0.119662 0.09938818 0.1003059 0.1230919 0.1026352 0.1003059 0.1302404 0.1112089 0.1003059 0.1358781 0.1208435 0.1003059 0.1367555 0.1227511 0.1003059 0.1398509 0.1312755 0.1003059 0.141162 0.1366274 0.1003059 0.14205 0.1422196 0.1003059 0.1424906 0.1511258 0.1003059 0.1424155 0.1533764 0.1003059 0.1409371 0.1644409 0.1003059 0.1376554 0.1751105 0.1003059 0.07953387 0.0830059 0.1003059 0.07949995 0.0831868 0.1003059 0.07985436 0.08270847 0.1003059 0.07976114 0.08274751 0.1003059 0.07965987 0.08282029 0.1008028 0.07949995 0.0836327 0.1010879 0.07949995 0.08625 0.1005409 0.07949995 0.08324557 0.1007169 0.07949995 0.08340275 0.1008024 0.07949995 0.08362853 0.1010879 0.07049995 0.08625 0.1011201 0.07050818 0.08652144 0.1013036 0.07088434 0.08806973 0.1015722 0.07311773 0.09033745 0.1014643 0.07181233 0.08942627 0.10162 0.0747081 0.0907405 0.1016049 0.07390022 0.09061354 0.1015083 0.0777685 0.08979755 0.1015974 0.07632607 0.09055018 0.1012797 0.07919871 0.0878688 0.1014482 0.07831656 0.08929139 0.1014814 0.07803606 0.08957141 0.1003059 0.07049995 0.0831868 0.1008028 0.07049995 0.0836327 0.1007179 0.07049995 0.08340394 0.1005429 0.07049995 0.08324676 0.1003106 0.07049995 0.0831868 0.1003059 0.0704661 0.0830059 0.1003059 0.07034009 0.08282029 0.1003059 0.07023876 0.08274751 0.1003059 0.0701456 0.08270847 0.1003059 0.06996268 0.08268821 0.1003059 0.007628381 0.1541629 0.1003059 0.007668614 0.1547688 0.1003059 0.009235858 0.1652094 0.1003059 0.01264166 0.17584 0.1003059 0.01418763 0.1792934 0.1003059 0.00786364 0.1430025 0.1003059 0.008439183 0.1387788 0.1003059 0.009934961 0.1320335 0.1003059 0.01295346 0.12342 0.1003059 0.01931065 0.1118562 0.1003059 0.01378566 0.1215559 0.1003059 0.0263586 0.1031997 0.1003059 0.0209577 0.1095561 0.1003059 0.04546409 0.08930492 0.1003059 0.04421633 0.0899282 0.1003059 0.03473687 0.0958231 0.1003059 0.03200179 0.09796726 0.1003059 0.05453765 0.08567625 0.1003059 0.0654186 0.08318346 0.1003059 0.01471436 0.1795706 0.1003059 0.01488792 0.1795095 0.1003059 0.01429665 0.1794417 0.1003059 0.01437693 0.1795029 0.1003059 0.01449072 0.1795542 0.1008028 0.0152741 0.1792865 0.1010879 0.01754087 0.1779779 0.1005409 0.01493895 0.1794801 0.1007169 0.01507496 0.1794015 0.1008024 0.01527065 0.1792886 0.1010879 0.02204084 0.1857721 0.1011201 0.02227187 0.1856293 0.1013036 0.02342456 0.1845293 0.1015722 0.02427166 0.1814613 0.1014643 0.02413547 0.1830474 0.10162 0.02382564 0.1798825 0.1016049 0.02411961 0.1806457 0.1015083 0.02147883 0.1777036 0.1015974 0.02285188 0.1785765 0.1012797 0.01909339 0.1774293 0.1014482 0.02076637 0.177482 0.1014814 0.02114915 0.1775849 0.1008028 0.01977407 0.1870808 0.1007179 0.01957613 0.1871951 0.1005429 0.01943993 0.1872737 0.1003106 0.01938802 0.1873037 0.1002119 0.01746308 0.1832188 0.1002119 0.01840418 0.1841773 0.1002119 0.01844698 0.1842026 0.1002119 0.0197907 0.1845627 0.1002119 0.02113473 0.1842026 0.1002119 0.02211838 0.1832188 0.1002119 0.02247858 0.181875 0.1002119 0.02211838 0.1805311 0.1002119 0.02113473 0.1795473 0.1002119 0.0197907 0.1791872 0.1002119 0.01844698 0.1795473 0.1002119 0.01746308 0.1805311 0.1002119 0.01710307 0.181875 0.1002119 0.07267236 0.08759385 0.1002119 0.07361334 0.08855241 0.1002119 0.07365614 0.08857762 0.1002119 0.07499998 0.08893769 0.1002119 0.07634383 0.08857762 0.1002119 0.0773276 0.08759385 0.1002119 0.07768768 0.08625 0.1002119 0.0773276 0.0849061 0.1002119 0.07634383 0.08392232 0.1002119 0.07499998 0.08356225 0.1002119 0.07365614 0.08392232 0.1002119 0.07267236 0.0849061 0.1002119 0.07231223 0.08625 0.1002119 0.1278815 0.1832188 0.1002119 0.1288225 0.1841773 0.1002119 0.1288653 0.1842026 0.1002119 0.1302091 0.1845627 0.1002119 0.1315529 0.1842026 0.1002119 0.1325367 0.1832188 0.1002119 0.1328968 0.181875 0.1002119 0.1325367 0.1805311 0.1002119 0.1315529 0.1795473 0.1002119 0.1302091 0.1791872 0.1002119 0.1288653 0.1795473 0.1002119 0.1278815 0.1805311 0.1002119 0.1275213 0.181875 0.1012634 0.1290456 0.1808972 0.09999996 0.1296639 0.1812542 0.1012697 0.1289101 0.181125 0.09999996 0.1293989 0.1817132 0.1012634 0.1287806 0.1813563 0.1012634 0.1313726 0.1828527 0.09999996 0.1307543 0.1824957 0.1012697 0.1315081 0.1826249 0.09999996 0.1310192 0.1820368 0.1012634 0.1316376 0.1823937 0.1012634 0.1311868 0.1807115 0.09999996 0.1308299 0.1813298 0.1012697 0.1309591 0.1805759 0.09999996 0.1303709 0.1810648 0.1012634 0.1307278 0.1804465 0.1012634 0.1292313 0.1830384 0.09999996 0.1295883 0.1824201 0.1012697 0.1294591 0.183174 0.09999996 0.1300473 0.1826851 0.1012634 0.1296904 0.1833034 0.09999996 0.131004 0.1820279 0.09999996 0.1300561 0.1826699 0.09999996 0.1299291 0.18133 0.09999996 0.1301791 0.181263 0.09999996 0.1307391 0.182487 0.09999996 0.1303621 0.1810799 0.09999996 0.1308211 0.1813449 0.09999996 0.1295608 0.1818506 0.09999996 0.1296791 0.181263 0.09999996 0.1294141 0.181722 0.09999996 0.1307584 0.1815297 0.09999996 0.1307711 0.1817244 0.09999996 0.1308574 0.1818993 0.09999996 0.1295971 0.1824049 0.09999996 0.1296598 0.1822202 0.09999996 0.129647 0.1820256 0.09999996 0.1305544 0.1824243 0.09999996 0.1303597 0.182437 0.09999996 0.1301847 0.1825233 0.1012634 0.0738365 0.08527225 0.09999996 0.07445478 0.08562922 0.1012697 0.07370096 0.0855 0.09999996 0.07418978 0.08608818 0.1012634 0.0735715 0.08573126 0.1012634 0.07616347 0.0872277 0.09999996 0.07554519 0.08687072 0.1012697 0.07629901 0.08699995 0.09999996 0.07581019 0.08641177 0.1012634 0.07642847 0.08676868 0.1012634 0.07597768 0.08508652 0.09999996 0.07562077 0.0857048 0.1012697 0.07574999 0.08495092 0.09999996 0.07516175 0.0854398 0.1012634 0.07551872 0.08482152 0.1012634 0.07402223 0.08741343 0.09999996 0.0743792 0.08679515 0.1012697 0.07424998 0.08754903 0.09999996 0.07483822 0.08706015 0.1012634 0.07448124 0.08767843 0.09999996 0.07484936 0.08568793 0.09999996 0.07502436 0.08560162 0.09999996 0.07435166 0.08622562 0.09999996 0.0751506 0.08681201 0.09999996 0.0749756 0.08689832 0.09999996 0.0756483 0.08627432 0.09999996 0.07554924 0.08590471 0.09999996 0.075562 0.08609938 0.09999996 0.07443791 0.08640056 0.09999996 0.07445067 0.08659523 0.09999996 0.07420498 0.086097 0.09999996 0.07446998 0.08563798 0.09999996 0.07465469 0.08570069 0.09999996 0.07484698 0.08704501 0.09999996 0.07438796 0.08678001 0.09999996 0.07579499 0.08640301 0.09999996 0.07552999 0.08686196 0.09999996 0.07534527 0.08679926 0.09999996 0.07515299 0.08545494 0.09999996 0.07561194 0.08571994 0.1012634 0.01862734 0.1808972 0.09999996 0.01924568 0.1812542 0.1012697 0.0184918 0.181125 0.09999996 0.01898068 0.1817132 0.1012634 0.0183624 0.1813563 0.1012634 0.02095431 0.1828527 0.09999996 0.02033603 0.1824957 0.1012697 0.02108991 0.1826249 0.09999996 0.02060103 0.1820368 0.1012634 0.02121931 0.1823937 0.1012634 0.02076858 0.1807115 0.09999996 0.02041161 0.1813298 0.1012697 0.02054083 0.1805759 0.09999996 0.01995259 0.1810648 0.1012634 0.02030944 0.1804465 0.1012634 0.01881313 0.1830384 0.09999996 0.01917004 0.1824201 0.1012697 0.01904088 0.183174 0.09999996 0.01962906 0.1826851 0.1012634 0.01927202 0.1833034 0.09999996 0.01922869 0.1820256 0.09999996 0.01914238 0.1818506 0.09999996 0.01976639 0.1825233 0.09999996 0.01994132 0.182437 0.09999996 0.01944547 0.1813257 0.09999996 0.02034008 0.1815297 0.09999996 0.0203529 0.1817244 0.09999996 0.01963788 0.1826699 0.09999996 0.01917874 0.1824049 0.09999996 0.01924157 0.1822202 0.09999996 0.01964014 0.1813129 0.09999996 0.01981508 0.1812266 0.09999996 0.02040272 0.1813449 0.09999996 0.01994383 0.1810799 0.09999996 0.01899582 0.181722 0.09999996 0.01926082 0.181263 0.09999996 0.02043908 0.1818993 0.09999996 0.02058583 0.1820279 0.09999996 0.02032089 0.182487 0.09999996 0.02013599 0.1824243 0.1014339 0.1296791 0.181263 0.1014339 0.1294141 0.181722 0.101455 0.1295419 0.1818275 0.1014652 0.1296285 0.1819701 0.1014634 0.1296635 0.1821314 0.1014577 0.1296598 0.1822203 0.1014503 0.1296444 0.1822939 0.1014339 0.1295971 0.1824049 0.1014339 0.1303621 0.1810799 0.101455 0.1302565 0.1812078 0.1014623 0.129929 0.18133 0.1014634 0.1299527 0.1813294 0.1014652 0.130114 0.1812945 0.1014623 0.1301792 0.1812629 0.1014503 0.1297902 0.1813102 0.1014339 0.1307391 0.182487 0.1014339 0.131004 0.1820279 0.101455 0.1308763 0.1819224 0.1014652 0.1307895 0.1817799 0.1014634 0.1307547 0.1816186 0.1014577 0.1307584 0.1815296 0.1014503 0.1307738 0.1814561 0.1014339 0.1308211 0.1813449 0.1014339 0.1300561 0.1826699 0.101455 0.1301616 0.1825422 0.1014652 0.1303042 0.1824554 0.1014634 0.1304655 0.1824206 0.1014577 0.1305544 0.1824243 0.1014503 0.130628 0.1824396 0.1014339 0.07446998 0.08563798 0.1014339 0.07420498 0.086097 0.101455 0.07433277 0.0862025 0.1014652 0.07441949 0.08634507 0.1014634 0.07445442 0.08650642 0.1014577 0.07445067 0.08659535 0.1014503 0.07443529 0.0866689 0.1014339 0.07438796 0.08678001 0.1014339 0.07515299 0.08545494 0.101455 0.07504743 0.08558279 0.1014652 0.07490491 0.08566951 0.1014634 0.07474356 0.08570438 0.1014577 0.07465457 0.08570069 0.1014503 0.07458108 0.08568531 0.1014339 0.07552999 0.08686196 0.1014339 0.07579499 0.08640301 0.101455 0.07566714 0.08629745 0.1014652 0.07558041 0.08615487 0.1014634 0.07554554 0.08599358 0.1014577 0.0755493 0.08590459 0.1014503 0.07556468 0.0858311 0.1014339 0.07561194 0.08571994 0.1014339 0.07484698 0.08704501 0.101455 0.07495248 0.08691716 0.1014652 0.07509505 0.08683043 0.1014634 0.0752564 0.08679556 0.1014577 0.07534533 0.08679926 0.1014503 0.07541888 0.08681464 0.1014339 0.01926082 0.181263 0.1014339 0.01899582 0.181722 0.101455 0.01912367 0.1818275 0.1014652 0.01921027 0.1819701 0.1014634 0.01924514 0.1821314 0.1014577 0.01924157 0.1822203 0.1014503 0.01922619 0.1822939 0.1014339 0.01917874 0.1824049 0.1014339 0.01994383 0.1810799 0.101455 0.01983833 0.1812078 0.1014652 0.01969563 0.1812945 0.1014634 0.01953428 0.1813294 0.1014577 0.01944535 0.1813257 0.1014503 0.0193718 0.1813102 0.1014339 0.02032089 0.182487 0.1014339 0.02058583 0.1820279 0.101455 0.02045804 0.1819224 0.1014652 0.02037119 0.1817799 0.1014634 0.02033632 0.1816186 0.1014577 0.02034008 0.1815296 0.1014503 0.02035552 0.1814561 0.1014339 0.02040272 0.1813449 0.1014339 0.01963788 0.1826699 0.101455 0.01974338 0.1825422 0.1014652 0.01988583 0.1824554 0.1014634 0.02004712 0.1824206 0.1014577 0.02013611 0.1824243 0.1014503 0.02020967 0.1824396 -0.05449998 0.05732232 0.1323223 -0.05449998 0.05190289 0.1404328 -0.05449998 0.04999995 0.15 -0.05449998 0.07499998 0.125 -0.05449998 0.0654329 0.1269029 -0.05449998 0.09809696 0.1404328 -0.05449998 0.09267765 0.1323223 -0.05449998 0.08456707 0.1269029 -0.05449998 0.1 0.15 -0.05449998 0.09809696 0.1595671 -0.05449998 0.05190289 0.1595671 -0.05449998 0.05732232 0.1676777 -0.05449998 0.0654329 0.173097 -0.05449998 0.07499998 0.175 -0.05449998 0.08456707 0.173097 -0.05449998 0.09267765 0.1676777 0.1010309 0.1312662 0.1800438 0.1010309 0.1302091 0.1797606 0.1010309 0.1291519 0.1800438 0.1010309 0.128378 0.1808178 0.1010309 0.1280947 0.181875 0.1010309 0.1291519 0.1837061 0.1010309 0.128378 0.1829321 0.1010309 0.1302091 0.1839894 0.1010309 0.1312662 0.1837061 0.1010309 0.1320402 0.1829321 0.1010309 0.1323235 0.181875 0.1010309 0.1320402 0.1808178 0.1010309 0.07605719 0.08441883 0.1010309 0.07499998 0.08413559 0.1010309 0.07394278 0.08441883 0.1010309 0.07316887 0.08519279 0.1010309 0.07288557 0.08625 0.1010309 0.07394278 0.08808112 0.1010309 0.07316887 0.08730715 0.1010309 0.07499998 0.08836436 0.1010309 0.07605719 0.08808112 0.1010309 0.0768311 0.08730715 0.1010309 0.0771144 0.08625 0.1010309 0.0768311 0.08519279 0.1010309 0.02084797 0.1800438 0.1010309 0.0197907 0.1797606 0.1010309 0.01873368 0.1800438 0.1010309 0.01795971 0.1808178 0.1010309 0.01767647 0.181875 0.1010309 0.01873368 0.1837061 0.1010309 0.01795971 0.1829321 0.1010309 0.0197907 0.1839894 0.1010309 0.02084797 0.1837061 0.1010309 0.021622 0.1829321 0.1010309 0.02190524 0.181875 0.1010309 0.021622 0.1808178 0.1012998 0.05480706 0.08652365 0.1022775 0.0519315 0.09770262 0.1012998 0.04462182 0.09071958 0.101585 0.08000415 0.08619695 0.1012997 0.08000415 0.08357745 0.1012998 0.08368504 0.08395785 0.1012998 0.1046842 0.0903691 0.1012998 0.1083053 0.09231334 0.1040518 0.09187829 0.1207659 0.1012998 0.03012412 0.1992256 0.1012998 0.0226249 0.1911565 0.1036707 0.03959542 0.1685379 0.1019697 0.02460283 0.1831024 0.1017753 0.02362716 0.1850593 0.101585 0.02224689 0.1862352 0.1012997 0.01997846 0.187545 0.1020697 0.02472794 0.1814414 0.1020818 0.02469307 0.1811546 0.1021175 0.02423179 0.1796857 0.1021187 0.02407854 0.1793994 0.102095 0.02314889 0.1782333 0.1020818 0.02286601 0.1779899 0.1020058 0.021622 0.1772627 0.1019717 0.02115941 0.1771014 0.1022775 0.01817476 0.1561707 0.1019458 0.02082973 0.1770164 0.1018016 0.01921576 0.1769252 0.1012997 0.01497417 0.1788775 0.1012998 0.01346319 0.1754996 0.101585 0.01724272 0.1775678 0.1012998 0.01010221 0.1650091 0.1012998 0.04169458 0.2076866 0.1012998 0.03885072 0.2059484 0.1040518 0.05812168 0.179234 0.1046181 0.05644434 0.1392869 0.105 0.07499998 0.15 0.1036707 0.07335203 0.1100698 0.1012997 0.06999582 0.08357745 0.101585 0.06999582 0.08619695 0.1012998 0.06554484 0.0840637 0.1017753 0.07032412 0.08798021 0.1019697 0.07153099 0.08980357 0.1020697 0.07290691 0.0907424 0.1020818 0.0731728 0.09085559 0.1021175 0.0746755 0.09119057 0.1021187 0.07499998 0.09120106 0.102095 0.07647472 0.09097892 0.1020818 0.07682698 0.09085571 0.1020058 0.07807874 0.09014189 0.1019717 0.07844972 0.08982199 0.1019458 0.07868814 0.0895791 0.1018016 0.07957416 0.08822685 0.1012998 0.09445059 0.08629232 0.1012998 0.03526729 0.09653681 0.1032229 0.03499013 0.1269003 0.1012998 0.02699941 0.1038162 0.1012998 0.008516013 0.1541081 0.1012998 0.008748114 0.1430947 0.1012998 0.01079201 0.1322702 0.1012998 0.01459217 0.1219305 0.1012998 0.02004414 0.1123587 0.1021175 0.1260927 0.1791236 0.1021187 0.1259213 0.1793994 0.1032602 0.1145876 0.1728559 0.1012998 0.13683 0.1747797 0.1012997 0.1350256 0.1788775 0.101585 0.1327571 0.1775678 0.1020818 0.1271341 0.1779897 0.1012998 0.1400685 0.1642507 0.1017753 0.1310486 0.1769605 0.1023148 0.1314035 0.1435858 0.1019697 0.1288661 0.1770939 0.1020697 0.1273651 0.1778161 0.1012998 0.1389966 0.1315221 0.1012998 0.1411668 0.1423221 0.1012998 0.1415274 0.1533319 0.1012998 0.1141059 0.09607678 0.1012998 0.1224583 0.1032592 0.1036787 0.1102087 0.131349 0.1012998 0.1295127 0.1117199 0.1012998 0.1350761 0.1212276 0.1046262 0.09335935 0.1605998 0.1036787 0.07645213 0.1898171 0.1012998 0.04856586 0.2111411 0.1012998 0.09174948 0.2144705 0.1012998 0.08089512 0.2163494 0.1012998 0.06987953 0.2164136 0.1012998 0.05900382 0.2146615 0.1023148 0.09764689 0.2020539 0.1012998 0.1021458 0.2108284 0.1012998 0.1117997 0.2055227 0.102095 0.1253764 0.1807876 0.1020818 0.1253069 0.1811544 0.1020058 0.1252992 0.1825953 0.1019717 0.1253908 0.1830765 0.101585 0.127753 0.1862352 0.1012997 0.1300215 0.187545 0.1012998 0.1278516 0.1905425 0.1019458 0.1254819 0.1834045 0.1018016 0.12621 0.1848479 0.1012998 0.120447 0.1986985 -0.07349997 0.04999995 0.15 -0.07349997 0.05190289 0.1595671 -0.07349997 0.05732232 0.1676777 -0.07349997 0.0654329 0.173097 -0.07349997 0.07499998 0.175 -0.07349997 0.08456707 0.173097 -0.07349997 0.09267765 0.1676777 -0.07349997 0.09809696 0.1595671 -0.07349997 0.1 0.15 -0.07349997 0.09809696 0.1404328 -0.07349997 0.09267765 0.1323223 -0.07349997 0.08456707 0.1269029 -0.07349997 0.07499998 0.125 -0.07349997 0.0654329 0.1269029 -0.07349997 0.05732232 0.1323223 -0.07349997 0.05190289 0.1404328 0.1006982 0.1302091 0.1843857 0.1006982 0.1314645 0.1840494 0.1006982 0.1323835 0.1831303 0.1006982 0.1327198 0.181875 0.1006982 0.1323835 0.1806195 0.1006982 0.1314645 0.1797006 0.1006982 0.1302091 0.1793642 0.1006982 0.1289536 0.1797006 0.1006982 0.1280347 0.1806195 0.1006982 0.1276983 0.181875 0.1006982 0.1280347 0.1831303 0.1006982 0.1289536 0.1840494 0.1006982 0.07499998 0.08876073 0.1006982 0.07625538 0.08842438 0.1006982 0.07717436 0.08750534 0.1006982 0.07751071 0.08625 0.1006982 0.07717436 0.08499461 0.1006982 0.07625538 0.08407562 0.1006982 0.07499998 0.08373922 0.1006982 0.07374459 0.08407562 0.1006982 0.07282561 0.08499461 0.1006982 0.0724892 0.08625 0.1006982 0.07282561 0.08750534 0.1006982 0.07374459 0.08842438 0.1006982 0.0197907 0.1843857 0.1006982 0.02104622 0.1840494 0.1006982 0.0219652 0.1831303 0.1006982 0.02230161 0.181875 0.1006982 0.0219652 0.1806195 0.1006982 0.02104622 0.1797006 0.1006982 0.0197907 0.1793642 0.1006982 0.01853543 0.1797006 0.1006982 0.01761645 0.1806195 0.1006982 0.0172801 0.181875 0.1006982 0.01761645 0.1831303 0.1006982 0.01853543 0.1840494 0.1009694 0.130605 0.1877962 0.1009725 0.1305588 0.1878833 0.1011663 0.1303593 0.1877577 0.1006631 0.1307188 0.1879835 0.1008059 0.1306611 0.1879475 0.100663 0.1307666 0.1878896 0.1008334 0.1306472 0.1879388 0.1004003 0.1307712 0.1880159 0.1005482 0.1307059 0.1873947 0.1007546 0.1305966 0.1873317 0.1009745 0.1302263 0.1871178 0.1012942 0.130058 0.1874805 0.101194 0.1303489 0.1876484 0.1012388 0.1301369 0.1873314 0.1011433 0.130414 0.1874914 0.1011336 0.130194 0.1872092 0.1010486 0.1304406 0.1873515 0.1009063 0.130424 0.187232 0.1008615 0.1306523 0.1874738 0.1009322 0.1306533 0.1876296 0.1006082 0.1307871 0.1875516 0.1006458 0.1308054 0.1877174 0.1015776 0.1277974 0.1861566 0.1015554 0.1278373 0.1860828 0.1015174 0.1278746 0.1860101 0.1014409 0.1279178 0.185919 0.1014099 0.1279293 0.1858924 0.1012591 0.1279596 0.1858077 0.1019554 0.1289816 0.1771168 0.1017938 0.1307828 0.1769946 0.1016098 0.1324515 0.1775023 0.1015776 0.1327112 0.1776456 0.1017699 0.1264165 0.1849997 0.1017097 0.1265414 0.1848911 0.1018791 0.1256902 0.1833333 0.1019394 0.1255105 0.1825612 0.1020293 0.1255769 0.1808313 0.102052 0.1262612 0.1792366 0.1020039 0.1274827 0.1779873 0.1018952 0.1290197 0.1772779 0.1017336 0.1307592 0.1771584 0.1015497 0.1323718 0.1776475 0.1015174 0.132623 0.1777857 0.1014099 0.1325483 0.1778919 0.101442 0.1323038 0.177758 0.1016259 0.1307349 0.1772859 0.1017872 0.1290451 0.1774049 0.1018958 0.1275534 0.1780956 0.1019437 0.1263684 0.179309 0.1019212 0.1257037 0.1808567 0.1018314 0.1256376 0.1825363 0.1017712 0.1258109 0.1832865 0.101602 0.1266353 0.1848015 0.1012591 0.1324902 0.1779605 0.1012912 0.1322498 0.1778301 0.1014749 0.1307108 0.1773722 0.1016359 0.1290568 0.1774933 0.1017442 0.127599 0.1781718 0.101792 0.1264414 0.179359 0.1017695 0.125791 0.1808717 0.10168 0.1257238 0.1825142 0.101451 0.1266947 0.1847342 0.1016198 0.1258918 0.1832486 0.1012942 0.134988 0.1789414 0.1012388 0.1348985 0.1790842 0.1011336 0.1348211 0.1791948 0.1009745 0.1347582 0.1792685 0.1006506 0.1357007 0.1793529 0.1006442 0.1357361 0.1792526 0.1011444 0.13541 0.1790801 0.1009015 0.1349641 0.1793873 0.1007546 0.1351284 0.1794823 0.1006342 0.1355708 0.1794724 0.1005979 0.1354176 0.1795392 0.1005399 0.1352404 0.1795469 0.1008615 0.1352794 0.1794594 0.1009322 0.1354148 0.1793823 0.1009694 0.135535 0.1792572 0.1010426 0.1350777 0.179343 0.1011366 0.1351869 0.1792507 0.1011869 0.135291 0.1791163 0.1009725 0.1355873 0.1791737 0.1007853 0.1357043 0.1792356 0.1009727 0.137419 0.1750158 0.1012803 0.08000832 0.08346533 0.1012098 0.08001577 0.08326333 0.1012108 0.08372604 0.08364588 0.1010934 0.08002293 0.08307284 0.1009727 0.08002781 0.08294302 0.1009727 0.08376777 0.08332878 0.1006284 0.1376059 0.1750906 0.1006284 0.1408849 0.1644295 0.1006284 0.1423621 0.1533737 0.1006284 0.141997 0.1422257 0.1006284 0.1397995 0.1312903 0.1006284 0.1358299 0.1208666 0.1006284 0.1301966 0.1112396 0.1006284 0.1230538 0.1026728 0.1006284 0.1145967 0.09540021 0.1006284 0.08379399 0.08312922 0.1007757 0.08003288 0.08280652 0.1006628 0.08003479 0.08275538 0.1006284 0.1050567 0.08962094 0.1006284 0.09469467 0.08549296 0.1012108 0.0945425 0.08599138 0.1012108 0.1048245 0.09008741 0.1012108 0.1142908 0.09582203 0.1012108 0.1226825 0.1030384 0.1012108 0.1297702 0.1115391 0.1012108 0.13536 0.1210917 0.1012108 0.1392989 0.1314349 0.1012108 0.1414793 0.1422858 0.1012108 0.1418416 0.1533477 0.1012108 0.1403759 0.164318 0.1012108 0.137122 0.1748968 0.1009727 0.0946359 0.08568549 0.1009727 0.1049669 0.08980113 0.1009727 0.1144785 0.09556317 0.1009727 0.1229104 0.102814 0.1009727 0.1300319 0.1113553 0.1009727 0.1356484 0.1209535 0.1009727 0.1396061 0.1313461 0.1009727 0.141797 0.1422489 0.1009727 0.142161 0.1533637 0.1009727 0.1406883 0.1643865 0.1012942 0.07993 0.08357805 0.1009694 0.07993 0.08294647 0.1005482 0.07953184 0.08305984 0.1007546 0.07953184 0.08318597 0.1009745 0.07953184 0.08361363 0.101194 0.07993 0.08324211 0.1012388 0.07976156 0.08358424 0.1011433 0.07976156 0.08326429 0.1011336 0.07962703 0.08359593 0.1010486 0.07962703 0.0833112 0.1009063 0.07953184 0.08338528 0.1008615 0.07962703 0.08306676 0.1009322 0.07976156 0.08298796 0.1006082 0.07962703 0.08291107 0.1006458 0.07976156 0.08281236 0.100663 0.07993 0.08275979 0.1015776 0.07991373 0.08619773 0.1015551 0.07982897 0.08620011 0.1015174 0.07974833 0.08620417 0.1014392 0.07964622 0.08621251 0.1014099 0.07961905 0.08621561 0.1012591 0.07953053 0.0862317 0.1019554 0.07149308 0.08969205 0.1017938 0.0704866 0.08819335 0.1016098 0.07009202 0.08649432 0.1015776 0.07008618 0.08619773 0.1017699 0.07960236 0.0879721 0.1017097 0.07944583 0.08791822 0.1018791 0.0785225 0.08943426 0.1019394 0.07794362 0.08997595 0.1020293 0.0764122 0.09078347 0.102052 0.07468903 0.09098815 0.1020039 0.07299637 0.09055495 0.1018952 0.07161343 0.08957856 0.1017336 0.07064026 0.08813184 0.1015497 0.07025754 0.08649075 0.1015174 0.07025164 0.08620417 0.1014099 0.07038092 0.08621561 0.1012591 0.07046943 0.0862317 0.101442 0.0703873 0.08649438 0.1012912 0.07047659 0.08650511 0.1016259 0.07076275 0.08808916 0.1014749 0.07084965 0.08806681 0.1017872 0.07171082 0.08949303 0.1016359 0.07178151 0.08943867 0.1018958 0.07305485 0.09043955 0.1017442 0.073098 0.09036201 0.1019437 0.07469815 0.09085917 0.101792 0.07470494 0.0907709 0.1019212 0.07637083 0.09066092 0.1017695 0.07634019 0.09057778 0.1018314 0.07785844 0.08987832 0.10168 0.07779622 0.08981472 0.1017712 0.07842147 0.08935314 0.1016198 0.07834821 0.08930206 0.101602 0.07932132 0.08788168 0.101451 0.07923334 0.08786386 0.1012942 0.07006996 0.08357805 0.1012388 0.07023841 0.08358424 0.1011336 0.07037287 0.08359593 0.1009745 0.07046812 0.08361363 0.1006506 0.07006996 0.08275508 0.1006442 0.06996542 0.08277457 0.1011444 0.06997913 0.08314329 0.1009015 0.07046812 0.08337587 0.1007546 0.07046812 0.08318597 0.1006342 0.07023841 0.08280789 0.1005979 0.07037287 0.08290714 0.1005399 0.07046812 0.08305668 0.1008615 0.07037287 0.08306676 0.1009322 0.07023841 0.08298796 0.1009694 0.07006996 0.08294647 0.1010426 0.07037287 0.08329957 0.1011366 0.07023841 0.08325117 0.1011869 0.07006996 0.08322823 0.1009725 0.06997144 0.08294296 0.1007853 0.06996661 0.08281064 0.1009727 0.06545478 0.08343565 0.1012803 0.01487511 0.1789299 0.1012098 0.0146963 0.1790245 0.1012108 0.01317244 0.17562 0.1010934 0.01452779 0.1791135 0.1009727 0.01441287 0.1791742 0.1009727 0.01287704 0.1757425 0.1006284 0.05455374 0.08572721 0.1006284 0.06542617 0.08323639 0.1006284 0.03476876 0.09586602 0.1006284 0.04424071 0.08997577 0.1006284 0.02639698 0.1032367 0.1006284 0.01383405 0.1215785 0.1006284 0.01935476 0.1118864 0.1006284 0.00998646 0.1320478 0.1006284 0.007681787 0.1541596 0.1006284 0.007916808 0.1430081 0.1006284 0.01269114 0.1758195 0.1007757 0.01429224 0.1792381 0.1006628 0.014247 0.179262 0.1006284 0.009287893 0.1651974 0.1012108 0.009795606 0.16508 0.1012108 0.008201956 0.1541275 0.1012108 0.00843513 0.1430621 0.1012108 0.01048868 0.1321865 0.1012108 0.01430678 0.121798 0.1012108 0.01978456 0.1121809 0.1012108 0.02677255 0.1035981 0.1012108 0.03507947 0.09628427 0.1012108 0.04447823 0.09043955 0.1012108 0.05471169 0.08622378 0.1012108 0.06550014 0.08375221 0.1009727 0.009484052 0.165152 0.1009727 0.007882714 0.1541472 0.1009727 0.00811702 0.1430289 0.1009727 0.01018053 0.1321014 0.1009727 0.01401662 0.1216633 0.1009727 0.01952069 0.1120002 0.1009727 0.02654206 0.1033763 0.1009727 0.03488886 0.09602761 0.1009727 0.0443325 0.09015494 0.1009727 0.0546149 0.08591902 0.1012942 0.01501178 0.1789414 0.1009694 0.01446491 0.1792572 0.1005482 0.01476222 0.1795454 0.1007546 0.01487129 0.1794823 0.1009745 0.01524174 0.1792685 0.101194 0.01472085 0.1791094 0.1012388 0.01510149 0.1790842 0.1011433 0.01482439 0.1792442 0.1011336 0.01517874 0.1791948 0.1010486 0.01493227 0.1793372 0.1009063 0.01504403 0.1793826 0.1008615 0.01472043 0.1794594 0.1009322 0.01458495 0.1793823 0.1006082 0.01458573 0.1795372 0.1006458 0.0144329 0.1794701 0.100663 0.01430314 0.1793506 0.1015776 0.01728874 0.1776456 0.1015554 0.01733267 0.177717 0.1015174 0.01737684 0.1777857 0.1014409 0.01743417 0.1778686 0.1014099 0.01745158 0.1778919 0.1012591 0.01750963 0.1779605 0.1019554 0.02452522 0.183191 0.1017938 0.02373045 0.184812 0.1016098 0.02245634 0.1860032 0.1015776 0.02220249 0.1861566 0.1017699 0.01898097 0.1770281 0.1017097 0.01901257 0.1771906 0.1018791 0.02078711 0.1772322 0.1019394 0.0215457 0.1774628 0.1020293 0.02301079 0.1783851 0.102052 0.02404958 0.1797752 0.1020039 0.02452087 0.1814576 0.1018952 0.02436661 0.1831434 0.1017336 0.02360033 0.1847097 0.1015497 0.02237045 0.1858617 0.1015174 0.02212536 0.1860101 0.1014099 0.02207052 0.1858924 0.101442 0.02230876 0.1857475 0.1016259 0.02350223 0.1846249 0.1017872 0.02424401 0.183102 0.1018958 0.02439165 0.1814647 0.1019437 0.02393341 0.1798318 0.1019212 0.02292531 0.1784823 0.1018314 0.0215038 0.1775853 0.1017712 0.02076745 0.1773602 0.101602 0.01904314 0.1773167 0.1012591 0.02204018 0.1858077 0.1012912 0.02227348 0.1856648 0.1014749 0.02343934 0.1845608 0.1016359 0.02416145 0.1830679 0.1017442 0.02430284 0.1814661 0.101792 0.0238536 0.17987 0.1017695 0.02286869 0.1785504 0.10168 0.0214799 0.177671 0.101451 0.01907169 0.1774018 0.1016198 0.02075994 0.1774492 0.1012942 0.01994186 0.1874805 0.1012388 0.01986289 0.1873314 0.1011336 0.01980578 0.1872092 0.1009745 0.0197736 0.1871178 0.1006506 0.01922923 0.1878919 0.1006442 0.01929831 0.1879727 0.1011444 0.01961082 0.1877765 0.1009015 0.0195676 0.1872367 0.1007546 0.01940315 0.1873317 0.1006342 0.0191906 0.1877197 0.1005979 0.01920932 0.1875536 0.1005399 0.01929134 0.1873963 0.1008615 0.01934754 0.1874738 0.1009322 0.01934665 0.1876296 0.1009694 0.01939493 0.1877962 0.1010426 0.01954931 0.1873573 0.1011366 0.01957458 0.187498 0.1011869 0.01963889 0.1876554 0.1009725 0.01944106 0.1878833 0.1007853 0.01932901 0.1879537 0.1011719 0.04841125 0.2114983 0.1011719 0.05891036 0.2150394 0.1008059 0.05882257 0.2153947 0.1008059 0.1284509 0.1910022 0.1008059 0.02203106 0.1916232 0.1011719 0.02231889 0.191397 0.1011719 0.1281605 0.1907794 0.1011719 0.1207127 0.1989831 0.1011719 0.1120147 0.2058472 0.1011719 0.1023043 0.2111839 0.1011719 0.09184736 0.2148472 0.1008059 0.1024536 0.2115181 0.1011719 0.08092957 0.216737 0.1011719 0.06984961 0.2168017 0.1011719 0.02986186 0.1995133 0.1008059 0.1209625 0.1992506 0.1008059 0.1122169 0.2061523 0.1008059 0.06982147 0.2171667 0.1008059 0.08096194 0.2171016 0.1008059 0.09193944 0.2152014 0.1008059 0.0296154 0.1997838 0.1008059 0.03844082 0.2065827 0.1011719 0.03863936 0.2062753 0.1008059 0.04826611 0.2118343 0.04137498 0.003181934 0.1617565 0.04174995 0.002739012 0.1612814 0.04238152 0.00386852 0.1624926 0.04303091 0.003612697 0.1622183 0.04275 0.00480622 0.1634982 0.04349982 0.00480622 0.1634982 0.04238152 0.00574398 0.1645038 0.04303091 0.005999684 0.1647781 0.04137498 0.006430447 0.1652399 0.04174995 0.006873369 0.165715 0.03999996 0.00668174 0.1655095 0.03999996 0.007193148 0.166058 0.038625 0.006430447 0.1652399 0.03824985 0.006873369 0.165715 0.03761827 0.00574398 0.1645038 0.03696876 0.005999684 0.1647781 0.03724998 0.00480622 0.1634982 0.03649985 0.00480622 0.1634982 0.03761827 0.00386852 0.1624926 0.03696876 0.003612697 0.1622183 0.038625 0.003181934 0.1617565 0.03824985 0.002739012 0.1612814 0.03999996 0.00293076 0.161487 0.03999996 0.002419233 0.1609385 0.03865599 0.005873024 0.1656861 0.03995096 0.006118237 0.1659491 0.03999996 0.006118535 0.1659494 0.04134368 0.005873024 0.1656861 0.04232758 0.005202054 0.1649666 0.04268771 0.004285514 0.1639838 0.04232758 0.003369033 0.1630009 0.04134368 0.002698123 0.1622814 0.03999996 0.002452552 0.1620181 0.03865599 0.002698123 0.1622814 0.03767234 0.003369033 0.1630009 0.03731215 0.004285514 0.1639838 0.03767234 0.005202054 0.1649666 0.04125535 0.005412817 0.1659057 0.04105705 0.004935443 0.1658815 0.04217422 0.004786074 0.1652336 0.04183095 0.004407525 0.1653155 0.04251062 0.003929913 0.1643154 0.04211425 0.003686547 0.1645423 0.04217422 0.003073692 0.1633973 0.04183095 0.002965569 0.1637691 0.04125535 0.002447009 0.1627252 0.04105705 0.00243777 0.1632031 0.03999996 0.002217531 0.1624792 0.03999996 0.002244532 0.1629959 0.03874444 0.002447009 0.1627252 0.03894275 0.00243777 0.1632031 0.03782558 0.003073692 0.1633973 0.03816872 0.002965569 0.1637691 0.03748911 0.003929913 0.1643154 0.03788542 0.003686547 0.1645423 0.03782558 0.004786074 0.1652336 0.03816872 0.004407525 0.1653155 0.03874444 0.005412817 0.1659057 0.03894275 0.004935443 0.1658815 0.03999996 0.005642235 0.1661517 0.03999996 0.005128622 0.1660887 0.03999996 0.0045349 0.1658022 0.04026496 0.004537105 0.1657953 0.04049474 0.003605008 0.1650891 0.04057359 0.003581047 0.165055 0.04037255 0.003679335 0.1651715 0.04029244 0.003786563 0.1652715 0.04026496 0.003913462 0.1653767 0.04064512 0.003189206 0.1646239 0.04057359 0.003167808 0.1646118 0.04064512 0.003570497 0.1650328 0.04076486 0.003572463 0.1650111 0.04149633 0.003697276 0.1648947 0.04149997 0.003511965 0.1647052 0.04149633 0.003335773 0.1645071 0.04076486 0.003211081 0.1646234 0.04049474 0.003135383 0.1645856 0.04037255 0.003058493 0.1645057 0.04029244 0.002966105 0.1643916 0.03999996 0.002488911 0.1636081 0.04026496 0.002495944 0.1636065 0.04026496 0.002870023 0.1642578 0.03972029 0.00293982 0.1643565 0.03969693 0.002983093 0.1644138 0.03973484 0.002495944 0.1636065 0.03973484 0.002870023 0.1642578 0.03965556 0.003032684 0.1644755 0.03954482 0.003114759 0.164566 0.03939843 0.003176867 0.1646177 0.03935486 0.003570497 0.1650328 0.03942608 0.003581047 0.165055 0.03923487 0.003211081 0.1646234 0.0385034 0.003335773 0.1645071 0.03849995 0.003511965 0.1647052 0.0385034 0.003697276 0.1648947 0.03923487 0.003572463 0.1650111 0.03950512 0.003605008 0.1650891 0.03962737 0.003679335 0.1651715 0.03970748 0.003786563 0.1652715 0.03973484 0.004537105 0.1657953 0.03973484 0.003913462 0.1653767 0.04026496 0.004984915 0.1643776 0.0403015 0.005099833 0.1640139 0.04034096 0.005147159 0.1638638 0.04041141 0.005086839 0.1637992 0.04076486 0.004643917 0.1640118 0.04057735 0.004911661 0.1638122 0.04049998 0.005038738 0.1637476 0.04076486 0.004282534 0.1636243 0.04057735 0.004500389 0.1633711 0.04049998 0.004573643 0.1632488 0.04041141 0.004525661 0.1631973 0.04034096 0.004465222 0.1631326 0.0403015 0.004312336 0.1631693 0.04026496 0.003941476 0.1632586 0.03973484 0.003941476 0.1632586 0.03969842 0.004312336 0.1631693 0.03965896 0.004465222 0.1631326 0.03973484 0.004984915 0.1643776 0.03965896 0.005147159 0.1638638 0.03969842 0.005099833 0.1640139 0.03958851 0.004525661 0.1631973 0.03923487 0.004282534 0.1636243 0.03949987 0.004573643 0.1632488 0.03942257 0.004500389 0.1633711 0.03923487 0.004643917 0.1640118 0.03942257 0.004911661 0.1638122 0.03949987 0.005038738 0.1637476 0.03958851 0.005086839 0.1637992</float_array>
          <technique_common>
            <accessor source="#link_1-mesh-positions-array" count="5485" stride="3">
              <param name="X" type="float"/>
              <param name="Y" type="float"/>
              <param name="Z" type="float"/>
            </accessor>
          </technique_common>
        </source>
        <source id="link_1-mesh-normals">
          <float_array id="link_1-mesh-normals-array" count="38502">0.2518856 -0.7077076 0.6600786 0.0380674 -0.7308024 0.6815268 0.01696902 -0.7310575 0.682105 0.01701676 -0.7310591 0.6821019 0.01696896 -0.7310575 0.6821049 0.04559004 -0.7306275 0.6812525 0.01905512 -0.7315412 0.681531 0.01905518 -0.7315412 0.681531 0.01905512 -0.7315412 0.681531 0.04292052 -0.7306678 0.6813828 0.2657895 -0.7053451 0.6571487 0.576197 -0.597579 0.5575809 0.5765815 -0.5973181 0.5574629 0.5725185 -0.5995247 0.5592787 0.763398 -0.4724485 0.4404724 0.7607625 -0.4746882 0.4426192 0.7607623 -0.4746882 0.4426192 0.7607625 -0.4746882 0.4426193 0.8816684 -0.3450752 0.3218445 0.8816684 -0.3450752 0.3218446 0.8817517 -0.344984 0.3217144 0.9817717 -0.1390455 0.129579 0.9818172 -0.1388671 0.1294255 0.9818173 -0.1388671 0.1294255 0.9821295 -0.1376391 0.1283632 0.9363511 -0.3368713 -0.09881532 0.9995326 -0.004428446 -0.03025072 0.9995325 0.02986896 0.006531238 0.955568 0.06779968 0.2868674 0.9659264 -0.1765145 -0.1892856 0.7071256 -0.4822314 -0.5171327 0.7071283 -0.4822302 -0.5171302 0.2588022 -0.6587605 -0.706439 0.2587878 -0.6587385 -0.7064648 -0.258795 -0.6587501 -0.7064514 -0.2587807 -0.6587624 -0.7064452 -0.7071137 -0.4822365 -0.5171444 -0.7070983 -0.4822443 -0.517158 -0.9659267 -0.1765138 -0.1892849 -0.9659275 -0.1765105 -0.1892835 -0.9659267 0.1765138 0.1892849 -0.9659287 0.1765052 0.1892822 -0.7071098 0.482236 0.5171502 -0.7071161 0.4822449 0.5171331 -0.2587981 0.6587741 0.7064278 -0.258794 0.6587759 0.7064276 0.2588009 0.6587757 0.7064254 0.2588118 0.6587748 0.7064222 0.707129 0.4822254 0.5171337 0.7071402 0.4822301 0.5171141 0.9517138 0.2093641 0.2245159 1.08767e-4 -0.7313508 0.6820015 3.54815e-6 -0.7313415 0.6820116 -6.45124e-4 -0.7312056 0.6821569 -6.45109e-4 -0.7312056 0.6821569 -7.32977e-4 -0.7311792 0.6821851 -4.31195e-6 -0.7313399 0.6820133 0 -0.7313524 0.6819998 8.31509e-6 -0.7313492 0.6820033 -9.40187e-6 -0.7313455 0.6820072 2.38498e-5 -0.7313432 0.6820098 -1.87801e-5 -0.731335 0.6820185 -1.04766e-4 -0.7313422 0.6820107 -2.83994e-5 -0.7313476 0.6820049 -1.53251e-5 -0.7313422 0.6820108 8.9742e-6 -0.7313559 0.681996 0 -0.731361 0.6819906 2.84294e-6 -0.7313591 0.6819925 3.80382e-6 -0.7313424 0.6820106 -1.08865e-5 -0.7313521 0.6820002 -3.6717e-6 -0.731355 0.681997 8.31545e-6 -0.7313522 0.682 0 -0.7313445 0.6820083 -3.56757e-6 -0.7313556 0.6819964 3.01686e-4 -0.731366 0.6819851 3.01569e-4 -0.7313659 0.6819853 3.01451e-4 -0.731366 0.6819851 -1.55382e-5 -0.7313508 0.6820015 0 -0.7313396 0.6820135 -8.87061e-5 -0.7313932 0.6819561 -6.70328e-5 -0.7314193 0.681928 -2.77187e-5 -0.7313406 0.6820124 1.94019e-5 -0.7313654 0.6819859 1.10872e-5 -0.7313159 0.682039 -4.23342e-5 -0.7313227 0.6820316 5.54308e-6 -0.7313538 0.6819983 -1.41084e-5 -0.7313585 0.6819933 8.86971e-5 -0.7313907 0.6819587 1.12893e-4 -0.7313622 0.6819893 0 -0.7313728 0.6819779 0 -0.7313405 0.6820126 -3.32607e-5 -0.7313581 0.6819937 -1.41098e-5 -0.731366 0.6819851 -1.6629e-5 -0.7313641 0.6819872 -1.76382e-6 -0.7313868 0.6819629 -1.38591e-5 -0.7313522 0.682 0 -0.7313569 0.6819949 1.38586e-5 -0.7313521 0.6820001 1.41114e-5 -0.7313635 0.6819879 1.66318e-5 -0.7313708 0.68198 4.23359e-5 -0.7313458 0.6820069 0 -0.7313511 0.6820012 0.4956346 0.5735831 0.6521878 0.2810007 0.6399394 0.7152037 0.05885559 0.6627501 0.7465242 0.05885559 0.6627501 0.7465242 0.2803017 0.6418945 0.7137244 0.008813321 0.6671453 0.7448755 0.008813321 0.6671451 0.7448756 0.008813142 0.6671453 0.7448755 0.1020783 0.6643071 0.7404568 0.7347615 0.4442029 0.5126494 0.7723863 0.4132302 0.4823486 0.5903142 0.5335705 0.6056663 0.8744044 0.3132073 0.3705648 0.9367853 0.2244311 0.2684475 0.9367852 0.224431 0.2684475 0.889442 0.2934491 0.3504007 0.889442 0.2934491 0.3504008 0.9886727 0.08775293 0.1217606 0.9886727 0.08775293 0.1217606 0.9848065 0.1028365 0.139931 0.9848065 0.1028365 0.139931 0.9848066 0.1028365 0.139931 0.9998478 -0.01273757 0.01192617 0.9998475 -0.01277989 0.01190131 0.9998478 -0.01276707 0.01189762 0.9998477 -0.01276475 0.01190304 0.9998478 -0.01276367 0.01190149 0.9998478 -0.01276004 0.01190066 0.9998477 -0.01277142 0.01190316 0.9998477 -0.01276892 0.01190721 0.9998475 -0.01277244 0.01190745 0.9998455 -0.01285248 0.01200145 0.9998455 -0.01285243 0.01200139 0.9998455 -0.01285254 0.01200151 0.9998469 -0.01272511 0.0120154 0.9998474 -0.01278042 0.01191514 0.9998471 -0.01279765 0.01192176 0.9998477 -0.0127719 0.01189297 0.9998477 -0.01277047 0.01190447 0.9998475 -0.01277399 0.01191031 0.9998477 -0.01275599 0.01191723 0.9998486 -0.01231086 0.01229953 0.9998476 -0.01295244 0.01170861 0.9998457 -0.01285803 0.01197272 0.9998457 -0.01285797 0.01197266 0.9998458 -0.01285809 0.01197278 0.9998479 -0.01277935 0.0118739 0.9998475 -0.01277554 0.01191604 0.9998488 -0.01271367 0.01186883 0.9998462 -0.01283723 0.0119605 0.9998479 -0.01275491 0.01190012 0.9998479 -0.01276123 0.01189535 0.9998477 -0.0127725 0.01190483 0.9998453 -0.01286405 0.01199978 0.999848 -0.01275557 0.01189386 0.9998486 -0.01273095 0.01187616 0.9963772 -0.07034718 -0.04778927 0.9845859 -0.1318539 -0.1149138 0.9660523 -0.1912533 -0.1736813 0.8904114 -0.3269461 -0.3166603 0.8824355 -0.3379271 -0.3272811 0.7752679 -0.4482105 -0.4450475 0.544007 -0.5897237 -0.596894 0.585863 -0.5687996 -0.5772622 0.6767965 -0.5197163 -0.5213841 0.7609688 -0.4603081 -0.4572123 0.09055083 -0.6929401 -0.7152864 0.09055083 -0.6929401 -0.7152864 0.09055083 -0.6929401 -0.7152864 0.008339822 -0.6966192 -0.7173926 0.008340001 -0.6966192 -0.7173928 0.008339941 -0.6966192 -0.7173926 0.3116919 -0.6595138 -0.6840248 0.09368264 -0.6999742 -0.707997 0.2602345 -0.6739533 -0.6914225 9.65783e-6 -0.6946588 -0.7193394 0 -0.6946576 -0.7193406 -6.94395e-6 -0.6946584 -0.7193398 0.09490168 0.6661058 0.7397952 0.1674252 0.6542501 0.7375131 0.5506931 0.5486752 0.6290411 0.550796 0.548611 0.629007 0.314058 0.6378135 0.7032508 0.880289 0.304194 0.3640846 0.7684448 0.4235451 0.4796898 0.6949167 0.477482 0.5376818 0.9319728 -0.2609997 -0.2516068 0.9840058 -0.132551 -0.1190081 0.9995316 -0.02238029 0.02087223 0.995731 0.04973751 0.07775664 0.9002789 0.2835943 0.3302609 0.6215707 -0.5505056 -0.5573092 0.7132239 -0.4906449 -0.5005789 0.8804554 -0.3355938 -0.3349255 0.785472 -0.4668339 -0.4063249 0.8582597 -0.3766708 -0.348582 0.1674679 -0.6848445 -0.7091845 0.07979273 -0.7071831 -0.7025135 0.2194327 -0.679913 -0.6996911 0.5508829 -0.5758591 -0.6040814 0.3780795 -0.6855221 -0.622186 0.4967573 -0.6241832 -0.6030155 -5.31942e-6 0.6691277 0.7431475 0 0.669127 0.7431481 -1.11782e-5 0.6691237 0.7431511 -0.267004 0.6071804 0.7483588 -0.009057819 0.6156066 0.7880017 -0.009057819 0.6156066 0.7880017 -0.009057819 0.6156066 0.7880016 0.2579108 0.594845 0.7613419 0.2578928 0.5948247 0.7613639 0.7045698 0.4188939 0.5728083 0.7046115 0.4189396 0.5727235 0.9624869 0.1143234 0.2460674 0.962486 0.1143255 0.2460702 0.9624902 -0.2374916 -0.1311891 0.9624866 -0.2374898 -0.1312177 0.7045606 -0.5421108 -0.4579414 0.7045999 -0.5421686 -0.4578126 0.2578968 -0.7180064 -0.6464953 0.2579205 -0.7180256 -0.6464645 -0.257876 -0.7180345 -0.6464724 -0.2579315 -0.7179561 -0.6465373 -0.7046144 -0.542024 -0.4579616 -0.7045614 -0.5421676 -0.457873 -0.9624813 -0.2375496 -0.1311489 -0.9625123 -0.2373907 -0.1312091 -0.962491 0.1144114 0.2460103 -0.9625012 0.114189 0.2460738 -0.7046203 0.4188781 0.5727578 -0.7045699 0.4190455 0.5726974 -0.2579039 0.5948755 0.7613204 0.9722316 -0.0100944 0.233803 0.3083208 -0.159474 0.9378201 0.487249 -0.5363134 0.6891708 0.480558 -0.5370056 0.6933174 0.4805581 -0.5370056 0.6933174 0.4805581 -0.5370056 0.6933174 0.3933116 -0.3038322 0.8677511 0.5520916 -0.1281726 0.823873 0.420402 -0.3555476 0.8347743 0.4203359 -0.3556737 0.8347538 0.4204019 -0.3555476 0.8347743 0.2681496 0.1975277 0.9429097 0.2321521 0.5418668 0.807766 0.1102511 0.6811191 0.7238242 0.110251 0.6811192 0.7238242 0.110251 0.6811191 0.7238242 0.1258804 0.6053766 0.7859221 0.1745976 0.5557024 0.812841 0.1745064 0.555732 0.8128404 0.1745064 0.5557321 0.8128404 0.7103806 -0.3806065 0.5920288 0.6898924 -0.4113734 0.5956681 0.5828515 -0.1234642 0.8031443 0.5451617 -0.2111565 0.8113024 0.4129957 -0.002622783 0.9107292 0.4026109 0.03045511 0.9148645 0.3596676 0.0200861 0.9328644 0.2725102 0.1203139 0.9546009 0.2725103 0.1203139 0.9546009 0.2725102 0.1203139 0.9546009 0.8804318 -0.201455 0.4292502 0.8688839 -0.2317048 0.4374399 0.7612323 0.05713087 0.6459578 0.7394279 -0.03238087 0.6724566 0.5504745 0.2556247 0.794754 0.5345741 0.1261973 0.8356465 0.3444469 0.339657 0.8752083 0.3622166 0.2513566 0.8975628 0.3062644 0.2890574 0.9069995 0.3062643 0.2890573 0.9069995 0.2335565 0.3565894 0.9045968 0.2308394 0.3558482 0.9055856 0.9692441 -0.03726941 0.2432631 0.9692441 -0.03726941 0.2432631 0.9692441 -0.03726941 0.2432631 0.9202624 0.1307691 0.3688044 0.9202624 0.1307691 0.3688045 0.9202624 0.130769 0.3688045 0.8445117 0.1582694 0.5116161 0.8430618 0.1934822 0.5018082 0.8430619 0.1934822 0.5018083 0.8430619 0.1934822 0.5018083 0.6870359 0.4188675 0.5937439 0.6908492 0.3229781 0.6468482 0.4921813 0.5019916 0.7111695 0.4808619 0.5395417 0.6911343 0.3113913 0.5133548 0.799689 0.2009667 0.5968791 0.7767547 0.135259 0.4368883 0.8892883 0.135259 0.4368883 0.8892883 0.135259 0.4368883 0.8892883 0.9824217 -0.1863658 0.01075029 0.9824217 -0.1863658 0.01075029 0.9824217 -0.1863658 0.01075035 0.9813101 -0.1921269 0.010854 0.9813101 -0.1921269 0.01085394 0.9813101 -0.1921269 0.010854 0.8344929 -0.550975 0.006955265 0.8793721 -0.4760219 0.01039016 0.6637111 -0.7479856 0.002273321 0.5649448 -0.8251234 0.002976596 0.4408619 -0.8975748 4.42353e-4 4.26574e-5 -0.7313427 0.6820101 4.26577e-5 -0.7313427 0.6820102 4.26621e-5 -0.7313427 0.6820102 -2.5455e-5 -0.7314079 0.6819403 -1.16982e-4 -0.7349811 0.6780877 -1.59707e-4 -0.7349125 0.678162 -1.31261e-4 -0.7349634 0.6781069 -2.01695e-5 -0.7315286 0.6818107 -4.68436e-6 -0.7313126 0.6820425 1.06053e-5 -0.7313427 0.6820102 1.06104e-5 -0.7313427 0.6820102 1.06402e-5 -0.7313427 0.6820102 8.01817e-5 -0.7313575 0.6819943 0 -0.7313538 0.6819984 0 -0.7313619 0.6819896 1.7249e-4 -0.7313737 0.6819769 1.39039e-4 -0.7314091 0.681939 -1.4258e-4 -0.7313016 0.6820544 -5.56098e-5 -0.7312624 0.6820964 1.1405e-4 -0.7314671 0.6818768 2.52211e-5 -0.7314988 0.6818428 0 -0.7314426 0.6819031 0 -0.7314251 0.6819219 0 -0.7314344 0.681912 -8.40915e-6 -0.7314314 0.6819151 -1.72454e-5 -0.7315097 0.6818311 -1.11197e-4 -0.7314689 0.6818749 5.70369e-5 -0.7312554 0.6821038 1.11214e-4 -0.7312947 0.6820616 -1.14083e-4 -0.7314189 0.6819285 -1.6818e-4 -0.7313797 0.6819706 0 -0.731355 0.6819971 0 -0.7313575 0.6819943 -8.02374e-5 -0.7313537 0.6819984 -1.02941e-4 -0.7314196 0.6819278 -2.37569e-4 -0.7315649 0.6817718 -2.37599e-4 -0.7315648 0.6817719 -2.37549e-4 -0.7315649 0.6817718 5.02012e-5 -0.7315317 0.6818075 -0.03861677 -0.7307841 0.6815156 -0.04283595 -0.7306718 0.6813839 -0.01924091 -0.7310819 0.6820185 -0.01924085 -0.7310819 0.6820183 -0.01924085 -0.731082 0.6820183 -0.01652246 -0.7313596 0.6817919 -0.01643317 -0.7313368 0.6818186 -0.01652246 -0.7313596 0.681792 -0.04570311 -0.7305697 0.681307 -0.04570317 -0.7305697 0.681307 -0.04570317 -0.7305697 0.681307 -0.2518342 -0.7078602 0.6599345 -0.265761 -0.7047485 0.6578 -0.5690786 -0.6015832 0.5605776 -0.8809364 -0.3460388 0.3228132 -0.7086792 -0.5121169 0.4852939 -0.7087126 -0.5120907 0.4852728 -0.7087127 -0.5120905 0.4852728 -0.5797882 -0.5958818 0.5556713 -0.7631511 -0.4726145 0.4407221 -0.7629706 -0.4727595 0.4408792 -0.8827749 -0.3436034 0.3203828 -0.9352502 -0.2589843 0.2413178 -0.935267 -0.2589569 0.2412818 -0.9352669 -0.2589567 0.2412825 -0.9821076 -0.137723 0.1284408 -0.9821862 -0.137433 0.1281508 -0.9821862 -0.137433 0.1281508 -0.9821861 -0.137433 0.1281508 -0.9363497 0.07509076 0.3429443 -0.9995328 0.02985858 0.006531238 -0.9995326 -0.004428446 -0.03025072 -0.9555679 -0.2814441 -0.08763116 -0.9659256 0.1765122 0.1892911 -0.7071325 0.4822194 0.5171347 -0.7071334 0.4822407 0.5171136 -0.2588139 0.6587904 0.7064068 -0.2587988 0.65876 0.7064407 0.2587847 0.6587606 0.7064453 0.2588074 0.6587896 0.7064101 0.7071122 0.4822461 0.5171374 0.7071164 0.482232 0.5171449 0.9659265 0.1765058 0.1892929 0.9659284 0.1765121 0.1892772 0.965927 -0.1765168 -0.1892801 0.9659268 -0.1765082 -0.189289 0.7071056 -0.4822419 -0.5171502 0.7071083 -0.4822407 -0.5171477 0.2587981 -0.6587741 -0.7064278 0.2587775 -0.6587383 -0.7064688 -0.2587991 -0.6587365 -0.7064626 -0.258791 -0.6587625 -0.7064412 -0.7071282 -0.4822384 -0.5171229 -0.707119 -0.4822323 -0.5171411 -0.9517168 -0.2093527 -0.2245143 1.55382e-5 -0.7313508 0.6820015 1.41927e-5 -0.7313486 0.6820039 -9.40604e-5 -0.730746 0.6826495 -1.04064e-4 -0.7307131 0.6826847 -9.38593e-5 -0.7307454 0.6826501 -2.15603e-6 -0.7313404 0.6820126 1.14914e-5 -0.7313576 0.6819943 -3.57742e-5 -0.7313312 0.6820225 1.07317e-5 -0.7313601 0.6819915 2.61914e-5 -0.7313565 0.6819955 -1.29089e-5 -0.7313578 0.681994 1.53251e-5 -0.7313422 0.6820108 3.58969e-5 -0.7313542 0.6819978 6.11906e-5 -0.7313383 0.6820149 4.85546e-6 -0.7313398 0.6820133 7.60757e-6 -0.7313348 0.6820187 0 -0.731344 0.6820088 1.22389e-6 -0.7313507 0.6820016 8.31548e-6 -0.7313503 0.6820021 0 -0.7313442 0.6820087 0 -0.7313423 0.6820106 1.28152e-4 -0.7313509 0.6820014 1.28255e-4 -0.7313509 0.6820014 1.28287e-4 -0.7313509 0.6820014 -1.08767e-4 -0.7313508 0.6820015 1.41085e-5 -0.7313656 0.6819857 1.66303e-5 -0.731366 0.6819852 4.23339e-5 -0.7313464 0.6820062 0 -0.7313535 0.6819987 -8.86988e-5 -0.7313885 0.6819611 -6.70251e-5 -0.7314133 0.6819346 -2.77144e-5 -0.731345 0.6820078 1.94018e-5 -0.7313678 0.6819832 1.10868e-5 -0.7313184 0.6820363 -4.23321e-5 -0.7313147 0.6820402 5.54357e-6 -0.7313599 0.6819917 -1.41112e-5 -0.7313565 0.6819954 8.87044e-5 -0.73139 0.6819595 1.12898e-4 -0.7313581 0.6819936 0 -0.7313786 0.6819717 -3.32634e-5 -0.7313574 0.6819944 -1.41116e-5 -0.7313672 0.6819838 -1.66316e-5 -0.7313679 0.6819832 -1.76383e-6 -0.7313836 0.6819664 -1.38594e-5 -0.731338 0.6820152 0 -0.7313579 0.6819939 1.38578e-5 -0.7313694 0.6819816 -0.008479893 -0.6948572 -0.7190977 -0.008432209 -0.6948608 -0.7190949 -0.008432328 -0.6948607 -0.7190949 -0.1077833 -0.6921756 -0.7136356 -0.05846571 -0.6956691 -0.7159793 -0.2815886 -0.6682465 -0.6885889 -0.2807289 -0.6684164 -0.6887749 -0.5963717 -0.5682535 -0.5669469 -0.3567909 -0.6425489 -0.6781086 -0.3567498 -0.6425459 -0.6781331 -0.3567499 -0.6425465 -0.6781325 -0.5018081 -0.6042034 -0.6189725 -0.7751098 -0.4504545 -0.4430524 -0.7268827 -0.4857338 -0.4854938 -0.8682897 -0.3555721 -0.3458924 -0.8897683 -0.3273448 -0.3180531 -0.9788032 -0.1551921 -0.1336402 -0.9851015 -0.1312403 -0.1111352 -0.9998455 -0.01285243 0.01200139 -0.9998455 -0.01285248 0.01200145 -0.9998454 -0.01285254 0.01200151 -0.9998478 -0.01276016 0.01190078 -0.9998477 -0.01277142 0.01190316 -0.9998477 -0.01276814 0.01190626 -0.9998478 -0.01276051 0.01189506 -0.9998475 -0.01276803 0.01191943 -0.9998477 -0.01276463 0.0118997 -0.9998478 -0.01276332 0.01190507 -0.9998476 -0.01277112 0.01190489 -0.9998478 -0.01277214 0.01189267 -0.9998469 -0.01272511 0.0120154 -0.9998466 -0.01291143 0.01183801 -0.9998466 -0.01291149 0.01183813 -0.9998466 -0.01291149 0.01183813 -0.999849 -0.01268249 0.01188784 -0.9998489 -0.01268261 0.01188796 -0.9998489 -0.01268255 0.0118879 -0.9998476 -0.0127685 0.01190704 -0.9998476 -0.01277118 0.01190739 -0.999849 -0.01270425 0.01186621 -0.9998477 -0.01276719 0.01190507 -0.9998476 -0.01277136 0.0119099 -0.999848 -0.01275014 0.01189738 -0.9998472 -0.01278406 0.01192158 -0.9998468 -0.01280879 0.01193976 -0.9998475 -0.01277399 0.01191031 -0.9998476 -0.01277464 0.01190131 -0.9998478 -0.01276367 0.01190149 -0.9998473 -0.0127846 0.01192402 -0.9998486 -0.01273179 0.01187378 -0.9998477 -0.01277101 0.01190131 -0.9998475 -0.01276576 0.01192075 -0.9998475 -0.0127657 0.0119208 -0.9998475 -0.01276576 0.0119208 -0.9998456 -0.01272499 0.01212239 -0.9998456 -0.01272493 0.01212239 -0.9998456 -0.01272487 0.01212227 -0.03771996 -0.7308514 0.6814935 -0.03757697 -0.7308455 0.6815078 -0.03771996 -0.7308514 0.6814935 -0.04275125 -0.7306739 0.6813868 -0.01774805 -0.7310597 0.6820826 -0.01774793 -0.73106 0.6820824 -0.01774829 -0.7310601 0.6820822 -0.0165469 -0.7312428 0.6819165 -0.01656287 -0.7311452 0.6820209 -0.0165469 -0.7312428 0.6819165 -0.04527109 -0.7305904 0.6813137 -0.2520422 -0.7078124 0.6599063 -0.265939 -0.7047053 0.6577742 -0.569121 -0.6015685 0.5605503 -0.8808322 -0.3461802 0.3229458 -0.7097342 -0.5109952 0.4849343 -0.7097374 -0.510992 0.484933 -0.7097387 -0.5109915 0.4849316 -0.5796167 -0.5959751 0.5557501 -0.7630261 -0.4727251 0.44082 -0.763026 -0.472725 0.44082 -0.7630261 -0.472725 0.44082 -0.7630688 -0.4726848 0.4407893 -0.8827692 -0.3436121 0.3203893 -0.9358085 -0.2579114 0.2403005 -0.9358081 -0.2579125 0.2403007 -0.9358065 -0.2579153 0.2403036 -0.9822015 -0.1373625 0.1281082 -0.9822015 -0.1373626 0.1281081 -0.9822015 -0.1373626 0.1281081 -0.9821274 -0.1376544 0.1283629 -0.9363309 0.0750485 0.3430048 -0.9995328 0.02985906 0.006530165 -0.9995324 -0.004439175 -0.0302549 -0.9555632 -0.2814568 -0.08764231 -0.965927 0.1765109 0.1892858 -0.7071117 0.4822435 0.5171405 -0.7071411 0.4821398 0.5171972 -0.2588146 0.6588985 0.7063058 -0.2588146 0.6588985 0.7063058 -0.2588145 0.6588985 0.7063058 -0.2588202 0.6587041 0.706485 0.2588331 0.6587017 0.7064825 0.2588062 0.6586552 0.7065357 0.7070985 0.4821718 0.5172255 0.7071261 0.4822356 0.5171281 0.965927 0.1765109 0.1892858 0.9659308 0.1765075 0.1892693 0.9659212 -0.1765297 -0.1892973 0.9659267 -0.1765129 -0.1892858 0.7071107 -0.4822451 -0.5171404 0.7071004 -0.4822505 -0.5171495 0.2588094 -0.658762 -0.7064349 0.258817 -0.6587628 -0.7064315 -0.2588263 -0.6587606 -0.7064301 -0.2588188 -0.6587599 -0.7064335 -0.7071278 -0.4822326 -0.5171288 -0.7071201 -0.4822383 -0.5171338 -0.951713 -0.2093662 -0.2245175 -0.8900164 0.2927739 0.3495057 -0.9886 0.08809083 0.122107 -0.9422039 0.2060654 0.2641762 -0.9422037 0.2060656 0.2641764 -0.9422039 0.2060653 0.2641763 -0.9849067 0.1024765 0.1394896 -0.7791195 0.4029255 0.4802333 -0.9370267 0.229157 0.2635679 -0.7196678 0.4490798 0.5295336 -0.7197007 0.4490625 0.5295034 -0.719701 0.4490625 0.5295029 -0.7929288 0.39529 0.4636914 -0.4968375 0.576638 0.6485686 -0.5846894 0.5332514 0.6113765 -0.101975 0.6643192 0.74046 -0.008075654 0.6670985 0.7449257 -0.008028149 0.6671006 0.7449244 -0.008027851 0.6671001 0.7449249 -0.2802065 0.6419243 0.7137349 -0.09347873 0.6617303 0.7438916 -0.2598627 0.6439972 0.7195408 6.2153e-5 -0.7313507 0.6820017 3.80655e-5 -0.7310396 0.682335 3.57563e-5 -0.7310395 0.6823351 3.42684e-5 -0.7310397 0.6823351 -8.56218e-5 -0.7313383 0.6820149 0 -0.7312804 0.6820771 0 -0.7312816 0.6820757 -2.93767e-5 -0.7312811 0.6820763 -7.25817e-6 -0.7313127 0.6820424 5.12363e-5 -0.731299 0.682057 7.20564e-5 -0.7313475 0.6820051 -7.64879e-6 -0.7313313 0.6820224 -2.87168e-5 -0.7313618 0.6819898 3.0649e-5 -0.7313857 0.6819641 8.26169e-5 -0.7313556 0.6819964 -1.30956e-4 -0.731351 0.6820014 -2.14631e-5 -0.7313386 0.6820147 0 -0.7313551 0.6819969 6.68576e-5 -0.7313639 0.6819875 2.49463e-5 -0.7313315 0.6820222 0 -0.7313311 0.6820226 -1.29358e-5 -0.7313047 0.6820511 0.001171708 -0.7314646 0.6818785 0.001169383 -0.7314639 0.6818793 0.00117433 -0.7314665 0.6818764 -7.09641e-6 -0.7313509 0.6820014 1.24306e-4 -0.731365 0.6819863 0 -0.7313387 0.6820145 -4.43477e-5 -0.7313593 0.6819924 -4.23313e-5 -0.7313543 0.6819977 -2.21713e-5 -0.7313768 0.6819736 3.52729e-5 -0.7314091 0.681939 4.43493e-5 -0.731363 0.6819884 -8.46681e-5 -0.7313635 0.6819879 -1.66296e-5 -0.7313992 0.6819497 5.64445e-5 -0.7313723 0.6819785 2.2176e-5 -0.7313585 0.6819933 5.64479e-5 -0.7313455 0.6820072 0 -0.731366 0.6819852 -2.2176e-5 -0.7313764 0.6819741 -4.23349e-5 -0.7313321 0.6820216 -6.65274e-5 -0.7314017 0.6819469 2.82211e-5 -0.7314422 0.6819036 -1.10871e-5 -0.7313238 0.6820304 -8.4668e-5 -0.7313196 0.6820349 5.54311e-5 -0.7314175 0.68193 -3.18353e-4 -0.7312952 0.682061 -4.10231e-4 -0.7312765 0.682081 0 -0.731364 0.6819874 2.82231e-5 -0.7313739 0.6819767 0 -0.7313708 0.6819801 -0.008822917 -0.6946657 -0.7192786 -0.008823752 -0.694666 -0.7192783 -0.008822739 -0.6946657 -0.7192786 -0.871551 -0.3511292 -0.3422093 -0.871551 -0.3511292 -0.3422093 -0.871551 -0.3511292 -0.3422093 -0.920098 -0.281535 -0.2723191 -0.920098 -0.281535 -0.2723191 -0.920098 -0.281535 -0.2723192 -0.8900242 -0.3275356 -0.3171395 -0.09543448 -0.6928495 -0.7147391 -0.272608 -0.668312 -0.69213 -0.05851626 -0.6991072 -0.7126184 -0.05851626 -0.6991071 -0.7126185 -0.05851626 -0.6991072 -0.7126185 -0.4275585 -0.6270955 -0.6511107 -0.4273853 -0.6271599 -0.6511622 -0.4275585 -0.6270955 -0.6511106 -0.2817252 -0.6711739 -0.6856797 -0.5666874 -0.5788503 -0.5863427 -0.5936509 -0.5650589 -0.5729634 -0.5932651 -0.5652585 -0.5731661 -0.6695203 -0.5242085 -0.5262585 -0.7739149 -0.4497321 -0.4458665 -0.7294015 -0.4831405 -0.4843023 -0.7294015 -0.4831405 -0.4843023 -0.7970024 -0.4296066 -0.4245296 -0.7970886 -0.4295377 -0.4244375 -0.7968874 -0.4296985 -0.4246525 -0.9851976 -0.13104 -0.1105187 -0.9851976 -0.13104 -0.1105187 -0.9651292 -0.1908149 -0.1792076 -0.9651291 -0.1908149 -0.1792076 -0.9960058 -0.07334816 -0.05091524 -0.943049 0.2098894 0.2580797 -0.943049 0.2098894 0.2580795 -0.943049 0.2098894 0.2580796 -0.9388304 0.2178543 0.2667156 -0.9388619 0.2178215 0.266631 -0.9388454 0.2178384 0.2666753 -0.9905458 0.08000093 0.1114403 -0.9905458 0.08000087 0.1114403 -0.9905458 0.08000093 0.1114402 -0.9849651 0.1022515 0.1392428 -0.9849651 0.1022515 0.1392428 -0.9849651 0.1022515 0.1392428 -0.7757481 0.411428 0.4784789 -0.7192021 0.4522138 0.5274951 -0.7192005 0.4522148 0.5274963 -0.7192037 0.4522134 0.5274933 -0.8893457 0.3000936 0.3449755 -0.7786027 0.4047846 0.4795073 -0.8892271 0.2952715 0.3494136 -0.4548082 0.5895589 0.6675102 -0.582328 0.5382563 0.6092408 -0.5876316 0.5353509 0.606703 -0.5877866 0.5352706 0.6066237 -0.5876317 0.535351 0.606703 -0.6674008 0.489827 0.5609329 -0.1501069 0.659612 0.7364645 -0.009828567 0.6621488 0.7493079 -0.009736418 0.6621693 0.7492911 -0.009736597 0.6621692 0.7492911 -0.3463217 0.6320234 0.6932588 -0.09322923 0.65825 0.7470042 -0.2599143 0.644087 0.7194418 0.9987268 0.01953476 0.04651194 0.9844249 0.1196035 0.1288512 0.9797158 0.129735 0.1527279 0.7291597 0.4538125 0.5122308 0.8123704 0.393596 0.4302751 0.8421395 0.3775854 0.3850071 0.9049947 0.2771773 0.3227342 0.9456326 0.2087302 0.2494207 0.1757822 0.6587116 0.7315734 0.1071382 0.6919666 0.7139354 0.3143839 0.6290022 0.7109987 0.539134 0.5758143 0.6146321 0.5118562 0.5994028 0.6154021 0.6551947 0.5023553 0.5642332 0.2003058 -0.793971 0.5740103 0.979645 -0.1612359 0.1195774 0.979645 -0.161236 0.1195773 0.979645 -0.161236 0.1195774 0.9796121 -0.1614175 0.1196025 0.9796121 -0.1614175 0.1196025 0.9796121 -0.1614175 0.1196025 0.8325817 -0.4474561 0.3264824 0.8325592 -0.4475347 0.3264321 0.8325592 -0.4475347 0.3264321 0.8325592 -0.4475347 0.3264321 0.5523791 -0.6742614 0.4901519 0.5520209 -0.6744751 0.4902615 0.1315466 -0.8025087 0.5819583 0.2648025 -0.8374462 0.4780831 0.2002718 -0.8502028 0.4868741 0.552349 -0.7226269 0.4155971 0.5521788 -0.7227311 0.4156424 0.8328804 -0.4788509 0.277511 0.8330008 -0.4786866 0.2774327 0.9796585 -0.1722383 0.1029726 0.9796016 -0.1724794 0.1031107 0.9796816 -0.1731241 0.1012529 0.9807304 -0.1636977 0.1066352 0.9907119 -0.1160768 0.07082647 0.8329201 -0.4792643 0.2766767 0.8427453 -0.4659782 0.269527 0.5524449 -0.7233279 0.4142479 0.579133 -0.7070867 0.4057506 0.2002588 -0.8511134 0.485286 0.2434788 -0.8421363 0.4811699 0.9949784 -0.0809645 -0.0588442 0.9949784 -0.08096444 -0.05884432 0.9949784 -0.08096444 -0.05884432 0.9767954 -0.158554 -0.1439843 0.9767954 -0.158554 -0.1439841 0.9767954 -0.158554 -0.143984 0.9846289 -0.1318978 -0.1144945 0.956525 -0.2142817 -0.1978472 0.8904293 -0.326914 -0.3166434 0.9095486 -0.2985488 -0.2891195 0.8380379 -0.3896043 -0.3819699 0.7753074 -0.4480606 -0.4451295 0.4979271 -0.6086835 -0.6177161 0.5857369 -0.5686376 -0.5775498 0.6704173 -0.5246614 -0.5246629 0.7832585 -0.4411907 -0.4380147 0.7829643 -0.4413989 -0.4383308 0.1026552 -0.6922897 -0.7142808 0.00892353 -0.6971038 -0.7169147 0.008922457 -0.6971018 -0.7169167 0.00892359 -0.6971036 -0.7169149 0.3259404 -0.655819 -0.680929 0.09361517 -0.6999627 -0.7080173 0.2603778 -0.6740167 -0.6913067 0.251972 -0.7076894 0.660065 0.003657698 -0.7313733 0.6819676 0.003656506 -0.7313733 0.6819676 0.003654003 -0.7313725 0.6819685 0.03815895 -0.7307994 0.6815249 0.01315194 -0.7307885 0.6824773 0.01315176 -0.7307881 0.6824777 0.0131514 -0.7307883 0.6824775 0.04707545 -0.7305684 0.6812149 0.0173304 -0.7319617 0.6811254 0.01725667 -0.7320048 0.681081 0.0173304 -0.7319619 0.6811252 0.04241037 -0.7307312 0.6813468 0.2658693 -0.7053294 0.6571331 0.5764777 -0.5973675 0.5575174 0.572557 -0.59951 0.5592553 0.7632562 -0.4725681 0.4405897 0.7605046 -0.4749057 0.442829 0.8818107 -0.3449104 0.3216316 0.8817768 -0.344938 0.3216946 0.9817063 -0.1393032 0.1297978 0.9821339 -0.1376224 0.1283475 0.008383572 0.6692162 0.7430205 0.008383929 0.6692165 0.7430203 0.008337914 0.6692252 0.7430129 0.09709328 0.6644499 0.7409988 0.05902034 0.6657146 0.7438688 0.05902028 0.6657146 0.7438688 0.05902016 0.6657146 0.7438688 0.2903987 0.6390244 0.7122616 0.2903987 0.6390243 0.7122616 0.2903987 0.6390243 0.7122616 0.4146841 0.614364 0.671263 0.4146845 0.6143639 0.6712629 0.414685 0.6143635 0.6712629 0.5927946 0.5283674 0.6078013 0.2807044 0.6405708 0.7147546 0.9156982 0.2581065 0.3080228 0.8899621 0.2917199 0.3505237 0.8899621 0.29172 0.3505237 0.8899622 0.2917199 0.3505237 0.5461918 0.5558655 0.6266484 0.5461917 0.5558656 0.6266484 0.5461917 0.5558657 0.6266483 0.6766512 0.4838702 0.554989 0.6766512 0.4838702 0.554989 0.6766511 0.4838703 0.554989 0.771442 0.4154583 0.4819457 0.7632731 0.422528 0.4887578 0.8342807 0.3579097 0.4193763 0.8342807 0.3579096 0.4193764 0.8342807 0.3579096 0.4193763 0.9844574 0.10569 0.1402612 0.9757542 0.1366083 0.1710033 0.9964182 0.04243659 0.07314312 0.9813973 -0.1460713 0.1245893 0.9813973 -0.1460714 0.1245894 0.9813973 -0.1460714 0.1245894 0.9814289 -0.1462777 0.1240977 0.8483506 -0.4038066 0.3424056 0.8485442 -0.4037702 0.3419685 0.8483594 -0.404053 0.3420929 0.8483595 -0.404053 0.3420928 0.8483594 -0.4040531 0.3420928 0.5942195 -0.614028 0.5194929 0.594224 -0.6140255 0.5194905 0.593978 -0.614094 0.519691 0.594055 -0.6140464 0.5196592 0.594055 -0.6140464 0.5196593 0.2693241 -0.7353881 0.6218271 0.2598083 -0.7548934 0.6021925 0.2710624 -0.7725801 0.5741475 0.2710623 -0.7725801 0.5741476 0.2710623 -0.77258 0.5741475 0.5943651 -0.6450943 0.4801912 0.594309 -0.6450525 0.4803168 0.5942066 -0.6452155 0.4802244 0.5942067 -0.6452155 0.4802243 0.5942066 -0.6452156 0.4802244 0.8485619 -0.4237084 0.3168819 0.8485618 -0.4237084 0.3168819 0.8485618 -0.4237083 0.316882 0.8483565 -0.4241566 0.316832 0.8483564 -0.4241567 0.3168319 0.8483843 -0.4240731 0.3168694 0.9813914 -0.1530117 0.1160097 0.9813914 -0.1530117 0.1160097 0.9813915 -0.1530117 0.1160097 0.9813662 -0.1531701 0.1160146 0.9813662 -0.1531702 0.1160146 0.9813662 -0.1531702 0.1160146 0.9814273 -0.1538996 0.114523 0.9961591 -0.06899881 0.05391049 0.8465264 -0.4156377 0.3326238 0.8466029 -0.4155451 0.3325448 0.8467049 -0.4154216 0.3324393 0.9930158 -0.09049504 0.0756995 0.9636531 -0.201094 0.1758806 0.9636915 -0.2009916 0.1757872 0.9636532 -0.201094 0.1758807 0.9855325 -0.1271719 0.11204 0.9855325 -0.1271718 0.11204 0.9855325 -0.1271718 0.1120399 0.9936848 -0.08193504 0.07666373 0.9936848 -0.08193504 0.07666373 0.9936848 -0.08193504 0.07666373 0.2923445 -0.6928838 0.6591258 0.2923447 -0.6928836 0.659126 0.2922997 -0.6928988 0.6591299 0.9970545 -0.05462718 0.05383598 0.9970545 -0.05462718 0.05383598 0.9970545 -0.05462718 0.05383592 0.9943023 -0.07538026 0.07537221 0.9266719 -0.2663665 0.2651947 0.9167907 -0.2832378 0.2815516 0.9167907 -0.2832378 0.2815516 0.9167624 -0.2917549 0.2728114 0.9167624 -0.2917548 0.2728114 0.9167624 -0.2917548 0.2728113 0.9052882 -0.3105604 0.2898369 0.9053096 -0.3192684 0.2801469 0.8928334 -0.338823 0.2967284 0.8928241 -0.3478488 0.2861234 0.8788383 -0.3687635 0.3027486 0.8787641 -0.382174 0.2858614 0.8483466 -0.4243877 0.3165489 0.7235183 -0.4888856 0.4873521 0.7054018 -0.5022119 0.5001915 0.7053917 -0.5178384 0.4840104 0.6858122 -0.5319545 0.496675 0.6857757 -0.5474765 0.4795637 0.664586 -0.5623608 0.4920121 0.6645835 -0.5777294 0.4738752 0.6418467 -0.5931692 0.4859869 0.6417092 -0.6151572 0.4580294 0.5945478 -0.6452653 0.4797349 0.4303693 -0.6391102 0.6374328 0.4064816 -0.6471034 0.6450039 0.4064625 -0.6675429 0.6238387 0.38125 -0.6756755 0.6309605 0.38125 -0.675677 0.6309588 0.3816295 -0.6955171 0.6087815 0.354682 -0.703814 0.6155052 0.3547408 -0.7232723 0.592483 0.3265311 -0.7314417 0.5986405 0.3263483 -0.7528216 0.5716262 -0.6777354 -0.591963 0.4361818 0.2715414 -0.7842586 0.5578563 0.9855949 -0.1171176 0.1220095 0.9861829 -0.1122218 0.1218591 0.9861829 -0.1122218 0.1218591 0.9861829 -0.1122218 0.1218591 0.9942932 -0.07564967 0.07522153 0.926689 -0.2579955 0.273287 0.8835509 -0.3235971 0.3385601 0.7235375 -0.4744845 0.5013564 0.6843629 -0.5024276 0.528407 0.4303807 -0.6208258 0.6552464 0.4196195 -0.6246028 0.6586281 0.9856072 -0.1143779 0.1244841 0.8835775 -0.3151776 0.3463437 0.8871785 -0.3103703 0.3414449 0.684385 -0.4899228 0.5399935 0.6900587 -0.4862059 0.5361184 0.4195684 -0.6094132 0.6727392 0.4266825 -0.6070212 0.6704233 0.9861965 -0.1048672 0.1281384 0.9861965 -0.1048672 0.1281385 0.9861965 -0.1048672 0.1281385 0.9869803 -0.08789229 0.134703 0.9869688 -0.0941717 0.1304773 0.9840481 -0.08754831 0.1548696 0.9955981 -0.05926638 0.07260787 0.8868243 -0.2835134 0.3649148 0.8879569 -0.282171 0.363197 0.6893014 -0.4428241 0.5733852 0.6891983 -0.4428673 0.5734757 0.6891983 -0.4428673 0.5734757 0.6817341 -0.4472226 0.5789911 0.4260401 -0.5518797 0.7168813 0.4050092 -0.5579297 0.7243494 0.9961152 -0.04844373 0.07353907 0.8882268 -0.2319468 0.3965527 0.8716905 -0.2475456 0.4229383 0.6818115 -0.3662024 0.6332685 0.6818114 -0.3661996 0.6332702 0.6558701 -0.3781176 0.6533465 0.4055212 -0.45565 0.7924239 0.3732014 -0.4627038 0.8041306 0.3727791 -0.4755734 0.7967846 0.9839107 -0.09563755 0.1509082 0.9828852 -0.1056039 0.1509458 0.8713495 -0.2537231 0.4199698 0.8713495 -0.2537231 0.4199699 0.8713495 -0.2537232 0.4199699 0.8704689 -0.2564317 0.4201508 0.6552522 -0.3905334 0.6466284 0.6550704 -0.3907377 0.6466892 0.3837922 -0.482877 0.7871044 0.3837922 -0.4828771 0.7871043 0.3837922 -0.482877 0.7871044 0.3827372 -0.604714 0.6984506 0.3844708 -0.6056492 0.6966859 0.656166 -0.4955372 0.5691127 0.6546315 -0.4981955 0.5685586 0.8702666 -0.3251198 0.370045 0.8702666 -0.3251198 0.370045 0.8702022 -0.3252399 0.3700909 0.8702026 -0.3251059 0.3702079 0.9827217 -0.1228936 0.1384029 0.9827217 -0.1228936 0.138403 0.9827217 -0.1228936 0.138403 0.9827352 -0.1228174 0.1383743 0.4932486 -0.7009018 0.5152112 0.4932486 -0.7009018 0.5152112 0.4932486 -0.7009018 0.5152112 0.4930745 -0.6642114 0.5618726 0.4930745 -0.6642113 0.5618726 0.4930745 -0.6642113 0.5618726 0.4918004 -0.6994521 0.5185549 0.4918004 -0.6994521 0.518555 0.4917457 -0.6994338 0.5186315 0.7229055 -0.5546962 0.4119707 0.7229055 -0.5546962 0.4119708 0.722636 -0.5552522 0.4116945 0.7226194 -0.5553506 0.4115906 0.7226303 -0.5552851 0.4116599 0.8957303 -0.3568298 0.2652167 0.8957303 -0.3568299 0.2652165 0.8956941 -0.356992 0.2651206 0.8956633 -0.3568149 0.2654626 0.895673 -0.356855 0.265376 0.895673 -0.356855 0.265376 0.9860916 -0.1326419 0.100148 0.9860916 -0.1326419 0.1001481 0.9860362 -0.1331117 0.1000704 0.9860485 -0.13269 0.1005082 0.9860484 -0.1326901 0.1005083 0.986038 -0.132783 0.1004871 0.4929465 -0.6644976 0.5616465 0.7226018 -0.528038 0.4461194 0.7227323 -0.5272256 0.4468684 0.8956675 -0.339168 0.2876541 0.8956675 -0.339168 0.2876541 0.8956676 -0.3391679 0.2876541 0.8956542 -0.3390653 0.287817 0.8956542 -0.3390652 0.287817 0.8956542 -0.3390652 0.287817 0.9860714 -0.1265124 0.1079725 0.9860714 -0.1265125 0.1079726 0.9860714 -0.1265124 0.1079725 0.9860466 -0.1263345 0.1084058 0.9860466 -0.1263344 0.1084058 0.9860466 -0.1263344 0.1084058 0.5615379 -0.8221576 0.09344613 0.9667165 -0.2182719 0.1334793 -0.3580645 -0.8855583 0.2959332 0.9018967 -0.4249584 0.07741236 0.7206647 -0.6842145 0.1117718 0.8303259 -0.550018 0.08966207 0.8303791 -0.5499408 0.08964264 0.8303791 -0.5499407 0.08964264 0.8952471 -0.4390182 0.07613122 0.9805068 -0.192751 0.03812712 0.9862253 -0.1618033 0.03434294 0.4885949 -0.7821754 0.3866223 0.7194912 -0.6218465 0.3092563 0.7194912 -0.6218466 0.3092561 0.7198058 -0.6215463 0.3091276 0.8941791 -0.3998963 0.2013128 0.8941791 -0.3998963 0.2013128 0.894083 -0.4000745 0.2013852 0.9858899 -0.1480093 0.07819384 0.9858655 -0.1481505 0.07823604 0.9826567 -0.1460997 0.1141965 0.9826567 -0.1460998 0.1141965 0.9826567 -0.1460998 0.1141965 0.06991726 -0.7304529 -0.6793749 0.2641039 -0.9039079 -0.3364515 0.2641037 -0.903908 -0.3364515 0.263923 -0.9039403 -0.3365068 0.2535498 -0.9030864 -0.3466229 0.2535801 -0.9030901 -0.3465911 0.2535536 -0.9030864 -0.3466202 0.1965374 -0.8927305 -0.4054692 0.1965374 -0.8927306 -0.4054693 0.1965374 -0.8927306 -0.4054693 0.1936033 -0.8935266 -0.4051272 0.1022226 -0.8671452 -0.4874523 0.1021377 -0.8671315 -0.4874945 0.3068918 -0.9493733 -0.06714117 0.2283989 -0.9616013 0.1521746 0.2283988 -0.9616013 0.1521744 0.2283987 -0.9616013 0.1521744 0.4275156 -0.8971924 0.1107983 0.4274426 -0.8972203 0.1108539 0.4274426 -0.8972203 0.1108539 0.2979447 -0.9145351 0.2735957 0.2979447 -0.9145351 0.2735956 0.2979446 -0.9145352 0.2735956 0.3694691 -0.7966382 0.4783935 0.3935844 -0.79812 0.4561753 0.3935844 -0.79812 0.4561753 0.3767493 -0.6882144 0.6200168 0.3767495 -0.6882144 0.6200168 0.3767493 -0.6882144 0.6200169 0.3854219 -0.6966155 0.6051256 0.3854219 -0.6966154 0.6051256 0.3854219 -0.6966154 0.6051256 0.6566367 -0.5737642 0.4895131 0.6565977 -0.5738424 0.4894737 0.6566755 -0.573686 0.4895526 0.6618118 -0.5605044 0.4978353 0.6618118 -0.5605044 0.4978353 0.6618118 -0.5605044 0.4978353 0.641373 -0.6888098 0.337908 0.641373 -0.6888098 0.337908 0.6062325 -0.7180774 0.341829 0.513454 -0.8527553 0.09577882 0.4222729 -0.8990557 0.1156907 0.3069691 -0.9493526 -0.06708031 0.3069209 -0.9493481 -0.06736397 0.3069691 -0.9493526 -0.06708031 0.199344 -0.9745648 0.1023989 0.1993442 -0.9745648 0.1023982 0.1993154 -0.9745666 0.1024363 0.5147722 -0.6640553 -0.5422548 0.6246553 -0.6622341 -0.4138258 0.6279543 -0.6651942 -0.403968 0.6280618 -0.6651409 -0.4038887 0.7325215 -0.5614448 -0.3849573 0.8189779 -0.5246512 -0.2324145 0.8604274 -0.4457352 -0.2469511 0.9536666 -0.2989302 -0.03406977 0.9263807 -0.3762148 -0.01677715 0.9263806 -0.3762148 -0.01677715 0.9263806 -0.3762148 -0.01677715 0.9840989 -0.1717914 0.04513669 0.869666 -0.3853138 0.308568 0.8696662 -0.3853139 0.308568 0.8696661 -0.3853139 0.308568 0.8729211 -0.3729182 0.3145484 0.8729212 -0.3729181 0.3145483 0.8729212 -0.3729183 0.3145483 0.8500972 -0.5023642 0.1580033 0.8500972 -0.5023642 0.1580033 0.8252047 -0.5400936 0.1653369 0.7312167 -0.6768043 -0.08519428 0.6600604 -0.7484484 -0.06438523 0.5386921 -0.801442 -0.2598112 0.438296 -0.8665102 -0.2388653 0.284464 -0.95651 -0.06456905 0.1748701 -0.9635711 -0.2023644 0.2994445 -0.866169 -0.4001053 0.2994446 -0.8661691 -0.4001054 0.299521 -0.8662838 -0.3997994 0.3179664 -0.9015632 -0.2933962 0.4642148 -0.7096605 -0.5299874 0.3023695 -0.7517896 -0.5859907 0.3023695 -0.7517897 -0.5859906 0.3024574 -0.7517515 -0.5859943 0.2784605 -0.7262653 -0.6284891 0.1595436 -0.7774251 -0.6084046 0.1595436 -0.7774252 -0.6084046 0.1595436 -0.7774251 -0.6084046 0.1707383 -0.7764645 -0.6065899 0.1708573 -0.7766411 -0.6063305 0.1708573 -0.776641 -0.6063305 1.11782e-5 0.6691237 0.7431511 5.31942e-6 0.6691275 0.7431476 -0.7234449 0.4579282 0.5166521 -0.9607153 0.1772565 0.2135565 -0.09466391 -0.691537 -0.7161114 -0.1674312 -0.6916853 -0.7025229 -0.7125989 -0.4910634 -0.5010585 -0.6157347 -0.55395 -0.5603662 -0.5070043 -0.6191533 -0.5996631 -0.5506154 -0.5926861 -0.5878316 -0.4135479 -0.6348621 -0.6526318 -0.2784828 -0.6662603 -0.6917692 -0.7714922 -0.4465269 -0.4532257 -0.8802362 -0.3436151 -0.327281 -0.8571004 -0.3782079 -0.3497681 -0.9836527 0.1086969 0.143571 -0.9836527 0.1086969 0.143571 -0.9836527 0.1086969 0.143571 -0.9993035 0.001910448 0.03726959 -0.9995806 -0.02117806 0.01974958 -0.9804477 -0.145567 -0.1324115 -0.9316807 -0.2615216 -0.2521461 -0.8804572 0.3107869 0.3580597 -0.7855368 0.379657 0.4886643 -0.8854367 0.296828 0.3576244 -0.6523392 0.502625 0.5672934 -0.5506409 0.5461726 0.6312608 -0.4879576 0.5798897 0.6523997 -0.2683309 0.6457688 0.7148295 -0.167425 0.6541369 0.7376136 -0.07978528 0.6669919 0.7407808 -5.15832e-5 -0.6946578 -0.7193404 0 -0.6946599 -0.7193384 -6.08356e-6 -0.6946563 -0.7193418 -0.2670027 0.6071434 0.7483893 -0.008760511 0.6156377 0.7879807 0.2578875 0.5948497 0.7613462 0.2579032 0.5948737 0.7613222 0.7046287 0.4190095 0.5726513 0.7045617 0.4189172 0.5728011 0.9624778 0.1142638 0.246131 0.9625148 0.1143289 0.2459559 0.9624952 -0.2374342 -0.1312556 0.9625001 -0.2375003 -0.1311005 0.7046054 -0.542127 -0.4578534 0.7045716 -0.5420646 -0.4579793 0.2578763 -0.7179677 -0.6465464 0.2579318 -0.7180216 -0.6464645 -0.2578969 -0.7180194 -0.6464808 -0.2579198 -0.7180131 -0.6464786 -0.7045555 -0.5421946 -0.4578501 -0.7046065 -0.5420879 -0.4578979 -0.9624899 -0.2374859 -0.1312013 -0.9624853 -0.2375021 -0.1312054 -0.9624878 0.1143305 0.2460607 -0.9624854 0.114323 0.2460733 -0.704583 0.4189621 0.5727422 -0.7046031 0.4188756 0.5727807 -0.2578938 0.5948269 0.7613619 -0.0980367 -0.8674394 -0.4877887 -0.0980367 -0.8674393 -0.4877887 -0.0980367 -0.8674394 -0.4877887 -0.1938693 -0.9749279 0.1092268 -0.1939158 -0.9749195 0.1092187 -0.1939157 -0.9749195 0.1092188 -0.3102551 -0.8048257 0.505962 -0.3759363 -0.7771809 0.5046403 -0.2662467 -0.9308751 0.2501687 -0.2662467 -0.930875 0.2501689 -0.2662096 -0.9308773 0.2501997 -0.4043453 -0.9065477 0.1211451 -0.3101431 -0.8988805 0.3095564 -0.1796579 -0.9619668 -0.2057739 -0.4080243 -0.7913497 -0.4552822 -0.2915485 -0.7692648 -0.5685342 -0.2915796 -0.7692781 -0.5685002 -0.2915804 -0.7692781 -0.5685001 -0.1825368 -0.7415741 -0.6455605 -0.1825368 -0.7415741 -0.6455605 -0.1824457 -0.7415707 -0.6455901 -0.2186188 -0.782989 -0.5823523 -0.2186188 -0.782989 -0.5823523 -0.2186188 -0.782989 -0.5823523 -0.1799724 -0.7807545 -0.5983582 -0.1801555 -0.7808976 -0.5981162 -0.1799724 -0.7807544 -0.5983582 -0.082933 -0.7363819 -0.671464 -0.6354179 -0.7016074 0.3224766 -0.6354179 -0.7016074 0.3224765 -0.6354179 -0.7016074 0.3224765 -0.610051 -0.7046977 0.3622692 -0.4907935 -0.8696742 0.05280917 -0.4906232 -0.8697431 0.05325192 -0.4906232 -0.8697432 0.05325186 -0.445817 -0.880518 0.161045 -0.4458169 -0.8805179 0.161045 -0.2963491 -0.9518293 -0.07872968 -0.2963492 -0.9518293 -0.07872951 -0.2963492 -0.9518293 -0.07872933 -0.3043349 -0.9505159 -0.06244903 -0.287028 -0.9560362 -0.06008112 -0.2144972 -0.9653705 -0.148495 -0.2144185 -0.9653795 -0.1485498 -0.2145751 -0.9653616 -0.1484402 -0.8448843 -0.5155573 0.1427288 -0.8449497 -0.5153743 0.1430023 -0.8449497 -0.5153743 0.1430023 -0.8288902 -0.527387 0.1865589 -0.7084165 -0.6946127 -0.125137 -0.7084165 -0.6946127 -0.125137 -0.6822202 -0.7309131 -0.01848524 -0.4940605 -0.8096323 -0.3168594 -0.481741 -0.8579425 -0.1784946 -0.4816626 -0.8580505 -0.1781868 -0.4816626 -0.8580505 -0.1781868 -0.2976402 -0.8671755 -0.3992706 -0.3189611 -0.9008146 -0.2946131 -0.2657766 -0.9045739 -0.3333302 -0.2657765 -0.9045738 -0.3333302 -0.3889475 -0.67838 0.6233141 -0.6589726 -0.5673188 0.493867 -0.6593149 -0.5681123 0.492496 -0.8711793 -0.3786862 0.3124796 -0.8711793 -0.3786861 0.3124796 -0.8711792 -0.3786863 0.3124796 -0.8718277 -0.3797852 0.3093215 -0.8718277 -0.3797852 0.3093215 -0.8718277 -0.3797852 0.3093215 -0.9827193 -0.1466876 0.1128972 -0.9827193 -0.1466876 0.1128972 -0.9699773 -0.2226403 -0.09785443 -0.968802 -0.2400162 -0.06176662 -0.8259592 -0.5080509 -0.2442867 -0.8259591 -0.5080509 -0.2442866 -0.825959 -0.5080509 -0.2442866 -0.8262387 -0.518134 -0.2210586 -0.6638871 -0.5804402 -0.4715327 -0.6710546 -0.6459803 -0.3638617 -0.4802754 -0.6766385 -0.5581182 -0.4031054 -0.5186825 -0.7539725 -0.1956484 -0.8935728 -0.4040417 -0.1921074 -0.8946137 -0.4034368 -0.03369671 0.6687502 0.7427232 -0.1750025 0.6692417 0.7221425 -0.1758059 0.6693937 0.7218063 -0.3132297 0.6348183 0.7063235 -0.679149 0.4876967 0.5485513 -0.6252386 0.5252332 0.5772408 -0.5390892 0.5834162 0.6074606 -0.5344682 0.5837828 0.6111803 -0.4058836 0.610455 0.6801494 -0.7566658 0.4330024 0.4898631 -0.8421581 0.3763089 0.3862145 -0.8616175 0.3439852 0.373215 -0.9489628 0.1965564 0.2466483 -0.9844198 0.1222496 0.1263836 -0.9941744 0.05985695 0.08963543 -0.5955271 -0.8033304 0.002806305 -0.5656736 -0.8246282 0.001299202 -0.836201 -0.5483665 0.007885634 -0.8565825 -0.5159569 0.007428228 -0.9817237 -0.1900094 0.01072877 -0.9817237 -0.1900094 0.01072877 -0.9817237 -0.1900094 0.01072877 -0.9984865 -0.05289399 0.01506876 -0.9984865 -0.05289399 0.01506865 -0.9984865 -0.05289399 0.01506876 -0.975355 -0.2203836 0.01066553 -0.5066787 -0.8097287 0.2960004 -0.5067808 -0.8373882 0.2048274 -0.9193195 -0.3867819 0.07246726 -0.5634852 -0.8230218 0.07155245 -0.9867243 -0.1435295 0.0759902 -0.7201768 -0.6847138 0.1118598 -0.8950976 -0.4400864 0.07158511 -0.8321133 -0.5468257 0.09257018 -0.9869753 -0.1575308 0.03261828 -0.9869753 -0.1575308 0.03261834 -0.9869753 -0.1575308 0.03261834 -0.9809769 -0.19025 0.03859359 -0.9809768 -0.19025 0.03859359 -0.9809768 -0.19025 0.03859353 -0.9858781 -0.1480079 0.07834583 -0.8943981 -0.3995156 0.2010957 -0.8941521 -0.3999512 0.2013239 -0.7186855 -0.6226119 0.3095895 -0.7196193 -0.6217412 0.3091698 -0.895977 -0.3967359 0.1995647 -0.4903928 -0.7650032 0.4174748 -0.4920126 -0.7015656 0.5154895 -0.4919929 -0.7016873 0.5153426 -0.4919929 -0.7016873 0.5153425 -0.9860279 -0.1325272 0.1009238 -0.9860829 -0.1328912 0.09990239 -0.8956991 -0.3568723 0.265265 -0.8956836 -0.3568438 0.2653552 -0.8956991 -0.3568723 0.2652649 -0.8956511 -0.3570777 0.2651507 -0.7227038 -0.5553261 0.4114758 -0.7225741 -0.555011 0.4121279 -0.4934216 -0.6987891 0.5179083 -0.4934217 -0.698789 0.5179083 -0.4934216 -0.6987891 0.5179082 -0.4929339 -0.6643505 0.5618315 -0.4929394 -0.664619 0.561509 -0.7226508 -0.5277255 0.4464097 -0.7226509 -0.5277255 0.4464097 -0.7226508 -0.5277255 0.4464098 -0.7224851 -0.5274435 0.4470108 -0.8956975 -0.3392187 0.287501 -0.8956995 -0.3392776 0.2874252 -0.8956974 -0.3392189 0.287501 -0.8956674 -0.3390882 0.2877486 -0.8956629 -0.3391878 0.2876449 -0.8956674 -0.3390882 0.2877486 -0.9860362 -0.1267637 0.1079992 -0.9860331 -0.1268386 0.1079393 -0.986033 -0.1268386 0.1079393 -0.9860424 -0.1261277 0.1086845 -0.3870944 -0.4862688 0.7833905 -0.3879085 -0.6079937 0.692727 -0.3824324 -0.4919584 0.782127 -0.3824324 -0.4919584 0.782127 -0.3824324 -0.4919584 0.782127 -0.6587473 -0.4014995 0.6362784 -0.6575173 -0.4005416 0.6381517 -0.8714587 -0.262467 0.4143321 -0.8715686 -0.2626426 0.4139892 -0.8715686 -0.2626427 0.4139892 -0.8715686 -0.2626427 0.4139893 -0.9829344 -0.1009694 0.15377 -0.9829344 -0.1009694 0.1537699 -0.9829345 -0.1009694 0.1537699 -0.9829536 -0.1011057 0.1535578 -0.9829536 -0.1011058 0.1535578 -0.9829536 -0.1011057 0.1535578 -0.3868295 -0.6092642 0.6922139 -0.6572893 -0.4984531 0.5652569 -0.658259 -0.4989699 0.5636703 -0.8714354 -0.325566 0.3668888 -0.871415 -0.3256593 0.3668544 -0.9828339 -0.1233252 0.1372166 -0.9828693 -0.1232003 0.1370755 -0.9828339 -0.1233252 0.1372166 -0.98285 -0.1232131 0.1372019 -0.98285 -0.1232131 0.137202 -0.98285 -0.1232132 0.137202 -0.9881953 -0.1005387 0.1155946 -0.4238122 -0.5538929 0.7166492 -0.403517 -0.4695202 0.7853184 -0.4029853 -0.5592845 0.7244333 -0.6946066 -0.4407437 0.5685656 -0.6790356 -0.4493586 0.5805063 -0.8956229 -0.2736455 0.3506823 -0.8855935 -0.2852736 0.3665286 -0.9954197 -0.06075173 0.07381755 -0.9954197 -0.06075167 0.07381755 -0.9954196 -0.06075173 0.07381755 -0.9716923 -0.1426685 0.188308 -0.3833308 -0.4735055 0.7930006 -0.679602 -0.3779514 0.628724 -0.679602 -0.3779515 0.6287241 -0.6594555 -0.3867397 0.6446325 -0.8860123 -0.2409113 0.3961616 -0.8860123 -0.2409113 0.3961616 -0.8717898 -0.2537657 0.4190296 -0.9921833 -0.0682497 0.1044715 -0.9830194 -0.09694987 0.1557999 -0.9847595 -0.1206526 0.1252662 -0.401378 -0.6316772 0.6632342 -0.4110257 -0.6289128 0.6599444 -0.6725202 -0.5106345 0.535695 -0.6801527 -0.5060291 0.5304027 -0.8774602 -0.3312433 0.3469028 -0.8826817 -0.3248083 0.3396655 -0.8826817 -0.3248083 0.3396655 -0.8826817 -0.3248084 0.3396655 -0.9855719 -0.1173158 0.1220048 -0.9855719 -0.1173158 0.1220048 -0.9855718 -0.1173158 0.1220048 -0.985575 -0.114218 0.124885 -0.985575 -0.114218 0.124885 -0.985575 -0.114218 0.124885 -0.9881917 -0.1032004 0.113256 -0.8958557 -0.2982563 0.3293718 -0.8825388 -0.3149752 0.3491649 -0.6951081 -0.4814249 0.5339052 -0.6799122 -0.4906038 0.5450021 -0.4242573 -0.6057387 0.6731169 -0.4110316 -0.6094921 0.6779178 -0.9847598 -0.1242454 0.1217013 -0.8847293 -0.3333811 0.3257472 -0.8847516 -0.3333492 0.3257194 -0.8847291 -0.333381 0.3257475 -0.9957531 -0.06734412 0.06277304 -0.4980692 -0.6447334 0.5798672 -0.4980692 -0.6447335 0.5798671 -0.4979034 -0.6447961 0.57994 -0.9939404 -0.08240467 0.07274729 -0.9336524 -0.2755377 0.2288499 -0.9336524 -0.2755377 0.2288499 -0.9336353 -0.2755743 0.2288757 -0.9857571 -0.1294604 0.1073449 -0.9858083 -0.1327592 0.1027479 -0.9926962 -0.09530586 0.07396781 -0.9926961 -0.09530586 0.07396781 -0.9926962 -0.09530591 0.07396781 -0.9811732 -0.1556954 0.1142726 -0.263314 -0.7813234 0.5658617 -0.263314 -0.7813234 0.5658617 0.5649757 -0.661582 0.4930638 -0.4008879 -0.6515352 0.6440426 -0.4013267 -0.651412 0.643894 -0.4010196 -0.6514964 0.6439998 -0.3928808 -0.6539257 0.6465494 -0.3927486 -0.653968 0.6465868 -0.3928808 -0.6539258 0.6465491 -0.3925405 -0.6741908 0.6256027 -0.3660374 -0.6819639 0.6331998 -0.3658027 -0.7017555 0.6113328 -0.3658027 -0.7017554 0.6113328 -0.3658027 -0.7017555 0.6113328 -0.3387063 -0.7092964 0.6182045 -0.3384011 -0.7286007 0.5955047 -0.3384011 -0.7286007 0.5955047 -0.3102453 -0.7359334 0.6017889 -0.3102453 -0.7359334 0.6017889 -0.3102453 -0.7359334 0.6017889 -0.3101285 -0.7549608 0.5778016 -0.3101285 -0.7549598 0.5778029 -0.3101285 -0.7549598 0.5778029 -0.6724824 -0.5262752 0.5203863 -0.6727213 -0.5261853 0.5201684 -0.6966158 -0.5104352 0.5041651 -0.6965842 -0.5259676 0.4879844 -0.6749912 -0.5406374 0.5020938 -0.6749371 -0.5562642 0.484799 -0.6530439 -0.5707149 0.4978135 -0.6529713 -0.570764 0.4978525 -0.6528987 -0.5708131 0.4978914 -0.6531569 -0.5860576 0.4795025 -0.6531569 -0.5860576 0.4795024 -0.6531569 -0.5860576 0.4795024 -0.6298269 -0.600976 0.4920834 -0.6300845 -0.6008467 0.4919115 -0.6300845 -0.6008467 0.4919115 -0.6298918 -0.6210594 0.4663919 -0.5897251 -0.6456713 0.4851112 -0.8777197 -0.3405582 0.337088 -0.8777198 -0.3405582 0.3370881 -0.9122642 -0.2918438 0.2874047 -0.9122521 -0.3003189 0.2785762 -0.9000208 -0.3193247 0.2966384 -0.9001842 -0.3281581 0.2863229 -0.9001842 -0.3281581 0.2863228 -0.8867822 -0.3480711 0.3040791 -0.8867954 -0.3573711 0.2930524 -0.8727757 -0.3773001 0.3096889 -0.8727844 -0.3898035 0.2937698 -0.8466123 -0.4249516 0.320412 -0.8466123 -0.4249516 0.320412 -0.8466123 -0.4249516 0.320412 -0.2633103 -0.7515279 0.604875 -0.2700816 -0.7337113 0.6234772 -0.2700816 -0.7337111 0.6234773 -0.2700901 -0.7336788 0.6235117 -0.5911073 -0.6144207 0.5225699 -0.5911104 -0.61445 0.5225321 -0.5911072 -0.6144211 0.5225697 -0.5907121 -0.6141332 0.5233542 -0.8458926 -0.405951 0.345933 -0.8458925 -0.4059512 0.345933 -0.8458666 -0.4059094 0.3460451 -0.8458667 -0.4059094 0.3460451 -0.9793955 -0.1531261 0.1316703 -0.9794747 -0.153056 0.1311613 -0.9794747 -0.1530561 0.1311611 -0.9794747 -0.153056 0.131161 -0.2615553 -0.7533661 0.6033476 -0.2615745 -0.7533347 0.6033784 -0.2615553 -0.7533661 0.6033477 -0.5913342 -0.6468518 0.4815669 -0.5913683 -0.6467804 0.4816209 -0.5913342 -0.6468519 0.4815667 -0.5896781 -0.645038 0.4860102 -0.5895527 -0.644932 0.4863029 -0.8460006 -0.425162 0.3217457 -0.8460006 -0.425162 0.3217457 -0.8460006 -0.4251621 0.3217457 -0.8470143 -0.4287182 0.3142731 -0.8470249 -0.42873 0.3142282 -0.847025 -0.4287299 0.3142282 -0.9789136 -0.1358352 0.1525685 -0.9789136 -0.1358352 0.1525685 -0.9789136 -0.1358352 0.1525684 -0.9811608 -0.1531116 0.1178151 -0.9789133 -0.1725751 0.1093011 -0.9797289 -0.1746178 0.09818428 -0.9797288 -0.1746181 0.09818357 -0.9797288 -0.1746181 0.09818351 -0.9922927 -0.1047045 0.06627339 -0.9922927 -0.1047045 0.06627339 -0.9922927 -0.1047045 0.06627339 -0.8413 -0.4635522 0.2780892 -0.8327543 -0.4747123 0.2849013 -0.8327543 -0.4747123 0.2849013 -0.8327543 -0.4747123 0.2849013 -0.5792622 -0.7003942 0.4170174 -0.5525615 -0.7159776 0.4266756 -0.5525615 -0.7159775 0.4266756 -0.5525615 -0.7159775 0.4266756 -0.2506209 -0.8327072 0.493749 -0.2002209 -0.842508 0.500092 -0.9796317 -0.1715356 0.1043906 -0.9796317 -0.1715356 0.1043906 -0.9796317 -0.1715356 0.1043906 -0.9796081 -0.1611245 0.1200292 -0.9796677 -0.1713816 0.1043047 -0.8328475 -0.4765003 0.2816249 -0.8328475 -0.4765003 0.2816249 -0.8328772 -0.4764643 0.2815976 -0.5527635 -0.7187842 0.4216656 -0.5527635 -0.7187842 0.4216656 -0.5527635 -0.7187842 0.4216657 -0.5522831 -0.7190558 0.4218319 -0.2003228 -0.845925 0.4942486 -0.01918607 -0.8613598 0.507633 -0.9796493 -0.160973 0.1198968 -0.9796493 -0.160973 0.1198968 -0.9796493 -0.160973 0.1198968 -0.8327072 -0.4463617 0.3276584 -0.8327897 -0.4462682 0.3275759 -0.5520178 -0.6730664 0.4921971 -0.5523688 -0.6728769 0.4920624 -0.3494663 -0.7566406 0.5526015 -0.2002924 -0.7887747 0.5811349 -0.5878004 0.2128564 0.7805017 -0.1346462 0.4382537 0.8887092 -0.1346131 0.4381753 0.888753 -0.1346297 0.4382146 0.8887311 -0.1100616 0.6807089 0.7242388 -0.1261045 0.6055121 0.7857816 -0.1261044 0.6055122 0.7857816 -0.1737366 0.5570767 0.8120844 -0.2321173 0.5421136 0.8076103 -0.202156 0.5965544 0.7766955 -0.2021589 0.5967061 0.7765783 -0.2021573 0.5966303 0.7766368 -0.3572994 0.02448326 0.933669 -0.3572994 0.02448326 0.933669 -0.3572995 0.02448326 0.933669 -0.2472236 0.1517769 0.9569976 -0.3090143 0.2740308 0.9107235 -0.3090146 0.2740308 0.9107235 -0.3090146 0.2740309 0.9107234 -0.4887341 -0.5010561 0.7142001 -0.4887341 -0.5010561 0.7142001 -0.4888178 -0.5010286 0.7141622 -0.4020821 -0.3446418 0.8482642 -0.492595 -0.6131882 0.617536 -0.4924698 -0.6129134 0.6179083 -0.492595 -0.6131881 0.6175359 -0.5494 -0.499597 0.6697481 -0.5494001 -0.4995971 0.6697481 -0.5494 -0.4995971 0.6697481 -0.6907209 -0.3983795 0.6034886 -0.7122215 -0.3913925 0.5827113 -0.8680756 -0.2201678 0.4449393 -0.8682599 -0.2202966 0.444516 -0.8825298 -0.2109385 0.4202932 -0.5212051 -0.188154 0.8324322 -0.5308089 -0.1786342 0.8284515 -0.6016135 -0.153005 0.7839966 -0.7250285 7.95112e-4 0.6887184 -0.7787983 0.02826988 0.6266373 -0.3443124 -0.21299 0.9143765 -0.3441792 -0.2129784 0.9144294 -0.3441791 -0.2129784 0.9144293 -0.3080867 -0.1545904 0.9387143 -0.3080866 -0.1545905 0.9387143 -0.3081012 -0.1544964 0.9387249 -0.4164839 -9.528e-4 0.9091426 -0.4164839 -9.52798e-4 0.9091426 -0.4164839 -9.52805e-4 0.9091426 -0.4065876 0.03535157 0.9129276 -0.5006477 0.1730662 0.8481745 -0.5006477 0.1730663 0.8481745 -0.5008959 0.1734139 0.847957 -0.3463026 0.3419857 0.8735676 -0.3616882 0.2488143 0.8984838 -0.3033673 0.2925406 0.9068564 -0.3033673 0.2925405 0.9068564 -0.3033244 0.2925595 0.9068646 -0.249607 0.3429341 0.9055896 -0.9741377 -0.01826858 0.2252154 -0.9741378 -0.01826858 0.2252154 -0.9741377 -0.01826858 0.2252154 -0.9677658 -0.0271635 0.2503831 -0.9202377 0.1314936 0.3686081 -0.8445295 0.1586369 0.5114728 -0.800252 0.4332975 0.414548 -0.800252 0.4332975 0.414548 -0.8002521 0.4332975 0.414548 -0.6614583 0.355802 0.6602105 -0.6614583 0.355802 0.6602105 -0.4707973 0.5175061 0.714519 -0.5108975 0.5427572 0.6666321 -0.5108976 0.5427571 0.6666321 -0.5108976 0.5427572 0.6666322 -0.3125678 0.5137636 0.7989671 -0.2488825 0.385945 0.8883153 -0.2488826 0.385945 0.8883153 -0.2488636 0.3858608 0.8883571 -0.1854767 0.3968266 0.8989589 -0.185305 0.3967676 0.8990203 -0.1854768 0.3968266 0.8989589 0 0.6691261 0.743149 0 0.6691263 0.7431487 -0.1492271 -0.6868849 -0.7112808 -0.1674367 -0.6877252 -0.7063986 -0.5505939 -0.5931991 -0.5873341 -0.5055074 -0.6022859 -0.61783 -0.3200528 -0.6586245 -0.681014 -0.8804576 -0.3354842 -0.3350295 -0.9492951 -0.2680793 -0.164233 -0.8986479 -0.3299554 -0.2890701 -0.7878094 -0.4304607 -0.4405224 -0.6803161 -0.5137633 -0.522702 -0.9994176 -0.02495878 0.02327305 -0.9992752 -0.03796511 -0.002792298 -0.9766313 -0.1588402 -0.1447795 -0.8975894 0.2768102 0.3430881 -0.9534343 0.1926178 0.2320807 -0.9819308 0.1157837 0.149687 -0.8329384 0.3286506 0.4451991 -0.8800514 0.2976391 0.3700277 -0.7747742 0.4181608 0.4742012 -0.1674692 0.659676 0.7326538 -0.135263 0.6552752 0.7431812 -0.3513538 0.6282848 0.6941244 -0.5505213 0.5421348 0.6348356 -0.5249139 0.5454467 0.6534167 -0.6747247 0.4907332 0.5512963 1.33809e-4 -0.6946588 -0.7193394 0 -0.6946725 -0.7193261 -2.51851e-5 -0.6946646 -0.7193338 -0.2670196 0.6070693 0.7484434 -0.00867486 0.615591 0.7880182 -0.00867486 0.615591 0.7880182 -0.00867486 0.6155909 0.7880182 0.2578871 0.5947691 0.7614094 0.2579758 0.5949677 0.7612239 0.7046321 0.4190894 0.5725886 0.7045568 0.418969 0.5727692 0.9624782 0.1142708 0.2461257 0.9625186 0.1143431 0.2459343 0.96249 -0.2374531 -0.1312599 0.9625001 -0.2375057 -0.1310905 0.7046195 -0.5421423 -0.4578136 0.7045872 -0.5420405 -0.4579837 0.2578643 -0.7179533 -0.6465672 0.2579138 -0.7180051 -0.6464899 -0.2578896 -0.7180097 -0.6464945 -0.2578924 -0.7179936 -0.6465113 -0.7045789 -0.5421702 -0.4578429 -0.7046157 -0.5421012 -0.4578679 -0.9624882 -0.2374892 -0.1312076 -0.9624828 -0.2375159 -0.1311986 -0.9624878 0.1143456 0.2460537 -0.962488 0.1143392 0.2460561 -0.7045806 0.4190081 0.5727115 -0.7045996 0.4189547 0.5727273 -0.2579501 0.5949162 0.761273 -0.2399911 -0.8469069 0.474503 -0.1404743 -0.8954301 0.4224594 -0.1853312 -0.9195885 0.3464238 -0.124235 -0.9713642 0.2025275 -0.1242349 -0.9713642 0.2025275 -0.124235 -0.9713642 0.2025276 -0.01290017 -0.9488964 0.315324 -0.01290571 -0.9489267 0.3152329 -0.01290023 -0.9488965 0.3153238 -0.1118448 -0.9894638 0.09193593 -0.1118117 -0.9894644 0.09197038 -0.111878 -0.9894633 0.09190148 -0.1360629 -0.9060847 -0.4006213 -0.1360486 -0.9061248 -0.4005354 -0.1360486 -0.9061248 -0.4005354 -0.1475163 -0.883502 -0.4445934 -0.06652814 -0.7364141 -0.6732521 -0.1571744 -0.7864572 -0.5973119 -0.1571744 -0.7864571 -0.5973119 -0.1571744 -0.7864572 -0.5973119 -0.1963068 -0.7877594 -0.5838654 -0.1963068 -0.7877594 -0.5838654 -0.1963068 -0.7877594 -0.5838654 -0.4163823 -0.7396896 -0.5286635 -0.3730565 -0.7290014 -0.5739216 -0.2542337 -0.7753837 -0.5780531 -0.2542338 -0.7753837 -0.5780531 -0.2542338 -0.7753837 -0.5780531 -0.1556246 -0.7300858 -0.6653989 -0.1556247 -0.7300859 -0.6653989 -0.1556247 -0.7300858 -0.6653989 -0.05123782 -0.8730206 -0.4849842 -0.0513336 -0.8730163 -0.484982 -0.05123782 -0.8730207 -0.4849842 -0.5798102 -0.6611214 -0.4761708 -0.5798101 -0.6611215 -0.4761708 -0.5798101 -0.6611215 -0.4761709 -0.6009279 -0.6866577 -0.4091296 -0.6009279 -0.6866576 -0.4091297 -0.6009279 -0.6866576 -0.4091296 -0.5211064 -0.6807897 -0.514756 -0.521106 -0.6807896 -0.5147565 -0.5210247 -0.6808941 -0.5147004 -0.9410331 -0.3257974 -0.09117388 -0.9421982 -0.3278151 -0.0692811 -0.8787875 -0.4364406 -0.1930086 -0.8789442 -0.4362042 -0.1928293 -0.88516 -0.4387533 -0.1548787 -0.88516 -0.4387532 -0.1548788 -0.88516 -0.4387532 -0.1548787 -0.8082615 -0.4957805 -0.3176714 -0.8235313 -0.524298 -0.2165822 -0.8235313 -0.524298 -0.2165822 -0.7181524 -0.5554504 -0.419204 -0.7389382 -0.6023992 -0.301804 -0.6830403 -0.6139959 -0.3955568 -0.68307 -0.613986 -0.3955208 -0.6830701 -0.613986 -0.3955206 -0.1641378 -0.9137179 -0.3717235 -0.20238 -0.9225506 -0.3285465 -0.2023801 -0.9225507 -0.3285463 -0.2022938 -0.9225548 -0.3285878 -0.2490664 -0.9236097 -0.2913952 -0.2231987 -0.8820178 -0.4150025 -0.2232031 -0.8819557 -0.4151321 -0.3857095 -0.8985806 -0.2092394 -0.3792884 -0.8554885 -0.3525335 -0.5230109 -0.8407459 -0.1400217 -0.5230109 -0.8407459 -0.1400217 -0.5230109 -0.840746 -0.1400217 -0.5153537 -0.8178678 -0.2559357 -0.6297556 -0.7748609 -0.05475831 -0.6298139 -0.7617536 -0.1518751 -0.6298139 -0.7617536 -0.151875 -0.6298138 -0.7617536 -0.151875 -0.7208516 -0.6915643 0.04595416 -0.7208516 -0.6915644 0.04595416 -0.7208516 -0.6915643 0.0459541 -0.7261864 -0.6869307 -0.02792191 -0.7261865 -0.6869307 -0.02792191 -0.7261865 -0.6869306 -0.02792191 -0.7930729 -0.5851413 0.1692488 -0.7930729 -0.5851413 0.1692488 -0.7930729 -0.5851413 0.1692487 -0.8046365 -0.5865266 0.09244769 -0.8046008 -0.5866027 0.09227538 -0.8046008 -0.5866027 0.09227538 -0.0787723 -0.9771423 -0.1974531 -0.1650722 -0.9828362 -0.08236658 -0.165735 -0.9827259 -0.08235198 -0.2240641 -0.9745534 0.006412982 -0.2240641 -0.9745534 0.006412982 -0.2240641 -0.9745534 0.006413042 -0.2549991 -0.9662837 0.03565531 -0.2443551 -0.968509 -0.0477603 -0.3468235 -0.9283531 0.1336942 -0.3566361 -0.9336215 0.03408443 -0.4470328 -0.8644223 0.2300779 -0.4468718 -0.8645729 0.229825 -0.4470328 -0.8644223 0.2300779 -0.461847 -0.8729383 0.1570861 -0.4618735 -0.8729839 0.1567547 -0.528023 -0.7735009 0.3505541 -0.5488498 -0.785779 0.2851583 -0.9767905 -0.2060008 0.05868607 -0.9727728 -0.2251141 0.0551083 -0.8400877 -0.4841738 0.2445986 -0.8397679 -0.4845117 0.245027 -0.8397679 -0.4845118 0.245027 -0.8397498 -0.4844737 0.2451645 -0.5794705 -0.6997837 0.4177522 -0.5794157 -0.6996485 0.4180544 -0.5794641 -0.6998265 0.417689 -0.5794641 -0.6998265 0.417689 -0.2509648 -0.8119559 0.5270146 -0.2513783 -0.8117476 0.5271385 -0.2511132 -0.8120275 0.5268337 -0.2511132 -0.8120274 0.5268337 -0.2511132 -0.8120274 0.5268337 -0.1632137 0.3141915 0.9352247 -0.1632137 0.3141914 0.9352246 -0.1632137 0.3141914 0.9352246 -0.1560136 0.6685002 0.7271639 -0.1560136 0.6685003 0.7271639 -0.1560136 0.6685001 0.7271639 -0.2354975 0.4572752 0.8575783 -0.235037 0.4573919 0.8576424 -0.1699456 0.5424451 0.8227223 -0.1699456 0.542445 0.8227223 -0.1700077 0.5423787 0.8227533 -0.1571395 0.5896675 0.7922118 -0.1571394 0.5896676 0.7922117 -0.1571392 0.5896676 0.7922117 -0.2683337 0.2069317 0.9408381 -0.2227415 0.248189 0.9427558 -0.2227415 0.248189 0.9427558 -0.2227414 0.2481891 0.9427558 -0.1632764 0.3155984 0.9347398 -0.1786901 -0.001529276 0.9839043 -0.1196245 0.0765767 0.9898616 -0.1197107 0.07653456 0.9898545 -0.1197108 0.0765345 0.9898545 -0.275899 -0.1211922 0.9535158 -0.275899 -0.1211921 0.9535158 -0.275899 -0.1211921 0.9535158 -0.2398755 -0.09454131 0.9661893 -0.2399604 -0.09457886 0.9661645 -0.2399606 -0.09457886 0.9661645 -0.178862 -0.001012742 0.9838737 -0.178862 -0.001012742 0.9838737 -0.178862 -0.001012742 0.9838737 -0.1477566 -0.3124658 0.9383673 -0.1477091 -0.3124729 0.9383724 -0.1477092 -0.3124727 0.9383725 -0.1711986 -0.3138756 0.9339021 -0.1712781 -0.3139203 0.9338726 -0.1712779 -0.3139202 0.9338726 -0.1827835 -0.4346777 0.8818421 -0.1827834 -0.4346777 0.8818421 -0.1827834 -0.4346776 0.8818422 -0.2076782 -0.4416578 0.8728163 -0.2076781 -0.4416579 0.8728163 -0.2076783 -0.4416578 0.8728162 -0.2590614 -0.6161583 0.7437985 -0.2590614 -0.6161583 0.7437985 -0.2590613 -0.6161583 0.7437986 -0.2673968 -0.6097485 0.7461272 -0.2673967 -0.6097486 0.7461271 -0.2673968 -0.6097486 0.7461272 -0.969107 -0.05087399 0.2413368 -0.969107 -0.05087399 0.2413368 -0.969107 -0.05087393 0.2413368 -0.9620683 -0.0562635 0.2669439 -0.9202887 0.1046151 0.3769941 -0.9202886 0.1046151 0.3769941 -0.9202886 0.1046151 0.3769941 -0.893863 0.120144 0.4319428 -0.8615968 0.200001 0.4665303 -0.8176388 0.2208373 0.5316933 -0.747604 0.34037 0.5702952 -0.7247436 0.3363626 0.6013376 -0.7247436 0.3363626 0.6013376 -0.7247436 0.3363625 0.6013376 -0.6182066 0.3933995 0.6804832 -0.5835474 0.4001927 0.7066247 -0.5419902 0.4532918 0.7076533 -0.5419287 0.4533653 0.7076535 -0.5419902 0.4532918 0.7076533 -0.4412204 0.4673768 0.7660833 -0.4409775 0.4676084 0.7660818 -0.4409776 0.4676085 0.7660817 -0.4044108 0.5082884 0.7603255 -0.2909545 0.5163677 0.8054253 -0.2907294 0.5163659 0.8055077 -0.2907294 0.516366 0.8055078 -0.1859641 0.612573 0.7682264 -0.07085883 0.4108807 0.9089313 -0.07071238 0.41061 0.909065 -0.102945 -0.2262523 0.9686136 -0.1029451 -0.2262522 0.9686136 -0.1029878 -0.2262321 0.9686138 -0.2671204 -0.04232227 0.9627335 -0.2671205 -0.04232221 0.9627334 -0.2671205 -0.04232227 0.9627334 -0.3427728 -0.1759005 0.9228033 -0.4094371 -0.1964721 0.8909322 -0.4494621 -0.2864853 0.8461146 -0.4494621 -0.2864854 0.8461147 -0.4494621 -0.2864854 0.8461147 -0.4967616 -0.302376 0.8135089 -0.4967203 -0.3023896 0.813529 -0.4967616 -0.3023759 0.8135091 -0.5486131 -0.48146 0.6835349 -0.583078 -0.4787715 0.6563521 -0.583078 -0.4787714 0.6563521 -0.1113821 0.1401204 0.9838498 -0.1113821 0.1401204 0.9838498 -0.1113821 0.1401203 0.9838498 -0.2418391 0.3387997 0.9092462 -0.3454219 0.2119816 0.9141923 -0.4491204 0.1972087 0.8714355 -0.4491204 0.1972086 0.8714355 -0.4490029 0.1971646 0.8715059 -0.4964982 0.1258932 0.85886 -0.5810047 0.1099867 0.8064345 -0.5810048 0.1099866 0.8064345 -0.5813943 0.1099238 0.8061622 -0.6276761 0.02653318 0.7780224 -0.6846568 0.006519019 0.7288365 -0.7255093 -0.08635336 0.6827734 -0.7629571 -0.1008909 0.6385276 -0.7629571 -0.1008908 0.6385276 -0.7629572 -0.1008908 0.6385275 -0.8128278 -0.2826203 0.5093495 -0.8128277 -0.2826204 0.5093495 -0.8128278 -0.2826203 0.5093495 -0.8336402 -0.2764378 0.4781487 0.2180461 -0.6200636 0.7536426 0.2164435 -0.6403278 0.7369753 0.2169241 -0.5043188 0.8358269 0.215423 -0.9009299 0.3767204 0.1373622 -0.9725868 0.1876345 0.1826018 -0.9317756 0.3137688 0.2241914 -0.8332316 0.5054339 0.2279566 -0.731959 0.642084 0.2279565 -0.7319591 0.642084 0.2279565 -0.7319591 0.642084 0.07265216 -0.9641619 -0.2551738 0.07268261 -0.9641693 -0.2551374 0.07268375 -0.9641696 -0.2551354 0.0783866 -0.967067 -0.242151 0.07860571 -0.9671118 -0.2419009 0.07860577 -0.9671118 -0.2419008 0.1104225 -0.9794008 -0.169059 0.1104226 -0.9794009 -0.1690591 0.1104225 -0.9794009 -0.1690591 0.1621899 -0.9867292 -0.007748484 0.1825541 -0.9771021 0.1092961 0.03898394 -0.839199 -0.5424253 0.06766992 -0.8807653 -0.4686933 0.1005511 -0.9286866 -0.3569744 0.04875147 -0.8334214 -0.5504837 0.04875606 -0.833324 -0.5506306 0.03601813 -0.8353696 -0.5485075 0.02051001 -0.7549404 -0.6554727 0.1376441 -0.9842304 -0.1111067 0.1575786 -0.980871 -0.1142852 0.1185618 -0.9639401 -0.2382494 0.2178583 -0.6208182 0.7530753 0.2130906 -0.8451774 0.490171 0.2210003 -0.8999547 0.3758196 0.1934138 -0.9461678 0.2595335 0.160997 -0.9869086 0.009567677 0.1305477 -0.8174471 -0.5610148 0.4178222 -0.7528333 -0.5085929 0.2658294 -0.8191885 -0.5081978 0.337633 -0.9226219 -0.1864751 0.318303 -0.9209204 -0.2249193 0.3521314 -0.9337766 0.06375712 0.336085 -0.9415187 0.02428221 0.2301903 -0.618762 0.7510965 0.2429866 -0.5824436 0.7757042 0.2760218 -0.833074 0.4793744 0.2842473 -0.7919808 0.5403425 0.2787999 -0.7919414 -0.5432305 0.1186507 -0.8392573 -0.530631 0.1983826 -0.9561374 -0.2155123 0.1798372 -0.9521445 -0.2471429 0.2311472 -0.9723748 0.03253 0.2149097 -0.9766331 0.001222968 0.2456891 -0.9362604 0.2511042 0.2751784 -0.9547021 0.1132291 0.3443148 -0.8846318 0.3144426 0.4284408 -0.847243 0.3140349 0.4443851 -0.8935796 0.06354069 0.4574651 -0.8825559 0.1087231 0.4447743 -0.8759605 -0.1867323 0.462833 -0.8749562 -0.1422579 0.4044525 -0.7840846 -0.4707754 0.5520504 -0.713505 -0.4314524 0.5299668 -0.7114132 -0.461548 0.5642427 -0.7978171 -0.2124103 0.5721118 -0.8092519 -0.1334149 0.5219379 -0.8513993 0.05196374 0.5352721 -0.8368372 0.1148358 0.4677399 -0.7501658 0.4674085 0.4382505 -0.8502815 0.2914755 0.361328 -0.6560122 0.6626388 0.361328 -0.6560122 0.6626388 0.3881252 -0.7467522 0.5401112 0.2648134 -0.5365718 0.801227 0.2880496 -0.6120904 0.7364597 0.6574446 -0.7497801 0.07480937 0.5043707 -0.5048468 0.7005285 0.9402072 -0.3383628 -0.03900319 0.9402072 -0.3383628 -0.03900319 0.9402072 -0.3383628 -0.03900319 0.3363539 -0.500464 0.7977482 0.2033323 -0.4426849 0.873319 0.3028486 -0.4809923 0.822757 0.4013277 -0.6257477 0.6688616 0.6668156 -0.6221019 -0.4103001 0.6577941 -0.6634101 -0.3566426 0.5155414 -0.7129833 0.4752599 0.5019897 -0.7127884 0.4898358 0.5779448 -0.6342649 0.5135055 0.52476 -0.6405358 0.5606611 0.5809822 -0.5613095 0.5893992 0.8961838 -0.4188903 0.1462382 0.8961837 -0.4188904 0.1462381 0.8961836 -0.4188904 0.1462383 0.9346488 -0.3411843 -0.100126 0.8665624 -0.4743098 -0.1552411 0.8784489 -0.429514 -0.2093927 0.7756967 -0.5742112 -0.2618706 0.7928088 -0.4799414 -0.3756467 0.7568256 -0.5655756 -0.3276268 0.6769151 -0.7103675 -0.1927797 0.6770936 -0.7101483 -0.1929606 0.6769152 -0.7103676 -0.1927798 0.655917 -0.7519458 0.06595927 0.7582209 -0.6445893 0.09800851 0.7243046 -0.6718997 0.1547055 0.8124862 -0.5476806 0.1997805 0.7750954 -0.5792042 0.2524869 0.2717606 -0.5312709 0.8024322 0.3224975 -0.5498236 0.7705126 0.2952755 -0.5022739 0.8127321 0.3139121 -0.4960494 0.8095642 0.5232177 -0.5740388 0.6298595 0.5649878 -0.4889709 0.6646024 0.8167932 -0.5007198 0.2865812 0.8167932 -0.5007199 0.2865812 0.7801669 -0.454111 0.4302593 0.8857955 -0.4271133 0.1814957 0.8857955 -0.4271133 0.1814957 0.8856872 -0.4272093 0.1817984 0.8016159 -0.3764565 0.4644272 0.1976063 -0.4631008 0.8639962 0.1976063 -0.4631009 0.8639962 0.1976063 -0.4631009 0.8639962 0.3694937 -0.5083081 0.7778801 0.3696271 -0.5082714 0.7778407 0.3696271 -0.5082714 0.7778407 0.4508395 -0.4742172 0.7562154 0.4507985 -0.4742395 0.7562259 0.4507985 -0.4742396 0.756226 0.3278046 -0.627532 0.7062208 0.334836 -0.6098676 0.7182941 0.3369793 -0.6433404 0.6874287 0.3231524 -0.6469074 0.6907123 0.3231524 -0.6469073 0.6907123 0.2821182 -0.7024954 0.6533831 0.3082312 -0.6139211 0.7267012 0.3082312 -0.613921 0.7267012 0.3082312 -0.613921 0.7267012 -0.3831927 -0.4579491 0.802151 0.2960183 -0.4832425 0.8239235 0.3009393 -0.4870666 0.8198791 0.937461 -0.2768065 0.211057 0.937461 -0.2768066 0.211057 0.937461 -0.2768065 0.211057 0.9804084 -0.1951315 0.02689343 0.9779064 -0.2055419 0.03810256 0.9779064 -0.2055419 0.03810256 0.9779064 -0.2055419 0.03810256 0.961474 -0.07074511 0.265637 0.9681471 -0.04698526 0.2459341 0.877515 0.1339243 0.4604691 0.8525925 0.002094864 0.5225722 0.7724822 0.3429049 0.5344976 0.7724822 0.3429049 0.5344976 0.7724822 0.3429049 0.5344976 0.7580732 0.3970043 0.5174097 0.9253489 -0.2899854 0.2442088 0.811544 -0.3758369 0.4473736 0.8150105 -0.2476938 0.5238375 0.7816599 -0.2896556 0.5523656 0.7435146 -0.1808532 0.6437998 0.7388951 -0.1907712 0.6462511 0.6632583 -0.1112627 0.7400738 0.6704164 -0.07293188 0.738392 0.5832374 -0.03815513 0.8114052 0.5409643 0.1316602 0.8306764 0.396122 0.3904843 0.8310292 0.3128042 0.505464 0.8041516 0.1761507 0.4893938 0.854087 0.135888 0.5313324 0.8361939 0.2459135 0.1463664 0.9581772 0.2747858 0.1068488 0.9555501 0.3795012 0.1191762 0.9174835 0.4091251 0.0630517 0.9102974 0.5099467 0.05970704 0.8581315 0.4660028 0.4686408 0.7504779 0.6064062 0.3001455 0.7363317 0.585076 0.364762 0.7243168 0.7075669 0.3187385 0.6306782 0.5142108 -0.4732445 0.715281 0.4998849 -0.4784929 0.7219139 0.5010934 -0.4468387 0.7411078 0.4317053 -0.4897388 0.7574871 0.4304201 -0.4860877 0.7605638 0.4228583 -0.4943388 0.7594869 0.4253236 -0.4969576 0.7563948 0.4517683 -0.4436231 0.7740182 0.4352263 -0.437094 0.7871004 0.4447609 -0.3596541 0.8202663 0.3987233 -0.3583345 0.8441659 0.3804249 -0.3049978 0.8730712 0.329015 -0.3110033 0.8916423 0.3137716 -0.2840947 0.9060009 0.0200743 0.6277047 0.7781926 0.06004399 0.5137143 0.8558578 0.03597503 0.5498067 0.834517 0.07105815 0.4915271 0.8679586 0.07105827 0.4915271 0.8679586 0.07105827 0.4915271 0.8679585 0.2108629 0.08324742 0.9739645 0.1854559 0.1459618 0.9717516 0.160525 0.1974911 0.9670724 0.1928108 0.13324 0.9721477 0.1510093 0.3047607 0.9403814 0.1068487 0.4182614 0.9020205 0.2951258 -0.2886617 0.9108102 0.2801783 -0.1736724 0.944107 0.2543604 -0.0404582 0.9662629 0.3371857 -0.7563102 0.5606253 0.3371858 -0.7563102 0.5606253 0.3371858 -0.7563101 0.5606253 0.3459921 -0.5880507 0.7310854 0.3229918 -0.3981527 0.8585749 0.3229477 -0.3979902 0.8586668 0.3229919 -0.3981527 0.8585749 0.288273 -0.2701445 0.9186516 0.2882412 -0.2700609 0.9186862 0.2882729 -0.2701445 0.9186516 0.3381165 -0.7188549 0.607392 0.3363313 -0.6630935 0.6687214 0.3261279 -0.627959 0.7066174 0.2870172 -0.2908104 0.912716 0.2870935 -0.2909793 0.9126382 0.1916261 0.1329183 0.972426 0.1915846 0.1330056 0.9724223 0.0656045 0.5152053 0.8545523 0.06554859 0.5152946 0.8545027 0.1501367 -0.2137234 0.9652882 0.4101254 -0.3160781 0.8555068 0.4099708 -0.316206 0.8555336 0.5600485 -0.4935032 0.6654325 0.5601462 -0.4934768 0.6653697 0.560108 -0.6982126 0.4458455 0.5600447 -0.6982266 0.4459031 0.4100203 -0.8754521 0.2558658 0.410095 -0.8754792 0.2556528 0.1501008 -0.9778516 0.1458635 0.1501103 -0.9778392 0.1459369 -0.1500834 -0.9778438 0.1459341 -0.1500999 -0.9778467 0.1458967 -0.4100786 -0.8754577 0.2557528 -0.4100527 -0.8754754 0.2557339 -0.5601412 -0.698197 0.4458283 -0.560279 -0.6981276 0.4457638 -0.5603005 -0.4933382 0.6653426 -0.5601929 -0.4934456 0.6653535 -0.4100658 -0.3161418 0.8555117 -0.4100375 -0.3161413 0.8555256 -0.1501062 -0.213738 0.9652897 -0.1501091 -0.2137483 0.965287 0.1500999 -0.2137348 0.9652915 -0.2596052 0.4598135 0.8492213 -0.6860325 0.2905474 0.6670395 -0.6860451 0.2908194 0.666908 -0.9371775 -0.005765199 0.3488051 -0.9371077 -0.006200969 0.3489856 -0.9370996 -0.3485819 -0.01830875 -0.9372026 -0.348295 -0.01848989 -0.686065 -0.6450421 -0.336505 -0.6859925 -0.6451778 -0.3363924 -0.2510803 -0.8163844 -0.5200724 -0.2511049 -0.8163367 -0.5201353 0.2511029 -0.8163464 -0.5201212 0.2511083 -0.8163201 -0.5201598 0.686029 -0.645019 -0.3366228 0.6860305 -0.64519 -0.3362918 0.9370946 -0.3485959 -0.01829278 0.937135 -0.3484773 -0.01848435 0.9371233 -0.005955278 0.3489478 0.9370929 -0.006037116 0.3490281 0.6859968 0.2906026 0.6670521 0.6860778 0.2907648 0.6668982 0.251116 0.4619648 0.8506054 0.2510796 0.4618704 0.8506674 -0.008351147 0.4771625 0.8787754 -0.2486675 0.4304703 0.867675 -0.2144056 0.1361169 0.9672138 -0.2143885 0.1360809 0.9672226 -0.5858017 -0.01007872 0.8103918 -0.5857487 -0.01013213 0.8104293 -0.8001572 -0.2634951 0.5388126 -0.8002313 -0.2634257 0.5387364 -0.8002182 -0.5558294 0.2251765 -0.8001883 -0.5558512 0.2252295 -0.5857944 -0.8091285 -0.04643261 -0.5858017 -0.8091189 -0.04650831 -0.2143973 -0.9553621 -0.203266 -0.2144001 -0.9553551 -0.2032958 0.2144238 -0.9553489 -0.2033002 0.2143893 -0.9553813 -0.2031847 0.5857008 -0.8092003 -0.046364 0.5858695 -0.8090712 -0.04648393 0.800249 -0.5558165 0.2250988 0.8001184 -0.5559698 0.2251852 0.8001347 -0.2634853 0.5388506 0.8002204 -0.2633172 0.5388055 0.5857769 -0.01003956 0.8104103 0.5857479 -0.01026797 0.8104284 0.2144153 0.1359855 0.9672302 0.2143889 0.1361186 0.9672173 -0.9898651 0.1261798 0.0651614 0.918438 -0.3925029 0.04912388 0.3265913 -0.945165 -0.001193523 0.3830003 -0.9231446 -0.03338927 0.2988172 -0.95431 -9.5738e-4 0.4320583 -0.9018458 0 0.5026751 -0.8637665 -0.03500461 0.4479733 -0.8894248 -0.09079378 0.3270674 -0.945001 1.91045e-6 0.4169769 -0.9089172 1.29475e-6 0.4999986 -0.8660254 -0.001172482 0.4926046 -0.8702263 -0.006862044 0.8888362 -0.4582252 -2.84954e-4 0.9033926 -0.4262951 -0.04641467 0.8995043 -0.435597 -0.03387224 0.8942179 -0.4470946 -0.02193087 0.890581 -0.454582 -0.01486158 0.8817423 -0.471728 0.001810729 0.8851593 -0.4651173 0.01260769 0.870081 -0.4902747 -0.05089116 0.913512 -0.4067345 0.007931232 0.9170246 -0.3983013 0.02054792 0.9462431 -0.3232123 -0.01256901 0.9399498 -0.3412939 -0.003625035 0.9319769 -0.3625178 2.99941e-5 0.9836493 -0.1800948 4.69238e-6 0.9806419 -0.1958097 -4.94146e-6 0.9593442 -0.2816897 -0.01759451 0.9629865 -0.250703 -0.09902107 0.9548691 -0.2953296 -0.03171038 0.9994627 -0.03276216 -0.001006782 0.9974462 -0.06508839 -0.02940559 0.9965857 -0.07306241 -0.0384559 0.9965857 -0.07306241 -0.03845596 0.9965857 -0.07306236 -0.03845602 0.9934115 -0.09486126 -0.06430464 0.9933717 -0.09153926 -0.06952089 0.9893599 -0.1451164 -0.0104072 0.9975947 0.06736856 -0.01631647 0.9975947 0.0673691 -0.01631677 0.9975947 0.06736904 -0.01631683 0.9898664 0.1287082 0.05998963 0.9903627 0.136197 0.02514392 0.9893823 0.1449429 0.01069587 0.9882058 0.1531212 -0.001802325 0.9899054 0.1416336 -0.005218267 0.9906423 0.1362859 -0.007351756 0.9917848 0.1274491 -0.0109378 0.9929906 0.1169179 -0.0173211 0.9939736 0.1068939 -0.02429616 0.9951479 0.09015375 -0.03940945 0.9949099 0.09500491 -0.03359389 0.9996079 0.02800279 -2.01756e-5 0.9999987 -0.001630663 1.13016e-6 0.6547549 0.7556254 -0.01806741 0.6537288 0.7564809 -0.01937413 0.657914 0.7529319 -0.01557964 0.659404 0.7516531 -0.01428675 0.6628226 0.7486873 -0.01155358 0.679968 0.7332419 0 0.6908114 0.7228047 -0.01824963 0.688385 0.7252111 -0.01396495 0.6865385 0.7270311 -0.009523808 0.6860989 0.7274622 -0.008198678 0.6912089 0.7222299 -0.0247845 0.6509797 0.7590947 -9.04114e-4 0.474433 0.8802528 -0.008273839 0.5166467 0.8558118 -0.02573949 0.4999829 0.8659983 -0.008019506 0.5728902 0.8196322 7.10816e-6 0.5950419 0.8036947 -8.37637e-6 0.2999079 0.9539583 -0.004333972 0.3447107 0.9384891 -0.02032142 0.3270444 0.9449342 -0.01188844 0.3909791 0.9203997 -3.73727e-5 0.4399893 0.8980031 4.07848e-5 0.2227864 0.9748646 0.00230199 0.1678285 0.9857938 -0.006652832 0.1404323 0.9900904 0 -0.1207251 0.9926747 0.004747986 -0.1403735 0.9900987 0 -0.460402 0.8867489 -0.04131263 -0.4154134 0.9096328 9.60021e-5 -0.5160151 0.8565796 -2.24795e-5 -0.21766 0.9576061 -0.1887187 -0.2466926 0.9690434 -0.009881615 -0.3045008 0.9515756 -0.04222857 -0.2357639 0.9718105 4.14566e-5 -0.3570476 0.9340862 -1.62422e-5 -0.4172643 0.9086758 -0.01410669 -0.5800557 0.8145769 1.49376e-4 -0.6033924 0.7959622 -0.04860043 -0.5625537 0.826704 -0.00968492 -0.7851324 0.6193282 -3.76274e-7 -0.7578094 0.652476 -4.39134e-4 -0.7236425 0.6899935 -0.01582652 -0.7244947 0.6890881 -0.01628291 -0.713525 0.7005395 -0.01124691 -0.7042385 0.7099583 -0.002750813 -0.7041744 0.7100219 -0.002718746 -0.7041743 0.7100219 -0.002718746 -0.7030644 0.7111233 -0.00205475 -0.7080721 0.7061219 -0.005100488 -0.7339988 0.6789193 -0.01772916 -0.7502221 0.6606986 -0.02538448 -0.6874508 0.726207 -0.005911171 -0.6615275 0.749921 -1.55586e-5 -0.7016478 0.7125232 -0.001013159 -0.7042949 0.7098907 -0.00490874 -0.6968881 0.7171799 -1.43444e-4 -0.6969784 0.7170921 -3.18685e-4 -0.6926593 0.7212649 0 -0.8098464 0.586642 -1.56194e-6 -0.8411583 0.5405808 -0.01500272 -0.8541163 0.5200501 -0.005778312 -0.955397 0.2953248 0 -0.9441885 0.3293925 -0.002929687 -0.9248312 0.3801146 -0.01414799 -0.9283209 0.371645 -0.01001954 -0.8988409 0.4382753 -1.15701e-5 -0.881373 0.4724211 8.96551e-6 -0.990778 0.1313415 0.03329491 -0.9819288 0.1892501 -5.12444e-4 -0.9867113 0.1559531 -0.04559999 -0.9851642 0.1688938 -0.03043985 -0.9825267 0.1854799 -0.01544195 -0.9784389 0.2065364 0 -0.9781202 0.2080327 -0.001803696 -0.9801635 0.1976975 0.01397097 -0.9808187 0.19354 0.02317315 -0.969929 0.2329561 -0.07049304 -0.9899571 0.1408596 0.01198482 -0.9904905 0.1359094 0.0213859 -0.9988315 0.0472995 -0.009924173 -0.9974923 0.07075601 -0.00166881 -0.9959723 0.08966219 3.0188e-5 -0.9955548 -0.09418493 0 -0.9963654 -0.08518117 -2.63852e-4 -0.9979863 -0.06315577 -0.005894064 -0.9990733 0 -0.04304319 -0.9963936 -0.02016901 -0.08242022 -0.9993773 0.01083612 -0.03358018 -0.9694242 -0.2453521 -0.004376709 -0.9759278 -0.21551 -0.03347277 -0.9797638 -0.1888326 -0.06637269 -0.9821411 -0.1806351 -0.05262804 -0.992371 -0.1232879 4.11804e-6 -0.9187489 -0.3924924 0.04301381 -0.916485 -0.3996521 0.01826769 -0.8922357 -0.4480719 -0.05609983 -0.9104912 -0.4131863 0.01681888 -0.9086988 -0.4173334 0.00997138 -0.9179371 -0.3964971 -0.01348173 -0.904866 -0.4256944 -0.001406729 -0.9082272 -0.4184613 -0.003679573 -0.9123498 -0.4093512 -0.007043957 -0.9250177 -0.3789966 -0.02653092 -0.9316643 -0.3602262 -0.0473169 -0.9279161 -0.3714834 -0.03117871 -0.9527593 -0.3037264 -5.34416e-5 -0.9610635 -0.276328 2.0397e-5 -0.4153576 -0.9095104 -0.01640689 -0.3781324 -0.9257466 -0.003048837 -0.3807865 -0.924663 -4.31741e-4 -0.4206798 -0.9070967 -0.01429086 -0.4597869 -0.8880293 0 -0.4382261 -0.8988423 -0.006371378 0.7952474 -0.6061788 -0.0113492 0.7860485 -0.6181539 -0.003713965 0.837248 -0.5468236 0 0.8815561 -0.4720793 0 0.8787159 -0.4772952 -0.006911993 0.7390418 -0.6736597 0 0.6934289 -0.720525 0 0.6548072 -0.7556855 -0.01292467 0.621798 -0.7831778 0 0.5692602 -0.8221575 0 0.08517998 -0.9963657 0 0.1423038 -0.9897444 -0.012479 0.1794904 -0.9837598 0 0.2383279 -0.9711849 0 0.02508336 -0.9996854 0 -0.05751264 -0.9982875 -0.01070106 -0.04757934 -0.9988498 -0.00596565 -0.1299036 -0.9915267 0 -0.189294 -0.9819205 0 -0.2357437 -0.9717277 -0.01304703 -0.2817671 -0.9594829 0 -0.3389477 -0.9408053 0 -0.6121188 -0.7907659 0 -0.5800088 -0.8145112 -0.0127114 -0.5341742 -0.8453744 0 -0.4789617 -0.8778358 0 -0.6614584 -0.7499819 0 -0.7143248 -0.6998047 -0.00369513 -0.7237017 -0.6900495 -0.009371578 -0.9050942 -0.4252001 0.003089785 -0.90263 -0.4304176 0 -0.8630738 -0.5050779 0 -0.8411847 -0.5405953 -0.01284891 -0.8111583 -0.5848267 0 -0.772055 -0.6355559 0 0.7371625 0.6757156 0 0.7918751 0.6106071 -0.009628772 0.7860445 0.6181501 -0.004960179 0.9127977 0.4084121 0 0.8887645 0.4581881 -0.01270949 0.8698383 0.4933369 0 0.8357359 0.5491316 0 0.9881721 0.1533038 0.00374037 0.9870753 0.1602572 0 0.9811074 0.1934641 0 0.9594907 0.2817317 -0.002252399 0.96516 0.2613207 -0.01333373 0.9375346 0.3478922 0 0 0.6691312 0.7431443 0 0.669131 0.7431445 -1 0 0 -1 1.32988e-6 0 -1 2.94326e-6 0 -1 6.24033e-7 0 -1 -2.50322e-6 0 -1 2.78003e-6 0 -1 2.1172e-7 0 -1 -1.26724e-6 0 -1 5.36164e-7 0 -1 -2.83034e-6 0 -1 3.00762e-6 0 -1 -5.63406e-6 0 -1 -3.39436e-6 0 -1 1.69047e-6 0 -1 2.03162e-6 0 -0.1046642 -0.6782519 -0.7273375 -0.1757416 -0.6877214 -0.7043821 -0.309769 -0.6431607 -0.7002768 -0.5037988 -0.5993086 -0.6221061 -0.5388892 -0.5965552 -0.594744 -0.651297 -0.5175162 -0.5549678 -0.9461656 -0.2207544 -0.236724 -0.9072581 -0.2868358 -0.3075841 -0.8418393 -0.389563 -0.3735603 -0.8141447 -0.4043185 -0.4167675 -0.7278546 -0.4676678 -0.5015124 -0.9797337 -0.1426398 -0.1406267 -0.9842822 -0.1324194 -0.1168488 -0.998828 -0.03300821 -0.03539824 7.47813e-7 -0.6819977 -0.7313544 0 -0.681998 -0.731354 -1.15459e-5 -0.6819974 -0.7313546 0.9945787 -0.07091915 -0.07605099 0.9842159 -0.1350187 -0.114408 0.6869697 -0.4956018 -0.5314617 0.7600443 -0.4432093 -0.4752877 0.8418427 -0.3894531 -0.3736675 0.8662078 -0.3496077 -0.3570134 0.9513243 -0.2054289 -0.2297416 0.0480954 -0.6812081 -0.7305083 0.1757548 -0.6849091 -0.7071138 0.2003366 -0.6747328 -0.7103527 0.3241673 -0.6451677 -0.691863 0.5391416 -0.5743951 -0.6159518 0.4250022 -0.6746128 -0.6035484 0.5842288 -0.5612896 -0.5862003 1 0 0 1 3.86462e-7 0 1 -6.41725e-7 0 1 4.09562e-6 0 1 1.90491e-6 0 1 -1.67219e-4 1.0526e-4 1 -3.32069e-4 2.10844e-4 1 1.40544e-4 -1.08867e-5 0.9999998 7.46415e-4 -2.21003e-4 0.9999998 7.70925e-4 -2.21192e-4 0.9999998 7.70932e-4 -2.21163e-4 0.9999998 7.70928e-4 -2.21179e-4 1 -4.10063e-6 0 1 9.39143e-7 0 1 -9.10461e-6 0 1 -1.55053e-6 0 0.09661257 -0.4326243 0.8963829 0.02713209 -0.2626923 0.9644981 0.1865231 -0.5475372 0.815728 0.2554122 -0.5800567 0.7734978 0.212021 -0.5652744 0.7971901 0.1833751 -0.558893 0.8087102 0.1680777 -0.5566353 0.8135768 0.1565253 -0.5552467 0.8168238 0.1565253 -0.5552467 0.8168237 0.1565253 -0.5552467 0.8168237 0.2074027 -0.557753 0.8036764 0.2231339 -0.5724785 0.7889739 0.3891342 -0.5982627 0.7004687 0.3621423 -0.663055 0.655142 0.3605858 -0.7443999 0.5620024 0.5262319 -0.6400953 0.559784 0.1981344 -0.8371655 0.5098008 0.2223352 -0.8363441 0.5010944 0.1554666 -0.8537879 0.4968667 0.1671522 -0.8507066 0.4983557 0.1813004 -0.8463611 0.5008025 0.1813004 -0.8463611 0.5008025 0.1813004 -0.8463611 0.5008026 0.19654 -0.8407927 0.5044202 0.2127326 -0.8340741 0.5089845 0.02693921 -0.9284051 0.3705918 0.1042451 -0.9347565 0.3396518 0.1865477 -0.851904 0.4893462 0.2523397 -0.8139652 0.5232451 -0.09659808 -0.9243975 0.3689962 -0.02721649 -0.9804383 0.1949359 -0.1980743 -0.8371546 0.5098419 -0.2039192 -0.8489128 0.4876106 -0.2189112 -0.8105267 0.5432536 -0.2155793 -0.8178209 0.533568 -0.2155793 -0.8178209 0.533568 -0.2107182 -0.8265193 0.5219805 -0.2045265 -0.8353708 0.5102203 -0.2045266 -0.8353708 0.5102203 -0.2045266 -0.8353707 0.5102203 -0.196302 -0.845376 0.4967947 -0.1726095 -0.8683695 0.464909 -0.2231113 -0.8269859 0.5160579 -0.3890979 -0.7405173 0.5479388 -0.3621 -0.6997484 0.6158213 -0.3605127 -0.6126045 0.7033821 -0.5260194 -0.6030723 0.5996729 -0.5260193 -0.6030722 0.5996729 -0.1980922 -0.5669767 0.7995606 -0.2223529 -0.5582014 0.7993562 -0.155345 -0.5551903 0.8170873 -0.1669052 -0.5564949 0.8139141 -0.1817932 -0.5587142 0.8091908 -0.1963068 -0.5618665 0.803598 -0.2133409 -0.5660722 0.7962714 -0.02689003 -0.4344871 0.9002766 -0.1042563 -0.4040449 0.9087786 -0.1865341 -0.5475401 0.8157235 -0.2523264 -0.5786762 0.775542 -0.7756517 -0.5187584 -0.3595193 -0.168989 -0.6721642 -0.7208593 -0.1042911 -0.6735985 -0.7317025 -0.6169455 -0.6270852 -0.4755445 -0.6169776 -0.6271175 -0.4754602 -0.6169776 -0.6271175 -0.4754602 -0.2788712 -0.6551601 -0.7021368 -0.2788713 -0.6551601 -0.7021369 -0.2788713 -0.65516 -0.7021369 -0.4916239 -0.5937691 -0.6369806 -0.5338039 -0.5732681 -0.6216245 -0.7912762 -0.4207343 -0.4436944 -0.8453212 -0.3616818 -0.3932155 -0.9781466 -0.1445359 -0.149461 -0.9855178 -0.115664 -0.124002 -1.35788e-5 -0.6819684 -0.7313817 -0.8706291 -0.3596262 0.3356697 -0.8706291 -0.3596262 0.3356698 -0.870629 -0.3596262 0.3356696 -0.8706156 -0.3597033 0.3356221 -0.8706183 -0.3598009 0.3355104 -0.8697406 -0.3609347 0.3365675 -0.8705867 -0.3591338 0.3363062 -0.8723914 -0.3567894 0.3341178 -0.8707348 -0.3596607 0.335358 2.03686e-5 0.6820272 0.7313268 -0.616958 0.4302883 0.6589499 -0.1017668 0.678462 0.7275526 -0.1645306 0.6759194 0.718375 -0.2750575 0.6555513 0.7032751 -0.2750574 0.6555513 0.7032751 -0.2750575 0.6555513 0.7032752 -0.5358314 0.5761317 0.6172172 -0.4674714 0.609493 0.6403038 -0.7753593 0.3223561 0.5430512 -0.6460399 0.5205715 0.5582454 -0.844092 0.3656803 0.3921564 -0.8057007 0.4099545 0.4275321 -0.8058142 0.4098421 0.4274261 -0.8057007 0.4099545 0.4275321 -0.9824296 0.1209797 0.1421124 -0.9712225 0.1624258 0.1741979 -1 -1.69754e-6 0 0 0.2339296 0.9722536 -1.10798e-4 0.2339969 0.9722374 1.10771e-4 0.2340034 0.9722358 0 0.2339895 0.9722392 0 0.2339004 0.9722606 -0.001060903 0.2321557 0.9726781 -0.001077175 0.237394 0.9714128 -1.10773e-4 -0.9535493 -0.3012369 1.10799e-4 -0.9535531 -0.3012251 0 -0.9535467 -0.3012455 0 -0.953554 -0.3012222 0 -0.9535459 -0.301248 0 -0.9535834 -0.3011291 0 -0.9535779 -0.3011468 1 -3.3951e-6 0 0.7753933 0.3225017 0.5429161 0.2377913 0.6576476 0.7148112 0.1722614 0.6717861 0.7204371 0.1722614 0.6717861 0.7204371 0.5919626 0.5556536 0.5838059 0.5360652 0.5757411 0.6173786 0.6169269 0.4303836 0.6589167 0.9948001 0.06946814 0.07447844 0.9867354 0.113758 0.115812 0.9867354 0.113758 0.115812 0.9867355 0.113758 0.115812 0.9615155 0.1871337 0.2011694 0.9615155 0.1871337 0.2011694 0.9615155 0.1871336 0.2011694 0.8438018 0.3662294 0.3922687 0.8839907 0.3253955 0.3356761 0.8839907 0.3253955 0.3356762 0.8839906 0.3253955 0.3356762 0.7634571 0.440464 0.472361 0.7635188 0.4404208 0.4723016 0.7634571 0.440464 0.4723609 -1.3579e-5 0.6820277 0.7313264 0.8706232 -0.3598541 0.3354403 0.8722841 -0.3576343 0.3334938 0.8722261 -0.3576977 0.3335778 0.8696658 -0.3609984 0.3366923 0.869687 -0.3610017 0.336634 0.8706362 -0.3597853 0.3354805 0.8706111 -0.3597078 0.3356288 1.18814e-5 -0.6819693 -0.7313808 0.6167171 -0.6272779 -0.4755865 0.1016676 -0.6784507 -0.727577 0.1643487 -0.6695285 -0.7243763 0.2749024 -0.6558057 -0.7030985 0.5356768 -0.5755949 -0.6178519 0.4673281 -0.5963048 -0.652706 0.7754899 -0.5189555 -0.3595841 0.7754043 -0.5190693 -0.3596044 0.7754899 -0.5189555 -0.359584 0.6460282 -0.5205448 -0.5582838 0.8437964 -0.3660109 -0.3924839 0.8060581 -0.397623 -0.438368 0.9828222 -0.1322066 -0.1287712 0.9711616 -0.1625891 -0.1743845 1 -6.78951e-6 0 -3.61371e-4 -0.7313546 0.6819974 2.40896e-4 -0.7313601 0.6819915 0 -0.7314158 0.6819318 0 -0.7314158 0.6819319 0 -0.7314158 0.6819319 0 -0.7314642 0.6818799 0 -0.7314642 0.6818799 0 -0.7314642 0.6818799 0 -0.7313782 0.6819721 2.9946e-4 -0.7313805 0.6819697 0 -0.7312286 0.6821326 0 -0.7312234 0.6821381 0 -0.7313757 0.6819748 -1.99656e-4 -0.7313884 0.6819612 0.1501152 -0.2137442 0.9652869 0.4100699 -0.3161282 0.8555149 0.410032 -0.3161516 0.8555244 0.560145 -0.4934336 0.6654028 0.5603254 -0.493356 0.6653085 0.5602838 -0.6981534 0.4457173 0.5601516 -0.6981682 0.4458604 0.4100666 -0.8754581 0.255771 0.4100691 -0.8754787 0.2556959 0.1500872 -0.9778556 0.1458503 0.150094 -0.9778386 0.1459576 -0.1500917 -0.9778412 0.1459421 -0.1501212 -0.9778479 0.1458671 -0.4101471 -0.8754492 0.2556718 -0.4099835 -0.875483 0.2558186 -0.5600447 -0.6982313 0.4458959 -0.5600978 -0.6982077 0.4458662 -0.5601208 -0.4934687 0.6653972 -0.5600831 -0.4935122 0.6653966 -0.4100354 -0.316242 0.8554894 -0.4100651 -0.3160725 0.8555377 -0.1501256 -0.2137193 0.9652909 -0.1501204 -0.2137416 0.9652868 0.1500934 -0.2137411 0.9652911 -0.2596147 0.4599124 0.8491649 -0.6860399 0.2908047 0.6669198 -0.6860306 0.2905572 0.6670372 -0.9371686 -0.005791187 0.3488287 -0.9371686 -0.005791187 0.3488287 -0.9371686 -0.005791187 0.3488287 -0.9371193 -0.005930721 0.3489592 -0.9371541 -0.3484274 -0.01845276 -0.9370732 -0.3486525 -0.01831734 -0.6859783 -0.6452227 -0.3363355 -0.6860834 -0.6449847 -0.3365773 -0.2511129 -0.8163313 -0.5201398 -0.2511032 -0.8163394 -0.5201318 0.2510783 -0.8163459 -0.5201339 0.2511048 -0.8163825 -0.5200635 0.6860278 -0.645153 -0.3363682 0.686035 -0.6450591 -0.3365336 0.9371836 -0.3483431 -0.0185486 0.9371151 -0.3485437 -0.01823616 0.9370756 -0.006129622 0.3490729 0.9371237 -0.006027877 0.3489455 0.9371237 -0.006027877 0.3489454 0.9371236 -0.006027877 0.3489455 0.6860846 0.2907828 0.6668834 0.6859833 0.2905712 0.6670798 0.2510862 0.4618743 0.8506633 0.2510803 0.4618656 0.8506698 -0.008707642 0.4771125 0.8787991 -0.00885117 0.4771041 0.8788022 -0.00885123 0.4771043 0.8788022 -0.2486728 0.4305607 0.8676286 -0.2144253 0.1361177 0.9672093 -0.2143729 0.1359959 0.9672381 -0.5856969 -0.01025646 0.8104654 -0.5858306 -0.01006919 0.8103711 -0.8002321 -0.2633402 0.5387771 -0.8001299 -0.2634496 0.5388754 -0.8001348 -0.5559276 0.2252311 -0.8000121 -0.5560128 0.2254561 -0.8000121 -0.5560129 0.2254562 -0.8000121 -0.5560128 0.2254562 -0.5858114 -0.8091091 -0.04655885 -0.5857665 -0.8091561 -0.04630529 -0.2144073 -0.9553778 -0.2031819 -0.2143987 -0.9553558 -0.2032944 0.2144017 -0.9553517 -0.2033104 0.2144036 -0.9553629 -0.2032554 0.5858231 -0.809104 -0.04649859 0.5857754 -0.8091414 -0.04644787 0.8001813 -0.5558632 0.2252241 0.8002176 -0.5558242 0.2251917 0.8002151 -0.263418 0.5387642 0.8001751 -0.2635025 0.5387821 0.5857614 -0.01015639 0.81042 0.5857763 -0.01006108 0.8104104 0.2144061 0.1360695 0.9672204 0.2143948 0.1361224 0.9672154 0.09660601 -0.4326229 0.8963843 0.02712464 -0.262672 0.9645039 0.1865226 -0.5475413 0.8157253 0.2554146 -0.5800457 0.7735053 0.2120683 -0.5652952 0.7971628 0.1833735 -0.5589038 0.8087032 0.1830787 -0.558811 0.8088341 0.1559677 -0.5552276 0.8169434 0.2073901 -0.557758 0.8036763 0.2231371 -0.5724943 0.7889613 0.3890955 -0.5982752 0.7004796 0.3620789 -0.6631364 0.6550948 0.3605232 -0.7444058 0.5620349 0.526157 -0.6401969 0.5597383 0.526157 -0.6401968 0.5597383 0.1981133 -0.8371645 0.5098106 0.1554648 -0.8537917 0.4968608 0.1670274 -0.8507347 0.4983497 0.1818266 -0.846179 0.5009195 0.1965166 -0.8408007 0.5044159 0.2129924 -0.8339332 0.5091067 0.02693301 -0.9283981 0.3706099 0.1042409 -0.934762 0.3396381 0.1865458 -0.8519073 0.4893411 0.2522798 -0.8140272 0.5231775 -0.09660387 -0.9243963 0.3689978 -0.02722388 -0.980441 0.1949212 -0.1980792 -0.8371456 0.5098547 -0.2039256 -0.8489027 0.4876257 -0.2189209 -0.8105435 0.5432246 -0.215619 -0.8176585 0.5338006 -0.210771 -0.8265082 0.521977 -0.2045751 -0.8353155 0.5102911 -0.1963552 -0.845364 0.496794 -0.1726481 -0.8683366 0.4649562 -0.2231154 -0.8270087 0.5160194 -0.389131 -0.7405082 0.5479277 -0.3621572 -0.6997757 0.6157566 -0.3605792 -0.6125773 0.7033717 -0.5262125 -0.6030462 0.5995296 -0.1981143 -0.5669677 0.7995615 -0.2223536 -0.5581973 0.7993589 -0.1553442 -0.5551973 0.8170827 -0.1670339 -0.556513 0.8138753 -0.1818845 -0.5587268 0.8091617 -0.1963149 -0.5618163 0.8036311 -0.2130849 -0.5660144 0.7963809 -0.02689731 -0.4345004 0.90027 -0.1042611 -0.4040546 0.9087737 -0.1865348 -0.547536 0.8157263 -0.2523875 -0.5787026 0.7755025 -1 -3.39476e-6 0 -0.7756801 -0.518707 -0.3595324 -0.169401 -0.6721349 -0.7207899 -0.169401 -0.6721349 -0.7207899 -0.169401 -0.6721349 -0.7207899 -0.1042319 -0.6736056 -0.7317044 -0.6169611 -0.6270787 -0.4755328 -0.6169611 -0.6270787 -0.4755328 -0.2793301 -0.6550971 -0.7020132 -0.4916281 -0.5937598 -0.636986 -0.5337755 -0.5732894 -0.6216293 -0.7914072 -0.4206133 -0.4435753 -0.8453105 -0.3617138 -0.3932093 -0.9781406 -0.1446083 -0.1494308 -0.985591 -0.1153542 -0.123709 -0.8706111 -0.3597078 0.3356288 -0.8706232 -0.3598541 0.3354403 -0.8706362 -0.3597853 0.3354805 -0.8696557 -0.3610393 0.3366744 -0.8706714 -0.3590071 0.3362222 -0.8706713 -0.3590071 0.3362223 -0.8706714 -0.3590071 0.3362223 -0.8724203 -0.3567379 0.3340972 -0.8705535 -0.3598819 0.3355916 -0.8705536 -0.3598819 0.3355915 -0.8705536 -0.3598819 0.3355915 2.03685e-5 0.6820286 0.7313256 -0.6169269 0.4303836 0.6589167 -0.1017702 0.6784358 0.7275767 -0.1649394 0.675847 0.7183494 -0.1649394 0.675847 0.7183494 -0.274999 0.6556407 0.7032147 -0.5358271 0.576141 0.6172122 -0.4672315 0.6096265 0.6403518 -0.7753111 0.3220552 0.5432984 -0.6460601 0.5205434 0.5582482 -0.8442547 0.3655197 0.391956 -0.8057284 0.4099476 0.4274867 -0.8057284 0.4099476 0.4274867 -0.8057284 0.4099476 0.4274867 -0.9824209 0.12098 0.1421722 -0.9711616 0.162603 0.1743718 0 0.2339264 0.9722543 -1.10771e-4 0.2340034 0.9722358 1.10798e-4 0.2339969 0.9722374 0 0.2339051 0.9722595 -0.001060724 0.2321467 0.9726802 -0.001077055 0.2374038 0.9714105 -1.10799e-4 -0.9535531 -0.3012251 1.10773e-4 -0.9535493 -0.3012369 0 -0.9535417 -0.3012613 0 -0.9535519 -0.301229 0 -0.9535766 -0.3011507 0.7753875 0.3225227 0.542912 0.2374057 0.6577634 0.7148329 0.2375434 0.6577227 0.7148244 0.2375434 0.6577227 0.7148245 0.1720006 0.6718751 0.7204164 0.1723222 0.6717798 0.7204284 0.5921533 0.5555637 0.5836981 0.5360729 0.5757322 0.6173802 0.616958 0.4302883 0.6589499 0.9947947 0.06951659 0.07450544 0.9867318 0.1137659 0.1158346 0.9614404 0.1872469 0.2014225 0.9614404 0.1872469 0.2014224 0.8437982 0.3662442 0.3922623 0.8840215 0.3253985 0.3355916 0.763376 0.4405342 0.4724264 0.763376 0.4405342 0.4724264 0.763376 0.4405342 0.4724263 0.8706312 -0.3600092 0.3352534 0.8706312 -0.3600092 0.3352534 0.8706312 -0.3600093 0.3352534 0.8722674 -0.3576685 0.3335011 0.8722094 -0.3577146 0.3336031 0.8697558 -0.3608831 0.3365834 0.869772 -0.3608872 0.3365371 0.8706183 -0.3598009 0.3355104 0.870629 -0.3596262 0.3356697 0.8706291 -0.3596262 0.3356697 0.8706291 -0.3596262 0.3356698 1.18815e-5 -0.6819679 -0.7313821 0.6169927 -0.6273689 -0.4751088 0.6169927 -0.6273689 -0.4751088 0.6169927 -0.6273689 -0.4751088 0.1016709 -0.6784244 -0.7276012 0.1644073 -0.6695181 -0.7243727 0.2751141 -0.6557633 -0.7030554 0.5356675 -0.5755949 -0.6178599 0.4675712 -0.5961966 -0.6526306 0.7753044 -0.5192048 -0.3596242 0.7753044 -0.5192048 -0.3596242 0.7753043 -0.5192048 -0.3596242 0.6459872 -0.520645 -0.5582377 0.84362 -0.3661645 -0.3927202 0.8436199 -0.3661645 -0.3927202 0.8054398 -0.3981511 -0.4390245 0.9827795 -0.1322842 -0.1290171 0.9712187 -0.1624321 -0.1742125 -3.6134e-4 -0.7313526 0.6819996 2.40914e-4 -0.7313546 0.6819974 0 -0.7311799 0.6821848 0 -0.7316987 0.6816282 0 -0.7316987 0.6816282 0 -0.7316987 0.6816282 2.99494e-4 -0.7313652 0.681986 0 -0.7312321 0.6821288 0 -0.7312205 0.6821412 -1.99642e-4 -0.7313867 0.681963 0.15016 -0.21383 0.965261 0.409973 -0.3162116 0.8555306 0.4101266 -0.3160833 0.8555043 0.5602656 -0.4933921 0.6653321 0.5601891 -0.4934308 0.6653679 0.5602692 -0.6981298 0.4457727 0.5601167 -0.6981925 0.4458661 0.4100496 -0.8755004 0.2556533 0.4100672 -0.8754674 0.2557375 0.1500744 -0.9778498 0.1459026 0.1500622 -0.9778542 0.1458858 -0.1500647 -0.977854 0.1458842 -0.150091 -0.9778504 0.1458807 -0.4100462 -0.8754931 0.2556834 -0.4100608 -0.8754764 0.2557174 -0.5600622 -0.698212 0.445904 -0.5604047 -0.6980881 0.4456676 -0.5604047 -0.6980881 0.4456675 -0.5604047 -0.6980882 0.4456675 -0.5600517 -0.4935193 0.6654177 -0.5601198 -0.4934817 0.6653883 -0.4100838 -0.3161287 0.8555079 -0.4100348 -0.31615 0.8555237 -0.1501532 -0.2137947 0.9652699 -0.1501364 -0.2139438 0.9652394 0.1500946 -0.2139452 0.9652457 -0.2596138 0.4599248 0.8491585 -0.6860256 0.2908384 0.6669198 -0.6860224 0.2905941 0.6670296 -0.9371001 -0.006034314 0.3490087 -0.9371027 -0.005993723 0.3490025 -0.9371433 -0.3484585 -0.01841574 -0.9371865 -0.3483366 -0.01852649 -0.9371865 -0.3483365 -0.01852649 -0.9371865 -0.3483365 -0.01852649 -0.6860154 -0.6451264 -0.3364446 -0.6860341 -0.6450939 -0.3364686 -0.251082 -0.8164335 -0.5199946 -0.2511531 -0.8163173 -0.5201426 0.2510808 -0.8163342 -0.520151 0.2511171 -0.8164851 -0.5198965 0.6859918 -0.6452611 -0.3362343 0.6859928 -0.6451639 -0.3364187 0.6859903 -0.6451655 -0.3364207 0.6859928 -0.6451638 -0.3364187 0.9371917 -0.3483185 -0.01860374 0.9371628 -0.3484027 -0.0184825 0.9371628 -0.3484027 -0.01848244 0.9371628 -0.3484027 -0.01848244 0.9370591 -0.006146848 0.3491169 0.9372169 -0.005824923 0.3486985 0.6860826 0.2908228 0.6668679 0.6859437 0.2906094 0.6671039 0.2510981 0.4619145 0.8506379 0.2510647 0.4619798 0.8506124 -0.008328437 0.477214 0.8787477 -0.2486443 0.4306724 0.8675813 -0.2144891 0.1362138 0.9671816 -0.2143322 0.1358507 0.9672675 -0.5856734 -0.0103659 0.810481 -0.5857625 -0.01021176 0.8104185 -0.8002184 -0.2633669 0.5387841 -0.8001754 -0.2633887 0.5388373 -0.800166 -0.5558937 0.2252037 -0.8000818 -0.5559424 0.2253823 -0.8000819 -0.5559424 0.2253823 -0.5857568 -0.8091546 -0.04645204 -0.585734 -0.8091779 -0.04633384 -0.2144495 -0.9553679 -0.2031835 -0.2144162 -0.9553825 -0.2031501 0.2144153 -0.9553831 -0.2031486 0.2144263 -0.9553572 -0.2032586 0.5858013 -0.8091191 -0.04651278 0.5857145 -0.8091897 -0.04637289 0.8001602 -0.5558845 0.2252464 0.8002497 -0.5557846 0.2251752 0.8002732 -0.2633283 0.5387217 0.8001528 -0.2635476 0.5387932 0.5857143 -0.01028043 0.8104525 0.5857516 -0.01018297 0.8104267 0.2144467 0.1359026 0.9672348 0.2143635 0.1362132 0.9672095 0.09660142 -0.4326041 0.8963938 0.02706968 -0.2624822 0.9645571 0.02706974 -0.2624822 0.9645571 0.02706968 -0.2624822 0.9645571 0.1865707 -0.5475527 0.8157067 0.2550804 -0.579978 0.7736663 0.2121149 -0.5652817 0.79716 0.1832017 -0.5588287 0.8087941 0.1832886 -0.5588499 0.8087596 0.1680881 -0.5565475 0.8136346 0.1564298 -0.5552228 0.8168583 0.1564768 -0.5552242 0.8168483 0.1564298 -0.5552228 0.8168582 0.2073698 -0.5577174 0.8037096 0.223199 -0.5725411 0.7889099 0.3890781 -0.5983121 0.7004575 0.3621402 -0.6630685 0.6551295 0.360563 -0.7443794 0.5620442 0.526349 -0.6400483 0.5597276 0.198059 -0.8371624 0.5098353 0.2223073 -0.8363472 0.5011017 0.1556469 -0.8537451 0.4968839 0.1556467 -0.8537438 0.4968861 0.1556469 -0.8537449 0.4968839 0.1668272 -0.8507545 0.4983831 0.1668272 -0.8507544 0.4983831 0.1669665 -0.8507206 0.4983943 0.1812706 -0.8463764 0.5007874 0.19648 -0.8407801 0.5044645 0.19648 -0.8407801 0.5044646 0.1965708 -0.8407514 0.5044769 0.2131002 -0.8339136 0.5090937 0.02668291 -0.9284081 0.370603 0.1042684 -0.9347912 0.339549 0.1866238 -0.851881 0.4893573 0.2521378 -0.8141255 0.5230932 -0.09660375 -0.9243947 0.3690017 -0.02699297 -0.9805511 0.1943991 -0.1981319 -0.8371771 0.5097825 -0.2039257 -0.8488907 0.4876462 -0.2189414 -0.8105245 0.5432446 -0.2157182 -0.8174927 0.5340144 -0.2107477 -0.8264831 0.522026 -0.2046398 -0.8351615 0.5105174 -0.2046398 -0.8351615 0.5105173 -0.2046399 -0.8351615 0.5105174 -0.1964045 -0.8452799 0.4969177 -0.1724463 -0.8684893 0.4647459 -0.1724463 -0.8684893 0.4647459 -0.1724463 -0.8684893 0.4647459 -0.2230795 -0.8269956 0.5160562 -0.3891556 -0.7404854 0.547941 -0.3622077 -0.6998164 0.6156806 -0.3606315 -0.6125851 0.703338 -0.5259624 -0.6030892 0.5997059 -0.198057 -0.5669791 0.7995676 -0.2224038 -0.5581712 0.7993631 -0.1557634 -0.5552065 0.8169968 -0.1557634 -0.5552064 0.8169968 -0.1557635 -0.5552064 0.8169968 -0.1668101 -0.5564491 0.8139649 -0.1671219 -0.5565121 0.8138579 -0.1820746 -0.5587266 0.809119 -0.1964644 -0.5618413 0.8035771 -0.2124702 -0.5661358 0.796459 -0.2124703 -0.5661358 0.7964588 -0.2124704 -0.5661358 0.7964589 -0.02689737 -0.4344799 0.9002798 -0.1042864 -0.4040482 0.9087736 -0.1865713 -0.5475485 0.8157094 -0.2522418 -0.5786882 0.7755604 -1 -3.39512e-6 0 -0.7753309 -0.5191819 -0.3596001 -0.7753309 -0.5191819 -0.3596001 -0.7753309 -0.5191819 -0.3596 -0.1696369 -0.672114 -0.7207539 -0.1696369 -0.6721139 -0.7207539 -0.1696369 -0.672114 -0.7207539 -0.1041935 -0.6735818 -0.7317317 -0.1042886 -0.6735798 -0.7317201 -0.1041935 -0.6735819 -0.7317317 -0.6171406 -0.6269856 -0.4754225 -0.2790134 -0.6551568 -0.7020834 -0.4915369 -0.5937806 -0.6370369 -0.4914539 -0.5938197 -0.6370646 -0.4916616 -0.5937222 -0.6369953 -0.5337322 -0.5733 -0.6216568 -0.7912055 -0.4207677 -0.443789 -0.7912055 -0.4207677 -0.443789 -0.7912055 -0.4207677 -0.443789 -0.8451912 -0.3618717 -0.3933201 -0.978136 -0.144615 -0.1494547 -0.9855073 -0.1156766 -0.1240742 -0.9855073 -0.1156767 -0.1240742 -0.9855073 -0.1156766 -0.1240742 -5.43135e-5 -0.6820551 -0.7313008 -0.870547 -0.3600987 0.335376 -0.870547 -0.3600987 0.335376 -0.8705469 -0.3600987 0.335376 -0.8706268 -0.3598805 0.3354029 -0.8706276 -0.3597409 0.3355506 -0.8696713 -0.3609813 0.3366963 -0.870624 -0.3590773 0.3362702 -0.8706239 -0.3590773 0.3362702 -0.872109 -0.3572296 0.3343847 -0.872109 -0.3572296 0.3343847 -0.8721089 -0.3572295 0.3343847 -0.8707982 -0.3595808 0.3352796 -4.75289e-5 0.6819788 0.731372 -0.6169305 0.4305092 0.6588314 -0.6169304 0.4305092 0.6588314 -0.1018668 0.678429 0.7275695 -0.1645509 0.6758787 0.7184087 -0.2750024 0.6555646 0.7032843 -0.5359787 0.5760464 0.6171689 -0.4672086 0.6096136 0.6403807 -0.7752691 0.3220408 0.543367 -0.6457226 0.5207861 0.5584123 -0.645869 0.520702 0.5583214 -0.8441117 0.3656814 0.3921132 -0.8441118 0.3656813 0.3921131 -0.8441117 0.3656813 0.3921132 -0.805863 0.4097726 0.4274006 -0.805863 0.4097725 0.4274007 -0.8058631 0.4097725 0.4274006 -0.9824173 0.1209905 0.1421883 -0.97115 0.1626359 0.1744053 -1 3.39462e-6 0 0 0.2339625 0.9722457 -2.21534e-4 0.2339815 0.9722411 -2.57132e-4 0.2339562 0.9722471 -2.5712e-4 0.2339562 0.9722471 -2.57127e-4 0.2339562 0.9722471 0 0.2339375 0.9722517 0 0.2338787 0.9722658 -0.001006841 0.2322772 0.9726491 -0.001077413 0.2371535 0.9714717 1.47737e-4 -0.953549 -0.3012383 -1.477e-4 -0.953549 -0.3012381 0 -0.953555 -0.3012192 0 -0.9535664 -0.3011827 0 -0.953567 -0.3011812 0 -0.9536223 -0.3010062 0 -0.9536191 -0.3010161 1 -3.39462e-6 0 0.7754382 0.3225671 0.5428132 0.2377058 0.6576447 0.7148423 0.1722695 0.6717818 0.7204391 0.5919148 0.5556664 0.5838422 0.5361405 0.5757125 0.61734 0.6168462 0.4305998 0.658851 0.6168867 0.4304699 0.658898 0.6168867 0.4304699 0.6588979 0.9947804 0.06961119 0.07460647 0.9867325 0.1137531 0.1158421 0.9615243 0.187052 0.2012034 0.9615243 0.1870519 0.2012034 0.9615243 0.1870519 0.2012034 0.8438149 0.3662284 0.3922414 0.884029 0.3253733 0.3355966 0.7634369 0.4404867 0.4723724 0.763437 0.4404867 0.4723724 0.763437 0.4404867 0.4723724 5.43188e-5 0.6819788 0.731372 0.8706228 -0.3597311 0.3355733 0.8721326 -0.3578197 0.3336912 0.8723662 -0.3575432 0.3333768 0.8722923 -0.3576259 0.3334815 0.8697369 -0.360926 0.3365861 0.8697285 -0.3609099 0.336625 0.8706083 -0.3597651 0.3355747 0.8706287 -0.359838 0.3354436 6.44973e-5 -0.6820542 -0.7313017 0.6171189 -0.6274089 -0.4748919 0.1014738 -0.6785085 -0.7275502 0.1647539 -0.6694741 -0.7243347 0.1647539 -0.6694741 -0.7243347 0.2750331 -0.6557877 -0.7030643 0.275033 -0.6557877 -0.7030643 0.2750328 -0.6557878 -0.7030643 0.5357454 -0.5755431 -0.6178408 0.4675346 -0.596193 -0.6526603 0.7755011 -0.5189269 -0.3596012 0.7754515 -0.5190082 -0.3595906 0.775501 -0.5189269 -0.3596011 0.6456708 -0.5208199 -0.5584406 0.8436686 -0.3661304 -0.3926475 0.8059135 -0.3977535 -0.4385154 0.8059135 -0.3977535 -0.4385155 0.8059135 -0.3977535 -0.4385155 0.9827844 -0.1322739 -0.1289902 0.9712106 -0.1624586 -0.1742333 -4.99825e-6 -0.7313488 0.6820037 -1.48049e-4 -0.7313589 0.6819928 -5.01613e-6 -0.7313487 0.6820038 -2.19994e-4 -0.7312921 0.6820645 -8.1718e-5 -0.731319 0.6820356 -8.17171e-5 -0.731319 0.6820356 0 -0.730995 0.6823829 0 -0.730995 0.6823829 0 -0.730995 0.6823829 0 -0.7312218 0.6821398 0 -0.7312218 0.6821398 0 -0.7312218 0.6821398 0 -0.7314122 0.6819356 3.99266e-4 -0.7314056 0.6819427 0 -0.731081 0.6822907 0 -0.731081 0.6822907 0 -0.731081 0.6822908 0 -0.7310287 0.6823468 0 -0.7310286 0.6823468 0 -0.7310287 0.6823468 0 -0.7314069 0.6819414 9.54251e-5 -0.7311763 0.6821885 9.53029e-5 -0.7311763 0.6821886 9.54361e-5 -0.7311764 0.6821885 -6.44326e-4 0.7315024 -0.6818386 -6.4531e-4 0.7315024 -0.6818386 -6.44362e-4 0.7315024 -0.6818386 -0.001571238 0.7309124 -0.6824695 -0.001578867 0.7310437 -0.6823288 -0.001571893 0.7310436 -0.6823291 -6.21528e-5 -0.7313525 0.6819997 4.25782e-5 -0.7313562 0.6819957 1.58456e-4 -0.7310396 0.6823351 1.56239e-4 -0.7310374 0.6823374 1.5739e-4 -0.7310388 0.6823359 0 -0.7312783 0.6820793 0 -0.7312825 0.6820747 0 -0.7312827 0.6820746 2.92525e-5 -0.7313166 0.6820382 -1.43111e-4 -0.7312869 0.68207 -3.21946e-5 -0.7313403 0.6820128 -1.04763e-4 -0.7313497 0.6820027 6.19615e-5 -0.7313472 0.6820055 -3.0649e-5 -0.7313857 0.6819641 -4.30765e-5 -0.7313767 0.6819738 0 -0.7313313 0.6820224 1.71699e-5 -0.7313386 0.6820146 1.52151e-5 -0.7313507 0.6820015 -3.62882e-5 -0.7313588 0.6819929 -5.87488e-5 -0.7313319 0.6820217 1.66315e-5 -0.7313315 0.6820223 0 -0.7313137 0.6820414 -1.42704e-5 -0.7313335 0.6820201 -0.001673817 -0.7314906 0.6818494 -0.001672983 -0.7314908 0.6818493 -0.001624763 -0.731485 0.6818556 -1.24305e-4 -0.7313669 0.6819843 2.28822e-5 -0.6946614 -0.7193369 0 -0.6946678 -0.7193307 0.09287559 0.6662455 0.7399265 0.1673936 0.6490412 0.7421085 0.3113883 0.6414998 0.7010816 0.4769737 0.5780806 0.6620565 0.5503165 0.5354455 0.6406637 0.5879804 0.5271249 0.6135295 0.933946 0.230794 0.2729084 0.8502756 0.3165608 0.4205005 0.8800315 0.2971193 0.3704926 0.7725383 0.4201504 0.4760866 0.6966364 0.4764081 0.5364076 0.9800056 0.1224386 0.1568372 0.9994673 -0.02387064 0.02225738 0.9973412 -3.86621e-4 0.07287234 0.7891198 -0.4302397 -0.4383877 0.8964762 -0.332646 -0.2927066 0.8801124 -0.3469332 -0.3240982 0.9556293 -0.2132825 -0.2031832 0.9899744 -0.1083057 -0.09066677 0.6639189 -0.5237879 -0.5337209 0.5504956 -0.5967629 -0.5838055 0.4557685 -0.6164667 -0.6420623 0.222742 -0.6793121 -0.699229 0.1674286 -0.6924034 -0.7018156 0.07466751 -0.6927219 -0.7173292 0 0.6691269 0.7431482 1.56391e-5 0.6691371 0.743139 0.9746087 -0.2178951 0.0515713 0.9767255 -0.212566 0.02868837 0.8405886 -0.4924848 0.2255429 0.840522 -0.4927088 0.225302 0.8409275 -0.4918088 0.2257544 0.578855 -0.7119327 0.3975911 0.5793579 -0.711358 0.3978872 0.2436453 -0.8255006 0.509103 0.2444307 -0.8252667 0.5091058 0.2443443 -0.8252666 0.5091474 0.2444306 -0.8252668 0.5091056 0.2430934 -0.8287212 0.5041101 0.2430934 -0.8287212 0.50411 0.2430933 -0.8287212 0.50411 0.1126863 -0.9831203 -0.1441394 0.07152169 -0.8813875 -0.4669485 0.07148587 -0.7392969 -0.6695744 0.9368449 -0.3295814 -0.1170377 0.9368308 -0.3296083 -0.1170743 0.9368449 -0.3295815 -0.1170378 0.9540096 -0.298448 -0.0281887 0.9539991 -0.2984781 -0.02822434 0.9540095 -0.298448 -0.02818858 0.9348456 -0.3410726 -0.09865766 0.9124699 -0.3917211 -0.1181238 0.8844637 -0.4215608 -0.2000261 0.8450735 -0.484811 -0.2254089 0.8450735 -0.484811 -0.2254089 0.8450735 -0.484811 -0.2254089 0.7710374 -0.5238156 -0.3621032 0.7710373 -0.5238156 -0.3621032 0.7710374 -0.5238156 -0.3621032 0.7863395 -0.5606331 -0.2595396 0.7863395 -0.5606331 -0.2595396 0.6621209 -0.5909504 -0.4608401 0.6913256 -0.671625 -0.2664375 0.6915677 -0.6714031 -0.2663682 0.5748102 -0.5250566 -0.6276217 0.577589 -0.7267941 -0.3717007 0.3635187 -0.6879705 -0.6281328 0.3874462 -0.801385 -0.4557056 0.2813724 -0.7335752 -0.6186252 0.1481199 -0.787349 -0.5984497 0.1621578 -0.7890505 -0.5925404 0.1497266 -0.9098072 -0.3870828 0.1500377 -0.9098094 -0.386957 0.1917397 -0.905864 -0.3776856 0.2037392 -0.918268 -0.3395207 0.2037392 -0.918268 -0.3395208 0.2037392 -0.918268 -0.3395208 0.2189589 -0.9754133 -0.02502143 0.2043597 -0.9784316 -0.03014659 0.1174155 -0.9813624 -0.1521239 0.1174154 -0.9813624 -0.1521239 0.1174468 -0.9813371 -0.152262 0.151955 -0.9790182 0.1357688 0.1518716 -0.9790245 0.1358159 0.1518716 -0.9790246 0.1358158 0.1171659 -0.9759451 0.1838576 0.2038713 -0.9054798 0.3722133 0.2038713 -0.9054799 0.3722134 0.204059 -0.9054422 0.372202 0.05299901 -0.9271607 0.3708965 0.1981398 -0.8835974 0.4242598 0.5757064 -0.7238892 0.3801929 0.5757201 -0.7238597 0.3802283 0.5757065 -0.7238892 0.3801929 0.5413709 -0.7780789 0.3186078 0.5413715 -0.7780604 0.3186519 0.5413716 -0.7780603 0.3186518 0.5278651 -0.8047404 0.271572 0.5278651 -0.8047404 0.2715721 0.488281 -0.8347041 0.2546583 0.4504258 -0.8788078 0.1575227 0.3908228 -0.9105617 0.1346663 0.3498365 -0.9353208 0.05281531 0.2638401 -0.9640322 0.0321018 0.1986445 -0.9773398 -0.0731256 0.1986445 -0.9773398 -0.0731256 0.1986445 -0.9773398 -0.0731256 0.04214191 -0.9921956 0.1173546 0.04214185 -0.9921956 0.1173546 0.04208779 -0.9921821 0.1174872 0.8373768 -0.5071953 0.2038457 0.8373757 -0.507215 0.2038015 0.8373757 -0.5072149 0.2038018 0.795233 -0.5950204 0.1164273 0.7859202 -0.6123899 0.08548849 0.7859202 -0.6123899 0.08548861 0.7859202 -0.6123898 0.08548855 0.7547136 -0.6522451 0.0705958 0.7547251 -0.6522421 0.07050067 0.7547252 -0.6522421 0.07050061 0.7160036 -0.6975007 -0.02884089 0.6667065 -0.7436342 -0.05010759 0.6229107 -0.770142 -0.1373445 0.5497069 -0.8202869 -0.1579615 0.5045849 -0.8317286 -0.2315636 0.4126013 -0.8752055 -0.2525381 0.363829 -0.8752663 -0.3186497 0.363829 -0.8752662 -0.3186495 0.3639624 -0.8752127 -0.3186447 0.2420675 -0.9161731 -0.3194218 0.1574573 -0.8959189 -0.4153752 0.1575013 -0.8959482 -0.4152953 0.1575013 -0.8959482 -0.4152953 0.04352319 -0.9718154 -0.231691 0.2690142 -0.6831948 0.6788787 0.2689696 -0.6832995 0.678791 0.2691183 -0.6829501 0.6790836 0.3361573 -0.5534986 0.7619958 0.3365565 -0.5532335 0.7620121 0.3364367 -0.5533131 0.7620072 0.108475 -0.2213413 0.9691447 0.1085059 -0.2215251 0.9690992 0.1085059 -0.221525 0.9690992 0.1381308 -0.26973 0.9529772 0.1381048 -0.2697687 0.9529701 0.1381045 -0.2697687 0.9529702 0.1767411 -0.3114488 0.9336821 0.1767413 -0.3114489 0.933682 0.176741 -0.3114487 0.9336822 0.1112055 -0.4085277 0.9059461 0.2152122 -0.4389985 0.8723325 0.2152122 -0.4389985 0.8723326 0.2152123 -0.4389985 0.8723325 0.2666394 -0.6095516 0.746559 0.1610395 0.3163161 0.9348853 0.1610395 0.316316 0.9348853 0.1610536 0.3161343 0.9349444 0.1625306 0.3253389 0.9315248 0.06935656 0.6205163 0.7811205 0.164111 0.5385972 0.8264265 0.2159044 0.5219994 0.825168 0.2159044 0.5219994 0.825168 0.2159043 0.5219994 0.8251679 0.4433416 0.4768591 0.7589821 0.4433416 0.476859 0.758982 0.4433835 0.4768574 0.7589587 0.3505599 0.5123328 0.7839789 0.3506045 0.512322 0.7839661 0.3505604 0.512333 0.7839787 0.2857002 0.5161292 0.8074566 0.2857003 0.5161291 0.8074566 0.2857002 0.5161292 0.8074565 0.1804529 0.612425 0.7696574 0.1801284 0.6125102 0.7696656 0.07201093 0.4081146 0.9100863 0.07201093 0.4081146 0.9100863 0.9677061 -0.02919858 0.2503843 0.9404948 -0.1831363 0.2862356 0.950356 0.002321481 0.3111562 0.9019456 0.1461092 0.4063819 0.9019809 0.1463905 0.4062023 0.9019457 0.1461092 0.4063819 0.8977398 0.178461 0.4027594 0.8157482 0.2212321 0.5344262 0.7979021 0.2548533 0.5462622 0.7978799 0.2548937 0.5462755 0.7979021 0.2548534 0.5462621 0.7183107 0.3301329 0.6124069 0.7183107 0.3301329 0.6124069 0.7183107 0.3301329 0.6124069 0.7206919 0.3222698 0.6137958 0.7206919 0.3222698 0.6137958 0.7206919 0.3222698 0.6137959 0.5894878 0.4159621 0.6924448 0.611072 0.3576095 0.7061917 0.5083545 0.4885799 0.7091301 0.2069003 0.2662901 0.9414255 0.2068201 0.2662469 0.9414554 0.2067399 0.2662037 0.9414852 0.2189433 0.2527232 0.9424409 0.2189434 0.252723 0.9424409 0.2189434 0.252723 0.9424409 0.2664757 0.2088471 0.940943 0.2438643 0.3390198 0.908623 0.4027774 0.138378 0.9047773 0.4027774 0.138378 0.9047773 0.4027774 0.138378 0.9047773 0.3936605 0.2755839 0.876975 0.3936606 0.2755839 0.8769749 0.3937473 0.2755891 0.8769344 0.5398269 0.06069695 0.8395849 0.5398376 0.06060171 0.839585 0.5398375 0.06060165 0.839585 0.5401484 0.1796389 0.8221737 0.5401484 0.1796389 0.8221737 0.5401484 0.1796389 0.8221737 0.6560807 -0.02622091 0.7542352 0.6577757 0.06355774 0.7505276 0.6577756 0.06355774 0.7505276 0.6578362 0.0640242 0.7504349 0.7425047 -0.1238788 0.6582863 0.7490602 -0.05845427 0.6599181 0.8177641 -0.2972081 0.4928784 0.8333527 -0.2600857 0.4877281 0.8333528 -0.2600857 0.4877281 0.8333528 -0.2600857 0.4877281 0.09838199 0.1190106 0.9880068 0.09838169 0.1190108 0.9880069 0.09838134 0.1190103 0.988007 0.1843022 0.003436684 0.9828637 0.184302 0.003436565 0.9828637 0.1843021 0.003436803 0.9828637 0.1859521 0.003341257 0.9825532 0.185952 0.003341257 0.9825532 0.185952 0.003341257 0.9825531 0.2465459 -0.08801889 0.9651259 0.2464551 -0.08800035 0.9651507 0.2465459 -0.08801877 0.9651258 0.2837527 -0.1167361 0.9517653 0.2762936 -0.04030281 0.9602279 0.2762658 -0.04021191 0.9602397 0.2762937 -0.04030281 0.9602279 0.3793439 -0.224235 0.8976731 0.390363 -0.1350773 0.910698 0.390363 -0.1350772 0.9106981 0.390363 -0.1350772 0.910698 0.4738005 -0.3205245 0.82023 0.4738005 -0.3205245 0.82023 0.4738005 -0.3205245 0.8202299 0.4894574 -0.2570374 0.8332846 0.4894573 -0.2570372 0.8332846 0.4894574 -0.2570373 0.8332847 0.5606192 -0.4911301 0.6667065 0.5837332 -0.460714 0.6685792 0.006875216 -0.7642619 -0.6448696 0.007416665 -0.8052644 -0.5928695 0.01463329 -0.8441187 -0.5359567 0.01463329 -0.8441187 -0.5359567 0.01463329 -0.8441187 -0.5359567 0.02326965 -0.8946685 -0.4461243 0.02517592 -0.9139956 -0.4049423 0.03022986 -0.9412475 -0.3363621 0.03428763 -0.9712421 -0.2356125 0.03074967 -0.9631959 -0.267036 0.03074973 -0.9631959 -0.267036 0.03074973 -0.9631958 -0.267036 0.03461098 -0.9730043 -0.228177 0.03461098 -0.9730043 -0.228177 0.03461098 -0.9730042 -0.228177 0.04354339 -0.9915149 -0.1224834 0.04775363 -0.9985026 0.02668553 0.04775369 -0.9985027 0.02668553 0.04775357 -0.9985026 0.02668553 0.04779344 -0.998664 0.01964926 0.05353534 -0.9921068 0.113394 0.05690252 -0.9786983 0.1972613 0.05690252 -0.9786983 0.1972613 0.05690252 -0.9786983 0.1972613 0.0572049 -0.9777812 0.2016718 0.06274527 -0.9123105 0.4046636 0.06267547 -0.9125958 0.4040307 0.07607275 -0.9115841 0.4040142 0.09078222 -0.9229612 0.3740339 0.08390325 -0.7994897 -0.5947912 0.2223496 -0.7882403 -0.5737927 0.2223496 -0.7882403 -0.5737927 0.2223496 -0.7882403 -0.5737927 0.2245318 -0.7854757 -0.5767264 0.080563 -0.8044856 -0.5884833 0.08904671 -0.909059 -0.4070412 0.07342875 -0.9572865 -0.2796618 0.08928579 -0.9672026 -0.2377967 0.08946567 -0.9930947 0.07588672 0.063977 -0.9977723 0.01890343 0.08361238 -0.9770205 0.1960612 0.08361244 -0.9770205 0.1960612 0.09948068 -0.9040901 0.4156018 0.1482988 -0.976019 0.1593562 0.1817895 -0.9797977 0.08336162 0.1767094 -0.984111 -0.01730769 0.2046281 -0.941072 -0.2692786 0.2195828 -0.9480943 -0.2300017 0.2162858 -0.8900799 -0.4012209 0.1264352 -0.6802016 0.7220388 0.1261177 -0.6809114 0.721425 0.1968518 -0.6876548 0.6988421 0.1788086 -0.7552661 0.6305557 0.2433929 -0.7226209 0.6469768 0.2950911 -0.757438 0.5824165 0.1311687 -0.8140823 0.5657428 0.2441656 -0.8154866 0.5247521 0.2438476 -0.8155153 0.5248553 0.1088346 -0.8273525 0.5510381 0.2510619 -0.8571579 0.4497204 0.2510619 -0.857158 0.4497203 0.2511227 -0.8571103 0.4497771 0.08555185 -0.8329181 0.5467435 0.2509526 -0.9133679 0.3205963 0.2508624 -0.9133979 0.3205814 0.2508621 -0.9133979 0.3205814 0.720516 0.3049133 0.6228039 0.4931827 0.4129204 0.7656813 0.4432257 -0.7463404 -0.496515 0.4399068 -0.7315782 -0.520841 0.364242 -0.9101381 -0.1974247 0.2271128 -0.9577258 0.1765816 0.227217 -0.9577193 0.1764826 0.227217 -0.9577194 0.1764826 0.1460544 -0.8931658 0.4253506 0.07058721 -0.8346995 0.5461634 0.9786487 -0.1220553 0.1653764 0.9739787 -0.1505051 0.1694512 0.9685413 -0.2466008 0.03340601 0.953535 -0.2981564 0.04328864 0.931174 -0.3507143 -0.09957224 0.9247773 -0.2986251 -0.235818 0.8644838 -0.4706016 -0.1766415 0.7172344 -0.600348 -0.3537756 0.7911971 -0.3191401 -0.5216866 0.6383332 -0.6635237 -0.3902142 0.4191957 -0.8362678 -0.3534562 0.3616566 -0.923406 -0.1285529 0.5625359 -0.8267086 -0.0103203 0.5780965 -0.8155432 -0.02634251 0.7098316 -0.6897739 0.1426577 0.7345165 -0.666607 0.1269673 0.778663 -0.5641332 0.2746593 0.7946848 -0.54275 0.2718428 0.7989226 -0.4679449 0.3778233 0.8134244 -0.4427209 0.3772786 0.3164066 -0.9485334 0.01308983 0.3164066 -0.9485334 0.01308983 0.3164066 -0.9485334 0.01308983 0.2072132 -0.9360819 0.2842769 0.3016895 -0.8907859 0.3398292 0.3220282 -0.8891582 0.3251085 0.3858687 -0.8275907 0.4076752 0.4197165 -0.8168768 0.3956646 0.4405822 -0.7645968 0.4704031 0.5605581 -0.682259 0.4693585 0.4897335 -0.700738 0.5187751 0.9125875 -0.003652095 0.4088655 0.1666643 -0.7883937 0.5921642 0.5536822 -0.566128 0.6106842 0.478617 -0.6589757 0.5802386 0.8055213 -0.3481038 0.4795406 0.7953141 -0.3740206 0.4770577 0.7953143 -0.3740206 0.4770577 0.9608892 0.01620095 0.2764589 0.9626527 -0.05363196 0.2653741 0.8460862 0.165903 0.5065712 0.8337677 0.2282183 0.5027404 0.776326 0.2325419 0.5858687 0.7060557 0.3538596 0.6134076 0.7184281 -0.1984652 0.6666879 0.7229046 -0.1671452 0.6704263 0.6386227 -0.110131 0.7615985 0.6385475 -0.07903021 0.7655138 0.9097905 0.0983901 0.4032378 0.7696893 -0.2868757 0.5703338 0.7766461 -0.2593988 0.5740498 0.4968958 -0.5906218 0.6358147 0.4599366 -0.5517446 0.6957272 0.5207285 -0.4076151 0.7501279 0.4416501 -0.4701983 0.7641066 0.1730462 -0.7101516 0.6824513 0.3772614 -0.3128282 0.8716722 0.3755934 -0.4411286 0.8150678 0.5350418 -0.008574962 0.8447822 0.5396454 -0.03509682 0.8411607 0.5901356 0.3836109 0.7103399 0.6000851 0.3587347 0.7149876 0.3381291 0.3902825 0.8563576 0.2859877 0.4881174 0.8245923 0.115814 0.4957154 0.8607285 0.1060588 0.5107254 0.8531771 0.292225 0.06810194 0.9539217 0.2828605 0.09126311 0.9548095 0.1373841 0.09774094 0.9856837 0.1290613 0.1131589 0.985159 0.4468309 0.470255 0.7610536 0.4267664 0.02282124 0.904074 0.4192977 0.04728168 0.9066168 0.319966 -0.3771808 0.8691124 0.2323784 -0.3628723 0.9023991 0.1883535 -0.2123498 0.9588695 0.1346776 -0.323399 0.9366296 0.008936583 0.5948851 0.8037613 0.01280742 0.5070819 0.8618027 0.01280742 0.5070819 0.8618027 0.01280736 0.5070819 0.8618028 0.01825845 0.4757527 0.8793897 0.04993379 0.09717696 0.9940137 0.03839313 0.1717102 0.9843992 0.03587156 0.1893322 0.9812577 0.03587156 0.189332 0.9812577 0.03587126 0.189332 0.9812578 0.04903227 0.1081439 0.9929254 0.04158699 0.2702122 0.9619023 0.03031378 0.388465 0.9209648 0.09320217 -0.7781375 0.6211404 0.09010541 -0.709505 0.6989161 0.09010541 -0.709505 0.6989161 0.08795756 -0.6832538 0.724864 0.09164428 -0.6060968 0.7900938 0.08567613 -0.414672 0.9059287 0.07102739 -0.2894579 0.9545519 0.0710271 -0.289458 0.9545518 0.07102727 -0.2894584 0.9545518 0.06400197 -0.2358816 0.969672 0.06400191 -0.2358816 0.969672 0.06400191 -0.2358816 0.969672 0.07817667 -0.3277114 0.941538 0.0722106 -0.1532735 0.985542 0.06567025 -0.04453599 0.9968471 -0.3371164 -0.7565082 0.5603998 -0.3371165 -0.7565081 0.5603998 -0.2893008 -0.2402895 0.9265884 -0.2893007 -0.2402894 0.9265884 -0.2987475 -0.3894639 0.871245 -0.3051463 -0.2859788 0.9083512 -0.3425663 -0.5587199 0.7553016 -0.3361047 -0.662349 0.6695727 -0.3365924 -0.6676956 0.6639941 -0.3380923 -0.7188464 0.6074154 -0.1296716 0.3608923 0.9235486 -0.1297096 0.3612011 0.9234226 -0.1565517 0.2836453 0.9460639 -0.1585274 0.2013242 0.9666115 -0.1586038 0.2012031 0.9666242 -0.1585274 0.2013241 0.9666115 -0.1666589 0.1851961 0.9684665 -0.1666586 0.1851961 0.9684665 -0.1666586 0.1851961 0.9684665 -0.1970282 0.120817 0.972925 -0.2527298 -0.03567087 0.9668791 -0.2796024 -0.1692636 0.945078 -0.2796023 -0.1692636 0.945078 -0.03583836 0.5499764 0.834411 -0.07015073 0.4929254 0.867239 -0.10619 0.4197667 0.9013988 -0.1062305 0.4196398 0.901453 -0.1061901 0.4197667 0.9013988 -0.02004086 0.627767 0.7781434 -0.06002843 0.5137094 0.8558616 -0.06558287 0.5151961 0.8545596 -0.1927565 0.1332255 0.9721605 -0.1916084 0.1329123 0.9724302 -0.06556451 0.5152915 0.8545033 -0.3261279 -0.627959 0.7066174 -0.3132693 -0.4717417 0.82421 -0.3132686 -0.4717001 0.8242341 -0.313269 -0.4717417 0.8242102 -0.2905288 -0.289884 0.9118994 -0.2841967 -0.2742903 0.9186931 -0.1916096 0.133013 0.9724163 -0.143956 0.5330041 0.8337767 -0.3385547 -0.5909909 0.7321957 -0.444786 -0.4790154 0.756776 -0.4447528 -0.4790499 0.7567736 -0.4447859 -0.4790153 0.756776 -0.2355511 -0.5606465 0.7938458 -0.2355511 -0.5606465 0.7938459 -0.2469179 -0.4926835 0.8344427 -0.2861176 -0.4891494 0.8239355 -0.2206012 -0.7650144 0.6050522 -0.3417457 -0.4640107 0.8172538 -0.3417457 -0.4640107 0.817254 -0.3417439 -0.4639691 0.8172784 -0.3337143 -0.6355764 0.6961878 -0.3334178 -0.6234819 0.7071796 -0.3326474 -0.6346077 0.6975807 -0.320477 -0.6294136 0.7079076 -0.3204142 0.5149766 0.7950685 -0.3138251 0.3798447 0.8701907 -0.4910663 0.5700147 0.6587392 -0.4910914 0.3980418 0.7748497 -0.6707131 0.350019 0.6539347 -0.7003293 0.4238188 0.5743837 -0.7320743 0.3433909 0.5883452 -0.7320742 0.3433909 0.5883452 -0.7320742 0.3433909 0.5883452 -0.9748017 0.09303605 0.2027462 -0.9302397 0.04466694 0.3642238 -0.8579214 0.1738026 0.483491 -0.8788949 0.2214753 0.4224838 -0.7789605 0.2255728 0.5850962 -0.9726768 -0.2320678 0.006671369 -0.9700156 -0.2310746 0.07532864 -0.9831746 -0.1249017 0.1332942 -0.9831746 -0.1249016 0.1332942 -0.9831359 -0.1249618 0.133523 -0.95174 -0.1353489 0.2754484 -0.9737362 0.05174869 0.2217205 -0.9737362 0.05174869 0.2217205 -0.9737362 0.05174869 0.2217205 -0.370911 0.1288911 0.9196805 -0.355803 0.07864499 0.9312461 -0.5174303 0.08135253 0.8518496 -0.4969819 0.001458764 0.8677598 -0.6502733 -0.0429722 0.7584841 -0.6275641 -0.08269578 0.7741607 -0.7207876 -0.1559232 0.6753912 -0.7180634 -0.1586216 0.6776608 -0.7657806 -0.2495937 0.5926914 -0.794713 -0.2333061 0.5603567 -0.8022873 -0.3175563 0.5054633 -0.8292812 -0.3181776 0.4594081 -0.8223652 -0.3741826 0.4286057 -0.8512289 -0.3851672 0.3564487 -0.1385884 0.4910161 0.8600561 -0.2526158 0.1480005 0.9561806 -0.2443289 0.1112373 0.9632911 -0.3163764 -0.2659546 0.9105901 -0.3718436 -0.04565209 0.9271721 -0.3375296 -0.342498 0.8767948 -0.4503255 -0.3405954 0.8253495 -0.4133715 -0.4156948 0.8101369 -0.4668513 -0.4313706 0.7719905 -0.4123393 -0.4871962 0.7698158 -0.4229977 -0.4956088 0.7585809 -0.428346 -0.4928323 0.7573877 -0.4222402 -0.4812054 0.7682152 -0.4806006 -0.4680194 0.741607 -0.4797853 -0.4566779 0.7491672 -0.5511626 -0.4686836 0.69033 -0.5866386 -0.4513477 0.6724138 -0.9402146 -0.3379427 -0.04232531 -0.9402146 -0.3379427 -0.04232531 -0.9402145 -0.3379427 -0.04232531 -0.9331321 -0.3404761 -0.1155008 -0.830042 -0.4532968 0.3248882 -0.8466567 -0.4676532 0.2539155 -0.5736535 -0.49489 0.6526911 -0.6113293 -0.5215415 0.5952066 -0.2923515 -0.4688024 0.8335196 -0.3567712 -0.5028942 0.7872814 -0.3435479 -0.5024251 0.7934381 -0.618526 -0.5923453 0.5162874 -0.5918941 -0.5606582 0.5790715 -0.8112547 -0.5659837 0.1467257 -0.8060235 -0.5494337 0.220111 -0.8058999 -0.5494921 0.2204174 -0.8626636 -0.4491184 -0.2326033 -0.8798663 -0.4475659 -0.1597506 -0.3508093 -0.7975666 -0.4907346 -0.6742224 -0.655023 -0.3411292 -0.8106961 -0.5245534 -0.2600304 -0.2280949 -0.5004578 0.8351735 -0.2666708 -0.492545 0.8284239 -0.4727392 -0.7354585 -0.4854055 -0.4816476 -0.7203147 -0.4991617 -0.5390175 -0.8265002 -0.1623498 -0.5288307 -0.8425149 -0.1025032 -0.5254665 -0.8466697 0.0838778 -0.5070501 -0.8498069 0.1439747 -0.5070501 -0.8498068 0.1439747 -0.4787839 -0.8139383 0.329045 -0.4531016 -0.8040024 0.3850706 -0.4031263 -0.7310253 0.5505373 -0.371467 -0.7088252 0.5996491 -0.371467 -0.7088252 0.5996491 -0.371467 -0.7088252 0.599649 -0.2559477 -0.653053 0.7127501 -0.2414249 -0.6330633 0.7354896 -0.2519402 -0.8250499 0.5057854 -0.2618854 -0.844866 0.4664949 -0.2618853 -0.8448661 0.4664949 -0.2618638 -0.8448024 0.4666221 -0.2523176 -0.9265387 0.2790377 -0.2523177 -0.9265387 0.2790377 -0.2523176 -0.9265387 0.2790377 -0.2600127 -0.936524 0.2351943 -0.2373237 -0.9709066 0.03190183 -0.2426149 -0.9700317 -0.01328986 -0.2074288 -0.9548463 -0.2127011 -0.2099905 -0.9431725 -0.2575455 -0.1292161 -0.8161485 -0.5632096 -0.7574182 -0.571726 -0.3153524 -0.7731316 -0.5392371 -0.3339026 -0.7635393 -0.6454906 0.01869851 -0.7277818 -0.6776843 0.105251 -0.3114552 -0.5470893 0.7769742 -0.4432461 -0.5904908 0.6744284 -0.566524 -0.6628299 0.4895991 -0.5771831 -0.6616237 0.4786583 -0.7002123 -0.6659511 0.2573172 -0.7002516 -0.6659433 0.2572301 -0.7002122 -0.665951 0.2573172 -0.5619499 -0.7117099 -0.4215229 -0.6403206 -0.6513355 -0.4071261 -0.6693618 -0.7387261 -0.0789839 -0.669362 -0.7387261 -0.07898396 -0.6536061 -0.7566655 -0.01601272 -0.6294624 -0.7594506 0.1643533 -0.60303 -0.7650581 0.2259228 -0.5494678 -0.7327808 0.4013946 -0.5136985 -0.7255161 0.4579742 -0.5136984 -0.7255161 0.4579742 -0.5136984 -0.7255161 0.4579741 -0.4361971 -0.6607401 0.6108638 -0.3933044 -0.64154 0.658588 -0.1621308 -0.833649 -0.5279612 -0.3135654 -0.7834703 -0.5365175 -0.3842304 -0.8960086 -0.2225662 -0.3783693 -0.9098731 -0.170199 -0.3950163 -0.9183827 0.02314162 -0.383776 -0.9202359 0.07669341 -0.383776 -0.9202359 0.07669341 -0.383776 -0.920236 0.07669341 -0.381218 -0.8835284 0.2721223 -0.3650836 -0.8729181 0.3236171 -0.3440639 -0.7943136 0.5006855 -0.3238482 -0.7721673 0.5466992 -0.2761573 -0.625687 0.7295568 -0.3074322 -0.6093466 0.7308777 -0.3312062 -0.6303488 0.7021133 -0.2639734 -0.5135909 0.8164205 -0.2638832 -0.5133042 0.81663 -0.2638403 -0.5133257 0.8166303 -0.2638404 -0.5133256 0.8166304 -0.2705973 -0.5053955 0.819361 -0.2276996 -0.5173195 0.8249446 -0.2059649 -0.6368484 0.7429688 -0.2107913 -0.6460766 0.7335885 -0.2471842 -0.8042516 0.5404438 -0.215078 -0.8625953 0.4578984 -0.215078 -0.8625953 0.4578984 -0.2150774 -0.8625954 0.4578986 -0.2176733 -0.9146028 0.3407643 -0.2176732 -0.9146028 0.3407643 -0.2176732 -0.9146028 0.3407644 -0.1981462 -0.953667 0.2264008 -0.200173 -0.9580289 0.2052108 -0.1877154 -0.9758129 0.1120361 -0.1662259 -0.9860796 -0.003988862 -0.1793032 -0.9835921 0.01992404 -0.1495341 -0.9820027 -0.1153704 -0.1495384 -0.9820076 -0.1153234 -0.149535 -0.9820027 -0.1153689 -0.1329758 -0.9743028 -0.1818006 -0.06194955 -0.881552 -0.4680048 -0.1557534 -0.9611631 -0.2278298 -0.05220741 -0.9428286 -0.3291637 -0.09998321 -0.9633916 -0.2487571 -0.09998321 -0.9633916 -0.2487571 -0.09998321 -0.9633916 -0.2487571 -0.02499336 -0.8533383 -0.5207584 -0.02499336 -0.8533383 -0.5207583 -0.02499336 -0.8533381 -0.5207585 0.05149406 -0.7974057 -0.6012427 0.05149406 -0.7974057 -0.6012426 0.05149406 -0.7974057 -0.6012426 -0.05127662 -0.8315289 -0.5531098 -0.2238065 -0.6360739 0.7384584 -0.2233817 -0.6340658 0.7403115 -0.217123 -0.8530641 0.4744884 -0.2175264 -0.8623926 0.4571231 -0.1951847 -0.9494156 0.245994 -0.1943546 -0.9542908 0.2270587 -0.1632148 -0.9865901 -9.7224e-4 -0.1648578 -0.9860659 0.02227133 -0.1223037 -0.9617531 -0.2450975 -0.1245001 -0.9669107 -0.2226738 -0.04935538 -0.8318322 -0.5528285 -0.04936033 -0.8318756 -0.5527627 -0.08433294 -0.7760681 0.624985 -0.07965934 -0.6697457 0.7383056 -0.06545001 -0.3358909 0.9396242 -0.08119356 -0.4582798 0.8850917 -0.08474147 -0.641363 0.7625434 -0.03773188 0.1110475 0.9930986 -0.02529859 0.1616959 0.9865163 -0.02529859 0.1616962 0.9865164 -0.02527749 0.1617388 0.9865098 -0.03758597 0.1074975 0.9934946 -0.04800522 0.04624885 0.9977758 -0.04800522 0.04624885 0.9977758 -0.04800528 0.04624885 0.9977758 -0.06142032 -0.04771459 0.9969708 -0.06142038 -0.04771459 0.9969708 -0.06142032 -0.04771459 0.9969709 -0.07351553 -0.3227563 0.9436228 -0.02928847 -0.1710448 0.9848279 -0.02934044 -0.1711767 0.9848034 -0.02934032 -0.1711767 0.9848034 -0.04732912 -0.243525 0.9687392 8.49991e-5 0.5246094 0.8513431 8.46483e-5 0.524609 0.8513433 8.48242e-5 0.5246093 0.8513432 0.02248555 0.5984807 0.8008217 -0.01216024 0.4756075 0.8795735 -0.01216018 0.4756075 0.8795736 -0.01219618 0.4754416 0.8796627 -0.02775025 0.3907628 0.9200732 -0.03944176 0.2599202 0.9648243 -0.08203297 -0.6779071 0.7305563 -0.07200193 -0.3227537 0.9437404 -0.07200211 -0.3228519 0.9437068 -0.04801207 0.1115128 0.9926025 -0.0480383 0.1117075 0.9925794 -0.01637351 0.5075234 0.8614825 -0.01637357 0.5075233 0.8614825 -0.01637357 0.5075233 0.8614825 -0.01662212 0.50905 0.8605765 -0.9485985 -0.3151368 -0.02915179 -0.1496492 -0.3170619 0.9365239 -0.7781475 0.2540552 0.5744062 -0.1047222 -0.9239906 0.3677973 -0.07665711 -0.8704167 0.4863113 -0.07648515 -0.8701604 0.4867967 -0.080244 -0.8406966 0.5355279 -0.1276505 -0.8708415 0.4747004 -0.1276505 -0.8708416 0.4747004 -0.1276505 -0.8708416 0.4747003 -0.09389227 -0.8332827 0.5448157 -0.2510194 -0.8605933 0.443135 -0.2510195 -0.8605933 0.443135 -0.2510647 -0.8605878 0.4431198 -0.1071027 -0.8230943 0.5577141 -0.2838577 -0.8072369 0.5174877 -0.2805554 -0.7538741 0.5941064 -0.2805554 -0.7538742 0.5941064 -0.2805554 -0.7538743 0.5941063 -0.1577397 -0.7821229 0.6028283 -0.1578299 -0.7820939 0.6028425 -0.1572881 -0.7822679 0.6027582 -0.2524539 -0.7051489 0.662595 -0.2001847 -0.6656137 0.7189468 -0.1663141 0.1178025 0.9790108 -0.158811 0.09497189 0.9827307 -0.3544505 0.07510817 0.9320535 -0.3544505 0.07510817 0.9320535 -0.3544504 0.07510817 0.9320535 -0.1526505 0.5112999 0.8457365 -0.1469327 0.4903196 0.8590678 -0.3685626 0.46916 0.8025276 -0.3685165 0.4690985 0.8025848 -0.3686088 0.4692215 0.8024704 -0.3643054 0.4601883 0.8096348 -0.5352802 0.4030973 0.7422855 -0.5299643 0.3920966 0.7519297 -0.4924533 0.01988899 0.8701117 -0.3426617 0.05519837 0.9378359 -0.2698272 -0.3507193 0.896766 -0.2698272 -0.3507194 0.8967661 -0.2698272 -0.3507194 0.896766 -0.1419408 -0.3370383 0.9307298 -0.1419408 -0.3370383 0.9307298 -0.1419408 -0.3370383 0.9307298 -0.1074561 -0.6761266 0.7289074 -0.1252586 -0.6401948 0.7579321 -0.1444638 -0.7167845 0.6821659 -0.3407127 -0.2527808 0.9055479 -0.343463 -0.4141504 0.8429192 -0.4779939 -2.70019e-4 0.8783631 -0.1646744 -0.7487999 0.6420133 -0.4986447 -0.3760555 0.7809839 -0.4185503 -0.4434843 0.7925512 -0.59276 -0.07066255 0.8022734 -0.592877 -0.07053047 0.8021985 -0.5927599 -0.07066255 0.8022734 -0.6089109 -0.05167055 0.791554 -0.674247 0.3140263 0.668415 -0.6832407 0.3319762 0.6503645 -0.9524214 0.04398721 0.3015933 -0.9424188 0.03021353 0.3330677 -0.9424188 0.03021353 0.3330677 -0.9424188 0.03021353 0.3330677 -0.8839914 0.1131717 0.4535983 -0.8839915 0.1131717 0.4535983 -0.8839914 0.1131717 0.4535983 -0.8923622 0.1299221 0.4322154 -0.8289656 0.1912577 0.5255821 -0.7667992 -0.2290042 0.5996468 -0.7490599 -0.2447427 0.6156383 -0.8053441 -0.328264 0.4936231 -0.788228 -0.3416182 0.5118532 -0.7966825 0.272375 0.5395451 -0.7008334 -0.1357262 0.7002936 -0.6834962 -0.1533622 0.7136617 -0.447983 -0.521251 0.7263668 -0.4479829 -0.521251 0.7263668 -0.4479829 -0.521251 0.7263668 -0.4931829 -0.5625739 0.663537 -0.5745094 -0.5200487 0.6320509 -0.4810442 -0.6398474 0.5993262 -0.1338346 -0.8078151 0.574041 -0.5657343 -0.6663906 0.4856628 -0.4953349 -0.6852523 0.533922 -0.8010966 -0.4392687 0.4065554 -0.8159909 -0.4291006 0.3873394 -0.9821705 -0.07722944 0.1713966 -0.9614523 -0.06864112 0.266267 -0.8689693 -0.4619117 -0.1775668 -0.8687398 -0.4643023 -0.1723794 -0.8687397 -0.4643023 -0.1723794 -0.8687398 -0.4643022 -0.1723794 -0.7606974 -0.5694409 -0.3115711 -0.7565926 -0.5201148 -0.3962933 -0.17187 -0.9159179 -0.3627052 -0.1758806 -0.8052585 -0.5662374 -0.1525211 -0.751102 -0.6423264 -0.314508 -0.7884053 -0.5286794 -0.4911255 -0.7313573 -0.4731937 -0.4904447 -0.7272534 -0.4801735 -0.6546033 -0.6527385 -0.3813491 -0.1606424 -0.9794252 -0.1221488 -0.1534709 -0.9722875 -0.1763628 -0.3977733 -0.9106504 -0.1117691 -0.3985643 -0.9092795 -0.1198216 -0.5873435 -0.8093127 0.006387114 -0.5941598 -0.8042177 -0.01443254 -0.7252605 -0.6693168 0.1612831 -0.862127 -0.4823316 -0.1552202 -0.7618002 -0.620263 0.1869069 -0.9357745 -0.3471407 -0.06180232 -0.9405056 -0.3146646 -0.1282013 -0.9405056 -0.3146646 -0.1282013 -0.9405055 -0.3146647 -0.1282013 -0.09662908 -0.9873895 0.1253986 -0.1062116 -0.9598671 0.2595657 -0.2249058 -0.9299011 0.2910352 -0.2270058 -0.9318126 0.2831852 -0.3208876 -0.8815208 0.3463413 -0.332715 -0.8844789 0.3271053 -0.4024712 -0.8134993 0.4198048 -0.4312639 -0.8115338 0.3942391 -0.4524471 -0.7493587 0.4834802 -0.7884006 -0.5348578 0.3038942 -0.8009746 -0.5270917 0.2839264 -0.9679304 -0.2409596 0.07105863 -0.9391962 -0.2961984 0.1737157 -0.05359756 -0.973303 0.2231786 -0.0536347 -0.9733321 0.2230427 -0.02683174 -0.9377298 0.3463276 -0.06251382 -0.8970237 0.4375392 -0.05273211 -0.9923639 0.1115052 -0.05273211 -0.9923639 0.1115052 -0.05273211 -0.9923639 0.1115052 -0.04978018 -0.9964326 0.06814819 -0.03676348 -0.9987638 -0.03345906 0.01046639 -0.9871656 -0.1593568 0.04801601 -0.9739314 -0.2217026 0.04801607 -0.9739315 -0.2217026 0.04801601 -0.9739315 -0.2217027 -0.03135693 -0.9941383 -0.1034693 -0.03198438 -0.9481573 -0.316188 -0.02145957 -0.9197329 -0.391958 -0.006087362 -0.7596488 -0.650305 0.03791177 -0.8478987 -0.528801 0.03243488 -0.8524671 -0.5217739 6.45977e-4 -0.886571 -0.4625921 -0.01261544 -0.8236352 -0.5669797 -0.0208975 -0.8463235 -0.5322592 -0.02689558 -0.932312 -0.3606539 -0.03903174 -0.992267 -0.1178248 -0.04169034 -0.9937084 -0.10395 -0.0507977 -0.9905457 0.1274315 -0.06268316 -0.9269091 0.3700141 -0.05759179 -0.9367921 0.3451142 -0.001438438 -0.8575188 0.5144507 -0.003930449 -0.860335 0.509714 -0.009317815 -0.8603159 0.5096763 -0.01071912 -0.8645051 0.5025098 -0.01796144 -0.8656671 0.5002977 -0.02025228 -0.8730614 0.4871897 -0.02171456 -0.8732653 0.4867612 0.03372251 -0.8601163 0.5089823 0.006357669 -0.8603423 0.5096774 0.004593729 -0.8620924 0.5067306 0.007312536 -0.8629199 0.505288 0.01343834 -0.863344 0.5044369 0.008388757 -0.8669205 0.4983758 0.02119392 -0.8624721 0.5056607 0.01361542 -0.8690125 0.4946029 0.02484303 -0.8736052 0.4860008 0.02048075 -0.8746976 0.4842361 0.007647097 -0.868959 0.4948251 0.06614476 -0.8440043 0.532242 0.06608295 -0.8400036 0.5385418 0.009699404 -0.8624131 0.5061123 0.01455187 -0.8387073 0.5443881 0.02083623 -0.8360615 0.54824 0.0334661 -0.837945 0.5447277 0.03011333 -0.8393238 0.5427972 0.04024481 -0.8405916 0.5401723 0.04195886 -0.8405531 0.5401019 0.04688072 -0.8443429 0.5337483 0.06825184 -0.8436504 0.5325371 0.00983107 -0.8347167 0.5505919 0.008067309 -0.8324472 0.5540457 0.02133417 -0.8348907 0.5500022 0.002524971 -0.8602337 0.5098938 9.40255e-4 -0.8603339 0.5097302 0.001944065 -0.8310794 0.5561506 -0.005514204 -0.8328869 0.5534158 -0.005234777 -0.8326348 0.5537978 -0.01863169 -0.831681 0.554941 -0.01676207 -0.8332166 0.5526928 -0.026156 -0.8357522 0.5484837 -0.03503936 -0.8364797 0.5468765 -0.03414207 -0.8342964 0.5502582 -0.1160992 -0.8266264 0.550645 -0.1161442 -0.8266133 0.5506552 -0.1160992 -0.8266265 0.5506449 -0.0648905 -0.8404101 0.5380523 -0.04562532 -0.8437339 0.5348191 0.1035724 0.5355424 0.8381332 0.1035724 0.5355424 0.8381331 0.1035724 0.5355424 0.8381332 0.08046853 -0.229344 0.9700136 0.08046847 -0.229344 0.9700136 0.2387148 0.9690419 -0.0630328 0.2387148 0.969042 -0.0630328 0.2387148 0.9690419 -0.06303274 0.3047898 0.1611849 0.9386814 0.4565182 0.8796647 0.1333464 0.4565182 0.8796647 0.1333464 0.4565182 0.8796647 0.1333464 0.5212125 0.4737735 0.7098424 0.6395062 0.3973308 0.6581491 0.3257181 -0.3430292 0.8810442 0.504706 -0.1307127 0.8533383 0.7692347 0.6236671 0.1389865 0.7434859 0.007632553 0.6687082 0.8997937 0.3764185 0.2206365 0.8363213 -0.05060505 0.5458992 0.931481 0.09434181 0.3513442 0.9288601 -0.06242734 0.3651325 0.9399291 0.3384068 -0.04487872 0.8626607 -0.3376244 0.3765987 0.9784123 -0.1244264 0.165008 0.9784123 -0.1244264 0.165008 0.9784123 -0.1244264 0.165008 0.08810877 -0.1216514 0.9886546 0.03901791 -0.446427 0.8939691 0.05086982 -0.3589339 0.9319757 0.05086976 -0.3589339 0.9319757 0.0508778 -0.3588446 0.9320096 0.06895178 -0.446399 0.8921737 0.08826088 -0.4513545 0.8879691 0.08335655 -0.463832 0.8819931 0.118212 -0.478052 0.8703404 0.1092918 -0.4930353 0.8631174 0.1352491 0.2702535 0.9532423 0.1384244 0.3276191 0.9346145 0.1384244 0.3276191 0.9346145 0.1384244 0.3276191 0.9346145 0.3339858 0.2788766 0.9003785 0.33184 0.2657446 0.9051311 0.455154 0.2152689 0.8639991 0.45059 0.1972473 0.8706678 0.601095 0.09616398 0.793371 0.601095 0.09616398 0.7933709 0.601095 0.09616392 0.793371 0.5921862 0.07511693 0.8022923 0.715716 -0.04320842 0.6970536 0.7081955 -0.05780315 0.7036463 0.7770594 -0.1521407 0.6107635 0.7699069 -0.1639317 0.6167412 0.7699069 -0.1639317 0.6167412 0.7699069 -0.1639317 0.6167412 0.8180867 -0.262852 0.5115106 0.8133081 -0.2698184 0.5154882 0.8132603 -0.269893 0.5155247 0.8375592 -0.3703283 0.4016861 0.830349 -0.3797642 0.4077988 0.8305302 -0.3795196 0.4076576 0.1156889 0.09970355 0.9882689 0.1156991 0.09979826 0.9882581 0.1156888 0.09970355 0.9882689 0.09695649 -0.06559002 0.9931251 0.2267016 -0.09939563 0.9688792 0.2227624 -0.1139218 0.9681936 0.2227623 -0.1139218 0.9681937 0.2227624 -0.1139218 0.9681935 0.3075999 -0.1489319 0.9397882 0.3075999 -0.1489319 0.9397881 0.3075999 -0.1489319 0.9397882 0.3004739 -0.1658881 0.9392532 0.3004739 -0.1658881 0.9392532 0.3004739 -0.1658881 0.9392532 0.4124199 -0.2302196 0.8814244 0.3919804 -0.2603222 0.8823739 0.481493 -0.3484203 0.8042187 0.4694862 -0.3615348 0.8055279 0.4694727 -0.3618435 0.8053972 0.5214465 -0.4335577 0.7349296 0.5214472 -0.4335587 0.7349285 0.5214472 -0.4335587 0.7349285 0.5107809 -0.4432461 0.7366382 0.5476658 -0.5197762 0.6556637 0.5405484 -0.5251201 0.65731 0.5405483 -0.5251201 0.65731 0.5405483 -0.5251201 0.6573099 0.5601451 -0.6028327 0.5681815 0.5515187 -0.6081239 0.570975 0.5515188 -0.6081238 0.5709751 0.5515187 -0.6081239 0.570975 0.1304946 -0.505339 0.8529969 0.2445826 -0.4175263 0.8751293 0.7116305 0.5102511 0.4829347 0.7116306 0.510251 0.4829346 0.7116305 0.5102511 0.4829347 0.1541348 -0.5635383 0.8115831 0.1819381 -0.5908871 0.7859714 0.01898211 -0.6907603 0.7228347 0.3277035 -0.5701543 0.7533488 0.1894955 -0.6604074 0.7266042 0.2029803 -0.6892133 0.6955458 0.2029803 -0.6892133 0.6955459 0.2029803 -0.6892134 0.6955458 -0.04544889 -0.7562453 0.6527077 0.2001307 -0.7383644 0.6440231 0.1998025 -0.7384284 0.6440516 0.2001307 -0.7383644 0.6440231 0.02229475 -0.8687278 0.4947879 -0.004222452 -0.6281901 0.7780485 -0.002399861 -0.6219096 0.7830854 -0.004105031 -0.6279655 0.7782305 0.007053971 -0.650264 0.7596756 0.007948279 -0.666415 0.7455386 0.005823433 -0.6402719 0.7681264 0.004671275 -0.6320333 0.7749272 0.002895832 -0.6236175 0.7817243 0.002321422 -0.6216101 0.7833234 0.004225194 -0.6281979 0.7780423 0 -0.6174684 0.7865958 0.007992804 -0.6952566 0.7187172 0.004693448 -0.7178829 0.6961482 0.005255281 -0.7210088 0.692906 0.008777976 -0.8106103 0.5855203 -0.00143969 -0.8570506 0.5152304 0.002574443 -0.8547486 0.5190361 0.002574443 -0.8547486 0.5190361 0.002574384 -0.8547486 0.5190361 0.005375504 -0.8527751 0.5222507 0.009374141 -0.8459225 0.5332235 0.008678138 -0.8472713 0.5310896 0.01042729 -0.8529307 0.5219201 0.01472949 -0.8638517 0.5035309 -0.01900982 -0.861069 0.5081328 -0.02513825 -0.8612272 0.5075982 -0.01051068 -0.8498824 0.5268676 -0.009154319 -0.8454433 0.5339867 -0.00704813 -0.8036403 0.5950736 0.006614625 -0.8036426 0.5950757 0.009765863 -0.7511501 0.6600592 -0.005799531 -0.6401574 0.768222 -0.007056176 -0.6502797 0.7596622 -0.01088523 -0.7178484 0.6961144 0.006388306 -0.6752642 0.7375483 -0.001192688 -0.6980357 0.716062 -0.005315065 -0.7213429 0.6925577 -0.009743869 -0.7515178 0.6596409 -0.006507039 -0.8053156 0.5928108 0.1955654 -0.716647 0.6694559 0.05933916 -0.8195008 0.5699978 -0.02378213 -0.8006994 0.5985941 -0.08390057 -0.8073701 0.5840498 -0.2190399 -0.6938912 0.6859567 -0.2110639 -0.6909356 0.691419 -0.1748482 -0.721666 0.6697958 -0.06285113 -0.8054916 0.5892651 -0.05676668 -0.8155782 0.5758558 -0.05490303 -0.817395 0.5734553 -0.0370351 -0.825332 0.5634318 -0.04761159 -0.8129059 0.5804456 -0.02800685 -0.8284817 0.5593155 -0.04581582 -0.8121255 0.5816814 -0.06219851 -0.8000775 0.5966637 -0.07990998 -0.8073718 0.5846068 -0.07482057 -0.8048374 0.5887604 -0.07501649 -0.8049636 0.5885628 -0.1883854 -0.740499 0.6451142 -0.1302359 -0.7268782 0.6743047 -0.113554 -0.7693771 0.6286212 -0.1100596 -0.7646763 0.6349467 -0.07930546 -0.7920118 0.6053331 -0.07922941 -0.8085317 0.5830945 -0.07717168 -0.8093674 0.5822104 0.02804315 -0.803838 0.594187 0.0926392 -0.81174 0.5766249 0.03571397 -0.831627 0.5541851 0.08525764 -0.807562 0.5835879 0.0857802 -0.8078769 0.5830754 0.07124316 -0.8009384 0.5944932 0.04810619 -0.8179363 0.5732941 0.04990732 -0.816397 0.5753305 0.04678654 -0.8252981 0.5627558 0.06004297 -0.8193604 0.5701257 0.05877143 -0.8203972 0.5687658 0.1302955 -0.7673162 0.6278925 0.1433008 -0.7885438 0.5980499 0.09068942 -0.768065 0.6339177 0.09055685 -0.8123779 0.5760572 0.08742821 -0.809309 0.5808402 0.2383361 -0.6876577 0.6858009 0.2519853 -0.6820712 0.6865001 0.1532694 -0.7064135 0.6910054 0.2026275 -0.6798663 0.7047864 0.2093484 -0.7359932 0.6438069 0.1520145 -0.7267615 0.6698576 0.1531854 -0.7262551 0.6701402 0.09777271 -0.7327045 0.673487 0.09782773 -0.699272 0.7081303 0.1304804 -0.6838429 0.7178676 0.05835646 -0.6874644 0.7238697 -0.01361447 -0.6911336 0.7225989 -0.07008069 -0.6905075 0.7199223 -0.08343583 -0.6942337 0.7148973 -0.01409339 -0.6912981 0.7224323 -0.01409608 -0.7279856 0.6854475 -0.07010573 -0.7101046 0.7005974 -0.1514343 -0.6979195 0.699983 -0.1257239 -0.691931 0.7109325 -0.1256809 -0.7286371 0.6732699 -0.03259658 -0.7335848 0.6788159 -0.03258711 -0.7685621 0.6389449 -0.02279728 -0.7633234 0.6456143 -0.02279645 -0.8009439 0.5983053 -0.006774187 -0.7965808 0.6044942 0.04194533 -0.6941333 0.7186235 0.04195421 -0.7202453 0.6924498 0.05271106 -0.7260787 0.6855884 0.05270016 -0.7709943 0.634658 0.03503394 -0.7622648 0.6463167 0.03503018 -0.8018302 0.5965242 0.01107692 -0.7961864 0.6049501 -0.2723811 -0.6432299 0.7155864 -0.2407914 -0.6372354 0.7320865 -0.2192709 -0.6728481 0.7065379 -0.232697 -0.6422713 0.730301 -0.1708716 -0.652076 0.7386474 -0.1515145 -0.642889 0.7508243 0.04353725 -0.6471452 0.7611227 0.0583117 -0.639511 0.7665674 0.1304184 -0.6390244 0.7580494 0.2521613 -0.665835 0.7021955 0.2695663 -0.6490195 0.7114126 0.2662234 -0.646837 0.7146517 0.3991783 -0.8157593 0.4185615 0.202634 -0.6390039 0.7420334 0.1861681 -0.6470226 0.739394 0.1862961 -0.5830676 0.7907756 0.1721177 -0.60913 0.7741681 0.1150714 -0.646795 0.7539329 0.1150975 -0.588648 0.8001539 0.1299575 -0.5964943 0.7920264 -0.001340389 -0.5898704 0.8074969 0.03653246 -0.587171 0.8086381 0.04352366 -0.58438 0.8103122 0.07768714 -0.5944231 0.8003911 0.1072703 -0.5919949 0.798771 -0.01360809 -0.6402869 0.7680153 -0.02810734 -0.6479334 0.7611782 -0.02809751 -0.5839787 0.8112826 -0.1173048 -0.5835777 0.8035401 -0.0976653 -0.5895893 0.8017768 -0.07880669 -0.593831 0.8007211 -0.03987324 -0.5889256 0.8072031 -0.2287716 -0.6165729 0.7533269 -0.1805247 -0.6115536 0.7703332 -0.1711114 -0.60205 0.7799081 -0.09977358 -0.6013796 0.7927092 -0.09970116 -0.6500085 0.7533584 -0.08341294 -0.6419489 0.7621967 0.1700009 -0.4675003 0.8674925 0.1691954 -0.466749 0.8680543 0.2182601 -0.4872547 0.8455444 0.2084383 -0.4844807 0.8496071 0.2156215 -0.4859637 0.8469632 0.05810177 -0.4317986 0.9000968 0.07852411 -0.469275 0.8795538 0.1083251 -0.463531 0.8794344 0.105933 -0.4603608 0.8813888 0.1375649 -0.4754043 0.8689458 -0.003554284 -0.5204867 0.8538625 0.02502918 -0.5139263 0.8574692 0.01999115 -0.5158395 0.856452 0.04096764 -0.5182545 0.8542447 0.04571276 -0.5168491 0.8548552 -0.02728998 -0.5153527 0.8565436 -0.02130538 -0.5162367 0.856181 0.00164783 -0.5167571 0.8561305 -0.09037363 -0.4644578 0.880972 -0.07587629 -0.4665412 0.8812391 -0.094226 -0.51709 0.8507288 -0.0793789 -0.519483 0.8507858 -0.05353862 -0.5219269 0.8513084 -0.05952751 -0.5181744 0.853201 -0.03302615 -0.5172296 0.8552092 -0.1685791 -0.4398069 0.8821287 -0.1588503 -0.4792392 0.8631897 -0.119102 -0.4697487 0.874729 -0.1196881 -0.4674955 0.8758554 -0.09425973 -0.4722025 0.876436 -0.2164895 -0.4934968 0.8423736 -0.2111989 -0.4929628 0.8440278 -0.1704285 -0.4795937 0.860781 -0.1697037 -0.4311567 0.8861742 -0.1686699 -0.4390113 0.8825076 -0.1686699 -0.4390114 0.8825076 -0.1686699 -0.4390114 0.8825076 -0.06855934 -0.5229568 0.8495975 -0.08505171 -0.520622 0.8495405 -0.1229002 -0.5327625 0.8372932 -0.130894 -0.5321071 0.836498 -0.1636747 -0.5486004 0.8199076 -0.1862623 -0.5540311 0.8113913 -0.2362645 -0.580554 0.7791894 0.05635648 -0.5189862 0.8529227 0.06466102 -0.5197647 0.8518589 0.06910973 -0.5195746 0.8516256 0.1021929 -0.5268957 0.843764 0.09036564 -0.5291244 0.8437188 0.1494821 -0.5321554 0.8333462 0.1340603 -0.5515614 0.823291 0.2269775 -0.5510566 0.8030056 0.2187776 -0.5947347 0.7735806 0.2966968 -0.9475126 0.1191252 0.175515 -0.460558 0.870104 0.1754207 -0.4605608 0.8701214 0.1755149 -0.460558 0.8701039 0.1471509 -0.4699174 0.8703588 -0.1871775 -0.4943524 0.8488701 -0.2265156 -0.736842 0.6369887 -0.354903 -0.8786996 0.3192664 -0.3773286 -0.8999698 0.218352 -0.3529446 -0.9324023 0.07782113 0.1967036 -0.8110611 0.550897 -0.08324229 -0.7911728 0.6059013 -0.2191797 -0.7664967 0.6036914 -0.2884486 -0.7681673 0.5715912 -0.3120858 -0.7813698 0.5404292 -0.3337305 -0.7942029 0.5078047 -0.1710168 -0.5802356 0.7962914 -0.154854 -0.5037434 0.8498605 -0.1607983 -0.564769 0.8094319 -0.1039807 -0.5783377 0.8091437 -0.1039842 -0.5783451 0.8091381 -0.03380495 -0.586646 0.8091377 -0.03380316 -0.5866418 0.8091408 0.03686451 -0.5864606 0.8091385 0.03686589 -0.5864572 0.8091408 0.1069989 -0.5777909 0.8091409 0.1070018 -0.5777806 0.8091478 0.2011449 -0.6491556 0.7335788 0.1887798 -0.6157868 0.7649633 0.1622995 -0.5642952 0.8094627 0.1617029 -0.5770578 0.8005352 0.1581754 -0.5094254 0.8458524 0.2955383 -0.7703283 0.5650234 0.2283452 -0.7698563 0.5959696 0.2399049 -0.766155 0.5961981 0.3137133 -0.8984915 0.3070784 0.3478585 -0.8125135 0.4677779 0.3341413 -0.7904778 0.5133171 0.1806488 -0.9754628 0.1258511 0.2366257 -0.9642475 0.1193103 0.2966907 -0.9475166 0.1191095 -0.0571171 -0.9912397 0.119086 0.02490437 -0.992549 0.119275 0.06196421 -0.9857406 0.1564479 0.08457237 -0.9892595 0.1192192 0.1782125 -0.9767567 0.119108 -0.1750898 -0.9737435 0.1454896 -0.1289757 -0.9844431 0.1193193 -0.05710637 -0.9912357 0.119125 -0.3780688 -0.9180672 0.1192336 -0.3365275 -0.9340879 0.1192855 -0.2906925 -0.9456796 0.1455617 -0.2797583 -0.9526417 0.119203 -0.1879442 -0.9749196 0.1192008 -0.3510468 -0.8226063 0.4473086 -0.3287856 -0.866356 0.3759352 -0.2723574 -0.8859621 0.3753569 -0.2723433 -0.8859852 0.3753123 -0.1640214 -0.9122708 0.3753119 -0.1640343 -0.9122572 0.3753393 -0.05331736 -0.9253525 0.3753399 -0.0533204 -0.9253493 0.3753474 0.05815201 -0.925059 0.3753454 0.05814963 -0.9250569 0.3753512 0.1687787 -0.911387 0.3753498 0.1687831 -0.9113878 0.375346 0.2769722 -0.884537 0.375341 0.2769773 -0.8845382 0.3753343 0.3730978 -0.8484077 0.3755028 0.3702688 -0.9212298 0.1193177 0.3812277 -0.9188738 0.1016682 0.1851915 -0.7121346 0.6771768 0.2297975 -0.7448155 0.6264528 0.1419484 -0.7665009 0.6263601 0.1419464 -0.7664994 0.6263626 0.04890674 -0.7779961 0.6263628 0.04890471 -0.7779926 0.6263672 -0.04484111 -0.7782365 0.6263684 -0.04484474 -0.7782316 0.6263741 -0.1379429 -0.7672207 0.626374 -0.1379406 -0.7672236 0.6263708 -0.2361882 -0.7430819 0.6261345 -0.1903181 -0.6252419 0.7568696 -0.1999754 -0.7157507 0.669112 -0.6108315 0.4233614 0.6690666 -0.4730445 -0.0917629 0.8762469 -0.473065 -0.09142875 0.8762707 -0.3159385 -0.3539038 0.880304 -0.7427065 0.3359958 0.5792184 -0.7427065 0.3359959 0.5792185 -0.8263715 0.2172528 0.51953 -0.8353199 0.5245414 0.1646116 -0.8353199 0.5245415 0.1646116 -0.8353199 0.5245414 0.1646116 -0.8010615 -0.1187309 0.5866886 -0.8010615 -0.1187309 0.5866886 -0.8010614 -0.1187308 0.5866887 -0.8875674 0.4597128 -0.02980792 -0.4558393 -0.6186144 0.6399428 -0.973659 -0.08569943 0.2112904 -0.973659 -0.08569943 0.2112903 -0.5208655 0.4733799 0.7103595 -0.2380699 -0.2277433 0.9441693 -0.23807 -0.2277433 0.9441694 -0.2380699 -0.2277433 0.9441694 -0.3543418 0.292892 0.8880633 -0.1099104 -0.3360806 0.9353982 -0.03360283 0.5381821 0.8421585 -0.03360277 0.5381821 0.8421585 -0.03360283 0.538182 0.8421586 -0.2142555 -0.7122234 0.6684552 -0.189528 -0.661085 0.7259793 -0.1893687 -0.6614391 0.7256982 -0.1894164 -0.6613329 0.7257826 -0.3398228 -0.5647728 0.752032 -0.02014833 -0.6903531 0.723192 -0.181755 -0.5917196 0.7853873 -0.1537677 -0.5640593 0.8112908 -0.7120186 0.5416144 0.4468595 -0.7120186 0.5416144 0.4468594 -0.7120186 0.5416144 0.4468595 -0.8232569 -0.3285266 0.4629455 -0.835498 -0.3134082 0.4513517 -0.7709673 -0.1654534 0.6150078 -0.7786596 -0.1552506 0.6079365 -0.7083001 -0.05851292 0.7034822 -0.7175459 -0.04460126 0.6950817 -0.591542 0.076393 0.8026471 -0.5914011 0.07595843 0.8027921 -0.6063429 0.1061497 0.7880868 -0.3961568 0.2272645 0.8896127 -0.2818819 -0.0916568 0.9550611 -0.2818819 -0.0916568 0.9550611 -0.281882 -0.0916568 0.955061 -0.5487614 -0.5676135 0.6137394 -0.5642793 -0.5583851 0.6081078 -0.5115036 -0.4443074 0.7354965 -0.5226774 -0.4360433 0.7325808 -0.4691299 -0.3623671 0.8053616 -0.4828798 -0.3499959 0.8027017 -0.3909735 -0.2596748 0.8830113 -0.4133031 -0.2310234 0.8808001 -0.2607266 -0.1430109 0.9547616 -0.2745506 -0.1123574 0.9549857 -0.2745506 -0.1123573 0.9549859 -0.2745506 -0.1123574 0.9549857 -0.2491524 -0.4119784 0.8764684 -0.2490702 -0.4120278 0.8764686 -0.2492347 -0.4119292 0.8764683 -0.130129 -0.505205 0.8531322 -0.09338915 -0.4836037 0.8702908 -0.1096054 -0.4570194 0.8826777 -0.06922531 -0.4471009 0.8918009 -0.06922531 -0.4471009 0.8918009 -0.2501987 0.5918562 0.766229 -0.2108048 0.3391195 0.9168202 -0.2108049 0.3391194 0.9168202 -0.2108049 0.3391195 0.9168202 -0.2071895 0.3214234 0.9239911 -0.139879 -0.07669013 0.9871943 -0.1421279 -0.0683102 0.9874885 -0.06405371 -0.4087358 0.9104022 -0.02328848 -0.5259753 0.8501811 -0.02487218 -0.4466823 0.8943468 -0.04699426 -0.1222721 0.9913835 -0.05443918 -0.05736142 0.9968682 -0.06529945 0.2253798 0.9720802 -0.07491308 0.3379948 0.9381618 -0.07294517 0.2273628 0.9710742 -0.07294517 0.2273628 0.9710743 -0.07294517 0.2273628 0.9710743 -0.1204673 0.9847901 -0.1252047 -0.1204673 0.9847901 -0.1252047 -0.1204673 0.9847901 -0.1252047 -0.2378683 -0.5932856 0.7690455 -0.2878808 -0.5660631 0.772462 -0.1949543 -0.5020129 0.8426007 -0.2258415 -0.4910276 0.8413605 0.1655749 -0.8940455 0.4162544 0.07822197 -0.4676105 0.8804669 0.1707745 -0.4469724 0.8780956 0.1351501 -0.4316188 0.8918743 0.1086606 -0.4738081 0.8738986 0.09710842 -0.4585556 0.8833441 0.1353233 -0.4650045 0.8749048 0.1630012 -0.4883483 0.8572903 0.1590984 -0.4214472 0.8927879 2.40619e-4 -0.4706078 0.8823426 -0.0207042 -0.4900657 0.8714396 -0.02879375 -0.4997 0.8657199 -0.03186696 -0.4935145 0.8691536 -0.0545476 -0.4686288 0.8817095 -0.07434648 -0.4810343 0.8735437 -0.07826143 -0.484036 0.8715414 -0.08873891 -0.4935452 0.8651812 -0.0945872 -0.4742959 0.8752695 -0.1188189 -0.4626345 0.8785507 -0.1479296 -0.4812082 0.8640345 -0.1504929 -0.4363116 0.8871213 -0.1693202 -0.4471618 0.8782808 0.06576526 -0.4788725 0.8754177 0.05959987 -0.486785 0.8714863 0.06879156 -0.4694692 0.8802649 0.0503264 -0.4764347 0.8777685 0.0308066 -0.4900878 0.8711286 0.03954815 -0.5059424 0.8616602 0.02288174 -0.4883408 0.872353 -0.3630176 -0.7972211 0.4823451 -0.244103 -0.5628409 0.7896987 -0.9428521 0.3289266 0.05326664 -0.9866846 0.09629195 0.1310781 -0.9039225 -0.1223147 0.4098332 -0.9681512 -0.01786059 0.2497285 -0.957804 -0.006099522 0.2873576 -0.9780328 0.01937246 0.2075495 -0.9780328 0.0193724 0.2075495 -0.9780327 0.0193724 0.2075495 -0.9899652 0.04672956 0.1333619 -0.9654157 0.2318716 0.1191986 -0.984908 0.1255474 0.1191396 -0.9838802 0.1203961 0.1322293 -0.9836685 0.1217846 0.1325324 -0.9859575 0.1038899 0.1307476 -0.9735835 0.221307 0.05619889 -0.947134 0.292771 0.1312344 -0.9683321 0.2262632 0.1055365 -0.9326976 0.2147775 0.2897343 -0.9119715 0.1307421 0.3888632 -0.7302407 0.03870207 0.6820929 -0.7897753 0.07774579 0.6084495 -0.8293093 0.101467 0.5495005 -0.5103459 -0.2914465 0.8090773 -0.5434032 -0.2238436 0.809078 -0.5434002 -0.2238436 0.8090799 -0.5675484 -0.1525762 0.8090794 -0.56755 -0.152576 0.8090783 -0.5823938 -0.07880622 0.809078 -0.5823958 -0.07880574 0.8090765 -0.5876907 -0.003742575 0.809077 -0.5876938 -0.003741025 0.8090748 -0.4407891 -0.4145631 0.7961422 -0.5127102 -0.3248454 0.7947351 -0.4741062 -0.3581796 0.8043202 -0.4708254 -0.3515095 0.8091753 -0.5103448 -0.2914473 0.8090777 -0.2623589 -0.4555318 0.8506813 -0.3182899 -0.5418254 0.7778925 -0.3150931 -0.5263621 0.7897211 -0.4360539 -0.8943858 0.09965401 -0.4510403 -0.8844926 0.1193125 -0.4755424 -0.8715681 0.1192833 -0.5248082 -0.8305515 0.1864423 -0.5099748 -0.8519065 0.1190844 -0.6077589 -0.7851325 0.119148 -0.6129029 -0.7775535 0.1405724 -0.6567302 -0.7446262 0.1193204 -0.709246 -0.6948304 0.1190842 -0.7092472 -0.6948293 0.1190825 -0.8593122 -0.4907311 0.144102 -0.8569254 -0.5014793 0.1191532 -0.7922175 -0.598508 0.1190785 -0.797682 -0.5751078 0.181534 -0.7665413 -0.6310181 0.1192929 -0.9143919 -0.376668 0.1483539 -0.913048 -0.3900554 0.1191655 -0.8872635 -0.4455651 0.1193119 -0.9378216 -0.2796121 0.2056884 -0.9343138 -0.3250914 0.1461964 -0.9090958 -0.3867636 0.154786 -0.9139794 -0.2546813 0.3158785 -0.8820688 -0.2371312 0.4070914 -0.9826493 -0.179463 0.046835 -0.4073294 -0.864151 0.2955095 -0.4571909 -0.8061359 0.3756613 -0.4760934 -0.7953064 0.3752641 -0.4760919 -0.7953103 0.3752576 -0.5738115 -0.727959 0.3752545 -0.5738111 -0.7279516 0.3752697 -0.6621224 -0.6486651 0.37527 -0.6621225 -0.6486677 0.3752654 -0.7395834 -0.5587405 0.3752672 -0.7395831 -0.5587431 0.3752638 -0.8049141 -0.4596641 0.3752629 -0.8049124 -0.4596668 0.3752633 -0.857052 -0.3530454 0.3752611 -0.8570512 -0.3530452 0.3752632 -0.8951357 -0.2406451 0.3752629 -0.8951318 -0.2406386 0.3752761 -0.910578 -0.1718612 0.3759142 -0.9095286 -0.1385794 0.3918593 -0.9732183 -0.09758412 0.2081428 -0.9223844 -0.08922475 0.3758271 -0.9268956 -0.005904614 0.3752729 -0.9268888 -0.005895435 0.3752901 -0.9200454 0.1125849 0.375288 -0.9200605 0.1125721 0.3752551 -0.8991243 0.2251482 0.3753448 -0.8128975 0.1350523 0.566532 -0.3940469 -0.671844 0.6271784 -0.3917483 -0.6737717 0.6265502 -0.4004275 -0.6689121 0.6262704 -0.400425 -0.6689128 0.6262711 -0.4826196 -0.6122613 0.6262703 -0.4826188 -0.6122626 0.6262698 -0.5568946 -0.5455769 0.6262702 -0.3391032 -0.4940426 0.8005817 -0.4167029 -0.5229507 0.7435599 -0.3987533 -0.5058609 0.7649186 -0.4612084 -0.4709895 0.7519681 -0.5656017 -0.6020557 0.5635811 -0.5865778 -0.5125821 0.6270456 -0.6220413 -0.4699417 0.6262744 -0.6220421 -0.4699455 0.6262706 -0.6769909 -0.3866119 0.6262704 -0.6769899 -0.3866151 0.6262696 -0.7208446 -0.2969368 0.626268 -0.720844 -0.2969384 0.6262679 -0.7528781 -0.2023949 0.6262674 -0.7528777 -0.2023984 0.626267 -0.7725689 -0.1045402 0.6262657 -0.7725665 -0.1045392 0.6262688 -0.7795928 -0.004957735 0.6262673 -0.7795976 -0.004963874 0.6262611 -0.7726955 0.1060086 0.6258626 -0.5853049 0.04423946 0.8096055 -0.5667811 0.05156826 0.8222529 -0.7783015 -0.548339 -0.3058943 -0.4849491 -0.5763571 -0.6577514 -0.1684865 -0.6669136 0.7258365 -0.7763864 -0.5094524 -0.371056 -0.8975302 -0.4396865 0.03339952 -0.9003806 -0.4327362 0.0453242 -0.9017385 -0.4300283 0.04408383 -0.8921753 -0.4396611 0.1035456 -0.8850181 -0.4527476 0.1084563 -0.9006544 -0.4342021 0.01703673 -0.9025582 -0.430327 0.01440227 -0.8997759 -0.4363291 0.004496395 -0.9057413 -0.4238291 0.001359045 -0.901804 -0.4321416 -0.001782655 -0.9071673 -0.4207499 -0.004131138 -0.8937706 -0.4478937 -0.02377641 -0.9005813 -0.4339606 -0.02513629 -0.8901032 -0.4522288 -0.05661869 -0.2167805 -0.638651 0.73833 -0.1797245 -0.7369667 0.6515974 -0.1284629 -0.7735468 0.6205826 -0.2491297 -0.8418644 0.4787471 -0.1538081 -0.913179 0.3774217 -0.1266713 -0.9250221 0.3581741 -0.19329 -0.9397389 0.2820103 -0.2116889 -0.9729037 0.09298563 0.005083084 -0.9886026 -0.1504634 -0.2633432 -0.9403882 -0.215222 -0.1541016 -0.9861435 0.06143116 -0.172964 -0.5647235 -0.8069516 -0.2224829 -0.5455051 -0.8080382 -0.1594199 -0.7129802 -0.6828212 -0.187326 -0.9385492 -0.2898867 -0.2181702 -0.8603121 -0.4607224 -0.1379188 -0.8341422 -0.5340274 -0.2504498 -0.6848111 -0.6843309 -0.4762682 -0.6904428 -0.5444791 -0.5280967 -0.550404 -0.6466602 -0.6385986 -0.5483125 -0.5399494 -0.7912771 -0.6085451 -0.05961179 -0.787897 -0.6155135 0.01901459 -0.782495 -0.6224488 0.0160951 -0.7914633 -0.6008465 0.1121143 -0.7601439 -0.6397148 0.1137819 -0.7871122 -0.5736696 0.2266219 -0.7358436 -0.6278603 0.2536251 -0.7763514 -0.5267554 0.3461321 -0.7217087 -0.5927523 0.3574649 -0.7402818 -0.6401367 -0.2054459 -0.9020758 -0.4314875 -0.008819103 -0.7723097 -0.629853 -0.08260148 -0.786145 -0.597711 -0.157218 -0.8293355 -0.5340678 -0.1642391 -0.8962448 -0.4404345 -0.05256283 -0.8983938 -0.4316768 -0.080895 -0.8934757 -0.4375301 -0.1013342 -0.9126064 -0.390088 -0.1223971 -0.9146698 -0.389977 -0.1062876 -0.7716711 -0.5051807 -0.3864146 -0.7388205 -0.5916388 -0.3226577 -0.5283445 -0.6566791 -0.538168 -0.4783869 -0.7800683 -0.4032859 -0.5311974 -0.7760339 -0.3400009 -0.4997359 -0.8494246 -0.1695351 -0.5259785 -0.8378263 -0.1462664 -0.5180427 -0.8543176 0.04211169 -0.5107059 -0.8588869 0.03863561 -0.5298038 -0.8134149 0.2401336 -0.4877995 -0.84028 0.2366034 -0.5352091 -0.7249833 0.4335326 -0.4666672 -0.7622065 0.4486235 -0.5246757 -0.6219796 0.5812546 -0.4681419 -0.6687496 0.577596 -0.7905351 -0.4124955 -0.4526609 -0.9285138 -0.3495076 -0.1253265 -0.9365919 -0.3350216 -0.1027433 -0.937124 -0.3188861 -0.1418117 -0.9440963 -0.2825976 -0.1697669 -0.2254024 -0.4162684 -0.88086 -0.190988 -0.3986272 -0.8970062 -0.5302637 -0.4480334 -0.7197822 -0.5209046 -0.4446253 -0.7286748 -0.6766491 -0.4376865 -0.5920951 -0.8085879 -0.4173109 -0.4147737 -0.9554653 -0.2364896 -0.1765184 -0.9539415 -0.2661554 -0.1384087 -0.8021175 -0.3045364 -0.5136781 -0.8179677 -0.3122445 -0.4831483 -0.5321978 -0.3023864 -0.790777 -0.5569986 -0.3143541 -0.7687224 -0.1960849 -0.2570948 -0.9462839 -0.2257888 -0.2720661 -0.9354141 -0.8033825 0.2357736 -0.5467975 -0.9643503 -0.1908459 -0.1833203 -0.9665088 -0.176553 -0.186252 -0.9731856 -0.1855292 -0.1359735 -0.9885239 -0.1289592 -0.07867753 -0.9925001 -0.09669065 0.07479703 -0.994522 -0.09876334 0.03423535 -0.9945325 -0.09882038 0.03375947 -0.994522 -0.09876334 0.03423535 -0.9784379 -0.1095912 -0.1750693 -0.4937474 -0.01650512 -0.8694487 -0.5013155 0.04982703 -0.8638288 -0.4875286 0.06136822 -0.8709478 -0.5863274 0.3394328 -0.7355307 -0.59215 0.3434657 -0.7289649 -0.6821989 0.2417908 -0.6900305 -0.5537884 -0.2212294 -0.8027303 -0.5432515 -0.2703865 -0.794839 -0.5552676 -0.195324 -0.8084098 -0.5552676 -0.195324 -0.8084099 -0.5552676 -0.195324 -0.8084098 -0.6862513 -0.1198298 -0.717426 -0.6832769 -0.1383692 -0.7169286 -0.2184598 -0.1717481 -0.9606134 -0.2077588 -0.2231647 -0.9523833 -0.2077589 -0.2231647 -0.9523832 -0.2077589 -0.2231647 -0.9523833 -0.2181725 -0.1523625 -0.9639432 -0.2181725 -0.1523625 -0.9639432 -0.2181724 -0.1523625 -0.9639433 -0.8796001 0.1427119 -0.4538028 -0.8782312 0.07849597 -0.4717502 -0.8665174 0.09819388 -0.4893932 -0.8588149 -0.01076942 -0.5121728 -0.7847024 0.03513288 -0.6188763 -0.7759903 -0.06001245 -0.6278834 -0.3778689 -0.07026416 -0.9231891 -0.3727522 -0.1017943 -0.9223306 -0.8782077 0.2262746 -0.4213681 -0.8805302 0.1430204 -0.4518982 -0.6434851 0.2313477 -0.7296611 -0.6419486 0.1571789 -0.7504643 -0.634476 0.1642116 -0.755298 -0.6010403 0.1021611 -0.7926625 -0.8074358 -0.2832644 -0.5175023 -0.8251119 -0.2082636 -0.5251826 -0.8251119 -0.2082635 -0.5251825 -0.82513 -0.2081699 -0.5251912 -0.8185368 -0.243427 -0.5203276 -0.9043352 -0.1522839 -0.3987327 -0.9036962 -0.156319 -0.3986197 -0.9539585 -0.09343266 -0.2850151 -0.9550402 -0.08398348 -0.2843326 -0.9867856 -0.0393849 -0.157172 -0.9853573 -0.0294786 -0.167935 -0.9872003 0.01008313 -0.1591665 -0.9899508 -0.005065381 -0.1413223 -0.9860759 0.04903572 -0.1589018 -0.9833887 0.05768686 -0.1721013 -0.9840088 0.05975896 -0.1677966 -0.9685217 0.1337926 -0.2099174 -0.6640301 0.742288 0.08984756 -0.4899584 0.7556222 -0.4347139 -0.9763109 0.2057691 -0.06690382 -0.9688372 0.237898 -0.06898605 -0.9711221 0.233828 -0.04739749 -0.9633834 0.2656326 -0.0364933 -0.9679585 0.2476673 0.04143965 -0.9671439 0.2529857 0.02512049 -0.9700546 0.2422459 0.0176385 -0.9699265 0.2360357 0.05941343 -0.9782503 0.1998807 0.05544501 -0.9771137 0.2012505 0.06889975 -0.9817765 0.1647756 0.09467792 -0.9890442 0.1298728 0.07017695 -0.9785198 0.1873618 0.08599144 -0.3928944 0.8334379 0.388607 -0.452628 0.7981788 0.3975409 -0.4459732 0.8785819 0.1708857 -0.3413997 0.9329104 0.114562 -0.4339753 0.9008264 0.01331168 -0.5023764 0.7080173 0.496316 -0.5082313 0.5776777 0.6387406 -0.5449278 0.5745849 0.6106602 -0.527594 0.635373 -0.5638669 -0.3900591 0.7566041 -0.5247898 -0.7353752 0.5601893 -0.3813285 -0.698421 0.6006147 -0.3891918 -0.6735232 0.7343548 0.0841996 -0.6829286 0.6554237 0.3225344 -0.7117363 0.6370289 0.2960163 -0.7278094 0.4759346 0.4937405 -0.7462871 0.4699993 0.4713346 -0.5752838 0.4649823 -0.6729339 -0.5370408 0.4955853 -0.6826291 -0.7945697 0.3591806 -0.489539 -0.7509431 0.4140657 -0.5144261 -0.9669743 0.1608878 -0.1976759 -0.9050031 0.3302377 -0.2681651 -0.9876132 0.1274309 -0.09155207 -0.9816252 0.170247 -0.08618599 -0.962512 0.2712201 -0.003245055 -0.9670031 0.2538118 -0.02201747 -0.9112369 0.4094613 -0.04459631 -0.8691474 0.4765381 -0.1322661 -0.8736653 0.4146634 -0.254486 -0.9330767 0.3316084 -0.1392978 -0.9013515 0.3595835 -0.2413824 -0.9777128 0.187995 -0.09346491 -0.9832017 0.1725674 -0.0594564 -0.4133838 0.8870646 -0.2055003 -0.4301904 0.8780453 -0.2096967 -0.6848357 0.70925 -0.1672258 -0.6653159 0.7284793 -0.1633178 -0.8515196 0.512786 -0.1093845 -0.8510716 0.5219466 0.05700087 -0.8576944 0.5115707 0.05153644 -0.8635628 0.4609809 0.2043431 -0.8830192 0.4351639 0.1758109 -0.8933818 0.3315368 0.3032364 -0.8979744 0.3279051 0.2934629 -0.9015358 0.4031555 0.1571593 -0.9194201 0.3923034 0.02765476 -0.8817682 0.4444018 0.1580882 -0.8840535 0.4576047 0.09511804 -0.8563742 0.4872009 0.1710517 -0.861365 0.4919289 0.1267133 -0.838684 0.5269811 0.1374778 -0.8457646 0.5289117 0.07024931 -0.7995511 0.5710552 0.1860482 -0.8044888 0.5901635 0.06711798 -0.7650765 0.6112353 0.202607 -0.7642098 0.6167109 0.1888148 -0.7455433 0.6628274 0.06946337 -0.741738 0.6455507 0.1819041 -0.6253067 0.5692173 0.5338382 -0.6419318 0.5759506 0.5061665 -0.6585808 0.5557954 0.5073096 -0.6752658 0.5598713 0.4801669 -0.6898475 0.53978 0.4824396 -0.7060618 0.5411207 0.4567986 -0.7185527 0.5214727 0.4601612 -0.7341006 0.5203555 0.4362642 -0.7443426 0.5018451 0.4405744 -0.7583707 0.4986031 0.4198441 -0.7664344 0.481781 0.4248123 -0.7791429 0.4770118 0.4066894 -0.7876209 0.4561975 0.4141708 -0.7452858 0.4833744 0.4592368 -0.4180241 0.3955725 0.8177887 -0.4416165 0.4085915 0.7987666 -0.4396198 0.4110008 0.7986318 -0.463345 0.4211504 0.7797075 -0.4600036 0.4257551 0.7791851 -0.4833796 0.4328802 0.7608935 -0.4790068 0.4397609 0.7597123 -0.5013937 0.4440007 0.7426088 -0.4963515 0.4531345 0.7404758 -0.5167221 0.4545736 0.7255076 -0.5112816 0.4659229 0.7221544 -0.5297487 0.465309 0.7091219 -0.5268475 0.4724293 0.7065709 -0.4988479 0.4795362 0.7219389 -0.156851 0.1703692 0.9728167 -0.1839086 0.1872671 0.9649397 -0.1639693 0.211421 0.9635431 -0.1914982 0.2257986 0.9551668 -0.1711633 0.2538318 0.9519836 -0.1979693 0.2651395 0.943668 -0.1777723 0.2969101 0.9382119 -0.20383 0.3054642 0.9301317 -0.1846325 0.3402028 0.9220482 -0.208063 0.3456624 0.9150013 -0.1902661 0.3828073 0.9040229 -0.211784 0.3860623 0.8978326 -0.198937 0.4174984 0.8866336 -0.1972976 0.4175459 0.8869776 -0.7246149 0.6777558 0.1248208 -0.7225974 0.6881247 0.06585937 -0.7533107 0.6305761 0.1868068 -0.7755534 0.6221984 0.1067053 -0.7462807 0.6528641 0.1297443 -0.7462807 0.6528641 0.1297442 -0.2333233 0.08706617 0.9684936 -0.7379024 0.6637238 0.1223558 -0.6608399 0.6115729 0.4350509 -0.7664601 0.5657512 0.3040797 -0.5288549 0.4090892 0.7436119 -0.6752276 0.3759472 0.6346113 -0.7207154 0.6899153 0.0677219 -0.6927009 0.6400802 0.3323595 -0.785678 0.5961766 0.1651772 -0.6384072 0.4135842 0.6491413 -0.7637627 0.3905543 0.5139399 -0.7411348 0.6462453 0.1818965 -0.5929049 0.6032268 0.5334616 -0.7191312 0.5503547 0.4242171 -0.4042659 0.4100881 0.8175555 -0.5658624 0.3703258 0.7366537 -0.258571 0.2195495 0.9407121 -0.319705 0.1582965 0.9342008 -0.4915256 0.1345811 0.8604015 -0.476575 0.1497536 0.8662853 -0.631809 0.1347748 0.7633172 -0.694776 0.0736851 0.7154418 -0.6917241 0.1465929 0.7071269 -0.7475591 0.2842398 0.6003025 -0.7953372 0.3557682 0.490783 -0.7933706 0.3636114 0.4882109 -0.7703516 0.5209577 0.3676433 -0.9964608 0.07118058 0.04471349 -0.9922594 0.04034864 0.117445 -0.7204004 0.6935584 0 -0.7377993 0.6750114 -0.003443539 -0.8445801 0.5353347 0.01006621 -0.8292254 0.5585837 0.01922148 -0.9824 0.1867894 0 -0.995447 0.09125608 -0.02752375 -0.9355314 0.3530421 0.01192253 -0.9355992 0.3528628 0.01191693 -0.9354976 0.3531318 0.01192533 -0.9573882 0.2888028 0.001028776 -0.91125 0.4118536 -2.82958e-4 -0.8708777 0.4914842 0.003942966 -0.7766999 0.6295346 -0.02058273 -0.9516307 0.3003916 -0.064529 -0.7611967 0.6473526 -0.03891259 -0.7899056 0.6132229 -0.002653777 -0.7203675 0.6935921 -8.35413e-4 -0.8444727 0.5352649 0.01890373 -0.8137639 0.5810465 -0.01317256 -0.7681211 0.6401278 -0.01504945 -0.7568596 0.6532766 -0.01983356 -0.7082034 0.7059899 -0.00511372 -0.7777613 0.6284291 -0.01282685 -0.7574416 0.6523781 -0.02617716 -0.8730162 0.4821127 -0.07355254 -0.768135 0.6395614 -0.03049635 -0.7212172 0.6923343 -0.02278226 -0.7087919 0.7052499 -0.01539236 -0.9570487 0.2886942 -0.02671247 -0.9957747 0.09128952 -0.009944379 -0.9631863 0.2650541 -0.04492908 -0.7111481 0.7030343 -0.003357529 -0.7074112 0.7053759 -0.04488086 -0.7882118 0.6148685 -0.02567344 -0.8881915 0.4592015 -0.01581233 -0.885845 0.4614987 -0.04793536 -0.9320688 0.3588988 -0.04939121 -0.8747845 0.4792308 -0.07134324 -0.4803453 0.8741833 -0.07121837 -0.6301488 0.7742542 -0.05867731 -0.4336642 0.8166257 -0.3808649 -0.4140629 0.8570656 -0.3065791 -0.5053936 0.8245894 -0.2542235 -0.5189241 0.8352746 -0.1817527 -0.60237 0.7942711 -0.07927137 -0.6014843 0.7971849 -0.05208587 -0.4618812 0.8861153 -0.03828227 -0.1207875 0.8304211 -0.5438854 -0.1100871 0.8279778 -0.5498486 -0.1858795 0.8893556 -0.4177268 -0.1699504 0.8196359 -0.547096 -0.1968625 0.821637 -0.534937 -0.3431208 0.8345184 -0.4311 -0.2628141 0.8257765 -0.4990212 -0.3017991 0.7718514 -0.5596095 -0.2236015 0.948914 -0.222631 -0.1855017 0.9527239 -0.2406375 -0.190436 0.9304898 -0.3129266 -0.3611662 0.9024609 -0.2347837 -0.3308115 0.90916 -0.2529661 -0.3731767 0.8542449 -0.361946 -0.3731768 0.8542448 -0.361946 -0.3732299 0.8541736 -0.362059 -0.3747939 0.8532282 -0.3626723 -0.4663741 0.853348 -0.2330076 -0.43672 0.8657262 -0.2445279 -0.5361244 0.8403943 -0.07942396 -0.5203348 0.8492674 -0.08942449 -0.0973916 0.8300911 -0.5490572 -0.09438079 0.829782 -0.5500493 -0.1566005 0.8986966 -0.4096593 -0.08724951 0.8991222 -0.4289137 -0.1668959 0.9153371 -0.3664746 -0.1567429 0.8273937 -0.5393064 -0.1361052 0.8253477 -0.547975 -0.2231581 0.8821845 -0.4146699 -0.1792207 0.8986517 -0.4003815 -0.2556719 0.935263 -0.2447757 -0.2348258 0.9381242 -0.2545191 -0.2415356 0.8136454 -0.5288118 -0.2131627 0.8145574 -0.539498 -0.3212065 0.8546807 -0.407857 -0.2839351 0.8752136 -0.3916401 -0.25279 0.8770414 -0.4085285 -0.2170795 0.8925577 -0.3952433 -0.3016927 0.9221282 -0.2422012 -0.2783742 0.9267809 -0.2521607 -0.3716738 0.8338415 -0.4081263 -0.3188051 0.8672631 -0.3823848 -0.4178848 0.8774917 -0.2353309 -0.3892889 0.8873571 -0.2470864 -0.4688253 0.8762745 -0.1111122 -0.4278602 0.9011604 -0.06961172 -0.3806611 0.9200448 -0.09281504 -0.3619332 0.9289477 -0.07785016 -0.3202738 0.9431585 -0.08875137 -0.3100368 0.9474055 -0.07937312 -0.2881706 0.9538909 -0.08396291 -0.2513684 0.9642196 -0.08422869 -0.2594957 0.9624447 -0.07976257 -0.221592 0.9749026 0.02149742 -0.1383054 0.9902073 0.01901036 -0.140298 0.9895613 0.03293728 -0.5912753 0.8064683 0.001610219 -0.9877949 0.1557606 0 -0.7574251 0.6529216 -8.22861e-4 -0.8951041 0.4458448 0.003337323 -0.8610664 0.5084923 -4.88101e-4 -0.9863309 0.164776 3.63888e-4 -0.4464835 0.8940473 0.03649586 -0.4464835 0.8940473 0.03649592 -0.4464835 0.8940474 0.03649586 -0.5483561 0.836245 0 -0.261808 0.96512 0 -0.2618087 0.9651198 0 0 0 -1 0 0 -1 0 0 -1 1.58501e-6 0 -1 -2.88448e-7 0 -1 0 0 -1 0 0 -1 0 0 -1 0 0 -1 0 0 -1 2.87813e-7 0 -1 0 0 -1 4.9691e-7 0 -1 -7.36385e-7 0 -1 -1.43854e-7 0 -1 0 0 -1 0 0 -1 0 0 -1 0 0 -1 0 0 -1 0 0 -1 0 0 -1 0 0 -1 1.40089e-7 0 -1 0 0 -1 0 0 -1 0 0 -1 -6.42079e-7 0 -1 -2.56852e-6 0 -1 -2.46448e-6 0 -1 0 0 -1 0.4462581 0.894162 0.03644162 0.8610664 0.5084923 -4.86563e-4 0.986331 0.1647762 3.61467e-4 0.9877849 0.155824 0 0.8950533 0.4459469 0.003332793 0.7572898 0.6530786 -8.25097e-4 0.5912749 0.8064686 0.001614749 0.5481707 0.8363665 0 0.261808 0.96512 0 0.2618087 0.9651198 0 0.2227586 0.9747409 0.01608502 0.1403885 0.9897891 0.0246728 0.1396025 0.9896547 0.03308838 0.1520704 0.8847892 -0.4404802 0.5317512 0.8432059 -0.07902348 0.3533232 0.9314701 -0.08675462 0.3218917 0.9437035 -0.07622051 0.2875077 0.9569738 -0.03925025 0.5013318 0.8626632 -0.06692308 0.4910445 0.8678432 -0.07565492 0.4384607 0.8949822 -0.08221447 0.3943389 0.8834182 -0.2531194 0.4030735 0.8663622 -0.2948701 0.4035391 0.8680438 -0.2892339 0.4352754 0.8806131 -0.1872324 0.4619358 0.8640621 -0.2000306 0.5732014 0.8154025 -0.08098715 0.5703749 0.8175984 -0.0787751 0.5885285 0.8083717 -0.0130214 0.1980566 0.811001 -0.5505008 0.2216619 0.8120166 -0.5399028 0.1653859 0.826328 -0.5383583 0.1642805 0.8120001 -0.5600605 0.1307602 0.8362938 -0.5324609 0.1335235 0.821218 -0.5547726 0.1025735 0.8329773 -0.5437164 0.1055392 0.8270965 -0.5520625 0.3257273 0.9086559 -0.2612401 0.3268086 0.9180103 -0.2246178 0.406242 0.9114807 -0.06457924 0.4080047 0.9103347 -0.06944781 0.2880964 0.9566144 -0.0434674 0.2816615 0.9505137 -0.1311128 0.2390593 0.9428343 -0.2321943 0.2377161 0.9470579 -0.2158061 0.2122151 0.9075714 -0.3623244 0.2059086 0.932443 -0.296904 0.175944 0.9145715 -0.3641468 0.143966 0.9059064 -0.3982553 0.2000332 0.8876734 -0.4147564 0.1932529 0.8970062 -0.397534 0.2506886 0.8738399 -0.4166043 0.254104 0.8884944 -0.3821113 0.2923588 0.8693409 -0.3984629 0.2941296 0.86696 -0.4023287 0.3694596 0.8300336 -0.4177845 0.3677389 0.8634104 -0.3453847 0.8341625 0.5438967 -0.09137612 0.695295 0.7174926 -0.04206168 0.6988039 0.7144654 -0.03481876 0.7123622 0.7013512 -0.02542781 0.6912143 0.7200697 -0.06101268 0.7254674 0.6874432 -0.03345084 0.6956897 0.7177023 -0.0303204 0.7105764 0.7029997 -0.02953946 0.7175918 0.6963206 -0.01413261 0.7171199 0.6967645 -0.01607966 0.709657 0.7042643 -0.01997023 0.8465281 0.5321016 -0.0160703 0.7052134 0.7063966 -0.06064724 0.9337477 0.3537482 -0.05456757 0.8327624 0.5448583 -0.09816509 0.9309142 0.3561207 -0.08109867 0.986671 0.1616599 -0.018615 0.8413968 0.5365045 -0.06491786 0.9399767 0.3412386 1.33319e-4 0.7123389 0.699523 -0.05692839 0.8513092 0.5244709 0.01424932 0.7172231 0.6967928 -0.008422672 0.9840623 -0.08432602 0.1565589 0.548686 0.5326853 0.6443524 0.3969042 -0.6820104 0.6142711 0.9104605 -0.1172088 0.3966407 0.9409615 -0.3068736 0.1428986 0.931451 -0.270192 0.2437117 0.9020015 -0.2422698 0.3573495 0.8639885 -0.2287802 0.448535 0.7337646 -0.6688495 0.1192892 0.7896414 -0.6019048 0.1190675 0.7896412 -0.6019051 0.1190681 0.8312663 -0.5429182 0.1193164 0.8592854 -0.4925459 0.1379399 0.8650076 -0.487413 0.1191235 0.9184572 -0.3771719 0.1190702 0.9077247 -0.3879238 0.1598468 0.9071774 -0.3889174 0.1605386 0.6817026 -0.7083422 0.1831203 0.7043747 -0.6997688 0.1190794 0.6173671 -0.7775968 0.1191694 0.6045635 -0.7824143 0.1494356 0.5651967 -0.8162833 0.1193083 0.4994066 -0.8581476 0.1190623 0.4994058 -0.8581485 0.119059 0.4298851 -0.8973104 0.1001646 0.4521955 -0.8839038 0.119304 0.3968964 -0.8701488 0.2920863 0.5337331 -0.7275958 0.430968 0.2498359 -0.4554344 0.8544948 0.3089388 -0.5092162 0.8032782 0.305925 -0.528397 0.7919638 0.335982 -0.4791122 0.8109055 0.3984812 -0.5157058 0.7584592 0.4046593 -0.4285317 0.8078439 0.4203154 -0.4175652 0.8055895 0.4185192 -0.4125071 0.8091229 0.4674247 -0.3562967 0.809053 0.4674247 -0.3562959 0.8090534 0.5099076 -0.29228 0.809053 0.5099107 -0.2922829 0.8090499 0.5436789 -0.2232717 0.8090508 0.5436801 -0.2232712 0.80905 0.5681574 -0.1504413 0.8090517 0.5681609 -0.1504444 0.8090487 0.5829285 -0.07504791 0.8090502 0.5829201 -0.0750423 0.8090568 0.5877283 0.001641333 0.8090568 0.5877423 0.001634538 0.8090465 0.5825071 0.07828474 0.8090469 0.5824999 0.0782873 0.809052 0.56731 0.1536023 0.8090525 0.5673117 0.1536011 0.8090515 0.5424259 0.2262926 0.8090525 0.542431 0.2262921 0.8090491 0.508798 0.2941227 0.8090837 0.5103148 0.2962981 0.8073329 0.5253233 0.2754507 0.8050854 0.4959002 0.4739306 0.7276488 0.4934397 0.4151988 0.7642822 0.5568178 0.4293549 0.7110615 0.5130408 0.3726586 0.7732495 0.5014716 0.3142809 0.8060731 0.6464937 0.6437685 0.4093997 0.6121925 0.6089885 0.5043347 0.6506701 0.7587285 0.03098064 0.6680927 0.7410615 0.06693357 0.6966319 0.7074722 0.1191103 0.6864906 0.7173023 0.1191979 0.6965515 0.6997409 0.1586781 0.7318995 0.6708889 0.1192955 0.7862792 0.6062905 0.119067 0.7862774 0.6062919 0.1190721 0.8297669 0.5452065 0.119318 0.8558097 0.4969002 0.1438057 0.8636422 0.4898223 0.1191487 0.9062861 0.4054983 0.119234 0.9104384 0.3798211 0.1638229 0.9308419 0.3454036 0.1192888 0.9583787 0.2594835 0.1190742 0.9583781 0.2594835 0.1190791 0.9892074 0.06181234 0.1328464 0.9503595 0.002645254 0.3111433 0.950774 0.002754569 0.3098729 0.9787137 0.0230869 0.2039279 0.9740965 0.1920848 0.1193289 0.9825844 0.1320623 0.1307193 0.9845932 0.1280235 0.1191064 0.9872395 0.1055458 0.1192398 0.997366 0.0672037 0.02728939 0.9973685 0.06718635 0.02724689 0.9973685 0.06718635 0.02724587 0.5395323 0.8125606 0.2205681 0.6786537 0.664988 0.3118016 0.6707625 0.6738306 0.3098872 0.6626231 0.6480283 0.3754864 0.7340489 0.5660152 0.3752322 0.7340482 0.5660128 0.375237 0.8016082 0.4654294 0.3752332 0.801608 0.4654315 0.3752308 0.8554716 0.3568889 0.3752317 0.8554703 0.3568869 0.3752366 0.8947148 0.2422446 0.3752374 0.8947166 0.2422512 0.3752288 0.9186719 0.1234738 0.3752282 0.9186683 0.1234678 0.3752388 0.926925 0.002580761 0.3752378 0.9269248 0.002577781 0.3752384 0.9232977 -0.07913172 0.3758453 0.9029048 -0.1246462 0.4113715 0.9758793 -0.176616 0.1283219 0.9109234 -0.1700572 0.375898 0.8960537 -0.2372727 0.3752193 0.896053 -0.2372749 0.3752198 0.8574517 -0.3521177 0.3752198 0.8574441 -0.3521229 0.3752322 0.8041863 -0.4609611 0.3752324 0.8041883 -0.4609614 0.3752278 0.7371885 -0.5619233 0.375227 0.737182 -0.5619242 0.3752384 0.6575841 -0.6532841 0.3752375 0.6575883 -0.6532837 0.3752307 0.566753 -0.73348 0.3752308 0.5667462 -0.7334805 0.3752403 0.4662306 -0.8011392 0.3752402 0.4662316 -0.8011396 0.3752379 0.2725959 -0.8874694 0.371604 0.419339 -0.6683264 0.6144061 0.6006028 0.5932391 0.5360446 0.5647914 0.536798 0.6267845 0.6174011 0.4760668 0.6262398 0.6173989 0.4760684 0.6262408 0.6742226 0.3914682 0.62624 0.6742203 0.391467 0.6262433 0.7195264 0.3001723 0.6262416 0.7195282 0.3001772 0.6262372 0.7525371 0.2037544 0.6262366 0.7525341 0.2037522 0.6262407 0.7726829 0.1038485 0.6262402 0.7726755 0.103841 0.6262505 0.7796198 0.002170205 0.6262495 0.7796303 0.002176821 0.6262363 0.7732526 -0.09954446 0.626236 0.7732426 -0.09954959 0.6262475 0.7536501 -0.1995653 0.6262471 0.7536603 -0.1995618 0.6262357 0.72119 -0.2961665 0.6262352 0.7211863 -0.2961676 0.6262388 0.6763952 -0.3877076 0.6262368 0.6763896 -0.3877095 0.6262415 0.620037 -0.4726288 0.6262397 0.6200407 -0.472629 0.626236 0.553092 -0.5494707 0.6262359 0.5530881 -0.5494706 0.6262394 0.4766873 -0.6169239 0.6262381 0.4766888 -0.6169252 0.6262356 0.3970295 -0.670805 0.6264091 0.3168712 -0.5542113 0.7697029 0.8152365 0.3754882 -0.4409061 0.6657111 0.729193 -0.1584503 0.4710052 0.8043133 0.3622627 0.9743399 0.2096725 0.08184951 0.9732065 0.2226123 0.05755764 0.9662995 0.2511856 0.05631351 0.9688233 0.2453343 0.03453284 0.9620373 0.2720229 0.02208346 0.9710977 0.2366869 -0.03079926 0.9692076 0.2434993 -0.03667199 0.9815394 0.1811872 -0.06125098 0.9727882 0.2208067 -0.07019597 0.970223 0.2364102 -0.052702 0.9917772 0.1077041 -0.06912362 0.9819298 0.1653348 -0.09207773 0.9804148 0.1817731 -0.07579916 0.3963784 0.7911579 -0.4657826 0.4657406 0.749197 -0.4709455 0.4569556 0.8529373 -0.2523682 0.3503467 0.914664 -0.2016107 0.4347875 0.8948585 -0.1009354 0.5211703 0.6460062 -0.5577254 0.5274534 0.5008041 -0.6862858 0.5398424 0.5007516 -0.6766226 0.5092531 0.6983454 0.5029663 0.3689739 0.8124812 0.4513674 0.7208981 0.6083908 0.3319137 0.6864316 0.6453627 0.3351398 0.6817228 0.7166084 -0.1473987 0.6934373 0.6121276 -0.3800587 0.7260296 0.5934005 -0.347501 0.7434206 0.4189803 -0.5213267 0.685203 0.4230687 -0.5928826 0.5505423 0.5417171 0.635174 0.5190858 0.5659341 0.6405222 0.7504974 0.4459507 0.4877313 0.736784 0.4613 0.4943194 0.8999694 0.31469 0.3017041 0.8988636 0.3167048 0.3028897 0.9825019 0.1578893 0.09879869 0.9838977 0.154994 0.08900713 0.9773488 0.1967833 0.077883 0.8922528 0.3957911 0.2173354 0.9265324 0.3572606 0.1179093 0.8655059 0.449307 0.2214115 0.8624473 0.4971576 0.09496849 0.9063705 0.4222357 0.01448148 0.9663384 0.2571788 0.007012665 0.9625316 0.2709321 -0.01134467 0.4123904 0.9032724 0.1184619 0.4278296 0.8954221 0.1232125 0.6751751 0.7309341 0.09936803 0.663477 0.7420362 0.09581589 0.8505278 0.5220058 0.06412822 0.8520809 0.5136243 -0.1007396 0.8632587 0.4967538 -0.0895552 0.8706493 0.4294965 -0.2397968 0.8922508 0.4027135 -0.2042315 0.9031597 0.2786414 -0.326591 0.9618148 0.2175716 -0.1660573 0.5621177 -0.1551517 -0.8123742 0.2203369 -0.1412165 -0.9651475 0.9777055 -0.1872848 -0.09495502 0.9948847 -0.09666246 -0.02933919 0.9891751 0.02305948 -0.1449174 0.9891838 0.04524731 -0.1395288 0.9892809 0.04980427 -0.13727 0.984037 0.08954852 -0.1537932 0.9704334 0.09653252 -0.2212253 0.6961178 0.2888173 -0.6572706 0.2019668 -0.09801042 -0.974476 0.356382 -0.1700413 -0.9187372 0.3812509 -0.02045625 -0.9242453 0.8816922 0.1052891 -0.4599272 0.8823537 0.1537467 -0.4447627 0.8816403 0.152321 -0.4466643 0.8794906 0.2181563 -0.4229707 0.8286299 0.2273849 -0.5115355 0.8686506 0.03481841 -0.4942001 0.8723884 0.1183965 -0.4742582 0.6471402 0.1885523 -0.7386865 0.6478016 0.2448824 -0.7213776 0.6465835 0.2433593 -0.7229841 0.6444967 0.3167952 -0.6958914 0.5556603 0.3208134 -0.7670205 0.5905616 0.1272569 -0.7968957 0.5717769 0.05525106 -0.8185466 0.4950944 0.02313852 -0.8685311 0.4821814 -0.07256978 -0.8730606 0.6902346 -0.06676644 -0.7204988 0.6660808 -0.2113469 -0.7153104 0.8273375 -0.1795341 -0.5322409 0.9807597 -0.1423419 -0.1336008 0.99006 -0.1277115 -0.0589171 0.9444007 -0.1506836 -0.2922359 0.9532242 -0.08993101 -0.2885761 0.9800527 -0.05263245 -0.1916418 0.9806301 -0.04551136 -0.190508 0.983676 -0.01273685 -0.1794975 0.9901528 -0.04499936 -0.1325621 0.9812715 0.01909065 -0.1916821 0.9596868 -0.2162063 -0.1796002 0.9739247 -0.1692188 -0.1511154 0.8891331 -0.2233432 -0.3994499 0.9089649 -0.1044746 -0.4035691 0.7644536 -0.1193046 -0.6335434 0.7765814 -0.0339573 -0.6291012 0.8368453 0.003199696 -0.5474303 0.8411561 0.06751215 -0.536562 0.6177669 0.1071606 -0.7790255 0.6383023 0.1953412 -0.7445885 0.9290727 -0.3345808 -0.1577333 0.9554853 -0.2587119 -0.141831 0.9472287 -0.2711153 -0.1710392 0.8199186 -0.3032671 -0.485554 0.7997437 -0.3135246 -0.5119693 0.5590646 -0.3051924 -0.7709114 0.5299015 -0.3115071 -0.7887762 0.2279178 -0.2635931 -0.9373219 0.1941525 -0.2656108 -0.9443283 0.9234349 -0.3651473 -0.1180485 0.9377928 -0.3333685 -0.09700602 0.8114559 -0.4072778 -0.4191231 0.7871506 -0.4226414 -0.4491862 0.5547471 -0.4387853 -0.706911 0.5199744 -0.4474477 -0.7276107 0.2284238 -0.4067198 -0.8845347 0.1881089 -0.4082188 -0.893293 0.1864638 -0.529513 -0.8275551 0.9281516 -0.3506601 -0.1247884 0.89684 -0.4182894 -0.143917 0.903896 -0.4217535 -0.07138675 0.8999722 -0.4293215 -0.07571709 0.8969981 -0.4383043 -0.05730497 0.8977317 -0.4380418 -0.04687327 0.8911699 -0.4514846 -0.04447489 0.9047374 -0.4256804 -0.01569896 0.9007284 -0.4340701 -0.0164839 0.9055749 -0.4241605 0.004691421 0.9020321 -0.4316686 7.34636e-4 0.9020164 -0.4316753 -0.004803895 0.9070787 -0.4209575 -0.001745104 0.8998628 -0.4360607 -0.009909331 0.8997613 -0.4363457 0.005675375 0.9009348 -0.4334619 0.02067238 0.9002604 -0.4348069 0.02178061 0.2081184 -0.5114295 -0.8337426 0.1424149 -0.6807135 -0.718573 0.2357041 -0.666292 -0.7074593 0.1829007 -0.8142851 -0.5508966 0.2011823 -0.8007045 -0.5642678 0.186659 -0.902577 -0.3879603 0.2168216 -0.8939249 -0.392284 0.1942232 -0.9587404 -0.207592 0.136518 -0.9804521 -0.1416922 0.2016523 -0.9761077 -0.08093351 0.2016472 -0.9752974 0.09018516 0.1454296 -0.9794681 0.139616 0.2665717 -0.9100494 0.317411 0.1694464 -0.8980507 0.4059469 0.1980672 -0.8381664 0.5081795 0.718109 -0.6007595 0.3512941 0.6486166 -0.6229189 0.4373427 0.439086 -0.7290406 0.5250746 0.1924592 -0.7225044 0.6640383 0.1405882 -0.730645 0.6681265 0.8934767 -0.4449097 0.06127542 0.8933279 -0.445154 0.06166952 0.7815718 -0.5782901 0.2339367 0.7610214 -0.6289994 0.1587647 0.7887791 -0.6043409 0.1122489 0.7800806 -0.6240323 0.04536473 0.7905165 -0.6114791 0.03431069 0.7901874 -0.6113623 -0.04289513 0.7783014 -0.6267345 -0.03808981 0.7906571 -0.5971196 -0.1353127 0.7554581 -0.6399552 -0.1405013 0.7789536 -0.5864729 -0.2219937 0.7565687 -0.6175245 -0.2150985 0.7853175 -0.5379139 -0.3064723 0.7226963 -0.5928542 -0.3552944 0.7508441 -0.5274493 -0.3975308 0.7952465 -0.4593617 -0.3956891 0.889594 -0.4416538 0.116467 0.8969426 -0.4364028 0.0710414 0.7791652 -0.537509 0.3224681 0.7480449 -0.6186516 0.2402065 0.5283429 -0.726419 0.4395101 0.4902931 -0.8172149 0.3029401 0.5294936 -0.8081601 0.257903 0.5086795 -0.8554814 0.09693717 0.5231339 -0.84798 0.08521181 0.5224504 -0.8473347 -0.09523516 0.5063458 -0.8577313 -0.08894503 0.5313404 -0.7982868 -0.2835764 0.4841066 -0.8281987 -0.2823612 0.5237216 -0.7416699 -0.419096 0.4944288 -0.7683368 -0.4064463 0.53824 -0.6433477 -0.5444277 0.4548166 -0.6794033 -0.5758066 0.5070853 -0.5539207 -0.6603305 0.5223808 -0.5368717 -0.6624856 0 0.5379713 0.8429632 0 0.5379201 0.8429958 0 0.2715828 0.9624152 -1.21796e-4 0.2252882 0.9742922 0 0.09919804 0.9950678 0 0.09919798 0.9950678 -5.0695e-6 0.09929341 0.9950582 0 -0.1226919 0.9924449 0 -0.1226903 0.992445 0 -0.4473332 0.8943673 -1.92214e-6 -0.4473332 0.8943673 0 -0.4473332 0.8943673 0 -0.4469193 0.8945743 0.07244628 -0.8567075 0.5106897 0.06922042 -0.8539847 0.5156732 0.02820301 -0.8860387 0.4627526 0.02925926 -0.8905742 0.4538961 0.04387116 -0.8954014 0.4430933 0.085298 -0.8561158 0.509696 0.09304517 -0.8595307 0.5025432 0.005274891 0.8229733 -0.5680556 -0.01686137 0.9796527 0.1999912 -0.01685869 0.999047 0.04026097 -0.01686102 0.9925679 -0.1205186 -0.01686173 0.9603804 -0.2781822 0.03384506 0.3693155 -0.9286876 -0.006014108 0.7231191 -0.6906972 -0.02588891 -0.7575184 0.6523004 -0.01367372 -0.5155683 0.8567395 0.03453499 -0.2532675 -0.9667797 0.03265035 -0.08004122 -0.9962568 0.03634983 -0.04024147 -0.9985286 0.03363066 -0.02286893 -0.9991727 0.03281086 0.04024636 -0.998651 0.03983068 0.009905517 -0.9991574 0.04136294 0.002280175 -0.9991416 0.04135757 0.002327799 -0.9991418 0.04135733 0.00232774 -0.9991418 0.04071444 0.005831301 -0.9991539 0.03949129 0.01213407 -0.9991463 0.03065645 0.06291902 -0.9975478 0.03711646 -0.2019637 -0.9786896 0.03838318 -0.2060601 -0.9777863 0.02981626 -0.1225851 -0.9920101 0.05276679 -0.1711843 -0.9838251 0.03979861 -0.1387566 -0.9895266 0.04116851 -0.2863241 -0.957248 0.03993719 -0.2820548 -0.9585667 0.03330832 -0.3242514 -0.9453844 0.03843921 -0.3583109 -0.9328107 0.03369331 -0.3814321 -0.9237827 0.03674477 -0.4936642 -0.868876 0.03857177 -0.4394591 -0.8974341 0.03679776 -0.4341258 -0.9001004 0.03270083 -0.5052419 -0.862358 0.03481662 -0.5721793 -0.8193892 0.03257602 -0.5434613 -0.838802 0.03636133 -0.5746315 -0.8176041 0.03676855 -0.5725679 -0.8190325 0.05083131 -0.7148236 -0.697455 0.03024959 -0.6250132 -0.7800279 0.03546702 -0.5810807 -0.8130727 0.02092576 -0.6771365 -0.7355599 0.03420025 -0.7550636 -0.6547591 0.03049325 -0.808947 -0.5870903 0.02913445 -0.8066725 -0.5902803 0.03427636 -0.851416 -0.5233697 0.0284304 -0.8854771 -0.4638124 0.03270173 -0.8917793 -0.4512872 0.03350305 -0.925169 -0.3780741 0.02703446 -0.9433365 -0.3307348 0.03541529 -0.9531732 -0.300344 0.03951191 -0.9855912 -0.1644657 0.04123353 -0.9863348 -0.1595106 0.0322479 -0.9724824 -0.230734 0.03452116 -0.9985502 0.04130101 0.03321266 -0.9988761 0.03381615 0.03330713 -0.9985914 -0.04130232 0.03955566 -0.9991359 -0.01276361 0.03048312 -0.9969109 -0.07238417 0.03797137 -0.9832499 0.178264 0.04671621 -0.9891149 0.1395323 0.03804242 -0.9856474 0.1644751 0.03274303 -0.9950675 0.09364086 0.03331285 -0.9969218 0.07097411 0.02813524 -0.871966 0.4887573 0.03241425 -0.9208517 0.3885634 0.03655803 -0.9309066 0.3634232 0.03941601 -0.9372847 0.3463293 0.04513406 -0.9451084 0.323625 0.04864037 -0.9489876 0.3115393 0.0560531 -0.9559284 0.2881994 -2.1185e-4 -0.909722 0.4152178 0.05874913 -0.9649311 0.2558451 0.02915459 -0.9454158 0.3245599 0.03260111 -0.9720339 0.2325668 0.03260117 -0.9720339 0.2325668 0.03260105 -0.9720339 0.2325668 0.03333264 -0.9762778 0.2139407 0.03819525 -0.8604523 0.5080975 0.02564001 -0.8678938 0.4960879 0.03000259 -0.8000185 0.5992247 0.03261101 -0.7887209 0.6138859 0.02970808 -0.7673739 0.6405114 0.02680546 -0.7282482 0.6847891 0.02807348 -0.7391749 0.6729283 0.02804374 -0.7146898 0.6988792 0.02897757 -0.6691712 0.7425431 0.0346592 -0.6924905 0.7205939 0.03605628 -0.6292058 0.7764019 0.009169101 -0.5152392 0.8569975 0.01714861 -0.5269244 0.8497393 0.03086525 -0.5409784 0.84047 0.01977795 -0.534364 0.845023 0.01407921 -0.606452 0.7949956 0.02178061 -0.6229732 0.7819399 -0.03255665 -0.494322 0.8686691 -0.02006131 -0.5343599 0.8450191 -0.03207141 -0.5640333 0.825129 -0.0277251 -0.5509674 0.8340662 -0.01580023 -0.6630392 0.748418 -0.05158609 -0.7119807 0.7003017 -0.03365278 -0.6756819 0.7364249 -0.02555531 -0.6458088 0.7630714 -0.02310252 -0.6292825 0.7768334 -0.02104061 -0.6108924 0.7914341 -0.04190874 -0.7996755 0.5989681 -0.02287971 -0.774407 0.632274 -0.02288031 -0.8657975 0.4998713 -0.03196579 -0.8575967 0.5133284 -0.02893841 -0.8589379 0.5112614 -0.02507477 -0.8973628 0.4405806 -0.02702313 -0.9108458 0.4118613 -0.0368312 0.6243176 -0.7803019 -0.0271098 0.6311647 -0.7751749 0.02749711 0.6657117 -0.7457024 0.01589095 0.6456258 -0.7634887 0.01188462 0.6861343 -0.7273778 0.03112298 0.434216 -0.9002709 0.043944 0.3927403 -0.918599 0.01684337 0.5054283 -0.8627043 0.05182397 0.4257417 -0.9033595 0.04016172 0.4641125 -0.8848654 0.03408622 0.4999987 -0.8653551 0.03301167 0.5160623 -0.8559147 0.03301167 0.5160624 -0.8559147 0.0330134 0.5164728 -0.855667 0.03201913 0.5314426 -0.846489 0.03252035 0.5472126 -0.8363616 0.03283905 0.5564317 -0.8302442 0.03442579 0.5746809 -0.8176533 0.03255808 0.5854766 -0.8100354 0.030586 0.6386992 -0.7688484 0.03122031 0.6356566 -0.7713404 0.02825611 0.6554093 -0.7547451 0.0371173 0.3368656 -0.9408209 0.03203153 0.3583896 -0.9330226 0.03482884 0.2677407 -0.9628614 0.03051161 0.2821497 -0.9588851 0.03653192 0.1657555 -0.9854901 0.02359205 0.202049 -0.9790913 0.03547048 0.1225629 -0.9918268 -0.01686155 0.903322 -0.4286317 -0.01686131 0.822867 -0.5679839 -0.01686155 0.8228674 -0.5679832 -0.01686978 0.7255235 -0.6879907 -0.01825159 0.7210791 -0.6926124 -0.01833099 0.7291842 -0.6840719 -0.02076244 0.6632407 -0.7481181 -0.01688545 -0.5159276 0.8564658 -0.01686072 -0.3919115 0.9198485 -0.01685994 -0.3919087 0.9198497 -0.01686131 -0.2392722 0.9708061 -0.01685768 -0.2392818 0.9708038 -0.01685786 -0.08046096 0.9966152 -0.01685982 -0.0804578 0.9966155 -0.01685851 0.08046084 0.9966153 -0.01685905 0.08045768 0.9966155 -0.01685857 0.2392736 0.9708058 -0.01685988 0.239282 0.9708037 -0.01686131 0.3919081 0.9198498 -0.0168606 0.3919128 0.9198479 -0.01686143 0.5343887 0.8450707 -0.0168628 0.5343915 0.8450689 -0.01686221 0.6630326 0.7484006 -0.01686066 0.6630251 0.7484073 -0.01685971 0.7744905 0.6323608 -0.01686209 0.7744984 0.6323512 -0.01686179 0.8659027 0.4999284 -0.01686114 0.8659035 0.4999268 -0.01686102 0.9348807 0.3545618 -0.01686149 0.9348825 0.3545566 0.005275905 0.9797772 0.2000226 0.005275964 0.9350022 0.354603 0.005274474 0.9350036 0.3545991 0.005274772 0.8660139 0.4999922 0.00527513 0.8660147 0.4999908 0.005275368 0.7745899 0.6324419 0.005273759 0.7745953 0.6324352 0.005274772 0.6631165 0.7484977 0.005273878 0.6631196 0.7484949 0.005274057 0.5344578 0.8451787 0.005273997 0.5344535 0.8451815 0.005274713 0.3919586 0.9199678 0.005273461 0.3919637 0.9199656 0.005273342 0.2393039 0.9709305 0.005271732 0.2393113 0.9709286 0.005271196 0.08047115 0.996743 0.005274176 0.08045732 0.9967441 0.005274772 -0.08047139 0.996743 0.005270719 -0.08045691 0.9967442 0.005271196 -0.2393026 0.9709308 0.005274057 -0.2393127 0.9709282 0.005274057 -0.3919617 0.9199665 0.005272626 -0.3919599 0.9199672 0.005273222 -0.5333467 0.8458803 -5.905e-4 -0.498042 0.8671527 0.02748423 0.7552127 -0.6549035 0.004809975 0.7322735 -0.6809938 0.005281269 0.7331382 -0.6800593 0.01288795 0.7211453 -0.692664 0.02356898 0.7210046 -0.6925294 0.02746212 0.7000621 -0.7135538 0.02748394 0.8515916 -0.5234848 -0.01686155 0.903324 -0.4286276 0.005275845 0.9034381 -0.4286861 0.005275726 0.8229748 -0.5680534 0.02369379 0.8227555 -0.5679014 0.02745783 0.8067143 -0.5903035 0.02748668 0.9253427 -0.3781341 -0.0168609 0.9603813 -0.2781789 0.005275011 0.9605048 -0.2782137 0.005275189 0.9034369 -0.4286887 0.02384263 0.9031925 -0.4285732 0.02745258 0.8919199 -0.4513595 0.02748864 0.9744912 -0.2227362 -0.01685851 0.992569 -0.1205101 0.005273818 0.9926964 -0.1205247 0.005273699 0.9605039 -0.2782165 0.02401417 0.9602394 -0.2781432 0.02745091 0.9534096 -0.3004276 0.0274887 0.9977343 -0.06140762 -0.01686102 0.9990472 0.04025322 0.005273103 0.9991756 0.0402562 0.005272686 0.9926956 -0.1205312 0.02420735 0.9924187 -0.1204954 0.02744805 0.9895575 -0.141502 -0.01686149 0.9796518 0.1999955 0.005275487 0.9797784 0.200016 0.005275368 0.9991751 0.04026871 0.02442371 0.9988909 0.04025465 0.02744263 0.9993988 0.02118647 0.07067531 -0.6357749 0.7686321 0.02649331 -0.6421037 0.76616 0.02932226 -0.5342387 0.8448251 0.0259329 -0.5467649 0.8368845 0.02881044 -0.3918029 0.9195981 0.02644491 -0.4015544 0.9154533 0.02831941 -0.2392199 0.9705525 0.0269376 -0.2453876 0.9690507 0.02785354 -0.08042687 0.9963713 0.02740144 -0.08254826 0.9962103 0.02740645 0.08042824 0.9963837 0.02784657 0.08254712 0.9961981 0.0269854 0.2392276 0.9705885 0.02826559 0.2453799 0.9690149 0.02658373 0.3918303 0.9196534 0.02866125 0.4015318 0.9153965 0.02620756 0.5342776 0.8449028 0.02903604 0.5467185 0.8368129 0.0258544 0.662907 0.7482552 0.02938556 0.6769938 0.7354019 0.02552306 0.7743517 0.6322405 0.02971202 0.788792 0.6139418 0.02521455 0.86575 0.4998413 0.03001445 0.8790771 0.4757339 0.02492827 0.9347252 0.3544958 0.030294 0.9453828 0.3245515 0.02466475 0.9794932 0.1999626 0.02743989 0.982673 0.1833057 0.02749019 0.9944476 0.1015796 0.2345865 -0.4276345 0.8729822 0.2437526 -0.4693763 0.8486875 0.1882278 -0.497926 0.8465459 0.2535782 -0.5219388 0.8144189 0.2668607 -0.5400266 0.7982209 0.2983143 -0.5564843 0.7754572 0.08008205 -0.6370992 0.7666105 0.2702326 -0.6170471 0.7390719 0.2702327 -0.617047 0.7390719 0.2702327 -0.6170471 0.7390719 0.3651443 -0.6745139 0.6416392 0.3585562 -0.6655907 0.6545429 0.3244354 -0.6641548 0.6735281 0.3063168 -0.6488585 0.696529 0.2956272 -0.6511608 0.6989952 0.2956272 -0.6511608 0.6989952 0.2955356 -0.6511811 0.6990151 0.1021921 -0.81835 0.5655618 0.2424939 -0.6917933 0.6801609 0.3050988 -0.7048805 0.6403579 0.3572931 -0.6980589 0.6205285 0.1223415 -0.8280705 0.5471125 0.1297978 -0.8260588 0.5484338 0.1501409 -0.8065723 0.5717507 0.1867114 -0.7847798 0.5909819 0.1863398 -0.7882774 0.5864267 0.2140926 -0.7595232 0.6142386 0.2139161 -0.7679757 0.6036996 0.2424479 -0.7408207 0.6264213 0.2377011 -0.7510471 0.615976 0.2623909 -0.7200369 0.6424157 0.2562862 -0.7069891 0.6591539 -0.05806255 -0.866903 0.4950838 -0.02009534 -0.8373261 0.5463345 -0.06348019 -0.8545123 0.5155377 -0.06342333 -0.8544314 0.5156788 -0.1112775 -0.8576541 0.5020427 -0.1256868 -0.8731801 0.4709134 -0.03184306 -0.9014494 0.4317117 -0.02300012 -0.8845208 0.4659335 -0.02979004 -0.8861759 0.4623903 -0.0339449 -0.891672 0.4514077 -0.05124616 -0.8947007 0.4437168 -0.090622 -0.8592609 0.5034468 -0.0897274 -0.8528396 0.5144063 -0.3548078 -0.6914693 0.6292709 -0.2443469 -0.7211855 0.6482177 -0.2887725 -0.7042618 0.6485567 -0.2286512 -0.6935623 0.6831473 -0.2445448 -0.7073293 0.6632369 -0.3940582 -0.6856316 0.6120682 -0.4276598 -0.6860175 0.5886316 -0.3028154 -0.7195041 0.6249934 -0.3008088 -0.7346473 0.608118 -0.2058893 -0.7540089 0.6237629 -0.1984183 -0.7504022 0.6304973 -0.2647082 -0.7985237 0.5406381 -0.2260874 -0.7862144 0.57511 -0.2443777 -0.7622366 0.5993955 -0.1263504 -0.8105687 0.5718515 -0.08203035 -0.8267048 0.5566242 -0.1157054 -0.8212669 0.5586887 -0.1713389 -0.7803401 0.6014252 -0.1351742 -0.7941598 0.5924849 -0.1590556 -0.791271 0.5904164 -0.1650397 -0.8248251 0.5407637 -0.1347475 -0.8336873 0.5355453 -0.2896032 -0.6718367 0.6817371 -0.3073886 -0.6482611 0.6966131 -0.4059658 -0.6726759 0.6186267 -0.3942891 -0.6812705 0.6167712 -0.4021308 -0.6721119 0.6217367 -0.3546429 -0.6949655 0.6255009 -0.3764215 -0.6281312 0.680998 -0.352655 -0.6618542 0.6615009 -0.4159608 -0.5214525 0.7450262 -0.3993598 -0.626789 0.6690645 -0.649138 -0.542631 0.5330775 -0.5872462 -0.5660294 0.5785781 -0.5872098 -0.5660395 0.5786053 -0.5872093 -0.5660396 0.5786057 -0.5126129 -0.5876387 0.6260261 -0.4531745 -0.5932607 0.665338 -0.4382831 -0.5898312 0.6782383 -0.260795 -0.5090842 0.8202556 -0.2784227 -0.5491845 0.7879576 -0.2889904 -0.5932514 0.751357 -0.2796134 -0.6024876 0.747546 -0.3489282 -0.6040925 0.7164645 -0.3321482 -0.6161313 0.7141848 -0.4350096 -0.5883939 0.6815859 -0.421915 -0.5813331 0.6957296 -0.4599776 -0.5118098 0.7255835 -0.501272 -0.5126544 0.6970738 -0.4940448 -0.5118784 0.7027804 -0.4832265 -0.5105575 0.7112125 -0.4776265 -0.5070016 0.7175112 -0.4781988 -0.507676 0.7166527 -0.260378 -0.451139 0.8536258 -0.2564289 -0.5070393 0.8228945 -0.3348898 -0.4854955 0.8075538 -0.3097912 -0.5184856 0.7969958 -0.3594807 -0.5055967 0.7843122 -0.4047387 -0.6094332 0.6817462 -0.3777667 -0.6330544 0.6756734 -0.9059411 -0.2975029 0.3012686 -0.9097718 -0.205146 0.3608748 -0.1978636 -0.268702 0.942682 -0.2025554 -0.4297295 0.8799455 -0.09575009 -0.1579208 0.9827985 -0.9151492 -0.2543044 0.31278 -0.9362323 -0.2160931 0.2770794 -0.7704755 -0.232673 0.5934905 -0.749116 -0.2389715 0.6178333 -0.5168862 -0.2263715 0.8255814 -0.4882282 -0.2301579 0.8418198 -0.1807229 -0.18962 0.9650821 -0.9134183 -0.3441657 0.217295 -0.9354291 -0.3086997 0.1722704 -0.7652067 -0.380815 0.5190749 -0.7363662 -0.3933219 0.5505113 -0.5169252 -0.4033759 0.7550341 -0.478368 -0.4099408 0.7766032 -0.08092772 -0.3529109 0.9321506 -0.1836633 -0.3355931 0.9239292 -0.8989216 -0.3975679 0.1840645 -0.8930711 -0.4093713 0.1866529 -0.7535664 -0.469007 0.4606196 -0.7288922 -0.5042265 0.4631113 -0.5054953 -0.5096148 0.6962524 -0.474851 -0.5430963 0.692505 -0.2070088 -0.4907191 0.8463701 -0.1737705 -0.5193946 0.8366798 -0.1731237 -0.5906736 0.7881199 -0.2072129 -0.5626689 0.8002916 -0.4735825 -0.6035684 0.6414242 -0.5051375 -0.5699335 0.6480833 -0.7272151 -0.5464007 0.4154571 -0.7526367 -0.5104061 0.4159612 -0.8969967 -0.4224487 0.1301304 -0.5928252 -0.3531588 0.723766 -0.5969105 -0.3593292 0.7173426 -0.6745615 -0.3692613 0.6392284 -0.6296826 -0.3682809 0.6840096 -0.6096268 -0.3670852 0.7025693 -0.7937028 -0.2572766 0.5512212 -0.697244 -0.2858172 0.6573883 -0.5086217 -0.2273106 0.830442 -0.5957555 -0.3189093 0.7371379 -0.3951761 -0.2950327 0.8699377 -0.4493027 -0.1850801 0.873998 -0.4425033 -0.1206039 0.88862 -0.4442344 -0.1194247 0.8879153 -0.4599553 -0.03919708 0.8870766 -0.4376396 -0.05922001 0.8971983 -0.4545917 -0.005052566 0.8906857 -0.4491136 -0.01111948 0.8934056 -0.466539 0.004523932 0.8844891 -0.4428693 -0.002820611 0.8965818 -0.4789392 0.04357618 0.8767659 -0.3833961 -0.0141133 0.9234762 -0.3952189 -0.01655161 0.9184378 -0.3895932 -0.2672157 0.88137 -0.3946271 -0.2546363 0.8828532 -0.4052444 -0.231424 0.884432 -0.4002257 -0.2224686 0.8890035 -0.4112766 -0.191998 0.8910603 -0.3948282 -0.1546843 0.9056398 -0.4143946 -0.1265977 0.9012493 -0.3873964 -0.07875001 0.9185437 -0.4128261 -0.04750573 0.9095701 -0.3888034 -0.01512455 0.9211967 -0.4096523 0.01665055 0.9120898 -0.7791899 0.3072528 0.5463139 -0.816866 0.2431224 0.5230884 -0.6644449 0.288969 0.6892096 -0.7258579 0.2504059 0.640646 -0.7016636 0.1902816 0.6866302 -0.6061992 0.1994572 0.7698958 -0.5478482 0.272975 0.7907889 -0.6108265 -0.03465223 0.7910059 -0.8857987 0.2899567 0.3623339 -0.9449746 0.2868382 0.1573122 -0.9449745 0.2868382 0.1573122 -0.9449746 0.2868382 0.1573122 -0.9173362 0.3154849 0.2428244 -0.9173362 0.3154848 0.2428244 -0.9050469 0.3792765 0.192457 -0.9050469 0.3792765 0.192457 -0.9050468 0.3792765 0.192457 -0.9115262 0.3752678 0.1682087 -0.7572991 0.4512127 0.4721285 -0.7656321 0.446752 0.4628394 -0.7765266 0.4071246 0.4808909 -0.7821468 0.4032948 0.4749733 -0.78988 0.3553929 0.4997857 -0.7921184 0.3533951 0.4976549 -0.7942311 0.308502 0.5234726 -0.9860523 -0.06776654 -0.1520149 -0.5004836 0.4751906 0.7236782 -0.511663 0.4729043 0.7173302 -0.5136334 0.4657849 0.7205728 -0.5213975 0.4633033 0.7165855 -0.5236001 0.4495794 0.723686 -0.5266996 0.4480741 0.7223692 -0.5275977 0.4269784 0.734391 -0.5269066 0.4273886 0.7346486 -0.5220763 0.3831746 0.7619801 -0.5131885 0.3897805 0.7646625 -0.4808436 0.3151881 0.8181968 -0.4679746 0.3305108 0.8196111 -0.4130303 0.2715771 0.8692824 -0.4365511 0.2206601 0.8721997 -0.1890474 0.4395809 0.8780831 -0.2017589 0.439462 0.8753094 -0.1947212 0.46491 0.8636796 -0.2035039 0.4639641 0.8621622 -0.2001077 0.485186 0.851206 -0.2035741 0.4843189 0.8508777 -0.2028958 0.500154 0.841831 -0.2019824 0.5004937 0.8418487 -0.2032094 0.5123415 0.8343934 -0.192509 0.5172513 0.8339014 -0.1918103 0.5156512 0.8350525 -0.1761208 0.5283958 0.8305295 -0.1640815 0.515527 0.8410168 -0.1779671 0.4911195 0.8527189 -0.9898343 0.08849734 0.1113396 -0.9898304 0.0885452 0.1113357 -0.9898304 0.08854526 0.1113355 -0.9198828 0.2159202 0.3274053 -0.9198828 0.2159202 0.3274053 -0.8708178 0.4737691 0.1312223 -0.9847196 -0.1054412 0.1385978 -0.9847197 -0.1054412 0.1385978 -0.9847197 -0.1054412 0.1385978 -0.7837366 0.2776481 0.5555795 -0.5386573 0.7783461 0.3225306 -0.6754996 0.3217473 0.6634598 -0.6754996 0.3217473 0.6634598 -0.6755071 0.3214426 0.6636 -0.9853211 0.1177775 0.1235762 -0.9854211 0.1196692 0.1209324 -0.9088768 0.2475931 0.3356198 -0.9071092 0.2380436 0.3471144 -0.7641182 0.3519104 0.5406316 -0.7610645 0.340987 0.5518231 -0.5669263 0.4293377 0.7030389 -0.5628392 0.4176025 0.7133164 -0.9893195 0.0955317 0.1100946 -0.9863257 0.05806386 0.1542407 -0.9152095 0.285557 0.2843396 -0.9101573 0.2277719 0.3460254 -0.7803922 0.3007458 0.5482153 -0.7666143 0.2387634 0.5960659 -0.5981739 0.4635781 0.6536692 -0.5697028 0.3787336 0.7293832 -0.6447777 0.284902 0.7092902 -0.6759534 0.249149 0.6935502 -0.9644191 -0.1081256 -0.2412567 -0.9644064 -0.1081402 -0.2413005 -0.9644065 -0.1081402 -0.2413007 -0.1749107 0.2013987 0.963766 -0.981428 -0.05642253 0.1833456 -0.9268859 -0.07653778 0.3674568 -0.9373045 -0.08291804 0.338504 -0.9362919 -0.128868 0.3267269 -0.9201521 -0.1397655 0.3657674 -0.204032 -0.04026955 0.9781357 -0.2600359 -0.07052481 0.96302 -0.9412791 0.1148523 0.3174945 -0.8241924 0.2659615 0.4999716 -0.8251624 0.1895442 0.5321466 -0.5919969 0.2727339 0.7583904 -0.587758 0.1897987 0.7864586 -0.5473787 0.2146552 0.808888 -0.5107328 0.1102188 0.8526453 -0.6609568 0.01403623 0.7502927 -0.3381943 0.1064364 0.9350379 -0.3265721 0.007704019 0.945141 -0.5136523 -0.07057142 0.8550913 -0.5936882 -0.1090905 0.7972664 -0.6108762 0.01624119 0.7915595 -0.6927391 -0.02950596 0.7205845 -0.7064546 0.08587211 0.7025297 -0.7659485 0.04098701 0.6415942 -0.7752097 0.1442702 0.6150091 -0.8114911 0.1094277 0.5740278 -0.8156146 0.1873155 0.5474357 -0.9632916 0.08116161 0.2558948 -0.963122 0.129422 0.2358942 -0.7705469 -0.1066246 0.6284018 -0.817292 -0.1365147 0.5598193 -0.8309229 -0.03641068 0.5551949 -0.8842535 -0.08023166 0.4600636 -0.8951901 0.01224684 0.4455162 -0.929315 -0.03285866 0.3678232 -0.9367995 0.0513091 0.346084 -0.9554598 0.01459932 0.2947602 -0.9589169 0.07986378 0.2722139 -0.7126645 0.2256427 0.6642249 -0.7126646 0.2256428 0.6642249 -0.7126646 0.2256428 0.6642249 -0.9963127 0.05211043 0.06815809 -0.03474885 -0.5189435 -0.8541021 -0.07337212 -0.5966899 -0.7991107 -0.03516018 -0.7069315 0.7064077 -0.03486412 -0.4740423 0.8798117 -0.06470394 -0.5970597 0.7995831 -0.08976238 -0.5666259 0.8190714 -0.05150878 -0.6362862 0.7697317 -0.03363817 -0.8282245 0.559386 -0.07915568 -0.8782918 0.4715273 -0.05674737 -0.9124565 0.4052198 -0.0760923 -0.9971008 0 -0.03424698 -0.9935609 0.1080006 -0.03497207 -0.9470396 0.319207 -0.02872681 -0.6821112 -0.730684 -0.04489886 -0.8516998 -0.522103 -0.07384186 -0.8786544 -0.471714 -0.03666472 -0.9447059 -0.3258629 -0.03211188 -0.9886397 -0.1468347 -0.03481125 -0.3691083 -0.9287343 -0.03707593 -0.3685194 -0.9288804 -0.03246009 -0.2287943 -0.9729335 -1 -1.22595e-6 0 -1 -9.67961e-7 0 -1 -2.32964e-6 0 -1 2.15987e-6 0 -1 -3.91665e-5 0 -1 4.64597e-6 0 -1 -8.33498e-5 0 -1 2.09822e-5 0 -1 -2.29097e-6 0 -1 -2.6306e-6 0 -1 1.30604e-6 0 -1 3.86611e-6 0 -1 2.80071e-6 0 -1 5.23681e-7 0 -1 -4.42191e-7 0 -1 3.39607e-6 0 -1 -6.02887e-6 0 -1 3.6467e-6 0 -1 -6.22579e-7 0 -1 1.51552e-6 0 -1 4.37925e-6 0 -1 -1.35421e-6 0 -1 -1.77965e-6 0 -1 -3.45008e-6 0 -1 3.42494e-6 0 -1 1.40564e-7 0 -1 -1.95002e-5 0 -0.01994496 0.04705947 0.998693 -0.03285783 0.3242927 0.9453859 -0.03416019 0.4437819 0.8954836 -0.03548991 0.4722338 0.8807586 -0.0416485 0.3924443 0.9188324 -0.05252486 0.3734252 0.9261722 -0.04052037 0.4047668 0.9135217 -0.04177963 0.2745148 0.9606748 -0.04894399 0.2620368 0.9638161 -0.03380858 0.2164462 0.975709 -0.06842023 0.1266201 0.9895889 -0.05949288 0.1302701 0.989692 -0.03614634 0.1640799 0.9857847 -0.03770416 0.6030493 0.7968125 -0.03508669 0.621379 0.7827243 -0.03436416 0.6566982 0.7533703 -0.0335949 0.6583786 0.7519369 -0.0361036 0.7039083 0.7093728 -0.03435021 0.4808756 0.8761157 -0.03579568 0.5139089 0.8570976 -0.03982728 0.5318227 0.8459188 -0.03433412 0.5541629 0.8316999 -0.03541654 0.5952126 0.8027875 -0.6185783 0.5511168 0.560028 -0.9429541 0.2373446 0.2334632 -0.820691 0.007427334 0.5713241 -0.9520871 0.004178106 0.3057988 -0.9277171 0.006921291 0.37322 -0.8781129 0.01589733 0.4781894 -0.8779232 0.0517075 0.4760013 -0.8333472 0.07015579 0.5482798 -0.8781185 0.08438587 0.4709429 -0.8776752 0.1257334 0.4624689 -0.8777014 0.1257243 0.4624217 -0.8777057 0.1882237 0.4406867 -0.8776993 0.1882277 0.4406977 -0.8780889 0.2306954 0.419213 -0.8199068 0.2952544 0.4904874 -0.8780094 0.2591675 0.4024077 -0.8778538 0.295896 0.3765876 -0.8431959 0.3380663 0.4180096 -0.878138 0.3208302 0.354883 -0.8776445 0.3506472 0.3267825 -0.7688787 0.4343518 0.4692167 -0.8839605 0.3296637 0.3315656 -0.2278771 0.6858311 0.6911641 -0.160578 0.6861135 0.7095513 -0.3076267 0.6716837 0.6739488 -0.2278897 0.6397923 0.7339838 -0.3998109 0.5763865 0.7126921 -0.227859 0.5875973 0.7764081 -0.6605703 0.04171383 0.7496045 -0.4814366 0.02884775 0.8760061 -0.3205735 0.03711688 0.9464962 -0.2277383 0.5182542 0.824347 -0.3697847 0.4791686 0.7960256 -0.2279575 0.4600869 0.8581116 -0.2274702 0.382488 0.8955224 -0.2275205 0.3824806 0.8955127 -0.2275081 0.2554802 0.9396648 -0.2274295 0.2554737 0.9396856 -0.2274412 0.1235926 0.9659169 -0.227436 0.123591 0.9659184 -0.2279563 0.05831533 0.9719235 -0.151678 0.04652404 0.9873345 -0.6059368 0.03099352 0.7949088 -0.6050845 0.1010462 0.789723 -0.6051121 0.1010472 0.7897017 -0.6051151 0.2088738 0.7682498 -0.6050317 0.2088779 0.7683143 -0.6050252 0.3127322 0.732218 -0.6050684 0.3127269 0.7321845 -0.6050649 0.4106044 0.6821294 -0.6050895 0.4105977 0.6821117 -0.6050887 0.5006496 0.6190459 -0.6050848 0.5006481 0.6190509 -0.6056647 0.5654709 0.5598331 -0.4783928 0.6010255 0.6402412 -0.7946395 0.4991403 0.3455534 -0.8046439 0.589734 0.06900805 -0.8103829 0.5855456 0.02039963 -0.8103828 0.5855455 0.02039963 -0.8326422 0.5533303 0.02307981 -0.9232031 0.3839804 0.01597046 -0.9070332 0.418064 0.0501334 -0.9502894 9.66278e-4 0.3113666 -0.9200218 0.3917344 -0.01020723 -0.9357125 0.2945414 0.1941326 -0.9710292 0.2382209 0.01879256 -0.9538276 0.09921032 0.2834966 -0.9963191 0.07393592 0.04337853 -0.7482233 0.09469801 0.6566539 -0.8945546 0.1059372 0.4342226 -0.9018915 0.4292841 0.0480315 -0.8941789 0.2898526 0.3412176 -0.9427157 0.2808124 0.1800873 -0.8944218 0.1473654 0.4222477 -0.9481514 0.04195564 0.3150376 -0.8519984 0.497368 0.1634744 -0.8627113 0.4832392 0.1490273 -0.8368554 0.3602095 0.4122161 -0.850136 0.3052023 0.4290926 -0.8327606 0.2007677 0.5159479 -0.02283382 -0.0801168 0.9965239 -0.022834 -0.08011692 0.9965239 -0.0228334 -0.08011704 0.9965239 -0.03351193 -0.08007413 0.9962254 -0.04423278 -0.08183991 0.9956635 -0.04668962 -0.0825318 0.9954941 -0.04055219 -0.08012789 0.9959594 -0.01518219 -0.06282812 0.9979089 -0.005013108 -0.04735809 0.9988655 -0.007184982 0.9657476 0.259384 -0.03394043 0.9703505 0.2393075 -0.05679368 0.9706631 0.2336403 -0.0618472 0.7465444 0.6624548 0 0.7719182 0.6357219 0 0.8427387 0.5383231 0 0.8427374 0.538325 0 0.9283397 0.371733 0 0.9608331 0.2771279 0 0.6706178 0.7418031 -0.06740665 0.7259151 0.6844733 -0.1664388 0.7029811 0.6914592 -0.08173954 0.7385938 0.669177 0 0.6178218 0.7863182 -0.1273583 0.5820997 0.8030813 0 0.5414677 0.8407217 -0.08538115 0.2484724 0.9648687 -0.02533423 0.2622702 0.964662 0.03372943 0.4253582 0.9043964 -0.178398 0.386483 0.9048786 0 0.4821184 0.8761062 -3.7143e-4 -0.03816014 0.9992716 0.002016663 0.01365977 0.9999047 -0.1306374 0.0638718 0.9893707 0 0.1079945 0.9941515 0 0.1763765 0.9843228 -0.5016672 0.7849212 -0.3636326 -0.7129926 0.6998023 -0.04379773 -0.8376467 0.5427396 -0.06149697 -0.8350104 0.5321617 -0.1398627 -0.9404755 0.3314088 -0.07532578 -0.9452438 0.3198107 -0.06507867 -0.8279302 0.5569826 -0.06559157 -0.8735703 0.4790995 -0.08566671 -0.7000523 0.6979365 -0.1510345 -0.6556761 0.7400957 -0.1494899 -0.5334607 0.7711279 -0.3475362 -0.7793787 0.5699493 -0.2602439 -0.757934 0.5902011 -0.2778469 -0.9293822 0.339348 -0.1452301 -0.8730253 0.4297817 -0.2304663 -0.9807823 0.1785488 -0.07865434 -0.997613 0.06785774 0.01278835 -0.9948998 0.09668326 -0.02875816 -0.9294294 0.3434669 -0.134876 -0.9559831 0.2814229 -0.08305144 -0.7800546 0.5888313 -0.2116426 -0.8347818 0.5259933 -0.1626983 -0.6179479 0.7438639 -0.2545722 -0.6186056 0.7434335 -0.2542317 -1 5.93119e-7 0 -1 -1.26895e-5 0 -1 5.66886e-7 0 -1 -8.33897e-7 0 -1 -3.22518e-6 0 -1 -1.82091e-6 0 -1 -1.0429e-6 0 -1 7.11339e-7 0 -1 -7.8621e-7 0 -1 -8.66892e-7 0 -1 -8.02248e-7 0 -1 8.13733e-7 0 -1 1.1562e-6 0 -1 -1.25329e-6 0 -0.4855601 0.7489585 -0.4508797 -0.130872 0.8039327 -0.5801419 -0.1307787 0.8039319 -0.5801642 -0.130872 0.8039328 -0.5801419 -0.2024331 0.7934856 -0.5739351 -0.2023732 0.7932169 -0.5743275 -0.2023912 0.7932975 -0.5742098 -0.1036099 0.78066 -0.6163076 -0.1318122 0.7685092 -0.6261144 -0.1761038 0.7650223 -0.6194581 -0.1800922 0.7824453 -0.5961093 -0.1724132 0.7777168 -0.6045083 -0.1656675 0.7651908 -0.6221233 -0.1429798 0.7854099 -0.6022361 -0.1406983 0.7573802 -0.6376358 -0.1400418 0.7815251 -0.6079531 -0.1296953 0.7630124 -0.6332387 -0.1312491 0.7664891 -0.6287036 -0.03756588 0.7901152 -0.6118063 -0.04891407 0.7801833 -0.6236357 -0.05506765 0.7793765 -0.6241314 0.03464627 0.782908 -0.621172 -0.04149961 0.7799472 -0.6244679 -0.02883714 0.7854691 -0.6182287 -0.0208882 0.7860255 -0.6178413 -0.01871752 0.7888 -0.6143649 -0.007249474 0.7867233 -0.6172632 -0.006067216 0.7879282 -0.6157373 0.006238043 0.7885478 -0.6149419 0.00360018 0.7854648 -0.6188959 0.02099925 0.7903991 -0.6122323 0.01752907 0.7864939 -0.6173492 0.02739316 0.7848037 -0.6191388 0.1052067 0.7596812 -0.6417291 0.0948621 0.7664574 -0.6352515 0.03465318 0.7829138 -0.6211645 0.04520702 0.7806956 -0.6232743 0.04929178 0.7781116 -0.6261892 0.05990815 0.7792121 -0.6238906 0.06523901 0.7748419 -0.6287798 0.08212596 0.7722553 -0.6299819 0.07950043 0.774666 -0.6273536 -0.2325767 0.2763808 -0.9324815 -0.2325765 0.2763806 -0.9324817 -0.2325518 0.2764211 -0.9324758 0.09443658 0.7752957 -0.6244985 0.1066417 0.7657863 -0.6341915 0.2082793 0.7396358 -0.6399677 0.13892 0.7724902 -0.6196452 -0.05962514 0.7781729 -0.6252136 -0.07457476 0.7777581 -0.6241244 -0.06711125 0.7753125 -0.6280022 -0.1041371 0.7690663 -0.6306288 -0.09142619 0.7664301 -0.6357879 -0.1264742 0.7483963 -0.6510815 -0.1132931 0.7416328 -0.6611698 -0.07475125 0.9905565 -0.1149359 0.06502163 0.8365368 -0.5440389 0.2329612 0.9720264 -0.02989584 0.05892884 0.8441445 -0.5328674 0.03463292 0.8498566 -0.5258749 0.03446853 0.8500044 -0.5256468 0.009747385 0.8530179 -0.5217907 0.01029765 0.8526464 -0.522387 -0.01508724 0.8530344 -0.5216366 -0.01343536 0.8521677 -0.5230965 -0.03975111 0.8498645 -0.5255001 -0.03680634 0.8486413 -0.5276867 -0.06362086 0.8438361 -0.5328162 -0.05985891 0.8425956 -0.53521 -0.1952817 0.9567429 -0.2156578 -0.1235522 0.9922839 0.01037061 -0.1365368 0.9905581 -0.0123462 -0.1659976 0.9857541 0.02708762 -0.2131007 0.9746407 -0.06829196 0.004118204 0.9865411 -0.1634621 0.004118561 0.9865411 -0.1634618 0.004117906 0.986541 -0.1634623 -0.06472188 0.9777503 -0.1995388 -0.07920628 0.9798602 -0.183304 -0.06515544 0.990538 -0.1207859 -0.1336937 0.9825249 -0.129502 -0.1785346 0.967889 -0.1769645 -0.02927541 0.9829729 -0.1814038 -0.03015393 0.9824794 -0.1839156 0.01989376 0.9840155 -0.1769682 0.01872634 0.9835081 -0.1798925 0.04925674 0.9803644 -0.1909435 0.05883061 0.9850175 -0.1621099 0.06289619 0.9802796 -0.1873397 0.06840413 0.9819883 -0.1761248 0.05021572 0.9905465 -0.1276557 0.09437853 0.9038318 -0.4173498 0.08982944 0.9143201 -0.3949044 0.0501005 0.9191856 -0.3906249 0.04648834 0.9225028 -0.3831807 0.01400876 0.9242478 -0.3815361 0.01293087 0.9250616 -0.3795972 -0.02232718 0.9247734 -0.379863 -0.0202949 0.9235035 -0.3830531 -0.05844384 0.920831 -0.3855574 -0.05279457 0.917837 -0.393431 -0.09309023 0.9124451 -0.3984697 -0.0835601 0.9082988 -0.4098915 -0.0806306 0.8334828 -0.5466309 -0.0863766 0.8351278 -0.5432317 -0.1112771 0.8934261 -0.4352096 -0.1266822 0.8996561 -0.4178166 -0.1362691 0.9234051 -0.3588229 -0.1637805 0.9377251 -0.3063459 0.1358594 0.9907237 -0.002976715 0.1640817 0.9858689 -0.03376054 0.1433312 0.9830651 0.1141896 0.2168791 0.975038 -0.04758507 0.2049202 0.9564638 -0.2078095 0.03001588 0.9929786 -0.1144224 0.139037 0.9821595 -0.1266154 0.1536991 0.9763022 -0.1523501 0.2579842 0.9504098 -0.1736822 0.2224218 0.9679509 -0.1166172 0.08381295 0.8372105 -0.5404202 0.09051662 0.8312896 -0.5484201 0.1240012 0.8973288 -0.4235859 0.1310441 0.8906659 -0.4353638 0.1474956 0.9223334 -0.3571362 -0.1564677 0.9362508 -0.3145669 -0.1058613 0.9463671 -0.3052588 -0.1155404 0.948998 -0.2933486 -0.06663113 0.9555425 -0.2872263 -0.07243895 0.9575517 -0.2790118 -0.02562034 0.9608361 -0.2759307 -0.02774548 0.9617305 -0.2725892 0.01606249 0.9620912 -0.272255 0.01721268 0.9614914 -0.2742957 0.05811041 0.9592919 -0.2763736 0.06196749 0.9567866 -0.2841117 0.1123792 0.9505389 -0.2895632 0.1176418 0.9424304 -0.3130262 0.1734572 0.9298056 -0.3246138 0.1639478 0.9439204 -0.2865931 -0.2644315 0.9638733 0.03200209 -0.2948665 0.953672 0.05969536 -0.2538089 0.9356001 -0.2454255 -0.4471653 0.8944033 0.00927478 -0.4471653 0.8944033 0.00927478 -0.4471653 0.8944033 0.00927478 -0.4466417 0.8946925 0.006044924 -0.4466402 0.8946933 0.006044387 -0.4466397 0.8946937 0.006036281 -0.4073224 0.8356964 0.3683748 -0.1220465 0.8176817 0.5625846 -0.08529746 0.8666188 0.4916262 -0.0791766 0.885473 0.4578961 -0.2258608 0.862723 0.4524334 -0.1451169 0.8940641 0.4237815 -0.1452897 0.8940069 0.4238426 -0.1452895 0.8940071 0.4238425 -0.1135771 0.9770327 0.180298 -0.1043617 0.9778866 0.181236 -0.2909034 0.9373228 0.1918364 -0.1158792 0.9669938 0.2269252 -0.1281157 0.9565862 0.2617812 -0.0642392 0.8430982 0.533909 -0.302523 0.7827898 0.5438015 -0.08884024 0.8670838 0.4901766 -0.4802826 0.7341845 0.4798979 -0.2264514 0.8608304 0.4557313 -0.6444627 0.6458534 0.4093183 -0.4141749 0.8145449 0.4061722 -0.7841916 0.5298884 0.3228963 -0.5867024 0.7355685 0.3387023 -0.8914722 0.3929347 0.2255651 -0.7337175 0.6289684 0.2570164 -0.161727 0.9189927 0.3595787 -0.578238 0.7618918 0.2918251 -0.3511199 0.887476 0.2984985 -0.7244963 0.6579212 0.2055358 -0.5241943 0.8213269 0.2250395 -0.0921629 0.9104525 0.403215 -0.05910521 0.9129333 0.403806 -0.05862671 0.9129569 0.4038225 -0.05896168 0.9129405 0.403811 -0.04471373 0.9345655 0.3529704 -0.04462695 0.9345548 0.3530097 -0.04471373 0.9345656 0.3529703 -0.1503054 0.9354484 0.3199138 -0.006182014 0.9455657 0.3253727 -0.344519 0.8974619 0.275443 -0.1233575 0.9549043 0.2700756 -0.5145442 0.8358355 0.1913721 -0.2951686 0.9334027 0.2040464 -0.2438567 0.9624755 0.1190584 -0.4551312 0.8843949 0.1034475 -0.4642079 0.8762342 0.1293238 -0.6618326 0.7417726 0.1084027 -0.6720259 0.7263802 0.1440593 -0.8394029 0.5312211 0.1149219 -0.8486528 0.5018876 0.1670249 -0.9617318 0.2444909 0.1236782 -0.4064823 0.9124451 0.04707717 -0.6000347 0.7995297 0.02666068 -0.609096 0.7913535 0.0525524 -0.7796369 0.6256798 0.0262922 -0.7894521 0.6107985 0.06075072 -0.9199311 0.3912582 0.02537345 -0.928506 0.3638433 0.07412707 -0.9953361 0.09365898 0.02311378 -1 -1.62346e-6 0 -1 1.33101e-7 0 -1 0 0 -1 0 0 -0.9807844 0.1950953 0 -0.8314679 0.5555728 0 -0.5555728 0.8314681 0 -0.1950892 0.9807856 0 0.1950892 0.9807856 0 0.5555728 0.8314681 0 0.8314679 0.5555728 0 0.9807856 0.1950892 0 0.9807856 0.1950889 0 0.9807856 -0.1950889 0 0.9807856 -0.1950892 0 0.8314679 -0.5555728 0 0.5555728 -0.8314681 0 0.1950892 -0.9807856 0 -0.1950892 -0.9807856 0 -0.5555728 -0.8314681 0 -0.8314679 -0.5555728 0 -0.9807844 -0.1950953 0 -0.9807844 -0.195095 0 -0.9807844 0.195095 0 0 1 0 0.98515 0.1716964 0 0.98515 0.1716965 0 0.8494277 0.527705 0 0.8494284 0.5277041 0 0.5589215 0.8292206 0 0.5589209 0.8292211 0 0.2082385 0.9780781 0 0.2082386 0.9780781 0 1 0 0 1 0 0 1 -4.67258e-7 0 1 0 0 -0.98515 0.1716965 0 -0.98515 0.1716964 0 -0.8494278 0.5277049 0 -0.8494282 0.5277042 0 -0.5589213 0.8292207 0 -0.558921 0.829221 0 -0.2082384 0.9780781 0 -0.2082386 0.9780781 0 0.1282858 0.9565933 0.2616719 0.1282857 0.9565933 0.2616719 0.1282857 0.9565933 0.2616719 0.1159318 0.9669296 0.2271716 0.2905812 0.9373647 0.1921202 0.1479353 0.9260661 0.3471553 0.1280852 0.9369823 0.3250516 0.1144723 0.8699971 0.4795846 0.1144723 0.8699971 0.4795846 0.1144723 0.8699971 0.4795846 0.0494126 0.8877711 0.4576255 0.2257575 0.8633279 0.4513299 0.4054614 0.9128908 0.04723894 0.1046289 0.9778219 0.1814312 0.2105886 0.9627699 0.1694891 0.4430516 0.8936662 0.07117724 0.5997765 0.7997234 0.02665984 0.6088773 0.791518 0.05261063 0.02336788 0.9457996 0.3239092 0.09651339 0.9438399 0.3159927 0.3321132 0.9135519 0.2347844 0.3070262 0.9210029 0.2397683 0.5036507 0.849668 0.1562063 0.4754438 0.8644068 0.163567 0.6509479 0.7554544 0.07453584 0.7795551 0.6257821 0.02628201 0.7893846 0.6108857 0.06075179 0.09133344 0.9105085 0.4032775 0.1631712 0.9016857 0.4004225 0.1627039 0.9017259 0.4005219 0.3997724 0.854762 0.3310048 0.3614863 0.8692447 0.3372557 0.5701461 0.7812976 0.2539836 0.5341752 0.8034386 0.2629516 0.7163235 0.6772025 0.1681592 0.6811351 0.7095695 0.180461 0.8312184 0.5503107 0.07895636 0.9198858 0.3913658 0.02535855 0.9284737 0.3639219 0.07414478 0.1222243 0.8332142 0.5392731 -0.003891885 0.8508989 0.5253152 0.3017552 0.8145146 0.4954895 0.2336734 0.8360486 0.4964067 0.4790279 0.7587181 0.4414511 0.4208446 0.788791 0.4479939 0.6425102 0.6714712 0.369198 0.5927427 0.7098708 0.3804464 0.7816416 0.5562269 0.28222 0.739302 0.6038638 0.2979614 0.8884992 0.4196918 0.1855481 0.8535202 0.478617 0.2059833 0.9588727 0.2707252 0.08527141 0.9953357 0.09366518 0.02310287 0.4466856 0.8946598 0.007469296 0.4466855 0.8946598 0.007469475 0.4466856 0.8946599 0.007468819 0.4502999 0.8923622 0.03032851 0.2638077 0.9641009 0.03025126 0.2616725 0.9646198 0.03219181 0.6785298 0.5959253 -0.4295001 0.9448352 0.3112863 -0.1019183 0.8643258 0.4939328 -0.09471726 0.997396 0.06964266 -0.01873731 0.9984142 0.0515421 -0.02264422 0.997193 0.06997984 -0.02662903 0.9939906 0.09657615 -0.05153471 0.992165 0.1114408 -0.05647677 0.991031 0.1133496 -0.07077753 0.9905148 0.1300305 -0.04441469 0.9729755 0.189085 -0.1325358 0.3257897 0.7869752 -0.5239572 0.471056 0.7205736 -0.5088026 0.3908001 0.7912104 -0.4703844 0.5316238 0.7658787 -0.3616713 0.4875566 0.7838389 -0.3845583 0.5728504 0.8195335 -0.01439356 0.7019076 0.709967 -0.05720716 0.6972239 0.7141659 -0.06201708 0.6355305 0.7520399 -0.1747486 0.5881336 0.7900893 -0.1727946 0.5970923 0.7539886 -0.2738289 0.4874082 0.830373 -0.270026 0.5370357 0.7878635 -0.3014366 0.993872 0.09942227 -0.04831033 0.9555972 0.2822178 -0.08477807 0.9557132 0.2634499 -0.131174 0.9303402 0.336909 -0.144774 0.9303511 0.3133603 -0.1904004 0.9001601 0.3821223 -0.2090319 0.9000287 0.3488268 -0.2612819 0.8333593 0.4555466 -0.3130333 0.9418261 0.3232884 -0.09191471 0.8338615 0.5377878 -0.1243348 0.8338068 0.5176755 -0.1917765 0.788572 0.5832642 -0.1948265 0.788605 0.5546791 -0.265393 0.7392264 0.615721 -0.2728227 0.7392382 0.5792862 -0.3434448 0.6865666 0.6350036 -0.3541141 0.6866419 0.5914446 -0.4227483 0.5344536 0.6930239 -0.4838153 0.9862365 0.161972 -0.03321003 0.9711696 0.2227919 -0.0848149 0.940005 0.3411391 0.003834605 0.851318 0.5243895 0.01653736 0.7880232 0.6116673 -0.06987625 0.7178178 0.6957508 0.02585387 0.5673677 0.1784175 0.8039038 0.9968469 -0.01417225 0.07807332 0.9968469 -0.01417237 0.07807338 0.9968469 -0.01417231 0.07807338 0.9944411 -0.050929 0.09215879 0.8949839 -0.03404527 0.4447977 0.9419186 -0.05931746 0.3305616 0.9591382 -0.1339224 0.2492367 0.9228891 -0.1163904 0.3670544 0.996472 0.04089313 0.07329064 0.9888085 0.06778222 0.1329039 0.9888085 0.06778222 0.132904 0.9888085 0.06778216 0.1329039 0.980089 0.08732736 0.1783246 0.910054 0.2116018 0.3564077 0.4030828 0.1123832 0.9082369 0.6458401 0.2555167 0.7194455 0.7943013 0.07773607 0.6025302 0.3707193 0.1279153 0.9198939 0.7985125 0.07379329 0.5974383 0.6649662 0.01912772 0.7466285 0.5713739 0.239581 0.7849413 0.8229572 0.1623624 0.5444078 0.8003262 0.1573901 0.5785381 0.2094854 -1.63751e-5 0.9778118 0.3821988 -0.04362851 0.9230497 0.50261 -0.04424184 0.8633804 0.6494104 -0.08533847 0.7556345 0.6394165 -0.08556115 0.7640851 0.7566377 -0.08540207 0.6482329 0.8537625 -0.1193567 0.5067976 0.8554906 -0.1192097 0.5039098 0.8668149 -0.04438847 0.4966505 0.9164087 -0.01570683 0.3999357 0.9184487 0.004791855 0.3955113 0.9490718 0.0193656 0.3144643 0.9513478 0.0563417 0.3029242 0.9619972 0.05943655 0.2665119 0.9626609 0.08048343 0.2584695 0.823531 0.2429797 0.512599 0.7824149 0.2487163 0.5709354 0.5800473 0.3244535 0.7471781 0.5955633 0.3368635 0.7292649 0.9906777 -0.06378233 0.120373 0.9790806 0.1230272 0.1620671 0.9106096 0.2209263 0.3492592 0.909075 0.2279241 0.34876 0.7668927 0.3015061 0.5665419 0.7824279 0.2446631 0.5726664 0.5652737 0.4513829 0.6904485 0.5942466 0.3691994 0.7145368 0.9858379 0.1101071 0.126492 0.9831441 0.1261867 0.1323056 0.9064965 0.2497348 0.3404361 0.9098347 0.2347319 0.3422016 0.9098347 0.2347319 0.3422016 0.7604346 0.353356 0.5448659 0.7652138 0.3378973 0.5479721 0.5621708 0.4302009 0.7063223 0.5681208 0.4149544 0.7106699 0.7148455 0.6343347 0.2943049 0.9968025 0.06557327 0.04566037 0.9337055 0.2027508 0.2951039 0.9978548 0.06019854 0.02572965 0.9553371 0.1939145 0.2229985 0.9993733 0.03525584 0.003192126 0.9993659 0.03490525 0.007031917 0.6908825 0.4731037 0.5466758 0.5578989 0.4712581 0.6831285 0.9411495 0.1859375 0.2822493 0.8933399 0.2791589 0.3521565 0.8041515 0.3438602 0.4848716 0.7648167 0.3887066 0.5137731 0.667266 0.440379 0.6006851 0.9984604 0.05010819 0.02379041 0.9634733 0.231564 0.1345269 0.9716712 0.2111387 0.1061868 0.8566883 0.4491398 0.2536901 0.8729333 0.4322097 0.226235 0.9357448 0.1656627 0.3113483 0.8784731 0.4659331 -0.10579 0.7284502 0.5237416 0.4416503 0.9986994 0.0502386 0.008696079 0.9763627 0.2121496 0.04133582 0.9787735 0.2020938 0.03407084 0.8828514 0.4615164 0.08704161 0.8881454 0.4526137 0.07961606 0.7359187 0.6655848 0.12418 0.7371619 0.6730729 0.05970913 0.9992015 0.03822344 0.01164162 0.9716458 0.2211587 0.08362704 0.976405 0.2052339 0.06717562 0.8728941 0.4580644 0.1680268 0.8829656 0.4442919 0.15158 0.7140427 0.6579936 0.2391391 0.7890843 0.5953218 0.1514535 0.6618 0.5805888 0.4742758 0.6646789 0.6313277 0.3995339 0.7503643 0.5787519 0.319374 0.6521523 0.595788 0.4687581 0.8568158 0.4161882 0.3043916 0.8352499 0.4309543 0.3415204 0.9635174 0.2186993 0.154289 0.951886 0.2377845 0.1933174 0.9964829 0.06919527 0.04726338 0.9957588 0.06400966 0.06608492 0.9861816 0.1005041 0.1317001 0.9917202 0.09933179 0.08139061 0.9924315 0.08961886 0.08395451 0.9341634 0.2403483 0.2637642 0.9519066 0.2221419 0.2110137 0.8047083 0.4049898 0.4340829 0.8352613 0.3922846 0.3852941 0.6345438 0.5307314 0.5618526 0.6620801 0.5603718 0.4976279 0.857042 0.3682912 0.3603341 0.9554056 0.2429325 0.1678811 0.8733282 0.3077257 0.3776279 0.7730644 0.3308616 0.5412043 0.729067 0.6355209 0.2541151 0.7295004 0.636455 0.250508 0.7629547 0.5814276 0.2825636 0.7848213 0.549952 0.2856716 0.7753588 0.5278972 0.3466171 0.829492 0.4710937 0.3000231 0.8181833 0.4466268 0.3620781 0.8375087 0.4010433 0.3711379 0.5834382 0.5423654 0.6045162 0.5679221 0.5213081 0.6369478 0.6277239 0.48098 0.6120629 0.6148521 0.4793856 0.6262159 0.6090173 0.4116777 0.6779525 0.6280965 0.4083361 0.662387 0.5831872 0.3239536 0.7449476 0.5555042 0.3118708 0.7708125 0.5734265 0.2747263 0.7718209 0.3958292 0.1339968 0.9084956 0.383915 -0.3783903 0.8422767 0.3601152 -0.304411 0.8818453 0.3529527 -0.3199898 0.8792217 0.353833 -0.3327025 0.8741346 0.3607143 -0.3522479 0.863601 0.3850168 -0.2458967 0.8895488 0.3819613 -0.2542572 0.8885151 0.3730908 -0.2843883 0.8831345 0.397661 -0.2757255 0.8751236 0.3719735 -0.294726 0.8802115 0.3470538 -0.210436 0.9139313 0.3982494 -0.1629654 0.9026848 0.3955325 -0.1461081 0.9067561 0.398728 -0.137029 0.906774 0.3730038 -0.1031426 0.9220791 0.3747219 -0.04065126 0.9262458 0.4017541 -0.0263524 0.9153683 0.4035633 -0.02004849 0.9147321 0.3637983 0.04921579 0.9301767 0.4113903 0.1016439 0.905774 0.4114993 0.09921467 0.9059938 0.41172 0.1027692 0.9054973 0.3842546 0.1380016 0.9128549 0.4542489 0.2625101 0.8513204 0.4588567 0.2652139 0.8480048 0.4592064 0.265421 0.8477507 0.4592065 0.265421 0.8477507 0.4331351 0.2492436 0.8661822 0.4169191 0.226723 0.8802132 0.4150727 0.1960742 0.8884085 0.4176304 0.196775 0.8870539 0.3951682 0.1782808 0.9011426 0.3869946 -0.2420557 0.8897439 0.405061 -0.2321839 0.8843168 0.4132135 -0.1829522 0.8920667 0.4467477 -0.1834646 0.8756468 0.4618745 -0.07962489 0.8833639 0.432833 -0.1146101 0.894159 0.4373085 -0.07481759 0.8961941 0.4696135 -0.06045645 0.8807998 0.471616 0.04135674 0.8808336 0.443996 0.001234352 0.896028 0.4465574 0.05459421 0.8930879 0.4767358 0.0640738 0.8767085 0.463596 0.1491723 0.8733994 0.4347526 0.1177107 0.8928238 0.4391996 0.1832256 0.8795067 0.420304 -0.4356878 0.7959401 0.3475023 -0.6415396 0.6838633 0.27929 -0.4720563 0.8361579 0.2584968 -0.487027 0.8342567 0.2876685 -0.5337082 0.7952373 0.321995 -0.6069781 0.7265651 0.2756561 -0.5928774 0.756644 0.3945025 -0.5698917 0.7208269 0.3647422 -0.5982848 0.7134553 0.3427422 -0.5415177 0.7676499 0.3490521 -0.4879598 0.8000361 0.3368973 -0.4808748 0.809481 0.1955124 -0.5963312 0.7785653 0.1851458 -0.5570496 0.8095782 0.4935649 -0.6042988 0.6254732 0.4862381 -0.5693215 0.662907 0.7420108 -0.5419892 0.3945478 0.7390292 -0.514559 0.4348159 0.8969991 -0.4224435 0.1301314 0.8963106 -0.4001191 0.191134 0.8987151 -0.4044738 0.1694464 0.7402001 -0.4716153 0.4792524 0.7434611 -0.5015324 0.4424148 0.4869964 -0.5079228 0.7105272 0.49449 -0.5450085 0.6770859 0.1853679 -0.4846358 0.8548491 0.1958063 -0.5256024 0.8278902 0.7386569 -0.3852667 0.5531325 0.1878339 -0.316629 0.9297658 0.2013539 -0.2513529 0.9467198 0.91775 -0.3273831 0.2248451 0.9253987 -0.3176859 0.2066715 0.909797 -0.2804096 0.3060065 0.9180319 -0.2382246 0.3169642 0.9400054 -0.2149603 0.2649189 0.9127384 -0.1890423 0.3621764 0.5148994 -0.4115352 0.7520091 0.2171077 -0.3796859 0.8992791 0.0400303 -0.376055 0.9257323 0.7633659 -0.3888056 0.5158516 0.4805443 -0.4017903 0.7795139 0.5158909 -0.2327989 0.8244157 0.08148694 -0.1728165 0.9815775 0.1866028 -0.1547363 0.9701732 0.4763346 -0.2192271 0.8514957 0.6160789 -0.2341198 0.7520871 0.6160788 -0.2341198 0.752087 0.6160787 -0.2341198 0.752087 0.7695811 -0.2389464 0.5921567 0.7353265 -0.2277755 0.6382893 0.8361183 -0.230559 0.4977439 0.8361183 -0.2305589 0.4977439 0.8361183 -0.2305589 0.4977439 1 1.14754e-6 0 1 3.43677e-6 0 1 2.09374e-6 0 1 -1.42957e-6 0 1 1.02894e-5 0 1 2.51798e-6 0 1 1.56174e-6 0 1 -8.79845e-7 0 1 -7.56249e-7 0 1 -2.97258e-6 0 1 -7.09862e-7 0 1 8.31425e-7 0 1 4.91859e-6 0 1 1.91952e-6 0 1 -4.0513e-7 0 1 -2.74372e-6 0 1 4.60111e-6 0 1 3.23655e-6 0 1 -1.05528e-5 0 1 -3.8627e-6 0 1 8.20944e-7 0 1 -9.93114e-6 0 1 1.98491e-6 0 0.03247058 -0.2287956 -0.9729328 0.03708863 -0.3685162 -0.9288813 0.03481072 -0.369108 -0.9287344 0.03486639 -0.4769215 -0.8782541 0.06614619 -0.5969937 -0.7995144 0.02224111 -0.6485852 -0.7608171 0.04035872 -0.7963633 -0.6034707 0.08555388 -0.903721 -0.4194865 0.04789024 -0.8800489 -0.4724624 0.0330742 -0.9711019 -0.2363626 0.04499965 -0.9947046 -0.09240162 0.07677447 -0.9970485 0 0.04166209 -0.9937893 0.1031857 0.0342682 -0.5979655 0.8007889 0.1352794 -0.5079181 0.8507166 0.08976596 -0.5666126 0.8190802 0.01248836 -0.700879 0.7131709 0.07092237 -0.8788368 0.4718221 0.1208453 -0.8340563 0.5382813 0.02459686 -0.9217518 0.3869996 0.3288526 -0.8721954 0.3621206 0.2195691 -0.871702 0.4380925 0.1444579 -0.885105 0.4424037 0.1444579 -0.8851051 0.4424037 0.1405571 -0.8857123 0.442445 0.7396842 -0.5852536 0.3321833 0.7392407 -0.5732088 0.3534898 0.553348 -0.7101999 0.4352266 0.5459125 -0.710671 0.443764 0.4354662 -0.7954316 0.4214948 0.1838172 -0.8682647 0.4607905 0.1988316 -0.852317 0.483758 0.2687519 -0.8276109 0.4927807 0.9850859 -0.01420897 -0.1714756 0.9850861 -0.04223567 -0.1667979 0.9850842 -0.04224282 -0.1668074 0.9850836 -0.06912714 -0.1575806 0.9850852 -0.06911748 -0.1575756 0.9850839 -0.09412163 -0.1440519 0.9850854 -0.09411138 -0.1440484 0.9850853 -0.1165375 -0.1265945 0.9850863 -0.1165336 -0.1265897 0.9850877 -0.1357704 -0.1056822 0.9850859 -0.1357841 -0.1056822 0.9850883 -0.1513099 -0.08189326 0.9850836 -0.1513397 -0.0818935 0.9850874 -0.1627318 -0.05586844 0.985087 -0.1627345 -0.05586779 0.9850836 -0.1697301 -0.02832061 0.9850853 -0.1697201 -0.02832126 0.9850844 -0.1720721 0 0.9850867 -0.1720592 0 0.9850866 -0.1697131 0.02832114 0.9850866 -0.169713 0.02831995 0.985085 -0.1627466 0.05586659 0.9850865 -0.1627362 0.05587089 0.9850835 -0.1513386 0.08189785 0.9850848 -0.1513299 0.08189707 0.9850843 -0.1357853 0.1056937 0.9850891 -0.1357678 0.1056724 0.9850883 -0.1165312 0.1265767 0.9850853 -0.1165367 0.1265944 0.9850872 -0.09410411 0.1440406 0.9850841 -0.09411531 0.1440545 0.9850852 -0.06911939 0.1575745 0.9850836 -0.0691201 0.1575844 0.9850848 -0.0422424 0.1668044 0.9850841 -0.04224181 0.1668084 0.9850828 -0.0142101 0.1714936 0.985087 -0.01420968 0.1714692 0.9850863 0.01420843 0.1714735 0.9850841 0.01421111 0.1714861 0.9850849 0.0422424 0.1668033 0.9850846 0.04223871 0.1668064 0.9850838 0.06912213 0.1575818 0.9850869 0.06911045 0.1575677 0.9850865 0.09410595 0.1440443 0.985085 0.09411257 0.1440502 0.9850848 0.1165451 0.1265907 0.9850875 0.1165283 0.1265855 0.985088 0.1357691 0.1056806 0.9850851 0.1357866 0.105686 0.9850846 0.1513341 0.0818932 0.9850886 0.1513105 0.08188897 0.9850901 0.1627156 0.05586659 0.9850843 0.1627492 0.05587249 0.9850886 0.169701 0.02832108 0.9850839 0.1697285 0.02832067 0.9850873 0.1720551 0 0.9850847 0.1720705 0 0.9850852 0.1697207 -0.02832102 0.9850836 0.1697302 -0.02832174 0.9850857 0.1627398 -0.0558753 0.9850916 0.1627082 -0.0558626 0.9850888 0.1513131 -0.08188182 0.9850859 0.1513271 -0.08189064 0.9850867 0.135779 -0.1056801 0.9850855 0.1357827 -0.1056866 0.9850857 0.1165363 -0.1265918 0.9850842 0.1165415 -0.1265987 0.9850843 0.09411251 -0.1440543 0.9850843 0.09411883 -0.1440503 0.9850857 0.06911367 -0.157574 0.9850846 0.06912308 -0.1575767 0.9850851 0.04223734 -0.1668034 0.9850856 0.0422421 -0.1668001 0.9850857 0.01420998 -0.1714767 0.9850859 0.01420897 -0.171476 0.9850854 -0.0142101 -0.1714781 0.3604627 -0.8136715 0.4560762 0.2087028 -0.8601069 0.4654668 0.208687 -0.7717594 0.6006972 0.3193025 -0.6344118 0.7039657 0.2094206 -0.7123546 0.6698462 0.2087604 -0.7717548 0.6006778 0.2087875 0.9249694 0.3175524 0.2087957 0.8600928 0.465451 0.2086968 0.8601086 0.4654664 0.2086683 0.7717703 0.6006897 0.2087113 0.7717565 0.6006927 0.2087237 0.6623712 0.719513 0.2087861 0.6623541 0.7195106 0.2087594 0.5349028 0.8187176 0.2087554 0.5348977 0.818722 0.2087621 0.392845 0.8955955 0.2088688 0.3928272 0.8955784 0.2088347 0.2400684 0.948027 0.2087782 0.2400773 0.9480372 0.208761 0.08075982 0.9746266 0.2088138 0.08075505 0.9746156 0.2087984 -0.08075934 0.9746186 0.2087754 -0.08075553 0.9746238 0.2087599 -0.240071 0.9480428 0.2088476 -0.2400715 0.9480234 0.2089084 -0.3928303 0.8955679 0.2087696 -0.392834 0.8955987 0.2087973 -0.5348916 0.8187153 0.2087203 -0.5349038 0.8187269 0.2087586 -0.6623637 0.7195097 0.3591207 0.9205633 0.1536085 0.2089849 0.961337 0.1793221 0.2087242 0.9249833 0.3175536 0.3694599 0.9292467 0 0.2088196 0.9777341 0.02074587 0.2088196 0.9777341 0.02074587 0.2088196 0.9777341 0.02074581 0.2094823 0.9727516 0.09935539 0.3785002 0.9129782 -0.1523429 0.2088536 0.9681031 -0.1384074 0.2088536 0.9681032 -0.1384074 0.2088536 0.9681032 -0.1384074 0.2090216 0.9760596 -0.06014764 0.2090216 0.9760596 -0.06014758 0.2090216 0.9760596 -0.06014752 0.3865171 0.8723083 -0.2994713 0.2090957 0.9326856 -0.2938992 0.2093703 0.9532572 -0.2178642 0.393495 0.8085252 -0.4375485 0.2091503 0.8725246 -0.4415396 0.2093875 0.9051725 -0.3698914 0.3993331 0.7234862 -0.5631171 0.2091336 0.7891746 -0.5774657 0.2093421 0.8330388 -0.5120764 0.4041794 0.6194899 -0.6729572 0.2091482 0.6848464 -0.6980276 0.2093105 0.7387651 -0.6406366 0.4080789 0.4993358 -0.7642876 0.2091764 0.5623055 -0.8000362 0.2093243 0.6248456 -0.7521645 0.4109495 0.3662032 -0.8348747 0.2091752 0.4248169 -0.8807818 0.209261 0.4943094 -0.8437228 0.4128863 0.2235804 -0.8829139 0.2092217 0.2760356 -0.9380995 0.2093003 0.3506349 -0.9128246 0.4138674 0.07517093 -0.9072284 0.2092072 0.1199263 -0.9704897 0.2092517 0.197633 -0.9576821 0.4138677 -0.07517141 -0.9072281 0.2092651 -0.03937667 -0.9770659 0.209264 0.03937649 -0.977066 0.4128974 -0.2235801 -0.8829087 0.2092486 -0.19763 -0.9576834 0.2092072 -0.1199263 -0.9704897 0.4109598 -0.3662003 -0.8348709 0.2093225 -0.350635 -0.9128194 0.2092392 -0.2760351 -0.9380958 0.2087224 -0.6623632 -0.7195206 0.2091575 -0.5622987 -0.8000459 0.4080275 -0.4993447 -0.7643092 0.2093003 -0.4943192 -0.8437073 0.2091882 -0.4248085 -0.8807826 0.3993217 -0.7234901 -0.5631201 0.2093504 -0.7387641 -0.6406248 0.2087518 -0.6623687 -0.719507 0.3934661 -0.8085356 -0.4375553 0.2093437 -0.8330451 -0.5120654 0.2091401 -0.7891706 -0.5774689 0.2087439 -0.9646313 -0.1609734 0.2091034 -0.9326885 -0.2938843 0.3865529 -0.8722965 -0.2994591 0.2093564 -0.9051735 -0.3699064 0.2091157 -0.8725308 -0.4415434 0.2094302 -0.8895484 0.4060083 0.2087707 -0.9249758 0.3175444 0.2087166 -0.9249858 0.317551 0.208725 -0.9646359 0.1609702 0.2086926 -0.9646428 0.1609715 0.2092146 -0.9770345 0.04041051 0.4139783 -0.9102869 0 0.2092153 -0.9770343 -0.04040968 0.2087028 -0.9646412 -0.1609679 0.8488651 0.04364973 -0.5268044 0.8488649 0.04365366 -0.5268044 0.8488674 0.1297631 -0.5124312 0.8488653 0.1297708 -0.5124326 0.8488633 0.2123441 -0.484088 0.8488746 0.2123329 -0.4840731 0.8488751 0.2891089 -0.4425237 0.8488696 0.2891181 -0.4425282 0.8488695 0.358016 -0.3889026 0.8488841 0.3579957 -0.3888893 0.8488848 0.417119 -0.3246635 0.8488659 0.4171482 -0.3246758 0.84887 0.4648907 -0.2515877 0.8488832 0.4648709 -0.2515801 0.8488823 0.4999434 -0.1716264 0.8488758 0.4999527 -0.1716316 0.8488844 0.5213696 -0.0870015 0.8488755 0.521384 -0.08700227 0.848878 0.528589 0 0.8488754 0.5285931 0 0.8488779 0.52138 0.0870015 0.848877 0.5213811 0.08700346 0.8488635 0.4999707 0.1716399 0.8488978 0.4999188 0.1716215 0.8488928 0.4648586 0.2515704 0.8488719 0.4648867 0.2515887 0.8488686 0.4171431 0.3246749 0.8488806 0.4171319 0.3246579 0.8488856 0.357994 0.3888876 0.8488639 0.3580177 0.3889132 0.848869 0.2891205 0.442528 0.8488376 0.2891401 0.4425753 0.8488347 0.2123553 0.4841331 0.8488714 0.2123422 0.4840748 0.8488872 0.129759 0.5123994 0.8488728 0.1297642 0.5124221 0.8488876 0.04365307 0.5267679 0.8488359 0.04365253 0.5268511 0.8488424 -0.04365682 0.5268404 0.8488809 -0.04364758 0.526779 0.8488695 -0.1297662 0.512427 0.848897 -0.1297532 0.5123846 0.8488987 -0.2123143 0.484039 0.8488354 -0.2123693 0.484126 0.848864 -0.2891244 0.4425351 0.8488732 -0.2891085 0.4425277 0.8488849 -0.3579937 0.3888893 0.8488695 -0.3580133 0.3889049 0.8488703 -0.4171441 0.3246693 0.8488695 -0.4171421 0.3246739 0.8488724 -0.4648876 0.2515859 0.8488771 -0.4648807 0.2515823 0.8488686 -0.4999641 0.1716338 0.8488726 -0.499956 0.1716376 0.8488688 -0.5213944 0.08700454 0.8488714 -0.52139 0.0870046 0.8488683 -0.5286045 0 0.8488653 -0.5286093 0 0.8488748 -0.5213844 -0.08700555 0.8488699 -0.5213929 -0.08700245 0.8488731 -0.4999572 -0.1716315 0.8488647 -0.4999697 -0.1716368 0.8488656 -0.4648972 -0.2515911 0.8488685 -0.4648965 -0.2515821 0.8488662 -0.417146 -0.3246774 0.8488746 -0.4171326 -0.3246726 0.8488756 -0.3580083 -0.3888965 0.8488808 -0.3580011 -0.3888914 0.8488819 -0.2891029 -0.4425147 0.8488824 -0.289106 -0.4425116 0.848882 -0.2123284 -0.484062 0.8488757 -0.2123332 -0.4840711 0.848872 -0.1297633 -0.5124236 0.8488657 -0.1297656 -0.5124335 0.848865 -0.04365175 -0.5268043 0.8488653 -0.04365271 -0.5268037 0.5583775 0.0685063 -0.8267536 0.5583885 0.06850361 -0.8267465 0.5583965 0.2036504 -0.8041891 0.5583928 0.2036515 -0.8041914 0.5583915 0.3332291 -0.7597087 0.5583965 0.333239 -0.7597007 0.5583982 0.4537381 -0.6944878 0.5583798 0.4537382 -0.6945025 0.5583735 0.5618665 -0.6103485 0.5583725 0.5618706 -0.6103456 0.5583917 0.6546495 -0.5095417 0.5583596 0.6546732 -0.5095465 0.5583684 0.7296059 -0.394842 0.5583273 0.7296292 -0.3948569 0.5583283 0.7846691 -0.2693774 0.5583679 0.7846427 -0.2693719 0.5583891 0.8182649 -0.1365444 0.5583505 0.8182916 -0.1365425 0.5583426 0.8296105 0 0.5583427 0.8296105 0 0.5583463 0.8182932 0.1365491 0.5583869 0.8182678 0.1365359 0.5583978 0.7846251 0.2693608 0.5583017 0.7846844 0.2693877 0.5582863 0.72965 0.3948765 0.5583922 0.7295951 0.3948279 0.5584059 0.654646 0.5095307 0.5583536 0.6546754 0.5095502 0.5583344 0.5618757 0.6103758 0.5583725 0.5618706 0.6103456 0.5583719 0.4537413 0.6945069 0.5584352 0.4537187 0.6944707 0.5584384 0.3332261 0.7596755 0.5583439 0.333247 0.759736 0.5583084 0.2036631 0.804247 0.5583218 0.2036632 0.8042376 0.5583285 0.06850337 0.826787 0.5583443 0.068506 0.826776 0.5583509 -0.06850397 0.8267717 0.5583235 -0.06850636 0.8267902 0.5583037 -0.2036594 0.8042511 0.5583218 -0.2036632 0.8042376 0.5583075 -0.3332667 0.759754 0.5584087 -0.3332248 0.7596981 0.5584403 -0.4537107 0.6944718 0.5583865 -0.4537385 0.6944969 0.5583996 -0.5618526 0.6103373 0.5583342 -0.5618879 0.6103647 0.5583604 -0.6546678 0.5095525 0.5583974 -0.6546522 0.509532 0.5583921 -0.7295894 0.3948388 0.5583267 -0.7296338 0.3948493 0.558337 -0.7846635 0.269375 0.5583679 -0.7846437 0.269369 0.5583556 -0.8182876 0.1365452 0.5583853 -0.818267 0.1365471 0.5583915 -0.8295777 0 0.5583756 -0.8295883 0 0.558396 -0.8182603 -0.1365433 0.5583552 -0.818287 -0.1365505 0.5583426 -0.78466 -0.2693739 0.5583598 -0.784649 -0.2693707 0.5583646 -0.7296057 -0.3948473 0.5583594 -0.7296143 -0.394839 0.5583634 -0.6546633 -0.509555 0.558381 -0.6546609 -0.509539 0.5583807 -0.5618657 -0.6103426 0.5583971 -0.5618634 -0.6103297 0.5583887 -0.4537353 -0.6944973 0.5583974 -0.4537345 -0.6944908 0.5583868 -0.333235 -0.7597097 0.5583684 -0.3332458 -0.7597183 0.5583811 -0.2036467 -0.8042005 0.5583872 -0.2036523 -0.8041951 0.5583894 -0.06850504 -0.8267456 0.5583779 -0.06850528 -0.8267534 0.9280126 -0.04637748 -0.3696509 0.927998 -0.0462448 -0.3697041 0.9280127 -0.04637742 -0.3696508 0.2359592 0.0491873 -0.9705173 0.2359847 0.04909467 -0.9705158 0.2359848 0.04909473 -0.9705158 0.6347994 0.1131572 -0.7643464 0.634803 0.11311 -0.7643503 0.6348066 0.1130624 -0.7643544 0.6329587 0.1227815 -0.7643875 0.6329588 0.1227815 -0.7643873 0.6329587 0.1227816 -0.7643873 0.8690215 0.1692506 -0.4649257 0.8690121 0.1692973 -0.4649263 0.8690404 0.1691564 -0.4649246 0.2538973 -0.9671882 -0.009114146 0.2542062 -0.9671061 -0.009216248 0.2538974 -0.9671882 -0.009114086 0.2383229 0.03757822 -0.9704588 0.2383121 0.03757637 -0.9704614 0.238312 0.03757637 -0.9704614 0.237823 0.04061287 -0.9704591 0.237823 0.04061251 -0.9704592 0.2378232 0.04061239 -0.9704591 0.6331967 0.122258 -0.7642742 0.6332031 0.1222124 -0.7642761 0.6331964 0.1222587 -0.7642744 0.6328765 0.1219537 -0.764588 0.6328777 0.1220003 -0.7645795 0.6328777 0.1220009 -0.7645794 0.9090379 0.1749962 -0.3781886 0.9090378 0.174996 -0.3781887 0.9090378 0.174997 -0.3781883 0.9280064 -0.04628038 -0.3696787 0.9210071 0.3842063 0.0642777 0.921007 0.3842065 0.0642777 0.9209883 0.3842504 0.06428205 0.9163589 0.3951871 0.06413841 0.9529558 0.2963748 0.06353974 0.9529701 0.2963292 0.06353807 0.95297 0.2963293 0.06353807 0.2410731 0.02238768 -0.9702488 0.2407235 0.02156597 -0.9703541 0.5901329 0.03804773 -0.8064092 0.6332272 0.1298113 -0.7630023 0.9959665 0.05072093 -0.07401502 0.9690505 0.05085408 -0.241568 0.9135909 0.1465798 -0.3792969 0.8836658 0.04925155 -0.4655202 0.7651059 0.04480892 -0.6423436 0.9889246 0.1324815 0.06690818 0.9834375 0.1429898 0.1113765 0.9156339 0.1373397 -0.3778259 0.9153974 0.1339933 -0.3795965 0.6380205 0.09512275 -0.7641214 0.6378266 0.09425145 -0.7643913 0.2388168 0.03493726 -0.9704359 0.239251 0.03637194 -0.9702762 0.2009302 0.26244 -0.9437968 0.5562158 0.2307466 -0.798361 0.497949 0.232315 -0.8355098 0.2010212 0.2624247 -0.9437816 0.9368695 0.09365248 -0.336905 0.9368695 0.09365254 -0.336905 0.9368695 0.09365248 -0.336905 0.8953221 0.1207324 -0.4287447 0.8502331 0.1501993 -0.5045235 0.7910555 0.1638843 -0.5893839 0.6701743 0.1988291 -0.7150758 0.9855483 0.02809649 -0.1670482 0.7655706 0.01432007 -0.6431927 0.8842278 0.02939748 -0.46613 0.985561 0.01065784 -0.1689849 0.9701277 0.004597067 -0.2425515 0.9971861 0.004719853 -0.07481646 0.2008507 0.1624841 -0.9660528 0.200906 0.1624903 -0.9660403 0.5562716 0.1378393 -0.8194891 0.5562751 0.1378388 -0.8194867 0.8503841 0.08727532 -0.5188737 0.9855611 0.04536032 -0.1631309 0.985561 0.04536098 -0.1631317 0.9855501 0.02809703 -0.1670375 0.8503926 0.08727508 -0.5188599 0.8504962 0.03310859 -0.5249382 0.5564436 0.05230104 -0.8292378 0.5900303 0.04328453 -0.80622 0.2010465 0.06927102 -0.9771293 0.2408137 0.06109595 -0.9686466 0.06720036 0.3731431 -0.925337 0.09512311 0.4794775 -0.8723835 0.007141828 0.4157171 -0.909466 0.1384229 0.4479065 -0.8833 0.1477962 0.4072342 -0.9012862 0.1208942 0.3928254 -0.911632 0.1958484 0.3650795 -0.9101431 0.2980932 0.5204119 -0.800195 0.3418475 0.4411223 -0.8297899 0.1527163 0.4740452 -0.8671556 0.147141 0.4906987 -0.8588157 0.1230162 0.4892168 -0.8634431 0.6282333 0.4613409 -0.6264883 0.7538525 0.4358185 -0.4916999 0.7541671 0.4356524 -0.4913645 0.8530842 0.3940128 -0.3420547 0.9827726 0.124771 -0.1363459 0.9569507 0.1468653 -0.2503519 0.9350317 0.1698465 -0.3112366 0.9350316 0.1698466 -0.3112365 0.9350817 0.1698067 -0.3111078 0.887392 0.2037938 -0.4135258 0.8938339 0.1975393 -0.4025412 0.7891275 0.2514955 -0.560382 0.7898591 0.2510181 -0.5595647 0.07147914 0.3382262 -0.9383463 0.2010614 0.3487018 -0.9154133 0.1977121 0.3494987 -0.9158388 0.3694372 0.3285047 -0.869253 0.3603224 0.403957 -0.8408251 0.5220741 0.3698723 -0.7685267 0.3435628 0.4336826 -0.8329971 0.5822125 0.3791413 -0.7192223 0.5719599 0.4288768 -0.6992329 0.3934102 0.5112016 -0.7641345 0.3818736 0.5441843 -0.747018 0.6140294 0.5063841 -0.605428 0.4108896 0.5738334 -0.7084385 0.7454562 0.4645147 -0.4780389 0.5635865 0.5675124 -0.60025 0.4975914 0.3260537 -0.8037983 0.6703817 0.2578339 -0.6957802 0.5259864 0.337063 -0.7808502 0.6699517 0.2846285 -0.6856758 0.6583216 0.3809406 -0.6492279 0.7774536 0.3482699 -0.5237119 0.7732088 0.3506792 -0.5283675 0.8750509 0.3066053 -0.3745387 0.8757064 0.3060362 -0.3734704 0.9447271 0.251032 -0.2108881 0.1355178 0.6227249 -0.7706158 0.1073863 0.5246112 -0.8445422 0.1139503 0.5446471 -0.830888 0.1054826 0.557982 -0.8231218 0.1325179 0.6199526 -0.7733678 0.1863052 0.6091306 -0.7708765 0.1912908 0.6012058 -0.7758605 0.1230406 0.5265991 -0.8411626 0.2775388 0.5671956 -0.7754105 0.4147822 0.565128 -0.7131522 0.5806387 0.5264904 -0.6210206 0.352017 0.6201032 -0.7011106 0.3741616 0.576268 -0.7265799 0.181119 0.6217221 -0.762009 0.1796498 0.6243686 -0.7601907 0.1796498 0.6243688 -0.7601906 0.17965 0.6243687 -0.7601906 -0.09891766 0.7238997 -0.6827772 -0.09888988 0.7238048 -0.6828817 -0.09888976 0.7238048 -0.6828817 -0.09277349 0.7090588 -0.6990199 -0.08251935 0.6852694 -0.7235996 -0.1161751 0.726024 -0.677785 -0.1002335 0.7273009 -0.6789601 -0.1002335 0.7273008 -0.67896 -0.1002334 0.7273009 -0.67896 -0.1008335 0.7289738 -0.6770745 -0.09067517 0.6987425 -0.7096035 -0.1029168 0.6859794 -0.7203058 -0.08976596 0.6905081 -0.717733 -0.107539 0.7014644 -0.7045446 -0.126026 0.7057974 -0.6971138 -0.03245121 0.7330993 -0.6793471 -0.04218417 0.7291519 -0.6830507 -0.04570847 0.7285178 -0.6835003 -0.05002737 0.7208558 -0.6912773 -0.05912232 0.7213228 -0.6900711 -0.00486195 0.7452028 -0.6668201 -0.009766936 0.7494784 -0.6619568 0.003003358 0.7452352 -0.6667951 0.003711879 0.7458753 -0.6660753 0.01405286 0.7417097 -0.6705738 0.02780425 0.7399098 -0.6721312 0.02279627 0.7352976 -0.6773608 0.03537482 0.7340152 -0.6782112 0.04843884 0.7385898 -0.6724126 0.03086149 0.7177188 -0.6956489 0.05484914 0.7288482 -0.6824749 0.06004607 0.715022 -0.6965185 0.09314316 0.7173411 -0.6904681 0.08090311 0.710986 -0.6985368 0.07053941 0.7121222 -0.6985028 0.03542786 0.65087 -0.7583622 0.02836644 0.6476558 -0.7614049 0.02804726 0.6477411 -0.7613441 0.02794557 0.6541108 -0.7558823 0.02107727 0.6725108 -0.7397872 0.02098804 0.6746819 -0.7378102 0.01429158 0.6772454 -0.7356184 0.01213526 0.6885619 -0.725076 0.02182984 0.7398953 -0.6723679 0.01308846 0.7406416 -0.6717728 0.008402884 0.6835752 -0.7298318 0.002581536 0.6951924 -0.7188192 0.003451168 0.6898041 -0.7239879 -0.006240844 0.6895927 -0.7241706 -0.004330456 0.6809344 -0.7323317 -0.01570791 0.6888414 -0.7247419 -0.01294851 0.6821334 -0.7311132 -0.01472574 0.7413542 -0.6709525 -0.0229485 0.740666 -0.6714814 -0.02323377 0.7407546 -0.671374 -0.03301304 0.7312874 -0.6812702 -0.02049851 0.6719738 -0.7402912 -0.03318428 0.6850575 -0.7277328 -0.02045375 0.6615737 -0.7496012 -0.03526878 0.6554555 -0.7544099 -0.03283935 0.6533312 -0.7563596 -0.06724298 0.7098739 -0.7011116 -0.07456547 0.7120185 -0.6981903 -0.04025757 0.6345844 -0.7718043 -0.04288554 0.6343859 -0.7718262 -0.03944796 0.6328401 -0.7732771 1 -4.84492e-6 1.7918e-5 1 7.32559e-6 0 1 -4.20056e-5 -5.64785e-5 1 -5.36028e-6 3.99577e-6 1 -4.16995e-6 9.54496e-6 1 2.06682e-5 1.95086e-5 1 -1.80477e-5 -1.94687e-5 1 -3.41628e-7 0 1 3.22491e-6 0 1 9.13239e-7 0 1 -1.71569e-6 0 1 4.4988e-7 0 1 -8.97115e-7 0 1 8.69977e-7 0 1 -2.23621e-7 0 1 6.12483e-5 5.07404e-5 1 1.69109e-5 -6.54009e-6 1 -1.02921e-5 -1.24191e-5 1 -1.00076e-6 0 1 -8.68059e-7 0 1 -9.0332e-7 0 1 8.61979e-7 0 1 -8.57854e-7 0 1 -4.56618e-7 0 1 4.59831e-7 0 1 0 0 1 0 0 1 4.72651e-7 0 1 4.13633e-7 0 1 -4.78077e-7 0 1 2.02738e-7 0 1 5.24219e-5 0 1 -5.12285e-6 0 1 1.585e-6 0 1 -8.69526e-7 0 0.08440929 -0.9774435 0.1935959 0.1234701 -0.9082255 0.3998519 0.1234701 -0.9082255 0.3998519 0.1234701 -0.9082255 0.3998519 0.708117 -0.6326146 0.3136388 0.7895529 -0.5195178 0.3266611 0.789607 -0.5192865 0.3268982 0.6399972 -0.6629912 0.3883894 0.1981346 -0.8673132 0.4566293 0.1981049 -0.8673359 0.4565995 0.198105 -0.8673357 0.4565997 0.1937386 -0.8696081 0.4541445 0.05546015 -0.9162779 0.3966853 0.05241626 -0.9565785 0.2867231 0.04232174 -0.9501733 0.3088361 0.1539638 -0.9284427 0.3380672 0.1075329 -0.9306458 0.3497644 0.02811288 -0.9395192 0.3413405 0.1247738 -0.9609644 0.2469392 0.2351895 -0.9470861 0.2184348 0.1343469 -0.9661072 0.2204266 0.3314157 -0.9071354 0.259363 0.3314157 -0.9071354 0.259363 0.4080376 -0.8726845 0.2681927 0.4190977 -0.8675406 0.2678255 0.5307892 -0.7867098 0.3151993 0.6008647 -0.7304469 0.3246674 0.6965952 -0.6227939 0.3562063 0.1543964 -0.9287187 0.3371105 0.3629425 -0.8616765 0.3546637 0.06842315 -0.9533689 0.2939494 0.1982718 -0.9368719 0.2880266 0.06295484 -0.9642291 0.257486 0.2559806 -0.8810066 0.397871 0.2381983 -0.8896002 0.3897092 0.5260784 -0.7529661 0.3953275 0.5410867 -0.7612835 0.3573133 0.368771 -0.8650213 0.340215 0.3937704 -0.8545619 0.3386283 0.2061601 -0.9410783 0.2680852 0.06793344 -0.9683301 0.2402542 0.06741034 -0.9668266 0.2463781 0.1679811 -0.9781234 0.1227065 0.2884042 -0.9574656 0.009096026 0.2056039 -0.9771336 0.05419462 0.1432934 -0.9894679 0.02050364 0.2383819 -0.9706886 -0.0306245 0.07068419 -0.9974284 -0.01185464 0.923927 -0.3794505 0.04874789 0.8203012 -0.5711706 0.02949666 0.4175535 -0.9085266 0.01511901 0.4777758 -0.8784784 -0.002463936 0.3749296 -0.9270236 0.007421433 0.7975711 -0.5232194 0.3002029 0.7975161 -0.5235167 0.2998307 0.7965936 -0.5246039 0.3003826 0.7197043 -0.6377949 0.2743053 0.9882076 -0.1418665 0.05761772 0.957692 -0.2854159 0.03692877 0.9471406 -0.2834122 0.1503407 0.5435585 -0.7929764 0.2751955 0.5889499 -0.7625632 0.2676482 0.420199 -0.8781316 0.2287309 0.3436738 -0.9131557 0.2191687 0.3679482 -0.903128 0.2213005 0.2448116 -0.9512696 0.187493 0.1545488 -0.9720475 0.1767442 0.09698134 -0.9833768 0.1535084 0.2130089 -0.9659299 0.1469923 0.3842294 -0.9100564 0.1554519 0.5040214 -0.8446307 0.1804478 0.6102901 -0.7714273 0.180128 0.7048153 -0.6742427 0.2205272 0.8190426 -0.5341756 0.2093456 0.8817425 -0.411202 0.2311781 0.8433791 -0.5369614 0.01960247 0.7592533 -0.6498863 0.03438591 0.6405866 -0.7673161 0.02957934 0.699212 -0.714662 0.0190007 0.6239268 -0.7809539 0.02874863 0.8993331 -0.4173412 0.1304856 0.8089429 -0.5690026 0.1478088 0.7237786 -0.680861 0.1121292 0.63201 -0.765686 0.119534 0.5177206 -0.849377 0.1025874 0.408671 -0.9064888 0.1061422 0.2800619 -0.9579133 0.06298935 0.06662511 -0.9957682 0.06329929 0.0642963 -0.99498 0.07668656 0.845587 -0.3338089 -0.4165987 0.9847587 -0.1087554 -0.1357304 0.9847563 -0.1087687 -0.1357367 0.9847146 -0.1246677 -0.121635 0.9847167 -0.1246573 -0.1216292 0.9847182 -0.1409451 -0.1022971 0.9847156 -0.140962 -0.1022989 0.9847162 -0.1542835 -0.08081269 0.9847151 -0.1542894 -0.08081597 0.9847154 -0.1643625 -0.05762529 0.9847159 -0.1643589 -0.05762577 0.9847137 -0.1709834 -0.03322035 0.9847148 -0.1709775 -0.03322064 0.9847216 -0.1739269 -0.008541047 0.9900436 -0.1403918 -0.01019406 0.7602481 -0.6493052 -0.02063208 0.8437455 -0.5359144 -0.02982586 0.9253323 -0.3780031 -0.02956515 0.2381364 -0.9686815 -0.07033705 0.3752382 -0.9244953 -0.06711804 0.3752382 -0.9244953 -0.06711804 0.3752382 -0.9244953 -0.06711798 0.4777256 -0.8772784 -0.04648518 0.6242941 -0.7792633 -0.05482393 0.6992551 -0.7129954 -0.05176734 0.1964937 -0.6131046 -0.7651752 0.1962282 -0.701828 -0.6847862 0.1961576 -0.7018526 -0.6847812 0.1961635 -0.7935981 -0.5759533 0.1962008 -0.7935938 -0.5759464 0.196228 -0.8686118 -0.4549816 0.1961697 -0.8686254 -0.4549807 0.1961854 -0.9253428 -0.3244259 0.1961107 -0.9253596 -0.3244231 0.1965311 -0.9540122 -0.2263544 0.0124849 -0.9815652 -0.1907196 0.196486 -0.9679309 -0.1565352 0.1964001 -0.9782868 -0.06619626 0.07061523 -0.9948844 -0.07223957 0.5486906 -0.8340381 -0.05761122 0.5481702 -0.8210121 -0.1595264 0.5481653 -0.8210157 -0.1595246 0.5481702 -0.7892649 -0.2767139 0.5481504 -0.7892773 -0.2767176 0.5481495 -0.7408954 -0.3880803 0.5481207 -0.7409148 -0.3880838 0.5481304 -0.6769086 -0.4912716 0.5481183 -0.676915 -0.4912764 0.5481045 -0.5986671 -0.5841055 0.5481425 -0.5986447 -0.5840928 0.5486919 -0.5227615 -0.6524245 0.1964094 -0.6131116 -0.7651911 0.8455904 -0.5324306 -0.03865879 0.8452163 -0.5246137 -0.1019319 0.8452233 -0.5246027 -0.101931 0.8452244 -0.5043159 -0.1768093 0.8452314 -0.504304 -0.1768095 0.8452352 -0.473385 -0.24796 0.8452289 -0.4733934 -0.2479656 0.8452264 -0.4325103 -0.3138905 0.8452373 -0.432492 -0.3138862 0.8452382 -0.382493 -0.3731911 0.8452202 -0.3825114 -0.3732132 0.8455565 -0.3338341 -0.4166401 0.548683 -0.5227609 -0.6524324 0.9396711 0.02290165 0.3413118 0.9396712 0.02290165 0.3413118 0.9396712 0.02290165 0.3413118 0.03407281 -0.5721699 -0.8194271 0.03402626 -0.5721612 -0.819435 0.03402841 -0.5721544 -0.8194397 0.21428 -0.5710369 -0.7924652 0.2286809 -0.5883802 -0.7755733 0.4489192 -0.5501174 -0.7041609 0.5484183 -0.4978299 -0.6718653 0.5866514 -0.5184982 -0.6220931 0.8020759 -0.4176306 -0.4269183 0.7670151 -0.3833671 -0.5145071 0.8966522 -0.3578417 -0.2606992 0.9620013 -0.2106472 -0.1737277 0.9754829 -0.2024525 -0.08629161 0.9885581 -0.06354641 0.1368028 0.9862605 -0.1054401 0.1271716 0.954852 0.07228916 0.2881528 0.213963 -0.5742405 -0.7902327 0.1965976 -0.5928688 -0.7809329 0.5493946 -0.485552 -0.6800037 0.5491521 -0.4858984 -0.679952 0.8057277 -0.3850585 -0.4500367 0.8458082 -0.3019912 -0.4397841 0.9615833 -0.2149874 -0.1706986 0.9847463 -0.1097972 -0.1349782 0.9971013 -0.02496129 0.07187587 0.4944853 -0.8185016 -0.2924712 0.6167891 -0.2196393 -0.7558638 0.6957022 -0.296028 -0.6544967 0.4674978 -0.2829235 -0.8374965 0.5977304 -0.3765484 -0.7077639 0.5078477 -0.4494459 -0.7349076 0.5644766 -0.4815331 -0.6704418 0.5052403 -0.5588262 -0.657606 0.5267282 -0.5726008 -0.6282402 0.50265 -0.6129829 -0.609586 0.4935696 -0.6731404 -0.5507005 0.3997592 -0.8226715 -0.404233 0.1892822 -0.6958374 -0.6928079 0.4116916 -0.4156537 -0.8110131 0.1790599 -0.6521491 -0.7366405 0.1851483 -0.6542282 -0.7332841 0.1672871 -0.5885951 -0.7909303 0.2191469 -0.5949894 -0.7732802 0.2246709 -0.9059141 -0.3589468 0.4133571 -0.7853694 -0.4607937 0.4356753 -0.7811715 -0.4471668 0.4141601 -0.7375019 -0.5334439 0.4804684 -0.7218376 -0.498097 0.4175322 -0.6298077 -0.6549881 0.1771278 -0.5384959 -0.8238009 0.2560335 -0.5108268 -0.8206723 0.2001241 -0.5050126 -0.8395907 0.2146512 -0.433772 -0.8750811 0.2429327 -0.4308494 -0.8691102 0.2012962 -0.3666754 -0.9083111 0.2711105 -0.3397509 -0.9005934 0.2367756 -0.3214269 -0.9168545 0.2736091 -0.2750819 -0.9216659 0.5365005 0.1620354 -0.8281979 0.4482992 0.24285 -0.8602626 0.4680846 0.2724818 -0.8406251 0.4239547 0.3427984 -0.8383029 0.4347394 0.3627884 -0.824249 0.7267587 0.1004241 -0.6795122 0.5688732 -0.03697925 -0.8215936 0.1592343 -0.1910641 -0.9685758 0.2561139 -0.2115835 -0.9432064 0.2706013 -0.1937245 -0.9429983 0.4546364 -0.2116743 -0.8651589 0.6111139 -0.1133394 -0.7833863 0.1461709 -0.07610607 -0.9863275 0.2044793 -0.09955215 -0.9737954 0.2206034 -0.138335 -0.9655038 0.5309736 0.05997538 -0.8452634 0.5411939 0.1639061 -0.8247691 0.2016795 -0.05644828 -0.9778237 0.1837503 0.03212386 -0.982448 0.2026494 0.05550938 -0.9776768 0.1579696 0.08541268 -0.983743 0.1777749 0.1183776 -0.9769252 0.1273884 0.1033635 -0.9864524 0.09500014 0.1988157 -0.9754217 0.5109622 0.2792901 -0.8129666 0.3837988 0.3583499 -0.8510487 0.4976237 -0.6262897 0.60011 0.9710524 -0.1339399 0.1977818 0.9767194 -0.1534578 0.1498993 0.9148893 -0.2933737 0.2773258 0.8838312 -0.3886487 0.2603746 0.5493013 -0.7107742 0.4393952 0.7547247 -0.3214328 0.5719017 0.7150064 -0.5262319 0.4602673 0.849119 -0.3735594 0.3734303 0.7387377 -0.6004335 0.3061803 0.8008548 -0.4972617 0.3337104 0.8987253 -0.3754366 0.2265841 0.996172 -0.07258218 0.04871809 0.996172 -0.07258206 0.04871785 0.9961683 -0.07262909 0.0487203 0.991056 -0.1215243 0.05513691 0.9865609 -0.1359525 0.09063434 0.9864621 -0.1362196 0.0913071 0.985816 -0.1354836 0.09905135 0.989843 -0.1164338 0.08157306 0.9899236 -0.111477 0.0873171 0.9924237 -0.09794974 0.07417029 0.9933515 -0.08822369 0.07395464 0.9943128 -0.08219796 0.06771832 0.9963827 -0.06313741 0.0568794 0.9963889 -0.06308627 0.05682885 0.9148414 -0.2863592 0.2847168 0.9767002 -0.1606735 0.14227 0.9989376 -0.03199797 0.03316521 0.7152858 -0.5071367 0.4808104 0.268832 -0.8109985 0.5196259 0.3610093 -0.7749449 0.51878 0.3305994 -0.7748388 0.5388217 0.3772531 -0.7524294 0.5399355 0.3772414 -0.7425537 0.5534464 0.3964831 -0.7336028 0.5519313 0.4323852 -0.7049394 0.5622308 0.9678011 -0.2092654 0.1398895 0.8716012 -0.4096072 0.2693202 0.8716181 -0.4037479 0.2779738 0.8929723 -0.3655937 0.262568 0.8929719 -0.3623571 0.267018 0.9117993 -0.3253014 0.2506013 0.9117984 -0.3227126 0.2539299 0.9286108 -0.2862337 0.2361193 0.9286118 -0.2842234 0.2385318 0.9433628 -0.2487156 0.2195613 0.9433265 -0.242229 0.2268488 0.8491609 -0.3899719 0.3561571 0.4241558 -0.7088982 0.5635204 0.456076 -0.6848742 0.56828 0.4560499 -0.6776272 0.5769229 0.5551502 -0.6184337 0.5561907 0.5533854 -0.7046635 0.4440878 0.6398558 -0.6372052 0.4295976 0.6398361 -0.6315058 0.4379613 0.6740264 -0.6017363 0.4284878 0.6740269 -0.5929608 0.4405511 0.7057335 -0.5632581 0.4297447 0.7057286 -0.5547795 0.4406439 0.7355243 -0.5249771 0.4282557 0.7355207 -0.5166519 0.4382695 0.763304 -0.4870516 0.4244383 0.7632961 -0.478124 0.4344844 0.4976019 -0.637575 0.5881245 -0.2379783 -0.8469723 0.4753992 -0.6855666 -0.5682491 0.4550731 -0.9899505 -0.105331 0.09435808 -0.314459 -0.7968007 0.5159693 -0.3374435 -0.8041212 0.489409 -0.484946 -0.6622596 0.5711739 -0.4668836 -0.6911078 0.5517154 -0.4137789 -0.7167441 0.5613067 -0.4159795 -0.7342388 0.5365208 -0.9905756 -0.103711 0.08946573 -0.9935725 -0.09093874 0.06740969 -0.9838385 -0.1485602 0.09995877 -0.8901413 -0.3608277 0.2783018 -0.9181728 -0.3279278 0.2223106 -0.7501547 -0.5316879 0.3931614 -0.6854392 -0.5941488 0.4209043 -0.6876943 -0.5925542 0.4194713 -0.3274484 -0.7711494 0.5459911 -0.3808807 -0.7691479 0.5131682 -0.2419149 -0.8317999 0.499586 -0.3818171 -0.7946705 0.4719265 -0.5742153 -0.6929187 0.436051 -0.5999885 -0.6790509 0.4229702 -0.4553545 -0.7421754 0.4917602 -0.9935311 -0.08772307 0.07211667 -0.993274 -0.08883827 0.07426005 -0.9199426 -0.2939209 0.2594535 -0.908165 -0.3159435 0.2746201 -0.7464055 -0.502492 0.4363266 -0.5249962 -0.6323161 0.5696976 -0.4976033 -0.6577962 0.5654159 -0.7350727 -0.5107997 0.445816 -0.7351434 -0.5331999 0.4186432 -0.9199965 -0.3035612 0.2479055 -0.8901343 -0.3599818 0.2794178 -0.9928069 -0.09133511 0.07741016 -0.9899724 -0.1104034 0.08812308 -0.9102476 -0.3092625 0.2753291 -0.9081756 -0.3078007 0.283683 -0.7497326 -0.4928679 0.441568 -0.7464397 -0.4907677 0.4494162 -0.5292236 -0.6312181 0.5669975 -0.5249879 -0.6284586 0.5739578 -0.9899426 -0.102514 0.09749191 -0.9902615 -0.1029213 0.09375143 -0.9924002 -0.05308634 0.1110121 -0.9889546 -0.1069764 0.1025906 -0.9122839 -0.3038535 0.2746111 -0.9102445 -0.3023496 0.2829131 -0.7529947 -0.4867627 0.4427881 -0.749736 -0.4846214 0.4505976 -0.5333974 -0.624929 0.5700448 -0.5292305 -0.6221743 0.5769004 -0.5233973 -0.5217714 0.6736541 -0.5290197 -0.5380995 0.6561915 -0.5297282 -0.5417137 0.6526365 -0.7278867 -0.4642395 0.5046411 -0.5458111 -0.4259282 0.7215784 -0.5249977 -0.4949313 0.692402 -0.5228595 -0.4892286 0.6980497 -0.9582089 -0.1776648 0.2242121 -0.5279077 -0.5630678 0.6358209 -0.7275964 -0.5261284 0.4402186 -0.6178073 -0.4597311 0.6379354 -0.8810058 -0.375112 0.2883053 -0.7993358 -0.3191515 0.5091215 -0.9463209 -0.2371461 0.2196326 -0.9062615 -0.2134007 0.3648978 -0.7284866 -0.2932287 0.6191319 -0.5979449 -0.288756 0.7477178 -0.6721061 -0.3234855 0.6660559 -0.8627511 -0.3078913 0.4010781 -0.8618912 -0.3012934 0.4078797 -0.7079183 -0.3599531 0.6076886 -0.8095827 -0.4177961 0.4123377 -0.5344636 -0.4908747 0.6880339 -0.6283311 -0.5608516 0.5391156 -0.469095 -0.5858069 0.6608935 -0.4710989 -0.6060636 0.6409 -0.6558721 -0.3337574 0.6770805 -0.6609411 -0.3430513 0.6674375 -0.6385376 -0.3716727 0.6738911 -0.6370152 -0.3645211 0.6792172 -0.6184813 -0.4272887 0.6594735 -0.549944 -0.4312945 0.7152249 -0.5514067 -0.4340192 0.7124451 -0.5580367 -0.4445978 0.7006625 -0.5442333 -0.4711101 0.6941652 -0.532287 -0.5099139 0.675765 -0.6673898 -0.3383205 0.6634231 -0.6625294 -0.4179738 0.6215729 -0.7278429 -0.2919169 0.6205072 -0.4977713 -0.3228051 0.8049973 -0.5368586 -0.5911685 0.601916 -0.5368793 -0.5909204 0.602141 -0.5367938 -0.60413 0.5889647 -0.6950994 -0.673052 0.252662 -0.6950994 -0.6730519 0.2526619 -0.6950994 -0.6730519 0.2526619 -0.6256847 0.004977107 0.7800602 -0.7577239 -0.6484458 -0.07329756 -0.7576555 -0.6485137 -0.07340431 -0.7576099 -0.6485589 -0.07347542 -0.675063 0.254427 0.6925006 -0.9217518 -0.3877763 0.001839876 -0.9783993 -0.1350867 0.1564813 -0.9883378 -0.08453714 0.1266574 -0.9785513 -0.1548367 0.1358788 -0.9050234 -0.2979828 0.3035442 -0.9122806 -0.3037957 0.2746857 -0.7474685 -0.4760359 0.4633365 -0.753008 -0.4797728 0.4503303 -0.9673401 -0.1797116 0.1787652 -0.9067656 -0.3014559 0.2947891 -0.9050531 -0.3004646 0.3009982 -0.7501344 -0.4718579 0.463302 -0.7474326 -0.4703065 0.4692082 -0.5415982 -0.5992056 0.5895967 -0.5333744 -0.6123968 0.5835084 -0.1563298 -0.1680448 0.9733047 -0.03423291 -0.2390759 0.9703973 -0.03617799 -0.3065221 0.9511759 -0.108112 -0.3480501 0.9312213 -0.03485816 -0.3930885 0.9188398 -0.7949365 -0.2445017 0.5552431 -0.8609293 -0.2266986 0.4554213 -0.830311 -0.2277934 0.5086197 -0.9321634 -0.1890576 0.3087533 -0.9365709 -0.203374 0.2854367 -0.4225456 -0.294165 0.857276 -0.5043317 -0.2859906 0.8147755 -0.6991972 -0.2661978 0.6635225 -0.7388646 -0.2539094 0.6241868 -0.5951722 -0.28551 0.7511686 -0.4505805 -0.01364159 0.8926315 -0.6236698 -0.0118699 0.7815979 -0.8460031 -0.002315223 0.5331732 -0.8968344 -0.004604518 0.4423425 -0.9700109 0.117645 0.2126934 -0.9806617 -0.002359628 0.1956966 -0.9829055 -0.003380775 0.18408 -0.9828867 -0.01573556 0.1835379 -0.9828862 -0.01573634 0.1835405 -0.9828865 -0.03101217 0.1815832 -0.9828875 -0.03101414 0.1815772 -0.5436334 -0.2037521 0.8142161 -0.5436299 -0.007394194 0.8392925 -0.5435236 -0.07169997 0.8363261 -0.5435359 -0.07170015 0.836318 -0.5435332 -0.1413213 0.8274056 -0.5435203 -0.1413258 0.8274133 -0.5436265 -0.2037521 0.8142207 -0.8315572 -0.1348369 0.5388245 -0.9828966 -0.04470282 0.1786503 -0.9828969 -0.04470717 0.1786476 -0.831551 -0.1348391 0.5388333 -0.8314818 -0.09353536 0.5476214 -0.8314637 -0.09353893 0.5476483 -0.8314663 -0.04745775 0.5535445 -0.8314753 -0.04745525 0.5535315 -0.8314708 -9.66076e-4 0.5555678 -0.7648218 -0.007854998 0.644194 -0.4034468 0.1666865 0.8996924 -0.3602404 0.2097236 0.9089791 -0.3718166 0.2256256 0.9004696 -0.3193606 0.2155896 0.9227838 -0.2346154 0.6109917 0.756072 -0.1753294 0.5391995 0.8237254 -0.3660158 0.5589408 0.744055 -0.3109799 0.5239208 0.7929682 -0.3303853 0.2195019 0.9179676 -0.3290491 0.2239257 0.917379 -0.3567205 0.203416 0.9117963 -0.3681297 0.2089707 0.9059866 -0.3588892 0.2337672 0.9036325 -0.3960591 0.1929405 0.8977257 -0.1795588 0.4921941 0.851765 -0.1514997 0.536116 0.8304381 -0.1561356 0.5383804 0.8281113 -0.1353799 0.5793234 0.8037765 -0.9846668 -0.09327155 0.1474169 -0.4667257 -0.2621201 0.8446658 -0.4252048 -0.2714679 0.8634269 -0.5854436 -0.2441686 0.7730703 -0.6002008 -0.2400088 0.7629908 -0.7269487 -0.2327724 0.6460362 -0.7417742 -0.2267653 0.6311486 -0.847452 -0.1857101 0.4973297 -0.8336198 -0.1937845 0.517229 -0.9144505 -0.1628372 0.3704922 -0.9432327 -0.1362937 0.30288 -0.9931117 -0.09797465 0.06426566 -0.9825176 -0.07812547 0.168984 -0.4547674 -0.4372892 0.7758639 -0.4549834 -0.4370331 0.7758816 -0.543861 -0.2336315 0.8059973 -0.983698 -0.1094652 0.1426735 -0.829081 -0.07629525 0.5538987 -0.8316953 -0.5013758 0.2385482 -0.5840547 -0.278414 0.7624735 -0.584015 -0.2785013 0.762472 -0.584015 -0.2785013 0.762472 -0.7272048 -0.1331517 0.6733825 -0.8325078 -0.3240065 0.4493892 0 -0.9659291 -0.258807 0 -0.9659287 -0.2588086 0 -0.7070767 -0.7071369 0 -0.7070795 -0.7071341 0 -0.2588422 -0.9659196 0 -0.2588424 -0.9659197 0 0.2588508 -0.9659174 0 0.2588518 -0.9659171 0 0.7070916 -0.707122 0 0.7070919 -0.7071216 0 0.9659291 -0.258807 0 0.965929 -0.2588071 0 0.9659229 0.2588301 0 0.965923 0.25883 0 0.7071205 0.7070931 0 0.2588567 0.9659157 0 0.2588559 0.965916 0 -0.2588473 0.9659183 0 -0.707108 0.7071056 0 -0.7071056 0.707108 0 -0.9659225 0.2588316 0 -0.965923 0.25883 0 -0.9659282 -0.2588102 0 -0.9659284 -0.2588097 0 -0.7070924 -0.7071213 0 -0.7070928 -0.7071208 0 -0.2588504 -0.9659174 0 -0.2588506 -0.9659174 0 0.2588504 -0.9659174 0 0.2588506 -0.9659174 0 0.7070924 -0.7071213 0 0.7070928 -0.7071208 0 0.9659284 -0.2588095 0 0.9659282 -0.2588104 0 0.9659221 0.2588335 0 0.9659223 0.2588325 0 0.7071213 0.7070924 0 0.2588555 0.9659162 0 -0.2588555 0.9659162 0 -0.7071213 0.7070924 0 -0.9659222 0.2588327 0 -0.965922 0.2588332 -0.5056688 0.4874805 0.7118019 -0.514351 0.4816069 0.709576 -0.5975745 0.4586382 0.6576897 -0.6660943 0.4029837 0.6276325 -0.7389382 0.3698626 0.5631805 -0.8092178 0.2793586 0.5168417 -0.9347704 0.1477553 0.3230678 -0.9687253 0.1025902 0.2259352 -0.9564713 0.1535694 0.2481515 -0.917195 0.1504639 0.3689366 -0.8315375 0.266177 0.48754 -0.8576039 0.02748823 0.5135757 -0.7786821 0.08167779 0.6220796 -0.7857747 0.04168266 0.6171066 -0.650192 0.1752426 0.7392838 -0.6761515 0.1218914 0.7266097 -0.4671466 0.1846995 0.8646735 -0.5030502 0.1470708 0.8516519 -1 -4.40557e-7 0 -1 -1.43702e-6 0 -1 -1.38491e-6 0 0.98434 0.02627146 -0.1743124 0.9843397 0 -0.176282 0.9843398 0 -0.1762816 0.9843395 -0.02627253 -0.1743143 0.9843394 -0.02627182 -0.1743154 0.9843395 -0.05196297 -0.1684504 0.9843418 -0.05195385 -0.1684405 0.9843426 -0.07647311 -0.1588135 0.9843393 -0.07648718 -0.1588266 0.9843393 -0.09930908 -0.1456499 0.9843405 -0.09930205 -0.1456467 0.9843401 -0.1199011 -0.1292216 0.9843412 -0.1198929 -0.1292217 0.984341 -0.1378176 -0.1099053 0.9843438 -0.1378014 -0.1099011 0.9843424 -0.1526519 -0.08813399 0.98434 -0.1526631 -0.08814162 0.9843409 -0.1640902 -0.06440204 0.9843409 -0.1640913 -0.064399 0.984343 -0.171844 -0.0392242 0.9843407 -0.1718572 -0.03922438 0.9843722 -0.1754023 -0.01567113 0.9753783 -0.2199223 -0.01648026 0.9844247 -0.1757888 -0.002511918 0.9843392 -0.1757926 0.01317274 0.9843405 -0.175785 0.01317346 0.9843413 -0.1718531 0.03922623 0.9843411 -0.171855 0.03922551 0.984339 -0.1641011 0.06440103 0.9843412 -0.1640888 0.06439989 0.9843415 -0.1526558 0.08813631 0.9843426 -0.1526498 0.0881344 0.9843422 -0.1378121 0.109901 0.9843446 -0.1378001 0.1098954 0.9843418 -0.1198948 0.1292148 0.9843412 -0.1198956 0.1292192 0.9843407 -0.09929585 0.1456501 0.9843392 -0.09930884 0.1456506 0.98434 -0.07647919 0.1588262 0.9843466 -0.07646888 0.1587902 0.9843462 -0.051952 0.168415 0.9843422 -0.0519585 0.1684367 0.9843413 -0.02627116 0.1743051 0.9843407 -0.02627152 0.1743081 0.9843397 0 0.176282 0.9843407 0 0.1762767 0.9843397 0.02627253 0.1743136 0.9843419 0.02627068 0.1743015 0.9843411 0.05196022 0.1684422 0.984345 0.05195373 0.1684212 0.9843452 0.07646709 0.1588001 0.98434 0.07648462 0.1588234 0.9843392 0.09930908 0.1456507 0.9843406 0.09930098 0.1456463 0.9843401 0.1199011 0.1292216 0.98434 0.1199007 0.1292238 0.9843416 0.1378099 0.1099101 0.9843406 0.1378206 0.1099059 0.9843398 0.1526639 0.08814173 0.9843384 0.152672 0.08814364 0.9843366 0.1641141 0.06440585 0.9843406 0.1640918 0.06440234 0.9843422 0.1718485 0.03922486 0.9843403 0.1718595 0.03922641 0.9843382 0.1757978 0.01317399 0.9843375 0.1758014 0.01317453 0.9843387 0.1757947 -0.01317518 0.9843395 0.1757909 -0.01317328 0.9843425 0.1718463 -0.03922474 0.9843411 0.1718553 -0.03922343 0.9843425 0.1640816 -0.06439834 0.9843357 0.1641177 -0.06441003 0.9843365 0.15268 -0.08815103 0.9843404 0.1526606 -0.0881406 0.984342 0.1378081 -0.1099087 0.9843386 0.1378277 -0.1099138 0.9843377 0.1199106 -0.1292313 0.9843409 0.1198962 -0.1292204 0.9843401 0.09930646 -0.1456467 0.9843403 0.09930503 -0.1456464 0.9843406 0.07647818 -0.1588231 0.9843408 0.07648205 -0.1588197 0.984376 0.05484074 -0.1673212 0.9732533 0.06771498 -0.2195287 0.9844204 0.0421248 -0.1707106 0.9843392 0.02627289 -0.1743158 0.4527264 0.8692938 -0.1984121 0.1752156 0.8526229 -0.4922742 0.1756402 0.8932557 -0.4138174 0.369818 0.8648716 -0.3394583 0.369818 0.8648716 -0.3394583 0.1755636 0.9216885 -0.3459304 0.1756985 0.9527814 -0.2476645 0.3696148 0.7264715 -0.5793308 0.1756858 0.8050137 -0.5666458 0.175235 0.8526257 -0.4922622 0.1753657 0.4271582 -0.8870078 0.1753632 0.5545914 -0.8134349 0.1753939 0.5545944 -0.8134262 0.1758013 0.6365209 -0.7509561 0.4527417 0.6064628 -0.6536267 0.1755632 0.6909005 -0.7013089 0.1754363 0.7604358 -0.6252677 0.4526963 0.2628263 -0.8520495 0.175767 0.3320757 -0.9267318 0.1753624 0.4271656 -0.8870049 0.1752976 0 -0.9845155 0.1757515 0.08825206 -0.9804708 0.3695704 0.1384934 -0.918824 0.1754821 0.1612738 -0.9711833 0.1756488 0.261905 -0.9489749 0.3695641 -0.1384927 -0.9188266 0.1757507 -0.0882517 -0.980471 0.1752994 0 -0.9845152 0.1753164 -0.5546011 -0.8134382 0.1752992 -0.4271705 -0.8870151 0.1753598 -0.4271565 -0.8870099 0.1757665 -0.3320748 -0.9267322 0.4526904 -0.2628263 -0.8520526 0.1756061 -0.261906 -0.9489825 0.1754977 -0.1612733 -0.9711804 0.4527453 -0.6064678 -0.6536195 0.1756735 -0.6365296 -0.7509787 0.1752753 -0.5546018 -0.8134468 0.1752557 -0.8526252 -0.4922559 0.1756852 -0.8050109 -0.5666501 0.3696093 -0.7264696 -0.5793366 0.175515 -0.760424 -0.6252599 0.1756167 -0.6908974 -0.7012985 0.3695991 -0.8649589 -0.3394741 0.1757817 -0.8932304 -0.4138118 0.1753115 -0.8526169 -0.4922505 0.1753189 -0.9817587 0.07357424 0.1753187 -0.9817589 -0.07357305 0.1753293 -0.981757 -0.07357323 0.1757349 -0.9686176 -0.1757759 0.4526981 -0.869308 -0.1984142 0.1756142 -0.9527949 -0.2476724 0.175485 -0.9217038 -0.3459296 0.4527004 -0.8693071 0.1984126 0.1757113 -0.9686217 0.1757767 0.1753345 -0.9817561 0.07357269 0.1753333 -0.8526147 0.4922465 0.1757817 -0.8932304 0.4138118 0.369619 -0.8649532 0.339467 0.1754956 -0.9217061 0.3459182 0.1756284 -0.9527911 0.2476771 0.3695463 -0.726488 0.5793537 0.1757078 -0.8049914 0.5666707 0.1752376 -0.8526249 0.4922626 0.175588 -0.4271438 0.8869708 0.175588 -0.4271438 0.8869708 0.1752625 -0.5546028 0.8134488 0.1752801 -0.5546006 0.8134465 0.1756577 -0.6365314 0.7509809 0.4527595 -0.606463 0.6536143 0.1760777 -0.6908261 0.7012531 0.1760777 -0.6908261 0.7012531 0.1760777 -0.6908261 0.7012532 0.1754519 -0.7604327 0.6252671 0.4527197 -0.2628138 0.852041 0.1757827 -0.3320666 0.9267321 0.1753624 -0.4271656 0.8870049 0.1753363 0 0.9845087 0.1757665 -0.08825552 0.9804679 0.3695908 -0.1384887 0.9188165 0.1756715 -0.1612622 0.9711509 0.1756902 -0.261902 0.9489681 0.3695493 0.1384915 0.9188327 0.1757672 0.08825588 0.9804677 0.1753626 0 0.9845039 0.1753269 0.5545983 0.8134379 0.1753118 0.4271695 0.887013 0.1754059 0.4271557 0.8870011 0.1757832 0.3320675 0.9267316 0.4527208 0.2628145 0.8520402 0.1756909 0.261903 0.9489676 0.1756716 0.1612624 0.9711508 0.4527652 0.6064547 0.653618 0.1757855 0.6365227 0.7509583 0.1753632 0.5545914 0.8134349 0.1752622 0.8526182 0.4922657 0.1757085 0.8049942 0.5666664 0.3695476 0.7264936 0.579346 0.1753889 0.7604422 0.625273 0.1755211 0.6909058 0.7013142 0.3695265 0.8649898 0.3394743 0.1756402 0.8932557 0.4138174 0.1751844 0.8526328 0.4922679 0.1757891 0.9686076 -0.1757769 0.1753913 0.981746 -0.07357197 0.1752783 0.9817656 -0.0735805 0.1752808 0.9817655 0.07357507 0.1753945 0.981745 0.073578 0.1757822 0.9686087 0.1757781 0.4527171 0.8692995 0.198408 0.1756917 0.9527812 0.2476701 0.1755741 0.9216907 0.345919 0.8415306 0.5386988 0.04037219 0.8415631 0.5386487 0.04036521 0.8415566 0.5266268 0.1201952 0.8415284 0.5266677 0.1202129 0.8415194 0.5028839 0.1973655 0.8415474 0.5028405 0.1973561 0.8415262 0.4678433 0.2701048 0.8415576 0.467798 0.2700855 0.841544 0.4223384 0.3367995 0.8415188 0.4223664 0.3368275 0.8415276 0.3674395 0.3960046 0.8415089 0.367451 0.3960334 0.8415283 0.3043143 0.446344 0.8415024 0.3043408 0.4463747 0.8415144 0.2344037 0.4867324 0.8415063 0.2344019 0.4867473 0.8415151 0.1592391 0.5162318 0.8414915 0.1592466 0.5162678 0.8414891 0.0805242 0.5342397 0.8415045 0.0805183 0.5342164 0.8414906 0 0.5402719 0.8415045 0 0.5402503 0.8415008 -0.08052247 0.5342215 0.841493 -0.08052134 0.5342341 0.8414893 -0.1592506 0.5162703 0.8414916 -0.1592412 0.5162693 0.8415024 -0.2344124 0.4867492 0.841518 -0.2343931 0.4867313 0.8415131 -0.3043354 0.4463583 0.8415062 -0.3043314 0.446374 0.8415136 -0.3674524 0.3960221 0.8415215 -0.3674376 0.3960196 0.8415006 -0.422393 0.3368393 0.8415254 -0.4223589 0.3368207 0.8415198 -0.4678518 0.2701096 0.8414826 -0.4679002 0.2701417 0.8414882 -0.5029303 0.1973802 0.8415157 -0.5028861 0.1973753 0.8415057 -0.526704 0.1202126 0.841544 -0.5266438 0.1202083 0.8415338 -0.5386939 0.04036968 0.841534 -0.5386939 0.04036998 0.8415234 -0.5387103 -0.0403701 0.8415386 -0.5386865 -0.04036945 0.841528 -0.5266702 -0.1202048 0.8415173 -0.5266845 -0.1202176 0.8415055 -0.5029038 -0.1973741 0.8415175 -0.5028849 -0.1973706 0.8415155 -0.4678604 -0.2701082 0.8415046 -0.4678705 -0.2701246 0.8414977 -0.422397 -0.3368422 0.8415221 -0.4223627 -0.3368239 0.8415233 -0.3674423 -0.3960112 0.8415371 -0.3674209 -0.3960016 0.8415285 -0.3043144 -0.4463436 0.8415319 -0.3043164 -0.446336 0.841534 -0.2343909 -0.4867047 0.8415118 -0.2343974 -0.48674 0.8415116 -0.1592404 -0.516237 0.8415161 -0.1592348 -0.5162316 0.8415164 -0.08051741 -0.5341976 0.841531 -0.08051258 -0.5341754 0.8415252 0 -0.5402179 0.8415299 0 -0.5402106 0.8415271 0.08051669 -0.534181 0.8415203 0.08051466 -0.5341921 0.8415187 0.1592376 -0.5162266 0.8415164 0.159235 -0.5162309 0.8415177 0.2344015 -0.486728 0.8415284 0.234387 -0.4867164 0.8415278 0.3043141 -0.446345 0.8415344 0.3043134 -0.4463331 0.8415337 0.3674327 -0.395998 0.8415407 0.3674178 -0.3959969 0.8415321 0.4223542 -0.3368095 0.8415244 0.4223584 -0.3368238 0.8415221 0.4678519 -0.2701021 0.8415698 0.4677808 -0.2700769 0.8415634 0.5028181 -0.1973453 0.8415305 0.5028669 -0.1973609 0.8415184 0.5266847 -0.1202083 0.8415599 0.52662 -0.120202 0.8415491 0.5386702 -0.0403679 0.8415386 0.5386865 -0.04036939 0.5380891 0.8405314 0.06298625 0.5379652 0.8406094 0.06300228 0.5379683 0.8218301 0.1875781 0.5380269 0.8217938 0.187569 0.5380191 0.7846641 0.3079575 0.5381068 0.7846136 0.3079327 0.5381209 0.7299469 0.4214302 0.5380171 0.7300023 0.4214669 0.5380341 0.6590228 0.5255552 0.5381001 0.6589921 0.5255264 0.5381271 0.573287 0.6178684 0.5379855 0.5733534 0.6179301 0.538003 0.4748464 0.6964724 0.5380507 0.4748389 0.6964406 0.5380638 0.3657256 0.7594288 0.5380849 0.3657175 0.7594178 0.5381235 0.2484388 0.8054201 0.5380526 0.2484502 0.8054639 0.5380626 0.1256284 0.8334904 0.538114 0.1256256 0.8334577 0.5380944 0 0.8428846 0.5380823 0 0.8428923 0.538095 -0.1256259 0.8334698 0.5380823 -0.1256282 0.8334777 0.5380917 -0.248444 0.8054397 0.5381124 -0.2484382 0.8054276 0.5380944 -0.3657118 0.7594139 0.5381125 -0.3657125 0.7594007 0.5380941 -0.4748181 0.6964212 0.5380846 -0.4748203 0.6964271 0.5380626 -0.5733208 0.6178932 0.5380535 -0.5733238 0.6178983 0.5380501 -0.659016 0.5255474 0.5381132 -0.6589819 0.5255256 0.5380918 -0.7299658 0.4214348 0.5381265 -0.7299473 0.4214224 0.5381031 -0.7846138 0.3079391 0.5380827 -0.7846254 0.3079451 0.5380839 -0.8217574 0.1875648 0.5380409 -0.8217851 0.1875668 0.5380374 -0.8405643 0.06299036 0.5380663 -0.8405455 0.06299138 0.5380641 -0.8405472 -0.06298911 0.5380492 -0.8405564 -0.06299221 0.5380437 -0.8217834 -0.1875658 0.5380942 -0.821752 -0.1875592 0.5380801 -0.7846275 -0.3079444 0.5380598 -0.784639 -0.3079505 0.5380543 -0.7299811 -0.421456 0.5380885 -0.7299684 -0.4214346 0.5380998 -0.6589954 -0.5255224 0.5380295 -0.6590237 -0.5255589 0.5380167 -0.5733408 -0.6179146 0.5380764 -0.5733138 -0.6178877 0.5380727 -0.4748223 -0.696435 0.5380569 -0.4748228 -0.6964468 0.5380485 -0.3657245 -0.7594403 0.5380678 -0.3657205 -0.7594285 0.5380545 -0.2484464 -0.8054639 0.5380892 -0.2484424 -0.8054417 0.5380876 -0.1256266 -0.8334744 0.5380972 -0.1256267 -0.8334683 0.5380868 0 -0.8428895 0.5381051 0 -0.8428778 0.5380938 0.1256256 -0.8334707 0.5380829 0.1256284 -0.8334773 0.5380712 0.2484441 -0.8054533 0.5380513 0.2484549 -0.8054632 0.5380419 0.3657274 -0.7594435 0.538024 0.3657343 -0.7594529 0.5380039 0.4748418 -0.6964748 0.5380235 0.474842 -0.6964595 0.5379937 0.5733507 -0.6179254 0.5380725 0.5733098 -0.6178947 0.5380609 0.6590136 -0.5255393 0.5380544 0.6590148 -0.5255445 0.5380378 0.729988 -0.4214651 0.5380396 0.7299892 -0.4214607 0.5380573 0.7846414 -0.3079486 0.5380231 0.7846634 -0.3079522 0.5380294 0.821792 -0.1875694 0.5379755 0.8218268 -0.1875717 0.5379744 0.8406043 -0.06299251 0.5380879 0.8405314 -0.06299561 -0.2013694 0.7783784 -0.5946236 -0.201078 0.7785202 -0.5945368 -0.2010779 0.7785202 -0.5945368 -0.1407048 0.7597602 -0.6347965 -0.07189202 0.8225467 -0.5641353 -0.007699131 0.8219858 -0.5694559 0.008835256 0.6939933 -0.7199273 -0.1606853 0.7580374 -0.6321073 0.9496596 0.1888461 -0.2499681 0.9854693 0.1332182 -0.1053723 0.9588407 0.2275117 -0.1698911 0.8583013 0.3776786 -0.3473874 0.8469809 0.3989276 -0.3513976 0.7568362 0.4973475 -0.4240807 0.6271512 0.5833401 -0.5161355 0.5875176 0.6099741 -0.5317469 0.3157364 0.7190421 -0.6191034 0.3179032 0.7181598 -0.6190187 0.972917 0.1734789 -0.1527671 0.8337328 0.4373003 -0.3371323 0.8585041 0.4011781 -0.3194167 0.6786389 0.5722672 -0.4603905 0.627156 0.6120296 -0.4817627 0.5348057 0.6590738 -0.5287765 0.3157131 0.7405837 -0.5931789 0.3264452 0.7391629 -0.589128 0.2638498 0.9639178 0.03529739 0.0821734 0.9966151 -0.002469956 0.3221722 0.9419652 -0.09437608 -0.2245279 0.9668299 -0.1217674 0.01596724 0.8037607 0.5947384 0.04644751 0.9947324 -0.09137952 -0.04739928 0.9936655 -0.1018938 -0.0214979 0.9930811 -0.1154467 -0.05869215 0.9982713 0.003137767 0.04584318 0.9856379 -0.1625311 0.04585278 0.9856219 -0.1626251 0.04585283 0.9856219 -0.1626251 0.07749617 0.8487212 -0.5231318 0.07749623 0.8487212 -0.5231318 0.07749623 0.8487212 -0.5231318 0.01692187 0.9931042 -0.1160079 -0.02759009 0.9869228 -0.1588156 -0.02789193 0.9862871 -0.1626651 -0.02788859 0.9862949 -0.162618 -0.02789193 0.9862871 -0.1626649 -0.04406845 0.9345054 0.3532106 -0.03236597 0.9481077 0.3162978 -0.008785307 0.9805929 0.195858 -0.07819849 0.9564446 0.2812451 -0.05656063 0.9663263 0.2510269 -0.04065275 0.9772227 0.2082867 -0.03366267 0.984441 0.1724612 -0.03226763 0.9884048 0.1483736 -0.02977019 0.9975882 0.06270313 -0.01590597 0.803667 0.5948667 -0.03641593 0.8220525 0.568246 -0.02092844 0.8425751 0.5381722 -0.01662117 0.8643999 0.5025301 -0.02153784 0.9064199 0.4218283 -0.03157442 0.8956689 0.4435992 -0.02845573 0.8920097 0.4511197 -0.02845579 0.8920097 0.4511197 -0.0284605 0.8920312 0.4510769 -0.02150595 0.8826045 0.4696241 -0.02728563 0.8308726 0.5557933 0.02316504 0.8309499 0.5558649 0.02945232 0.8357157 0.5483722 -0.02162885 0.946253 0.3227038 0.03420025 0.9459177 0.3225989 0.02316993 0.9326246 0.3601037 0.02176576 0.9220852 0.3863742 0.02176851 0.9221223 0.3862859 0.02176851 0.9221222 0.3862859 0.02168333 0.9064942 0.4216611 0.03173804 0.8956578 0.44361 0.02423834 0.8861383 0.4627868 0.01604294 0.8677206 0.4967934 0.04098665 0.9771548 0.2085393 0.05692541 0.9662585 0.2512053 0.01770269 0.9804748 0.1958461 0.02930253 0.9535767 0.2997213 0.03339713 0.9466811 0.3204367 0.02028417 0.9945007 -0.1027477 0.08150452 0.9948513 0.06023257 0.02838701 0.9995921 0.003157138 0.03254699 0.9885039 0.1476509 0.03397363 0.9844129 0.1725608 -0.2641613 0.9644394 0.008696436 0.4283157 0.8981866 -0.09902822 -0.1484995 0.9829617 -0.1083248 -0.2065901 0.978108 0.02500706 -0.2509915 0.9581198 0.1378764 -0.2532508 0.9579443 0.1349324 -0.101715 0.9835381 0.1493554 -0.3973572 0.9174584 0.01942908 -0.3973799 0.9174477 0.01947057 -0.397384 0.9174458 0.01947462 -0.3959279 0.918064 0.01999241 -0.3980943 0.9163914 0.0418089 -0.9959602 0.07218277 0.05341285 -0.9819351 0.1731672 0.07626676 -0.564778 0.6927899 0.4484061 -0.4804998 0.7050342 0.5215811 -0.2152277 0.7848216 0.5811473 -0.3018047 0.81525 0.4942482 -0.1220369 0.7978648 0.5903548 -0.9625229 0.2180727 0.1612265 -0.8923042 0.362788 0.2686601 -0.8405716 0.4634745 0.2804121 -0.7848955 0.4981532 0.3684868 -0.6449344 0.6142242 0.4547399 -0.1161942 0.9818944 0.1496073 -0.3797973 0.6875717 0.6188693 -0.2127562 0.834582 0.5081415 -0.2122387 0.9015946 0.3769378 -0.207818 0.9761055 0.06348055 -0.5584594 0.8285335 0.04068654 -0.5615088 0.8262662 0.04463303 -0.8489207 0.5273926 0.03450554 -0.8396677 0.5429311 0.01356625 -0.9848262 0.1716415 0.0256251 -0.9827331 0.1847155 0.01075994 -0.3549796 0.8924548 0.2784135 -0.5555584 0.7937479 0.2476269 -0.5555812 0.7937318 0.2476274 -0.8363656 0.5232961 0.1632604 -0.8363444 0.5233325 0.1632522 -0.9821968 0.1793316 0.05594348 -0.9821996 0.1793168 0.0559436 -0.2057005 0.7653798 0.6098206 -0.5557083 0.6502215 0.5180737 -0.5556524 0.6502666 0.5180769 -0.8364292 0.4286592 0.3415226 -0.8364502 0.4286285 0.3415098 -0.9822111 0.1468635 0.1170155 -0.9822098 0.1468709 0.1170174 -0.9827705 0.1258834 0.1353358 -0.2088302 0.6769112 0.7058196 -0.2123727 0.6758147 0.7058133 -0.5617189 0.5727283 0.5970379 -0.5648266 0.5706328 0.5961118 -0.8403755 0.3753037 0.3910451 -0.8423499 0.3725747 0.3894032 -0.9845882 0.1212975 0.125989 -0.9804507 0.1478219 0.1298663 -0.9828946 0.1399814 0.1196809 -0.8418015 0.4108523 0.3501012 -0.8423593 0.4100335 0.3497192 -0.5655743 0.6274799 0.5351586 -0.5648309 0.6280043 0.5353287 -0.2150011 0.742919 0.6339133 -0.2123559 0.7437439 0.6338376 0 0.6700092 0.7423529 -0.00466758 0.7452303 0.6667909 0.005595088 0.7739226 0.6332557 -0.001747429 0.8547775 0.5189918 0.004325568 0.8953602 0.445322 -0.004322767 0.9229394 0.384921 4.4886e-5 0.9445978 0.3282302 -2.34098e-4 0.9887244 0.1497468 0 0.9886171 0.1504533 0.209065 0.6537268 0.7272779 0.213871 0.9225046 0.321317 0.2130889 0.8743607 0.4359893 0.2059806 0.9674735 0.1468573 0.5615665 0.5773087 0.5927546 0.5615813 0.5773149 0.5927345 0.8402764 0.3782824 0.388379 0.8402634 0.3782737 0.3884153 0.9827345 0.1290878 0.1325496 0.9827361 0.1290913 0.132534 0.2576786 0.7467394 0.6131738 -0.04480916 0.6969949 0.7156748 0.3518493 0.795871 0.4927389 0.5555626 0.7069513 0.4376872 0.5554955 0.7069738 0.4377361 0.8363554 0.4660781 0.2885847 0.8363871 0.4660512 0.2885359 0.9822018 0.1596999 0.09887176 0.9821984 0.1597111 0.0988878 0.2975074 0.9383837 0.1758567 0.5554232 0.8179293 0.1499894 0.5524612 0.8196364 0.1516009 0.836551 0.5384137 0.1014553 0.8457786 0.5254364 0.09260314 0.9823578 0.1829391 0.0388152 0.984646 0.1716088 0.03198069 0.9829192 0.141791 0.1173256 0.2150396 0.743349 0.6333959 0.2124015 0.743404 0.6342208 0.5655977 0.6276494 0.5349351 0.5648139 0.627912 0.5354549 0.841778 0.4107437 0.3502848 0.8423755 0.4101979 0.3494871 0.9846307 0.1327411 0.1135005 0.9804555 0.1381858 0.1400426 0.9827456 0.128254 0.1332747 0.8403936 0.3746852 0.3915988 0.8423898 0.3731568 0.3887588 0.5617419 0.5720978 0.5976204 0.5648224 0.5712859 0.5954899 0.2088358 0.6763514 0.7063543 0.2124019 0.676405 0.7052388 0.9829331 0.1480547 0.1091901 0.9598832 0.2634739 0.09594649 0.9959607 0.07218205 0.0534048 0.1223245 0.7979289 0.5902087 0.2148628 0.8111169 0.5439884 0.3024127 0.7661561 0.567055 0.5660108 0.6628937 0.4901059 0.4787857 0.7619677 0.4360845 0.6449663 0.6142622 0.4546433 0.8420454 0.4338083 0.3205777 0.7820927 0.5527567 0.2877348 0.8922625 0.3628894 0.2686612 0.3950011 0.9184724 0.01956272 0.395001 0.9184725 0.01956254 0.3950011 0.9184724 0.01956295 0.1907967 0.9745436 0.1177346 0.2530177 0.9578585 0.1359751 0.4009772 0.9152366 0.039487 1 1.11231e-6 0 1 -1.43283e-6 0 1 1.26114e-5 0 1 -1.13634e-5 0 1 -5.31045e-7 0 1 1.03678e-6 0 1 4.03559e-7 0 1 5.90412e-7 0 1 -1.514e-6 0 0.9459654 0.1896183 0.2630481 0.6148492 0.4848026 -0.6220346 0.6693288 0.5890508 -0.4527894 0.7195246 0.5661417 -0.402204 0.7011653 0.5652655 -0.4345597 0.8628077 0.4480428 -0.234138 0.8580198 0.5013502 -0.1115796 0.9026244 0.427349 -0.05140018 0.9507845 0.1657524 0.2617922 0.8817418 0.4314073 0.1908379 0.7339121 0.6210156 -0.2751597 0.7988035 0.5716998 -0.1872763 0.8573163 0.5027166 -0.1108378 0.8508092 0.5203697 -0.07307088 0.8735798 0.4608376 0.1564836 0.719403 0.6465198 0.2539124 0.7243781 0.6355245 -0.2671796 0.5161376 0.3293356 0.790658 0.5423585 0.5849159 0.6030927 0.7575961 0.6419214 0.1182585 0.7579089 0.6415663 0.118182 0.5892453 0.776825 0.2221099 0.6925905 0.6281369 0.3546302 0.5968793 0.5675672 0.5671003 0.8097836 0.5855425 -0.03729051 0.7870914 0.606687 0.111437 0.8499376 0.4963881 0.1766499 0.8058882 0.496897 0.321928 0.842313 0.3838601 0.3783653 0.7992061 0.5920173 0.1038529 0.7525313 0.6102067 0.2476784 0.802864 0.5005533 0.3238148 0.7395284 0.4977875 0.4531063 0.7664895 0.3650274 0.5284401 0.759674 0.3467442 0.5501492 0.6743614 0.5061009 0.537679 0.6743614 0.506101 0.537679 0.6590282 0.4636444 0.5922126 0.6568682 0.509514 0.5558055 0.7285612 0.5094552 0.4578799 0.6989749 0.6217868 0.3532921 0.76165 0.6004236 0.2436823 0.6920154 0.7113043 0.12313 0.7442067 0.6661965 0.04836016 0.7222384 0.6823464 -0.1130279 0.7099887 0.6959074 -0.1078372 0.7126682 0.691493 -0.1180747 0.5796084 0.5033252 0.6408728 0.789728 0.1453493 0.5959894 0.8421598 0.3574641 0.4037158 0.5733194 0.254436 0.7788243 0.5759102 0.2457638 0.7796971 0.7849782 0.2198293 0.5792102 0.78513 0.2193759 0.5791763 0.78513 0.2193759 0.5791762 0.7886059 0.2100648 0.5779044 0.8912513 0.1826139 0.4151185 0.5883762 0.2453939 0.7704514 0.5638868 0.3550907 0.7456155 0.7890875 0.1606243 0.5929087 0.7890875 0.1606243 0.5929088 0.7890875 0.1606243 0.5929088 0.7873897 0.1664764 0.5935513 0.8759577 0.2083882 0.4350548 0.8883637 0.1671321 0.4276409 0.8052552 0.5916931 0.03825426 0.7534785 0.6327145 -0.1787255 0.9356541 0.3470356 0.06416946 0.9209707 0.3855742 0.05608558 0.8771961 0.4715957 0.09013682 0.8546568 0.4496992 0.2594853 0.8457792 0.52469 -0.09673702 0.8251615 -0.01891112 -0.5645802 0.8041698 -0.0422486 -0.5928962 0.918906 0.00859481 -0.3943832 0.7094541 0.7045798 0.01556646 0.6173767 0.7646049 -0.1850014 0.7400078 0.6698958 -0.06023406 0.7150937 0.6439413 -0.271994 0.6924821 0.6312056 -0.3493539 0.6467704 0.5461242 -0.5323876 0.5979475 0.52292 -0.607465 0.3284853 0.2456675 -0.9120006 0.7830349 0.5838004 -0.2145544 0.7830213 0.5838016 -0.2146003 0.7830482 0.5837993 -0.2145085 0.9727517 0.2252706 0.0548405 0.9398152 0.3123205 0.1385768 0.9442004 0.2550935 -0.2083578 0.8714288 0.4259493 -0.2432678 0.8639017 0.4028673 -0.302278 0.7679083 0.1272394 -0.6277953 0.7278864 0.07703912 -0.6813563 0.8844292 0.1635581 -0.4370743 0.917634 0.008722126 -0.397331 0.9851225 0.1100974 -0.131956 0.9704577 0.1191666 0.2097887 0.9580281 0.1790964 0.2238454 0.9856543 0.1095125 -0.1284239 0.9548224 0.2483354 -0.1632287 0.8620623 0.1676505 -0.4782696 0.7902768 0.3379928 -0.5111002 0.7670422 0.3077089 -0.5629934 0.8009574 0.5987033 0.004663407 0.7653046 0.544701 -0.3429425 0.7735666 0.5460969 -0.3215168 0.6647663 0.4431043 -0.6014518 0.677875 0.4478268 -0.583041 0.629311 0.4055481 -0.6629467 0.6295521 0.4055553 -0.6627135 0.6038935 0.1974471 -0.7722224 0.5256069 0.1542264 -0.8366311 0.6956701 0.1652658 -0.6990925 0.7051622 -0.1647119 0.6896495 0.7713454 -0.1724672 0.6126019 0.7373144 -0.0215761 0.6752052 0.812988 -0.1524227 0.5619768 0.794473 0.02741187 0.6066805 0.8188555 -0.007105112 0.5739558 0.5938299 0.2094952 0.7768384 0.6143234 0.181074 0.7679967 0.865476 0.1912983 0.4629864 0.5013828 0.07859194 0.8616489 0.4829179 0.02452784 0.8753221 0.4916152 0.006017446 0.8707918 0.6586126 -0.2718241 0.7016703 0.8143193 0.1241587 0.5669823 0.8394365 0.09350585 0.5353533 0.5692505 0.2071329 0.7956444 0.5692046 0.1614961 0.8061794 0.5799313 0.1515114 0.8004525 0.5407576 0.1299039 0.8310874 0.5664084 0.0929082 0.8188709 0.5197376 0.09642374 0.8488671 0.5538651 -4.26748e-4 0.8326063 0.7216915 -0.2368075 0.6504488 0.6525071 -0.2411144 0.7183998 0.9955748 0.0123645 0.09315544 0.9337807 0.04851794 0.3545415 0.9337807 0.04851812 0.3545415 0.9337635 0.04852551 0.3545857 0.9623546 0.03728884 0.2692272 0.7556559 0.09151154 0.6485443 0.7810412 0.08953642 0.6180276 0.7810117 0.08953517 0.6180651 0.7810711 0.08953744 0.6179896 0.8140597 0.08652317 0.5743001 0.8682872 0.08452183 0.488808 0.3935039 0.134145 0.9094833 0.4341232 0.1328366 0.8910059 0.4908416 0.131204 0.8613131 0.5788069 0.1326078 0.8046104 0.6735505 0.1385723 0.7260355 0.501393 0.111927 0.8579496 0.5252044 0.09263533 0.8459191 0.5247672 0.04497432 0.8500569 0.5247482 0.04497748 0.8500686 0.5247442 -0.03732496 0.8504413 0.5247507 -0.03732401 0.8504375 0.7544991 -0.147262 0.6395663 0.6444573 -0.1715722 0.7451428 0.5251217 -0.09460371 0.8457525 0.437968 -0.1259639 0.8901221 0.5250603 -0.1353878 0.8402273 0.5248731 -0.1954618 0.8284342 0.4871599 -0.1959555 0.8510445 0.9816995 -0.04273134 0.1855807 0.9816341 0.03271108 0.1879484 0.9816828 0.01006639 0.1902571 0.9816841 0.01006573 0.1902498 0.9816837 -0.008354127 0.1903353 0.9816828 -0.008353173 0.1903397 0.9816825 -0.0266959 0.1886444 0.981683 -0.02669554 0.1886426 0.9817002 -0.04272949 0.1855777 0.8803998 -0.106409 0.4621401 0.8223248 -0.13611 0.5525001 0.8223814 -0.07971626 0.5633241 0.8223884 -0.07971733 0.563314 0.8223871 -0.0249449 0.5683812 0.8223813 -0.02494466 0.5683897 0.8223824 0.03005951 0.5681407 0.8223806 0.03005862 0.5681432 0.8224198 0.08310145 0.5627787 0.9123218 0.05548578 0.4056975 0.480345 -0.2360242 0.8447257 0.9804797 -0.09815138 0.1703705 0.9777091 -0.08799809 0.1906341 0.8805288 -0.1283643 0.4562803 0.8807796 -0.1286081 0.4557271 0.7545337 -0.1930404 0.6272276 0.7082532 -0.171616 0.6847813 0.6446837 -0.2082496 0.7355372 0.4873747 -0.2408634 0.8393158 0.9754871 -0.1258302 0.1805321 0.9699901 -0.08905214 0.2262499 0.8779958 -0.1892358 0.439674 0.863135 -0.1496508 0.482289 0.7054846 -0.2388677 0.6672584 0.6823441 -0.1983232 0.7036153 0.478766 -0.2687349 0.835802 0.4641107 -0.2487379 0.8501357 0.7841784 -0.3061492 0.5397566 0.4503917 -0.3761274 0.809738 0.4079417 -0.3299645 0.8512973 0.363838 -0.2939375 0.883868 0.4447438 -0.2763355 0.8519634 0.4620302 -0.2773417 0.8423833 0.4061274 -0.3363578 0.8496611 0.6497661 -0.3738411 0.6618512 0.4809169 -0.4274798 0.7654933 0.4789098 -0.430897 0.7648355 0.76542 -0.3743861 0.5234189 0.7694514 -0.3776758 0.5150781 0.7696805 -0.3777689 0.5146675 0.7696119 -0.3777411 0.5147907 0.7262593 -0.3463191 0.5938103 0.639383 -0.4094783 0.6507818 0.6354532 -0.4131366 0.6523169 0.9666428 -0.1439207 0.2118696 0.9665526 -0.1443813 0.2119672 0.9666428 -0.1439207 0.2118697 0.9658192 -0.1525221 0.2095959 0.9648662 -0.1354411 0.2251426 0.8984126 -0.2477831 0.3625718 0.8762798 -0.3003107 0.3767588 0.6809023 -0.2244811 0.6971229 0.5318853 -0.3080253 0.7888082 0.5385245 -0.2706246 0.7979686 0.4814835 -0.3185331 0.8165233 0.3548147 -0.3684219 0.8592858 0.3564857 -0.3510605 0.8658375 0.4363832 -0.3789524 0.8160668 0.4462054 -0.3521987 0.8227131 0.4679337 -0.3793256 0.798217 0.5978015 -0.3034257 0.7420015 0.5821925 -0.3608605 0.7285819 0.7452301 -0.2741368 0.6078496 0.7422019 -0.2911098 0.6036485 0.8611404 -0.1862365 0.4730257 0.8686081 -0.3716772 0.327683 0.9551014 -0.1683457 0.2438058 0.8864362 -0.3171725 0.3370943 0.9719447 -0.1834091 0.1472573 0.971272 -0.1366191 0.1948487 0.971272 -0.1366192 0.1948488 0.971272 -0.1366193 0.1948487 0.8539664 -0.3433524 0.3909613 0.8539664 -0.3433524 0.3909613 0.8538923 -0.3434169 0.3910664 0.8640643 -0.33225 0.378157 0.8684781 -0.3265547 0.3729717 0.9331071 -0.2544462 0.254103 0.9612153 -0.1810494 0.208054 0.6813328 -0.4149565 0.6029898 0.7687879 -0.4485648 0.4558012 0.7045634 -0.5409713 0.4592825 0.7048168 -0.4676012 0.5334627 0.717859 -0.456023 0.5260432 0.6866956 -0.4011391 0.606248 0.6868053 -0.4048261 0.6036674 0.5542597 -0.5189693 0.6507435 0.5178217 -0.5854406 0.6237949 0.4135861 -0.595293 0.6888925 0.4909791 -0.5408309 0.6829653 0.4908833 -0.4921482 0.7189046 0.4574331 -0.5136538 0.725889 0.5194447 -0.4325599 0.7369323 0.5054609 -0.4433141 0.740258 0.2516841 -0.1646602 0.9536993 0.03369075 -0.2214993 0.9745784 0.03734171 -0.3498568 0.9360587 0.1859833 -0.3163151 0.9302446 0.03481948 -0.3747711 0.9264633 0 0.2588516 -0.9659171 0 0.258851 -0.9659174 0 -0.7070791 -0.7071346 0 -0.7070771 -0.7071365 0 -0.9659287 -0.2588084 0 -0.965929 -0.2588071 0 -0.9659229 0.2588301 0 -0.9659226 0.2588315 0 0.9659282 -0.2588102 0 0.9659284 -0.2588097 0 -0.9659284 -0.2588095 0 -0.9659282 -0.2588104 0 -0.9659221 0.2588335 0 -0.9659223 0.2588325 0 0.9659222 0.2588327 0 0.965922 0.2588332 1 -5.34359e-5 0 1 5.99513e-6 0 1 1.09155e-5 0 1 -5.54484e-6 0 1 5.52151e-6 0 1 -5.50873e-6 0 1 1.4972e-6 0 1 -1.44228e-5 0 1 -5.99513e-6 0 1 -1.05942e-5 0 1 7.62762e-6 0 1 4.38199e-5 0 1 -1.83419e-4 0 1 3.5569e-5 0 1 -3.9874e-6 0 1 3.98975e-6 0 1 5.17213e-6 0 1 -1.44221e-5 0 1 1.27706e-6 0 1 2.76066e-6 0 1 2.77248e-6 0 1 -5.4584e-6 0 1 5.99549e-6 0 1 4.40606e-6 0 1 -1.0551e-6 0 1 1.26193e-4 0 1 1.05506e-6 0 1 5.03464e-6 0 1 5.84249e-5 0 1 -3.36148e-6 0 1 -3.68016e-6 0 1 -2.62261e-5 0 1 4.72144e-5 0 1 -1.3815e-5 0 1 -4.49888e-6 0 1 1.68564e-5 0 1 2.23411e-5 0 1 1.90848e-6 0 1 -1.85946e-5 0 1 4.27297e-6 0 1 7.93059e-6 0 1 1.76618e-5 0 1 4.58842e-5 0 1 -3.10403e-5 0 1 2.52111e-6 0 1 4.00237e-6 0 1 -6.1733e-6 0 1 2.97141e-6 0 1 -8.1128e-6 0 1 3.21442e-6 0 1 -5.44727e-6 0 1 -3.02281e-5 0 1 4.42578e-6 0 1 3.63494e-6 0 1 -3.3756e-6 0 1 2.76396e-5 0 1 -4.71821e-5 0 1 -1.32359e-5 0 1 6.75147e-6 0 1 7.46494e-7 0 1 -3.03016e-6 0 1 3.03016e-6 0 0.6475453 0.03723448 -0.7611168 0.7734779 0.3475077 -0.5300664 0.8417024 0.2782402 -0.4627306 0.909605 0.32145 -0.2632278 0.9226579 0.2989838 -0.2435388 0.9524765 0.2796544 -0.1207569 0.9844213 0.1635215 0.06461739 0.24905 -0.01807826 -0.968322 0.4163802 0.3256498 -0.8488697 0.4749343 0.3047315 -0.8255762 0.6324169 0.4260832 -0.6469174 0.8010071 0.2945518 -0.5211786 0.8012681 0.2913534 -0.5225731 0.7956855 0.5838771 -0.1611586 0.5152077 0.6191203 -0.5926644 0.5152053 0.6191208 -0.5926659 0.5152035 0.6191219 -0.5926665 0.5455374 0.6094049 -0.5753387 0.5874871 0.5887473 -0.5551899 0.3173051 0.658924 -0.6820093 0.1576554 0.7131584 -0.6830446 0.2638982 0.6332842 -0.7275362 0.2554655 0.6356511 -0.7284814 0.001630604 0.3702568 -0.928928 -0.02194684 0.7961962 -0.6046404 0.004099786 0.7632514 -0.6460887 0.004243373 0.7632563 -0.6460821 0.004099786 0.7632513 -0.6460887 -0.007261216 0.7257232 -0.6879484 -0.007261216 0.7257233 -0.6879485 -0.007261157 0.7257232 -0.6879485 -0.03578287 0.6986562 -0.7145622 -0.07209366 0.6872436 -0.7228409 -0.07203835 0.6871896 -0.7228976 -0.07203841 0.6871896 -0.7228977 -0.001237571 0.6598827 -0.7513678 -0.03703224 0.7924295 -0.6088386 -0.002518177 0.7130826 -0.7010756 0.001933217 0.9228393 -0.3851805 -0.02870625 0.9346986 -0.3542802 1 6.85433e-7 0 1 -6.16594e-7 0 1 5.14289e-7 0 1 2.68835e-7 0 1 -3.83356e-7 0 1 1.35621e-7 0 1 1.51019e-6 0 0.9999998 5.7526e-4 0 0.9999998 5.7526e-4 0 0.9999998 5.7526e-4 0 1 -2.00693e-5 0 0.8715541 -0.1682988 0.4605094 0.6642572 -0.6462064 -0.3757391 0.6642674 -0.6461755 -0.3757742 0.6642675 -0.6461754 -0.375774 0.7995086 -0.5875785 0.1246492 0.7994694 -0.5876151 0.1247287 0.7994693 -0.5876152 0.1247286 0.8592832 0.09877502 -0.5018724 0.8353392 -0.4919894 -0.2452651 0.8479942 -0.4651203 -0.2541047 0.9323446 -0.3555759 0.06556999 0.8941117 -0.4400627 0.08312219 0.9896418 -0.0565052 0.1319712 0.5498316 -0.6580007 -0.5145099 0.7494431 -0.4899007 -0.4453452 0.8097069 -0.5803691 -0.0868709 0.8104117 -0.5356715 -0.2372527 0.6386994 -0.7142717 -0.2861453 0.5191597 -0.6974263 -0.4940342 0.5587165 -0.6761548 -0.4802611 -0.02854543 -0.8297793 -0.5573611 -0.02858775 -0.8297908 -0.5573418 -0.02854526 -0.8297793 -0.5573612 0.2051714 -0.6884257 -0.6956829 0.4178299 -0.6762118 -0.6067584 0.8582035 -0.4744627 0.1958876 0.8164748 -0.531629 0.2252544 0.7061751 -0.6195326 -0.3427771 0.7108472 -0.5569093 0.4295909 0.9834083 -0.0129252 0.1809453 0.9713132 0.02608078 0.2363694 0.9942463 -0.07179421 -0.07949918 0.7401081 -0.4750722 0.4759688 0.6872966 -0.4902186 0.5360123 0.6758319 -0.4864993 0.5536872 0.6758319 -0.4864994 0.5536873 0.6902335 -0.4854813 0.5365499 0.6305387 -0.7750278 -0.04186779 0.6469585 -0.7568538 0.09282845 0.6474674 -0.7570238 0.08775603 0.6011269 -0.7647172 -0.2320649 0.6901241 -0.6786174 -0.2514104 0.7182334 -0.5626644 -0.4093285 0.7533517 -0.570098 -0.3277952 0.7464121 -0.4733691 -0.4677509 0.8242022 -0.4163075 -0.3838994 0.7630608 -0.3546724 -0.54032 0.8569732 -0.2474706 -0.4520567 0.9578816 -0.1839092 0.2205451 0.9427523 -0.07955712 0.3238653 0.9805151 -0.1955505 0.01871049 0.9966886 -0.07848107 -0.02127569 0.9254622 -0.1390081 -0.3524153 0.6712862 -0.6874257 -0.2771654 0.7642489 -0.6436193 -0.04096233 0.8114727 -0.5796214 -0.0745064 0.8544713 -0.4824237 0.1927338 0.8918408 -0.4220593 0.1627454 0.8940808 -0.4249929 0.1414243 0.9431945 -0.318646 0.09406924 0.767889 -0.4649038 0.440694 0.6758202 -0.7125056 -0.188687 0.707308 -0.7047473 0.0551964 0.6174036 -0.7583152 -0.2092151 0.5570924 -0.8114859 -0.1764622 0.5522748 -0.8064852 -0.2111261 0.5372113 -0.8187909 -0.2024487 0.6962893 -0.634262 -0.3359956 0.8061687 -0.586555 -0.07775282 0.8448795 -0.5238618 -0.1083872 0.8418387 -0.5238835 -0.1298218 0.8926386 -0.4138223 -0.1787384 0.8893806 -0.4134348 -0.1951251 0.9266431 -0.2846279 -0.2456005 0.8116883 -0.1601652 -0.5617021 0.7832309 -0.2217437 -0.5808435 0.9422163 -0.1415597 -0.3036269 0.9242227 -0.2841501 -0.2550905 0.9803204 -0.1953511 0.02845692 0.9442511 -0.3200097 0.07735544 0.9050259 -0.1834785 0.3837496 0.8919154 -0.3736446 0.2547093 0.8741816 -0.2495816 0.4165521 0.8386946 -0.3621477 0.4067438 0.8281902 -0.429796 0.3596891 0.786578 -0.3744206 0.4910238 0.7412217 -0.4988445 0.4491598 0.7499446 -0.5802506 0.3176356 0.6820605 -0.6395289 0.3546777 0.7074278 -0.6616615 0.2484957 0.5442931 0.5380229 -0.6436432 0.4069976 0.7489879 -0.5228482 -1 4.96911e-6 0 -1 -2.10048e-6 0 -1 -1.2423e-6 0 -1 1.33162e-6 0 -1 -1.81892e-6 0 0 -0.9839304 -0.1785528 -0.3552639 -0.9296452 -0.09771084 0 -0.9678339 -0.2515897 -0.4150012 -0.8652898 -0.2811543 0 -0.9362342 -0.3513765 0 -0.8177305 -0.5756013 -0.2222263 -0.8443708 -0.4874972 -0.2222557 -0.8443682 -0.4874885 0 -0.9073619 -0.4203506 0 -0.7724182 -0.6351143 -0.4149544 -0.6761443 -0.6088036 0 -0.7018066 -0.7123677 0 -0.6465914 -0.7628366 -0.3552042 -0.549452 -0.7562623 0 -0.5633265 -0.8262344 0 -0.4338862 -0.9009677 -0.3552779 -0.3801965 -0.8539487 0 -0.3373286 -0.941387 0 -0.266037 -0.9639629 -0.4149919 -0.189161 -0.8899438 0 -0.1638173 -0.9864908 0 0.089648 -0.9959736 -0.2222737 0 -0.9749843 -0.2222818 0 -0.9749825 0 -0.089648 -0.9959736 0 0.1638173 -0.9864908 -0.4149926 0.1891613 -0.8899434 0 0.2660387 -0.9639624 0 0.3373314 -0.9413861 -0.3552779 0.3801965 -0.8539487 0 0.4338865 -0.9009677 0 0.5633242 -0.8262361 -0.3552257 0.5494472 -0.7562555 0 0.6465988 -0.7628303 0 0.7018039 -0.7123702 -0.4149836 0.6761336 -0.6087956 0 0.7724199 -0.6351122 -0.2222673 0.8443627 -0.4874924 -0.222187 0.8443786 -0.4875016 0 0.8177351 -0.5755949 -0.4150358 0.8652746 -0.28115 0 0.9362327 -0.3513807 0 0.9073667 -0.4203402 -0.3552694 0.9296427 -0.09771406 0 0.9839301 -0.1785545 0 0.9678367 -0.2515794 -0.3552651 0.9296444 0.09771454 0 0.9972038 0.07473069 0 0.9972038 -0.07473003 0 0.9073646 0.4203445 0 0.9362342 0.351377 -0.4150288 0.8652783 0.2811493 0 0.9678367 0.2515794 0 0.9839301 0.1785545 -0.2222547 0.8443642 0.4874956 -0.2222504 0.8443652 0.4874958 0 0.8177274 0.5756057 0 0.7724199 0.6351122 -0.4149639 0.6761403 0.6088017 0 0.7018077 0.7123664 0 0.6465921 0.7628359 -0.3552055 0.5494478 0.7562646 0 0.5633242 0.8262361 0 0.4338939 0.900964 -0.35531 0.3801915 0.8539375 0 0.3373212 0.9413897 0 0.2660422 0.9639615 -0.4150422 0.1891537 0.8899219 0 0.1638103 0.9864919 0 -0.08965086 0.9959732 -0.2222616 0 0.974987 -0.2222903 0 0.9749806 0 0.08965086 0.9959732 0 -0.1638103 0.9864919 -0.4150415 -0.1891534 0.8899223 0 -0.2660405 0.9639619 0 -0.3373185 0.9413906 -0.35531 -0.3801915 0.8539375 0 -0.4338937 0.9009641 0 -0.5633265 0.8262344 -0.3552055 -0.5494477 0.7562648 0 -0.6465847 0.7628422 0 -0.7018104 0.7123638 -0.4149643 -0.676141 0.6088005 0 -0.7724182 0.6351143 -0.2222749 -0.8443612 0.4874916 -0.2222727 -0.8443648 0.4874865 0 -0.8177229 0.5756121 -0.414992 -0.8652949 0.2811521 0 -0.9362357 0.3513727 0 -0.9073598 0.420355 0 -0.9972038 -0.07472974 0 -0.9972038 0.07473039 -0.3552598 -0.9296467 0.09771102 0 -0.9839304 0.1785528 0 -0.9678339 0.2515897 0.5473529 0.8133733 -0.1970505 0.5473528 0.8133733 -0.1970506 0.5473529 0.8133733 -0.1970506 0.03759163 0.997344 -0.06238561 0.2731606 0.961871 0.01368904 0.2731606 0.961871 0.01368904 0.2731606 0.961871 0.01368904 0.2197633 0.9746828 0.04120212 0.2452232 0.9646696 0.09632301 0.01627427 0.7607781 0.6488081 0 0.6918336 0.722057 -1.52641e-5 0.6918565 0.7220351 1.45181e-5 0.7608047 0.6489811 -0.01614063 0.7795361 0.6261494 -0.5737307 0.7915552 -0.2104127 -0.5737307 0.7915553 -0.2104128 -0.5736562 0.7916135 -0.210397 -0.2457401 0.9644861 0.09684163 -0.2104108 0.9774132 0.01976549 -0.2563776 0.9663991 0.01852929 -0.07051825 0.9925439 -0.09941792 0.691101 -0.30835 0.6536818 0.2435488 -0.05632066 0.9682521 0.4646337 -0.006331682 0.8854805 0.4314131 -0.01885706 0.9019575 0.5929858 0.03242486 0.8045598 0.740372 0.1270312 0.6600852 0.6866478 0.01802432 0.7267668 0.8315569 0.01902836 0.5551136 0.7628691 -0.06931936 0.6428263 0.8886041 -0.1500249 0.4334462 0.8038075 -0.0482493 0.5929296 0.7881817 -0.05693012 0.6128038 0.7881658 -0.05697202 0.6128206 0.7881819 -0.05692952 0.6128036 0.8753917 -0.04944568 0.4808792 0.914564 -0.1243352 0.3848553 0.9707561 0.06828546 0.2301513 0.9078105 -0.2651625 0.324914 0.9342975 -0.334088 0.1243929 0.7801862 -0.6043738 0.1613751 0.8588671 -0.5027814 0.09776675 0.7517027 -0.6583604 -0.03879255 0.81651 -0.5726433 -0.07342427 0.5896912 -0.7411455 0.3208857 0.8959278 -0.4419103 0.04504263 0.5088865 -0.7293385 0.4572746 0.899923 -0.3828447 0.2087306 0.572745 -0.5663674 0.5926139 0.907655 -0.1614735 0.3874132 0.6113584 -0.03327894 0.7906538 0.5454647 -0.3625738 0.7556512 0.6549677 -0.325671 0.6818767 0.7931355 -0.2129487 0.570604 0.6011064 -0.4483119 0.6615797 0.6548399 8.75604e-4 0.7557672 0.554895 -0.1400375 0.8200495 0.5220342 0.1605065 0.8376861 0.8514782 -0.4373376 0.2893452 0.8091449 -0.3460412 0.4749106 0.8301575 -0.3342814 0.4462001 0.7521897 -0.2390689 0.6140496 0.7481504 -0.2409832 0.6182217 0.6893138 -0.1287693 0.7129271 0.6108519 -0.10971 0.784107 0.6349423 0.1639608 0.7549604 0.5054738 0.05729907 0.8609374 0.6195429 -0.7543659 -0.2170225 0.6772843 -0.7351967 -0.02778249 0.5729169 -0.8039098 0.159672 0.8488692 -0.5144687 0.1214215 0.8338136 -0.4501106 0.3196176 0.9277529 -0.2446549 0.2818133 0.8673532 -0.1652634 0.4694535 0.9173498 0.09863269 0.3856694 0.8193404 0.01835143 0.5730137 1 9.93954e-6 0 1 -1.14772e-5 0 1 -1.8189e-6 0 1 -1.33162e-6 0 1 1.81892e-6 0 0 -0.6507089 -0.7593273 0 -0.6507382 -0.7593023 0 -0.9001724 -0.4355339 0 -0.9001776 -0.4355232 0 -0.9950433 -0.09944236 -0.04124486 -0.9991474 0.001844823 -0.04124486 -0.9991474 0.001844823 -0.04124486 -0.9991474 0.001844823 0 -0.991914 0.1269114 0 -0.991914 0.1269114 0 -0.991914 0.1269114 0 -0.9158681 0.4014795 0 -0.9158726 0.4014694 0 0.5560464 0.8311513 0 0.6230356 0.7821936 -0.8136872 0.3802932 0.4396481 0.6027267 0.5908136 0.5363394 -0.4626237 0.6956981 0.5495303 0 0.8101913 0.5861656 -0.1702306 0.4746504 0.8635558 -0.7719435 0.2909747 0.5651876 0 0.3785178 0.925594 0 0.3006513 0.9537342 -0.8365347 0.1290187 0.5325071 0 0.1854574 0.9826523 -0.6704856 0 0.7419226 -0.5461394 0.004887461 0.8376801 -0.5461394 0.004887402 0.8376801 -0.5461394 0.004887461 0.8376801 0 0.1035619 0.994623 -0.8409842 -0.1274073 0.525845 0 -0.1797028 0.983721 0 -0.09774357 0.9952117 0 -0.5513888 0.8342484 -0.3903977 -0.4339879 0.8119385 -0.7262155 -0.3146778 0.6112193 0 -0.3730766 0.9278005 0 -0.2951007 0.9554662 0 -0.6184517 0.7858229 -0.8289691 -0.3659077 0.4229915 0.5969607 -0.5876626 0.5461599 -0.4776373 -0.6894266 0.5445674 0 -0.806768 0.5908684 0 0.9157136 0.4018316 -2.05053e-4 0.6510432 -0.7590407 -2.05051e-4 0.6510432 -0.7590407 0 0.6507142 -0.7593227 0 0.9156765 0.4019162 -1.41876e-7 0.99195 0.1266304 0 0.99195 0.1266304 0 0.99195 0.1266306 -0.04106545 0.9991551 0.00170654 -0.04106551 0.9991551 0.00170648 -0.04106551 0.9991551 0.00170648 0 0.651041 -0.7590427 0 0.651041 -0.7590427 0 0.651041 -0.7590427 0 0.9001204 -0.4356413 0 0.900162 -0.4355554 0 0.9950566 -0.0993101 0 0.9950566 -0.09931015 0 0.9950566 -0.09931021 0 0.500025 -0.866011 -8.18215e-5 0.4999008 -0.8660827 -4.77598e-5 0.5001063 -0.865964 -4.77978e-5 0.5001063 -0.8659641 5.91735e-5 0.500015 -0.8660168 0 0.4999657 -0.8660454 -6.80964e-5 0.4940934 -0.8694089 -7.93589e-5 0.4940152 -0.8694534 -5.06304e-5 0.4940571 -0.8694294 -2.9338e-4 0.4996025 -0.8662548 0 0.6379809 -0.7700523 0 -0.4738461 0.8806076 0.0333786 -0.3477416 0.9369961 -0.03910452 -0.2855213 0.9575743 0.05639863 0.05979496 0.9966163 0.0809971 0.5239014 0.8479192 -0.0217604 0.4225477 0.9060794 0.02914094 0.07910698 0.9964402 0.0781154 0.8633909 0.4984517 -6.65033e-5 0.7778564 0.6284421 -3.27823e-5 0.6503078 0.7596709 0.04786121 0.9984081 0.02984207 0.03013277 0.9985639 0.0442968 -0.02281415 0.9184247 0.3949377 -0.01873642 0.6482404 -0.7612052 0.02242314 0.8821517 -0.4704316 0.0550915 0.893032 -0.4466084 1.23931e-5 0.9661906 -0.2578291 1.05144e-5 0.9842073 -0.1770201 0 -0.4999902 0.8660311 -7.60548e-5 -0.5002675 0.865871 -7.60404e-5 -0.5002675 0.865871 9.70678e-5 -0.5001961 0.8659121 0 -0.5000069 0.8660214 -6.70549e-5 -0.5000616 0.8659898 -6.70797e-5 -0.5000616 0.8659899 2.48021e-4 -0.4999617 0.8660476 -0.006773352 -0.5007017 0.8655934 -0.006802856 -0.5007263 0.865579 -0.00676614 -0.500694 0.8655979 -5.44224e-5 -0.4999761 0.8660393 -5.45415e-5 -0.4999761 0.8660392 -5.45187e-5 -0.4999761 0.8660392 0 -0.3321496 0.9432268 0 -0.3321235 0.9432359 0 0.07270514 0.9973536 0 0.07270514 0.9973536 0 0.07270514 0.9973536 0 0.07304751 0.9973285 0 0.4113038 0.9114983 -0.04126054 0.5010986 0.8644061 0 0.6056523 0.7957295 0 0.8054615 0.5926482 1.03476e-4 0.8057501 0.5922556 1.0349e-4 0.8057501 0.5922557 1.03533e-4 0.8057501 0.5922557 0 0.1025356 -0.9947294 -0.7030825 0.129233 -0.6992667 0.09672635 0.2109292 -0.9727039 -0.1034762 0.3681169 -0.9240036 -0.6470646 0.296093 -0.7025926 0 0.4656768 -0.8849549 0 0.5372797 -0.8434042 -0.7855628 0.3569917 -0.5054188 0 0.6250943 -0.7805492 0 0.6874915 -0.7261924 -0.7479895 0.4902523 -0.4473973 0.2988429 0.732963 -0.6111122 -0.3682325 0.8024484 -0.4695547 -0.535422 0.7314233 -0.4223071 0 0.9085142 -0.417854 0 0.9399514 -0.3413082 -0.7708504 0.6071369 -0.1928073 0 0.9712793 -0.2379427 0 0.9876253 -0.1568323 -0.7740023 0.630541 -0.05778205 0 0.9987787 -0.04940873 0 0.9994438 0.03335136 -0.5576302 0.823639 0.103283 -0.3269705 0.9367107 0.1251539 0.270507 0.9201769 0.2830204 -0.7421301 0.631697 0.2240577 0 0.9151149 0.4031931 0 -0.1100672 -0.9939242 0 -0.9828796 -0.1842495 0 -0.1100752 -0.9939233 0 -0.3863191 -0.9223652 -0.04122853 -0.4979996 -0.8661968 0 -0.9828751 -0.1842729 0 -0.8273482 -0.5616893 0 -0.8273729 -0.5616531 0 -0.5835673 -0.8120648 0 -1 0 0 -1 -1.36799e-4 0 -1 -2.66681e-5 6.20261e-6 -0.9999924 0.003930926 0 -0.9999924 0.003930926 1.31404e-5 -0.9999924 0.003930866 0 -0.985876 -0.1674771 0 0.9995396 -0.03034019 0.03333091 0.9853205 -0.1674297 -0.0390774 0.9720426 -0.2315302 0.05643624 0.8332456 -0.5500153 0.08096784 0.4723119 -0.8777049 -0.02186375 0.573441 -0.8189551 0.02904599 0.8233999 -0.5667179 0.07809644 0 -0.9969458 -1.1087e-5 0.1552544 -0.9878745 0 0.3327276 -0.943023 0.04785239 -0.473327 -0.8795861 0.03016203 -0.4609207 -0.8869287 -0.02280676 -0.1171094 -0.9928571 -0.01874095 -0.9833472 -0.180768 0.02245211 -0.8484578 -0.5287867 0.05502325 -0.8333111 -0.5500591 -3.09787e-5 -0.7065071 -0.707706 -3.50482e-5 -0.6455045 -0.7637565 0 1 2.18325e-6 0 0.9829453 -0.1838983 0 0.9829381 -0.1839374 0 0.8273482 -0.5616893 0 0.8273236 -0.5617257 0 0.5833866 -0.8121947 -0.04112279 0.4980017 -0.8662005 0 0.3864869 -0.922295 0 0.1100813 -0.9939226 0 0.1100752 -0.9939233 0 -0.9978089 0.06616204 0 -0.9889202 0.1484485 -0.8136487 -0.5709425 0.1095472 0.6027886 -0.7598568 0.2434411 -0.4627554 -0.8236811 0.32773 0 -0.9127288 0.4085661 -0.170477 -0.985143 -0.02076131 -0.771988 -0.6349005 -0.03059643 0 -0.9908432 -0.1350173 0 -0.9762874 -0.216479 -0.8365303 -0.5256822 -0.1545162 0 -0.9437298 -0.3307179 -0.670382 -0.642603 -0.3710114 -0.5462781 -0.7278283 -0.4145436 0 -0.9131476 -0.4076292 -0.8409281 -0.3917411 -0.3733349 0 -0.762086 -0.6474759 0 -0.8130459 -0.5821996 0 -0.4468795 -0.8945943 -0.3902103 -0.4862172 -0.7818752 -0.7261822 -0.3720095 -0.5781595 0 -0.6169672 -0.7869889 0 -0.6799156 -0.7332904 0 -0.3713343 -0.9284993 -0.8289037 -0.1833853 -0.5284776 0.5971656 -0.179125 -0.7818617 -0.4773853 -0.1269075 -0.8694815 0 -0.108349 -0.994113 1.70312e-4 -0.805435 0.5926843 1.703e-4 -0.805435 0.5926843 1.70281e-4 -0.805435 0.5926843 0 0.3320273 0.9432698 0 -0.8057118 0.5923078 0 -0.6057115 0.7956845 0 -0.6057115 0.7956845 0 -0.6057115 0.7956844 -0.04131197 -0.5010803 0.8644143 0 0.332008 0.9432767 0 -0.07308036 0.9973261 0 -0.0730794 0.9973261 0 -0.4116604 0.9113374 0 -0.4116604 0.9113374 0 -0.4116604 0.9113374 0 0.4999811 0.8660364 9.7664e-5 0.5000542 0.8659942 9.76879e-5 0.5000542 0.8659942 9.76928e-5 0.5000542 0.8659942 6.50874e-5 0.499985 0.8660342 0 0.5000737 0.8659829 -2.36077e-4 0.4983653 0.8669672 -1.88751e-4 0.4983689 0.8669651 -1.96587e-4 0.4983587 0.8669709 9.78349e-5 0.4998142 0.8661327 0 0.3479792 0.9375023 0 -0.5257771 -0.8506225 0.03339993 -0.6376391 -0.769611 -0.03911316 -0.6865853 -0.7259965 0.05639696 -0.8929556 -0.4465981 0.08094614 -0.9962722 0.02982413 -0.02180683 -0.9959662 -0.08703982 0.02910524 -0.902466 -0.4297767 0.07810485 -0.8633864 0.4984613 -3.32582e-5 -0.9331703 0.3594347 5.46418e-6 -0.9830498 0.183339 0.04788911 -0.5250454 0.8497259 0.03013908 -0.5376459 0.842632 -0.02280777 -0.8012861 0.5978467 -0.01845788 0.3351519 0.9419834 -0.01845788 0.3351518 0.9419834 0.02238392 -0.0337252 0.9991806 0.05508923 -0.05979639 0.9966894 4.9563e-5 -0.2596298 0.9657083 5.6075e-5 -0.338819 0.9408516 0 -0.4999898 -0.8660314 3.4954e-4 -0.50011 -0.8659619 3.49558e-4 -0.50011 -0.8659619 3.49624e-4 -0.50011 -0.865962 0 -0.5000032 -0.8660236 9.92061e-5 -0.4999989 -0.8660261 0 -0.4994182 -0.866361 0 -0.4994183 -0.866361 0 -0.4994182 -0.866361 -1.96493e-4 -0.4997795 -0.8661527 0.02380955 -0.7133647 0.7003884 0.08707618 -0.5058041 0.8582423 0.08707618 -0.5058042 0.8582424 0.0870763 -0.5058043 0.8582423 0.0841906 -0.2579322 0.9624879 0.08420336 -0.2578622 0.9625056 0.08417963 0.2578986 0.9624978 0.08441889 0.257831 0.9624951 0.08438616 0.7045954 0.7045739 0.08436018 0.7045829 0.7045894 0.08399778 0.9625093 0.2579151 0.08399772 0.9625093 0.2579151 0.08399772 0.9625093 0.2579151 0.08386725 0.9625269 0.2578921 0.0838893 0.9625144 -0.2579314 0.08384037 0.9625219 -0.2579197 0.08384037 0.9625218 -0.2579197 0.08398956 0.7046667 -0.70455 0.08401107 0.704599 -0.7046151 0.08412343 0.2578982 -0.962503 0.08426672 0.2579002 -0.9624899 0.08426672 0.2579001 -0.9624898 0.08399695 0.2579015 -0.962513 0.08423274 -0.2579022 -0.9624922 0.08423268 -0.2579002 -0.9624928 0.08389842 -0.2579164 -0.9625176 0.08446747 -0.2578616 -0.9624826 0.08446747 -0.2578616 -0.9624826 0.08378899 -0.7046341 -0.7046064 0.08426666 -0.7046049 -0.7045787 0.08426666 -0.7046049 -0.7045787 0.08378851 -0.7045962 -0.7046443 0.08368718 -0.9625501 -0.2578639 0.08421528 -0.9624749 -0.2579728 0.08418333 -0.9625028 0.2578791 0.08415138 -0.9624996 0.2579017 0.08415138 -0.9624996 0.2579017 0.08415138 -0.9624996 0.2579017 0.08400237 -0.7045946 0.7046205 0.02361923 -0.7134232 0.7003353 0.08719515 -0.506014 0.8581066 0.08721363 -0.5056005 0.8583484 0.08418762 -0.257923 0.9624906 0.08419561 -0.2578888 0.9624991 0.08418715 0.257897 0.9624977 0.08419859 0.2578949 0.9624972 0.08433169 0.7046002 0.7045756 0.08400923 0.7046131 0.7046013 0.08410197 0.9625145 0.257862 0.08413916 0.9624941 0.2579261 0.08415877 0.9625033 -0.2578853 0.084077 0.9625073 -0.2578969 0.08403587 0.7046425 -0.7045687 0.08422899 0.7045933 -0.7045948 0.08404016 0.2579232 -0.9625034 0.08414614 0.2578868 -0.962504 0.08418816 -0.2579001 -0.9624967 0.08406883 -0.2579016 -0.9625068 0.08427923 -0.7046218 -0.7045603 0.08422213 -0.7045701 -0.7046189 0.08432883 -0.9624801 -0.257916 0.08417946 -0.9624943 -0.2579121 0.08418238 -0.9624921 0.2579193 0.0840314 -0.9625183 0.257871 0.0840314 -0.9625183 0.257871 0.0840314 -0.9625183 0.257871 0.08419644 -0.7045838 0.7046082 0.02354866 -0.7134372 0.7003234 0.0235486 -0.7134371 0.7003234 0.0235486 -0.7134371 0.7003234 0.08719289 -0.5059006 0.8581737 0.08719289 -0.5059006 0.8581737 0.08716934 -0.5058217 0.8582226 0.08458125 -0.2579236 0.9624559 0.0841977 -0.2578448 0.9625107 0.08418864 0.2579261 0.9624898 0.08456927 0.2578499 0.9624769 0.08448112 0.7045667 0.7045913 0.08447259 0.7045533 0.7046056 0.08409446 0.962504 0.2579036 0.08395171 0.9625124 0.2579189 0.08409446 0.962504 0.2579036 0.08405053 0.9625105 0.2578938 0.08403646 0.9625101 -0.2578995 0.08437263 0.962495 -0.2578462 0.08408319 0.7046273 -0.7045782 0.08416569 0.7045776 -0.704618 0.08379995 0.2579407 -0.9625198 0.08409911 0.2579153 -0.9625005 0.08389621 -0.2579095 -0.9625198 0.08403259 -0.2579364 -0.9625006 0.08436262 -0.2578774 -0.9624876 0.08408319 -0.7046273 -0.7045782 0.08456033 -0.704582 -0.7045664 0.0840857 -0.7045671 -0.7046381 0.08427125 -0.9624823 -0.2579271 0.0840516 -0.9625025 -0.2579231 0.0840516 -0.9625025 -0.2579231 0.0840516 -0.9625025 -0.257923 0.08447426 -0.9624559 0.2579587 0.08444112 -0.9624499 0.2579922 0.08448594 -0.7045542 0.7046031 0.4919552 0.7541743 0.4349728 0.4919446 0.7539943 0.4352968 0.4919047 0.7538592 0.4355757 0.4919963 -0.7541214 -0.435018 0.4919229 -0.7540464 -0.435231 0.4919269 -0.7541063 -0.4351226 0.4919444 -0.7540025 -0.4352828 0.4919444 -0.7540025 -0.4352828 0.4919616 -0.4353944 0.7539268 0.4919575 -0.4352985 0.7539847 0.4919301 -0.4352155 0.7540506 0.4920005 0.4352196 -0.7540023 0.4919432 0.4353026 -0.7539917 0.4919014 0.4352236 -0.7540647 0.9999999 6.4262e-4 0 0.9999999 6.42145e-4 0 0.9999999 6.42534e-4 0 1 8.69408e-5 0 1 8.68143e-5 0 1 8.70019e-5 0 1 -9.83381e-5 0 1 1.37227e-5 0 1 -3.58744e-5 0 1 -8.55411e-5 0 1 -2.9391e-5 0 1 -5.23368e-5 0 1 3.61337e-5 0 1 5.57248e-5 0 1 5.56823e-5 0 1 5.5596e-5 0 1 -5.70199e-5 0 1 -3.32745e-5 0 1 -7.61963e-5 0 1 2.95434e-5 0 1 -4.76145e-5 0 1 4.72724e-5 0 1 -2.85812e-5 0 0.4919562 0.7540446 0.4351963 0.4919334 0.7539856 0.4353244 0.4919248 0.7539405 0.4354124 0.4919564 -0.7537651 -0.4356799 0.4919514 -0.7538876 -0.435474 0.4919544 -0.7538141 -0.4355975 0.4919363 -0.7539713 -0.4353458 0.4919608 -0.7539275 -0.4353941 0.4919655 -0.4353769 0.7539343 0.4919577 -0.4352904 0.7539895 0.4919582 -0.4352611 0.754006 0.4919462 0.4352677 -0.75401 0.4919596 0.4352909 -0.7539879 0.491951 0.4352631 -0.7540095 1 1.63377e-5 0 1 3.12727e-4 0 1 3.1264e-4 0 1 3.12374e-4 0 1 7.84265e-6 0 1 1.85014e-5 0 1 2.62004e-4 0 1 2.62028e-4 0 1 2.6202e-4 0 1 -3.1359e-5 0 1 -1.1187e-4 0 1 -1.11479e-4 0 1 -1.11576e-4 0 1 -2.16807e-4 0 1 -2.1673e-4 0 1 -2.16493e-4 0 1 -3.2375e-5 0 1 7.34349e-5 0 1 -1.79379e-5 0 0.4919741 0.7540872 0.4351023 0.4919619 0.7539776 0.435306 0.4919425 0.7540332 0.4352316 0.4919889 -0.7539941 -0.4352471 0.4919509 -0.753945 -0.4353749 0.4919381 -0.7539556 -0.4353711 0.49196 -0.4352925 0.7539868 0.4919701 -0.435293 0.7539799 0.4919196 -0.4352062 0.754063 0.49196 0.4352925 -0.7539868 0.4919558 0.435297 -0.7539868 0.4919697 0.4353845 -0.7539271 1 -1.46671e-4 0 1 1.79417e-5 0 1 1.84993e-5 0 1 1.79359e-5 0 1 -2.2087e-4 0 0.9999997 -7.67014e-4 0 0.9999997 -7.67014e-4 0 0.9999997 -7.67014e-4 0 1 8.56625e-5 0 1 8.97537e-6 0 1 -2.72643e-5 0 1 2.33335e-4 0 1 -7.17515e-5 0 1 3.1348e-5 0 1 -4.62381e-6 0 0 -0.4989436 0.8666345 0 -0.4989014 0.8666588 1.26212e-7 -0.4989852 0.8666107 0 -0.5000332 0.8660063 0 0.5002233 -0.8658965 0 0.5002233 -0.8658965 0 0.5001403 -0.8659445 1.39131e-5 0.4999385 -0.866061 0 0.6591304 -0.7520287 -0.003987252 0.6373733 -0.770545 -0.003987312 0.6373733 -0.7705448 -0.003987312 0.6373733 -0.770545 0.004602968 0.8968368 -0.4423378 0.004602968 0.8968368 -0.4423378 0.004602968 0.8968368 -0.4423378 -0.00896722 0.8544076 -0.519526 -0.00896722 0.8544077 -0.519526 -0.00896722 0.8544077 -0.519526 0.004270493 0.9774177 -0.211274 0.004270493 0.9774176 -0.2112739 0.004270434 0.9774177 -0.211274 -0.006502032 0.9978204 -0.06566739 -2.6295e-6 0.9991381 0.04151093 -1.24449e-5 0.9788817 0.204428 -0.006294667 0.9468933 0.3214864 0 0.9198624 0.3922414 4.33799e-5 0.8657395 0.5004948 -3.39434e-5 0.8657112 0.5005441 -3.41268e-5 0.8657113 0.5005439 0 0.8659985 0.5000467 0 0.8659579 0.5001171 0 0.865958 0.5001169 -1.01801e-6 0.8659581 0.5001168 2.78293e-5 0.8660342 0.4999848 0 0.7711742 0.6366243 -0.0107969 0.7072104 0.7069207 -2.4691e-5 0.0240091 0.9997118 -2.44601e-5 0.0240091 0.9997118 -2.49516e-5 0.0240091 0.9997118 -0.002997994 0.211494 0.9773747 -0.009265184 0.2588074 0.9658845 1.71715e-5 0.4363069 0.8997979 2.62081e-5 0.5803587 0.814361 -1.61257e-5 -0.1402905 0.9901104 -1.60184e-5 -0.1402905 0.9901104 -1.60986e-5 -0.1402905 0.9901104 -0.01162838 -0.2588194 0.9658558 0 -0.3914281 0.9202087 0 -0.3914281 0.9202087 0 -0.3914281 0.9202087 7.76665e-6 0.5000149 -0.8660169 -1.93911e-5 0.5000493 -0.8659971 8.92929e-6 0.5000137 -0.8660175 0 0.4999395 -0.8660603 0 -0.4993882 0.8663784 3.73017e-7 -0.4993881 0.8663785 2.95064e-6 -0.4993879 0.8663786 5.56433e-5 -0.4999693 0.8660433 0 -0.6591876 0.7519786 2.09085e-7 -0.6591876 0.7519786 0 -0.6591876 0.7519786 -0.003959596 -0.6372998 0.7706058 0.004568517 -0.89697 0.4420679 0.004568576 -0.89697 0.4420679 0.004568576 -0.8969701 0.4420679 -0.00892663 -0.8546087 0.5191959 -0.00892657 -0.8546087 0.5191959 -0.008935213 -0.8545341 0.5193185 0.004289805 -0.9774832 0.2109702 -0.006483376 -0.9978624 0.06502836 -2.62642e-6 -0.9991401 -0.04146236 -5.36919e-6 -0.9786935 -0.205327 -5.29171e-6 -0.9786934 -0.205327 -1.24634e-5 -0.9787623 -0.2049987 -0.006252884 -0.9469493 -0.3213222 0 -0.9200561 -0.3917868 0 -0.9201875 -0.391478 0 -0.9200561 -0.3917868 -6.52652e-4 -0.8663052 -0.4995146 -6.52477e-4 -0.8663065 -0.4995126 -6.5357e-4 -0.8663027 -0.4995191 0 -0.8660314 -0.4999897 0 -0.8664711 -0.4992274 -2.55528e-7 -0.8664472 -0.4992688 0 -0.8664711 -0.4992272 1.39137e-5 -0.8660706 -0.4999218 0 -0.7517856 -0.6594076 -0.00420922 -0.770372 -0.6375808 -0.00420916 -0.770372 -0.6375809 -0.00420922 -0.770372 -0.6375808 0.004638612 -0.4422609 -0.8968745 -0.008931517 -0.5194349 -0.8544634 0.004272758 -0.2114445 -0.9773807 0.004272699 -0.2114445 -0.9773807 0.004281938 -0.2115382 -0.9773604 -0.006472289 -0.06506884 -0.9978598 0 0.04169815 -0.9991303 -1.38228e-5 0.2043901 -0.9788896 -1.37314e-5 0.2043901 -0.9788896 -1.38775e-5 0.2043901 -0.9788896 -0.006327211 0.321402 -0.9469218 0 0.3918858 -0.920014 0 0.3918858 -0.920014 0 0.3919739 -0.9199763 0 -0.4995017 0.8663129 0 -0.4995016 0.866313 0 -0.4995017 0.8663129 0 -0.4999843 0.8660345 0 0.4999572 -0.8660503 0 0.4999573 -0.8660501 0 0.4999575 -0.8660501 2.78265e-5 0.4999938 -0.8660291 0 0.6592739 -0.7519028 -0.003975987 0.6370654 -0.7707995 0.004621088 0.8969084 -0.4421923 -0.008917868 0.8545992 -0.5192118 0.004280149 0.9774599 -0.2110783 0.004278242 0.9774295 -0.2112189 0.00428009 0.9774599 -0.2110783 -0.006525635 0.9978349 -0.06544429 -3.5047e-6 0.9991105 0.04216855 3.42208e-5 0.9991245 0.04183542 3.42039e-5 0.9991245 0.04183542 -1.66055e-5 0.9788221 0.2047131 -0.00627917 0.9469215 0.3214035 0 0.9200348 0.3918367 5.40715e-5 0.8657603 0.500459 -2.51582e-5 0.8657333 0.5005057 5.41093e-5 0.8657603 0.500459 0 0.8660069 0.5000324 0 0.8656066 0.5007246 1.39143e-5 0.8660146 0.5000187 0 0.7518609 0.6593218 -0.003966927 0.7707523 0.6371226 0.004587233 0.4423177 0.8968468 -0.008945286 0.5193164 0.8545352 0.004280805 0.2111777 0.9774383 -0.006485879 0.06542056 0.9978368 -5.47238e-7 -0.04140532 0.9991425 -1.66191e-5 -0.2048143 0.9788009 -0.006262063 -0.3214745 0.9468975 0 -0.3919484 0.9199873 0 0.5003321 -0.8658336 0 0.5002487 -0.8658818 0 0.5002493 -0.8658815 0 0.5000015 -0.8660247 0 -0.4999594 0.8660489 0 -0.4999594 0.8660489 0 -0.4999594 0.8660489 -2.08706e-5 -0.4999207 0.8660712 0 -0.6594908 0.7517127 -0.003999352 -0.6371003 0.7707706 0.00457561 -0.8967866 0.4424399 -0.008923649 -0.8546251 0.5191689 0.004281401 -0.9774174 0.2112749 -0.006492078 -0.9978352 0.06544351 -1.27939e-5 -0.9991163 -0.04203391 -1.27476e-5 -0.9991162 -0.04203391 -1.28057e-5 -0.9991163 -0.04203391 2.90832e-5 -0.9788152 -0.2047455 -0.006228327 -0.9469296 -0.3213809 0 -0.9203031 -0.3912063 1.77999e-6 -0.8660123 -0.5000228 1.70502e-6 -0.8660119 -0.5000237 2.9658e-6 -0.8660128 -0.5000219 0 -0.8659967 -0.5000497 0 -0.8659425 -0.5001436 0 -0.8658945 -0.5002266 0 -0.8659425 -0.5001435 6.95703e-6 -0.8660114 -0.5000245 0 -0.7518751 -0.6593057 -0.003998398 -0.7709714 -0.6368572 0.004593431 -0.4422974 -0.8968568 -0.008947253 -0.5193024 -0.8545438 0.004273235 -0.2111777 -0.9774385 -0.006498634 -0.06538331 -0.9978392 7.34474e-6 0.04151713 -0.9991379 -8.30292e-6 0.2047499 -0.9788143 -0.006261527 0.3214115 -0.946919 0 0.3918417 -0.9200327 -6.55905e-4 -0.4999484 0.866055 -6.78015e-4 -0.4999865 0.866033 -6.56258e-4 -0.4999484 0.866055 0 -0.5000527 0.865995 0 0.5003825 -0.8658044 0 0.5003825 -0.8658044 1.12414e-6 0.5004241 -0.8657805 4.17434e-5 0.4999889 -0.8660319 0 0.6590278 -0.7521186 2.98692e-7 0.6590278 -0.7521186 0 0.6590278 -0.7521186 -0.004024565 0.6368636 -0.7709661 0.004548668 0.8968418 -0.4423282 -0.008900225 0.8548173 -0.5188528 0.00428617 0.9774205 -0.2112605 -0.006487727 0.9978375 -0.06540954 -0.006487667 0.9978374 -0.06540954 -0.006487727 0.9978374 -0.06540954 -1.94762e-6 0.9991461 0.04131793 -1.9588e-6 0.9991461 0.04131793 -1.94511e-6 0.9991461 0.04131793 -1.24445e-5 0.9788551 0.2045552 -0.00631982 0.9468031 0.3217515 0 0.9199511 0.3920331 0 0.9199511 0.3920331 0 0.9199511 0.3920331 6.82988e-4 0.8658816 0.5002486 6.81457e-4 0.8659055 0.5002073 6.83279e-4 0.8658816 0.5002487 0 0.8660695 0.4999238 0 0.8660973 0.4998756 0 0.8660972 0.4998757 0 0.8660972 0.4998757 0 0.8660462 0.4999639 0 0.7517138 0.6594894 -0.003994524 0.7707787 0.6370906 -0.003994584 0.7707787 0.6370905 -0.003994584 0.7707787 0.6370906 0.004537165 0.4424399 0.8967868 -0.008918106 0.5188942 0.854792 0.004258155 0.2113555 0.9774001 -0.006486535 0.06513226 0.9978557 -0.00648725 0.0651322 0.9978556 -0.006486475 0.06513226 0.9978556 -1.79071e-5 -0.04151827 0.9991378 -1.66363e-5 -0.205007 0.9787606 -1.65456e-5 -0.205007 0.9787606 -1.65951e-5 -0.205007 0.9787606 -0.006223678 -0.3214479 0.9469069 0 -0.3915567 0.920154 0 -0.3915567 0.920154 0 -0.3915567 0.920154 6.57179e-4 0.4999521 -0.8660528 6.56879e-4 0.4999102 -0.8660771 6.59553e-4 0.499952 -0.866053 0 0.4999946 -0.8660287 0 -0.4998235 0.8661273 3.47049e-7 -0.4998234 0.8661274 0 -0.4998232 0.8661274 6.95643e-5 -0.5000419 0.8660013 0 -0.6592142 0.7519552 -0.003971159 -0.637041 0.7708196 0.004562497 -0.8966863 0.4426433 0.004562497 -0.8966862 0.4426432 0.004562437 -0.8966863 0.4426432 -0.008921802 -0.8547546 0.5189559 -0.008921682 -0.8547546 0.5189558 -0.008928239 -0.8547049 0.5190376 0.004238784 -0.9774244 0.2112435 -0.006511747 -0.9978174 0.0657134 7.58397e-6 -0.9991238 -0.04185342 7.59406e-6 -0.9991238 -0.04185342 7.56913e-6 -0.9991238 -0.04185342 -1.24666e-5 -0.9787732 -0.2049466 -1.2446e-5 -0.9787732 -0.2049466 -1.24713e-5 -0.9787732 -0.2049466 -0.006220817 -0.9469613 -0.3212877 0 -0.9203387 -0.3911224 6.52691e-4 -0.8660055 -0.5000341 6.53847e-4 -0.866007 -0.5000315 6.52885e-4 -0.8660057 -0.5000337 0 -0.8659598 -0.5001136 0 -0.8660426 -0.4999703 0 -0.8660426 -0.4999703 0 -0.8660666 -0.4999289 2.7825e-5 -0.8659966 -0.50005 0 -0.7518823 -0.6592974 -0.003936946 -0.7706202 -0.6372825 0.004639863 -0.4423779 -0.8968169 -0.008915305 -0.5192637 -0.8545677 -0.008908331 -0.519182 -0.8546174 -0.00890839 -0.519182 -0.8546174 0.00427407 -0.2112444 -0.977424 0.00427407 -0.2112444 -0.977424 0.004275262 -0.2109163 -0.9774948 -0.006498694 -0.06507796 -0.9978591 -4.54215e-6 0.04165732 -0.999132 -1.69116e-5 0.2047281 -0.978819 -1.68104e-5 0.2047282 -0.978819 -1.68801e-5 0.2047281 -0.978819 -0.006348431 0.321175 -0.9469986 0 0.3920589 -0.9199401 0 0.3917502 -0.9200716 0 0.3917502 -0.9200716 -1 3.19699e-6 0 -1 1.5986e-6 0 -1 -1.12266e-6 0 -1 -5.61339e-7 0 -1 8.35433e-7 0 -1 -8.11957e-7 0 -1 1.55361e-7 0 0.9277108 0.09661227 -0.3605813 0.8497268 0.240065 -0.4693968 0.8497269 0.2400649 -0.4693968 0.8497652 0.2399813 -0.46937 0.9567834 -0.05003321 -0.2864655 0.9510908 -0.1426663 -0.273994 0.9510907 -0.1426664 -0.273994 0.9510908 -0.1426664 -0.273994 0.955079 -0.106796 -0.2764397 0.956683 -0.09099286 -0.2765467 0.9566733 -0.09108823 -0.276549 0.9566928 -0.0908975 -0.2765444 0.9586793 -0.06998544 -0.2757467 0.9586792 -0.06998544 -0.2757467 0.9586793 -0.06998544 -0.2757467 0.9601492 -0.05454146 -0.2741146 0.9601494 -0.05454009 -0.2741144 0.9601493 -0.05454003 -0.2741146 0.9612277 -0.04454594 -0.272134 0.9612278 -0.04454594 -0.272134 0.9612278 -0.04454594 -0.272134 0.9630367 -0.02714717 -0.267999 0.9630367 -0.02714717 -0.2679991 0.9630367 -0.02714711 -0.2679991 0.9560548 -0.07583743 -0.2832103 0.9567856 -0.09984934 -0.2731142 0.9152723 -0.284865 -0.2848305 0.9317378 -0.3001846 -0.2043381 0.9277101 -0.3605799 -0.09662431 0.8499906 -0.4691677 -0.2395784 0.9605698 -0.2732816 0.05121493 0.9605698 -0.2732817 0.05121493 0.9605698 -0.2732815 0.05121493 0.977063 -0.2056937 0.05511856 0.977063 -0.2056937 0.05511856 0.9770629 -0.2056939 0.05511868 0.9569345 -0.2776864 0.08465695 0.9511095 -0.2739931 0.1425435 0.9511095 -0.273993 0.1425434 0.9511095 -0.2739931 0.1425434 0.9567874 -0.2864379 0.05011248 0.9317297 -0.2044565 0.3001289 0.9152769 -0.2848521 0.2848291 0.9567839 -0.2731368 0.09980416 0.9560429 -0.2832332 0.07590198 0.9630232 -0.2680541 0.02708458 0.9630231 -0.2680541 0.02708458 0.9630231 -0.2680541 0.02708458 0.9617384 -0.2710258 0.04005306 0.9277158 -0.09662061 0.3605659 0.8499451 -0.239598 0.4692401 0.8499041 -0.2396779 0.4692735 0.8498219 -0.2398378 0.4693405 0.9605501 0.05116111 0.2733609 0.9605501 0.05116093 0.2733609 0.96055 0.05116122 0.273361 0.9770551 0.05526417 0.2056919 0.9569421 0.08475178 0.2776309 0.9511001 0.142479 0.2740594 0.9511001 0.142479 0.2740592 0.9511 0.142479 0.2740593 0.9567915 0.05007416 0.2864307 0.9617118 0.04019713 0.2710986 0.9630596 0.02705585 0.2679258 0.9630596 0.02705585 0.2679259 0.9630596 0.02705579 0.2679259 0.9560456 0.07588613 0.2832283 0.9567843 0.09988272 0.2731069 0.915253 0.2848734 0.2848849 0.9317487 0.3001478 0.2043423 0.9277043 0.3605937 0.09662806 0.8496389 0.4697032 0.2397766 0.8496389 0.4697032 0.2397766 0.8496389 0.4697032 0.2397766 0.9605795 0.2732486 -0.05120956 0.9605795 0.2732486 -0.05120956 0.9605795 0.2732487 -0.05120956 0.9772405 0.2048736 -0.05502802 0.9772405 0.2048735 -0.05502814 0.9772404 0.2048736 -0.05502814 0.9569791 0.2776694 -0.08420687 0.9510703 0.2741746 -0.1424561 0.9510702 0.2741746 -0.1424561 0.9510702 0.2741746 -0.1424561 0.9567953 0.2864068 -0.05013889 0.9317156 0.2045447 -0.3001128 0.9152843 0.2848258 -0.2848315 0.956743 0.2731377 -0.1001937 0.956743 0.2731378 -0.1001937 0.956743 0.2731378 -0.1001937 0.9560455 0.2832247 -0.07589936 0.963013 0.2680822 -0.02716422 0.963013 0.2680822 -0.02716416 0.963013 0.2680822 -0.02716422 0.9617571 0.2709593 -0.04005378 0.9277119 0.09660375 -0.3605805 0.8498021 0.2397512 -0.4694209 0.8498706 0.2396464 -0.4693502 0.8498707 0.2396464 -0.4693502 0.9605787 -0.05130213 -0.2732335 0.9605787 -0.05130201 -0.2732336 0.9605787 -0.05130207 -0.2732335 0.9769893 -0.05515259 -0.2060344 0.977059 -0.05514192 -0.2057062 0.9569746 -0.08422708 -0.2776789 0.9569746 -0.08422708 -0.2776789 0.9569746 -0.08422708 -0.2776789 0.9510829 -0.1425268 -0.2740943 0.9510829 -0.1425268 -0.2740943 0.9510829 -0.1425268 -0.2740942 0.956789 -0.05005127 -0.2864432 0.961709 -0.04024082 -0.2711021 0.9630258 -0.02736794 -0.268016 0.9630257 -0.02736794 -0.268016 0.9630257 -0.027368 -0.268016 0.9560499 -0.07587766 -0.283216 0.9567884 -0.09987616 -0.2730948 0.9152776 -0.2848452 -0.2848336 0.9317464 -0.3001241 -0.2043871 0.9277163 -0.3605661 -0.09661543 0.8497172 -0.4695514 -0.2397962 0.8497172 -0.4695515 -0.2397962 0.8499683 -0.469215 -0.2395648 0.9605932 -0.2732262 0.0510714 0.9605932 -0.2732262 0.0510714 0.9605932 -0.2732261 0.05107134 0.9770763 -0.2056577 0.05501717 0.9770763 -0.2056577 0.05501717 0.9770762 -0.2056578 0.05501723 0.9569652 -0.2776714 0.08435869 0.9569652 -0.2776715 0.08435875 0.9569652 -0.2776714 0.08435869 0.9511197 -0.274061 0.1423445 0.9511197 -0.274061 0.1423445 0.9511197 -0.274061 0.1423445 0.9567941 -0.2864195 0.05008918 0.9317458 -0.2044053 0.3001136 0.9152829 -0.2848396 0.2848224 0.9567469 -0.2731307 0.1001754 0.9560469 -0.2832208 0.0758962 0.9630265 -0.2680135 0.02736514 0.9630265 -0.2680135 0.02736514 0.9630265 -0.2680135 0.0273652 0.9616989 -0.2711679 0.04004168 0.9277119 -0.09660375 0.3605805 0.8498604 -0.2397277 0.4693271 0.8498604 -0.2397277 0.4693271 0.8498604 -0.2397277 0.4693271 0.9606246 0.050821 0.273162 0.9606341 0.05072683 0.2731467 0.9606435 0.05063271 0.2731312 0.9769761 0.05534881 0.2060439 0.9569826 0.08421105 0.2776559 0.9569826 0.08421105 0.277656 0.9569827 0.08421105 0.2776558 0.9511127 0.1422722 0.274123 0.9511127 0.1422722 0.274123 0.9511691 0.1419424 0.274098 0.9567878 0.0500499 0.2864477 0.9617053 0.04020905 0.2711206 0.9630317 0.0273016 0.2680013 0.9630317 0.02730166 0.2680013 0.9560497 0.07587724 0.2832169 0.9567915 0.09981769 0.2731052 0.9152798 0.2848488 0.2848228 0.9317443 0.3001342 0.2043821 0.8500387 0.4691081 0.2395243 0.9606196 0.2731667 -0.05089199 0.9606197 0.2731667 -0.05089199 0.9606196 0.2731667 -0.05089193 0.9770258 0.2057726 -0.05548369 0.9770435 0.2057784 -0.0551486 0.9568863 0.2777578 -0.08496654 0.9568863 0.2777578 -0.08496654 0.9568863 0.2777577 -0.08496654 0.9511016 0.274149 -0.1422967 0.9511015 0.274149 -0.1422967 0.9511015 0.274149 -0.1422967 0.9567432 0.2866341 -0.04983347 0.9567432 0.2866341 -0.04983347 0.9567432 0.2866341 -0.04983347 0.9317393 0.2044438 -0.3001077 0.9152919 0.2848281 -0.2848051 0.9567885 0.2731004 -0.09985965 0.9560507 0.2832084 -0.07589495 0.9630333 0.2680101 -0.02715986 0.9630333 0.26801 -0.02715981 0.9630333 0.2680101 -0.02715986 0.9617397 0.2710199 -0.04006278 0.8497833 0.2398923 -0.4693826 0.8497834 0.2398921 -0.4693826 0.8497834 0.2398923 -0.4693826 0.960605 -0.05079537 -0.2732363 0.9606049 -0.05079531 -0.2732363 0.9606305 -0.0506137 -0.2731804 0.9770081 -0.05526053 -0.2059166 0.9770081 -0.05526047 -0.2059167 0.9770383 -0.05520439 -0.2057877 0.9569444 -0.08466732 -0.2776488 0.9511507 -0.1421059 -0.274077 0.9567846 -0.05005604 -0.2864571 0.9617161 -0.04040277 -0.2710534 0.9617218 -0.04030728 -0.2710472 0.961716 -0.04040277 -0.2710535 0.9630462 -0.02711409 -0.2679682 0.9630462 -0.02711409 -0.2679682 0.9630462 -0.02711403 -0.2679682 0.9560533 -0.07584649 -0.2832128 0.9567881 -0.09984958 -0.2731059 0.9152709 -0.2848502 -0.2848502 0.9317432 -0.3001527 -0.2043599 0.9277119 -0.3605805 -0.09660375 0.8498331 -0.4694055 -0.2396713 0.8498331 -0.4694055 -0.2396713 0.9605668 -0.2732824 0.05126464 0.9605669 -0.2732824 0.05126464 0.9605669 -0.2732824 0.05126464 0.9770134 -0.2058927 0.05525434 0.9770134 -0.2058927 0.05525434 0.9770134 -0.2058926 0.05525439 0.9569386 -0.2776876 0.08460652 0.9511845 -0.2740649 0.1419039 0.9567855 -0.2864517 0.05007135 0.9317334 -0.2044801 0.3001012 0.9153 -0.284802 0.2848048 0.9567807 -0.2731222 0.09987539 0.9560434 -0.2832348 0.07588785 0.9630404 -0.2679871 0.02713257 0.9630405 -0.2679871 0.02713257 0.9630405 -0.2679871 0.02713257 0.9617052 -0.2711474 0.04002749 0.9277142 -0.09663343 0.360567 0.8499093 -0.2397454 0.4692295 0.8499094 -0.2397454 0.4692295 0.8498721 -0.2398304 0.4692535 0.9605755 0.05119967 0.2732644 0.9605755 0.05119949 0.2732644 0.9605755 0.05119961 0.2732644 0.9770625 0.05526459 0.2056566 0.9569314 0.08478403 0.2776584 0.9511163 0.1423955 0.2740467 0.9511162 0.1423956 0.2740467 0.9511162 0.1423956 0.2740467 0.9567964 0.05006814 0.2864158 0.961689 0.04024481 0.2711729 0.9630713 0.02698671 0.2678909 0.9630713 0.02698671 0.2678909 0.9630713 0.02698665 0.2678909 0.9560456 0.07587999 0.2832296 0.956785 0.09989285 0.2731008 0.9152719 0.2848362 0.2848607 0.9317743 0.300233 0.2041 0.9317743 0.300233 0.2041 0.9317446 0.300113 0.2044119 0.9277005 0.3606084 0.09660989 0.8497346 0.4695557 0.2397263 0.8498606 0.4693824 0.239619 0.8497346 0.4695557 0.2397263 0.9605767 0.2732577 -0.05121248 0.9605767 0.2732577 -0.05121243 0.9605767 0.2732577 -0.05121243 0.9770876 0.2054954 -0.05542123 0.9569289 0.2776791 -0.08474498 0.9511198 0.274103 -0.1422632 0.9511198 0.274103 -0.1422632 0.9511197 0.274103 -0.1422631 0.95679 0.2864339 -0.05008506 0.9317182 0.2044996 -0.3001351 0.9152802 0.2848244 -0.2848461 0.9567977 0.273079 -0.09983056 0.9560536 0.2832042 -0.0758745 0.963029 0.2680191 -0.02722042 0.963029 0.2680191 -0.02722036 0.963029 0.2680191 -0.02722042 0.9617418 0.2709892 -0.04021966 0.9617418 0.2709892 -0.04021966 0.9617418 0.2709892 -0.04021966 0.9944496 -0.0400775 -0.09728258 0.9940593 0.011164 -0.1082664 0.9965068 0.03950744 -0.07357621 0.9963905 -0.06217968 0.05778908 0.996043 -0.03274255 0.08262193 0.9964874 -0.04564231 0.07021188 0.9945257 -0.08261483 0.06398087 0.9940517 -0.08786076 0.06435573 0.9967036 -0.05913054 0.05554986 0.9966985 -0.06408679 0.04984998 0.9966649 -0.06774264 0.04549801 0.9966391 -0.07058298 0.04157775 0.996639 -0.07058298 0.04157775 0.996639 -0.07058298 0.04157775 0.9966015 -0.07308191 0.03800654 0.996572 -0.07533603 0.03419011 0.996572 -0.07533603 0.03419017 0.9962357 -0.08258789 0.02633714 0.9960148 -0.08510005 0.02669191 0.9955211 -0.09049338 0.0273655 0.9940593 -0.09934228 0.04446619 0.9954159 -0.09108096 0.02918154 0.9945947 -0.09834051 0.03332537 0.996508 -0.04354685 0.0712434 0.9965248 -0.05083501 0.06598675 0.9966755 -0.05513405 0.05998569 0.9994475 -0.02945435 0.01540517 0.9994471 -0.02946442 0.01540565 0.9994474 -0.001393079 -0.03321474 0.9994473 -0.001382708 -0.03321516 0.994052 -0.01180863 -0.1082649 0.9957219 -0.02063274 -0.09006851 0.9955086 -0.02067953 -0.09238588 0.9945088 -0.02638286 -0.1012736 0.9955324 -0.0214253 -0.09195792 0.9964842 -0.01636266 -0.0821684 0.9965535 -0.0103051 -0.08231008 0.9965882 -0.005320072 -0.08236306 0.9966306 -5.8318e-4 -0.08201986 0.9966306 -5.83178e-4 -0.08201986 0.9966306 -5.83185e-4 -0.08201992 0.9966539 0.003735065 -0.08165258 0.9966895 0.008785605 -0.08082616 0.9966895 0.008785605 -0.0808261 0.9966896 0.008785605 -0.08082616 0.9967054 0.01537716 -0.07963711 0.9967054 0.01537716 -0.07963711 0.9967054 0.01537716 -0.07963711 0.996691 0.02493947 -0.07736366 0.9966412 0.03095048 -0.07581853 0.9960003 0.05666071 -0.0690878 0.9965363 0.03077638 -0.07725632 0.9966751 0.02438408 -0.07774436 0.9963593 0.01806724 -0.08331751 0.9963073 0.04697275 -0.07187104 0.9945689 0.01435488 -0.1030865 0.9950504 -0.05247682 -0.08438634 0.9965122 -0.05401563 -0.0636081 0.9964011 -0.05601382 -0.06361925 0.995511 -0.09060257 0.02737116 0.9944735 -0.1038939 0.01511734 0.9951333 -0.09583693 -0.02291554 0.9972537 -0.07404583 -0.001560449 0.9964561 -0.08265483 -0.01560753 0.9957775 -0.08616513 -0.03166776 0.9954919 -0.08241587 -0.0469439 0.9957416 -0.07148981 -0.05820667 0.9964741 -0.0174275 -0.08207064 0.9980241 -0.0346502 -0.05241405 0.9980245 -0.03464156 -0.05241507 0.9980245 -0.06271165 -0.003797411 0.998024 -0.06271946 -0.003796398 0.9964619 -0.07988584 0.02611345 0.9968166 -0.07564127 0.02520066 0.9962182 0.07543796 0.04311305 0.9962183 0.07543516 0.04311126 0.9962183 0.07543522 0.04311126 0.994052 0.09966224 0.0439099 0.9962156 0.07733935 0.03966218 0.9957224 0.08831202 0.02716565 0.9945346 0.09903299 0.03306692 0.9969329 0.07640945 0.01692771 0.9958195 0.08973801 0.01705163 0.9962338 0.0850833 0.016703 0.9962488 0.08100926 0.03043097 0.9962404 0.07895648 0.0356509 0.9947019 0.1007871 -0.02025288 0.9946789 0.1029689 -0.00337255 0.9960082 0.08847647 0.01182186 0.9967169 0.0527898 -0.0613898 0.9962513 0.06644147 -0.05539757 0.9960173 0.0769546 -0.04502981 0.9965008 0.04549258 -0.07011866 0.9965863 0.05554699 -0.06107646 0.9994508 0.02929294 -0.01550108 0.9994506 0.02929776 -0.01550137 0.9994506 0.0012272 0.03312128 0.9994507 0.001219689 0.03312152 0.9966029 -0.0250169 0.07846492 0.9964986 -0.03755539 0.07470095 0.9961128 0.01502346 0.08679628 0.9960122 5.19998e-4 0.08921581 0.9962258 -0.01380646 0.08569502 0.9966793 -0.02602213 0.07715815 0.9946453 0.03416889 0.09753656 0.9947397 0.04933667 0.08977133 0.9962134 0.07379359 0.04597222 0.9962334 0.07128518 0.04937225 0.9961066 0.05833429 0.06609845 0.9974308 0.04834741 0.05286437 0.9967303 0.05364781 0.06042128 0.9940594 0.08817917 0.06380087 0.9964483 0.05559867 0.06324213 0.9958037 0.05968302 0.06937718 0.9964303 0.05597209 0.06319683 0.9945712 0.07248395 0.07466262 0.9985319 0.03355896 0.04251998 0.9954159 0.07081067 0.06428885 0.9960486 0.01340979 0.08779156 0.9980574 0.0341345 0.05211919 0.9980575 0.03413259 0.05211949 0.9980574 0.06220245 0.003500819 0.9980574 0.06220412 0.003500521 0.9960961 0.08239358 -0.03168588 0.9960525 0.08295452 -0.03159177 0 0.9807858 -0.195088 0 0.9807858 -0.1950879 0 0.8314672 -0.5555739 0 0.5555693 -0.8314704 0 0.5555687 -0.8314707 0 0.1950905 -0.9807853 0 0.1950905 -0.9807853 0 -0.19509 -0.9807854 0 -0.1950905 -0.9807853 0 -0.5555687 -0.8314707 0 -0.8314706 -0.5555688 0 -0.8314712 -0.5555679 0 -0.9807847 -0.1950935 0 -0.980785 -0.1950922 0 -0.9807853 0.1950908 0 -0.9807851 0.195092 0 -0.8314683 0.5555724 0 -0.8314679 0.5555728 0 -0.555575 0.8314665 0 -0.5555752 0.8314663 0 -0.1950802 0.9807873 0 -0.1950797 0.9807874 0 0.1950802 0.9807873 0 0.1950802 0.9807873 0 0.555575 0.8314665 0 0.5555758 0.831466 0 0.8314642 0.5555785 0 0.8314644 0.5555781 0 0.980786 0.1950866 0 0.980786 0.1950865 0.7547715 0.1697452 0.6336455 0.7548639 0.1697775 0.6335268 0.7548871 0.463787 0.4637318 0.7548559 0.4637848 0.4637848 0.754833 0.633575 0.1697347 0.7547636 0.6336365 0.1698139 0.7547717 0.6336476 -0.1697365 0.754867 0.6335269 -0.1697635 0.7549008 0.4637206 -0.4637758 0.7548651 0.4637904 -0.4637642 0.7547979 0.1697809 -0.6336046 0.7548317 0.1697414 -0.6335747 0.7548347 -0.1697525 -0.6335684 0.7548012 -0.169728 -0.6336147 0.7548347 -0.4638021 -0.4638021 0.7549418 -0.463741 -0.4636886 0.7548732 -0.6335266 -0.1697372 0.75485 -0.6335456 -0.1697685 0.7548524 -0.6335437 0.1697654 0.7548583 -0.6335331 0.1697792 0.7548397 -0.4638477 0.4637484 0.7549014 -0.4637805 0.463715 0.7548394 -0.1697163 0.6335724 0.7547703 -0.1697984 0.6336327 0.3313658 -0.2442094 0.9113499 0.341982 -0.4773434 0.8094391 0.3419819 -0.4773434 0.8094391 0.341982 -0.4773434 0.8094392 0.3524649 -0.6617929 0.6616636 0.3322747 -0.673038 0.6607674 0.3315212 -0.9112977 0.244193 0.3316708 -0.9112271 0.2442533 0.3316558 -0.9112607 -0.2441481 0.3315075 -0.9112907 -0.2442377 0.3314741 -0.6671192 -0.667141 0.3314523 -0.6671253 -0.6671456 0.3315772 -0.2441706 -0.9112834 0.3317184 -0.2441726 -0.9112314 0.3312645 0.2441527 -0.9114019 0.3312646 0.2441527 -0.9114019 0.3312646 0.2441527 -0.9114019 0.3316454 0.2441887 -0.9112538 0.3315804 0.6670711 -0.6671362 0.3314567 0.6671344 -0.6671344 0.3314853 0.9113295 -0.2441232 0.3316569 0.9112553 -0.2441673 0.3316618 0.9112663 0.2441194 0.3315476 0.911279 0.2442266 0.3315903 0.6671338 0.6670686 0.3314523 0.6671456 0.6671253 0.3314865 0.2441292 0.9113274 0.3316462 0.2441791 0.911256 0.3317375 -0.2440901 0.9112465 0.7548173 0.1697505 0.6335894 0.7548236 0.1697475 0.6335828 0.7548209 0.4638327 0.4637941 0.7548065 0.4638511 0.4637987 0.754816 0.6335884 0.1697604 0.7547793 0.6336208 0.1698027 0.7547729 0.6336392 -0.1697626 0.7548183 0.6335794 -0.1697841 0.7548248 0.4638046 -0.4638156 0.7547955 0.4638503 -0.4638175 0.7547762 0.169786 -0.633629 0.7548365 0.1697314 -0.6335717 0.7548286 -0.1697757 -0.6335693 0.7547703 -0.1697649 -0.6336417 0.7547963 -0.4638277 -0.4638388 0.7548293 -0.4638228 -0.46379 0.7548161 -0.6335828 -0.1697806 0.7548247 -0.6335738 -0.169776 0.7548125 -0.6335868 0.1697817 0.7548397 -0.6335518 0.1697912 0.7548255 -0.4638288 0.4637901 0.7548065 -0.4638511 0.4637987 0.7548073 -0.1697781 0.633594 0.7548314 -0.1697362 0.6335764 0.3315789 -0.2441685 0.9112833 0.3420588 -0.4774108 0.809367 0.3420588 -0.4774109 0.809367 0.3527832 -0.6616596 0.6616273 0.3323329 -0.6730703 0.6607052 0.33162 -0.911256 0.2442144 0.3316256 -0.9112554 0.2442094 0.3316408 -0.9112519 -0.2442017 0.3316134 -0.9112622 -0.2442004 0.3316288 -0.6671025 -0.6670808 0.3316171 -0.6670895 -0.6670996 0.3316544 -0.2441849 -0.9112514 0.3316439 -0.2441673 -0.91126 0.3316318 0.2441842 -0.9112599 0.331677 0.2441618 -0.9112494 0.3316264 0.6670976 -0.6670868 0.3316193 0.6670939 -0.6670939 0.3316008 0.9112764 -0.2441648 0.3316257 0.9112682 -0.2441614 0.3316389 0.9112632 0.244162 0.331601 0.9112713 0.2441833 0.331641 0.6671048 0.6670722 0.3315471 0.6671119 0.6671119 0.331558 0.2441504 0.9112957 0.3316228 0.2441667 0.9112678 0.3316193 -0.2441475 0.9112741 0.7547518 0.1697407 0.6336703 0.7548629 0.1697655 0.6335312 0.7548491 0.4638179 0.4637627 0.7548282 0.4638 0.4638147 0.7547507 0.6336541 0.1698057 0.7548414 0.6335587 0.1697587 0.7548247 0.6335763 -0.169767 0.7547869 0.6336246 -0.1697552 0.7548606 0.4637637 -0.4637982 0.7548288 0.4638003 -0.4638134 0.7547833 0.1697776 -0.6336228 0.7548245 0.169728 -0.633587 0.7548342 -0.1697723 -0.6335635 0.7547728 -0.169757 -0.6336409 0.7548425 -0.4637798 -0.4638115 0.7548865 -0.4637714 -0.4637485 0.7548366 -0.63357 -0.1697378 0.7548208 -0.6335871 -0.1697435 0.7548266 -0.6335752 0.1697628 0.7548121 -0.6335933 0.1697593 0.7548224 -0.4638506 0.4637734 0.7548646 -0.4637901 0.4637655 0.7548383 -0.1697359 0.6335684 0.7547651 -0.1698208 0.6336328 0.3315044 -0.2442031 0.9113011 0.3418898 -0.4772675 0.8095228 0.3418899 -0.4772675 0.8095228 0.3418899 -0.4772674 0.8095228 0.3526397 -0.6617166 0.6616466 0.3324254 -0.6730027 0.6607275 0.3313993 -0.9113451 0.2441819 0.3313993 -0.911345 0.2441819 0.3313993 -0.911345 0.2441819 0.3317315 -0.9112268 0.244172 0.3317151 -0.9112447 -0.2441276 0.3316767 -0.9112536 -0.2441466 0.3315442 -0.6670855 -0.6671398 0.3316273 -0.6670691 -0.6671148 0.3316873 -0.2441877 -0.9112387 0.3317261 -0.2441782 -0.9112272 0.3317372 0.244155 -0.9112293 0.331723 0.2441563 -0.9112342 0.3317357 0.6670338 -0.6670962 0.3314669 0.6671547 -0.667109 0.3315666 0.9112843 -0.2441816 0.3316007 0.911268 -0.2441961 0.331635 0.9112523 0.244208 0.3316014 0.9112595 0.2442265 0.3316308 0.6671278 0.6670545 0.3315696 0.6671367 0.6670759 0.3316265 0.2441043 0.9112832 0.3316155 0.2441565 0.9112731 0.331693 -0.2441213 0.9112544 0.770751 0.5741393 0.2762374 0.7707509 0.5741394 0.2762374 0.7707509 0.5741394 0.2762374 0.4290592 0.8053917 0.4089654 0.4290592 0.8053917 0.4089654 0.4290591 0.8053917 0.4089654 0.5008938 0.8246605 0.2627561 0.5008932 0.8246607 0.2627558 0.5008922 0.8246603 0.2627596 0.04687559 0.9147885 0.4012042 0.04687565 0.9147886 0.4012041 0.04687553 0.9147886 0.4012042 0.04174387 0.6370621 -0.7696814 0.111704 0.6013825 -0.791114 0.1117039 0.6013826 -0.791114 0.1116836 0.6013094 -0.7911725 0.1811091 0.510545 -0.8405614 0.1810453 0.5105054 -0.8405991 0.1810857 0.5105085 -0.8405886 0.9557306 0.2834225 0.07906216 0.911236 0.3901157 -0.1321312 0.9110462 0.3904835 -0.1323537 0.757686 0.5019363 -0.4170996 0.7576859 0.5019363 -0.4170996 0.7574957 0.5019975 -0.4173713 0.4959341 0.5558909 -0.6671093 0.4959341 0.5558909 -0.6671093 0.4959341 0.5558908 -0.6671093 0.4957407 0.556045 -0.6671246 0.4957407 0.556045 -0.6671246 0.4957407 0.5560449 -0.6671246 0.1768744 0.5372855 -0.8246454 0.1771349 0.536925 -0.8248242 0.1604544 0.5449136 -0.8229968 0.1543834 0.5921425 -0.7909065 0.1543834 0.5921425 -0.7909065 0.1543833 0.5921425 -0.7909066 0.4123956 0.6993076 -0.5838654 0.409636 0.6999869 -0.584993 0.6280258 0.7224503 -0.2892218 0.6280258 0.7224503 -0.2892218 0.6280258 0.7224503 -0.2892218 0.629163 0.7217142 -0.2885871 0.7557722 0.6544965 0.02104371 0.7556459 0.6546509 0.02077382 0.7586306 0.6510462 0.02487403 0.7832127 0.6055843 0.1408749 0.946834 0.2371055 0.2174542 0.1005207 0.6327936 -0.7677681 0.1005207 0.6327936 -0.7677682 0.1005207 0.6327937 -0.7677682 0.2692235 0.8094212 -0.5218776 0.2709956 0.8096941 -0.5205354 0.2709956 0.809694 -0.5205353 0.2709956 0.8096941 -0.5205353 0.4144182 0.8895621 -0.1921898 0.4133028 0.8898525 -0.193244 0.413693 0.889725 -0.1929965 0.4980167 0.8552995 0.1429758 0.4946343 0.8580245 0.1383144 0.5093756 0.8257949 0.2420734 0.5093756 0.8257948 0.2420732 0.5093717 0.8258104 0.2420281 0.5980957 0.7167593 0.3585216 0.5980958 0.7167592 0.3585216 0.03252536 0.6503648 -0.7589254 0.1171991 0.8939843 -0.4325001 0.1176304 0.89385 -0.4326608 0.06361246 0.8761622 -0.4778005 0.1776251 0.9792273 -0.09779292 0.1776252 0.9792273 -0.09779292 0.1776251 0.9792273 -0.09779286 0.1488003 0.978705 -0.1414037 0.1488003 0.978705 -0.1414038 0.1486762 0.9787134 -0.141476 0.1736246 0.9769514 0.1241797 0.1736246 0.9769514 0.1241797 0.1736248 0.9769514 0.1241798 0.1995953 0.9600103 0.1963213 0.1764478 0.9261238 0.3334082 0.2271662 0.8681931 0.4411761 0.2271662 0.8681931 0.4411761 0.2271662 0.868193 0.4411761 0.991354 0.1307933 -0.01051545 0.9908093 0.1341745 -0.01715451 0.9908093 0.1341745 -0.01715457 0.9908093 0.1341745 -0.01715457 0.943705 0.2470927 -0.2199231 0.9601179 0.2234165 -0.1681033 0.9006393 0.2965078 -0.3176981 0.9006393 0.2965079 -0.317698 0.900538 0.2966106 -0.3178895 0.7807576 0.3840168 -0.4928984 0.7888397 0.3802377 -0.4828575 0.7888391 0.3802423 -0.4828549 0.7888392 0.3802423 -0.4828549 0.6747807 0.4306378 -0.5993514 0.6750093 0.4306206 -0.5991063 0.5082849 0.4783927 -0.7160915 0.1737219 0.5087119 -0.8432277 0.1797211 0.5090931 -0.8417391 0.5010082 0.4793565 -0.7205611 0.9944224 0.09118008 0.05301415 0.9944223 0.09117978 0.05301421 0.9944223 0.09117996 0.05301409 0.9943617 0.09184461 0.05300515 0.9943617 0.09184467 0.05300492 0.9943617 0.09184467 0.05300498 0.9943637 0.09181571 0.05301636 0.9943637 0.09181576 0.05301636 0.9943637 0.09181576 0.0530163 0.9943299 0.09207189 0.05320757 0.9943298 0.09207189 0.05320757 0.9943299 0.09207189 0.05320757 0.9908245 0.1062822 0.08349215 0.987161 0.09767693 0.1263821 0.987161 0.09767693 0.1263821 0.987161 0.09767687 0.1263821 0.9550741 0.101923 0.2782899 0.9550741 0.1019229 0.27829 0.9550741 0.1019229 0.2782899 0.9923409 0.08098894 0.09327656 0.9772443 0.03454315 0.2092854 0.9906473 0.05292332 0.1257661 0.9906473 0.05292326 0.1257661 0.9906473 0.05292326 0.125766 0.989174 0.1463776 -0.01042014 0.9748709 0.2081887 -0.0792737 0.9748709 0.2081888 -0.07927393 0.9748624 0.208213 -0.07931369 0.9913768 0.1261724 0.03538978 0.9269515 0.3623768 -0.09718018 0.9564883 0.2851876 -0.06163007 0.9520528 0.3059176 0.003139853 0.9538411 0.3002978 0.00293225 0.9493556 0.308193 0.06116485 0.952358 0.2990702 0.05976003 0.9499416 0.2819855 0.1345183 0.9506746 0.2800336 0.1334134 0.9511996 0.2381573 0.1962157 0.949831 0.2407865 0.199607 0.9531062 0.179778 0.2434509 0.9531062 0.179778 0.2434509 0.9531063 0.179778 0.2434509 0.9327868 0.1966474 0.3020576 0.9391357 0.1095794 0.3256017 0.9391357 0.1095795 0.3256017 0.9391358 0.1095795 0.3256017 0.9280369 0.1074684 0.3566483 0.9386094 0.002470254 0.344973 0.9386094 0.002470254 0.344973 0.9386094 0.002470254 0.344973 0.9262725 -0.01241987 0.3766498 0.9348129 -0.07151126 0.3478665 0.9347872 -0.07174873 0.3478868 0.9348129 -0.07151126 0.3478665 0.9330617 -0.07812905 0.3511295 0.9330617 -0.07812899 0.3511295 0.9330617 -0.07812899 0.3511295 0.9385586 0.2910318 -0.1854944 0.8917662 0.3516896 -0.2847238 0.8917663 0.3516896 -0.2847236 0.8917661 0.3516896 -0.2847237 0.9549435 0.2571275 -0.1482176 0.7607551 -0.2351261 0.6049523 0.7641692 -0.2295239 0.6027971 0.7641692 -0.2295239 0.602797 0.7641691 -0.2295239 0.6027971 0.7459698 -0.1139388 0.6561609 0.7459698 -0.1139388 0.6561609 0.7459697 -0.1139388 0.6561609 0.7692707 -0.09970653 0.6310953 0.7481172 0.1143898 0.6536328 0.7685979 0.1176802 0.6288155 0.7685979 0.1176801 0.6288154 0.7685979 0.1176801 0.6288154 0.7528961 0.319015 0.5756537 0.752896 0.319015 0.5756536 0.7665671 0.314984 0.559607 0.7572187 0.4813398 0.4415111 0.7634515 0.4769109 0.4355434 0.7634515 0.4769108 0.4355432 0.7634515 0.4769109 0.4355433 0.7621591 0.5909303 0.2644147 0.762159 0.5909302 0.2644147 0.7621591 0.5909302 0.2644147 0.759252 0.5939042 0.2661098 0.7655931 0.6401028 0.0643112 0.7655931 0.6401028 0.0643112 0.7655929 0.6401028 0.06431126 0.7540094 0.6535357 0.06603723 0.7674861 0.6350182 -0.08784699 0.7594493 0.6445882 -0.08799386 0.76845 0.5929865 -0.2405235 0.76845 0.5929866 -0.2405234 0.7684501 0.5929866 -0.2405235 0.7464498 0.6159593 -0.2518074 0.4781686 0.6065075 -0.6352193 0.4781686 0.6065075 -0.6352193 0.4781685 0.6065075 -0.6352193 0.7694156 0.4746302 -0.4274645 0.6576553 0.5289729 -0.5363556 0.6576907 0.5289583 -0.5363267 0.6576552 0.5289729 -0.5363556 0.7723291 0.4701051 -0.427211 0.7723594 0.470081 -0.4271827 0.7724503 0.4700085 -0.427098 0.1707419 -0.4524418 0.8752964 0.1707419 -0.4524419 0.8752964 0.170742 -0.4524419 0.8752964 0.1766581 -0.4476205 0.8766002 0.1766582 -0.4476204 0.8766002 0.1765685 -0.4476542 0.876601 0.1530942 -0.2648915 0.9520477 0.1529085 -0.2649356 0.9520652 0.1530013 -0.2649136 0.9520565 0.1881014 -0.2555737 0.9483143 0.1541458 0.08706939 0.9842043 0.1849946 0.09300851 0.9783284 0.1592166 0.4262663 0.8904758 0.1796129 0.4281085 0.8856987 0.1796129 0.4281085 0.8856987 0.1796129 0.4281085 0.8856987 0.1697084 0.646005 0.7442289 -0.2702075 0.6840969 0.677495 -0.2702075 0.6840969 0.6774949 -0.2702821 0.6840423 0.6775202 0.1743692 0.7679582 0.616308 0.1707967 0.9042512 0.3913546 0.1707967 0.9042512 0.3913545 0.1665986 0.9047867 0.3919259 0.1774777 0.9828599 0.0498808 0.1529359 0.8781198 -0.4533389 0.185283 0.8731685 -0.4508292 0.1702557 0.9556511 -0.2402995 0.1705709 0.9555735 -0.2403848 0.08760184 0.972605 -0.2153264 0.1770141 0.9709849 -0.1607933 0.1770142 0.9709849 -0.1607934 0.1770141 0.9709849 -0.1607933 0.1604576 0.9857302 0.05088651 0.1604576 0.9857302 0.05088651 0.1604576 0.9857302 0.05088651 0.4981841 -0.3650441 0.786483 0.498184 -0.3650441 0.7864831 0.5034111 -0.3592107 0.7858403 0.5034511 -0.3591895 0.7858245 0.5034511 -0.3591894 0.7858245 0.4795823 -0.2009341 0.8541817 0.4794595 -0.2009814 0.8542394 0.4794594 -0.2009815 0.8542395 0.5099251 -0.1888239 0.8392389 0.4803887 0.1071617 0.8704844 0.5079705 0.1120405 0.8540568 0.5079705 0.1120405 0.8540568 0.5079705 0.1120405 0.8540567 0.4862574 0.3960738 0.7788964 0.4862574 0.3960737 0.7788964 0.5045216 0.3948362 0.7678297 0.4912286 0.6327857 0.5985622 0.4993671 0.6302902 0.5944465 0.4972343 0.7945456 0.3485044 0.4928455 0.7966877 0.3498457 0.5028479 0.8622367 0.06076067 0.5028479 0.8622367 0.06076067 0.5028479 0.8622367 0.06076073 0.4868806 0.8712527 0.06217902 0.5059582 0.8484438 -0.1554014 0.5059583 0.8484438 -0.1554014 0.5059582 0.8484438 -0.1554014 0.4957602 0.854519 -0.1549816 0.4957602 0.8545189 -0.1549816 0.4957603 0.854519 -0.1549816 0.5082337 0.7790353 -0.3671547 0.479144 0.7938028 -0.3745641 0.510533 0.6000959 -0.6158255 0.1888176 0.6519176 -0.7344055 0.1518375 0.6558034 -0.7395048 0.9907493 0.05253601 0.1251235 0.9913952 0.05600965 0.1183154 0.9336494 -0.08221805 0.3486245 0.9336494 -0.08221805 0.3486246 0.9336494 -0.08221811 0.3486246 0.9438574 -0.06875282 0.3231198 0.7809985 -0.2346788 0.5787635 0.7626043 -0.2494338 0.5968397 0.7626043 -0.2494338 0.5968396 0.7626043 -0.2494338 0.5968397 0.5082185 -0.3809312 0.7724025 0.500914 -0.3843404 0.7754789 0.1798641 -0.474446 0.8617134 0.1740916 -0.4758125 0.8621454 0.2445364 0.9191628 0.3087749 0.9382714 0.2567309 0.2318107 0.1617102 -0.4404903 0.8830732 0.1617102 -0.4404903 0.8830732 0.1617102 -0.4404903 0.8830732 0.1121698 -0.384629 0.9162306 0.002313315 -0.3312969 0.9435238 0.002282798 -0.3312917 0.9435257 0.00227344 -0.3312922 0.9435255 0.1567362 0.7955211 0.5853033 0.1566323 0.7958114 0.5849363 0.1566323 0.7958114 0.5849363 0.2050518 0.5924543 0.7790711 0.2050585 0.5925298 0.7790119 0.2050529 0.5925305 0.7790128 0.1722285 0.6549392 0.7357934 0.1484988 0.406812 0.9013613 0.1608708 0.3622069 0.9181104 0.07405281 0.07252603 0.9946136 0.07408517 0.07238614 0.9946215 0.07408517 0.07238614 0.9946215 0.1021288 0.009681642 0.9947242 0.1022242 0.009680807 0.9947143 0.1022242 0.009680807 0.9947143 0.03164577 -0.3312081 0.943027 0.03164583 -0.3312081 0.943027 0.03155106 -0.3310519 0.943085 0.04253959 -0.3491066 0.936117 0.09965878 -0.346818 0.9326229 0.2671412 -0.04324471 0.9626866 0.2675923 -0.04584509 0.962441 0.2675923 -0.04584509 0.962441 0.4096666 0.2803348 0.8680932 0.4096693 0.2817602 0.8676303 0.4096693 0.2817602 0.8676304 0.4096693 0.2817602 0.8676304 0.4919728 0.5501295 0.6747743 0.4904646 0.5556607 0.6713312 0.1522439 -0.3886965 0.9087007 0.152244 -0.3886965 0.9087007 0.4076387 -0.1552534 0.8998484 0.4076387 -0.1552533 0.8998484 0.4076387 -0.1552533 0.8998484 0.4083185 -0.1527178 0.8999741 0.6247284 0.1150873 0.7723143 0.6245015 0.1139484 0.7726666 0.7523058 0.3537721 0.5557709 0.7525183 0.3483981 0.5588695 0.7525182 0.3483983 0.5588694 0.7908625 0.5046826 0.3461678 0.7908986 0.5046014 0.3462038 0.7908625 0.5046827 0.3461679 0.5140278 0.7182293 0.4689586 0.5468214 0.5341958 0.6446871 0.2443933 0.9191862 0.3088184 0.1760226 -0.4443767 0.8783766 0.1762972 -0.4445209 0.8782485 0.4951832 -0.2956422 0.816939 0.4950668 -0.2962484 0.8167899 0.7562155 -0.1048209 0.6458722 0.7560637 -0.1050089 0.6460193 0.908998 0.08689004 0.4076431 0.908998 0.08689004 0.4076431 0.9089979 0.08688992 0.4076431 0.9091146 0.08648866 0.4074683 0.9091146 0.08648872 0.4074683 0.9091145 0.08648866 0.4074683 0.9420441 0.3354738 -0.003235042 0.7301323 0.4237474 0.5360458 0.7301323 0.4237474 0.5360459 0.7301322 0.4237474 0.536046 0.5763394 0.7478543 0.3294646 0.9440066 0.03358799 -0.3282123 0.7319021 0.06991046 -0.6778141 0.24724 0.8842108 0.3962874 0.1631455 0.9028503 0.3978 0.1626524 0.9430906 0.290042 0.1628752 0.9430449 0.290066 0.1628887 0.9779552 0.1306554 0.1630557 0.9779246 0.1306771 0.1635502 0.9859865 0.03289389 0.5308202 0.8470304 -0.02773815 0.1628892 0.9854393 -0.04875254 0.1630693 0.9744064 -0.1547276 0.6615173 0.7352332 -0.1477398 0.6615173 0.7352331 -0.1477398 0.1634749 0.9582105 -0.2347528 0.1632481 0.9273371 -0.3367433 0.5161163 0.800439 -0.3048302 0.1635102 0.8962827 -0.41224 0.1629687 0.8515626 -0.4982795 0.1630896 0.8515314 -0.4982933 0.1630335 0.7577899 -0.6318028 0.1631498 0.7577552 -0.6318143 0.163092 0.6782193 -0.716533 0.163092 0.6782193 -0.7165331 0.163326 0.6782174 -0.7164815 0.654153 0.4931605 -0.5734778 0.1633226 0.6166834 -0.7700828 0.412053 0.09388637 -0.90631 0.1632008 0.5300524 -0.8321119 0.5911526 0.4179075 -0.6898493 0.1634923 0.4593919 -0.8730575 0.1629731 0.3651409 -0.9165762 0.1630413 0.365127 -0.9165697 0.1630355 0.2090868 -0.9642106 0.1631271 0.2090771 -0.9641972 0.1636072 0.09910821 -0.9815347 0.1846547 0.100775 -0.9776232 0.9853146 0.01751238 -0.1698492 0.9622436 0.03112363 -0.2704046 0.9620049 0.0578584 -0.2668315 0.9621638 0.05774748 -0.266282 0.9621638 0.05774748 -0.266282 0.9621638 0.05774748 -0.266282 0.9621901 0.1008087 -0.2530372 0.9621901 0.1008087 -0.2530372 0.9621902 0.1008087 -0.2530373 0.9621042 0.1009212 -0.253319 0.9621042 0.1009212 -0.253319 0.9621042 0.1009212 -0.253319 0.9622275 0.1287807 -0.2398623 0.7484108 0.3436279 -0.5672752 0.7484108 0.3436279 -0.5672752 0.9622683 0.1480877 -0.2282756 0.9622684 0.1480877 -0.2282756 0.9621241 0.177751 -0.2066931 0.9621239 0.177751 -0.206693 0.962124 0.1777511 -0.2066931 0.9620984 0.17781 -0.2067616 0.9620984 0.17781 -0.2067616 0.9620984 0.17781 -0.2067615 0.9620159 0.2096655 -0.1748307 0.9619923 0.2097524 -0.1748568 0.9620991 0.2353692 -0.1377202 0.9620991 0.2353692 -0.1377201 0.962099 0.2353691 -0.1377201 0.9621502 0.2352023 -0.137648 0.9621502 0.2352023 -0.1376479 0.9621502 0.2352023 -0.1376479 0.962038 0.2550423 -0.09713989 0.9619933 0.2551946 -0.09718334 0.962011 0.2676591 -0.05379241 0.9621397 0.2672129 -0.05370891 0.9621397 0.2672129 -0.05370891 0.9621397 0.2672129 -0.05370891 0.9619958 0.2729177 -0.00893867 0.9620686 0.2726615 -0.008929431 0.9620686 0.2726615 -0.008929431 0.9620687 0.2726615 -0.008929431 0.9619997 0.2706453 0.03616237 0.9619967 0.270657 0.03615671 0.9620032 0.2609741 0.08026474 0.9620819 0.2607067 0.08019036 0.9620819 0.2607067 0.08019036 0.9620819 0.2607067 0.08019042 0.9622536 0.2461664 0.116061 0.9622536 0.2461664 0.116061 0.9622536 0.2461664 0.116061 0.941393 0.3087024 0.1359487 0.852724 0.0533452 -0.5196308 0.852724 0.05334526 -0.5196308 0.852724 0.0533452 -0.5196308 0.8020746 0.06641739 -0.5935192 0.8011593 0.1268334 -0.5848566 0.8011432 0.1268272 -0.5848799 0.8011523 0.2214716 -0.5559724 0.8010707 0.2215254 -0.5560687 0.801054 0.3101562 -0.5119724 0.8008738 0.3102817 -0.5121783 0.8008738 0.3102817 -0.5121783 0.8008738 0.3102817 -0.5121784 0.8008775 0.3904663 -0.454017 0.8008775 0.3904663 -0.4540171 0.8008775 0.3904663 -0.454017 0.8009519 0.3903573 -0.4539794 0.8009519 0.3903573 -0.4539794 0.8009519 0.3903573 -0.4539794 0.8011506 0.4596509 -0.3832476 0.8011164 0.4596867 -0.3832762 0.8009368 0.5167812 -0.3023864 0.8009368 0.5167812 -0.3023863 0.8009368 0.5167813 -0.3023863 0.8008998 0.5168288 -0.3024032 0.8008998 0.5168288 -0.3024031 0.8008998 0.5168288 -0.3024032 0.800922 0.5595704 -0.2130843 0.800922 0.5595704 -0.2130844 0.8009221 0.5595704 -0.2130844 0.8011093 0.5593345 -0.2130002 0.8011043 0.5867943 -0.1179168 0.8011527 0.5867323 -0.1178973 0.8009613 0.5983955 -0.01959681 0.8009613 0.5983955 -0.01959681 0.8009613 0.5983955 -0.01959681 0.8011204 0.5981825 -0.01959115 0.8011265 0.5932233 0.07926255 0.800919 0.5934976 0.07930529 0.8009191 0.5934976 0.07930529 0.800919 0.5934976 0.07930535 0.8011517 0.5720133 0.1759451 0.8012605 0.571878 0.1758906 0.8021242 0.5480945 0.2370429 0.7583851 0.5964777 0.2628054 0.5689675 0.08437734 -0.81802 0.5045816 0.09340465 -0.8582966 0.5033812 0.1831098 -0.8444396 0.5034322 0.1831067 -0.8444099 0.5034229 0.3197785 -0.8026874 0.5034902 0.3197623 -0.8026518 0.5034947 0.4476734 -0.7389734 0.5034765 0.4476627 -0.7389924 0.5034361 0.5633577 -0.6551185 0.5033345 0.5633962 -0.6551635 0.5036277 0.6635302 -0.5532512 0.5036277 0.6635302 -0.5532512 0.5037048 0.6634895 -0.5532298 0.5037048 0.6634895 -0.5532298 0.5037047 0.6634895 -0.5532298 0.5033741 0.7457745 -0.4363886 0.5032991 0.7458068 -0.4364199 0.5037109 0.7456253 -0.4362547 0.5032816 0.807552 -0.3075183 0.5034223 0.8074663 -0.3075129 0.5034165 0.8471101 -0.1702246 0.5034837 0.8470709 -0.1702205 0.503497 0.8635341 -0.02828085 0.5032432 0.8636819 -0.02828818 0.5032432 0.8636817 -0.02828818 0.5035331 0.8635129 -0.02828115 0.5035252 0.8563711 0.1144165 0.5033561 0.8564676 0.1144384 0.503332 0.8259079 0.2540338 0.5034831 0.8258244 0.2540055 0.5045363 0.7918315 0.34416 0.2470775 0.8842223 0.3963632 0.982182 -0.07411974 -0.1726987 0.8950051 -0.3069023 -0.3236929 0.7307409 -0.048693 -0.6809161 0.730741 -0.04869306 -0.6809161 0.7307409 -0.04869306 -0.6809161 0.1831201 -0.1082071 -0.9771173 0.0418896 -0.9849856 -0.1674772 0.1120739 -0.9857461 -0.1254756 0.1804665 -0.9833475 -0.02144235 0.1804535 -0.9833508 -0.02139848 0.1804608 -0.9833496 -0.0213961 0.9528444 -0.1061077 -0.284304 0.9528338 -0.1062029 -0.284304 0.9528445 -0.1061077 -0.2843039 0.9109835 -0.3100134 -0.2720313 0.9111808 -0.3096726 -0.271758 0.9109835 -0.3100134 -0.2720313 0.9111496 -0.3096172 -0.2719258 0.9111497 -0.3096172 -0.2719258 0.9111497 -0.3096172 -0.2719258 0.7576773 -0.6121927 -0.2261536 0.7576802 -0.6121746 -0.2261922 0.4955878 -0.8558669 -0.1479347 0.4955053 -0.8559068 -0.1479798 0.4957862 -0.8557641 -0.1478643 0.4957863 -0.8557642 -0.1478642 0.1770572 -0.9827806 -0.05284827 0.1770572 -0.9827806 -0.05284827 0.1770572 -0.9827806 -0.05284827 0.1598853 -0.9852837 -0.06043821 0.1598853 -0.9852837 -0.06043821 0.1598854 -0.9852837 -0.06043815 0.154353 -0.9810039 -0.1175013 0.4120401 -0.8554869 -0.3136324 0.4097447 -0.8565818 -0.3136508 0.6281813 -0.6117106 -0.4808308 0.6292464 -0.6107102 -0.4807102 0.7556195 -0.3093042 -0.5773822 0.7556195 -0.3093042 -0.5773822 0.7555493 -0.3094271 -0.5774081 0.7585382 -0.3042243 -0.5762529 0.7744504 -0.232912 -0.5881994 0.7744504 -0.232912 -0.5881994 0.8522994 -0.02859878 -0.5222718 0.8523249 -0.02851408 -0.5222349 0.8522993 -0.02859878 -0.5222719 0.100545 -0.9812377 -0.1645096 0.2687968 -0.8568839 -0.4398844 0.2708152 -0.8558918 -0.4405775 0.4146165 -0.6107808 -0.6745666 0.4133386 -0.6121625 -0.6740981 0.4983097 -0.3040934 -0.8119204 0.4983098 -0.3040934 -0.8119204 0.4983097 -0.3040933 -0.8119204 0.4947984 -0.3099608 -0.811849 0.4947985 -0.3099607 -0.8118491 0.4947984 -0.3099608 -0.8118491 0.5118884 -0.1791221 -0.8401699 0.5680822 -0.0481221 -0.8215638 0.03278058 -0.982344 -0.1841894 0.1173127 -0.821654 -0.5577836 0.06345868 -0.8520897 -0.5195347 0.1775898 -0.5742943 -0.7991545 0.1487438 -0.6120421 -0.7767109 0.1487438 -0.6120422 -0.7767108 0.1487438 -0.6120422 -0.7767109 0.173742 -0.3804388 -0.9083392 0.1993261 -0.3104379 -0.9294608 0.1506868 -0.04129487 -0.9877188 0.4117719 -0.03751808 -0.9105144 0.9913551 -0.07457011 -0.1079559 0.9908022 -0.08193355 -0.107694 0.9436238 -0.3142456 -0.1040378 0.9598736 -0.2582075 -0.1094149 0.9598364 -0.2583464 -0.1094139 0.9598364 -0.2583464 -0.1094139 0.9001624 -0.4244068 -0.09791153 0.9001624 -0.4244067 -0.09791153 0.9001624 -0.4244067 -0.09791159 0.7811598 -0.6183519 -0.08619946 0.7871326 -0.6105505 -0.08746731 0.7871326 -0.6105505 -0.08746725 0.6736347 -0.7354173 -0.07333236 0.6736347 -0.7354173 -0.07333236 0.673741 -0.7353205 -0.07332813 0.5080162 -0.8595124 -0.05619633 0.500716 -0.8638725 -0.05484408 0.5006343 -0.8639207 -0.05483019 0.500716 -0.8638725 -0.05484414 0.173767 -0.984596 -0.01938432 0.1801214 -0.9834485 -0.01962995 0.1801214 -0.9834485 -0.01962995 0.1801214 -0.9834486 -0.01963001 0.994363 2.72329e-4 -0.1060292 0.994363 2.72317e-4 -0.1060292 0.994363 2.72328e-4 -0.1060292 0.99437 -5.49725e-5 -0.1059645 0.99437 -5.49261e-5 -0.1059642 0.99437 -5.49344e-5 -0.1059644 0.994359 1.14873e-5 -0.1060671 0.9943491 -6.45002e-6 -0.1061608 0.994359 1.15304e-5 -0.1060671 0.9943337 8.63916e-5 -0.1063045 0.9943336 8.63795e-5 -0.1063045 0.9943337 8.63951e-5 -0.1063045 0.9908623 0.0188843 -0.1335498 0.9908623 0.0188843 -0.1335498 0.9908623 0.0188843 -0.1335498 0.9872288 0.06064885 -0.1473132 0.9550568 0.1898506 -0.2276475 0.9550708 0.1898174 -0.227616 0.9550568 0.1898506 -0.2276473 0.9923403 0.04017204 -0.1168206 0.9771593 0.1644243 -0.134627 0.9771593 0.1644243 -0.1346271 0.9771593 0.1644242 -0.134627 0.9906138 0.08245825 -0.1090192 0.9906138 0.08245831 -0.1090191 0.9906183 0.08236646 -0.1090464 0.9891919 -0.08194965 -0.1215879 0.9748234 -0.1731339 -0.1405136 0.9748326 -0.1730872 -0.1405073 0.9748325 -0.1730873 -0.1405076 0.9913817 -0.03230255 -0.1269606 0.9270408 -0.2651373 -0.2651373 0.9564291 -0.1961673 -0.2162449 0.9518855 -0.1503511 -0.2670369 0.9519267 -0.1503328 -0.2669003 0.9518855 -0.1503511 -0.2670369 0.9538573 -0.1475638 -0.2614979 0.9493497 -0.1011265 -0.2975043 0.9523602 -0.09778189 -0.2888752 0.949937 -0.02448892 -0.3114806 0.9505665 -0.02448731 -0.3095539 0.9505665 -0.02448737 -0.309554 0.9505665 -0.02448737 -0.3095539 0.9510465 0.05096101 -0.3048176 0.9510465 0.05096107 -0.3048176 0.9510465 0.05096107 -0.3048176 0.9496679 0.05259889 -0.3088109 0.9496679 0.05259895 -0.3088109 0.9496679 0.05259889 -0.3088109 0.953002 0.1209639 -0.277768 0.953002 0.1209638 -0.277768 0.9529874 0.1209841 -0.277809 0.9327075 0.163432 -0.3214758 0.939217 0.226999 -0.2575714 0.9281082 0.2549524 -0.2713202 0.9385483 0.297712 -0.1746271 0.9262412 0.3325054 -0.1775317 0.9347744 0.3370319 -0.1122782 0.9330381 0.343179 -0.1080186 0.9330381 0.343179 -0.1080186 0.9330381 0.343179 -0.1080187 0.6567676 -0.7298114 -0.1898199 0.771041 -0.6066689 -0.1935169 0.7710409 -0.6066689 -0.1935169 0.9385781 -0.3060866 -0.1593181 0.8914002 -0.4232316 -0.1621134 0.8914002 -0.4232316 -0.1621134 0.8914002 -0.4232316 -0.1621134 0.9546171 -0.2580628 -0.1486939 0.9546171 -0.2580628 -0.148694 0.9546171 -0.2580628 -0.148694 0.4985619 0.8634089 -0.07721 0.4982789 0.8635777 -0.07714676 0.5034676 0.8601506 -0.08161759 0.4795118 0.8402394 -0.2531132 0.5103971 0.8209044 -0.2561459 0.481007 0.6999043 -0.5279834 0.5077514 0.6837752 -0.5240612 0.4859244 0.4766292 -0.7325996 0.5043451 0.4676777 -0.7258883 0.4909395 0.2020952 -0.8474291 0.4994531 0.1996455 -0.8430234 0.4973654 -0.09550112 -0.8622686 0.4931793 -0.09533536 -0.864688 0.5030661 -0.3783462 -0.777032 0.503066 -0.3783462 -0.7770321 0.503066 -0.3783463 -0.777032 0.4872961 -0.3816795 -0.7854065 0.4872962 -0.3816795 -0.7854065 0.4872961 -0.3816795 -0.7854065 0.5061143 -0.5587438 -0.6570037 0.506278 -0.5586608 -0.656948 0.5061143 -0.5587438 -0.6570037 0.4956065 -0.5614995 -0.6626406 0.4956065 -0.5614995 -0.6626405 0.5083034 -0.7074449 -0.4910697 0.5083035 -0.7074448 -0.4910697 0.5083034 -0.7074449 -0.4910697 0.4792611 -0.7212195 -0.5001512 0.1708874 0.9842243 -0.04582899 0.1708875 0.9842243 -0.04582893 0.1708874 0.9842243 -0.04582899 0.1766359 0.9829679 -0.05073386 0.1531292 0.9569386 -0.2466173 0.18788 0.9490916 -0.2528365 0.154098 0.8088275 -0.5674963 0.1849921 0.8007574 -0.5697066 0.1590615 0.5580853 -0.8143957 0.179702 0.5530184 -0.8135588 0.1699948 0.321597 -0.9314919 -0.2705053 0.2449532 -0.9310343 0.1747192 0.1496702 -0.9731763 0.1709924 -0.1132394 -0.9787433 0.1662895 -0.1129178 -0.9795904 0.1772896 -0.4482358 -0.8761582 0.152786 -0.8316864 -0.5338109 0.1855253 -0.8269804 -0.5307391 0.1705654 -0.6859766 -0.7073497 0.08754795 -0.6727549 -0.7346675 0.1766015 -0.6249407 -0.7604348 0.1766015 -0.6249407 -0.7604349 0.1764605 -0.6249478 -0.7604618 0.1603948 -0.4488089 -0.8791156 0.7606453 0.641614 -0.09874325 0.7606453 0.641614 -0.09874325 0.7606453 0.641614 -0.09874325 0.7642201 0.6367136 -0.1027789 0.7642201 0.6367136 -0.1027789 0.7642201 0.6367137 -0.1027789 0.7459821 0.6252148 -0.2293847 0.7459821 0.6252148 -0.2293847 0.7692059 0.5965119 -0.22912 0.7478328 0.5091691 -0.4260199 0.7682273 0.4861471 -0.4165188 0.7527607 0.3391633 -0.5641983 0.766686 0.3270953 -0.5524505 0.7573011 0.1416382 -0.6375216 0.7635192 0.1387439 -0.630705 0.7635191 0.1387439 -0.6307049 0.7635192 0.1387439 -0.630705 0.7621414 -0.06645703 -0.6439909 0.7621414 -0.06645703 -0.6439909 0.7621414 -0.06645697 -0.6439909 0.7592578 -0.06650245 -0.6473832 0.7658247 -0.2641626 -0.5862857 0.7538377 -0.2697601 -0.5991312 0.7676576 -0.3934041 -0.5059005 0.7595549 -0.3984165 -0.5141409 0.7683857 -0.5048705 -0.3933055 0.7464597 -0.5260553 -0.4075093 0.7693784 -0.6075646 -0.1972867 0.5105724 -0.8343093 -0.2079519 0.47754 -0.8527913 -0.2114301 0.47754 -0.8527912 -0.2114301 0.47754 -0.8527912 -0.2114301 0.1887737 -0.9619867 -0.1973479 0.1892327 -0.9618788 -0.1974341 0.1517835 -0.9683415 -0.1981834 0.9907245 0.0825845 -0.1079115 0.9907245 0.0825845 -0.1079115 0.9907245 0.0825845 -0.1079115 0.9913899 0.07443237 -0.1077311 0.9335374 0.3433295 -0.1031159 0.9335374 0.3433295 -0.1031159 0.9335374 0.3433294 -0.1031154 0.9438827 0.3141486 -0.1019613 0.7810023 0.6185557 -0.08616477 0.7624168 0.6418191 -0.08239525 0.7624168 0.6418191 -0.08239525 0.7624169 0.6418191 -0.08239525 0.5082426 0.8593754 -0.05624562 0.501094 0.8636499 -0.05489856 0.1800635 0.9834504 -0.02006363 0.173844 0.9845913 -0.01893204 0.1738439 0.9845913 -0.0189321 0.1738439 0.9845913 -0.01893204 0.2441903 -0.1921163 -0.9505064 0.9382115 0.07233989 -0.3384172 0.1616046 0.9850302 -0.05999487 0.1127415 0.985705 -0.1251999 0.1127415 0.9857051 -0.1251998 6.28827e-7 0.9827493 -0.1849427 0 0.9827405 -0.1849901 0 0.9827405 -0.1849901 0.1566007 0.10871 -0.9816611 0.2050703 0.3782629 -0.9026978 0.1722854 0.3098978 -0.93503 0.1483631 0.5769163 -0.8032161 0.1608448 0.6136747 -0.7730023 0.1608448 0.6136747 -0.7730022 0.1607965 0.6135737 -0.7730925 0.07396113 0.8250642 -0.5601775 0.1024122 0.8565238 -0.5058448 0.03158348 0.9823145 -0.1845554 0.04276025 0.9852484 -0.1657023 0.09988248 0.981078 -0.1658601 0.267247 0.8553484 -0.4437998 0.2673098 0.8566155 -0.4413111 0.2673098 0.8566155 -0.4413111 0.4096759 0.6119272 -0.6765434 0.4094747 0.6107357 -0.6777407 0.4918745 0.3091471 -0.8139334 0.4903677 0.3038376 -0.8168368 0.1521396 0.98133 -0.1176643 0.4077982 0.8568519 -0.3154448 0.4083336 0.855789 -0.31763 0.6245289 0.6115186 -0.4858072 0.6246819 0.6112533 -0.4859444 0.6243772 0.6124076 -0.4848815 0.752381 0.3042783 -0.5842412 0.7527678 0.3093234 -0.5810849 0.7907204 0.04730671 -0.610347 0.7907204 0.04730671 -0.6103471 0.790724 0.04730671 -0.6103422 0.5141673 0.04672443 -0.8564164 0.547034 0.2905272 -0.7850782 0.5470342 0.2905271 -0.7850781 0.5470508 0.2906112 -0.7850354 0.2446005 -0.1921262 -0.9503989 0.1761885 0.9828697 -0.05408149 0.4951914 0.8553736 -0.1520575 0.4951815 0.8553832 -0.1520358 0.4949277 0.8555544 -0.1518986 0.7561701 0.6118038 -0.2321699 0.7563337 0.6115971 -0.2321817 0.7563338 0.6115971 -0.2321816 0.7563337 0.6115972 -0.2321818 0.9091358 0.3092842 -0.2789542 0.9091348 0.3093685 -0.2788638 0.9420514 -0.1704192 -0.2889576 0.7297778 0.2524795 -0.635357 0.7297777 0.2524795 -0.6353572 0.7298015 0.2524396 -0.6353456 0.5760839 -0.0886197 -0.8125724 0.5760839 -0.0886197 -0.8125724 0.5760839 -0.0886197 -0.8125724 0.9440835 -0.3008248 0.134948 0.7320308 -0.6218373 0.2782974 0.1629949 -0.2203343 -0.9617097 0.1634545 -0.1068823 -0.980744 0.2468698 -0.09894162 -0.9639844 0.1629611 -0.5210347 -0.8378344 0.1634991 -0.4408382 -0.88257 0.4315077 -0.343615 -0.8341042 0.1630915 -0.3663455 -0.9160744 0.1629722 -0.220322 -0.9617164 0.6147164 -0.5212211 -0.5919902 0.1635429 -0.6086494 -0.7764017 0.1630343 -0.5210081 -0.8378369 0.1629741 -0.8573173 -0.4883099 0.1635203 -0.802087 -0.5743846 0.5775845 -0.633063 -0.5153907 0.1633311 -0.7519481 -0.6386682 0.163331 -0.7519481 -0.6386682 0.1633311 -0.7519481 -0.6386682 0.163523 -0.6707586 -0.7234246 0.163523 -0.6707586 -0.7234246 0.163523 -0.6707586 -0.7234246 0.5101672 -0.8072855 -0.2966809 0.163509 -0.900848 -0.4021664 0.1630405 -0.8572869 -0.4883411 0.1629731 -0.9864116 -0.02078217 0.1634759 -0.9775136 -0.133203 0.6439554 -0.7517775 -0.1419578 0.1632836 -0.9631815 -0.2135879 0.163147 -0.9310815 -0.3262979 0.3056333 -0.941599 0.1413498 0.1636739 -0.9843531 0.0652675 0.1631397 -0.986384 -0.02078825 0.4120272 -0.8318232 0.3718922 0.1628257 -0.976374 0.1420623 0.1628076 -0.9396161 0.3010238 0.1630843 -0.9395663 0.3010298 0.163608 -0.899585 0.4049437 0.185011 -0.8969857 0.4014819 0.185011 -0.8969856 0.401482 0.9852979 -0.1559355 0.06980216 0.9624039 -0.249221 0.1080176 0.9624039 -0.249221 0.1080175 0.9624039 -0.249221 0.1080176 0.962211 -0.2593179 0.08309215 0.962211 -0.259318 0.08309215 0.962211 -0.259318 0.08309215 0.9620094 -0.2599993 0.08329671 0.9620214 -0.2701294 0.03930985 0.9622352 -0.2693832 0.03919488 0.9622352 -0.2693831 0.03919488 0.9622352 -0.2693831 0.03919494 0.9620169 -0.2729293 -0.005752146 0.9620081 -0.2729606 -0.005752146 0.9620126 -0.2682645 -0.05065679 0.9620919 -0.26799 -0.05060422 0.9620919 -0.26799 -0.05060422 0.9620919 -0.2679901 -0.05060422 0.9621606 -0.2557461 -0.09402644 0.9621606 -0.2557461 -0.09402644 0.9621606 -0.2557461 -0.0940265 0.9620954 -0.2559712 -0.09408128 0.9620954 -0.2559712 -0.09408128 0.9620954 -0.2559712 -0.09408128 0.9620058 -0.2372422 -0.1351331 0.962 -0.237262 -0.1351396 0.9620091 -0.2117001 -0.1723993 0.9620957 -0.2114744 -0.1721931 0.9620957 -0.2114744 -0.1721931 0.9620957 -0.2114744 -0.1721932 0.9620063 -0.1804165 -0.2049241 0.9620111 -0.1804137 -0.2049037 0.9621407 -0.1438967 -0.2314719 0.9621407 -0.1438967 -0.2314719 0.9621407 -0.1438967 -0.2314719 0.9621431 -0.143927 -0.2314425 0.9621432 -0.1439269 -0.2314426 0.9621432 -0.143927 -0.2314426 0.9621912 -0.1037766 -0.2518305 0.9621652 -0.1038061 -0.2519178 0.9621912 -0.1037765 -0.2518305 0.9621009 -0.103865 -0.2521389 0.9621009 -0.1038649 -0.2521389 0.9621009 -0.1038649 -0.2521389 0.9621931 -0.06082177 -0.2654905 0.9621931 -0.06082177 -0.2654905 0.9622454 -0.06078439 -0.2653098 0.9620121 -0.06097787 -0.2661103 0.9621304 -0.02266925 -0.2716456 0.9413906 -0.03661286 -0.3353257 0.8529221 -0.4763849 0.2134984 0.8020347 -0.5472634 0.239256 0.8011355 -0.5699432 0.1826109 0.8008732 -0.5702747 0.1827266 0.8008732 -0.5702747 0.1827266 0.8008732 -0.5702747 0.1827266 0.8008164 -0.5926691 0.08623576 0.8008164 -0.5926691 0.0862357 0.8008164 -0.5926691 0.0862357 0.8011366 -0.5922457 0.08616995 0.8011867 -0.5982818 -0.01260811 0.8011227 -0.5983675 -0.01260864 0.8011775 -0.5880342 -0.1110433 0.8010632 -0.588185 -0.111068 0.8010858 -0.5618046 -0.2064878 0.8011541 -0.5617288 -0.2064288 0.8011674 -0.5199934 -0.2962054 0.8011386 -0.5200323 -0.2962152 0.8009322 -0.4643279 -0.378031 0.8009322 -0.4643279 -0.378031 0.801189 -0.464065 -0.3778094 0.8012029 -0.3954201 -0.4491291 0.8010565 -0.3955542 -0.4492724 0.8010642 -0.3160996 -0.5083084 0.8010897 -0.3160991 -0.5082685 0.8011028 -0.2279856 -0.5534048 0.8010932 -0.2279965 -0.5534144 0.8011019 -0.1336579 -0.5834135 0.8011156 -0.1336508 -0.5833964 0.8019909 -0.06877499 -0.5933639 0.758329 -0.07065153 -0.6480322 0.5688322 -0.7507085 0.3359566 0.5045714 -0.790018 0.3482519 0.5033807 -0.8228637 0.2636349 0.5035292 -0.8227759 0.2636251 0.5035206 -0.8549783 0.1244157 0.5033233 -0.8550943 0.1244162 0.5033529 -0.8638891 -0.01820623 0.503415 -0.863853 -0.01820093 0.5034031 -0.8490453 -0.1603347 0.5034996 -0.8489919 -0.1603157 0.5034946 -0.810961 -0.2980532 0.5034603 -0.8109843 -0.2980474 0.5037025 -0.7506411 -0.4275766 0.5037025 -0.7506412 -0.4275766 0.5037025 -0.7506412 -0.4275766 0.5033511 -0.7508227 -0.4276717 0.5033384 -0.6700845 -0.5455614 0.5034933 -0.6700148 -0.5455042 0.5034992 -0.5709319 -0.6484794 0.5034848 -0.5709514 -0.6484734 0.5035228 -0.4562388 -0.7336969 0.5034693 -0.4562731 -0.7337122 0.503459 -0.3291069 -0.7988853 0.5034742 -0.329106 -0.7988762 0.5034591 -0.192951 -0.8421989 0.5034517 -0.1929392 -0.842206 0.5045846 -0.09786671 -0.8577976 0.2472958 -0.09891176 -0.9638782 0.9821518 -0.1124979 0.1507388 0.8948166 -0.1268571 0.428031 0.8948167 -0.126857 0.428031 0.8948166 -0.126857 0.428031 0.730726 -0.5652989 0.382723 0.182998 -0.7920885 0.5823295 0.04175668 0.3477966 0.9366397 0.1118563 0.3842992 0.9164073 0.1118564 0.3842992 0.9164074 0.1118564 0.3842993 0.9164074 0.181997 0.4729998 0.8620606 0.181962 0.4729981 0.8620688 0.1819847 0.4729906 0.8620682 0.9529167 -0.1932201 0.2337002 0.9529168 -0.1932202 0.2337002 0.9529168 -0.1932201 0.2337002 0.9111793 -0.08046531 0.4040763 0.9110193 -0.08047807 0.4044346 0.7576019 0.1104068 0.6433115 0.7575678 0.1103886 0.6433549 0.4961438 0.2996517 0.8148927 0.4957427 0.2997667 0.8150945 0.49582 0.2997851 0.8150407 0.4958202 0.2997851 0.8150408 0.1773435 0.4453323 0.8776266 0.1601614 0.4399581 0.8836206 0.1537967 0.3890508 0.9082875 0.1537967 0.3890509 0.9082875 0.1539292 0.388995 0.908289 0.4122849 0.1559791 0.8976033 0.40975 0.1565862 0.8986577 0.6281053 -0.1105334 0.7702378 0.6291154 -0.1109297 0.7693559 0.755774 -0.3454241 0.5563166 0.758717 -0.3470413 0.5512813 0.7586387 -0.3470227 0.5514006 0.7587168 -0.3470413 0.5512813 0.7743122 -0.3928955 0.4960582 0.8522939 -0.4382796 0.285493 0.1002814 0.3482413 0.9320256 0.1004027 0.3483086 0.9319875 0.1002814 0.3482413 0.9320256 0.2691335 0.04713869 0.9619486 0.2691335 0.04713869 0.9619487 0.2691335 0.04713869 0.9619486 0.2708303 0.04603582 0.9615257 0.4143535 -0.2785524 0.8664408 0.4132745 -0.2777872 0.8672016 0.4980898 -0.5510968 0.6694766 0.4980898 -0.5510969 0.6694766 0.4950028 -0.5486195 0.6737871 0.4947814 -0.5485296 0.6740228 0.5120221 -0.6380254 0.5751147 0.5678808 -0.6874477 0.4526888 0.5678808 -0.6874477 0.4526888 0.5678808 -0.6874477 0.4526889 0.03249895 0.3318401 0.9427758 0.1171387 -0.07257181 0.9904605 0.06391948 -0.02462279 0.9976512 0.177781 -0.4046582 0.8970205 0.148985 -0.3666967 0.9183339 0.1738196 -0.596732 0.7833886 0.1993395 -0.6497911 0.733509 0.1993396 -0.6497911 0.7335089 0.1992843 -0.6496996 0.733605 0.1503509 -0.835038 0.5292508 0.4115488 -0.7700301 0.4875258 0.4115488 -0.77003 0.4875258 0.9913659 -0.05629718 0.1184247 0.9907738 -0.05222094 0.1250615 0.9436664 0.06696021 0.3240528 0.9600628 0.03388756 0.2777252 0.9005361 0.1270294 0.4158107 0.9005362 0.1270325 0.4158094 0.9005361 0.1270294 0.4158107 0.7809015 0.2347741 0.5788559 0.7887703 0.2281699 0.5707713 0.7887703 0.2281696 0.5707715 0.7887703 0.2281695 0.5707715 0.6754481 0.3032773 0.6721554 0.6757915 0.3032515 0.6718217 0.5083016 0.3809 0.7723631 0.1738702 0.47591 0.8621363 0.1738701 0.47591 0.8621362 0.1738701 0.47591 0.8621363 0.1799054 0.4744357 0.8617104 0.5009256 0.3843492 0.7754672 0.9943559 -0.09183287 0.05313372 0.9943609 -0.0918796 0.05295836 0.9943656 -0.09185051 0.05292052 0.9943609 -0.09187948 0.05295842 0.9943811 -0.09171974 0.05285626 0.9943811 -0.09171956 0.05285626 0.9943811 -0.09171968 0.05285626 0.9943626 -0.09187221 0.05293983 0.9943626 -0.09187227 0.05293983 0.9943626 -0.09187215 0.05293989 0.9908462 -0.1253089 0.05021458 0.9872106 -0.158044 0.02091395 0.9872106 -0.1580441 0.02091395 0.9872106 -0.158044 0.02091395 0.9550259 -0.2921147 -0.05093795 0.9550126 -0.2921538 -0.05096244 0.9550126 -0.2921538 -0.05096244 0.9923348 -0.1213154 0.02354103 0.9771553 -0.1987885 -0.07516986 0.9771554 -0.1987886 -0.07516992 0.977146 -0.1988223 -0.07520246 0.9906287 -0.1355781 -0.01653409 0.9891645 -0.06429564 0.1319832 0.9748693 -0.03560692 0.2199143 0.9748789 -0.03561967 0.2198691 0.9748693 -0.03560698 0.2199141 0.9913735 -0.09375882 0.09158509 0.9270293 -0.09697669 0.3622324 0.9564287 -0.08923405 0.2779957 0.9520239 -0.1557175 0.263444 0.9538996 -0.1525949 0.2584387 0.9494036 -0.2069788 0.2362046 0.9523789 -0.2012345 0.2290833 0.9499462 -0.2575093 0.1768937 0.9505736 -0.2558231 0.1759678 0.9505735 -0.2558231 0.1759678 0.9505735 -0.2558231 0.1759677 0.9511381 -0.2891861 0.1082028 0.9511381 -0.2891861 0.1082028 0.9511381 -0.2891861 0.1082028 0.9497262 -0.29356 0.1088246 0.9497262 -0.29356 0.1088246 0.9497262 -0.29356 0.1088246 0.9532741 -0.3001871 0.03400367 0.9326481 -0.3602744 0.01923382 0.9325616 -0.3604979 0.01923531 0.9325616 -0.3604979 0.01923525 0.9391995 -0.336615 -0.06778442 0.9391995 -0.336615 -0.06778442 0.9391995 -0.336615 -0.06778442 0.9280819 -0.3625074 -0.08516198 0.9385437 -0.3000684 -0.1705717 0.9262441 -0.3199883 -0.1991967 0.9348266 -0.2652517 -0.2360951 0.9348266 -0.2652518 -0.2360951 0.9348266 -0.2652516 -0.2360951 0.932841 -0.2654679 -0.2435871 0.9387092 0.01510041 0.3443791 0.9387092 0.01510053 0.3443791 0.9387092 0.01510041 0.3443791 0.8918704 0.07068204 0.446734 0.8918704 0.07068204 0.446734 0.8918279 0.07071292 0.4468141 0.9548427 -7.04612e-5 0.2971119 0.9549757 -2.41095e-4 0.2966842 0.7604007 -0.4062313 -0.5067219 0.7604007 -0.4062314 -0.5067219 0.7604251 -0.4062366 -0.5066811 0.7640856 -0.4073756 -0.5002185 0.7640855 -0.4073755 -0.5002185 0.7460371 -0.5112139 -0.4267188 0.7460371 -0.511214 -0.4267188 0.7692239 -0.4967022 -0.4019722 0.7689331 -0.4968792 -0.4023096 0.7480008 -0.6233712 -0.2278228 0.7480008 -0.6233713 -0.2278228 0.76832 -0.6037001 -0.2126747 0.7683202 -0.6037 -0.2126749 0.7683201 -0.6037 -0.2126747 0.7524598 -0.658534 -0.01171499 0.7667995 -0.6418484 -0.007016062 0.7574056 -0.6228001 0.1961041 0.763387 -0.6157439 0.1951921 0.7633869 -0.6157439 0.1951921 0.7633869 -0.6157439 0.1951921 0.7620385 -0.5245789 0.3796241 0.7620386 -0.5245789 0.3796241 0.7620386 -0.5245789 0.3796241 0.7592443 -0.5274631 0.3812229 0.7592442 -0.5274631 0.3812228 0.7592443 -0.5274631 0.3812229 0.7656608 -0.375733 0.5221001 0.7656608 -0.375733 0.5221001 0.7656608 -0.375733 0.5221 0.7539315 -0.3839581 0.5330701 0.7674039 -0.2415417 0.5939267 0.7597212 -0.2460262 0.6019092 0.7597213 -0.2460263 0.6019092 0.7597212 -0.2460262 0.6019092 0.7682242 -0.08820551 0.6340752 0.7464909 -0.08986836 0.6592989 0.478441 0.246788 0.8427277 0.7692291 0.1330095 0.6249762 0.658214 0.1997043 0.7258599 0.6582791 0.1996495 0.725816 0.6583445 0.1995949 0.7257717 0.7726914 0.134849 0.6202935 0.7726913 0.134849 0.6202934 0.7726913 0.134849 0.6202934 0.1705694 -0.5317264 -0.829562 0.1763155 -0.5351892 -0.8261269 0.1528499 -0.6921021 -0.7054302 0.1879173 -0.6935687 -0.6954493 0.1542578 -0.8958551 -0.4167111 0.1843973 -0.8938124 -0.4087752 0.1589792 -0.9843415 -0.07614231 0.1589792 -0.9843415 -0.07614231 0.1589792 -0.9843415 -0.07614237 0.1798147 -0.981059 -0.0720427 0.1700756 -0.9674789 0.1872403 -0.2700914 -0.9288994 0.2533705 0.1747237 -0.9176542 0.3569067 0.1747237 -0.9176542 0.3569067 0.1747237 -0.9176542 0.3569067 0.1707273 -0.7910211 0.5874845 0.1707274 -0.7910226 0.5874823 0.1707274 -0.7910226 0.5874823 0.1663954 -0.7918868 0.5875611 0.1773861 -0.5346389 0.8262539 0.1528344 -0.04646772 0.9871588 0.1856659 -0.04613709 0.9815292 0.1707622 -0.2696149 0.9477068 0.08760547 -0.2999645 0.9499193 0.177066 -0.3462327 0.9212875 0.1599284 -0.5369842 0.828294 0.1600229 -0.5369797 0.8282786 0.1600229 -0.53698 0.8282786 0.4985417 -0.4985048 -0.7091892 0.5035758 -0.5006786 -0.7040828 0.4796116 -0.6392973 -0.6010587 0.5104023 -0.6322801 -0.5828478 0.4811626 -0.8070862 -0.3421911 0.5079014 -0.7956633 -0.3300853 0.5079014 -0.7956632 -0.3300853 0.5079014 -0.7956631 -0.3300853 0.4862615 -0.8725789 -0.04643052 0.5040621 -0.8626428 -0.04205733 0.5040621 -0.8626428 -0.04205733 0.504062 -0.8626428 -0.04205733 0.4910707 -0.8348644 0.2486987 0.4992915 -0.830008 0.2485855 0.4971566 -0.6990677 0.5139454 0.4934654 -0.7010158 0.5148484 0.4934654 -0.7010158 0.5148483 0.4934654 -0.7010158 0.5148484 0.5024931 -0.4838749 0.7164955 0.4868279 -0.4894583 0.723484 0.5062568 -0.2896223 0.812295 0.5062568 -0.2896223 0.812295 0.5063394 -0.289604 0.81225 0.4955698 -0.2932502 0.8175664 0.4955699 -0.2932502 0.8175665 0.4956946 -0.2932181 0.8175024 0.5081177 -0.07151412 0.8583136 0.4792605 -0.07248014 0.8746749 0.5107058 0.2332752 0.8275036 0.1892414 0.3099978 0.9317131 0.1892413 0.3099979 0.9317131 0.1892414 0.3099979 0.931713 0.152218 0.3124938 0.9376446 0.9907509 -0.1346036 -0.01716834 0.991386 -0.1305502 -0.01050871 0.9333955 -0.2611576 -0.2461089 0.9439575 -0.2452573 -0.2208921 0.780821 -0.3839666 -0.492837 0.781022 -0.3838875 -0.4925801 0.7625209 -0.392184 -0.5145422 0.7625209 -0.392184 -0.5145422 0.7625209 -0.392184 -0.5145422 0.5082095 -0.478387 -0.7161487 0.5011131 -0.4793365 -0.7205015 0.1799832 -0.5090952 -0.8416817 0.1734622 -0.5086919 -0.8432933 0.2442652 -0.7271283 0.6415753 0.2442652 -0.7271283 0.6415754 0.2442652 -0.7271283 0.6415754 0.9382115 -0.3293159 0.1063497 0.9382115 -0.3293159 0.1063497 0.9382115 -0.3293159 0.1063497 0.1614025 -0.5443499 -0.8231844 0.112489 -0.6011385 -0.7911882 0.002521455 -0.6495696 -0.760298 0.0025568 -0.6495472 -0.760317 0.002556681 -0.6495471 -0.7603171 0.1567035 -0.9045488 0.3965293 0.2051357 -0.9708673 0.1238384 0.2051357 -0.9708673 0.1238384 0.2051357 -0.9708675 0.1238384 0.1724163 -0.964653 0.1992918 0.1724163 -0.964653 0.1992918 0.1724163 -0.964653 0.1992918 0.1484619 -0.9840204 -0.09830099 0.16091 -0.9762834 -0.1448398 0.07389158 -0.8977224 -0.434321 0.1024076 -0.8662224 -0.4890517 0.1024076 -0.8662224 -0.4890517 0.1024076 -0.8662224 -0.4890517 0.03191483 -0.6509871 -0.7584176 0.0426467 -0.6363882 -0.7701892 0.1000791 -0.6344604 -0.7664492 0.267043 -0.8121457 -0.5187557 0.2673828 -0.8104643 -0.5212047 0.4097911 -0.8917951 -0.1917622 0.4097911 -0.8917951 -0.1917622 0.4097911 -0.8917951 -0.1917622 0.4096857 -0.892266 -0.1897872 0.4918795 -0.8595149 0.1388836 0.4918796 -0.859515 0.1388836 0.4919699 -0.8594136 0.1391905 0.4902989 -0.8593567 0.1453042 0.4902989 -0.8593567 0.1453042 0.1522513 -0.5926197 -0.7909625 0.1522513 -0.5926197 -0.7909625 0.4077056 -0.7014961 -0.5845336 0.4077056 -0.701496 -0.5845336 0.4077434 -0.7015384 -0.5844565 0.4083686 -0.7029592 -0.5823087 0.6247586 -0.7263857 -0.2864273 0.6245294 -0.7264171 -0.2868472 0.6246898 -0.7263951 -0.2865533 0.6244874 -0.7260757 -0.2878015 0.7522932 -0.6582103 0.02853274 0.7527061 -0.6579685 0.02260941 0.7905799 -0.5525365 0.263983 0.7905773 -0.5524982 0.2640709 0.5142022 -0.7651473 0.3874867 0.5469917 -0.8253013 0.140278 0.2446037 -0.7273604 0.6411832 0.1758526 -0.5382735 -0.8242194 0.176292 -0.5383769 -0.824058 0.4953605 -0.5592882 -0.6646915 0.4950997 -0.5592693 -0.6649017 0.4952639 -0.5594387 -0.6646368 0.7560157 -0.5071195 -0.4138482 0.7563293 -0.5068396 -0.4136179 0.7562353 -0.5069235 -0.4136869 0.7563866 -0.5067746 -0.4135928 0.7563865 -0.5067746 -0.4135929 0.9090839 -0.3963459 -0.1283611 0.9090839 -0.3963459 -0.1283611 0.9090839 -0.3963459 -0.1283611 0.9090735 -0.3962815 -0.1286329 0.9420833 -0.1651854 0.2918782 0.9420833 -0.1651853 0.2918782 0.9420833 -0.1651853 0.2918782 0.7298904 -0.6763478 0.09906488 0.7298904 -0.6763477 0.09906494 0.7298904 -0.6763477 0.09906494 0.7058895 -0.2263759 0.6711736 0.5128397 0.6955656 0.5031739 0.5128396 0.6955657 0.503174 0.5127987 0.6955832 0.5031914 0.04720532 0.8093274 0.585458 0.2467596 -0.7810053 0.5737078 0.2467596 -0.7810053 0.5737078 0.2467595 -0.7810053 0.5737078 0.7586864 -0.5244425 0.3864647 0.7586864 -0.5244425 0.3864646 0.7586865 -0.5244426 0.3864647 0.9414316 -0.2734143 0.1973612 0.2276906 0.7862622 0.5744118 0.5988955 0.6482272 0.4702401 0.5988956 0.6482272 0.4702401 0.5988955 0.6482272 0.4702401 0.9482495 0.2572074 0.1861919 0.9499938 0.2533428 0.1825631 0.9497296 0.2317869 0.2104483 0.949733 0.2317934 0.2104263 0.9497355 0.1939332 0.2457489 0.949718 0.1939641 0.2457919 0.9497061 0.1508238 0.2744278 0.949697 0.1035351 0.2955608 0.9497089 0.1035267 0.2955251 0.7059202 0.2341799 0.6684583 0.9496904 0.001828312 0.3131853 0.9497098 0.00182569 0.313126 0.9498686 -0.140443 0.2793303 0.9496974 -0.1000805 0.296747 0.9498024 -0.09998577 0.2964427 0.9497169 -0.100067 0.296689 0.9497159 -0.04980391 0.309127 0.9501273 -0.2516008 0.1842698 0.9501862 -0.2514744 0.1841381 0.9498056 -0.2291612 0.2129666 0.9498054 -0.2291612 0.2129665 0.9498056 -0.2291612 0.2129665 0.9497187 -0.2293595 0.2131401 0.7720228 0.5146094 0.3730388 0.7720229 0.5146093 0.3730388 0.7720229 0.5146094 0.3730388 0.7070916 0.567762 0.4215067 0.705932 0.5244066 0.476086 0.7058963 0.5244373 0.4761049 0.7058727 0.4388066 0.5560508 0.7058936 0.4387921 0.5560358 0.7059583 0.00413835 0.7082414 0.7059339 0.004136621 0.7082657 0.7059149 0.1208071 0.6979182 0.5763893 -0.659591 0.4824057 0.7070813 -0.5661998 0.4236201 0.7059502 -0.5188063 0.482156 0.7059001 -0.5188313 0.4822026 0.7058746 -0.4322936 0.5611268 0.4291626 0.7317735 0.5294592 0.4295955 0.7316076 0.5293373 0.4295955 0.7316077 0.5293372 0.2586963 0.7781138 0.572377 0.257933 0.7153432 0.6494264 0.258368 0.7152892 0.649313 0.258368 0.7152892 0.649313 0.258368 0.7152893 0.649313 0.2583707 0.5983787 0.7584112 0.2579236 0.5985506 0.7584277 0.2583707 0.5983787 0.7584112 0.3447597 0.5848121 0.7342587 0.2585839 0.5371266 0.8028882 0.9497196 0.1508018 0.2743929 0.7059255 0.341144 0.6207173 0.705917 0.3411487 0.6207246 0.2580662 0.4653428 0.8466747 0.2580662 0.4653429 0.8466747 0.2579439 0.4653469 0.8467097 0.2585823 0.3656215 0.8941231 0.5753398 0.2704181 0.7719185 0.7058983 0.2341808 0.6684811 0.7058119 0.1208246 0.6980195 0.9498152 0.05336159 0.3082264 0.9498153 0.05336159 0.3082264 0.9498153 0.05336159 0.3082264 0.9496808 0.05342358 0.3086296 0.2585538 0.2904273 0.9213045 0.2580371 0.1791567 0.9493787 0.2580372 0.1791567 0.9493787 0.2580372 0.1791567 0.9493787 0.4772933 0.1498839 0.8658672 0.2588878 0.1000229 0.9607147 0.258121 0.005646049 0.9660961 0.2578677 0.005634546 0.9661638 0.2586203 -0.09441369 0.9613541 0.9497198 -0.04979568 0.3091162 0.7059543 -0.1126488 0.6992416 0.7059155 -0.1126577 0.6992794 0.5247982 -0.1353946 0.8403899 0.2580204 -0.1736245 0.9504106 0.2584834 -0.1735918 0.9502906 0.9499941 -0.1628592 0.2664363 0.8370567 -0.2579178 0.4825088 0.8371089 -0.2578876 0.4824342 0.837109 -0.2578876 0.4824342 0.7059376 -0.3338726 0.6246449 0.7059169 -0.2263573 0.6711511 0.552776 -0.2663261 0.789626 0.2585642 -0.2850519 0.9229788 0.25879 -0.3603606 0.8961964 0.2581183 -0.4554221 0.8520362 0.7058328 -0.3339288 0.6247333 0.7058548 -0.4322934 0.5611519 0.9497105 -0.191115 0.2480424 0.9498572 -0.1907635 0.2477512 0.9497253 -0.1910656 0.2480238 0.2466662 -0.7818394 0.5726107 0.2587101 -0.7787436 0.5715133 0.2579799 -0.7077016 0.6577271 0.2579284 -0.7077181 0.6577295 0.2581774 -0.5974497 0.759209 0.4245687 -0.5525562 0.7172331 0.2589257 -0.5325812 0.8058007 0.2580969 -0.4553977 0.8520557 -1 6.92735e-7 0 -1 0 0 -1 -4.37905e-7 0 -1 2.19298e-7 0 -1 -4.37095e-7 0 -1 1.58799e-6 0 -1 -1.58799e-6 0 -1 1.08858e-6 0 -1 -2.18548e-7 0 -1 3.29937e-7 0 -1 -6.56857e-7 0 -1 -2.19296e-7 0 -1 -2.19297e-7 0 -1 8.74192e-7 0 -1 0 0 -1 4.37906e-7 0 -1 0 0 -1 2.19296e-7 0 -1 2.20052e-7 0 -1 -1.58339e-6 0 -1 6.56857e-7 0 -1 -3.29937e-7 0 1.41115e-4 -0.7313901 0.6819594 0 -0.7313575 0.6819944 2.82244e-5 -0.7313709 0.68198 0 -0.7313727 0.681978 0 -0.7313383 0.682015 -4.43514e-5 -0.7313595 0.6819922 -4.2336e-5 -0.731351 0.6820013 -2.21749e-5 -0.7313734 0.6819773 3.52731e-5 -0.7314085 0.6819397 4.43509e-5 -0.7313639 0.6819875 -8.46723e-5 -0.7313638 0.6819876 -1.66283e-5 -0.7313992 0.6819496 5.64329e-5 -0.7313711 0.6819798 2.2174e-5 -0.731365 0.6819863 5.64454e-5 -0.7313485 0.682004 0 -0.7313519 0.6820003 0 -0.7313673 0.6819838 -2.21742e-5 -0.7313761 0.6819745 -4.23302e-5 -0.7313345 0.682019 -6.65166e-5 -0.7314051 0.6819432 2.8221e-5 -0.7314416 0.6819041 -1.10867e-5 -0.731323 0.6820314 -8.46631e-5 -0.7313272 0.6820268 5.54357e-5 -0.7314148 0.6819329 -0.2670214 0.6071 0.7484177 -0.008787691 0.6155048 0.7880842 -0.008787751 0.6155048 0.7880842 -0.008787751 0.6155048 0.7880842 0.2579102 0.5947656 0.7614043 0.2579635 0.5949143 0.7612698 0.7045739 0.4189743 0.5727444 0.7046058 0.4189875 0.5726956 0.9624858 0.114345 0.246062 0.9624904 0.1143362 0.2460481 0.9624828 -0.2375172 -0.1311967 0.9624871 -0.2374918 -0.1312112 0.7045753 -0.5421302 -0.4578961 0.7046194 -0.5421404 -0.457816 0.2578862 -0.717994 -0.6465132 0.2579022 -0.7180083 -0.646491 -0.2578663 -0.7180162 -0.6464965 -0.2579055 -0.7179441 -0.646561 -0.7046434 -0.5419965 -0.4579493 -0.7045651 -0.5421804 -0.457852 -0.9624788 -0.23756 -0.1311482 -0.9625113 -0.2374013 -0.1311978 -0.9624934 0.1144121 0.2460009 -0.9625039 0.1142051 0.2460561 -0.7046237 0.4189239 0.57272 -0.704566 0.4191278 0.5726419 -0.2579626 0.5949691 0.7612275 0.4641101 -0.235298 0.8539537 0.46411 -0.235298 0.8539537 0.46411 -0.235298 0.8539537 0.4637714 -0.2357651 0.8540088 0.6335355 -0.4363117 0.6389561 0.6335737 -0.4362667 0.638949 0.6335616 -0.6678335 0.3906381 0.6335697 -0.6678302 0.3906307 0.4638401 -0.868348 0.1755689 0.4637676 -0.8683781 0.175611 0.1697716 -0.984142 0.05140274 0.1697527 -0.9841439 0.05142873 -0.1697605 -0.9841426 0.05142748 -0.1697461 -0.9841468 0.05139416 -0.4638106 -0.8683547 0.1756129 -0.4638184 -0.868375 0.1754925 -0.6335948 -0.6678323 0.3905863 -0.6336203 -0.6678035 0.3905944 -0.6335971 -0.4362548 0.638934 -0.6336159 -0.4362434 0.6389232 -0.4637864 -0.2357511 0.8540045 -0.4637023 -0.2358284 0.8540288 -0.1697571 -0.1200588 0.9781455 -0.1697809 -0.1199704 0.9781521 0.1697531 -0.1199714 0.9781569 0.1697926 -0.1200737 0.9781375 0.2441672 0.3790939 0.8925639 -0.007882475 0.3909423 0.9203815 -0.2422 0.3587766 0.9014536 -0.2524022 0.3768183 0.8912357 -0.6671521 0.2124874 0.7139729 -0.6671235 0.2124847 0.7140004 -0.911309 -0.07592612 0.4046617 -0.9112381 -0.07599735 0.4048082 -0.9112637 -0.4090672 0.04756695 -0.9112732 -0.4090524 0.04751366 -0.6671092 -0.6974622 -0.2617475 -0.6671407 -0.6974551 -0.2616864 -0.2441653 -0.8640399 -0.4402481 -0.2441492 -0.8640282 -0.4402803 0.2441719 -0.8640248 -0.4402742 0.2441703 -0.8640243 -0.4402759 0.6671207 -0.6974453 -0.2617633 0.6670703 -0.6975185 -0.2616968 0.9112461 -0.4091007 0.04761499 0.9112248 -0.4091462 0.04763197 0.9112229 -0.07610899 0.4048212 0.911239 -0.07601094 0.4048034 0.6671285 0.2123999 0.7140209 0.6670942 0.2125989 0.7139939 0.2441991 0.3790604 0.8925694 0.09660762 -0.432602 0.8963942 0.02705919 -0.2625095 0.96455 0.02705919 -0.2625095 0.96455 0.02705919 -0.2625095 0.96455 0.1806549 -0.5585281 0.8095741 0.1509404 -0.6119124 0.7763893 0.1509777 -0.6118865 0.7764025 0.1509407 -0.6119122 0.7763893 0.2121868 -0.5646959 0.7975558 0.26009 -0.5822608 0.7702764 0.186571 -0.5475506 0.8157082 0.1703993 -0.849704 0.4989661 0.1703993 -0.8497041 0.4989661 0.170569 -0.8496361 0.4990239 0.1699808 -0.5569077 0.8129947 0.1575437 -0.5553314 0.8165704 0.1570902 -0.5552582 0.8167074 0.1575437 -0.5553313 0.8165704 0.2073825 -0.5577201 0.8037045 0.2231982 -0.5725286 0.7889192 0.389114 -0.5982925 0.7004545 0.3622001 -0.6629959 0.6551699 0.3606265 -0.7443754 0.5620087 0.5262032 -0.6401751 0.5597197 0.1980782 -0.8371634 0.5098261 0.2223016 -0.8363482 0.5011024 0.1576427 -0.8532729 0.4970656 0.1576427 -0.8532729 0.4970656 0.1809348 -0.8464847 0.5007259 0.1985385 -0.8401216 0.5047556 0.1985385 -0.8401216 0.5047556 0.1988515 -0.8400142 0.5048112 0.2249428 -0.8283916 0.5129992 0.2249428 -0.8283916 0.5129992 0.2248183 -0.8284507 0.5129582 0.02668952 -0.9284086 0.3706009 0.1042728 -0.9347874 0.3395583 0.1866257 -0.8518777 0.4893623 0.2600355 -0.8090788 0.5270417 0.2601181 -0.8090366 0.5270658 0.2600355 -0.8090789 0.5270416 -0.2146821 -0.8195767 0.5312305 -0.09659826 -0.9243945 0.3690036 -0.02713173 -0.9804618 0.1948298 -0.02713173 -0.9804618 0.1948298 -0.02713173 -0.9804618 0.1948298 -0.1981274 -0.8371829 0.5097748 -0.203921 -0.848892 0.4876461 -0.2183852 -0.8119289 0.5413681 -0.2183852 -0.8119289 0.5413681 -0.2183851 -0.8119289 0.5413681 -0.2109764 -0.8260376 0.5226386 -0.2037231 -0.8366705 0.5084087 -0.203723 -0.8366705 0.5084087 -0.2037231 -0.8366705 0.5084087 -0.1896482 -0.8525148 0.4870855 -0.1703811 -0.5569975 0.8128494 -0.1661442 -0.8732006 0.4581669 -0.1661442 -0.8732005 0.4581669 -0.1661442 -0.8732006 0.458167 -0.2230824 -0.8269823 0.5160763 -0.3891199 -0.7404913 0.5479585 -0.3621412 -0.6997713 0.6157711 -0.3605665 -0.612615 0.7033454 -0.5261332 -0.6031075 0.5995376 -0.198037 -0.5669859 0.7995678 -0.2224127 -0.5581686 0.7993626 -0.1574754 -0.5553203 0.816591 -0.1574755 -0.5553203 0.8165912 -0.1574754 -0.5553203 0.8165912 -0.1809048 -0.5586978 0.8094013 -0.1809048 -0.5586978 0.8094013 -0.1807894 -0.5586413 0.8094661 -0.1988344 -0.5621207 0.8027983 -0.1988344 -0.5621207 0.8027984 -0.1988344 -0.5621207 0.8027984 -0.2248843 -0.5696606 0.790515 -0.2248842 -0.5696607 0.790515 -0.2249929 -0.5697725 0.7904035 -0.02689051 -0.4344838 0.9002782 -0.1042821 -0.40404 0.9087777 -0.1865707 -0.5475527 0.8157067 -0.2602082 -0.5822856 0.7702177 -0.7764689 -0.5128093 -0.3662276 -0.776469 -0.5128094 -0.3662276 -0.7764242 -0.5128917 -0.3662071 -0.1913002 -0.6694245 -0.7178267 -0.1913002 -0.6694245 -0.7178267 -0.1913002 -0.6694245 -0.7178267 -0.1213681 -0.6714523 -0.7310414 -0.312367 -0.6480063 -0.6946327 -0.3123217 -0.6480152 -0.6946449 -0.3123669 -0.6480063 -0.6946328 -0.4631139 -0.6042568 -0.6483821 -0.549227 -0.5660326 -0.6147819 -0.6176917 -0.6212403 -0.4822008 -0.6718125 -0.5075149 -0.5395337 -0.6717415 -0.5075624 -0.5395774 -0.6717415 -0.5075623 -0.5395775 -0.8768748 -0.3229606 -0.356072 -0.8325018 -0.3801593 -0.4030135 -0.9861071 -0.1112936 -0.1233153 -0.9815513 -0.1303988 -0.1398333 -0.8706287 -0.359838 0.3354436 -0.8706228 -0.3597311 0.3355733 -0.8706083 -0.3597651 0.3355747 -0.8704631 -0.3600707 0.3356233 -0.8704631 -0.3600707 0.3356233 -0.8704632 -0.3600708 0.3356233 -0.8706316 -0.3598047 0.3354719 -0.8704824 -0.3598852 0.3357725 -0.8705497 -0.3598281 0.335659 -0.8705497 -0.3598281 0.335659 -0.8707391 -0.3596605 0.3353476 -0.6175703 0.4382362 0.6531125 -0.1210694 0.6769733 0.7259817 -0.1210694 0.6769733 0.7259817 -0.1210694 0.6769732 0.7259817 -0.1826903 0.6742222 0.7155757 -0.3119189 0.6478642 0.6949667 -0.3119189 0.6478641 0.6949667 -0.3119189 0.6478641 0.6949667 -0.5519879 0.5690127 0.6095359 -0.4636894 0.6119621 0.6406984 -0.7761991 0.3293685 0.5376164 -0.776201 0.3296534 0.537439 -0.776201 0.3296535 0.5374391 -0.6721236 0.5026566 0.5436785 -0.8353913 0.3779978 0.3990477 -0.8773 0.3258488 0.3523739 -0.9823386 0.1293728 0.1351801 -0.9861506 0.1131225 0.1212862 -1 -3.39462e-6 0 3.52411e-4 0.2339439 0.9722501 3.52423e-4 0.2339439 0.9722501 2.56756e-4 0.2339501 0.9722486 -1.13313e-4 0.2339601 0.9722462 2.21534e-4 0.2339815 0.9722411 0 0.2339375 0.9722517 0 0.2341411 0.9722027 0 0.2341448 0.9722018 0 0.2338053 0.9722834 0 0.2338053 0.9722834 0 0.2338053 0.9722835 0 0.2339887 0.9722394 0 0.2339887 0.9722393 0 0.2339887 0.9722394 1.477e-4 -0.953549 -0.3012381 0 -0.9535727 -0.3011633 0 -0.9535726 -0.3011633 0 -0.9535727 -0.3011633 0 -0.9535158 -0.3013431 0 -0.9535158 -0.3013431 0 -0.9535158 -0.3013431 0 -0.953531 -0.3012952 0 -0.9535332 -0.3012879 3.2634e-4 -0.9535704 -0.3011704 3.26337e-4 -0.9535703 -0.3011704 3.26331e-4 -0.9535704 -0.3011704 1 3.39462e-6 0 0.776199 0.3299484 0.537261 0.7761989 0.3299484 0.5372609 0.1656069 0.6725448 0.721289 0.617707 0.4377667 0.6532981 0.617707 0.4377667 0.653298 0.617707 0.4377668 0.653298 0.1870828 0.6717389 0.7167754 0.4802718 0.596739 0.6428387 0.5496842 0.5728282 0.6080421 0.992714 0.08216357 0.08813744 0.9831914 0.1282042 0.1299944 0.9831914 0.1282042 0.1299944 0.9831913 0.1282042 0.1299943 0.9499328 0.2129966 0.2286052 0.9499328 0.2129966 0.2286051 0.9499327 0.2129966 0.2286052 0.8339409 0.3766791 0.4033057 0.885909 0.3240152 0.3319331 0.885909 0.3240152 0.3319331 0.885909 0.3240152 0.3319331 0.7407431 0.4558125 0.4934923 0.870621 -0.3598966 0.3354007 0.8706284 -0.3596808 0.3356131 0.8706276 -0.3597409 0.3355506 0.8705334 -0.3598594 0.3356677 0.8706156 -0.3598279 0.3354883 0.8707674 -0.3596248 0.3353121 0.8707109 -0.3597048 0.3353731 6.44971e-5 -0.6820564 -0.7312996 0.6178933 -0.6211811 -0.4820188 0.6178932 -0.621181 -0.4820188 0.6178933 -0.621181 -0.4820188 0.1201968 -0.6771146 -0.725995 0.1829584 -0.666764 -0.7224624 0.3125207 -0.6480259 -0.6945453 0.3124334 -0.6480255 -0.694585 0.3125206 -0.6480259 -0.6945454 0.5520888 -0.5683317 -0.6100797 0.4642029 -0.5962374 -0.6549936 0.4642028 -0.5962375 -0.6549936 0.776507 -0.5127236 -0.3662669 0.776507 -0.5127236 -0.3662669 0.776529 -0.5126824 -0.3662778 0.6717051 -0.5075669 -0.5396186 0.6720601 -0.5073426 -0.5393874 0.8353196 -0.3717889 -0.4049869 0.8771716 -0.3289393 -0.3498126 0.8773328 -0.3287395 -0.3495964 0.9824165 -0.1255461 -0.1381885 0.9862325 -0.1127773 -0.1209414 -7.41749e-6 -0.7313352 0.6820182 -7.41842e-6 -0.7313352 0.6820182 -7.41401e-6 -0.7313352 0.6820182 -2.24589e-4 -0.7313994 0.6819493 2.40903e-4 -0.7313826 0.6819673 4.74164e-4 -0.7314108 0.681937 0 -0.7309536 0.6824272 0 -0.7309536 0.6824272 0 -0.7309536 0.6824272 0 -0.7312546 0.6821046 0 -0.7312547 0.6821046 0 -0.7312547 0.6821046 0 -0.7310947 0.6822761 0 -0.7310947 0.6822761 0 -0.7310948 0.682276 0 -0.7310886 0.6822825 0 -0.7310886 0.6822825 0 -0.7310886 0.6822825 0.9970042 0.03836119 0.06716579 0.9970042 0.03836119 0.06716579 0.9970042 0.03836125 0.06716579 0.9555607 0.06777524 0.2868977 0.9363411 -0.3368966 -0.0988233 0.9994061 -0.01275599 -0.03201138 0.9998627 0.001750469 -0.016478 0.9659234 -0.1765242 -0.1892914 0.7071278 -0.4822326 -0.5171288 0.7071188 -0.4822349 -0.5171388 0.2588185 -0.658761 -0.7064326 0.2588267 -0.6587595 -0.706431 -0.2588173 -0.6587616 -0.7064325 -0.258809 -0.6587632 -0.706434 -0.7071162 -0.4822327 -0.5171444 -0.707101 -0.4822554 -0.517144 -0.9659248 -0.1765164 -0.1892917 -0.9659233 -0.1765267 -0.1892899 -0.9659286 0.1765156 0.1892735 -0.9659288 0.1765074 0.1892799 -0.7070919 0.4822622 0.5171502 -0.7071233 0.4821538 0.5172083 -0.2588283 0.6586523 0.7065304 -0.2588109 0.6587046 0.7064878 0.258843 0.6586989 0.7064815 0.2588292 0.6590726 0.7061378 0.2588232 0.6590037 0.7062044 0.2588269 0.659003 0.7062037 0.7071183 0.4821531 0.5172159 0.7071439 0.4822216 0.517117 0.9517133 0.2093607 0.2245216</float_array>
          <technique_common>
            <accessor source="#link_1-mesh-normals-array" count="12834" stride="3">
              <param name="X" type="float"/>
              <param name="Y" type="float"/>
              <param name="Z" type="float"/>
            </accessor>
          </technique_common>
        </source>
        <vertices id="link_1-mesh-vertices">
          <input semantic="POSITION" source="#link_1-mesh-positions"/>
        </vertices>
        <triangles count="10966">
          <input semantic="VERTEX" source="#link_1-mesh-vertices" offset="0"/>
          <input semantic="NORMAL" source="#link_1-mesh-normals" offset="1"/>
          <p>0 0 1 0 2 0 3 1 4 1 2 1 2 2 4 3 5 4 2 5 5 5 0 5 0 6 5 7 6 8 0 9 6 9 7 9 0 10 8 10 1 10 1 11 8 12 9 12 1 13 9 13 10 13 10 14 9 14 11 14 9 15 12 16 11 17 11 18 12 19 13 18 11 20 13 20 14 20 14 21 13 22 15 23 14 24 15 24 16 24 17 25 6 25 18 25 6 26 5 26 18 26 18 27 5 27 4 27 18 28 4 28 19 28 18 29 20 29 17 29 17 30 20 30 21 30 17 31 21 31 22 31 22 32 21 32 23 32 22 33 23 33 24 33 24 34 23 34 25 34 24 35 25 35 26 35 26 36 25 36 27 36 26 37 27 37 28 37 28 38 27 38 29 38 28 39 29 39 30 39 30 40 29 40 31 40 30 41 31 41 32 41 32 42 31 42 33 42 32 43 33 43 34 43 34 44 33 44 35 44 34 45 35 45 36 45 36 46 35 46 37 46 36 47 37 47 38 47 38 48 37 48 19 48 38 49 19 49 39 49 39 50 19 50 4 50 39 51 4 51 3 51 39 52 3 52 38 52 38 53 3 54 40 55 38 56 40 56 36 56 36 57 40 57 41 57 36 58 41 58 34 58 34 59 41 59 42 59 34 60 42 60 32 60 32 61 42 61 43 61 32 62 43 62 30 62 43 63 44 63 30 63 30 64 44 64 45 64 30 65 45 65 28 65 28 66 45 66 46 66 28 67 46 67 26 67 26 68 46 68 47 68 26 69 47 69 24 69 24 70 47 70 48 70 24 71 48 71 22 71 22 72 48 72 49 72 22 73 49 73 17 73 17 74 49 75 7 76 17 77 7 77 6 77 50 78 18 78 51 78 51 79 18 79 19 79 51 80 19 80 52 80 52 81 19 81 37 81 52 82 37 82 53 82 53 83 37 83 35 83 53 84 35 84 54 84 54 85 35 85 33 85 54 86 33 86 55 86 55 87 33 87 31 87 55 88 31 88 56 88 56 89 31 89 29 89 56 90 29 90 57 90 57 91 29 91 27 91 57 92 27 92 58 92 58 93 27 93 25 93 58 94 25 94 59 94 59 95 25 95 23 95 59 96 23 96 60 96 60 97 23 97 21 97 60 98 21 98 61 98 61 99 21 99 20 99 61 100 20 100 50 100 50 101 20 101 18 101 8 102 62 102 63 102 8 103 0 103 62 103 62 104 0 105 7 104 62 106 7 106 64 106 64 107 7 108 49 109 64 110 49 110 65 110 66 111 12 111 63 111 63 112 12 112 9 112 63 113 9 113 8 113 66 114 67 114 12 114 12 115 67 116 68 115 12 117 68 118 13 117 13 119 68 119 69 120 13 121 69 122 15 123 70 124 71 124 72 124 16 125 15 125 73 125 74 126 75 126 76 126 76 127 75 127 77 127 16 128 73 128 78 128 78 129 73 129 75 129 78 130 75 130 72 130 72 131 75 131 74 131 72 132 74 132 70 132 69 133 79 134 15 135 15 136 79 136 80 136 81 137 16 137 82 137 82 138 16 138 83 138 80 139 84 139 15 139 15 140 84 140 85 140 15 141 85 141 73 141 81 142 86 142 16 142 16 143 86 143 87 143 16 144 87 144 88 144 89 145 90 146 78 147 78 148 90 148 91 148 78 149 91 149 92 149 93 150 94 150 16 150 16 151 94 151 95 151 16 152 95 152 83 152 92 153 96 153 78 153 78 154 96 154 97 154 78 155 97 155 16 155 16 156 97 156 98 156 16 157 98 157 93 157 16 158 88 158 99 158 16 159 99 159 14 159 14 160 99 160 100 160 14 161 100 161 11 161 11 162 100 162 101 162 11 163 101 163 10 163 102 164 1 164 103 164 103 165 1 165 10 165 103 166 10 166 104 166 104 167 10 167 101 167 105 168 40 169 106 170 106 171 40 172 3 173 106 174 3 174 102 174 102 175 3 175 2 175 102 176 2 176 1 176 107 177 41 177 108 177 108 178 41 178 40 178 108 179 40 179 105 179 109 180 48 180 110 180 110 181 48 181 47 181 46 182 111 182 47 182 47 183 111 183 112 183 47 184 112 184 110 184 45 185 113 185 46 185 46 186 113 186 114 186 46 187 114 187 111 187 115 188 116 188 44 188 44 189 116 189 117 189 44 190 117 190 45 190 45 191 117 191 118 191 45 192 118 192 113 192 119 193 120 193 43 193 43 194 120 194 121 194 43 195 121 195 44 195 44 196 121 196 122 196 44 197 122 197 115 197 42 198 41 198 107 198 107 199 123 199 42 199 42 200 123 200 124 200 42 201 124 201 43 201 43 202 124 202 125 202 43 203 125 203 119 203 65 204 49 204 126 204 126 205 49 205 48 205 126 206 48 206 109 206 127 207 128 207 53 207 128 208 129 209 53 210 53 211 129 211 130 211 53 212 130 212 52 212 52 213 130 213 131 213 52 214 131 214 51 214 51 215 131 215 132 215 51 216 132 216 50 216 50 217 132 217 133 217 50 218 133 218 61 218 61 219 133 219 134 219 61 220 134 220 60 220 60 221 134 221 135 221 60 222 135 222 59 222 59 223 135 223 136 223 59 224 136 224 58 224 58 225 136 225 137 225 58 226 137 226 57 226 57 227 137 227 138 227 57 228 138 228 56 228 56 229 138 229 139 229 56 230 139 230 55 230 55 231 139 231 127 231 55 232 127 232 54 232 54 233 127 233 53 233 140 234 141 234 69 234 142 235 143 235 144 235 145 236 146 236 147 236 147 237 146 238 148 239 143 240 142 240 146 240 146 241 142 241 149 241 146 242 149 243 148 244 150 245 151 245 152 245 62 246 64 246 153 246 65 247 154 248 64 249 64 250 154 250 155 250 64 251 155 252 153 253 145 254 156 254 146 254 146 255 156 255 157 255 146 256 157 256 143 256 143 257 157 257 158 257 143 258 158 258 144 258 144 259 158 259 150 259 144 260 150 260 159 260 159 261 150 262 152 263 156 264 141 264 157 264 157 265 141 265 140 265 157 266 140 266 158 266 158 267 140 267 160 267 158 268 160 268 150 268 150 269 160 269 161 269 150 270 161 270 151 270 151 271 161 271 162 271 151 272 162 273 163 272 163 274 162 274 164 274 163 275 164 275 165 275 69 276 68 277 140 278 140 279 68 280 67 281 140 282 67 282 160 282 160 283 67 284 66 285 160 286 66 286 161 286 161 287 66 287 63 287 161 288 63 288 162 288 162 289 63 289 62 289 162 290 62 290 164 290 164 291 62 291 153 291 164 292 153 293 165 294 166 295 73 296 85 297 85 298 167 299 166 300 166 301 167 301 168 301 166 302 168 302 169 302 169 303 168 303 170 303 170 304 168 304 171 304 170 305 171 305 172 305 173 306 174 307 175 308 175 309 174 309 176 309 172 310 177 311 170 312 170 313 177 313 169 313 176 314 178 314 175 314 175 315 178 316 179 317 175 318 179 318 180 318 180 319 179 319 181 319 180 320 181 320 182 320 182 321 181 321 183 321 182 322 183 322 184 322 184 323 183 323 185 323 184 324 185 324 186 324 186 325 185 325 187 325 186 326 187 326 188 326 188 327 187 327 189 327 188 328 189 328 190 328 190 329 189 329 191 329 190 330 191 330 192 330 192 331 191 331 193 331 192 332 193 332 194 332 194 333 193 333 195 333 194 334 195 334 196 334 196 335 195 335 197 335 196 336 197 336 198 336 198 337 197 337 75 337 198 338 75 338 199 338 199 339 75 339 73 339 199 340 73 340 177 340 177 341 73 342 166 343 177 344 166 344 169 344 200 345 201 345 202 345 203 346 204 346 205 346 205 347 204 348 206 349 202 350 206 351 200 352 200 353 206 354 204 355 200 356 204 356 207 356 207 357 204 357 208 357 207 358 208 358 209 358 210 359 211 359 212 359 209 360 208 361 213 362 213 363 208 363 214 363 213 364 214 364 211 364 211 365 214 365 215 365 211 366 215 366 212 366 210 367 212 368 216 369 216 370 212 370 217 370 216 371 217 372 218 373 219 374 205 374 220 374 205 375 206 375 220 375 220 376 206 376 202 376 220 377 202 377 221 377 220 378 222 378 219 378 219 379 222 379 223 379 219 380 223 380 224 380 224 381 223 381 225 381 224 382 225 382 226 382 226 383 225 383 227 383 226 384 227 384 228 384 228 385 227 385 229 385 228 386 229 386 230 386 230 387 229 387 231 387 230 388 231 388 232 388 232 389 231 389 233 389 232 390 233 390 234 390 234 391 233 391 235 391 234 392 235 392 236 392 236 393 235 393 237 393 236 394 237 394 238 394 238 395 237 395 239 395 238 396 239 396 240 396 240 397 239 397 221 397 240 398 221 398 241 398 241 399 221 399 202 399 241 400 202 400 201 400 241 401 201 401 240 401 240 402 201 403 242 404 240 405 242 405 238 405 238 57 242 57 243 57 238 58 243 58 236 58 236 406 243 406 244 406 236 407 244 407 234 407 234 408 244 408 245 408 234 409 245 409 232 409 245 410 246 410 232 410 232 411 246 411 247 411 232 412 247 412 230 412 230 413 247 413 248 413 230 414 248 414 228 414 228 415 248 415 249 415 228 416 249 416 226 416 226 417 249 417 250 417 226 418 250 418 224 418 224 419 250 419 251 419 224 420 251 420 219 420 219 421 251 422 203 423 219 424 203 424 205 424 252 425 235 425 253 425 253 426 235 426 233 426 253 427 233 427 254 427 254 428 233 428 231 428 254 90 231 90 255 90 255 429 231 429 229 429 255 430 229 430 256 430 256 431 229 431 227 431 256 432 227 432 257 432 257 433 227 433 225 433 257 434 225 434 258 434 258 435 225 435 223 435 258 436 223 436 259 436 259 437 223 437 222 437 259 438 222 438 260 438 260 439 222 439 220 439 260 78 220 78 261 78 261 440 220 440 221 440 261 441 221 441 262 441 262 442 221 442 239 442 262 443 239 443 263 443 263 444 239 444 237 444 263 445 237 445 252 445 252 446 237 446 235 446 251 447 264 448 203 449 203 450 264 450 265 450 203 451 265 451 204 451 204 452 265 452 266 452 204 453 266 453 208 453 208 454 266 454 214 454 266 455 267 456 214 457 214 458 267 458 268 458 214 459 268 459 215 459 268 460 269 460 215 460 215 461 269 461 270 461 215 462 270 462 212 462 212 463 270 463 271 463 212 464 271 464 217 464 272 465 273 466 218 467 181 468 179 468 274 468 274 469 275 469 181 469 181 470 275 470 276 470 181 471 276 471 277 471 277 472 278 472 181 472 181 473 278 473 279 473 181 474 279 474 280 474 281 475 282 475 218 475 218 476 282 476 283 476 218 477 283 477 272 477 284 478 217 479 285 480 285 481 217 482 271 483 284 484 286 484 217 484 217 485 286 485 287 485 217 486 287 486 288 486 289 487 290 487 274 487 274 488 290 488 291 488 288 489 292 489 217 489 217 490 292 490 293 490 217 491 293 491 294 491 281 492 218 492 179 492 179 493 218 493 217 493 179 494 217 494 274 494 274 495 217 495 294 495 274 496 294 496 289 496 291 497 295 497 274 497 274 498 295 499 296 500 274 501 296 502 297 503 298 504 299 505 300 506 301 507 302 507 303 507 303 508 302 509 304 510 300 511 304 512 298 513 298 514 304 514 302 514 298 515 302 515 305 515 305 516 302 516 306 516 305 517 306 517 307 517 308 518 309 518 310 518 307 519 306 520 311 521 311 522 306 522 312 522 311 523 312 524 309 525 309 526 312 526 313 526 309 527 313 527 310 527 308 528 310 529 314 530 314 531 310 532 275 533 314 534 275 534 274 534 315 535 303 535 316 535 303 536 304 536 316 536 316 537 304 537 300 537 316 538 300 538 317 538 316 539 318 539 315 539 315 540 318 540 319 540 315 541 319 541 320 541 320 542 319 543 321 544 320 545 321 545 322 545 322 546 321 546 323 546 322 547 323 547 324 547 324 548 323 548 325 548 324 549 325 549 326 549 326 550 325 550 327 550 326 551 327 551 328 551 328 552 327 552 329 552 328 553 329 553 330 553 330 554 329 554 331 554 330 555 331 555 332 555 332 556 331 556 333 556 332 557 333 557 334 557 334 558 333 558 335 558 334 559 335 559 336 559 336 560 335 560 317 560 336 561 317 561 337 561 337 562 317 562 300 562 211 563 210 563 338 563 338 564 210 564 273 564 273 565 210 566 216 567 273 568 216 568 218 568 211 569 338 569 213 569 213 570 338 570 339 570 213 571 339 572 209 573 339 574 340 574 209 574 209 575 340 575 341 575 209 576 341 576 207 576 342 577 242 577 343 577 343 578 242 579 201 580 343 581 201 581 341 581 341 582 201 582 200 582 341 583 200 583 207 583 301 584 303 584 315 584 301 585 315 586 344 587 344 588 315 588 320 588 344 589 320 589 345 589 345 590 320 590 322 590 345 591 322 591 346 591 346 592 322 592 324 592 346 593 324 593 347 593 347 594 324 594 326 594 347 595 326 595 348 595 348 596 326 596 328 596 348 597 328 597 349 597 349 598 328 598 350 598 350 599 328 599 330 599 350 600 330 600 351 600 351 601 330 601 332 601 351 602 332 602 352 602 352 603 332 603 334 603 352 604 334 604 353 604 353 605 334 605 336 605 353 606 336 607 299 608 299 609 336 609 337 609 299 610 337 610 300 610 354 611 327 611 355 611 355 612 327 612 325 612 355 613 325 613 356 613 356 614 325 614 323 614 356 615 323 615 357 615 357 616 323 616 321 616 357 617 321 617 358 617 358 618 321 618 319 618 358 619 319 619 359 619 359 620 319 620 318 620 359 621 318 621 360 621 360 319 318 319 316 319 360 622 316 622 361 622 361 623 316 623 317 623 361 624 317 624 362 624 362 625 317 625 335 625 362 626 335 626 363 626 363 627 335 627 333 627 363 628 333 628 364 628 364 629 333 629 331 629 364 630 331 631 365 630 365 632 331 632 329 632 365 633 329 633 354 633 354 634 329 634 327 634 301 635 344 636 366 637 367 638 368 639 313 640 313 641 368 642 369 643 313 644 369 644 310 644 366 645 370 645 301 645 301 646 370 646 371 646 301 647 371 648 302 649 302 650 371 651 372 652 302 653 372 653 306 653 306 654 372 654 373 654 306 655 373 656 312 655 312 657 373 657 374 657 312 658 374 658 313 658 313 659 374 660 375 660 313 661 375 662 367 663 310 664 369 665 275 664 275 666 369 666 376 667 275 668 376 668 276 668 377 669 308 670 378 671 378 672 308 673 314 674 378 675 314 676 297 677 297 678 314 679 274 680 379 681 307 681 380 681 380 682 307 683 311 684 380 685 311 685 377 685 377 686 311 686 309 686 377 687 309 687 308 687 381 688 305 688 382 688 382 689 305 689 307 689 382 690 307 691 383 692 383 693 307 693 379 693 384 694 353 694 385 694 385 695 353 696 299 697 385 698 299 698 381 698 381 699 299 699 298 699 381 700 298 700 305 700 77 701 75 701 386 701 386 702 75 702 197 702 386 703 197 703 387 703 388 704 389 704 195 704 195 705 389 705 390 705 195 706 390 706 197 706 197 707 390 707 391 707 197 708 391 708 387 708 193 709 191 709 392 709 392 710 393 710 193 710 193 711 393 711 394 711 193 712 394 712 195 712 195 713 394 713 395 713 195 714 395 714 388 714 396 715 397 715 398 715 76 716 77 717 399 718 76 719 399 720 400 721 400 722 399 722 401 722 400 723 401 724 402 725 402 726 401 726 396 726 402 727 396 727 403 727 403 728 396 728 398 728 403 729 398 729 404 729 404 730 405 730 403 730 403 731 405 731 406 731 403 732 406 732 402 732 402 733 406 733 407 733 402 734 407 734 400 734 400 735 407 735 74 735 400 736 74 736 76 736 70 737 74 737 407 737 408 738 71 738 70 738 70 739 407 739 408 739 408 740 407 740 406 740 408 741 406 741 409 741 409 742 406 742 405 742 409 743 405 743 410 743 410 744 405 744 404 744 410 745 404 745 411 745 71 746 412 747 72 748 72 749 412 750 413 751 72 752 413 752 414 752 414 753 413 753 415 753 414 754 415 754 416 754 415 755 417 755 416 755 416 756 417 756 418 756 416 757 418 757 419 757 420 758 421 758 422 758 422 759 421 759 419 759 422 760 419 760 423 760 423 761 419 762 418 762 424 763 425 763 426 763 426 764 425 765 427 766 426 767 427 767 420 767 420 768 427 768 428 768 420 769 428 769 421 769 429 770 421 770 428 770 430 771 431 772 432 773 427 774 430 774 428 774 428 775 430 776 432 777 428 778 432 778 429 778 429 779 432 780 433 781 429 782 433 782 434 782 429 783 435 783 421 783 421 784 435 784 436 784 421 785 436 785 419 785 419 786 436 786 416 786 436 787 437 787 416 787 416 788 437 788 438 788 416 789 438 789 414 789 414 790 438 790 78 790 414 791 78 791 72 791 439 792 440 793 434 794 434 795 440 795 441 795 434 796 441 797 429 798 429 799 441 800 442 801 443 802 436 803 442 804 442 805 436 805 435 805 442 806 435 806 429 806 444 807 445 807 437 807 437 808 445 809 438 810 443 811 446 812 436 813 436 814 446 815 447 816 436 817 447 817 437 817 437 818 447 818 448 818 437 819 448 820 444 821 438 822 445 822 78 822 78 823 445 823 449 823 78 824 449 824 89 824 90 825 89 826 450 827 90 828 450 828 451 828 451 829 450 829 452 830 451 831 452 832 453 833 453 834 452 835 454 835 453 836 454 837 455 838 455 839 454 839 456 839 455 840 456 840 457 840 457 841 458 842 455 843 455 844 458 844 459 845 455 846 459 847 453 848 453 849 459 850 460 851 453 852 460 853 451 854 451 855 460 856 91 857 451 858 91 859 90 860 91 861 460 861 92 861 92 862 460 862 461 862 92 863 461 864 96 865 96 866 461 866 462 866 96 867 462 868 97 869 462 870 463 871 97 872 97 873 463 874 464 875 97 876 464 877 98 878 98 879 464 880 465 881 98 882 465 882 93 882 466 883 465 883 467 883 467 884 465 885 464 884 467 886 464 887 468 888 468 889 464 889 463 889 468 890 463 890 469 890 469 891 463 891 462 891 469 892 462 892 470 892 470 893 462 893 461 893 470 894 461 894 459 894 459 895 461 895 460 895 471 896 466 896 472 896 472 897 466 897 467 897 472 898 467 898 473 898 473 899 467 899 468 899 473 900 468 900 474 900 474 901 468 901 469 901 474 902 469 902 475 902 475 903 469 903 470 903 475 904 470 904 458 904 458 905 470 905 459 905 476 906 471 906 477 906 477 907 471 907 472 907 477 908 472 908 478 908 478 909 472 909 473 910 478 911 473 911 479 911 479 912 473 912 474 912 479 913 474 913 480 913 480 914 474 914 475 914 480 915 475 915 481 915 481 916 475 916 458 916 481 917 458 917 457 917 482 918 94 918 93 918 483 919 95 920 94 921 93 922 465 922 482 922 482 923 465 923 466 923 482 924 466 924 484 924 484 925 466 925 471 925 484 926 471 926 485 926 485 927 471 927 476 927 485 928 476 928 486 928 94 929 482 929 483 929 483 930 482 930 484 930 483 931 484 931 487 931 487 932 484 932 485 932 487 933 485 933 488 933 488 934 485 934 486 934 488 935 486 935 489 935 83 936 95 937 483 938 81 939 82 939 490 939 490 940 82 940 83 940 491 941 86 941 81 941 83 942 483 942 490 942 490 943 483 943 487 943 490 944 487 944 492 944 492 945 487 946 488 947 492 948 488 948 493 948 493 949 488 949 489 949 493 950 489 950 494 950 81 951 490 951 491 951 491 952 490 952 492 952 491 953 492 953 495 953 495 954 492 955 493 954 495 956 493 956 496 956 496 957 493 957 494 957 496 958 494 958 497 958 496 959 497 959 498 959 87 960 86 960 491 960 87 961 491 961 499 961 499 962 491 963 495 964 499 965 495 965 500 965 500 966 495 966 496 966 500 967 496 967 501 967 501 968 496 969 498 970 501 971 498 971 502 971 502 972 503 972 501 972 501 973 503 973 504 973 501 974 504 974 500 974 500 975 504 976 505 977 500 978 505 978 499 978 499 979 505 980 88 981 499 982 88 982 87 982 506 983 507 984 508 985 145 986 147 987 507 988 508 989 509 990 506 991 506 992 509 993 510 993 506 994 510 995 511 996 511 997 510 998 512 999 511 1000 512 1001 513 1002 513 1003 512 1004 80 1005 513 1006 80 1007 79 1008 507 1009 506 1009 145 1009 145 1010 506 1010 511 1010 145 1011 511 1011 156 1011 156 1012 511 1013 513 1014 156 1015 513 1016 141 1017 141 1018 513 1019 79 1020 141 1021 79 1022 69 1023 514 1024 171 1024 168 1024 515 1025 508 1025 516 1025 516 1026 514 1026 515 1026 515 1027 514 1027 168 1027 515 1028 168 1028 517 1028 517 1029 168 1030 167 1031 517 1032 167 1032 518 1032 518 1033 167 1033 85 1033 518 1034 85 1034 84 1034 508 1035 515 1035 509 1035 509 1036 515 1037 517 1037 509 1038 517 1038 510 1038 510 1039 517 1039 518 1040 510 1041 518 1041 512 1041 512 1042 518 1042 84 1042 512 1043 84 1043 80 1043 88 1044 505 1045 519 1046 105 1047 106 1047 520 1047 521 1048 522 1049 523 1050 523 1051 522 1052 524 1053 523 1054 524 1055 525 1056 525 1057 524 1057 526 1057 525 1058 526 1058 527 1059 528 1060 529 1060 530 1060 531 1061 532 1062 533 1063 533 1064 532 1065 534 1066 533 1067 534 1068 535 1069 535 1070 534 1070 536 1070 535 1071 536 1072 537 1072 537 1073 536 1074 503 1075 537 1076 503 1077 502 1078 504 1079 503 1080 538 1081 538 1082 503 1083 536 1084 538 1085 536 1085 539 1086 539 1087 536 1087 534 1087 539 1088 534 1088 529 1088 529 1089 534 1089 532 1089 529 1090 532 1091 530 1092 530 1093 532 1094 531 1095 102 1096 103 1096 540 1096 540 1097 103 1097 104 1097 540 1098 104 1099 541 1099 541 1100 104 1100 101 1100 541 1101 101 1101 542 1101 542 1102 101 1102 100 1102 542 1103 100 1103 519 1103 519 1104 100 1105 99 1106 519 1107 99 1107 88 1107 505 1108 504 1109 519 1110 519 1111 504 1112 538 1113 519 1114 538 1115 542 1114 542 1116 538 1116 539 1116 542 1117 539 1117 541 1117 541 1118 539 1118 529 1118 541 1119 529 1119 540 1119 540 1120 529 1120 528 1120 530 1121 543 1121 528 1121 528 1122 543 1122 521 1122 528 1123 521 1124 540 1125 540 1126 521 1126 523 1126 540 1127 523 1127 102 1127 102 1128 523 1129 525 1130 102 1131 525 1131 106 1131 106 1132 525 1133 527 1134 106 1135 527 1136 520 1137 544 1138 243 1138 545 1138 545 205 243 205 242 205 545 1139 242 1139 342 1139 546 1140 547 1140 245 1140 548 1141 549 1141 246 1141 550 1142 250 1142 551 1142 551 1143 250 1143 249 1143 248 1144 552 1144 553 1144 553 1145 554 1145 248 1145 248 1146 554 1146 555 1146 248 1147 555 1147 249 1147 249 1148 555 1148 556 1148 249 1149 556 1149 551 1149 552 1150 248 1150 557 1150 557 1151 248 1151 247 1151 557 1152 247 1152 558 1152 549 1153 559 1154 246 1155 246 1156 559 1156 560 1156 246 1157 560 1157 247 1157 247 1158 560 1158 561 1158 247 1159 561 1159 558 1159 245 1160 547 1160 246 1160 246 1161 547 1161 562 1161 246 1162 562 1162 548 1162 546 1163 245 1163 563 1163 563 1164 245 1164 244 1164 563 1165 244 1165 564 1165 564 1166 244 1166 565 1166 565 1167 244 1167 243 1167 565 1168 243 1168 544 1168 264 1169 251 1169 566 1169 566 1170 251 1170 250 1170 566 1171 250 1171 550 1171 567 1172 568 1172 257 1172 568 1173 569 1173 257 1173 257 1174 569 1174 570 1174 257 1175 570 1175 256 1175 256 1176 570 1176 571 1176 256 1177 571 1177 255 1177 255 1178 571 1178 572 1178 255 1179 572 1179 254 1179 254 1180 572 1180 573 1180 254 1181 573 1181 253 1181 253 1182 573 1182 574 1182 253 1183 574 1183 252 1183 252 1184 574 1184 575 1184 252 1185 575 1185 263 1185 263 1186 575 1186 576 1186 263 1187 576 1187 262 1187 262 1188 576 1188 577 1188 262 1189 577 1189 261 1189 261 1190 577 1190 578 1190 261 1191 578 1191 260 1191 260 1192 578 1192 579 1192 260 1193 579 1193 259 1193 259 1194 579 1194 567 1194 259 1195 567 1195 258 1195 258 1196 567 1196 257 1196 580 1197 581 1198 582 1199 583 1200 584 1201 585 1202 586 1203 587 1203 588 1203 588 1204 587 1204 589 1204 584 1205 583 1206 587 1207 587 1208 583 1208 590 1208 587 1209 590 1209 589 1209 591 1210 592 1210 593 1210 268 1211 267 1211 581 1211 581 1212 267 1213 266 1214 581 1215 266 1216 582 1217 582 1218 266 1219 265 1220 582 1221 265 1222 594 1223 594 1224 265 1224 264 1224 586 1225 595 1226 587 1227 587 1228 595 1228 596 1228 587 1229 596 1230 584 1231 584 1232 596 1233 597 1232 584 1234 597 1235 585 1236 585 1237 597 1237 591 1237 585 1238 591 1238 598 1238 598 1239 591 1240 593 1241 595 1242 599 1243 596 1244 596 1245 599 1245 600 1245 596 1246 600 1247 597 1246 597 1248 600 1248 601 1248 597 1249 601 1249 591 1249 591 1250 601 1251 602 1252 591 1253 602 1253 592 1253 592 1254 602 1254 603 1254 592 1255 603 1256 604 1256 588 1257 605 1257 586 1257 586 1258 605 1258 606 1258 586 1259 606 1259 595 1259 595 1260 606 1261 607 1262 595 1263 607 1264 599 1265 599 1266 607 1266 271 1267 599 1268 271 1268 600 1268 600 1269 271 1269 270 1269 600 1270 270 1271 601 1272 601 1273 270 1273 269 1273 601 1274 269 1274 602 1274 602 1275 269 1275 268 1275 602 1276 268 1276 603 1276 603 1277 268 1277 581 1277 603 1278 581 1278 604 1278 604 1279 581 1279 580 1279 608 1280 609 1280 189 1280 608 1281 189 1281 610 1281 610 1282 189 1282 187 1282 610 1283 187 1283 611 1283 612 1284 613 1284 185 1284 185 1285 613 1285 614 1285 185 1286 614 1286 187 1286 187 1287 614 1287 615 1287 187 1288 615 1288 611 1288 612 1289 185 1289 616 1289 616 1290 185 1290 183 1290 616 1291 183 1291 617 1291 617 1292 183 1292 618 1292 618 1293 183 1293 181 1293 618 1294 181 1294 280 1294 174 1295 173 1295 619 1295 619 1296 620 1296 174 1296 174 1297 620 1297 621 1297 174 1298 621 1298 176 1298 281 1299 179 1300 621 1301 621 1302 179 1303 178 1304 621 1305 178 1305 176 1305 622 1306 623 1306 624 1306 623 1307 622 1307 625 1307 625 1308 622 1308 620 1308 625 1309 620 1309 619 1309 283 1310 282 1310 626 1310 622 1311 627 1311 620 1311 620 1312 627 1312 626 1312 620 1313 626 1313 621 1313 621 1314 626 1315 282 1316 621 1317 282 1318 281 1319 283 1320 626 1320 628 1320 628 1321 626 1321 627 1321 628 1322 627 1322 629 1322 629 1323 627 1323 622 1323 629 1324 622 1324 630 1324 630 1325 622 1325 624 1325 630 1326 624 1326 631 1326 630 1327 631 1328 632 1329 272 1330 283 1330 628 1330 272 1331 628 1331 633 1331 633 1332 628 1333 629 1334 633 1335 629 1335 634 1335 634 1336 629 1336 630 1336 634 1337 630 1337 635 1337 635 1338 630 1339 632 1340 635 1341 632 1341 636 1341 636 1342 637 1342 635 1342 635 1343 637 1344 638 1345 635 1346 638 1346 634 1346 634 1347 638 1348 639 1349 634 1350 639 1351 633 1352 633 1353 639 1354 273 1355 633 1356 273 1356 272 1356 640 1357 641 1357 642 1357 605 1358 588 1358 641 1358 642 1359 643 1360 640 1361 640 1362 643 1362 644 1362 640 1363 644 1363 645 1363 645 1364 644 1364 646 1364 645 1365 646 1366 647 1367 647 1368 646 1369 284 1370 647 1371 284 1372 285 1373 641 1374 640 1374 605 1374 605 1375 640 1375 645 1375 605 1376 645 1376 606 1376 606 1377 645 1377 647 1377 606 1378 647 1378 607 1378 607 1379 647 1380 285 1381 607 1382 285 1383 271 1384 648 1385 288 1385 287 1385 649 1386 650 1386 651 1386 642 1387 649 1387 652 1387 649 1388 651 1388 652 1388 652 1389 651 1389 653 1389 652 1390 653 1390 654 1390 654 1391 653 1391 648 1391 654 1392 648 1392 655 1392 655 1393 648 1394 287 1395 655 1396 287 1396 286 1396 642 1397 652 1397 643 1397 643 1398 652 1399 654 1399 643 1400 654 1400 644 1400 644 1401 654 1401 655 1402 644 1403 655 1403 646 1403 646 1404 655 1404 286 1404 646 1405 286 1405 284 1405 656 1406 293 1406 292 1406 657 1407 658 1407 659 1407 657 1408 659 1408 660 1408 660 1409 659 1409 661 1409 660 1410 661 1410 662 1410 662 1411 661 1411 656 1411 662 1412 656 1413 663 1414 663 1415 656 1416 292 1417 663 1418 292 1419 288 1420 288 1421 648 1421 663 1421 663 1422 648 1422 653 1422 663 1423 653 1423 662 1423 662 1424 653 1424 651 1424 662 1425 651 1425 660 1425 660 1426 651 1426 650 1426 660 1427 650 1427 657 1427 293 1428 656 1428 664 1428 293 1429 664 1430 294 1431 294 1432 664 1432 665 1432 294 1433 665 1434 289 1435 289 1436 665 1436 666 1436 289 1437 666 1438 290 1439 290 1440 666 1440 667 1440 290 1441 667 1441 291 1441 291 1442 667 1443 668 1444 291 1445 668 1445 295 1445 669 1446 670 1446 671 1447 671 1448 670 1448 672 1448 659 1449 658 1450 673 1451 673 1452 658 1453 674 1454 673 1455 674 1455 675 1455 675 1456 674 1456 676 1456 675 1457 676 1458 677 1459 677 1460 676 1460 678 1460 677 1461 678 1462 672 1461 672 1463 678 1464 679 1465 672 1466 679 1467 671 1468 661 1469 659 1469 680 1470 680 1471 659 1471 673 1471 680 1472 673 1472 681 1472 681 1473 673 1473 675 1473 681 1474 675 1474 682 1474 682 1475 675 1476 677 1477 682 1478 677 1479 683 1480 683 1481 677 1482 672 1483 683 1484 672 1484 684 1484 684 1485 672 1485 670 1485 656 1486 661 1486 664 1487 664 1488 661 1488 680 1488 664 1489 680 1489 665 1489 665 1490 680 1490 681 1490 665 1491 681 1492 666 1492 666 1493 681 1493 682 1493 666 1494 682 1494 667 1494 667 1495 682 1495 683 1495 667 1496 683 1496 668 1496 668 1497 683 1498 684 1499 670 1500 669 1500 685 1500 685 1501 686 1502 687 1503 687 1504 686 1505 688 1506 687 1507 688 1507 689 1507 689 1508 688 1508 690 1509 689 1510 690 1511 691 1511 691 1512 690 1512 297 1512 691 1513 297 1514 296 1515 685 1516 687 1517 670 1518 670 1519 687 1520 689 1521 670 1522 689 1523 684 1522 684 1524 689 1525 691 1526 684 1527 691 1528 668 1529 668 1530 691 1531 296 1532 668 1533 296 1533 295 1533 277 1534 276 1534 692 1534 693 1535 278 1536 277 1537 277 1538 692 1539 693 1540 693 1541 692 1541 694 1541 693 1542 694 1543 695 1544 695 1545 694 1545 696 1545 695 1546 696 1547 697 1548 697 1549 696 1549 698 1549 697 1550 698 1550 699 1550 279 1551 278 1552 693 1553 280 1554 279 1554 700 1554 279 1555 693 1555 700 1555 700 1556 693 1556 695 1557 700 1558 695 1558 701 1558 701 1559 695 1560 697 1561 701 1562 697 1562 702 1562 702 1563 697 1563 699 1563 702 1564 699 1564 703 1564 280 1565 700 1566 704 1567 704 1568 700 1568 701 1568 704 1569 701 1569 705 1569 705 1570 701 1570 702 1570 705 1571 702 1571 706 1571 706 1572 702 1572 703 1572 706 1573 703 1573 707 1573 708 1574 709 1574 710 1574 711 1575 712 1576 713 1577 342 1578 343 1578 714 1578 714 1579 343 1580 715 1580 715 1581 343 1581 711 1581 711 1582 343 1582 341 1582 711 1583 341 1584 712 1585 716 1586 717 1587 718 1588 718 1589 717 1589 719 1589 718 1590 719 1591 720 1592 721 1593 722 1594 723 1595 723 1596 722 1596 724 1596 637 1597 636 1598 721 1599 721 1600 723 1601 637 1602 637 1603 723 1603 725 1603 637 1604 725 1604 638 1604 638 1605 725 1605 726 1606 638 1607 726 1607 639 1607 724 1608 727 1608 723 1608 723 1609 727 1609 710 1609 723 1610 710 1610 725 1610 725 1611 710 1611 709 1611 725 1612 709 1612 726 1612 724 1613 728 1614 727 1615 727 1616 728 1617 716 1618 727 1619 716 1620 710 1621 710 1622 716 1622 718 1622 710 1623 718 1624 708 1625 708 1626 718 1626 720 1626 708 1627 720 1627 729 1627 729 1628 720 1629 730 1630 729 1631 730 1631 731 1631 273 1632 639 1633 338 1634 338 1635 639 1635 726 1635 338 1636 726 1636 339 1636 339 1637 726 1637 709 1637 339 1638 709 1639 340 1640 340 1641 709 1641 708 1642 340 1643 708 1643 341 1643 341 1644 708 1645 729 1646 341 1647 729 1647 712 1647 712 1648 729 1649 731 1650 712 1651 731 1652 713 1653 732 1654 352 1654 384 1654 384 1655 352 1655 353 1655 733 1656 345 1656 734 1656 734 1657 345 1657 346 1657 347 1658 735 1658 346 1658 346 1659 735 1659 736 1659 346 1660 736 1660 734 1660 348 1661 737 1661 347 1661 347 1662 737 1662 738 1662 738 1663 739 1663 347 1663 347 1664 739 1664 740 1664 347 1665 740 1665 735 1665 349 1666 741 1666 348 1666 348 1667 741 1667 742 1667 348 1668 742 1668 737 1668 743 1669 744 1669 349 1669 349 1670 744 1670 745 1670 349 1671 745 1671 741 1671 743 1672 349 1672 746 1672 746 1673 349 1673 350 1673 746 1674 350 1674 747 1674 351 1675 352 1675 732 1675 732 1676 748 1676 351 1676 351 1677 748 1677 749 1677 351 1678 749 1678 350 1678 350 1679 749 1679 750 1679 350 1680 750 1680 747 1680 366 1681 344 1681 751 1681 751 1682 344 1682 345 1682 751 1683 345 1683 733 1683 752 1684 753 1684 357 1684 753 1685 754 1686 357 1687 357 1688 754 1688 755 1688 357 1689 755 1689 356 1689 356 1690 755 1690 756 1690 356 1691 756 1691 355 1691 355 1692 756 1692 757 1692 355 1693 757 1693 354 1693 354 1694 757 1694 758 1694 354 1695 758 1695 365 1695 365 1696 758 1696 759 1696 365 1697 759 1697 364 1697 364 1698 759 1698 760 1698 364 1699 760 1699 363 1699 363 1700 760 1700 761 1700 363 1701 761 1701 362 1701 362 1702 761 1702 762 1702 362 1703 762 1703 361 1703 361 1704 762 1704 763 1704 361 1705 763 1705 360 1705 360 1706 763 1706 764 1706 360 1707 764 1707 359 1707 359 1708 764 1708 752 1708 359 1709 752 1709 358 1709 358 1710 752 1710 357 1710 765 1711 766 1711 767 1711 765 1712 767 1712 768 1712 768 1713 767 1713 769 1713 768 1714 769 1715 770 1716 770 1717 769 1718 771 1719 770 1720 771 1721 772 1722 773 1723 774 1724 775 1725 775 1726 774 1726 776 1726 366 1727 777 1727 370 1727 370 1728 777 1729 778 1730 370 1731 778 1732 371 1733 779 1734 372 1734 775 1734 775 1735 372 1735 371 1735 775 1736 371 1737 773 1738 773 1739 371 1740 778 1741 773 1742 778 1743 774 1744 780 1745 374 1746 779 1747 779 1748 374 1749 373 1750 779 1751 373 1752 372 1753 781 1754 376 1754 782 1754 782 1755 376 1755 369 1755 782 1756 369 1756 783 1757 783 1758 369 1759 368 1760 783 1761 368 1761 784 1761 784 1762 368 1763 367 1763 784 1764 367 1764 780 1764 780 1765 367 1765 375 1765 780 1766 375 1767 374 1768 776 1769 785 1769 775 1769 775 1770 785 1771 786 1772 775 1773 786 1773 779 1773 779 1774 786 1775 787 1775 779 1776 787 1776 780 1776 780 1777 787 1777 788 1777 780 1778 788 1779 784 1780 784 1781 788 1781 789 1781 784 1782 789 1782 783 1782 783 1783 789 1784 790 1785 783 1786 790 1787 782 1788 782 1789 790 1790 791 1791 782 1792 791 1793 781 1794 781 1795 791 1796 792 1797 786 1798 793 1798 787 1798 787 1799 793 1799 794 1799 787 1800 794 1800 788 1800 788 1801 794 1802 772 1803 788 1804 772 1804 789 1804 789 1805 772 1805 771 1805 789 1806 771 1806 790 1806 790 1807 771 1807 769 1807 790 1808 769 1809 791 1810 791 1811 769 1812 767 1811 791 1813 767 1813 792 1813 792 1814 767 1814 766 1814 692 1815 276 1815 376 1815 376 1816 781 1816 692 1816 692 1817 781 1817 792 1817 692 1818 792 1819 694 1820 694 1821 792 1822 766 1822 694 1823 766 1824 696 1824 696 1825 766 1826 765 1825 696 1827 765 1828 698 1829 795 1830 796 1831 797 1832 798 1833 384 1834 385 1835 381 1836 799 1837 385 1837 385 1838 799 1839 800 1840 385 1841 800 1842 798 1843 801 1844 802 1844 797 1844 797 1845 802 1846 803 1847 797 1848 803 1848 795 1848 804 1849 805 1849 806 1849 806 1850 805 1851 807 1852 808 1853 809 1854 804 1855 804 1856 809 1857 810 1858 804 1859 810 1860 805 1861 811 1862 812 1863 813 1864 813 1865 812 1866 814 1867 813 1868 814 1869 815 1870 814 1871 816 1872 815 1873 815 1874 816 1875 686 1876 815 1877 686 1878 685 1879 297 1880 690 1881 378 1882 378 1883 690 1883 817 1883 378 1884 817 1885 377 1886 377 1887 817 1887 818 1887 377 1888 818 1888 380 1888 380 1889 818 1889 819 1889 380 1890 819 1890 379 1890 379 1891 819 1892 820 1893 379 1894 820 1894 383 1894 383 1895 820 1895 801 1895 383 1896 801 1897 382 1898 382 1899 801 1900 797 1901 382 1902 797 1902 381 1902 381 1903 797 1904 796 1905 381 1906 796 1906 799 1906 799 1907 796 1908 795 1907 811 1909 809 1910 812 1911 812 1912 809 1913 808 1914 812 1915 808 1915 814 1915 814 1916 808 1916 821 1916 814 1917 821 1918 816 1919 816 1920 821 1921 822 1922 816 1923 822 1923 686 1923 686 1924 822 1925 688 1924 807 1926 802 1927 806 1928 806 1929 802 1929 801 1929 806 1930 801 1930 804 1930 804 1931 801 1932 820 1933 804 1934 820 1934 808 1934 808 1935 820 1936 819 1937 808 1938 819 1938 821 1938 821 1939 819 1939 818 1939 821 1940 818 1940 822 1940 822 1941 818 1942 817 1943 822 1944 817 1945 688 1946 688 1947 817 1947 690 1947 823 1948 502 1948 824 1948 824 1949 502 1949 498 1949 824 1950 498 1950 497 1950 825 1951 531 1951 823 1951 823 1952 531 1952 533 1952 533 1953 535 1953 823 1953 823 1954 535 1954 537 1954 823 1955 537 1956 502 1957 524 1958 522 1959 825 1960 825 1961 522 1962 521 1963 521 1964 543 1965 825 1966 825 1967 543 1967 530 1967 825 1968 530 1968 531 1968 520 1969 527 1969 826 1969 826 1970 527 1970 526 1970 826 1971 526 1971 524 1971 827 1972 107 1972 826 1972 826 1973 107 1973 108 1973 826 1974 108 1974 520 1974 520 1975 108 1975 105 1975 524 1976 825 1976 826 1976 826 1977 825 1977 828 1977 826 1978 828 1978 827 1978 824 1979 829 1979 823 1979 823 1980 829 1980 830 1980 823 1981 830 1981 825 1981 825 1982 830 1982 831 1982 825 1983 831 1983 828 1983 123 1984 107 1984 827 1984 125 1985 124 1985 832 1985 832 1986 124 1986 833 1986 832 1987 833 1987 834 1987 834 1988 833 1988 835 1988 834 1989 835 1989 836 1989 836 1990 835 1990 837 1990 824 1991 838 1991 829 1991 829 1992 838 1992 839 1992 829 1993 839 1993 830 1993 830 1994 839 1994 840 1994 124 1995 123 1995 833 1995 833 1996 123 1996 827 1996 833 1997 827 1997 835 1997 835 1998 827 1998 828 1998 835 1999 828 1999 837 1999 837 2000 828 2000 831 2000 831 2001 830 2001 837 2001 837 2002 830 2002 840 2002 837 2003 840 2003 836 2003 836 2004 840 2004 841 2004 836 2005 841 2005 834 2005 834 2006 841 2006 842 2006 834 2007 842 2007 832 2007 832 2008 842 2008 843 2008 832 2009 843 2009 125 2009 119 2010 125 2010 844 2010 844 2011 125 2011 843 2011 844 2012 843 2012 845 2012 845 2013 843 2013 842 2013 845 2014 842 2014 846 2014 846 2015 842 2015 841 2015 846 2016 841 2016 847 2016 847 2017 841 2017 840 2017 847 2018 840 2019 848 2019 848 2020 840 2020 839 2020 848 2021 839 2021 849 2021 849 2022 839 2022 838 2022 845 2023 846 2023 850 2023 851 2024 852 2024 853 2024 854 2025 116 2026 115 2027 855 2028 856 2028 851 2028 851 2029 856 2029 857 2029 851 2030 857 2030 852 2030 858 2031 847 2031 848 2031 119 2032 844 2032 120 2032 120 2033 844 2033 859 2033 846 2034 847 2034 850 2034 850 2035 847 2035 858 2035 850 2036 858 2036 860 2036 860 2037 858 2037 861 2037 860 2038 861 2038 862 2038 863 2039 854 2040 864 2041 864 2042 854 2042 115 2042 864 2043 115 2043 865 2043 865 2044 115 2044 122 2044 865 2045 122 2045 859 2045 859 2046 122 2046 121 2046 859 2047 121 2047 120 2047 844 2048 845 2049 859 2050 859 2051 845 2051 850 2051 859 2052 850 2052 865 2052 865 2053 850 2053 860 2053 865 2054 860 2054 864 2054 864 2055 860 2055 862 2055 848 2056 849 2056 858 2056 858 2057 849 2057 855 2057 858 2058 855 2058 861 2058 861 2059 855 2059 851 2059 861 2060 851 2060 862 2060 862 2061 851 2061 853 2061 862 2062 853 2063 864 2063 864 2064 853 2064 866 2064 864 2065 866 2066 863 2067 866 2068 853 2068 867 2068 857 2069 856 2070 868 2071 869 2072 870 2073 871 2074 872 2075 869 2076 873 2077 874 2078 875 2078 876 2078 874 2079 876 2079 877 2079 876 2080 878 2080 877 2080 877 2081 878 2082 879 2081 877 2083 879 2083 880 2083 880 2084 879 2085 872 2086 871 2087 870 2087 868 2087 868 2088 870 2088 852 2088 868 2089 852 2089 857 2089 881 2090 854 2091 863 2092 116 2093 854 2093 117 2093 117 2094 854 2095 881 2096 117 2097 881 2097 118 2097 118 2098 881 2098 882 2098 118 2099 882 2099 113 2099 113 2100 882 2100 883 2100 113 2101 883 2102 114 2103 114 2104 883 2104 884 2104 863 2105 866 2105 881 2105 881 2106 866 2106 867 2106 881 2107 867 2107 882 2107 882 2108 867 2108 885 2108 882 2109 885 2109 883 2109 883 2110 885 2110 886 2110 883 2111 886 2111 884 2111 884 2112 886 2112 887 2112 884 2113 887 2113 888 2113 888 2114 887 2114 889 2114 112 2115 890 2115 110 2115 110 2116 890 2116 891 2116 110 2117 891 2117 109 2117 109 2118 891 2118 892 2118 893 2119 892 2119 894 2119 894 2120 892 2120 891 2120 894 2121 891 2121 889 2121 889 2122 891 2122 890 2122 889 2123 890 2123 888 2123 888 2124 890 2124 112 2124 888 2125 112 2125 884 2125 884 2126 112 2126 111 2126 884 2127 111 2127 114 2127 853 2128 852 2128 867 2128 867 2129 852 2129 870 2129 867 2130 870 2130 885 2130 885 2131 870 2131 869 2131 885 2132 869 2132 886 2132 886 2133 869 2133 872 2133 886 2134 872 2134 887 2134 887 2135 872 2135 879 2135 887 2136 879 2136 889 2136 889 2137 879 2137 878 2137 889 2138 878 2138 894 2138 894 2139 878 2139 876 2139 894 2140 876 2140 893 2140 893 2141 876 2141 875 2141 65 2142 126 2142 154 2142 154 2143 126 2143 895 2143 154 2144 895 2144 155 2144 155 2145 895 2146 153 2147 159 2148 152 2148 896 2148 152 2149 151 2149 896 2149 896 2150 151 2150 163 2150 896 2151 163 2151 895 2151 895 2152 163 2152 165 2152 895 2153 165 2153 153 2153 897 2154 142 2154 896 2154 896 2155 142 2155 144 2155 896 2156 144 2156 159 2156 874 2157 508 2158 507 2159 147 2160 148 2160 897 2160 897 2161 148 2162 149 2163 897 2164 149 2165 142 2166 507 2167 147 2167 874 2167 874 2168 147 2168 897 2168 874 2169 897 2169 875 2169 875 2170 897 2170 896 2170 875 2171 896 2171 893 2171 893 2172 896 2172 895 2172 893 2173 895 2173 892 2173 892 2174 895 2174 126 2174 892 2175 126 2175 109 2175 898 2176 899 2176 900 2176 900 2177 899 2177 901 2177 900 2178 901 2178 902 2178 902 2179 901 2179 903 2179 902 2180 903 2180 904 2180 904 2181 903 2181 905 2181 904 2182 905 2182 906 2182 906 2183 905 2183 907 2183 906 2184 907 2184 908 2184 908 2185 907 2185 909 2185 908 2186 909 2186 910 2186 910 2187 909 2187 911 2187 910 2188 911 2188 912 2188 912 2189 911 2189 913 2189 912 2190 913 2190 914 2190 914 2191 913 2191 915 2191 914 2192 915 2192 916 2192 916 2193 915 2193 917 2193 916 2194 917 2194 918 2194 918 2195 917 2195 919 2195 918 2196 919 2196 920 2196 920 2197 919 2197 921 2197 920 2198 921 2198 898 2198 898 2199 921 2199 899 2199 128 2200 127 2200 922 2200 922 2201 127 2201 139 2201 922 2202 139 2202 923 2202 923 2203 139 2203 138 2203 923 2204 138 2204 924 2204 924 2205 138 2205 137 2205 924 2206 137 2206 925 2206 925 2207 137 2207 136 2207 925 2208 136 2208 926 2208 926 2209 136 2209 135 2209 926 2210 135 2210 927 2210 927 2211 135 2211 134 2211 927 2212 134 2212 928 2212 928 2213 134 2213 133 2213 928 2214 133 2214 929 2214 929 2215 133 2215 132 2215 929 2216 132 2216 930 2216 930 2217 132 2217 131 2217 930 2218 131 2218 931 2218 931 2219 131 2219 130 2219 931 2220 130 2220 932 2220 932 2221 130 2221 129 2221 932 2222 129 2222 933 2222 933 2223 129 2223 128 2223 933 2224 128 2224 922 2224 898 2225 933 2225 920 2225 920 2226 933 2226 922 2226 920 2227 922 2227 918 2227 918 2228 922 2228 923 2228 918 2229 923 2229 916 2229 916 2230 923 2230 924 2230 916 2231 924 2231 914 2231 914 2232 924 2232 925 2232 914 2233 925 2233 912 2233 912 2234 925 2234 926 2234 912 2235 926 2235 910 2235 910 2236 926 2236 927 2236 910 2237 927 2237 908 2237 908 2238 927 2238 928 2238 908 2239 928 2239 906 2239 906 2240 928 2240 929 2240 906 2241 929 2241 904 2241 904 2242 929 2242 930 2242 904 2243 930 2243 902 2243 902 2244 930 2244 931 2244 902 2245 931 2245 900 2245 900 2246 931 2246 932 2246 900 2247 932 2247 898 2247 898 2248 932 2248 933 2248 934 2249 935 2249 936 2249 937 2250 938 2250 939 2250 172 2251 171 2251 940 2251 940 2252 171 2252 941 2252 940 2253 941 2253 942 2253 943 2254 944 2254 199 2254 943 2255 199 2255 945 2255 172 2256 940 2256 177 2256 177 2257 940 2257 946 2257 177 2258 946 2258 199 2258 199 2259 946 2259 947 2259 199 2260 947 2260 945 2260 948 2261 949 2261 950 2261 950 2262 949 2262 951 2262 951 2263 952 2263 950 2263 950 2264 952 2264 953 2264 950 2265 953 2265 954 2265 955 2266 956 2266 957 2266 957 2267 956 2267 958 2267 957 2268 958 2268 939 2268 939 2269 958 2269 959 2269 939 2270 959 2270 937 2270 960 2271 961 2271 948 2271 948 2272 961 2272 962 2272 948 2273 962 2273 949 2273 963 2274 964 2274 965 2274 965 2275 964 2275 966 2275 965 2276 966 2276 948 2276 948 2277 966 2277 967 2277 948 2278 967 2278 960 2278 968 2279 969 2279 970 2279 969 2280 971 2280 970 2280 970 2281 971 2282 972 2283 970 2284 972 2284 965 2284 965 2285 972 2285 973 2285 965 2286 973 2286 963 2286 974 2287 975 2288 976 2289 974 2290 976 2290 977 2290 977 2291 976 2291 978 2291 977 2292 978 2292 979 2292 980 2293 981 2293 982 2293 982 2294 981 2294 983 2294 983 2295 984 2295 982 2295 982 2296 984 2296 985 2296 982 2297 985 2297 986 2297 986 2298 987 2298 982 2298 982 2299 987 2299 988 2299 982 2300 988 2300 970 2300 970 2301 988 2301 989 2301 970 2302 989 2302 968 2302 990 2303 991 2303 992 2303 992 2304 991 2304 993 2304 992 2305 993 2305 994 2305 994 2306 995 2306 992 2306 992 2307 995 2307 996 2307 992 2308 996 2308 997 2308 997 2309 996 2309 998 2309 997 2310 998 2310 999 2310 999 2311 1000 2311 997 2311 997 2312 1000 2312 1001 2312 997 2313 1001 2313 1002 2313 1002 2314 1001 2314 1003 2314 1004 2315 1005 2315 1006 2315 1006 2316 1005 2316 1007 2316 1006 2317 1007 2317 990 2317 990 2318 1007 2318 1008 2318 990 2319 1008 2319 991 2319 1009 2320 1010 2320 1011 2320 1011 2321 1010 2321 1012 2321 1011 2322 1012 2322 1006 2322 1006 2323 1012 2323 1013 2323 1006 2324 1013 2324 1004 2324 1009 2325 1011 2325 1014 2325 1014 2326 1011 2326 1015 2326 1014 2327 1015 2327 1016 2327 1017 2328 1018 2328 1019 2328 1019 2329 1018 2329 1020 2329 1021 2330 1022 2330 1023 2330 1023 2331 1022 2331 1024 2331 1023 2332 1024 2332 1025 2332 1026 2333 1018 2333 1027 2333 1027 2334 1018 2334 1017 2334 1027 2335 1017 2335 1028 2335 1028 2336 1017 2336 1022 2336 1028 2337 1022 2337 1029 2337 1029 2338 1022 2338 1021 2338 1030 2339 1031 2339 1024 2339 1024 2340 1031 2340 1032 2340 1024 2341 1032 2341 1025 2341 1033 2342 1034 2342 1035 2342 1035 2343 1034 2343 1036 2343 1035 2344 1036 2344 1030 2344 1030 2345 1036 2345 1037 2345 1030 2346 1037 2346 1038 2346 1039 2347 1038 2348 1040 2349 1040 2350 1038 2350 1041 2350 1039 2351 1042 2351 1038 2351 1038 2352 1042 2352 1043 2352 1038 2353 1043 2353 1030 2353 1030 2354 1043 2354 1044 2354 1030 2355 1044 2355 1031 2355 1041 2356 1038 2356 1045 2356 1045 2357 1038 2357 1046 2357 1045 2358 1046 2358 1047 2358 1047 2359 1046 2359 1048 2359 1047 2360 1048 2360 1049 2360 1033 2361 1035 2361 1050 2361 1050 2362 1035 2362 1051 2362 1050 2363 1051 2363 1052 2363 1053 2364 1054 2364 1055 2364 1055 2365 1056 2365 1053 2365 1053 2366 1056 2366 1057 2366 1053 2367 1057 2367 1051 2367 1051 2368 1057 2368 1058 2368 1051 2369 1058 2369 1052 2369 934 2370 936 2370 1059 2370 1060 2371 1061 2371 1053 2371 1053 2372 1061 2372 1062 2372 1062 2373 1063 2373 1053 2373 1053 2374 1063 2374 1064 2374 1053 2375 1064 2375 1054 2375 1054 2376 1064 2376 1065 2376 1065 2377 1066 2377 1054 2377 1054 2378 1066 2378 1067 2378 1054 2379 1067 2379 936 2379 936 2380 1067 2380 1068 2380 936 2381 1068 2381 1059 2381 1069 2382 1070 2382 1060 2382 1060 2383 1070 2383 1071 2383 1060 2384 1071 2384 1061 2384 1072 2385 1073 2385 1074 2385 1074 2386 1075 2386 1072 2386 1072 2387 1075 2387 1076 2387 1072 2388 1076 2388 1060 2388 1060 2389 1076 2389 1077 2389 1060 2390 1077 2390 1069 2390 1078 2391 1079 2391 1080 2391 1080 2392 1079 2392 1081 2392 1080 2393 1081 2393 1072 2393 1072 2394 1081 2394 1082 2394 1072 2395 1082 2395 1073 2395 1083 2396 1084 2396 1085 2396 1085 2397 1084 2397 1086 2397 1085 2398 1086 2398 1087 2398 1087 2399 1086 2399 1088 2399 1087 2400 1088 2400 1089 2400 1090 2401 1091 2401 1092 2401 1093 2402 1094 2402 1092 2402 1092 2403 1094 2403 1095 2403 1092 2404 1095 2404 1090 2404 1091 2405 1096 2405 1092 2405 1092 2406 1096 2406 1097 2406 1092 2407 1097 2407 1080 2407 1080 2408 1097 2408 1098 2408 1080 2409 1098 2409 1078 2409 1099 2410 1100 2410 173 2410 173 2411 1100 2411 1101 2411 173 2412 1101 2412 619 2412 173 2413 175 2413 1099 2413 1099 2414 175 2414 1102 2414 1099 2415 1102 2415 1103 2415 1104 2416 1105 2416 1106 2416 1106 2417 1105 2417 950 2417 1106 2418 950 2418 957 2418 957 2419 950 2419 954 2419 957 2420 954 2420 955 2420 1104 2421 1107 2421 1105 2421 1105 2422 1107 2422 1108 2422 1105 2423 1108 2423 947 2423 947 2424 1108 2424 1109 2424 947 2425 1109 2425 945 2425 1110 2426 1111 2426 1112 2426 1112 2427 1111 2427 940 2427 1112 2428 940 2428 1113 2428 1113 2429 940 2429 942 2429 1110 2430 1114 2430 1111 2430 1111 2431 1114 2431 1115 2431 1111 2432 1115 2432 1116 2432 1115 2433 1117 2433 1116 2433 1116 2434 1117 2434 1118 2434 1116 2435 1118 2435 1100 2435 1100 2436 1118 2436 1119 2436 1100 2437 1119 2437 1101 2437 1120 2438 1121 2438 1122 2438 1122 2439 1121 2439 1099 2439 1122 2440 1099 2440 1123 2440 1123 2441 1099 2441 1103 2441 1120 2442 1124 2442 1121 2442 1121 2443 1124 2443 1125 2443 1121 2444 1125 2444 1126 2444 1089 2445 1093 2445 1087 2445 1087 2446 1093 2446 1092 2446 1087 2447 1092 2447 1127 2447 1127 2448 1092 2448 1126 2448 1127 2449 1126 2449 1128 2449 1128 2450 1126 2450 1125 2450 997 2451 1129 2451 992 2451 992 2452 1129 2452 1130 2452 992 2453 1130 2453 1131 2453 1132 2454 1133 2454 1134 2454 1134 2455 1133 2455 1131 2455 1134 2456 1131 2456 1135 2456 1135 2457 1131 2457 1130 2457 979 2458 980 2458 977 2458 977 2459 980 2459 982 2459 977 2460 982 2460 1136 2460 1136 2461 982 2461 1133 2461 1136 2462 1133 2462 1137 2462 1137 2463 1133 2463 1132 2463 189 2464 609 2464 191 2464 191 2465 609 2465 392 2465 1138 2466 1139 2466 198 2466 199 2467 1140 2467 1141 2467 1139 2466 1142 2466 198 2466 198 2466 1142 2466 1143 2466 198 2466 1143 2466 1144 2466 1141 2468 1145 2468 199 2468 199 2469 1145 2469 1146 2469 199 2466 1146 2466 1147 2466 1148 2466 1149 2466 944 2466 944 2470 1149 2470 1150 2470 944 2471 1150 2471 199 2471 199 2472 1150 2472 1151 2472 199 2473 1151 2473 1140 2473 1152 2466 1153 2466 198 2466 198 2466 1153 2466 1154 2466 198 2474 1154 2474 1138 2474 1155 2466 1156 2466 944 2466 944 2475 1156 2475 1157 2475 944 2476 1157 2476 1148 2476 1147 2477 1158 2477 199 2477 199 2478 1158 2478 1159 2478 199 2466 1159 2466 198 2466 198 2479 1159 2479 1160 2479 198 2480 1160 2480 1152 2480 1161 2481 190 2481 1162 2481 1162 2482 190 2482 192 2482 1162 2483 192 2483 1163 2483 1163 2484 192 2484 1164 2484 1164 2485 192 2485 194 2485 1164 2486 194 2486 1165 2486 1166 2487 1167 2487 196 2487 196 2488 1167 2488 1168 2488 196 2489 1168 2489 194 2489 194 2490 1168 2490 1169 2490 194 2491 1169 2491 1165 2491 1166 2492 196 2492 1170 2492 1170 2493 196 2493 198 2493 1170 2494 198 2494 1144 2494 1171 2495 188 2495 1172 2495 1172 2496 188 2496 190 2496 1172 2497 190 2497 1161 2497 1173 2498 180 2498 1174 2498 1174 2499 180 2499 182 2499 1175 2500 1176 2500 184 2500 184 2501 1176 2501 1177 2501 184 2502 1177 2502 182 2502 182 2503 1177 2503 1178 2503 182 2504 1178 2504 1174 2504 188 2505 1171 2505 1179 2505 188 2506 1179 2506 186 2506 1179 2507 1180 2507 186 2507 186 2508 1180 2508 1181 2508 186 2509 1181 2509 184 2509 184 2510 1181 2510 1182 2510 184 2511 1182 2511 1175 2511 1173 2512 1183 2512 180 2512 180 2512 1183 2512 1184 2512 180 2513 1184 2513 1185 2513 1186 2512 1187 2512 175 2512 175 2514 1187 2514 1188 2514 175 2515 1188 2515 1189 2515 1185 2512 1190 2512 180 2512 180 2512 1190 2512 1191 2512 180 2512 1191 2512 1192 2512 1189 2512 1193 2512 175 2512 175 2516 1193 2516 1194 2516 175 2512 1194 2512 1102 2512 1102 2517 1194 2517 1195 2517 1102 2518 1195 2518 1196 2518 1196 2519 1197 2519 1102 2519 1102 2520 1197 2520 1198 2520 1102 2521 1198 2522 1199 2523 1192 2512 1200 2512 180 2512 180 2524 1200 2524 1201 2524 180 2525 1201 2525 175 2525 175 2526 1201 2526 1202 2526 175 2527 1202 2527 1186 2527 921 2528 1203 2528 899 2528 899 2529 1203 2529 1204 2529 899 2530 1204 2530 1205 2530 1205 2531 1206 2531 899 2531 899 2532 1206 2532 1207 2532 899 2533 1207 2533 1208 2533 1208 2534 1209 2534 899 2534 899 2535 1209 2536 1210 2537 899 2538 1210 2538 901 2538 901 2539 1210 2539 1211 2539 901 2540 1211 2540 903 2540 903 2541 1211 2541 1212 2541 903 2542 1212 2542 905 2542 905 2543 1212 2543 1213 2543 905 2544 1213 2544 907 2544 1213 2545 1214 2545 907 2545 907 2546 1214 2546 1215 2546 907 2547 1215 2547 1216 2547 1216 2548 1217 2549 907 2550 907 2551 1217 2551 1218 2551 907 2552 1218 2552 1219 2552 1220 2553 909 2553 1221 2553 1221 2554 909 2554 907 2554 1221 2555 907 2555 1222 2555 1222 2556 907 2556 1219 2556 909 2557 1220 2557 911 2557 911 2558 1220 2558 1223 2558 911 2559 1223 2559 913 2559 1223 2560 1224 2560 913 2560 913 2561 1224 2561 1225 2561 913 2562 1225 2562 1226 2563 1226 2564 1227 2564 913 2564 913 2565 1227 2566 1228 2567 913 2568 1228 2568 1229 2568 1229 2569 1230 2569 913 2569 913 2570 1230 2570 1231 2570 913 2571 1231 2571 915 2571 915 2572 1231 2572 1232 2572 915 2573 1232 2573 917 2573 917 2574 1232 2575 1233 2574 917 2576 1233 2576 919 2576 1233 2577 1234 2577 919 2577 919 2578 1234 2578 1235 2578 919 2579 1235 2579 1236 2579 1236 2580 1237 2580 919 2580 919 2581 1237 2581 1238 2581 919 2582 1238 2582 1239 2582 1203 2583 921 2583 1240 2583 1240 2584 921 2584 919 2584 1240 2585 919 2585 1241 2585 1241 2586 919 2586 1239 2586 1242 2466 1205 2466 1204 2466 1243 2587 1244 2587 1245 2587 1246 2588 1210 2588 1247 2588 1247 2589 1210 2589 1209 2589 1245 2590 1248 2591 1247 2592 1209 2593 1208 2594 1247 2595 1247 2596 1208 2596 1207 2596 1247 2597 1207 2597 1245 2597 1245 2598 1207 2598 1206 2598 1245 2599 1206 2599 1243 2599 1243 2600 1206 2600 1205 2600 1243 2601 1205 2601 1242 2601 1210 2602 1246 2602 1211 2602 1212 2603 1211 2604 1246 2605 1213 2606 1212 2606 1249 2606 1249 2607 1212 2607 1246 2607 1249 2608 1246 2608 1250 2608 1250 2609 1246 2609 1247 2609 1250 2610 1247 2610 1251 2610 1251 2611 1247 2611 1248 2611 1249 2612 1214 2612 1213 2612 1250 2613 1251 2613 1252 2613 1214 2614 1249 2614 1215 2614 1215 2615 1249 2615 1250 2615 1215 2616 1250 2617 1216 2618 1216 2619 1250 2619 1252 2619 1216 2620 1252 2620 1217 2620 1252 2621 1253 2621 1254 2621 1217 2622 1252 2622 1218 2622 1218 2623 1252 2623 1254 2623 1218 2624 1254 2625 1219 2626 1219 2627 1254 2627 1255 2627 1219 2628 1255 2628 1222 2628 1222 2629 1255 2629 1221 2629 1253 2630 1256 2630 1257 2630 1220 2631 1221 2631 1255 2631 1223 2632 1220 2632 1258 2632 1258 2633 1220 2633 1255 2633 1258 2634 1255 2634 1257 2634 1257 2635 1255 2635 1254 2635 1257 2636 1254 2636 1253 2636 1203 2637 1240 2637 1259 2637 1204 2638 1203 2638 1242 2638 1242 2639 1203 2639 1259 2639 1242 2640 1259 2640 1243 2640 1243 2641 1259 2641 1260 2641 1243 2642 1260 2642 1244 2642 1244 2643 1260 2643 1261 2643 1258 2644 1224 2644 1223 2644 1257 2645 1256 2645 1262 2645 1229 2646 1263 2646 1230 2646 1230 2647 1263 2648 1264 2647 1229 2649 1228 2649 1263 2649 1263 2650 1228 2650 1262 2650 1263 2651 1262 2651 1265 2651 1224 2652 1258 2652 1225 2652 1225 2653 1258 2654 1257 2655 1225 2656 1257 2657 1226 2658 1226 2659 1257 2659 1262 2659 1226 2660 1262 2661 1227 2662 1227 2663 1262 2664 1228 2665 1230 2666 1264 2666 1231 2666 1232 2667 1231 2667 1264 2667 1265 2668 1266 2668 1263 2668 1263 2669 1266 2669 1267 2669 1263 2670 1267 2670 1264 2670 1264 2671 1267 2671 1268 2671 1264 2672 1268 2672 1232 2672 1232 2673 1268 2673 1233 2673 1268 2674 1234 2674 1233 2674 1267 2675 1266 2675 1269 2675 1234 2676 1268 2676 1235 2676 1235 2677 1268 2677 1267 2677 1235 2678 1267 2678 1236 2678 1236 2679 1267 2679 1269 2679 1236 2680 1269 2680 1237 2680 1269 2681 1261 2682 1260 2683 1237 2684 1269 2684 1238 2684 1238 2685 1269 2685 1260 2685 1238 2686 1260 2686 1239 2686 1239 2687 1260 2687 1259 2687 1239 2688 1259 2688 1241 2688 1241 2689 1259 2689 1240 2689 1252 2690 1251 2690 1248 2690 1269 2691 1266 2691 1265 2691 1244 2692 1261 2693 1245 2694 1245 2695 1261 2696 1269 2697 1245 2698 1269 2698 1262 2698 1262 2699 1269 2699 1265 2699 1256 2700 1253 2700 1262 2700 1262 2701 1253 2701 1252 2701 1262 2702 1252 2702 1245 2702 1245 2703 1252 2703 1248 2703 1270 2704 1271 2704 1272 2704 1272 2705 1271 2705 1273 2705 1272 2706 1273 2706 1274 2706 1274 2707 1273 2707 1275 2707 1274 2708 1275 2708 1276 2708 1276 2709 1275 2709 1277 2709 1276 2710 1277 2710 1278 2710 1278 2711 1277 2711 1279 2711 1278 2712 1279 2712 1280 2712 1280 2713 1279 2713 1281 2713 1280 2714 1281 2714 1282 2714 1282 2715 1281 2715 1283 2715 1282 2716 1283 2716 1284 2716 1284 2717 1283 2717 1285 2717 1284 2718 1285 2718 1286 2718 1286 2719 1285 2719 1287 2719 1286 2720 1287 2720 1288 2720 1288 2721 1287 2721 1289 2721 1288 2722 1289 2722 1290 2722 1290 2723 1289 2723 1291 2723 1290 2724 1291 2724 1292 2724 1292 2725 1291 2725 1293 2725 1292 2726 1293 2726 1270 2726 1270 2727 1293 2727 1271 2727 568 2728 567 2728 1294 2728 1294 2729 567 2729 579 2729 1294 2730 579 2730 1295 2730 1295 2731 579 2732 578 2733 1295 2734 578 2734 1296 2734 1296 2735 578 2735 577 2735 1296 2736 577 2736 1297 2736 1297 2737 577 2737 576 2737 1297 2738 576 2738 1298 2738 1298 2739 576 2739 575 2739 1298 2740 575 2740 1299 2740 1299 2741 575 2741 574 2741 1299 2742 574 2742 1300 2742 1300 2743 574 2743 573 2743 1300 2744 573 2744 1301 2744 1301 2745 573 2745 572 2745 1301 2746 572 2746 1302 2746 1302 2747 572 2747 571 2747 1302 2748 571 2749 1303 2750 1303 2751 571 2751 570 2751 1303 2752 570 2752 1304 2752 1304 2753 570 2753 569 2753 1304 2754 569 2754 1305 2754 1305 2755 569 2756 568 2757 1305 2758 568 2758 1294 2758 1270 2759 1305 2759 1292 2759 1292 2760 1305 2760 1294 2760 1292 2761 1294 2761 1290 2761 1290 2762 1294 2762 1295 2762 1290 2763 1295 2763 1288 2763 1288 2764 1295 2764 1296 2764 1288 2765 1296 2765 1286 2765 1286 2766 1296 2767 1297 2768 1286 2769 1297 2769 1284 2769 1284 2770 1297 2770 1298 2770 1284 2771 1298 2771 1282 2771 1282 2772 1298 2772 1299 2772 1282 2773 1299 2773 1280 2773 1280 2774 1299 2774 1300 2774 1280 2775 1300 2775 1278 2775 1278 2776 1300 2776 1301 2776 1278 2777 1301 2777 1276 2777 1276 2778 1301 2778 1302 2778 1276 2779 1302 2779 1274 2779 1274 2780 1302 2780 1303 2780 1274 2781 1303 2781 1272 2781 1272 2782 1303 2782 1304 2782 1272 2783 1304 2783 1270 2783 1270 2784 1304 2784 1305 2784 1293 2785 1306 2785 1271 2785 1271 2786 1306 2786 1307 2786 1271 2787 1307 2787 1308 2787 1308 2788 1309 2788 1271 2788 1271 2789 1309 2789 1310 2789 1271 2790 1310 2790 1311 2791 1311 2534 1312 2534 1271 2534 1271 2792 1312 2792 1313 2792 1271 2793 1313 2793 1273 2793 1273 2794 1313 2794 1314 2794 1273 2795 1314 2795 1275 2795 1275 2796 1314 2796 1315 2796 1275 2797 1315 2797 1277 2797 1277 2798 1315 2798 1316 2799 1277 2800 1316 2800 1279 2800 1316 2545 1317 2545 1279 2545 1279 2801 1317 2801 1318 2801 1279 2802 1318 2802 1319 2802 1319 2803 1320 2803 1279 2803 1279 2804 1320 2804 1321 2804 1279 2805 1321 2805 1322 2805 1323 2806 1281 2806 1324 2806 1324 2807 1281 2807 1279 2807 1324 2808 1279 2808 1325 2808 1325 2809 1279 2809 1322 2809 1281 2810 1323 2810 1283 2810 1283 2811 1323 2811 1326 2811 1283 2812 1326 2812 1285 2812 1326 2813 1327 2813 1285 2813 1285 2814 1327 2814 1328 2814 1285 2815 1328 2815 1329 2815 1329 2816 1330 2816 1285 2816 1285 2817 1330 2817 1331 2817 1285 2818 1331 2818 1332 2818 1332 2819 1333 2819 1285 2819 1285 2820 1333 2820 1334 2820 1285 2821 1334 2821 1287 2821 1287 2822 1334 2822 1335 2822 1287 2823 1335 2823 1289 2823 1289 2824 1335 2824 1336 2824 1289 2825 1336 2825 1291 2825 1336 2826 1337 2826 1291 2826 1291 2827 1337 2827 1338 2827 1291 2828 1338 2828 1339 2828 1339 2829 1340 2829 1291 2829 1291 2830 1340 2830 1341 2830 1291 2831 1341 2831 1342 2831 1306 2832 1293 2832 1343 2832 1343 2833 1293 2833 1291 2833 1343 2834 1291 2834 1344 2834 1344 2835 1291 2835 1342 2835 1345 2836 1308 2836 1307 2836 1346 2837 1347 2837 1348 2837 1349 2838 1313 2839 1350 2840 1350 2841 1313 2841 1312 2841 1348 2842 1351 2842 1350 2843 1312 2844 1311 2844 1350 2844 1350 2845 1311 2845 1310 2845 1350 2846 1310 2846 1348 2846 1348 2847 1310 2847 1309 2847 1348 2848 1309 2848 1346 2848 1346 2849 1309 2849 1308 2849 1346 2850 1308 2850 1345 2850 1313 2602 1349 2602 1314 2602 1315 2851 1314 2851 1349 2851 1316 2852 1315 2852 1352 2852 1352 2853 1315 2853 1349 2853 1352 2854 1349 2854 1353 2854 1353 2855 1349 2856 1350 2857 1353 2858 1350 2858 1354 2858 1354 2859 1350 2860 1351 2861 1352 2862 1317 2862 1316 2862 1353 2863 1354 2863 1355 2863 1317 2864 1352 2864 1318 2864 1318 2865 1352 2866 1353 2866 1318 2867 1353 2867 1319 2867 1319 2868 1353 2868 1355 2868 1319 2869 1355 2869 1320 2869 1355 2870 1356 2870 1357 2870 1320 2871 1355 2871 1321 2871 1321 2872 1355 2872 1357 2872 1321 2873 1357 2874 1322 2875 1322 2876 1357 2876 1358 2876 1322 2877 1358 2877 1325 2877 1325 2629 1358 2629 1324 2629 1356 2878 1359 2878 1360 2878 1323 2879 1324 2879 1358 2879 1326 2880 1323 2880 1361 2880 1361 2633 1323 2633 1358 2633 1361 2881 1358 2881 1360 2881 1360 2882 1358 2882 1357 2882 1360 2883 1357 2883 1356 2883 1362 2643 1347 2643 1346 2643 1306 2884 1343 2884 1363 2884 1307 2885 1306 2885 1345 2885 1345 2639 1306 2639 1363 2639 1345 2886 1363 2886 1346 2886 1346 2887 1363 2887 1364 2887 1346 2888 1364 2888 1362 2888 1361 2644 1327 2644 1326 2644 1360 2889 1359 2889 1365 2889 1332 2890 1366 2891 1333 2892 1333 2893 1366 2893 1367 2894 1332 2895 1331 2895 1366 2895 1366 2896 1331 2896 1365 2896 1366 2897 1365 2897 1368 2897 1327 2898 1361 2898 1328 2898 1328 2899 1361 2899 1360 2899 1328 2900 1360 2901 1329 2901 1329 2902 1360 2902 1365 2902 1329 2903 1365 2903 1330 2903 1330 2904 1365 2905 1331 2906 1333 2666 1367 2666 1334 2666 1335 2907 1334 2908 1367 2909 1368 2910 1369 2910 1366 2910 1366 2911 1369 2911 1370 2911 1366 2912 1370 2912 1367 2912 1367 2913 1370 2913 1371 2913 1367 2914 1371 2914 1335 2914 1335 2915 1371 2916 1336 2917 1371 2918 1337 2918 1336 2918 1370 2919 1369 2920 1372 2921 1337 2922 1371 2922 1338 2922 1338 2923 1371 2923 1370 2923 1338 2924 1370 2924 1339 2924 1339 2925 1370 2925 1372 2925 1339 2926 1372 2926 1340 2926 1372 2927 1362 2928 1364 2929 1340 2930 1372 2930 1341 2930 1341 2931 1372 2931 1364 2932 1341 2933 1364 2933 1342 2933 1342 2934 1364 2934 1363 2934 1342 2935 1363 2935 1344 2935 1344 2512 1363 2512 1343 2512 1355 2936 1354 2936 1351 2936 1372 2937 1369 2937 1368 2937 1347 2938 1362 2938 1348 2938 1348 2939 1362 2940 1372 2941 1348 2702 1372 2702 1365 2702 1365 2942 1372 2942 1368 2942 1359 2943 1356 2943 1365 2943 1365 2944 1356 2944 1355 2944 1365 2698 1355 2698 1348 2698 1348 2945 1355 2945 1351 2945 1373 2946 1374 2946 1375 2946 1375 2947 1374 2947 1376 2947 1375 2948 1376 2948 1377 2948 1377 2949 1376 2949 1378 2949 1377 2950 1378 2950 1379 2950 1379 2951 1378 2951 1380 2951 1379 2952 1380 2952 1381 2952 1381 2953 1380 2953 1382 2953 1381 2954 1382 2954 1383 2954 1383 2955 1382 2955 1384 2955 1383 2956 1384 2956 1385 2956 1385 2957 1384 2957 1386 2957 1385 2958 1386 2958 1387 2958 1387 2959 1386 2959 1388 2959 1387 2960 1388 2960 1389 2960 1389 2961 1388 2961 1390 2961 1389 2962 1390 2963 1391 2964 1391 2965 1390 2965 1392 2965 1391 2966 1392 2966 1393 2966 1393 2967 1392 2967 1394 2967 1393 2968 1394 2968 1395 2968 1395 2969 1394 2969 1396 2969 1395 2970 1396 2970 1373 2970 1373 2971 1396 2971 1374 2971 753 2972 752 2972 1397 2972 1397 2973 752 2973 764 2973 1397 2974 764 2974 1398 2974 1398 2975 764 2975 763 2975 1398 2976 763 2976 1399 2976 1399 2977 763 2977 762 2977 1399 2978 762 2979 1400 2980 1400 2981 762 2981 761 2981 1400 2982 761 2982 1401 2982 1401 2983 761 2983 760 2983 1401 2984 760 2984 1402 2984 1402 2985 760 2985 759 2985 1402 2986 759 2986 1403 2986 1403 2987 759 2987 758 2987 1403 2988 758 2989 1404 2990 1404 2991 758 2991 757 2991 1404 2992 757 2993 1405 2994 1405 2995 757 2995 756 2995 1405 2996 756 2996 1406 2996 1406 2997 756 2997 755 2997 1406 2998 755 2998 1407 2998 1407 2999 755 2999 754 2999 1407 3000 754 3000 1408 3000 1408 3001 754 3001 753 3001 1408 3002 753 3002 1397 3002 1373 3003 1408 3003 1395 3003 1395 3004 1408 3004 1397 3004 1395 3005 1397 3005 1393 3005 1393 3006 1397 3006 1398 3006 1393 3007 1398 3007 1391 3007 1391 3008 1398 3008 1399 3008 1391 3009 1399 3009 1389 3009 1389 3010 1399 3011 1400 3011 1389 3012 1400 3012 1387 3012 1387 3013 1400 3013 1401 3013 1387 3014 1401 3014 1385 3014 1385 3015 1401 3015 1402 3015 1385 3016 1402 3016 1383 3016 1383 3017 1402 3017 1403 3017 1383 3018 1403 3018 1381 3018 1381 3019 1403 3019 1404 3019 1381 3020 1404 3020 1379 3020 1379 3021 1404 3021 1405 3021 1379 3022 1405 3022 1377 3022 1377 3023 1405 3023 1406 3023 1377 3024 1406 3024 1375 3024 1375 3025 1406 3025 1407 3025 1375 3026 1407 3026 1373 3026 1373 3027 1407 3027 1408 3027 1396 3028 1409 3028 1374 3028 1374 3029 1409 3030 1410 3031 1374 3032 1410 3032 1411 3032 1411 3033 1412 3033 1374 3033 1374 3034 1412 3034 1413 3034 1374 3035 1413 3036 1414 3035 1414 3037 1415 3037 1374 3037 1374 3038 1415 3039 1416 3040 1374 3041 1416 3041 1376 3041 1376 3042 1416 3042 1417 3042 1376 3043 1417 3043 1378 3043 1378 3044 1417 3044 1418 3044 1378 3045 1418 3045 1380 3045 1380 3046 1418 3046 1419 3046 1380 3047 1419 3047 1382 3047 1419 3048 1420 3048 1382 3048 1382 3049 1420 3050 1421 3051 1382 3052 1421 3053 1422 3054 1422 3055 1423 3055 1382 3055 1382 3056 1423 3057 1424 3058 1382 3059 1424 3059 1425 3059 1426 3060 1384 3060 1427 3060 1427 3061 1384 3061 1382 3061 1427 3062 1382 3062 1428 3062 1428 3063 1382 3063 1425 3063 1384 3064 1426 3064 1386 3064 1386 3065 1426 3065 1429 3065 1386 3066 1429 3066 1388 3066 1429 3067 1430 3067 1388 3067 1388 3068 1430 3068 1431 3068 1388 3069 1431 3069 1432 3069 1432 3070 1433 3070 1388 3070 1388 3071 1433 3072 1434 3073 1388 3074 1434 3074 1435 3074 1435 3075 1436 3076 1388 3077 1388 3078 1436 3078 1437 3078 1388 3079 1437 3079 1390 3079 1390 3080 1437 3080 1438 3080 1390 3081 1438 3081 1392 3081 1392 3082 1438 3082 1439 3082 1392 3083 1439 3083 1394 3083 1439 3084 1440 3084 1394 3084 1394 3085 1440 3086 1441 3087 1394 3088 1441 3088 1442 3089 1442 3090 1443 3090 1394 3090 1394 3091 1443 3091 1444 3091 1394 3092 1444 3093 1445 3094 1409 3095 1396 3095 1446 3095 1446 3096 1396 3096 1394 3096 1446 3097 1394 3097 1447 3097 1447 3098 1394 3098 1445 3098 1448 3099 1411 3099 1410 3099 1449 3100 1450 3101 1451 3102 1452 3103 1416 3104 1453 3105 1453 3106 1416 3107 1415 3108 1451 3109 1454 3109 1453 3109 1415 3110 1414 3110 1453 3110 1453 3111 1414 3112 1413 3113 1453 3114 1413 3114 1451 3114 1451 3115 1413 3116 1412 3117 1451 3118 1412 3118 1449 3118 1449 3119 1412 3119 1411 3119 1449 3120 1411 3121 1448 3122 1416 3123 1452 3123 1417 3123 1418 3124 1417 3125 1452 3126 1419 3127 1418 3127 1455 3127 1455 3128 1418 3128 1452 3128 1455 3129 1452 3129 1456 3129 1456 3130 1452 3131 1453 3131 1456 3132 1453 3133 1457 3134 1457 3135 1453 3135 1454 3135 1455 3136 1420 3136 1419 3136 1456 3137 1457 3137 1458 3138 1420 3139 1455 3139 1421 3139 1421 3140 1455 3140 1456 3140 1421 3141 1456 3141 1422 3141 1422 3142 1456 3142 1458 3142 1422 3143 1458 3143 1423 3143 1458 3144 1459 3144 1460 3144 1423 3145 1458 3145 1424 3146 1424 3147 1458 3148 1460 3149 1424 3150 1460 3151 1425 3152 1425 3153 1460 3153 1461 3153 1425 3154 1461 3154 1428 3154 1428 3155 1461 3155 1427 3155 1459 3156 1462 3156 1463 3156 1426 3157 1427 3157 1461 3157 1429 3158 1426 3159 1464 3160 1464 3161 1426 3161 1461 3161 1464 3162 1461 3162 1463 3162 1463 3163 1461 3163 1460 3163 1463 3164 1460 3164 1459 3164 1409 3165 1446 3165 1465 3165 1410 3166 1409 3166 1448 3166 1448 3167 1409 3167 1465 3167 1448 3168 1465 3168 1449 3168 1449 3169 1465 3169 1466 3169 1449 3170 1466 3170 1450 3170 1450 3171 1466 3171 1467 3171 1464 3172 1430 3172 1429 3172 1463 3173 1462 3173 1468 3173 1435 3174 1469 3174 1436 3174 1436 3175 1469 3175 1470 3175 1435 3176 1434 3176 1469 3176 1469 3177 1434 3177 1468 3177 1469 3178 1468 3179 1471 3180 1430 3181 1464 3181 1431 3181 1431 3182 1464 3182 1463 3182 1431 3183 1463 3184 1432 3185 1432 3186 1463 3186 1468 3186 1432 3187 1468 3187 1433 3187 1433 3188 1468 3189 1434 3190 1436 3191 1470 3191 1437 3191 1438 3192 1437 3192 1470 3192 1471 3193 1472 3194 1469 3194 1469 3195 1472 3195 1473 3195 1469 3196 1473 3196 1470 3196 1470 3197 1473 3197 1474 3197 1470 3198 1474 3198 1438 3198 1438 3199 1474 3199 1439 3199 1474 3200 1440 3200 1439 3200 1473 3201 1472 3201 1475 3201 1440 3202 1474 3202 1441 3202 1441 3203 1474 3204 1473 3203 1441 3205 1473 3206 1442 3207 1442 3208 1473 3208 1475 3208 1442 3209 1475 3209 1443 3209 1475 3210 1467 3211 1466 3212 1443 3213 1475 3213 1444 3213 1444 3214 1475 3214 1466 3214 1444 3215 1466 3216 1445 3217 1445 3218 1466 3218 1465 3218 1445 3219 1465 3219 1447 3219 1447 2512 1465 2512 1446 2512 1475 3220 1472 3221 1471 3222 1458 3223 1457 3224 1454 3225 1462 3226 1459 3227 1468 3228 1468 3229 1459 3230 1458 3231 1468 3232 1458 3232 1451 3232 1451 3233 1458 3233 1454 3233 1450 3234 1467 3235 1451 3236 1451 3237 1467 3238 1475 3239 1451 3240 1475 3240 1468 3240 1468 3241 1475 3242 1471 3243 430 3244 1476 3245 431 3246 431 3247 1476 3248 432 3249 1477 3250 430 3250 427 3250 1477 3251 427 3251 1478 3251 1478 3252 427 3253 425 3254 1478 3255 425 3255 1479 3255 1479 3256 425 3256 1480 3256 1479 3257 1480 3257 1481 3257 1481 3258 1480 3258 1482 3258 1481 3259 1482 3259 1483 3259 1483 3260 1482 3260 1484 3260 1483 3261 1484 3261 1485 3261 1484 3262 1486 3262 1485 3262 1485 3263 1486 3263 1487 3263 1485 3264 1487 3264 1488 3264 1488 3265 1487 3265 1489 3265 1488 3266 1489 3266 1490 3266 1490 3267 1489 3267 1491 3267 1490 3268 1491 3268 1492 3268 1492 3269 1491 3269 1493 3269 1492 3270 1493 3270 1494 3270 1494 3271 1493 3271 439 3271 1494 3272 439 3272 1495 3272 1495 3273 439 3274 434 3275 1495 3276 434 3276 433 3276 1496 3277 1480 3277 424 3277 424 3278 1480 3278 425 3278 1497 3279 1493 3279 1498 3279 1498 3280 1493 3280 1491 3280 1498 3281 1491 3281 1499 3281 1499 3282 1491 3282 1500 3282 1500 3283 1491 3283 1489 3283 1500 3284 1489 3284 1501 3284 1502 3285 1503 3285 1487 3285 1487 3286 1503 3286 1504 3286 1487 3287 1504 3287 1489 3287 1489 3288 1504 3288 1505 3288 1489 3289 1505 3289 1501 3289 1502 3290 1487 3290 1506 3290 1506 3291 1487 3291 1486 3291 1506 3292 1486 3292 1507 3292 1508 3293 1509 3293 1484 3293 1484 3294 1509 3294 1510 3294 1484 3295 1510 3295 1486 3295 1486 3296 1510 3296 1511 3296 1486 3297 1511 3297 1507 3297 1508 3298 1484 3298 1512 3298 1512 3299 1484 3299 1482 3299 1512 3300 1482 3300 1513 3300 1513 3301 1482 3301 1514 3301 1514 3302 1482 3302 1480 3302 1514 3303 1480 3303 1496 3303 439 3304 1493 3304 440 3304 440 3305 1493 3305 1497 3305 1515 3306 412 3306 71 3306 71 3307 408 3307 1515 3307 1515 3308 408 3308 409 3309 1515 3310 409 3310 1516 3310 1516 3311 409 3311 410 3311 1516 3312 410 3312 1517 3312 1517 3313 410 3313 411 3313 1517 3314 411 3315 1518 3316 1518 3317 1519 3318 1517 3319 1520 3320 1521 3320 1522 3320 1523 3321 1524 3321 1525 3321 426 3322 1526 3322 424 3322 1515 3323 1527 3324 412 3325 412 3326 1527 3327 413 3328 413 3329 1527 3329 415 3329 415 3330 1527 3330 1528 3330 415 3331 1528 3331 417 3331 1528 3332 1529 3333 417 3334 417 3335 1529 3336 1530 3337 417 3338 1530 3339 418 3338 418 3340 1530 3340 1531 3340 418 3341 1531 3342 423 3341 423 3343 1531 3343 1532 3343 423 3344 1532 3344 422 3344 422 3345 1532 3345 1524 3345 422 3346 1524 3346 420 3346 420 3347 1524 3347 426 3347 426 3348 1524 3348 1523 3348 426 3349 1523 3349 1526 3349 1525 3350 1524 3350 1533 3351 1533 3352 1524 3352 1532 3352 1533 3353 1532 3354 1534 3355 1535 3356 1536 3356 1522 3356 1522 3357 1536 3357 1537 3357 1522 3358 1537 3359 1520 3360 1538 3361 1539 3362 1540 3363 1540 3364 1539 3364 1541 3364 1541 3365 1539 3366 1518 3367 1518 3368 1539 3368 1542 3368 1518 3369 1542 3369 1519 3369 1516 3370 1517 3371 1543 3372 1543 3373 1517 3374 1519 3375 1543 3376 1519 3377 1544 3377 1544 3378 1519 3378 1542 3378 1544 3379 1542 3379 1545 3379 1545 3380 1542 3380 1539 3380 1545 3381 1539 3381 1535 3381 1535 3382 1539 3382 1538 3382 1535 3383 1538 3384 1536 3385 1536 3386 1538 3387 1540 3388 1515 3389 1516 3390 1527 3391 1527 3392 1516 3392 1543 3392 1527 3393 1543 3394 1528 3395 1528 3396 1543 3397 1544 3398 1528 3399 1544 3399 1529 3399 1529 3400 1544 3400 1545 3400 1529 3401 1545 3401 1530 3401 1530 3402 1545 3402 1535 3402 1530 3403 1535 3403 1531 3403 1531 3404 1535 3404 1522 3404 1531 3405 1522 3406 1532 3407 1532 3408 1522 3408 1521 3408 1532 3409 1521 3410 1534 3411 1534 3412 1521 3412 1520 3412 1546 3413 456 3414 454 3415 1546 3416 454 3417 1547 3418 1548 3419 1549 3420 1550 3421 1550 3422 1549 3423 1551 3424 1550 3425 1551 3426 1552 3427 1552 3428 1551 3428 1547 3428 1552 3429 1547 3430 1553 3431 1553 3432 1547 3432 454 3432 1554 3433 1555 3434 1556 3435 1556 3436 1555 3436 1557 3436 440 3437 1558 3437 441 3437 441 3438 1558 3438 1559 3438 441 3439 1559 3440 442 3441 1560 3442 443 3443 1556 3444 1556 3445 443 3446 442 3447 1556 3448 442 3449 1554 3450 1554 3451 442 3452 1559 3451 1554 3453 1559 3453 1555 3454 1561 3455 450 3455 89 3455 89 3456 449 3456 1561 3456 1561 3457 449 3457 445 3457 1561 3458 445 3459 1562 3460 1562 3461 445 3461 444 3461 1562 3462 444 3462 1563 3462 1563 3463 444 3464 448 3465 1563 3466 448 3467 1564 3468 1564 3469 448 3470 447 3471 1564 3472 447 3472 1560 3472 1560 3473 447 3473 446 3473 1560 3474 446 3474 443 3474 1557 3475 1565 3476 1556 3477 1556 3478 1565 3479 1566 3480 1556 3481 1566 3481 1560 3481 1560 3482 1566 3482 1567 3482 1560 3483 1567 3484 1564 3485 1564 3486 1567 3487 1568 3488 1564 3489 1568 3490 1563 3491 1563 3492 1568 3493 1569 3494 1563 3495 1569 3495 1562 3495 1562 3496 1569 3497 1570 3498 1562 3499 1570 3499 1561 3499 1561 3500 1570 3500 1571 3500 1561 3501 1571 3501 450 3501 450 3502 1571 3503 452 3504 1566 3505 1572 3506 1567 3507 1567 3508 1572 3509 1573 3510 1567 3511 1573 3512 1568 3513 1568 3514 1573 3515 1548 3516 1568 3517 1548 3517 1569 3517 1569 3518 1548 3519 1550 3520 1569 3521 1550 3521 1570 3521 1570 3522 1550 3523 1552 3524 1570 3525 1552 3526 1571 3527 1571 3528 1552 3529 1553 3530 1571 3531 1553 3531 452 3531 452 3532 1553 3532 454 3532 424 3533 1526 3533 1496 3533 1496 3534 1526 3534 1574 3534 1526 3535 1523 3536 1574 3537 1574 3538 1523 3538 1525 3538 1574 3539 1525 3539 1575 3539 1575 3540 1525 3540 1533 3540 1575 3541 1533 3541 1576 3541 1576 3542 1533 3543 1534 3544 1576 3545 1534 3546 1520 3547 1520 3548 1537 3548 1576 3548 1576 3549 1537 3550 1536 3551 1576 3552 1536 3552 1577 3552 1577 3553 1536 3553 1540 3553 1577 3554 1540 3555 1578 3556 1578 3557 1540 3557 1541 3557 1578 3558 1541 3558 1579 3558 1579 3559 1541 3559 1518 3559 1578 3560 1579 3560 1580 3560 1580 3561 1579 3561 1581 3561 1514 3562 1496 3562 1574 3562 1582 3563 1513 3564 1583 3565 1583 3566 1513 3566 1514 3566 1514 3567 1574 3567 1583 3567 1583 3568 1574 3568 1575 3568 1583 3569 1575 3569 1584 3569 1584 3570 1575 3570 1576 3570 1584 3571 1576 3571 1580 3571 1580 3572 1576 3572 1577 3572 1580 3573 1577 3574 1578 3574 1581 3575 1585 3575 1580 3575 1580 3576 1585 3576 1586 3576 1580 3577 1586 3577 1584 3577 1584 3578 1586 3578 1587 3578 1584 3579 1587 3579 1583 3579 1583 3580 1587 3580 1588 3580 1583 3581 1588 3581 1582 3581 1589 3582 1590 3582 1591 3582 1591 3583 1590 3583 1592 3583 1592 3584 1593 3584 1594 3584 1594 3585 1593 3585 1595 3585 1594 3586 1595 3586 1596 3586 1596 3587 1597 3587 1598 3587 1598 3588 1597 3588 1599 3588 1598 3589 1599 3589 1600 3590 1600 3591 1599 3591 1601 3591 1600 3592 1601 3593 1602 3594 1602 3595 1601 3595 1603 3595 1602 3596 1603 3597 1604 3598 1605 3599 1606 3599 1501 3599 1499 3600 1500 3600 1607 3600 1512 3601 1513 3601 1608 3601 1608 3602 1513 3602 1582 3602 1588 3603 1587 3603 1609 3603 1586 3604 1585 3605 1603 3606 1603 3607 1585 3607 1581 3607 1603 3608 1581 3608 1604 3608 1610 3609 1506 3609 1611 3609 1611 3610 1506 3610 1507 3610 1611 3611 1507 3611 1612 3611 1507 3612 1511 3612 1612 3612 1612 3613 1511 3613 1510 3613 1612 3614 1510 3614 1613 3614 1613 3615 1510 3615 1509 3615 1613 3616 1509 3616 1608 3616 1608 3617 1509 3617 1508 3617 1608 3618 1508 3618 1512 3618 1582 3619 1588 3619 1608 3619 1608 3620 1588 3620 1609 3620 1608 3621 1609 3621 1613 3621 1613 3622 1609 3622 1614 3622 1613 3623 1614 3623 1612 3623 1612 3624 1614 3624 1615 3624 1612 3625 1615 3625 1611 3625 1611 3626 1615 3626 1616 3626 1611 3627 1616 3627 1610 3627 1610 3628 1616 3628 1617 3628 1587 3629 1586 3630 1609 3631 1609 3632 1586 3632 1603 3632 1609 3633 1603 3633 1614 3633 1614 3634 1603 3634 1601 3634 1614 3635 1601 3635 1615 3635 1615 3636 1601 3636 1599 3636 1615 3637 1599 3637 1616 3637 1616 3638 1599 3638 1597 3638 1616 3639 1597 3639 1617 3639 1503 3640 1502 3640 1618 3640 1596 3641 1595 3641 1597 3641 1597 3642 1595 3642 1619 3642 1597 3643 1619 3643 1617 3643 1617 3644 1619 3644 1618 3644 1617 3645 1618 3645 1610 3646 1610 3647 1618 3647 1502 3647 1610 3648 1502 3648 1506 3648 1503 3649 1620 3649 1504 3649 1504 3650 1620 3650 1605 3650 1504 3651 1605 3651 1505 3651 1505 3652 1605 3652 1501 3652 1620 3653 1621 3653 1605 3653 1605 3654 1621 3654 1622 3654 1605 3655 1622 3655 1606 3655 1606 3656 1622 3656 1623 3656 1503 3657 1618 3657 1620 3657 1620 3658 1618 3658 1619 3658 1620 3659 1619 3659 1621 3659 1621 3660 1619 3660 1595 3660 1621 3661 1595 3661 1622 3661 1622 3662 1595 3662 1593 3662 1622 3663 1593 3663 1623 3663 1592 3664 1590 3664 1593 3664 1593 3665 1590 3665 1624 3665 1593 3666 1624 3666 1623 3666 1623 3667 1624 3667 1607 3667 1623 3668 1607 3668 1606 3668 1606 3669 1607 3669 1500 3669 1606 3670 1500 3670 1501 3670 1499 3671 1625 3671 1498 3671 1498 3672 1625 3672 1626 3672 1498 3673 1626 3673 1497 3673 1497 3674 1626 3674 1627 3674 1625 3675 1628 3675 1626 3675 1626 3676 1628 3676 1629 3676 1626 3677 1629 3677 1627 3677 1627 3678 1629 3678 1630 3678 1499 3679 1607 3679 1625 3679 1625 3680 1607 3680 1624 3680 1625 3681 1624 3681 1628 3681 1628 3682 1624 3682 1590 3682 1628 3683 1590 3683 1629 3683 1629 3684 1590 3684 1589 3684 1629 3685 1589 3685 1630 3685 440 3686 1497 3686 1558 3686 1558 3687 1497 3688 1627 3689 1558 3690 1627 3690 1559 3690 1572 3691 1566 3691 1630 3691 1566 3692 1565 3692 1630 3692 1630 3693 1565 3694 1557 3695 1630 3696 1557 3696 1627 3696 1627 3697 1557 3697 1555 3697 1627 3698 1555 3698 1559 3698 457 3699 456 3699 1591 3699 1591 3700 456 3701 1546 3700 1591 3702 1546 3702 1589 3702 1589 3703 1546 3703 1547 3703 1589 3704 1547 3704 1551 3704 1551 3705 1549 3706 1589 3707 1589 3708 1549 3709 1548 3710 1589 3711 1548 3711 1630 3711 1630 3712 1548 3712 1573 3712 1630 3713 1573 3713 1572 3713 632 3714 631 3714 1631 3715 728 3716 724 3716 1632 3717 1632 3718 724 3718 722 3718 1632 3719 722 3719 1633 3719 1633 3720 722 3720 721 3720 1633 3721 721 3721 1631 3721 1631 3722 721 3722 636 3722 1631 3723 636 3723 632 3723 713 3724 731 3725 1634 3725 1634 3726 731 3726 730 3726 730 3727 720 3728 1632 3729 1632 3730 720 3731 719 3732 719 3733 717 3733 1632 3733 1632 3734 717 3734 716 3734 1632 3735 716 3736 728 3736 714 3737 715 3737 1634 3737 1634 3738 715 3738 711 3738 1634 3739 711 3740 713 3741 342 3742 714 3742 545 3742 545 3743 714 3743 1634 3743 545 3744 1634 3744 544 3744 730 3745 1632 3745 1634 3745 1634 3746 1632 3746 1635 3746 1634 3747 1635 3747 544 3747 1631 3748 1636 3748 1633 3748 1633 3749 1636 3750 1637 3751 1633 3752 1637 3752 1632 3752 1632 3753 1637 3753 1638 3753 1632 3754 1638 3754 1635 3754 565 3755 544 3755 1635 3755 1639 3756 1640 3756 1641 3756 1642 3757 1639 3758 1643 3759 1642 3760 1644 3760 1645 3761 1645 3762 1644 3762 1646 3762 1645 3763 1646 3763 1647 3763 1641 3764 1640 3764 1648 3764 1649 3765 1637 3766 1636 3767 1640 3768 1649 3768 1648 3768 1648 3769 1649 3769 1636 3769 1648 3770 1636 3770 1650 3770 1650 3771 1636 3771 1631 3771 565 3772 1651 3772 564 3772 564 3773 1651 3773 1652 3773 564 3774 1652 3774 563 3774 563 3775 1652 3775 1653 3775 563 3776 1653 3776 546 3776 546 3777 1653 3777 1654 3777 546 3778 1654 3779 547 3780 1655 3781 549 3781 1656 3781 1656 3782 549 3782 548 3782 1656 3783 548 3783 1654 3783 1654 3784 548 3784 562 3784 1654 3785 562 3785 547 3785 1657 3786 561 3786 1658 3786 1658 3787 561 3787 560 3787 1658 3788 560 3789 1655 3790 1655 3791 560 3791 559 3791 1655 3792 559 3793 549 3794 1651 3795 1659 3795 1652 3795 1652 3796 1659 3796 1660 3796 1652 3797 1660 3797 1653 3797 1653 3798 1660 3798 1661 3798 1653 3799 1661 3799 1654 3799 1654 3800 1661 3800 1662 3800 1654 3801 1662 3801 1656 3801 1656 3802 1662 3802 1663 3802 1656 3803 1663 3803 1655 3803 1655 3804 1663 3804 1664 3804 1655 3805 1664 3805 1658 3805 1658 3806 1664 3806 1665 3806 1658 3807 1665 3807 1657 3807 1657 3808 1665 3808 1666 3808 565 3809 1635 3809 1651 3809 1651 3810 1635 3810 1638 3810 1651 3811 1638 3811 1659 3811 1659 3812 1638 3812 1637 3812 1659 3813 1637 3813 1660 3813 1660 3814 1637 3814 1649 3814 1660 3815 1649 3815 1661 3815 1661 3816 1649 3816 1640 3816 1661 3817 1640 3817 1662 3817 1662 3818 1640 3818 1639 3818 1662 3819 1639 3819 1663 3819 1663 3820 1639 3820 1642 3820 1663 3821 1642 3821 1664 3821 1664 3822 1642 3822 1645 3822 1664 3823 1645 3823 1665 3823 1665 3824 1645 3824 1647 3824 1665 3825 1647 3825 1666 3825 558 3826 561 3827 1657 3828 558 3829 1657 3829 1667 3829 1667 3830 1657 3830 1666 3830 1667 3831 1666 3831 1668 3831 1668 3832 1666 3832 1647 3832 1668 3833 1647 3833 1669 3833 1669 3834 1647 3834 1646 3834 1669 3835 1646 3835 1670 3835 1670 3836 1671 3836 1669 3836 1669 3837 1671 3837 1672 3837 1669 3838 1672 3838 1668 3838 1668 3839 1672 3839 1673 3839 1668 3840 1673 3840 1667 3841 1667 3842 1673 3842 557 3842 1667 3843 557 3843 558 3843 551 3844 556 3844 1674 3844 554 3845 553 3845 1675 3845 552 3846 557 3846 1673 3846 1676 3847 1677 3847 1678 3847 1678 3848 1677 3848 1679 3848 556 3849 555 3849 1674 3849 1674 3850 555 3850 1680 3850 1674 3851 1680 3851 1681 3851 1681 3852 1680 3852 1682 3852 1681 3853 1682 3853 1683 3853 1683 3854 1682 3855 1684 3855 1683 3856 1684 3856 1685 3856 1685 3857 1684 3857 1686 3857 1685 3858 1686 3858 1687 3858 1687 3859 1686 3860 1688 3861 1677 3862 1689 3862 1679 3862 1679 3863 1689 3863 1690 3863 1679 3864 1690 3864 1691 3864 1691 3865 1690 3866 1692 3867 1691 3868 1692 3869 1693 3870 1693 3871 1692 3871 1694 3871 1693 3872 1694 3872 1695 3872 1695 3873 1694 3873 1696 3873 1695 3874 1696 3874 1697 3874 1697 3875 1696 3875 1698 3875 1697 3876 1698 3876 550 3876 553 3877 552 3877 1675 3877 1675 3878 552 3878 1673 3878 1675 3879 1673 3879 1699 3879 1699 3880 1673 3880 1672 3880 1670 3881 1700 3881 1671 3881 1671 3882 1700 3882 1701 3882 1671 3883 1701 3883 1672 3883 1672 3884 1701 3884 1702 3884 1672 3885 1702 3886 1699 3887 555 3888 554 3888 1680 3888 1680 3889 554 3889 1675 3889 1680 3890 1675 3890 1682 3891 1682 3892 1675 3892 1699 3892 1682 3893 1699 3893 1684 3893 1684 3894 1699 3894 1702 3894 1684 3895 1702 3895 1686 3895 1686 3896 1702 3897 1701 3898 1686 3899 1701 3899 1688 3899 1688 3900 1701 3900 1700 3900 550 3901 551 3901 1697 3901 1697 3902 551 3902 1674 3902 1697 3903 1674 3903 1695 3903 1695 3904 1674 3904 1681 3904 1695 3905 1681 3905 1693 3905 1693 3906 1681 3907 1683 3908 1693 3909 1683 3909 1691 3909 1691 3910 1683 3910 1685 3910 1691 3911 1685 3911 1679 3911 1679 3912 1685 3912 1687 3912 1679 3913 1687 3913 1678 3913 1678 3914 1687 3914 1688 3914 1678 3915 1688 3915 1676 3915 1676 3916 1688 3916 1700 3916 1676 3917 1700 3918 1703 3919 1703 3920 1700 3920 1670 3920 1704 3921 642 3921 641 3921 1704 3922 641 3922 1705 3922 641 3923 588 3923 1705 3923 1705 3924 588 3924 589 3924 1705 3925 589 3926 1706 3927 1706 3928 589 3929 590 3930 1706 3931 590 3931 1707 3931 1707 3932 590 3932 583 3932 583 3933 585 3933 1707 3933 1707 3934 585 3934 598 3934 1707 3935 598 3935 1708 3935 1708 3936 598 3937 593 3938 1708 3939 593 3939 592 3939 582 3940 1709 3940 580 3940 580 3941 1709 3941 1708 3941 580 3942 1708 3942 604 3942 604 3943 1708 3944 592 3945 582 3946 594 3947 1709 3948 1709 3949 594 3950 264 3951 1709 3952 264 3952 566 3952 1689 3953 1704 3953 1690 3953 1690 3954 1704 3954 1705 3954 1690 3955 1705 3955 1692 3955 1692 3956 1705 3956 1706 3956 1692 3957 1706 3957 1694 3957 1694 3958 1706 3958 1707 3958 1694 3959 1707 3959 1696 3959 1696 3960 1707 3960 1708 3960 1696 3961 1708 3961 1698 3961 1698 3962 1708 3962 1709 3962 1698 3963 1709 3963 550 3963 550 3964 1709 3964 566 3964 669 3965 1710 3965 685 3965 685 3966 1710 3966 1711 3966 811 3967 813 3967 1711 3967 1711 3968 813 3968 815 3968 1711 3969 815 3969 685 3969 1712 3970 803 3970 1713 3970 1713 3971 803 3972 802 3973 1713 3974 802 3974 807 3974 807 3975 805 3976 1713 3977 1713 3978 805 3979 810 3980 1713 3981 810 3981 1711 3981 1711 3982 810 3983 809 3984 1711 3985 809 3985 811 3985 800 3986 1712 3987 798 3988 798 3989 1712 3989 384 3989 800 3990 799 3991 1712 3992 1712 3993 799 3993 795 3993 1712 3994 795 3994 803 3994 1710 3995 1714 3995 1711 3995 1711 3996 1714 3996 1715 3996 1711 3997 1715 3997 1713 3997 1713 3998 1715 3998 1716 3998 1713 3999 1716 3999 1712 3999 1712 4000 1716 4001 732 4002 1712 4003 732 4003 384 4003 737 4004 742 4004 1717 4004 1718 4005 1715 4005 1714 4005 746 4006 747 4006 1719 4006 1720 4007 1721 4007 1722 4007 1720 4008 1722 4009 1723 4009 1723 4010 1722 4010 1724 4010 1723 4011 1724 4012 1725 4013 1725 4014 1724 4014 1726 4014 1725 4015 1726 4016 1727 4017 1727 4018 1726 4018 1728 4018 1727 4019 1728 4019 1729 4019 1729 4020 1730 4021 1731 4022 1731 4023 1730 4024 1732 4025 1731 4026 1732 4026 1733 4026 1734 4027 1733 4027 1735 4027 1716 4028 1715 4028 1736 4028 1736 4029 1715 4029 1718 4029 1736 4030 1718 4031 1737 4032 732 4033 1716 4033 748 4033 748 4034 1716 4034 1736 4034 748 4035 1736 4036 749 4037 749 4038 1736 4038 1737 4038 749 4039 1737 4039 750 4039 750 4040 1737 4040 1738 4040 1738 4041 1737 4041 1739 4041 1739 4042 1737 4042 1718 4042 1739 4043 1718 4044 1740 4045 1740 4046 1718 4047 1714 4048 1740 4049 1714 4049 1710 4049 1710 4050 1734 4050 1740 4050 1740 4051 1734 4051 1735 4051 1740 4052 1735 4052 1739 4052 1739 4053 1735 4053 1741 4053 1739 4054 1741 4054 1738 4054 1733 4055 1732 4055 1735 4055 1735 4056 1732 4056 1742 4056 1735 4057 1742 4057 1741 4057 1741 4058 1742 4059 1719 4060 1741 4061 1719 4061 1738 4061 1738 4062 1719 4062 747 4062 1738 4063 747 4063 750 4063 1743 4064 745 4064 1744 4064 1744 4065 745 4066 744 4067 1744 4068 744 4069 1745 4070 1745 4071 744 4071 743 4071 1745 4072 743 4072 746 4072 1745 4073 1746 4073 1744 4073 1744 4074 1746 4074 1747 4074 1744 4075 1747 4075 1743 4075 1743 4076 1747 4076 1748 4076 746 4077 1719 4077 1745 4077 1745 4078 1719 4078 1742 4078 1745 4079 1742 4079 1746 4079 1746 4080 1742 4081 1732 4082 1746 4083 1732 4083 1747 4083 1747 4084 1732 4084 1730 4084 1747 4085 1730 4085 1748 4085 1729 4086 1728 4086 1730 4086 1730 4087 1728 4087 1749 4087 1730 4088 1749 4088 1748 4088 1748 4089 1749 4089 1750 4089 1748 4090 1750 4090 1743 4090 1743 4091 1750 4091 741 4091 1743 4092 741 4092 745 4092 738 4093 1751 4093 739 4093 739 4094 1751 4095 1752 4096 739 4097 1752 4097 740 4097 740 4098 1752 4098 1753 4098 1754 4099 1755 4099 1756 4099 1756 4100 1755 4100 733 4100 733 4101 734 4101 1756 4101 1756 4102 734 4102 736 4102 1756 4103 736 4103 1753 4103 1753 4104 736 4104 735 4104 1753 4105 735 4105 740 4105 1757 4106 1754 4106 1758 4106 1758 4107 1754 4107 1756 4107 1758 4108 1756 4108 1759 4108 1759 4109 1756 4109 1753 4109 1759 4110 1753 4110 1760 4110 1760 4111 1753 4111 1752 4111 1760 4112 1752 4112 1761 4112 1761 4113 1752 4113 1751 4113 1761 4114 1751 4114 1717 4114 1717 4115 1751 4115 738 4115 1717 4116 738 4117 737 4118 1721 4119 1757 4119 1722 4119 1722 4120 1757 4120 1758 4120 1722 4121 1758 4121 1724 4121 1724 4122 1758 4122 1759 4122 1724 4123 1759 4123 1726 4123 1726 4124 1759 4124 1760 4124 1726 4125 1760 4125 1728 4125 1728 4126 1760 4126 1761 4126 1728 4127 1761 4127 1749 4127 1749 4128 1761 4128 1717 4128 1749 4129 1717 4129 1750 4129 1750 4130 1717 4130 742 4130 1750 4131 742 4131 741 4131 770 4132 1762 4132 768 4133 768 4134 1762 4134 1763 4134 768 4135 1763 4135 765 4135 770 4136 772 4137 1762 4138 1762 4139 772 4139 794 4139 1762 4140 794 4140 793 4140 793 4141 786 4141 1762 4141 1762 4142 786 4143 785 4144 1762 4145 785 4145 1764 4145 1764 4146 785 4146 776 4146 1764 4147 776 4147 774 4147 366 4148 751 4148 777 4148 777 4149 751 4149 1764 4149 777 4150 1764 4150 778 4150 778 4151 1764 4151 774 4151 733 4152 1755 4152 751 4152 751 4153 1755 4153 1764 4153 1755 4154 1754 4154 1764 4154 1764 4155 1754 4155 1757 4155 1764 4156 1757 4156 1762 4156 1757 4157 1721 4157 1762 4157 1762 4158 1721 4158 1720 4158 1762 4159 1720 4159 1763 4159 1765 4160 1766 4160 1767 4160 1767 4161 1766 4161 1768 4161 1768 4162 1766 4162 1769 4162 1768 4163 1769 4163 1770 4163 1770 4164 1769 4164 1771 4164 1770 4165 1771 4165 1772 4165 1772 4166 1771 4166 699 4166 1772 4167 699 4167 698 4167 1773 4168 1774 4168 1775 4168 1775 4169 1774 4169 1776 4169 1776 4170 1777 4170 1778 4170 1778 4171 1777 4171 1779 4171 1778 4172 1779 4172 1780 4172 1780 4173 1779 4173 1781 4173 1780 4174 1781 4174 1782 4174 1782 4175 1781 4175 1783 4175 1782 4176 1783 4176 404 4176 404 4177 1783 4177 411 4177 411 4178 1783 4178 1579 4178 411 4179 1579 4179 1518 4179 1776 4180 1774 4180 1777 4180 1777 4181 1774 4181 1784 4181 1777 4182 1784 4182 1779 4182 1779 4183 1784 4183 1785 4183 1779 4184 1785 4184 1781 4184 1781 4185 1785 4185 1786 4185 1781 4186 1786 4186 1783 4186 1783 4187 1786 4187 1581 4187 1783 4188 1581 4188 1579 4188 1773 4189 1787 4189 1774 4189 1774 4190 1787 4190 1788 4190 1774 4191 1788 4191 1784 4191 1775 4192 1765 4192 1773 4192 1773 4193 1765 4193 1767 4193 1773 4194 1767 4194 1787 4194 1787 4195 1767 4195 1768 4195 1787 4196 1768 4196 1789 4196 1789 4197 1768 4197 1790 4197 1790 4198 1768 4198 1770 4198 1790 4199 1770 4199 1791 4199 1791 4200 1770 4200 1772 4200 1791 4201 1772 4201 1792 4201 698 4202 765 4203 1772 4204 1772 4205 765 4205 1763 4205 1772 4206 1763 4206 1792 4206 392 4207 1793 4208 393 4209 393 4210 1793 4211 1794 4210 393 4212 1794 4213 394 4214 394 4215 1794 4215 1795 4215 394 4216 1795 4217 395 4218 395 4219 1795 4219 1796 4219 395 4220 1796 4220 388 4220 388 4221 1796 4221 1797 4221 388 4222 1797 4222 389 4222 389 4223 1797 4223 390 4223 390 4224 1797 4224 1798 4224 390 4225 1798 4225 391 4225 391 4226 1798 4226 1799 4226 391 4227 1799 4227 387 4227 387 4228 1799 4228 1800 4228 387 4229 1800 4229 386 4229 386 4230 1800 4230 399 4230 386 4231 399 4232 77 4233 1801 4234 1802 4234 1803 4234 1803 4235 1802 4235 1804 4235 1804 4236 1805 4237 1803 4238 1803 4239 1805 4239 1806 4239 1803 4240 1806 4240 1807 4240 1807 4241 1806 4241 1808 4241 1807 4242 1808 4242 1809 4242 1809 4243 1808 4243 1810 4243 1793 4244 1811 4244 1794 4244 1794 4245 1811 4246 1812 4247 1794 4248 1812 4248 1795 4248 1795 4249 1812 4249 1813 4249 1795 4250 1813 4250 1796 4250 1796 4251 1813 4251 1814 4251 1796 4252 1814 4253 1797 4254 1797 4255 1814 4255 1815 4255 1797 4256 1815 4256 1798 4256 1798 4257 1815 4257 1816 4257 1798 4258 1816 4258 1799 4258 1799 4259 1816 4260 1817 4261 1799 4262 1817 4262 1800 4262 1800 4263 1817 4264 1818 4264 1800 4265 1818 4265 399 4265 399 4266 1818 4267 401 4266 1811 4268 1801 4269 1812 4270 1812 4271 1801 4271 1803 4271 1812 4272 1803 4272 1813 4272 1813 4273 1803 4274 1807 4275 1813 4276 1807 4277 1814 4278 1814 4279 1807 4280 1809 4281 1814 4282 1809 4282 1815 4282 1815 4283 1809 4283 1819 4283 1815 4284 1819 4284 1816 4284 1816 4285 1819 4286 1820 4286 1816 4287 1820 4288 1817 4289 1817 4290 1820 4290 1821 4290 1817 4291 1821 4291 1818 4291 1818 4292 1821 4293 1822 4294 1818 4295 1822 4295 401 4295 401 4296 1822 4297 396 4298 1810 4299 1823 4299 1809 4299 1809 4300 1823 4300 1824 4300 1809 4301 1824 4302 1819 4303 1819 4304 1824 4304 1825 4304 1819 4305 1825 4305 1820 4305 1820 4306 1825 4306 1826 4306 1820 4307 1826 4307 1821 4307 1821 4308 1826 4308 1827 4308 1821 4309 1827 4310 1822 4311 1822 4312 1827 4312 397 4312 1822 4313 397 4314 396 4315 1782 4316 404 4316 398 4316 1828 4317 1829 4317 1830 4317 1830 4318 1829 4318 1831 4318 1830 4319 1831 4319 1832 4319 1823 4320 1830 4320 1824 4320 1824 4321 1830 4321 1825 4321 1823 4322 1810 4322 1830 4322 1830 4323 1810 4323 1808 4323 1830 4324 1808 4324 1806 4324 1806 4325 1805 4325 1830 4325 1830 4326 1805 4326 1804 4326 1830 4327 1804 4327 1828 4327 1825 4328 1830 4328 1826 4328 1826 4329 1830 4329 1833 4329 1826 4330 1833 4330 1827 4330 1834 4331 398 4331 397 4331 1766 4332 1765 4332 1834 4332 1834 4333 1765 4334 1775 4335 1775 4336 1776 4336 1834 4336 1834 4337 1776 4337 1778 4337 1834 4338 1778 4338 398 4338 398 4339 1778 4339 1780 4339 398 4340 1780 4340 1782 4340 1769 4341 703 4341 1771 4341 1771 4342 703 4342 699 4342 1769 4343 1766 4343 703 4343 703 4344 1766 4344 1834 4344 703 4345 1834 4345 1833 4345 1833 4346 1834 4346 397 4346 1833 4347 397 4347 1827 4347 1832 4348 1835 4348 1830 4348 1830 4349 1835 4349 1836 4349 1830 4350 1836 4350 1833 4350 1833 4351 1836 4351 1837 4351 1833 4352 1837 4352 1838 4352 1838 4353 1839 4353 1833 4353 1833 4354 1839 4354 707 4354 1833 4355 707 4355 703 4355 477 4356 478 4356 1840 4356 1604 4357 1581 4357 1786 4357 1789 4358 1790 4358 1841 4358 1710 4359 669 4359 671 4359 658 4360 1842 4360 674 4360 674 4361 1842 4361 1843 4361 674 4362 1843 4362 676 4362 1792 4363 1763 4363 1720 4363 1720 4364 1723 4364 1792 4364 1792 4365 1723 4365 1725 4365 1792 4366 1725 4366 1791 4366 1791 4367 1725 4367 1727 4367 1791 4368 1727 4368 1790 4368 1790 4369 1727 4369 1729 4369 1790 4370 1729 4370 1841 4370 1729 4371 1731 4371 1841 4371 1841 4372 1731 4372 1733 4372 1841 4373 1733 4373 1734 4373 676 4374 1843 4374 678 4374 678 4375 1843 4375 1844 4375 678 4376 1844 4376 679 4376 679 4377 1844 4377 1841 4377 679 4378 1841 4378 671 4378 671 4379 1841 4379 1734 4379 671 4380 1734 4380 1710 4380 1845 4381 1784 4381 1788 4381 481 4382 457 4382 1591 4382 1785 4383 1784 4383 1600 4383 1592 4384 1594 4384 1845 4384 1845 4385 1594 4385 1596 4385 1845 4386 1596 4386 1784 4386 1784 4387 1596 4387 1598 4387 1784 4388 1598 4388 1600 4388 1785 4389 1600 4389 1786 4389 1786 4390 1600 4390 1602 4390 1786 4391 1602 4391 1604 4391 479 4392 480 4392 1846 4392 1846 4393 480 4393 481 4393 1846 4394 481 4394 1845 4394 1845 4395 481 4395 1591 4395 1845 4396 1591 4396 1592 4396 477 4397 1840 4397 476 4397 476 4398 1840 4398 1847 4398 1847 4399 1840 4399 1848 4399 1847 4400 1848 4400 1849 4400 478 4401 479 4401 1840 4401 1840 4402 479 4402 1846 4402 1840 4403 1846 4403 1848 4403 1848 4404 1846 4404 1850 4404 1848 4405 1850 4405 1849 4405 1849 4406 1850 4406 1851 4406 1852 4407 1853 4407 1851 4407 1853 4408 1854 4408 1855 4408 1855 4409 1854 4409 1856 4409 1855 4410 1856 4410 1857 4410 1853 4411 1852 4411 1854 4411 1854 4412 1852 4412 1858 4412 1854 4413 1858 4413 1856 4413 1842 4414 1857 4414 1843 4414 1843 4415 1857 4415 1856 4415 1843 4416 1856 4416 1844 4416 1844 4417 1856 4417 1858 4417 1844 4418 1858 4418 1841 4418 1841 4419 1858 4419 1859 4419 1841 4420 1859 4420 1789 4420 1789 4421 1859 4421 1787 4421 1851 4422 1850 4422 1852 4422 1852 4423 1850 4423 1846 4423 1852 4424 1846 4424 1858 4424 1858 4425 1846 4425 1845 4425 1858 4426 1845 4426 1859 4426 1859 4427 1845 4427 1788 4427 1859 4428 1788 4428 1787 4428 650 4429 1860 4429 657 4429 657 4430 1860 4430 1842 4430 657 4431 1842 4431 658 4431 1860 4432 1861 4432 1842 4432 1842 4433 1861 4433 1862 4433 1842 4434 1862 4434 1857 4434 1863 4435 1864 4435 1853 4435 1853 4436 1864 4436 1851 4436 1865 4437 1849 4437 1851 4437 476 4438 1847 4438 486 4438 486 4439 1847 4439 1866 4439 486 4440 1866 4440 489 4440 489 4441 1866 4441 1867 4441 1847 4442 1849 4442 1866 4442 1866 4443 1849 4443 1865 4443 1866 4444 1865 4444 1867 4444 1867 4445 1865 4445 1868 4445 1851 4446 1864 4446 1865 4446 1865 4447 1864 4447 1869 4447 1865 4448 1869 4448 1868 4448 1870 4449 1871 4449 1863 4449 1863 4450 1871 4450 1872 4450 1863 4451 1872 4451 1864 4451 1864 4452 1872 4452 1873 4452 1864 4453 1873 4453 1869 4453 1853 4454 1855 4454 1863 4454 1863 4455 1855 4455 1874 4455 1863 4456 1874 4456 1870 4456 1875 4457 1876 4457 1874 4457 1876 4458 1877 4458 1874 4458 1874 4459 1877 4459 1878 4459 1874 4460 1878 4460 1870 4460 1860 4461 1879 4461 1861 4461 1861 4462 1879 4462 1875 4462 1861 4463 1875 4463 1862 4463 1862 4464 1875 4464 1874 4464 1862 4465 1874 4465 1857 4465 1857 4466 1874 4466 1855 4466 1880 4467 1881 4467 494 4467 494 4468 1881 4468 849 4468 849 4469 838 4469 494 4469 494 4470 838 4470 824 4470 494 4471 824 4471 497 4471 1882 4472 1883 4472 1884 4472 1884 4473 1883 4473 1885 4473 1884 4474 1885 4474 1880 4474 1880 4475 1885 4475 1886 4475 1880 4476 1886 4476 1881 4476 1870 4477 1887 4477 1871 4477 1871 4478 1887 4478 1888 4478 1871 4479 1888 4479 1872 4479 1872 4480 1888 4480 1889 4480 1872 4481 1889 4481 1873 4481 1878 4482 1890 4482 1870 4482 1870 4483 1890 4483 1891 4483 1870 4484 1891 4484 1887 4484 1892 4485 1893 4485 1894 4485 1894 4486 1893 4486 1895 4486 1894 4487 1895 4487 1877 4487 1877 4488 1895 4488 1896 4488 1877 4489 1896 4489 1878 4489 1878 4490 1896 4490 1897 4490 1878 4491 1897 4491 1890 4491 1703 4492 1670 4492 1898 4492 1898 4493 1670 4493 1899 4493 1898 4494 1899 4494 1892 4494 1892 4495 1899 4495 1900 4495 1892 4496 1900 4496 1893 4496 1704 4497 1689 4497 1901 4497 1901 4498 1689 4498 1677 4498 1901 4499 1677 4499 1898 4499 1898 4500 1677 4500 1676 4500 1898 4501 1676 4502 1703 4503 1877 4504 1876 4504 1894 4504 1894 4505 1876 4505 1875 4505 1894 4506 1875 4506 1892 4506 1892 4507 1875 4507 1879 4507 1892 4508 1879 4508 1898 4508 1898 4509 1879 4509 1860 4509 1898 4510 1860 4510 1901 4510 1889 4511 1902 4511 1873 4511 1873 4512 1902 4512 1882 4512 1873 4513 1882 4513 1869 4513 1869 4514 1882 4514 1884 4514 1869 4515 1884 4515 1868 4515 1868 4516 1884 4516 1880 4516 1868 4517 1880 4517 1867 4517 1867 4518 1880 4518 494 4518 1867 4519 494 4519 489 4519 941 4520 1903 4520 1904 4520 856 4521 1905 4522 868 4523 868 4524 1905 4524 1906 4524 1644 4525 1907 4525 1646 4525 1643 4526 1908 4526 1909 4526 624 4527 623 4527 1910 4527 1910 4528 623 4528 625 4528 1910 4529 625 4529 619 4529 1643 4530 1639 4530 1908 4530 1908 4531 1639 4531 1641 4531 1908 4532 1641 4532 1648 4532 1648 4533 1650 4533 1908 4533 1908 4534 1650 4534 1631 4534 1908 4535 1631 4535 631 4535 1644 4536 1642 4536 1911 4536 1907 4537 1644 4537 1912 4537 1644 4538 1911 4538 1912 4538 1912 4539 1911 4539 1913 4539 1912 4540 1913 4540 1914 4540 1914 4541 1913 4541 1915 4541 1914 4542 1915 4542 1916 4542 1916 4543 1915 4543 1917 4543 1916 4544 1917 4544 1918 4544 1918 4545 1917 4545 1919 4545 1918 4546 1919 4546 1906 4546 872 4547 873 4547 1919 4547 1919 4548 873 4548 869 4548 1919 4549 869 4549 1906 4549 1906 4550 869 4550 871 4550 1906 4551 871 4551 868 4551 874 4552 877 4552 1920 4552 1920 4553 877 4553 880 4553 1920 4554 880 4554 1921 4554 514 4555 516 4555 1920 4555 1920 4556 516 4556 508 4556 1920 4557 508 4557 874 4557 1922 4558 1113 4558 1904 4558 1904 4559 1113 4559 942 4559 1904 4560 942 4560 941 4560 1923 4561 1114 4561 1924 4561 1924 4562 1114 4562 1110 4562 1924 4563 1110 4563 1922 4563 1922 4564 1110 4564 1112 4564 1922 4565 1112 4565 1113 4565 1925 4566 1117 4566 1923 4566 1923 4567 1117 4567 1115 4567 1923 4568 1115 4568 1114 4568 619 4569 1101 4569 1910 4569 1910 4570 1101 4570 1119 4570 1910 4571 1119 4571 1925 4571 1925 4572 1119 4572 1118 4572 1925 4573 1118 4573 1117 4573 631 4574 624 4574 1908 4574 1908 4575 624 4575 1910 4575 1908 4576 1910 4576 1909 4576 1909 4577 1910 4577 1925 4577 1909 4578 1925 4578 1926 4578 1926 4579 1925 4579 1923 4579 1926 4580 1923 4580 1927 4580 1927 4581 1923 4581 1924 4581 1927 4582 1924 4582 1928 4582 1928 4583 1924 4583 1922 4583 1928 4584 1922 4584 1921 4584 1921 4585 1922 4585 1904 4585 1921 4586 1904 4586 1920 4586 1920 4587 1904 4587 1903 4587 1920 4588 1903 4588 514 4588 514 4589 1903 4589 941 4589 514 4590 941 4590 171 4590 880 4591 872 4591 1921 4591 1921 4592 872 4592 1919 4592 1921 4593 1919 4593 1928 4593 1928 4594 1919 4594 1917 4594 1928 4595 1917 4595 1927 4595 1927 4596 1917 4596 1915 4596 1927 4597 1915 4597 1926 4597 1926 4598 1915 4598 1913 4598 1926 4599 1913 4599 1909 4599 1909 4600 1913 4600 1911 4600 1909 4601 1911 4601 1643 4601 1643 4602 1911 4602 1642 4602 1929 4603 706 4603 707 4603 614 4604 613 4604 1930 4604 1930 4605 613 4605 612 4606 1930 4607 612 4607 1931 4607 1931 4608 612 4608 616 4609 1931 4610 616 4610 1932 4610 1932 4611 616 4612 617 4613 1932 4614 617 4615 1933 4616 1933 4617 617 4617 618 4617 1933 4618 618 4618 704 4618 704 4619 618 4620 280 4619 614 4621 1930 4621 615 4621 615 4622 1930 4623 1934 4624 615 4625 1934 4625 611 4625 610 4626 611 4626 1935 4626 1936 4627 609 4628 608 4629 707 4630 1839 4630 1929 4630 1929 4631 1839 4632 1838 4633 1929 4634 1838 4634 1937 4634 1937 4635 1838 4635 1837 4635 1937 4636 1837 4636 1938 4636 1938 4637 1837 4637 1836 4637 1938 4638 1836 4639 1939 4640 704 4641 705 4641 1933 4641 1933 4642 705 4642 1940 4642 1933 4643 1940 4643 1932 4643 1932 4644 1940 4644 1941 4644 1932 4645 1941 4645 1931 4645 1931 4646 1941 4646 1942 4646 1931 4647 1942 4647 1930 4648 1930 4649 1942 4649 1943 4649 1930 4650 1943 4650 1934 4650 1934 4651 1943 4652 1944 4653 705 4654 706 4654 1940 4654 1940 4655 706 4655 1929 4655 1940 4656 1929 4656 1941 4656 1941 4657 1929 4657 1937 4657 1941 4658 1937 4658 1942 4658 1942 4659 1937 4659 1938 4659 1942 4660 1938 4660 1943 4660 1943 4661 1938 4661 1939 4661 1943 4662 1939 4662 1944 4662 1944 4663 1939 4664 1945 4665 1836 4666 1835 4667 1939 4668 1939 4669 1835 4669 1832 4669 1939 4670 1832 4670 1945 4670 1945 4671 1832 4671 1831 4671 1945 4672 1831 4673 1829 4672 611 4674 1934 4674 1935 4674 1935 4675 1934 4676 1944 4677 1935 4678 1944 4678 1946 4678 1946 4679 1944 4679 1945 4679 1946 4680 1945 4680 1947 4680 1947 4681 1945 4681 1829 4681 1947 4682 1829 4682 1828 4682 1828 4683 1948 4683 1947 4683 1947 4684 1948 4684 1949 4684 1947 4685 1949 4685 1946 4685 1946 4686 1949 4686 1936 4686 1946 4687 1936 4687 1935 4687 1935 4688 1936 4689 608 4690 1935 4691 608 4692 610 4693 1860 4694 650 4694 649 4694 1860 4695 649 4695 1901 4695 1901 4696 649 4696 642 4696 1901 4697 642 4697 1704 4697 1906 4698 1950 4698 1918 4698 1885 4699 1883 4699 1950 4699 1905 4700 856 4700 855 4700 1905 4701 855 4701 1906 4701 1885 4702 1950 4702 1886 4702 1886 4703 1950 4703 1906 4703 1886 4704 1906 4704 1881 4704 1881 4705 1906 4705 855 4705 1881 4706 855 4706 849 4706 1887 4707 1891 4707 1916 4707 1916 4708 1891 4708 1890 4708 1916 4709 1890 4709 1914 4709 1914 4710 1890 4710 1897 4710 1914 4711 1897 4711 1896 4711 1896 4712 1895 4712 1914 4712 1914 4713 1895 4713 1893 4713 1914 4714 1893 4714 1912 4714 1893 4715 1900 4715 1912 4715 1912 4716 1900 4716 1899 4716 1912 4717 1899 4717 1907 4717 1907 4718 1899 4718 1670 4718 1907 4719 1670 4719 1646 4719 1883 4720 1882 4720 1950 4720 1950 4721 1882 4721 1902 4721 1950 4722 1902 4722 1918 4722 1918 4723 1902 4723 1889 4723 1918 4724 1889 4724 1916 4724 1916 4725 1889 4725 1888 4725 1916 4726 1888 4726 1887 4726 1198 4727 1197 4727 1951 4727 1195 4728 1952 4728 1196 4728 1055 4729 1953 4729 1056 4729 1954 4730 1955 4730 1956 4730 1957 4731 1958 4731 1959 4731 1960 4732 1961 4732 1962 4732 1962 4733 1961 4733 1956 4733 1962 4734 1956 4735 1963 4736 1963 4737 1956 4737 1955 4737 1054 4738 936 4738 1964 4738 1964 4739 936 4739 935 4739 1964 4740 935 4740 1956 4740 1956 4741 935 4741 1965 4741 1956 4742 1965 4742 1954 4742 1953 4743 1055 4743 1966 4743 1055 4744 1054 4744 1966 4744 1966 4745 1054 4745 1964 4745 1966 4746 1964 4746 1967 4746 1967 4747 1964 4747 1968 4747 1969 4748 1970 4748 1971 4748 1971 4749 1970 4749 1972 4749 1971 4750 1972 4750 1973 4750 1974 4751 1975 4751 1976 4751 1976 4752 1975 4752 1977 4752 1976 4753 1977 4753 1978 4753 1978 4754 1977 4754 1979 4754 1978 4755 1979 4755 1980 4755 1980 4756 1979 4756 1981 4756 1980 4757 1981 4757 1982 4757 1982 4758 1981 4758 1983 4758 1982 4759 1983 4759 1984 4759 1985 4760 1986 4760 1987 4760 1987 4761 1986 4761 1988 4761 1987 4762 1988 4762 1974 4762 1974 4763 1988 4763 1989 4763 1974 4764 1989 4764 1975 4764 1194 4765 1990 4765 1195 4765 1195 4766 1990 4766 1991 4766 1195 4767 1991 4767 1952 4767 1102 4768 1199 4768 1103 4768 1103 4769 1199 4769 1992 4769 1103 4770 1992 4770 1123 4770 1123 4771 1992 4771 1122 4771 1122 4772 1992 4772 1993 4772 1122 4773 1993 4773 1120 4773 1120 4774 1993 4774 1994 4774 1120 4775 1994 4775 1124 4775 1124 4776 1994 4776 1995 4776 1124 4777 1995 4777 1125 4777 1996 4778 1087 4778 1997 4778 1997 4779 1087 4779 1127 4779 1997 4780 1127 4780 1995 4780 1995 4781 1127 4781 1128 4781 1995 4782 1128 4782 1125 4782 1998 4783 1083 4783 1996 4783 1996 4784 1083 4784 1085 4784 1996 4785 1085 4785 1087 4785 1999 4786 2000 4786 1998 4786 1998 4787 2000 4787 2001 4787 1998 4788 2001 4788 1083 4788 1999 4789 1998 4789 2002 4789 2002 4790 1998 4790 2003 4790 2002 4791 2003 4791 2004 4791 1199 4792 1198 4792 1992 4792 1992 4793 1198 4793 1951 4793 1992 4794 1951 4794 1993 4794 1993 4795 1951 4795 2005 4795 1993 4796 2005 4796 1994 4796 1994 4797 2005 4797 2006 4797 1994 4798 2006 4798 1995 4798 1995 4799 2006 4799 2007 4799 1995 4800 2007 4800 1997 4800 1997 4801 2007 4801 2008 4801 1997 4802 2008 4802 1996 4802 1996 4803 2008 4803 2009 4803 1996 4804 2009 4804 1998 4804 1998 4805 2009 4805 2010 4805 1998 4806 2010 4806 2003 4806 2003 4807 2010 4807 1957 4807 2003 4808 1957 4808 2004 4808 2004 4809 1957 4809 1959 4809 1960 4810 1959 4810 1961 4810 1961 4811 1959 4811 1958 4811 1961 4812 1958 4812 1956 4812 1956 4813 1958 4813 1971 4813 1956 4814 1971 4814 1964 4814 1964 4815 1971 4815 1973 4815 1964 4816 1973 4816 1968 4816 1968 4817 1973 4817 1972 4817 1197 4818 1196 4818 1951 4818 1951 4819 1196 4819 1952 4819 1951 4820 1952 4820 2005 4820 2005 4821 1952 4821 1991 4821 2005 4822 1991 4822 2006 4822 2006 4823 1991 4823 2011 4823 2006 4824 2011 4824 2007 4824 1990 4825 2012 4825 1991 4825 1991 4826 2012 4826 2013 4826 1991 4827 2013 4827 2011 4827 2011 4828 2013 4828 1985 4828 2011 4829 1985 4829 2007 4829 2007 4830 1985 4830 1987 4830 2007 4831 1987 4831 2008 4831 2008 4832 1987 4832 1974 4832 2008 4833 1974 4833 2009 4833 2009 4834 1974 4834 1976 4834 2009 4835 1976 4835 2010 4835 2010 4836 1976 4836 1978 4836 2010 4837 1978 4837 1957 4837 1957 4838 1978 4838 1980 4838 1957 4839 1980 4839 1958 4839 1958 4840 1980 4840 1982 4840 1958 4841 1982 4841 1971 4841 1971 4842 1982 4842 1984 4842 1971 4843 1984 4843 1969 4843 1969 4844 1984 4844 1983 4844 1969 4845 1983 4845 2014 4845 2015 4846 2016 4846 2017 4846 2018 4847 2019 4847 2020 4847 2021 4848 2022 4848 2023 4848 2024 4849 2025 4849 2015 4849 1088 4850 1086 4850 2026 4850 2026 4851 1086 4851 1084 4851 2026 4852 1084 4852 2027 4852 2027 4853 1084 4853 1083 4853 2027 4854 1083 4854 2028 4854 1088 4855 2026 4855 1089 4855 1089 4856 2026 4856 2029 4856 1089 4857 2029 4857 1093 4857 1093 4858 2029 4858 2030 4858 1093 4859 2030 4859 1094 4859 2031 4860 1095 4860 1094 4860 1095 4861 2031 4861 1090 4861 1090 4862 2031 4862 2032 4862 1090 4863 2032 4863 1091 4863 2021 4864 2023 4864 2033 4864 2033 4865 2023 4865 2034 4865 2033 4866 2034 4866 2035 4866 2034 4867 2036 4867 2035 4867 2035 4868 2036 4868 2037 4868 2035 4869 2037 4869 2038 4869 2038 4870 2037 4870 2039 4870 2038 4871 2039 4871 2040 4871 2041 4872 2042 4872 2040 4872 2040 4873 2042 4873 2043 4873 2040 4874 2043 4874 2038 4874 2044 4875 2019 4875 2045 4875 2045 4876 2019 4876 2018 4876 2045 4877 2018 4877 2046 4877 2041 4878 2047 4878 2042 4878 2042 4879 2047 4879 2046 4879 2042 4880 2046 4880 2048 4880 2048 4881 2046 4881 2018 4881 2048 4882 2018 4882 2049 4882 2049 4883 2018 4883 2020 4883 2049 4884 2020 4884 2024 4884 2050 4885 2030 4885 2051 4885 2051 4886 2030 4886 2029 4886 2051 4887 2029 4887 2052 4887 2052 4888 2029 4888 2026 4888 2052 4889 2026 4889 2053 4889 2053 4890 2026 4890 2027 4890 2053 4891 2027 4891 2054 4891 2054 4892 2027 4892 2028 4892 2054 4893 2028 4893 2055 4893 2017 4894 2016 4894 2050 4894 1094 4895 2030 4895 2031 4895 2031 4896 2030 4896 2050 4896 2031 4897 2050 4897 2032 4897 2032 4898 2050 4898 2016 4898 2032 4899 2016 4899 1091 4899 1091 4900 2016 4900 2015 4900 1091 4901 2015 4901 1096 4901 1096 4902 2015 4902 2025 4902 1096 4903 2025 4903 1097 4903 2024 4904 2015 4904 2049 4904 2049 4905 2015 4905 2017 4905 2049 4906 2017 4906 2048 4906 2048 4907 2017 4907 2050 4907 2048 4908 2050 4908 2042 4908 2042 4909 2050 4909 2051 4909 2042 4910 2051 4910 2043 4910 2043 4911 2051 4911 2052 4911 2043 4912 2052 4912 2038 4912 2038 4913 2052 4913 2053 4913 2038 4914 2053 4914 2035 4914 2035 4915 2053 4915 2054 4915 2035 4916 2054 4916 2033 4916 2033 4917 2054 4917 2055 4917 2033 4918 2055 4918 2021 4918 2056 4919 2057 4919 2025 4919 1097 4920 2025 4920 1098 4920 1098 4921 2025 4921 2057 4921 1098 4922 2057 4922 1078 4922 1078 4923 2057 4923 1079 4923 2044 4924 2058 4924 2019 4924 2019 4925 2058 4925 2059 4925 2019 4926 2059 4926 2020 4926 2020 4927 2059 4927 2056 4927 2020 4928 2056 4928 2024 4928 2024 4929 2056 4929 2025 4929 1081 4930 1079 4930 2060 4930 2060 4931 1079 4931 2057 4931 2060 4932 2057 4932 2061 4932 2061 4933 2057 4933 2056 4933 2061 4934 2056 4934 2062 4934 2062 4935 2056 4935 2059 4935 2062 4936 2059 4936 2063 4936 2063 4937 2059 4937 2058 4937 2064 4938 2065 4938 2066 4938 2060 4939 2067 4939 1081 4939 1081 4940 2067 4940 2068 4940 1081 4941 2068 4941 1082 4941 1082 4942 2068 4942 2069 4942 1075 4943 1074 4943 2069 4943 2069 4944 1074 4945 1073 4946 2069 4947 1073 4947 1082 4947 2070 4948 2071 4948 2072 4948 2072 4949 2071 4949 2073 4949 2072 4950 2073 4950 2074 4950 2075 4951 2065 4951 2076 4951 2076 4952 2065 4952 2064 4952 2076 4953 2064 4953 2077 4953 2078 4954 2079 4954 2080 4954 2080 4955 2079 4955 2061 4955 2080 4956 2061 4957 2062 4958 2081 4959 2078 4959 2082 4959 2082 4960 2078 4960 2080 4960 2082 4961 2080 4961 2083 4961 2083 4962 2080 4963 2062 4964 2083 4965 2062 4966 2063 4967 2084 4968 2085 4968 2086 4968 2086 4969 2085 4969 2087 4969 2086 4970 2087 4970 2074 4970 2074 4971 2087 4971 2081 4971 2074 4972 2081 4972 2072 4972 2072 4973 2081 4973 2082 4973 2072 4974 2082 4974 2070 4974 2070 4975 2082 4975 2083 4975 2066 4976 2084 4976 2064 4976 2064 4977 2084 4977 2086 4977 2064 4978 2086 4978 2077 4978 2077 4979 2086 4979 2074 4979 2077 4980 2074 4980 2088 4980 2088 4981 2074 4981 2073 4981 2060 4982 2061 4982 2067 4982 2067 4983 2061 4984 2079 4985 2067 4986 2079 4986 2068 4986 2068 4987 2079 4987 2078 4987 2068 4988 2078 4988 2069 4988 2069 4989 2078 4989 2081 4989 2069 4990 2081 4990 1075 4990 1075 4991 2081 4991 2087 4991 1075 4992 2087 4992 1076 4992 1076 4993 2087 4993 2085 4993 1076 4994 2085 4994 1077 4994 1077 4995 2085 4995 2084 4995 1077 4996 2084 4996 1069 4996 1069 4997 2084 4997 2066 4997 1069 4998 2066 4998 1070 4998 2089 4999 2090 4999 2091 4999 2092 5000 2093 5000 2094 5000 1062 5001 2095 5001 2096 5001 1062 5002 2096 5002 1063 5002 1063 5003 2096 5003 2097 5003 1063 5004 2097 5004 1064 5004 1067 5005 1066 5005 2098 5005 2098 5006 1066 5006 1065 5006 2098 5007 1065 5007 2099 5007 1067 5008 2098 5008 1068 5008 1068 5009 2098 5009 2100 5009 1068 5010 2100 5010 1059 5010 2101 5011 935 5011 2100 5011 2100 5012 935 5012 934 5012 2100 5013 934 5013 1059 5013 2102 5014 2103 5014 2104 5014 2104 5015 2103 5015 2091 5015 2104 5016 2091 5016 2105 5016 2105 5017 2091 5017 2090 5017 2105 5018 2090 5018 2106 5018 2102 5019 2107 5019 2103 5019 2103 5020 2107 5020 2108 5020 2103 5021 2108 5021 2109 5021 2110 5022 2092 5022 2111 5022 2111 5023 2092 5023 2094 5023 2111 5024 2094 5024 2112 5024 2112 5025 2094 5025 2113 5025 2089 5026 2091 5026 2114 5026 2114 5027 2091 5027 2103 5027 2114 5028 2103 5028 2115 5028 2115 5029 2103 5029 2109 5029 2115 5030 2109 5030 2116 5030 2075 5031 2110 5031 2065 5031 2065 5032 2110 5032 2111 5032 2065 5033 2111 5033 2066 5033 2066 5034 2111 5034 2112 5034 2066 5035 2112 5035 1070 5035 1070 5036 2112 5036 2117 5036 1070 5037 2117 5037 1071 5037 1071 5038 2117 5038 1061 5038 1065 5039 1064 5039 2099 5039 2099 5040 1064 5040 2097 5040 2099 5041 2097 5041 2113 5041 2113 5042 2097 5042 2096 5042 2113 5043 2096 5043 2112 5043 2112 5044 2096 5044 2095 5044 2112 5045 2095 5045 2117 5045 2117 5046 2095 5046 1062 5046 2117 5047 1062 5047 1061 5047 2093 5048 2106 5048 2094 5048 2094 5049 2106 5049 2090 5049 2094 5050 2090 5050 2113 5050 2113 5051 2090 5051 2089 5051 2113 5052 2089 5052 2099 5052 2099 5053 2089 5053 2114 5053 2099 5054 2114 5054 2098 5054 2098 5055 2114 5055 2115 5055 2098 5056 2115 5056 2100 5056 2100 5057 2115 5057 2116 5057 2100 5058 2116 5058 2101 5058 1056 5059 2118 5059 2119 5059 1056 5060 2119 5060 1057 5060 1057 5061 2119 5061 2120 5061 1057 5062 2120 5062 1058 5062 1058 5063 2120 5063 2121 5063 1058 5064 2121 5064 1052 5064 1052 5065 2121 5065 2122 5065 1052 5066 2122 5066 1050 5066 1050 5067 2122 5067 2123 5067 1050 5068 2123 5068 1033 5068 1033 5069 2123 5069 2124 5069 1033 5070 2124 5070 1034 5070 1034 5071 2124 5071 2125 5071 1034 5072 2125 5072 1036 5072 2126 5073 2125 5073 2127 5073 2127 5074 2125 5074 2124 5074 2127 5075 2124 5075 2128 5075 2128 5076 2124 5076 2123 5076 2128 5077 2123 5077 2129 5077 2129 5078 2123 5078 2122 5078 2129 5079 2122 5079 2130 5079 2130 5080 2122 5080 2121 5080 2130 5081 2121 5081 2131 5081 2131 5082 2121 5082 2120 5082 2131 5083 2120 5083 2132 5083 2132 5084 2120 5084 2119 5084 2132 5085 2119 5085 2133 5085 2133 5086 2119 5086 2118 5086 2134 5087 2126 5087 2135 5087 2135 5088 2126 5088 2127 5088 2135 5089 2127 5089 2136 5089 2136 5090 2127 5090 2128 5090 2136 5091 2128 5091 2137 5091 2137 5092 2128 5092 2129 5092 2137 5093 2129 5093 2138 5093 2138 5094 2129 5094 2130 5094 2138 5095 2130 5095 2139 5095 2139 5096 2130 5096 2131 5096 2139 5097 2131 5097 2140 5097 2140 5098 2131 5098 2132 5098 2140 5099 2132 5099 2141 5099 2141 5100 2132 5100 2133 5100 2142 5101 2134 5101 2143 5101 2143 5102 2134 5102 2135 5102 2143 5103 2135 5103 2144 5103 2144 5104 2135 5104 2136 5104 2144 5105 2136 5105 2145 5105 2145 5106 2136 5106 2137 5106 2145 5107 2137 5107 2146 5107 2146 5108 2137 5108 2138 5108 2146 5109 2138 5109 2147 5109 2147 5110 2138 5110 2139 5110 2147 5111 2139 5111 2148 5111 2148 5112 2139 5112 2140 5112 2148 5113 2140 5113 2149 5113 2149 5114 2140 5114 2141 5114 2150 5115 1037 5115 1036 5115 2151 5116 1038 5116 1037 5116 1046 5117 2152 5117 1048 5117 1048 5118 2152 5118 2153 5118 1048 5119 2153 5119 1049 5120 2134 5121 2142 5121 2154 5121 1037 5122 2150 5122 2151 5122 2151 5123 2150 5123 2155 5123 2151 5124 2155 5124 2156 5124 2156 5125 2155 5125 2157 5125 2156 5126 2157 5126 2158 5126 1038 5127 2151 5127 1046 5127 1046 5128 2151 5128 2156 5128 1046 5129 2156 5129 2152 5129 2152 5130 2156 5130 2158 5130 2152 5131 2158 5131 2159 5131 1036 5132 2125 5132 2150 5132 2150 5133 2125 5133 2126 5133 2150 5134 2126 5134 2155 5134 2155 5135 2126 5135 2134 5135 2155 5136 2134 5136 2157 5136 2157 5137 2134 5137 2154 5137 2157 5138 2154 5138 2158 5138 2158 5139 2154 5139 2160 5139 2158 5140 2160 5140 2159 5140 2159 5141 2160 5141 2161 5141 2159 5142 2161 5142 2162 5142 2162 5143 2163 5143 2159 5143 2159 5144 2163 5144 2164 5144 2159 5145 2164 5145 2152 5145 2152 5146 2164 5146 2165 5146 2152 5147 2165 5147 2153 5147 2166 5148 2167 5148 2168 5148 2166 5149 2168 5149 2169 5149 1047 5150 1049 5150 2170 5150 2170 5151 1049 5151 2171 5151 2170 5152 2171 5152 2172 5152 2172 5153 2171 5153 2173 5153 2168 5154 2174 5154 2169 5154 2169 5155 2174 5155 2175 5155 2169 5156 2175 5157 2176 5158 2176 5159 2175 5159 2172 5159 2176 5160 2172 5160 2177 5160 2177 5161 2172 5161 2173 5161 2178 5162 2179 5162 2180 5162 2181 5163 2182 5163 2183 5163 1044 5164 2184 5164 2185 5164 1040 5165 2186 5165 2180 5165 1047 5166 2170 5166 1045 5166 1045 5167 2170 5167 2172 5167 1045 5168 2172 5168 1041 5168 1040 5169 2180 5169 1039 5169 1039 5170 2180 5170 2179 5170 1039 5171 2179 5171 1042 5171 1042 5172 2179 5172 2178 5172 1042 5173 2178 5173 1043 5173 2187 5174 2185 5174 2178 5174 2178 5175 2185 5175 2184 5175 2178 5176 2184 5176 1043 5176 1043 5177 2184 5177 1044 5177 2172 5178 2175 5178 2183 5178 2183 5179 2175 5179 2174 5179 2183 5180 2174 5180 2181 5180 1040 5181 1041 5181 2186 5181 2186 5182 1041 5182 2172 5182 2186 5183 2172 5183 2180 5183 2180 5184 2172 5184 2183 5184 2180 5185 2183 5185 2178 5185 2178 5186 2183 5186 2182 5186 2178 5187 2182 5187 2187 5187 1023 5188 1025 5188 2188 5188 1031 5189 1044 5189 2189 5189 2190 5190 2191 5190 2192 5190 2190 5191 2192 5191 2193 5191 2193 5192 2192 5192 2194 5192 2193 5193 2194 5193 2189 5193 2189 5194 2194 5194 1032 5194 2189 5195 1032 5195 1031 5195 1023 5196 2188 5196 1021 5196 2195 5197 2196 5197 2197 5197 2197 5198 2196 5198 2198 5198 2197 5199 2198 5199 2199 5199 2200 5200 2201 5200 2202 5200 2202 5201 2201 5201 2203 5201 2204 5202 2205 5202 2206 5202 2206 5203 2205 5203 2207 5203 2206 5204 2207 5204 2208 5204 2209 5205 2210 5205 2211 5205 2211 5206 2210 5206 2199 5206 2211 5207 2199 5207 2212 5207 2213 5208 2214 5208 2215 5208 2215 5209 2214 5209 2216 5209 2191 5210 2204 5211 2192 5212 2192 5213 2204 5213 2217 5213 2192 5214 2217 5214 2194 5214 2194 5215 2217 5215 2188 5215 2194 5216 2188 5216 1032 5216 1032 5217 2188 5217 1025 5217 2196 5218 2218 5218 2198 5218 2198 5219 2218 5219 2219 5219 2198 5220 2219 5220 2199 5220 2199 5221 2219 5221 2220 5221 2199 5222 2220 5222 2212 5222 2202 5223 2195 5223 2200 5223 2200 5224 2195 5224 2197 5224 2200 5225 2197 5225 2221 5225 2221 5226 2197 5226 2199 5226 2221 5227 2199 5227 2222 5227 2222 5228 2199 5228 2210 5228 2208 5229 2203 5229 2206 5229 2206 5230 2203 5230 2201 5230 2206 5231 2201 5231 2213 5231 2213 5232 2201 5232 2200 5232 2213 5233 2200 5233 2214 5233 2214 5234 2200 5234 2221 5234 2214 5235 2221 5235 2216 5235 2216 5236 2221 5236 2222 5236 2204 5237 2206 5237 2217 5237 2217 5238 2206 5238 2213 5238 2217 5239 2213 5239 2188 5239 2188 5240 2213 5240 2215 5240 2188 5241 2215 5241 1021 5241 1021 5242 2215 5242 2216 5242 1021 5243 2216 5243 1029 5243 1029 5244 2216 5244 2222 5244 1029 5245 2222 5245 1028 5245 1028 5246 2222 5246 2210 5246 1028 5247 2210 5247 1027 5247 1027 5248 2210 5248 2209 5248 1027 5249 2209 5249 1026 5249 1026 5250 2223 5250 1018 5250 1018 5251 2223 5251 2224 5251 1018 5252 2224 5252 1020 5252 2225 5253 2226 5253 2227 5253 2228 5254 2229 5254 2230 5254 2225 5255 2231 5255 2226 5255 2226 5256 2231 5256 2228 5256 2226 5257 2228 5257 2232 5257 2232 5258 2228 5258 2230 5258 2233 5259 2225 5260 2234 5261 2234 5262 2225 5262 2227 5262 2234 5263 2227 5263 1020 5263 1020 5264 2227 5264 1019 5264 1060 5265 2227 5265 2235 5265 2235 5266 2227 5266 2226 5266 2235 5266 2226 5266 2232 5266 1053 5266 1017 5266 1060 5266 1060 5267 1017 5267 1019 5267 1060 5268 1019 5268 2227 5268 2236 5266 2237 5266 1126 5266 2238 5269 1099 5269 2237 5269 2237 5266 1099 5266 1121 5266 2237 5270 1121 5270 1126 5270 2239 5266 1116 5266 2238 5266 2238 5271 1116 5271 1100 5271 2238 5272 1100 5272 1099 5272 2240 5266 940 5266 2239 5266 2239 5273 940 5273 1111 5273 2239 5274 1111 5274 1116 5274 2241 5275 947 5275 2240 5275 2240 5266 947 5266 946 5266 2240 5276 946 5276 940 5276 1030 5277 1053 5277 1035 5277 1035 5278 1053 5278 1051 5278 2242 5279 950 5279 2241 5279 2241 5280 950 5280 1105 5280 2241 5281 1105 5281 947 5281 982 5282 2243 5282 2244 5282 2245 5279 1131 5279 2244 5279 2244 5283 1131 5283 1133 5283 2244 5284 1133 5284 982 5284 1030 5266 1024 5266 1053 5266 1053 5285 1024 5285 1022 5285 1053 5286 1022 5286 1017 5286 982 5266 970 5266 2243 5266 2243 5266 970 5266 965 5266 2243 5287 965 5287 2242 5287 2242 5284 965 5284 948 5284 2242 5283 948 5283 950 5283 2246 5275 990 5275 2245 5275 2245 5281 990 5281 992 5281 2245 5280 992 5280 1131 5280 2247 5266 2248 5266 2235 5266 2235 5288 2248 5288 2249 5288 2235 5289 2249 5289 1060 5289 1126 5266 1092 5266 2236 5266 2236 5290 1092 5290 1080 5290 2236 5266 1080 5266 2250 5266 2250 5291 1080 5291 1072 5291 2250 5266 1072 5266 2251 5266 2251 5266 1072 5266 1060 5266 2251 5266 1060 5266 2252 5266 2252 5266 1060 5266 2249 5266 2253 5266 2254 5266 2255 5266 2255 5292 2254 5292 2256 5292 2255 5266 2256 5266 2257 5266 2257 5266 2256 5266 2258 5266 2257 5266 2258 5266 2230 5266 2230 5266 2258 5266 2259 5266 2230 5266 2259 5266 2232 5266 2232 5266 2259 5266 2260 5266 2232 5266 2260 5266 2235 5266 2261 5266 2262 5266 2263 5266 2263 5293 2262 5293 2258 5293 2263 5266 2258 5266 2264 5266 2264 5266 2258 5266 2256 5266 2247 5294 1015 5294 2248 5294 2248 5295 1015 5295 1011 5295 2248 5266 1011 5266 2246 5266 2246 5276 1011 5276 1006 5276 2246 5266 1006 5266 990 5266 2265 5296 2266 5296 2267 5296 2235 5297 2260 5297 2268 5297 2268 5298 2260 5298 2259 5298 2268 5299 2259 5299 2269 5299 2268 5300 2270 5300 2235 5300 2235 5301 2270 5301 2265 5301 2235 5302 2265 5302 2247 5302 2247 5303 2265 5303 2267 5303 2247 5304 2267 5304 1015 5304 1015 5305 2267 5305 1016 5305 1009 5306 1014 5306 2271 5306 2271 5307 1014 5307 1016 5307 2271 5308 1016 5308 2272 5308 2273 5309 2274 5309 2275 5309 1008 5310 1007 5310 2276 5310 1013 5311 1012 5311 2277 5311 2277 5312 1012 5312 1010 5312 2277 5313 1010 5313 1009 5313 2276 5314 1007 5314 2278 5314 2278 5315 1007 5315 1005 5315 2278 5316 1005 5316 1004 5316 2278 5317 2279 5317 2280 5317 2280 5318 2281 5318 2278 5318 2278 5319 2281 5319 2282 5319 2278 5320 2282 5320 2276 5320 2276 5321 2282 5321 2283 5321 2276 5322 2283 5322 1008 5322 1008 5323 2283 5323 2284 5323 1008 5324 2284 5324 991 5324 2285 5325 2286 5325 2287 5325 2287 5326 2288 5326 2285 5326 2285 5327 2288 5327 2289 5327 2285 5328 2289 5328 2290 5328 2290 5329 2289 5329 2275 5329 2290 5330 2275 5330 2291 5330 2291 5331 2275 5331 2274 5331 2291 5332 2274 5332 2292 5332 2293 5333 2279 5333 2277 5333 2277 5334 2279 5334 2278 5334 2277 5335 2278 5335 1013 5335 1013 5336 2278 5336 1004 5336 1009 5337 2294 5337 2277 5337 2277 5338 2294 5338 2295 5338 2277 5339 2295 5339 2293 5339 2293 5340 2295 5340 2296 5340 2293 5341 2296 5341 2297 5341 2297 5342 2296 5342 2298 5342 2297 5343 2298 5343 2273 5343 2273 5344 2275 5344 2297 5344 2297 5345 2275 5345 2289 5345 2297 5346 2289 5346 2293 5346 2293 5347 2289 5347 2288 5347 2293 5348 2288 5348 2279 5348 2279 5349 2288 5349 2287 5349 2279 5350 2287 5350 2280 5350 2280 5351 2287 5351 2299 5351 2280 5352 2299 5352 2281 5352 2300 5353 2301 5353 2302 5353 991 5354 2303 5354 993 5354 993 5355 2303 5355 994 5355 2302 5356 998 5356 996 5356 2303 5357 2300 5357 994 5357 994 5358 2300 5358 2302 5358 994 5359 2302 5359 995 5359 995 5360 2302 5360 996 5360 2304 5361 1001 5361 1000 5361 1000 5362 999 5362 2304 5362 2304 5363 999 5363 998 5363 2304 5364 998 5364 2305 5364 2305 5365 998 5365 2302 5365 2305 5366 2302 5366 2306 5366 2306 5367 2302 5367 2301 5367 2306 5368 2307 5368 2305 5368 2305 5369 2307 5369 2308 5369 2305 5370 2308 5370 2304 5370 2304 5371 2308 5371 2309 5371 2304 5372 2309 5372 1001 5372 1001 5373 2309 5373 2310 5373 1001 5374 2310 5374 1003 5374 2311 5375 2312 5375 2313 5375 2314 5376 2315 5376 2316 5376 1148 5377 2317 5377 2318 5377 2319 5378 2320 5378 2321 5378 2322 5379 2323 5379 2324 5379 2324 5380 2325 5380 2322 5380 2322 5381 2325 5381 2326 5381 2322 5382 2326 5382 2327 5382 1107 5383 1104 5383 2328 5383 2328 5384 1104 5384 1106 5384 2328 5385 1106 5385 2329 5385 2329 5386 1106 5386 957 5386 2329 5387 957 5387 2330 5387 2330 5388 957 5388 939 5388 2330 5389 939 5389 2322 5389 2322 5390 939 5390 938 5390 2322 5391 938 5391 2323 5391 1107 5392 2328 5392 1108 5392 1108 5393 2328 5393 2331 5393 1108 5394 2331 5394 1109 5394 1109 5395 2331 5395 2332 5395 1109 5396 2332 5396 945 5396 945 5397 2332 5397 2333 5397 945 5398 2333 5398 943 5398 944 5399 943 5399 1155 5399 1155 5400 943 5400 2333 5400 1155 5401 2333 5401 1156 5401 1156 5402 2333 5402 1157 5402 1150 5403 1149 5403 2334 5403 2334 5404 1149 5404 2335 5404 2334 5405 2335 5405 2336 5405 2336 5406 2335 5406 2337 5406 2337 5407 2335 5407 2338 5407 2337 5408 2338 5408 2339 5408 2339 5409 2338 5409 2340 5409 2339 5410 2340 5410 2341 5410 2341 5411 2340 5411 2342 5411 2341 5412 2342 5412 2343 5412 2343 5413 2342 5413 2344 5413 2343 5414 2344 5414 2345 5414 2345 5415 2344 5415 2346 5415 2345 5416 2346 5416 2347 5416 2347 5417 2346 5417 2348 5417 2347 5418 2348 5418 2349 5418 2349 5419 2348 5419 2350 5419 2349 5420 2350 5420 2351 5420 2351 5421 2350 5421 2352 5421 2351 5422 2352 5422 2353 5422 2353 5423 2352 5423 2354 5423 2353 5424 2354 5424 2355 5424 2355 5425 2354 5425 2356 5425 2355 5426 2356 5426 2357 5426 2357 5427 2356 5427 2358 5427 2357 5428 2358 5428 2359 5428 2359 5429 2358 5429 2360 5429 2360 5430 2358 5430 2361 5430 2360 5431 2361 5431 2362 5431 2315 5432 2363 5432 2316 5432 2316 5433 2363 5433 2364 5433 2316 5434 2364 5434 2361 5434 2361 5435 2364 5435 2365 5435 2361 5436 2365 5436 2362 5436 2366 5437 2367 5437 2368 5437 2368 5438 2367 5438 2369 5438 1002 5439 1003 5439 2370 5439 2370 5440 2371 5440 1002 5440 1002 5441 2371 5441 2372 5441 1002 5442 2372 5442 997 5442 997 5443 2372 5443 2373 5443 997 5444 2373 5444 1129 5444 1129 5445 2373 5445 2374 5445 1129 5446 2374 5446 1130 5446 1130 5447 2374 5447 1135 5447 1135 5448 2374 5448 2375 5448 1135 5449 2375 5449 1134 5449 1134 5450 2375 5450 1132 5450 1132 5451 2375 5451 2376 5451 1132 5452 2376 5452 1137 5452 1137 5453 2376 5453 2377 5453 1137 5454 2377 5454 1136 5454 2378 5455 2379 5455 2380 5455 2312 5456 2311 5456 2380 5456 2380 5457 2311 5457 2381 5457 2380 5458 2381 5458 2378 5458 1136 5459 2377 5459 977 5459 977 5460 2377 5460 2380 5460 977 5461 2380 5461 974 5461 974 5462 2380 5462 2379 5462 974 5463 2379 5464 975 5465 2371 5466 2382 5466 2372 5466 2372 5467 2382 5467 2366 5467 2372 5468 2366 5468 2373 5468 2373 5469 2366 5469 2368 5469 2373 5470 2368 5470 2374 5470 2374 5471 2368 5471 2383 5471 2374 5472 2383 5472 2375 5472 2375 5473 2383 5473 2384 5473 2375 5474 2384 5474 2376 5474 2376 5475 2384 5475 2385 5475 2376 5476 2385 5476 2377 5476 2377 5477 2385 5477 2386 5477 2377 5478 2386 5478 2380 5478 2380 5479 2386 5479 2387 5479 2380 5480 2387 5480 2312 5480 2312 5481 2387 5481 2319 5481 2312 5482 2319 5482 2313 5482 2313 5483 2319 5483 2321 5483 2326 5484 2321 5484 2327 5484 2327 5485 2321 5485 2320 5485 2327 5486 2320 5486 2322 5486 2322 5487 2320 5487 2388 5487 2322 5488 2388 5488 2330 5488 2330 5489 2388 5489 2389 5489 2330 5490 2389 5490 2329 5490 2329 5491 2389 5491 2390 5491 2329 5492 2390 5492 2328 5492 2328 5493 2390 5493 2391 5493 2328 5494 2391 5494 2331 5494 2331 5495 2391 5495 2392 5495 2331 5496 2392 5496 2332 5496 2332 5497 2392 5497 2318 5497 2332 5498 2318 5498 2333 5498 2333 5499 2318 5499 2317 5499 2333 5500 2317 5500 1157 5500 1157 5501 2317 5501 1148 5501 2369 5502 2314 5502 2368 5502 2368 5503 2314 5503 2316 5503 2368 5504 2316 5504 2383 5504 2383 5505 2316 5505 2361 5505 2383 5506 2361 5506 2384 5506 2384 5507 2361 5507 2358 5507 2384 5508 2358 5508 2385 5508 2385 5509 2358 5509 2356 5509 2385 5510 2356 5510 2386 5510 2386 5511 2356 5511 2354 5511 2386 5512 2354 5512 2387 5512 2387 5513 2354 5513 2352 5513 2387 5514 2352 5514 2319 5514 2319 5515 2352 5515 2350 5515 2319 5516 2350 5516 2320 5516 2320 5517 2350 5517 2348 5517 2320 5518 2348 5518 2388 5518 2388 5519 2348 5519 2346 5519 2388 5520 2346 5520 2389 5520 2389 5521 2346 5521 2344 5521 2389 5522 2344 5522 2390 5522 2390 5523 2344 5523 2342 5523 2390 5524 2342 5524 2391 5524 2391 5525 2342 5525 2340 5525 2391 5526 2340 5526 2392 5526 2392 5527 2340 5527 2338 5527 2392 5528 2338 5528 2318 5528 2318 5529 2338 5529 2335 5529 2318 5530 2335 5530 1148 5530 1148 5531 2335 5531 1149 5531 2393 5532 2394 5532 2395 5532 2396 5533 2397 5533 2398 5533 2399 5534 2400 5534 2401 5534 976 5535 2402 5535 978 5535 978 5536 2402 5536 2403 5536 978 5537 2403 5537 979 5537 979 5538 2403 5538 2404 5538 979 5539 2404 5539 980 5539 2405 5540 2406 5540 981 5540 981 5541 2406 5541 983 5541 2407 5542 985 5542 2406 5542 2406 5543 985 5543 984 5543 2406 5544 984 5544 983 5544 988 5545 987 5545 2407 5545 2407 5546 987 5546 986 5546 2407 5547 986 5547 985 5547 2408 5548 2409 5548 2410 5548 2410 5549 2409 5549 2398 5549 2410 5550 2398 5550 2411 5550 2411 5551 2398 5551 2397 5551 2411 5552 2397 5552 2412 5552 2408 5553 2413 5553 2409 5553 2409 5554 2413 5554 2414 5554 2409 5555 2414 5555 2415 5555 2416 5556 2399 5556 2417 5556 2417 5557 2399 5557 2401 5557 2417 5558 2401 5558 2418 5558 2418 5559 2401 5559 2419 5559 2396 5560 2398 5560 2420 5560 2420 5561 2398 5561 2409 5561 2420 5562 2409 5562 2395 5562 2395 5563 2409 5563 2415 5563 2395 5564 2415 5564 2393 5564 2421 5565 2416 5565 2422 5565 2422 5566 2416 5566 2417 5566 2422 5567 2417 5567 2423 5567 2423 5568 2417 5568 2418 5568 2423 5569 2418 5569 2424 5569 2424 5570 2418 5570 2425 5570 975 5571 2424 5571 976 5571 976 5572 2424 5572 2425 5572 976 5573 2425 5573 2402 5573 2402 5574 2425 5574 2418 5574 2402 5575 2418 5575 2403 5575 2403 5576 2418 5576 2419 5576 2403 5577 2419 5577 2404 5577 2404 5578 2419 5578 2405 5578 2404 5579 2405 5579 980 5579 980 5580 2405 5580 981 5580 2400 5581 2412 5581 2401 5581 2401 5582 2412 5582 2397 5582 2401 5583 2397 5583 2419 5583 2419 5584 2397 5584 2396 5584 2419 5585 2396 5585 2405 5585 2405 5586 2396 5586 2420 5586 2405 5587 2420 5587 2406 5587 2406 5588 2420 5588 2395 5588 2406 5589 2395 5589 2407 5589 2407 5590 2395 5590 2394 5590 2407 5591 2394 5591 988 5591 2426 5592 2427 5592 2428 5592 2429 5593 2430 5593 2427 5593 964 5594 963 5594 2431 5594 972 5595 2432 5595 973 5595 2433 5596 968 5596 2434 5596 2434 5597 968 5597 989 5597 2434 5598 989 5598 2435 5598 2435 5599 989 5599 988 5599 2435 5600 988 5600 2394 5600 2436 5601 2393 5601 2415 5601 2429 5602 2427 5602 2437 5602 2437 5603 2427 5603 2426 5603 2437 5604 2426 5604 2438 5604 2433 5605 2434 5605 2439 5605 2439 5606 2434 5606 2435 5606 2439 5607 2435 5607 2436 5607 2436 5608 2435 5608 2394 5608 2436 5609 2394 5609 2393 5609 2440 5610 2433 5610 2441 5610 2441 5611 2433 5611 2439 5611 2441 5612 2439 5612 2442 5612 2442 5613 2439 5613 2436 5613 2442 5614 2436 5614 2443 5614 2443 5615 2436 5615 2415 5615 2443 5616 2415 5616 2414 5616 2444 5617 2445 5617 2446 5617 2446 5618 2445 5618 2438 5618 2446 5619 2438 5619 2447 5619 2447 5620 2438 5620 2426 5620 2447 5621 2426 5621 2448 5621 2448 5622 2426 5622 2428 5622 2448 5623 2428 5623 2449 5623 963 5624 973 5624 2431 5624 2431 5625 973 5625 2432 5625 2431 5626 2432 5626 2450 5626 2450 5627 2432 5627 972 5627 2450 5628 972 5628 2440 5628 2440 5629 972 5629 971 5629 2440 5630 971 5630 2433 5630 2433 5631 971 5631 969 5631 2433 5632 969 5632 968 5632 966 5633 964 5633 2449 5633 2449 5634 964 5634 2431 5634 2449 5635 2431 5635 2448 5635 2448 5636 2431 5636 2450 5636 2448 5637 2450 5637 2447 5637 2447 5638 2450 5638 2440 5638 2447 5639 2440 5639 2446 5639 2446 5640 2440 5640 2441 5640 2446 5641 2441 5641 2444 5641 2444 5642 2441 5642 2442 5642 960 5643 967 5643 2451 5643 967 5644 966 5644 2451 5644 2451 5645 966 5645 2449 5645 2451 5646 2449 5646 2452 5646 2452 5647 2449 5647 2428 5647 2452 5648 2428 5648 2453 5648 2453 5649 2428 5649 2427 5649 2453 5650 2427 5650 2454 5650 2454 5651 2427 5651 2430 5651 961 5652 960 5652 2455 5652 2455 5653 960 5653 2451 5653 2455 5654 2451 5654 2456 5654 2456 5655 2451 5655 2452 5655 2456 5656 2452 5656 2457 5656 2457 5657 2452 5657 2453 5657 2457 5658 2453 5658 2458 5658 2458 5659 2453 5659 2454 5659 2457 5660 2458 5660 2459 5660 961 5661 2455 5661 2460 5661 961 5662 2460 5662 962 5662 962 5663 2460 5663 2461 5663 962 5664 2461 5664 949 5664 949 5665 2461 5665 951 5665 951 5666 2461 5666 2462 5666 951 5667 2462 5667 952 5667 952 5668 2462 5668 2463 5668 952 5669 2463 5669 953 5669 958 5670 956 5670 2464 5670 2464 5671 956 5671 955 5671 2464 5672 955 5672 2463 5672 2463 5673 955 5673 954 5673 2463 5674 954 5674 953 5674 2464 5675 2465 5675 958 5675 958 5676 2465 5676 2466 5676 958 5677 2466 5677 959 5677 2457 5678 2459 5678 2467 5678 2467 5679 2459 5679 2468 5679 2467 5680 2468 5680 2469 5680 2469 5681 2468 5681 2470 5681 2469 5682 2470 5682 2471 5682 2471 5683 2470 5683 2472 5683 2471 5684 2472 5684 2473 5684 2473 5685 2472 5685 2474 5685 2473 5686 2474 5686 2475 5686 2474 5687 2476 5687 2475 5687 2475 5688 2476 5688 2477 5688 2475 5689 2477 5689 2478 5689 2478 5690 2477 5690 2479 5690 2478 5691 2479 5691 2480 5691 2480 5692 2479 5692 2481 5692 2482 5693 2483 5693 2484 5693 2484 5694 2483 5694 2480 5694 2484 5695 2480 5695 2485 5695 2485 5696 2480 5696 2481 5696 2485 5697 2481 5697 2486 5697 937 5698 959 5698 2487 5698 2487 5699 959 5699 2466 5699 2487 5700 2466 5700 2488 5700 2488 5701 2466 5701 2465 5701 2488 5702 2465 5702 2489 5702 2489 5703 2465 5703 2464 5703 2489 5704 2464 5704 2490 5704 2490 5705 2464 5705 2463 5705 2490 5706 2463 5706 2491 5706 2491 5707 2463 5707 2462 5707 2491 5708 2462 5708 2492 5708 2492 5709 2462 5709 2461 5709 2492 5710 2461 5710 2493 5710 2493 5711 2461 5711 2460 5711 2493 5712 2460 5712 2494 5712 2494 5713 2460 5713 2455 5713 2494 5714 2455 5714 2456 5714 938 5715 937 5715 2482 5715 2482 5716 937 5716 2487 5716 2482 5717 2487 5717 2483 5717 2483 5718 2487 5718 2488 5718 2483 5719 2488 5719 2480 5719 2480 5720 2488 5720 2489 5720 2480 5721 2489 5721 2478 5721 2478 5722 2489 5722 2490 5722 2478 5723 2490 5723 2475 5723 2475 5724 2490 5724 2491 5724 2475 5725 2491 5725 2473 5725 2473 5726 2491 5726 2492 5726 2473 5727 2492 5727 2471 5727 2471 5728 2492 5728 2493 5728 2471 5729 2493 5729 2469 5729 2469 5730 2493 5730 2494 5730 2469 5731 2494 5731 2467 5731 2467 5732 2494 5732 2456 5732 2467 5733 2456 5733 2457 5733 1793 5734 392 5734 1936 5734 1936 5735 392 5735 609 5735 1793 5736 1936 5736 1811 5736 1811 5737 1936 5737 1949 5737 1811 5738 1949 5739 1801 5740 1801 5741 1949 5741 1948 5741 1801 5742 1948 5742 1802 5742 1802 5743 1948 5744 1828 5745 1802 5746 1828 5746 1804 5746 2495 5747 2496 5747 1138 5747 1138 5748 2496 5748 1139 5748 1142 5749 1139 5749 2497 5749 2497 5750 1139 5750 2496 5750 2497 5751 2496 5751 2498 5751 2498 5752 2496 5752 2495 5752 2498 5753 2495 5753 2499 5753 2500 5754 2501 5754 2502 5754 2503 5755 2504 5755 2505 5755 2506 5756 2507 5756 2504 5756 2508 5757 2509 5757 2507 5757 2510 5758 2511 5758 2509 5758 2512 5759 2513 5759 2514 5759 2515 5760 2516 5760 2501 5760 1173 5761 1174 5761 2517 5761 1179 5762 1171 5762 2518 5762 2519 5763 2520 5763 2521 5763 2522 5764 2523 5764 2524 5764 2524 5765 2523 5765 2525 5765 2525 5766 2523 5766 2526 5766 2525 5767 2526 5767 2527 5767 2527 5768 2526 5768 2528 5768 2527 5769 2528 5770 2529 5771 2529 5772 2530 5772 2527 5772 2527 5773 2530 5773 2531 5773 2527 5774 2531 5774 2532 5774 2521 5775 2520 5775 2533 5775 2533 5776 2520 5776 2534 5776 2533 5777 2534 5777 2524 5777 2524 5778 2534 5778 2535 5778 2524 5779 2535 5779 2522 5779 2519 5780 2521 5780 2536 5780 2536 5781 2521 5781 2537 5781 2536 5782 2537 5782 2538 5782 2538 5783 2537 5783 2539 5783 2538 5784 2539 5784 2540 5784 2541 5785 2542 5785 2543 5785 2540 5786 2539 5786 2543 5786 2543 5787 2539 5787 2544 5787 2543 5788 2544 5788 2541 5788 2545 5789 2546 5789 2547 5789 2542 5790 2541 5790 2547 5790 2547 5791 2541 5791 2548 5791 2547 5792 2548 5792 2545 5792 2549 5793 2550 5793 2548 5793 2548 5794 2550 5794 2551 5794 2548 5795 2551 5795 2545 5795 2548 5796 2552 5796 2549 5796 2549 5797 2552 5797 2553 5797 2549 5798 2553 5798 2554 5798 2553 5799 2555 5799 2554 5799 2554 5800 2555 5800 2556 5800 2554 5801 2556 5801 2557 5801 2556 5802 2558 5802 2557 5802 2557 5803 2558 5803 2559 5803 2557 5804 2559 5804 2560 5804 2560 5805 2559 5805 2561 5805 2562 5806 2563 5806 2561 5806 2561 5807 2563 5807 2564 5807 2561 5808 2564 5808 2560 5808 2565 5809 2566 5809 2567 5809 2567 5810 2566 5810 2568 5810 2567 5811 2568 5811 2562 5811 2562 5812 2568 5812 2569 5812 2562 5813 2569 5813 2563 5813 2570 5814 2571 5814 2572 5814 2572 5815 2571 5815 2573 5815 2572 5816 2573 5816 2565 5816 2565 5817 2573 5817 2574 5817 2565 5818 2574 5818 2566 5818 2575 5819 2497 5819 2576 5819 2576 5820 2497 5820 2577 5820 2577 5821 2578 5821 2576 5821 2576 5822 2578 5822 2579 5822 2576 5823 2579 5823 2580 5823 2580 5824 2581 5824 2576 5824 2576 5825 2581 5825 2582 5825 2576 5826 2582 5826 2583 5826 2583 5827 2582 5827 2584 5827 2583 5828 2584 5828 2572 5828 2572 5829 2584 5830 2585 5831 2572 5832 2585 5832 2570 5832 1142 5833 2497 5833 1143 5833 1143 5834 2497 5834 2575 5834 1143 5835 2575 5835 1144 5835 1144 5836 2575 5836 2586 5836 1144 5837 2586 5837 1170 5837 1170 5838 2586 5838 2587 5838 1170 5839 2587 5839 1166 5839 1166 5840 2587 5840 1167 5840 1167 5841 2587 5841 2588 5841 1167 5842 2588 5842 1168 5842 1165 5843 1169 5843 2589 5843 1172 5844 1161 5844 2590 5844 1161 5845 1162 5845 2590 5845 2590 5846 1162 5846 1163 5846 2590 5847 1163 5847 2589 5847 2589 5848 1163 5848 1164 5848 2589 5849 1164 5849 1165 5849 1179 5850 2518 5850 1180 5850 2591 5851 1182 5851 2592 5851 2592 5852 1182 5852 1181 5852 2592 5853 1181 5853 1180 5853 2517 5854 1174 5854 2591 5854 2591 5855 1174 5855 1178 5855 2591 5856 1178 5856 1177 5856 1177 5857 1176 5857 2591 5857 2591 5858 1176 5858 1175 5858 2591 5859 1175 5859 1182 5859 1173 5860 2517 5860 1183 5860 1183 5861 2517 5861 2593 5861 1183 5862 2593 5862 2594 5862 1184 5863 1183 5863 2595 5863 2595 5864 1183 5864 2594 5864 2595 5865 2594 5865 2596 5865 2596 5866 2594 5866 2597 5866 2598 5867 2599 5867 2600 5867 2600 5868 2599 5868 2601 5868 2602 5869 2603 5869 2604 5869 2604 5870 2603 5870 2605 5870 2604 5871 2605 5871 2606 5871 2514 5872 2513 5872 2607 5872 2607 5873 2513 5873 2608 5873 2607 5874 2608 5874 2609 5874 2609 5875 2608 5875 2610 5875 2609 5876 2610 5876 2611 5876 2611 5877 2612 5877 2609 5877 2609 5878 2612 5879 2613 5880 2609 5881 2613 5881 2614 5881 2614 5882 2615 5882 2609 5882 2609 5883 2615 5883 2616 5883 2609 5884 2616 5884 2617 5884 2617 5885 2616 5885 2618 5885 2617 5886 2618 5886 2602 5886 2602 5887 2618 5887 2619 5887 2602 5888 2619 5888 2603 5888 2512 5889 2514 5889 2620 5889 2620 5890 2514 5890 2621 5890 2620 5891 2621 5891 2622 5891 2622 5892 2621 5892 2623 5892 2622 5893 2623 5893 2532 5893 2532 5894 2623 5894 2624 5894 2532 5895 2624 5895 2527 5895 2511 5896 2502 5896 2625 5896 2625 5897 2502 5897 2501 5897 2625 5898 2501 5898 2626 5898 2626 5899 2501 5899 2516 5899 2626 5900 2516 5900 2599 5900 2599 5901 2516 5901 2627 5901 2599 5902 2627 5902 2601 5902 1180 5903 2518 5903 2592 5903 2592 5904 2518 5904 2628 5904 2592 5905 2628 5905 2629 5905 2629 5906 2628 5906 2630 5906 2629 5907 2630 5907 2631 5907 2631 5908 2630 5908 2632 5908 2631 5909 2632 5909 2633 5909 2633 5910 2632 5910 2634 5910 2633 5911 2634 5911 2635 5911 2635 5912 2634 5912 2636 5912 2635 5913 2636 5913 2637 5913 2637 5914 2636 5914 2638 5914 2637 5915 2638 5915 2639 5915 2639 5916 2638 5916 2640 5916 2639 5917 2640 5917 2641 5917 2641 5918 2640 5918 2642 5918 2641 5919 2642 5919 2643 5919 2643 5920 2642 5920 2644 5920 2643 5921 2644 5921 2645 5921 2645 5922 2644 5922 2646 5922 2645 5923 2646 5923 2647 5923 2647 5924 2646 5924 2648 5924 2647 5925 2648 5925 2505 5925 2649 5926 2648 5926 2650 5926 2650 5927 2648 5927 2646 5927 2650 5928 2646 5928 2651 5928 2651 5929 2646 5929 2644 5929 2651 5930 2644 5930 2652 5930 2652 5931 2644 5931 2642 5931 2652 5932 2642 5932 2653 5932 2653 5933 2642 5933 2640 5933 2653 5934 2640 5934 2654 5934 2654 5935 2640 5935 2638 5935 2654 5936 2638 5936 2655 5936 2655 5937 2638 5937 2636 5937 2655 5938 2636 5938 2656 5938 2656 5939 2636 5939 2634 5939 2656 5940 2634 5940 2657 5940 2657 5941 2634 5941 2632 5941 2657 5942 2632 5942 2658 5942 2658 5943 2632 5943 2630 5943 2658 5944 2630 5944 2659 5944 2659 5945 2630 5945 2628 5945 2659 5946 2628 5946 2660 5946 2660 5947 2628 5947 2518 5947 2660 5948 2518 5948 2590 5948 2590 5949 2518 5949 1171 5949 2590 5950 1171 5950 1172 5950 2500 5951 2661 5951 2662 5951 2515 5952 2501 5952 2606 5952 2606 5953 2501 5953 2500 5953 2606 5954 2500 5954 2604 5954 2604 5955 2500 5955 2662 5955 2604 5956 2662 5956 2602 5956 2663 5957 2664 5957 2665 5957 2511 5958 2510 5958 2502 5958 2502 5959 2510 5959 2663 5959 2502 5960 2663 5960 2500 5960 2500 5961 2663 5961 2665 5961 2500 5962 2665 5962 2661 5962 2666 5963 2667 5963 2668 5963 2509 5964 2508 5964 2510 5964 2510 5965 2508 5965 2666 5965 2510 5966 2666 5966 2663 5966 2663 5967 2666 5967 2668 5967 2663 5968 2668 5968 2664 5968 2669 5969 2670 5969 2671 5969 2507 5970 2506 5970 2508 5970 2508 5971 2506 5971 2669 5971 2508 5972 2669 5972 2666 5972 2666 5973 2669 5973 2671 5973 2666 5974 2671 5974 2667 5974 2672 5975 2673 5975 2674 5975 2504 5976 2503 5976 2506 5976 2506 5977 2503 5977 2672 5977 2506 5978 2672 5978 2669 5978 2669 5979 2672 5979 2674 5979 2669 5980 2674 5980 2670 5980 2505 5981 2648 5981 2503 5981 2503 5982 2648 5982 2649 5982 2503 5983 2649 5983 2672 5983 2672 5984 2649 5984 2675 5984 2672 5985 2675 5985 2673 5985 1169 5986 1168 5986 2589 5986 2589 5987 1168 5987 2588 5987 2589 5988 2588 5988 2590 5988 2590 5989 2588 5989 2676 5989 2590 5990 2676 5990 2660 5990 2660 5991 2676 5991 2677 5991 2660 5992 2677 5992 2659 5992 2659 5993 2677 5993 2678 5993 2659 5994 2678 5994 2658 5994 2658 5995 2678 5995 2679 5995 2658 5996 2679 5996 2657 5996 2657 5997 2679 5997 2680 5997 2657 5998 2680 5998 2656 5998 2656 5999 2680 5999 2681 5999 2656 6000 2681 6000 2655 6000 2655 6001 2681 6001 2682 6001 2655 6002 2682 6002 2654 6002 2654 6003 2682 6003 2683 6003 2654 6004 2683 6004 2653 6004 2653 6005 2683 6005 2684 6005 2653 6006 2684 6006 2652 6006 2652 6007 2684 6007 2685 6007 2652 6008 2685 6008 2651 6008 2651 6009 2685 6009 2686 6009 2651 6010 2686 6010 2650 6010 2650 6011 2686 6011 2687 6011 2650 6012 2687 6012 2649 6012 2649 6013 2687 6013 2688 6013 2649 6014 2688 6014 2675 6014 2334 6015 1151 6015 1150 6015 1151 6016 2334 6016 1140 6016 1140 6017 2334 6017 2689 6017 1140 6018 2689 6018 1141 6018 1141 6019 2689 6019 2690 6019 1141 6020 2690 6020 1145 6020 1145 6021 2690 6021 2691 6021 1145 6022 2691 6023 1146 6024 2692 6025 2693 6025 2694 6025 2694 6026 2693 6026 2695 6026 2694 6027 2695 6027 2691 6027 2691 6028 2695 6028 1147 6028 2691 6029 1147 6030 1146 6031 2495 6032 1138 6032 1154 6032 1158 6033 1147 6033 2696 6033 2696 6034 1147 6034 2695 6034 2696 6035 2695 6035 2693 6035 2499 6036 2495 6036 2697 6036 2697 6037 2495 6037 1154 6037 2697 6038 1154 6038 2698 6038 2698 6039 1154 6039 1153 6039 2698 6040 1153 6040 2699 6040 2699 6041 1153 6041 1152 6041 2699 6042 1152 6042 2700 6042 2700 6043 1152 6043 1160 6043 2700 6044 1160 6044 2696 6044 2696 6045 1160 6045 1159 6045 2696 6046 1159 6046 1158 6046 1185 6047 1184 6047 2701 6047 1185 6048 2701 6048 1190 6048 1190 6049 2701 6049 2702 6049 1190 6050 2702 6050 2703 6050 2704 6051 2705 6051 2706 6051 2706 6052 2705 6052 2707 6052 2596 6053 2597 6053 2707 6053 1184 6054 2595 6054 2701 6054 2701 6055 2595 6055 2596 6055 2701 6056 2596 6056 2702 6056 2702 6057 2596 6057 2707 6057 2702 6058 2707 6058 2703 6058 2703 6059 2707 6059 2705 6059 2708 6060 2709 6060 2710 6060 2710 6061 1201 6061 1200 6061 2709 6062 1186 6062 2710 6062 2710 6063 1186 6063 1202 6063 2710 6064 1202 6064 1201 6064 2711 6065 2712 6065 2708 6065 2711 6066 2708 6066 2713 6066 2713 6067 2708 6067 2710 6067 2713 6068 2710 6068 2714 6068 2714 6069 2710 6069 1200 6069 2714 6070 1200 6070 1192 6070 2715 6071 2716 6071 2714 6071 2714 6072 2716 6072 2717 6072 2714 6073 2717 6073 2713 6073 1191 6074 1190 6074 2718 6074 2718 6075 1190 6075 2703 6075 2718 6076 2703 6076 2705 6076 1192 6077 1191 6077 2714 6077 2714 6078 1191 6078 2718 6078 2714 6079 2718 6079 2715 6079 2715 6080 2718 6080 2705 6080 2715 6081 2705 6081 2704 6081 2709 6082 2719 6082 1186 6082 1186 6083 2719 6083 1187 6083 2720 6084 2721 6084 2722 6084 2712 6085 2720 6085 2708 6085 2708 6086 2720 6086 2722 6086 2708 6087 2722 6087 2709 6087 2709 6088 2722 6088 2723 6088 2709 6089 2723 6089 2719 6089 2724 6090 2013 6090 2012 6090 2722 6091 2721 6091 2724 6091 2724 6092 2721 6092 2725 6092 2724 6093 2725 6094 2726 6095 2726 6096 2727 6096 2724 6096 2724 6097 2727 6097 2728 6097 2724 6098 2728 6098 2729 6098 1193 6099 1189 6099 2730 6099 2730 6100 1189 6100 1188 6100 1188 6101 1187 6101 2730 6101 2730 6102 1187 6102 2719 6102 2730 6103 2719 6103 2731 6103 2731 6104 2719 6104 2723 6104 2729 6105 2732 6105 2724 6105 2724 6106 2732 6106 2733 6106 2724 6107 2733 6107 2013 6107 2013 6108 2733 6108 2734 6108 2013 6109 2734 6109 2735 6109 2735 6110 2736 6110 2013 6110 2013 6111 2736 6111 2737 6111 2013 6112 2737 6112 1985 6112 1194 6113 1193 6113 1990 6113 1990 6114 1193 6114 2730 6114 1990 6115 2730 6115 2012 6115 2012 6116 2730 6116 2731 6116 2012 6117 2731 6117 2724 6117 2724 6118 2731 6118 2723 6118 2724 6119 2723 6119 2722 6119 2000 6120 1999 6120 2738 6120 2002 6121 2004 6121 2739 6121 2740 6122 2741 6122 2742 6122 2743 6123 2744 6123 2745 6123 2740 6124 2742 6124 2746 6124 1999 6125 2002 6125 2738 6125 2738 6126 2002 6126 2739 6126 2738 6127 2739 6127 2747 6127 2747 6128 2739 6128 2748 6128 2747 6129 2748 6129 2742 6129 2742 6130 2748 6130 2749 6130 2742 6131 2749 6131 2746 6131 2001 6132 2000 6132 2750 6132 2750 6133 2000 6133 2738 6133 2750 6134 2738 6134 2751 6134 2751 6135 2738 6135 2747 6135 2751 6136 2747 6136 2745 6136 2745 6137 2747 6137 2742 6137 2745 6138 2742 6138 2743 6138 2743 6139 2742 6139 2741 6139 1083 6140 2001 6140 2752 6140 2752 6141 2001 6141 2750 6141 2752 6142 2750 6142 2753 6142 2753 6143 2750 6143 2751 6143 2753 6144 2751 6144 2754 6144 2754 6145 2751 6145 2745 6145 2754 6146 2745 6146 2755 6146 2755 6147 2745 6147 2744 6147 2755 6148 2022 6148 2754 6148 2754 6149 2022 6149 2021 6149 2754 6150 2021 6150 2753 6150 2753 6151 2021 6151 2055 6151 2753 6152 2055 6152 2752 6152 2752 6153 2055 6153 2028 6153 2752 6154 2028 6154 1083 6154 2756 6155 2757 6155 1986 6155 2756 6156 1986 6156 2758 6156 1985 6157 2759 6157 1986 6157 1986 6158 2759 6158 2760 6158 1986 6159 2760 6159 2758 6159 2757 6160 2761 6160 2762 6160 2762 6161 2763 6161 2757 6161 2757 6162 2763 6162 1988 6162 2757 6163 1988 6163 1986 6163 1989 6164 1988 6164 2764 6164 1975 6165 2765 6165 1977 6165 1977 6166 2765 6166 2766 6166 1977 6167 2766 6167 1979 6167 1979 6168 2766 6168 2767 6168 1979 6169 2767 6169 1981 6169 1981 6170 2767 6170 2768 6170 2768 6171 2769 6171 1981 6171 1981 6172 2769 6172 2770 6172 1981 6173 2770 6173 1983 6173 1983 6174 2770 6174 2014 6174 2771 6175 2772 6175 2773 6175 2773 6176 2772 6176 2774 6176 2764 6177 2775 6177 1989 6177 1989 6178 2775 6178 2776 6178 1989 6179 2776 6179 1975 6179 1975 6180 2776 6180 2777 6180 1975 6181 2777 6181 2765 6181 2765 6182 2777 6182 2778 6182 2765 6183 2778 6183 2766 6183 2766 6184 2778 6184 2773 6184 2766 6185 2773 6185 2767 6185 2767 6186 2773 6186 2774 6186 2767 6187 2774 6187 2768 6187 2779 6188 2780 6188 1967 6188 1967 6189 1968 6189 2779 6189 2779 6190 1968 6190 1972 6190 2779 6191 1972 6191 2781 6191 2781 6192 1972 6192 1970 6192 2781 6193 1970 6193 2782 6193 2782 6194 1970 6194 1969 6194 2782 6195 1969 6195 2014 6195 2783 6196 2784 6196 1966 6196 1966 6197 2784 6198 2785 6199 1966 6200 2785 6201 1953 6200 1953 6202 2785 6203 2118 6204 1953 6205 2118 6205 1056 6205 2133 6206 2118 6206 2786 6206 2786 6207 2118 6207 2785 6207 2786 6208 2785 6208 2787 6208 2787 6209 2785 6209 2784 6209 2787 6210 2784 6210 2780 6210 2780 6211 2784 6211 2783 6211 2780 6212 2783 6212 1967 6212 1967 6213 2783 6213 1966 6213 2141 6214 2133 6214 2788 6214 2788 6215 2133 6215 2786 6215 2788 6216 2786 6216 2789 6216 2789 6217 2786 6217 2787 6217 2789 6218 2787 6218 2790 6218 2790 6219 2787 6219 2780 6219 2790 6220 2780 6220 2791 6220 2791 6221 2780 6221 2779 6221 2791 6222 2779 6222 2792 6222 2792 6223 2779 6223 2781 6223 2792 6224 2781 6224 2793 6224 2793 6225 2781 6225 2782 6225 2793 6226 2782 6226 2794 6226 2794 6227 2782 6227 2014 6227 2149 6228 2141 6228 2795 6228 2795 6229 2141 6229 2788 6229 2795 6230 2788 6230 2796 6230 2796 6231 2788 6231 2789 6231 2796 6232 2789 6232 2797 6232 2797 6233 2789 6233 2790 6233 2797 6234 2790 6234 2798 6234 2798 6235 2790 6235 2791 6235 2798 6236 2791 6236 2799 6236 2799 6237 2791 6237 2792 6237 2799 6238 2792 6238 2800 6238 2800 6239 2792 6239 2793 6239 2800 6240 2793 6240 2801 6240 2801 6241 2793 6241 2794 6241 1954 6242 2802 6243 1955 6244 2803 6245 2804 6246 2802 6245 2802 6247 2804 6247 2805 6247 2802 6248 2805 6249 1955 6250 2803 6251 2806 6251 2804 6251 2804 6252 2806 6252 2807 6252 2804 6253 2807 6254 2808 6255 1965 6256 935 6256 2809 6256 2809 6257 935 6257 2101 6257 2809 6258 2101 6258 2810 6258 2810 6259 2101 6259 2116 6259 2810 6260 2116 6260 2811 6260 2811 6261 2116 6261 2109 6261 2811 6262 2109 6262 2812 6262 2812 6263 2109 6263 2108 6263 1954 6264 1965 6264 2802 6264 2802 6265 1965 6265 2809 6265 2802 6266 2809 6266 2803 6266 2803 6267 2809 6267 2810 6267 2803 6268 2810 6268 2806 6268 2806 6269 2810 6269 2811 6269 2806 6270 2811 6270 2807 6270 2807 6271 2811 6271 2812 6271 2813 6272 2808 6272 2814 6272 2808 6273 2813 6273 2804 6273 1962 6274 1963 6275 2815 6276 1962 6277 2815 6277 1960 6277 1960 6278 2815 6278 2816 6278 1960 6279 2816 6279 1959 6279 2816 6280 2817 6280 1959 6280 1959 6281 2817 6281 2739 6281 1959 6282 2739 6282 2004 6282 2746 6283 2749 6283 2818 6283 2818 6284 2749 6284 2819 6284 2805 6285 2804 6285 2820 6285 2820 6286 2804 6286 2813 6286 2820 6287 2813 6287 2821 6287 2821 6288 2813 6288 2814 6288 2821 6289 2814 6289 2822 6289 2822 6290 2814 6290 2823 6290 2822 6291 2823 6291 2824 6291 2824 6292 2823 6292 2819 6292 2819 6293 2823 6293 2825 6293 2819 6294 2825 6294 2818 6294 2749 6295 2748 6295 2819 6295 2819 6296 2748 6296 2826 6296 2819 6297 2826 6297 2824 6297 2824 6298 2826 6298 2827 6298 2824 6299 2827 6299 2822 6299 2822 6300 2827 6300 2828 6300 2822 6301 2828 6301 2821 6301 2821 6302 2828 6302 2829 6302 2821 6303 2829 6303 2820 6303 2820 6304 2829 6304 2830 6304 2820 6305 2830 6305 2805 6305 2748 6306 2739 6306 2826 6306 2826 6307 2739 6307 2817 6307 2826 6308 2817 6308 2827 6308 2827 6309 2817 6309 2816 6309 2827 6310 2816 6310 2828 6310 2828 6311 2816 6311 2815 6311 2828 6312 2815 6312 2829 6312 2829 6313 2815 6313 1963 6313 2829 6314 1963 6314 2830 6314 2830 6315 1963 6316 1955 6317 2830 6318 1955 6318 2805 6318 2044 6319 2045 6319 2831 6319 2831 6320 2045 6320 2832 6320 2833 6321 2034 6321 2023 6321 2744 6322 2834 6322 2755 6322 2755 6323 2834 6323 2833 6323 2755 6324 2833 6324 2022 6324 2022 6325 2833 6325 2023 6325 2034 6326 2833 6326 2036 6326 2036 6327 2833 6327 2835 6327 2036 6328 2835 6328 2037 6328 2836 6329 2040 6329 2835 6329 2835 6330 2040 6330 2039 6330 2835 6331 2039 6331 2037 6331 2045 6332 2046 6332 2832 6332 2832 6333 2046 6333 2047 6333 2832 6334 2047 6334 2836 6334 2836 6335 2047 6335 2041 6335 2836 6336 2041 6336 2040 6336 2044 6337 2831 6337 2058 6337 2058 6338 2831 6338 2837 6338 2058 6339 2837 6339 2063 6339 2838 2466 2836 2466 2835 2466 2839 6340 2840 6340 2841 6340 2841 6341 2842 6341 2839 6341 2839 2466 2842 2466 2843 2466 2839 2466 2843 2466 2844 2466 2106 2466 2093 2466 2845 2466 2845 6342 2093 6342 2846 6342 2847 2466 2104 2466 2845 2466 2845 6343 2104 6343 2105 6343 2845 2466 2105 2466 2106 2466 2812 6344 2108 6344 2848 6344 2848 2466 2108 2466 2107 2466 2848 6345 2107 6345 2847 6345 2847 2466 2107 2466 2102 2466 2847 2466 2102 2466 2104 2466 2849 2466 2808 2466 2848 2466 2848 6346 2808 6346 2807 6346 2848 6347 2807 6347 2812 6347 2838 6348 2835 6348 2850 6348 2850 2466 2835 2466 2833 2466 2850 2466 2833 2466 2851 2466 2851 6349 2833 6349 2834 6349 2851 2466 2834 2466 2852 2466 2852 2466 2834 2466 2853 2466 2852 2466 2853 2466 2854 2466 2854 6350 2853 6350 2746 6350 2854 2466 2746 2466 2844 2466 2844 2466 2746 2466 2855 2466 2844 2466 2855 2466 2839 2466 2836 6351 2838 6351 2832 6351 2832 6352 2838 6352 2856 6352 2832 2466 2856 2466 2831 2466 2831 2466 2856 2466 2857 2466 2831 2466 2857 2466 2837 2466 2837 6353 2857 6353 2840 6353 2837 2466 2840 2466 2063 2466 2063 6354 2840 6354 2839 6354 2063 6355 2839 6355 2858 6355 2093 2466 2092 2466 2846 2466 2846 2466 2092 2466 2110 2466 2846 2466 2110 2466 2859 2466 2746 6356 2818 6356 2855 6356 2855 6357 2818 6357 2825 6357 2855 2466 2825 2466 2860 2466 2860 6358 2825 6358 2823 6358 2860 2466 2823 2466 2849 2466 2849 2466 2823 2466 2814 2466 2849 6359 2814 6359 2808 6359 2110 2466 2075 2466 2859 2466 2859 6360 2075 6360 2076 6360 2859 2466 2076 2466 2861 2466 2861 6361 2076 6361 2077 6361 2861 2466 2077 2466 2862 2466 2862 6362 2077 6362 2088 6362 2862 2466 2088 2466 2858 2466 2858 6363 2088 6363 2073 6363 2858 6364 2073 6364 2071 6364 2071 2466 2070 2466 2858 2466 2858 6365 2070 6365 2083 6365 2858 6366 2083 6366 2063 6366 2863 6367 2142 6367 2143 6367 2147 6368 2148 6368 2864 6368 2795 6369 2796 6369 2865 6369 2865 6370 2796 6370 2866 6370 2864 6371 2148 6371 2865 6371 2865 6372 2148 6372 2149 6372 2865 6373 2149 6373 2795 6373 2147 6374 2864 6374 2146 6374 2146 6375 2864 6375 2867 6375 2146 6376 2867 6376 2145 6376 2863 6377 2143 6377 2867 6377 2867 6378 2143 6378 2144 6378 2867 6379 2144 6379 2145 6379 2868 6380 2800 6380 2869 6380 2869 6381 2800 6381 2801 6381 2869 6382 2801 6382 2870 6382 2870 6383 2801 6383 2871 6383 2870 6384 2871 6384 2872 6384 2796 6385 2797 6385 2866 6385 2866 6386 2797 6386 2798 6386 2866 6387 2798 6387 2868 6387 2868 6388 2798 6388 2799 6388 2868 6389 2799 6389 2800 6389 2873 6390 2874 6390 2875 6390 2876 6391 2877 6391 2878 6391 2879 6392 2162 6392 2880 6392 2881 6393 2882 6393 2883 6393 2883 6394 2879 6394 2881 6394 2881 6395 2879 6395 2880 6395 2881 6396 2880 6396 2884 6396 2884 6397 2880 6397 2885 6397 2884 6398 2885 6398 2886 6398 2886 6399 2885 6399 2887 6399 2886 6400 2887 6400 2888 6400 2888 6401 2887 6401 2889 6401 2888 6402 2889 6402 2890 6402 2890 6403 2889 6403 2891 6403 2891 6404 2889 6404 2892 6404 2891 6405 2892 6405 2893 6405 2893 6406 2892 6406 2894 6406 2894 6407 2892 6407 2875 6407 2894 6408 2875 6408 2878 6408 2875 6409 2874 6409 2878 6409 2878 6410 2874 6410 2895 6410 2878 6411 2895 6411 2876 6411 2870 6412 2872 6412 2896 6412 2896 6413 2872 6413 2897 6413 2896 6414 2897 6414 2898 6414 2870 6415 2896 6415 2869 6415 2869 6416 2896 6416 2899 6416 2869 6417 2899 6417 2868 6417 2162 6418 2161 6418 2900 6418 2900 6419 2161 6419 2160 6419 2900 6420 2160 6420 2154 6420 2868 6421 2899 6421 2866 6421 2866 6422 2899 6422 2901 6422 2866 6423 2901 6423 2865 6423 2865 6424 2901 6424 2902 6424 2865 6425 2902 6425 2864 6425 2864 6426 2902 6426 2903 6426 2864 6427 2903 6427 2867 6427 2867 6428 2903 6428 2900 6428 2867 6429 2900 6429 2863 6429 2863 6430 2900 6430 2154 6430 2863 6431 2154 6431 2142 6431 2162 6432 2900 6432 2880 6432 2880 6433 2900 6433 2903 6433 2880 6434 2903 6434 2885 6434 2885 6435 2903 6435 2902 6435 2885 6436 2902 6436 2887 6436 2887 6437 2902 6437 2901 6437 2887 6438 2901 6438 2889 6438 2889 6439 2901 6439 2899 6439 2889 6440 2899 6440 2892 6440 2892 6441 2899 6441 2896 6441 2892 6442 2896 6442 2875 6442 2875 6443 2896 6443 2898 6443 2875 6444 2898 6444 2873 6444 2904 6445 2153 6445 2165 6445 1049 6446 2153 6446 2171 6446 2171 6447 2153 6448 2904 6447 2171 6449 2904 6449 2173 6449 2176 6450 2177 6450 2905 6450 2905 6451 2177 6451 2173 6451 2906 6452 2883 6452 2882 6452 2176 6453 2905 6453 2169 6453 2169 6454 2905 6454 2906 6454 2169 6455 2906 6455 2166 6455 2166 6456 2906 6456 2882 6456 2166 6457 2882 6457 2167 6457 2163 6458 2162 6458 2907 6458 2907 6459 2162 6459 2879 6459 2173 6460 2908 6460 2905 6460 2905 6461 2908 6461 2907 6461 2905 6462 2907 6462 2906 6462 2906 6463 2907 6463 2879 6463 2906 6464 2879 6464 2883 6464 2173 6465 2904 6465 2908 6465 2908 6466 2904 6466 2165 6466 2908 6467 2165 6467 2907 6467 2907 6468 2165 6468 2164 6468 2907 6469 2164 6469 2163 6469 2909 6470 2204 6471 2191 6472 2191 6473 2910 6473 2909 6473 2909 6474 2910 6474 2911 6474 2909 6475 2911 6475 2912 6475 2912 6476 2913 6476 2909 6476 2909 6477 2913 6477 2168 6477 2909 6478 2168 6478 2167 6478 2914 6479 2915 6479 2916 6479 2916 6480 2915 6480 2917 6480 2916 6481 2917 6481 2918 6481 2919 6482 2920 6482 2921 6482 2921 6483 2920 6483 2922 6483 2921 6484 2922 6484 2923 6484 2923 6485 2922 6485 2924 6485 2923 6486 2924 6486 2916 6486 2916 6486 2924 6486 2925 6486 2916 6487 2925 6487 2914 6487 2926 6488 2894 6488 2878 6488 2926 6489 2878 6489 2921 6489 2921 6490 2878 6490 2877 6490 2921 6491 2877 6491 2919 6491 2894 6492 2926 6492 2893 6492 2893 6493 2926 6493 2927 6493 2893 6494 2927 6494 2891 6494 2928 6495 2886 6495 2929 6495 2929 6496 2886 6496 2888 6496 2929 6497 2888 6497 2927 6497 2927 6498 2888 6498 2890 6498 2927 6499 2890 6499 2891 6499 2167 6500 2882 6500 2909 6500 2909 6501 2882 6501 2881 6501 2909 6502 2881 6502 2928 6502 2928 6503 2881 6503 2884 6503 2928 6504 2884 6504 2886 6504 2168 2466 2913 2466 2174 2466 2191 6505 2190 6505 2930 6505 1044 6506 2931 6506 2189 6506 2931 6507 1044 6507 2185 6507 2932 6508 2187 6508 2933 6508 2933 6509 2187 6509 2182 6509 2933 6510 2182 6510 2181 6510 2185 6511 2187 6511 2931 6511 2931 6512 2187 6512 2932 6512 2931 6513 2932 6513 2189 6513 2189 6514 2932 6514 2193 6514 2191 6515 2930 6515 2910 6515 2910 6516 2930 6516 2934 6516 2910 6517 2934 6517 2911 6517 2911 6518 2934 6518 2935 6518 2911 6519 2935 6519 2912 6519 2913 6520 2912 6520 2174 6520 2174 6521 2912 6521 2935 6521 2174 6522 2935 6522 2181 6522 2181 6523 2935 6523 2934 6523 2181 6524 2934 6524 2933 6524 2933 6525 2934 6525 2930 6525 2933 6526 2930 6526 2932 6526 2932 6527 2930 6527 2190 6527 2932 6528 2190 6528 2193 6528 2928 6529 2936 6529 2909 6529 2909 2466 2936 2466 2937 2466 2938 6530 2939 6530 2940 6530 2940 6531 2939 6531 2918 6531 2918 2466 2939 2466 2916 2466 2916 2466 2939 2466 2941 2466 2916 2466 2941 2466 2923 2466 2923 6532 2941 6532 2942 6532 2923 2466 2942 2466 2921 2466 2943 2466 2937 2466 2944 2466 2944 2466 2937 2466 2945 2466 2944 6533 2945 6533 2946 6533 2204 6534 2909 6534 2205 6534 2205 6535 2909 6535 2937 6535 2205 6536 2937 6536 2947 6536 2947 6537 2937 6537 2943 6537 2942 6538 2948 6538 2921 6538 2921 2466 2948 2466 2949 2466 2921 2466 2949 2466 2926 2466 2926 6539 2949 6539 2950 6539 2926 2466 2950 2466 2927 2466 2927 6540 2950 6540 2951 6540 2927 6541 2951 6541 2929 6541 2929 6542 2951 6542 2952 6542 2929 2466 2952 2466 2928 2466 2928 2466 2952 2466 2953 2466 2928 2466 2953 2466 2936 2466 2205 6543 2947 6543 2207 6543 2207 6544 2947 6545 2943 6546 2207 6547 2943 6548 2208 6549 2202 6550 2954 6550 2195 6550 2955 6551 2956 6551 2954 6551 2946 6552 2957 6552 2958 6552 2203 6553 2208 6553 2944 6553 2944 6554 2946 6554 2203 6554 2203 6555 2946 6555 2958 6555 2203 6556 2958 6556 2202 6556 2202 6557 2958 6557 2959 6557 2202 6558 2959 6558 2954 6558 2954 6559 2959 6559 2960 6559 2954 6560 2960 6560 2955 6560 2961 6561 2962 6561 2963 6561 2963 6562 2962 6562 2218 6562 2963 6563 2218 6563 2964 6563 2965 6564 2966 6564 2967 6564 2963 6565 2968 6565 2961 6565 2961 6566 2968 6566 2969 6566 2961 6567 2969 6567 2970 6567 2970 6568 2969 6568 2971 6568 2970 6569 2971 6569 2972 6569 2972 6570 2971 6570 2973 6570 2972 6571 2973 6571 2974 6571 2974 6572 2973 6572 2975 6572 2974 6573 2975 6573 2966 6573 2966 6574 2975 6574 2976 6574 2966 6575 2976 6575 2967 6575 2977 6576 2978 6576 2979 6576 2977 6577 2979 6577 2980 6577 2967 6578 2981 6578 2965 6578 2965 6579 2981 6579 2982 6579 2965 6580 2982 6580 2292 6580 2292 6581 2982 6581 2983 6581 2292 6582 2983 6582 2291 6582 2983 6583 2980 6583 2291 6583 2291 6584 2980 6584 2979 6584 2291 6585 2979 6586 2290 6587 2290 6588 2979 6588 2978 6588 2290 6589 2978 6589 2285 6589 2285 6590 2978 6590 2984 6590 2285 6591 2984 6591 2286 6591 2218 6592 2196 6592 2964 6592 2964 6593 2196 6593 2195 6593 2964 6594 2195 6594 2985 6594 2985 6595 2195 6595 2954 6595 2985 6596 2954 6596 2986 6596 2986 6597 2954 6597 2956 6597 2986 6598 2956 6598 2987 6598 2988 6599 2989 6599 2990 6599 2965 6600 2991 6600 2992 6600 2993 6601 2294 6601 1009 6601 2965 6602 2992 6602 2966 6602 2966 6603 2992 6603 2994 6603 2966 6604 2994 6604 2974 6604 2974 6605 2994 6605 2995 6605 2974 6606 2995 6606 2972 6606 2972 6607 2995 6607 2996 6607 2972 6608 2996 6608 2970 6608 2970 6609 2996 6609 2997 6609 2970 6610 2997 6610 2961 6610 2961 6611 2997 6611 2998 6611 2961 6612 2998 6612 2962 6612 2990 6613 2209 6613 2211 6613 2989 6614 2224 6614 2990 6614 2990 6615 2224 6615 2223 6615 2990 6616 2223 6616 2209 6616 2209 6617 2223 6617 1026 6617 2999 6618 3000 6619 3001 6620 3001 6621 3000 6621 2988 6621 3001 6622 2988 6622 3002 6622 3002 6623 2988 6623 2990 6623 3002 6624 2990 6624 3003 6624 3003 6625 2990 6625 2211 6625 2999 6626 3001 6626 3004 6626 3004 6627 3001 6627 3005 6627 3004 6628 3005 6628 3006 6628 3006 6629 3005 6629 3007 6629 3006 6630 3007 6630 3008 6630 3009 6631 3010 6631 3008 6631 3008 6632 3007 6632 3009 6632 3009 6633 3007 6633 3011 6633 3009 6634 3011 6634 3012 6634 2991 6635 3013 6635 3014 6635 2991 6636 3014 6636 2992 6636 2992 6637 3014 6637 3015 6637 2992 6638 3015 6638 2994 6638 2994 6639 3015 6639 3016 6639 2994 6640 3016 6640 2995 6640 2995 6641 3016 6641 3017 6641 2995 6642 3017 6642 2996 6642 2996 6643 3017 6643 3018 6643 2996 6644 3018 6644 2997 6644 2997 6645 3018 6645 3019 6645 2997 6646 3019 6646 2998 6646 2218 6647 2962 6647 2219 6647 2219 6648 2962 6648 2998 6648 2219 6649 2998 6649 2220 6649 2220 6650 2998 6650 3019 6650 2220 6651 3019 6651 2212 6651 2212 6652 3019 6652 2211 6652 3012 6653 3020 6653 2272 6653 2272 6654 3020 6654 2993 6654 2272 6655 2993 6655 2271 6655 2271 6656 2993 6656 1009 6656 3021 6657 2296 6657 2295 6657 3012 6658 3011 6658 3020 6658 3020 6659 3011 6659 3021 6659 3020 6660 3021 6660 2993 6660 2993 6661 3021 6661 2295 6661 2993 6662 2295 6662 2294 6662 2965 6663 2292 6663 2991 6663 2991 6664 2292 6664 2274 6664 2991 6665 2274 6665 3013 6665 3013 6666 2274 6666 2273 6666 3013 6667 2273 6667 2298 6667 2211 6668 3019 6668 3003 6668 3003 6669 3019 6669 3018 6669 3003 6670 3018 6670 3002 6670 3002 6671 3018 6671 3017 6671 3002 6672 3017 6672 3001 6672 3001 6673 3017 6673 3016 6673 3001 6674 3016 6674 3005 6674 3005 6675 3016 6675 3015 6675 3005 6676 3015 6676 3007 6676 3007 6677 3015 6677 3014 6677 3007 6678 3014 6678 3011 6678 3011 6679 3014 6679 3013 6679 3011 6680 3013 6680 3021 6680 3021 6681 3013 6681 2298 6681 3021 6682 2298 6682 2296 6682 2224 6683 3022 6683 1020 6683 1020 6684 3022 6684 3023 6684 1020 6685 3023 6685 2234 6685 2234 6686 3023 6687 3024 6688 2234 6689 3024 6690 2233 6691 3025 6692 3026 6692 3027 6692 3028 6693 3029 6693 3030 6693 3031 6694 3032 6694 3033 6694 3032 6695 3031 6695 3034 6695 3034 6696 3031 6696 3026 6696 3034 6697 3026 6698 3035 6699 3036 6700 3037 6700 3038 6700 3038 6701 3037 6701 3039 6701 3038 6702 3039 6702 3040 6702 3040 6703 3039 6703 3041 6703 3040 6704 3041 6704 3042 6704 3028 6705 3030 6705 3033 6705 3033 6706 3030 6706 3043 6706 3033 6707 3043 6707 3031 6707 3031 6708 3043 6708 3044 6708 3031 6709 3044 6709 3026 6709 3026 6710 3044 6710 3045 6710 3026 6711 3045 6711 3027 6711 3027 6712 3045 6712 3046 6712 3027 6713 3046 6713 3047 6713 3047 6714 3046 6714 3048 6714 3047 6715 3048 6715 3049 6715 3025 6716 3027 6716 3050 6716 3050 6717 3027 6717 3047 6717 3050 6718 3047 6718 3051 6718 3051 6719 3047 6719 3049 6719 3051 6720 3049 6720 3052 6720 3035 6721 3026 6721 3053 6721 3053 6722 3026 6723 3025 6724 3053 6725 3025 6726 3054 6727 3054 6728 3025 6728 3050 6728 3054 6729 3050 6729 3042 6729 3042 6730 3050 6730 3051 6730 3042 6731 3051 6731 3040 6731 3040 6732 3051 6732 3052 6732 3040 6733 3052 6733 3038 6733 3055 6734 3036 6734 3056 6734 3056 6735 3036 6735 3038 6735 3056 6736 3038 6736 3057 6736 3057 6737 3038 6737 3052 6737 3057 6738 3052 6738 3058 6738 3058 6739 3052 6739 3049 6739 3058 6740 3049 6740 3059 6740 3059 6741 3049 6741 3048 6741 2233 6742 3055 6742 2225 6742 2225 6743 3055 6743 3056 6743 2225 6744 3056 6744 2231 6744 2231 6745 3056 6745 3057 6745 2231 6746 3057 6746 2228 6746 2228 6747 3057 6747 3058 6747 2228 6748 3058 6748 2229 6748 2229 6749 3058 6749 3059 6749 3060 2466 2257 2466 2230 2466 2229 6750 3061 6750 2230 6750 2230 6751 3061 6751 3062 6751 2230 6752 3062 6752 3063 6752 3063 2466 3064 2466 2230 2466 2230 2466 3064 2466 3065 2466 2230 6753 3065 6753 3060 6753 3066 6754 2251 6754 3067 6754 3067 6755 2251 6755 2252 6755 3067 6755 2252 6755 3068 6755 3068 6756 2252 6756 2249 6756 3068 6756 2249 6756 3069 6756 3069 6757 2249 6757 2248 6757 3069 6757 2248 6757 3070 6757 3070 6758 2248 6758 2246 6758 3070 6758 2246 6758 3071 6758 3071 6759 2246 6759 2245 6759 3071 6759 2245 6759 3072 6759 3072 6760 2245 6760 2244 6760 3072 6760 2244 6760 3073 6760 3073 6761 2244 6761 2243 6761 3073 6762 2243 6762 3074 6762 3074 6763 2243 6763 2242 6763 3074 6764 2242 6764 3075 6764 3075 6765 2242 6765 2241 6765 3075 6765 2241 6765 3076 6765 3076 6766 2241 6766 2240 6766 3076 6766 2240 6766 3077 6766 3077 6767 2240 6767 2239 6767 3077 6767 2239 6767 3078 6767 3078 6768 2239 6768 2238 6768 3078 6768 2238 6768 3079 6768 3079 6769 2238 6769 2237 6769 3079 6769 2237 6769 3080 6769 3080 6770 2237 6770 2236 6770 3080 6770 2236 6770 3081 6770 3081 6771 2236 6771 2250 6771 3081 6772 2250 6772 3066 6772 3066 6773 2250 6773 2251 6773 2264 6774 2256 6774 3082 6774 3082 6774 2256 6774 3083 6774 3084 6775 3085 6775 2258 6775 2258 6776 2262 6776 3084 6776 3084 6777 2262 6777 2261 6777 3084 6778 2261 6778 3086 6778 3086 6779 2261 6779 2263 6779 3086 6780 2263 6780 3087 6780 3087 6781 2263 6781 2264 6781 3087 6782 2264 6782 3082 6782 3088 2512 3089 2512 2259 2512 2259 6783 3089 6783 3090 6783 2259 6784 3090 6784 2269 6784 2259 2512 2258 2512 3085 2512 3085 6785 3091 6785 2259 6785 2259 2512 3091 2512 3092 2512 2259 6786 3092 6786 3088 6786 2255 6787 2257 6787 3060 6787 3060 6788 3093 6788 2255 6788 2255 6789 3093 6789 3094 6789 2255 6790 3094 6790 2253 6790 2253 6791 3094 6791 3095 6791 2253 6792 3095 6792 2254 6792 2254 6793 3095 6793 3083 6793 2254 6794 3083 6794 2256 6794 3096 6795 3097 6796 3098 6797 3098 6798 3097 6798 3099 6798 3098 6799 3099 6799 3100 6799 3101 6800 3102 6800 3103 6800 3103 6801 3102 6801 3104 6801 3105 6802 3106 6803 3107 6804 3107 6805 3106 6805 3108 6805 3107 6806 3108 6806 3109 6806 3110 6807 2266 6807 2265 6807 3099 6808 3111 6808 3100 6808 3100 6809 3111 6809 3110 6809 3100 6810 3110 6810 3112 6810 3112 6811 3110 6811 2265 6811 3112 6812 2265 6812 2270 6812 3104 6813 3096 6813 3103 6813 3103 6814 3096 6814 3098 6814 3103 6815 3098 6815 3113 6815 3113 6816 3098 6816 3100 6816 3113 6817 3100 6817 3114 6817 3114 6818 3100 6818 3112 6818 3114 6819 3112 6819 3115 6819 3115 6820 3112 6820 2270 6820 3115 6821 2270 6821 2268 6821 3108 6822 3101 6822 3109 6822 3109 6823 3101 6824 3103 6823 3109 6825 3103 6825 3116 6825 3116 6826 3103 6826 3113 6826 3116 6827 3113 6827 3117 6827 3117 6828 3113 6828 3114 6828 3117 6829 3114 6829 3118 6829 3118 6830 3114 6830 3115 6830 3118 6831 3115 6831 3119 6831 3119 6832 3115 6832 2268 6832 3119 6833 2268 6833 2269 6833 3120 6834 3105 6834 3121 6834 3121 6835 3105 6835 3107 6835 3121 6836 3107 6836 3122 6836 3122 6837 3107 6837 3109 6837 3122 6838 3109 6838 3123 6838 3123 6839 3109 6839 3116 6839 3123 6840 3116 6840 3124 6840 3124 6841 3116 6841 3117 6841 3124 6842 3117 6842 3125 6842 3125 6843 3117 6843 3118 6843 3125 6844 3118 6844 3126 6844 3126 6845 3118 6845 3119 6845 3126 6846 3119 6846 3127 6846 3127 6847 3119 6847 2269 6847 2267 6848 2266 6849 3128 6850 3128 6851 3129 6851 2267 6851 2267 6852 3129 6852 2272 6852 2267 6853 2272 6853 1016 6853 3130 6854 3131 6854 3132 6854 2306 6855 3133 6855 3134 6855 2301 6856 2300 6856 3135 6856 3136 6857 2307 6857 3137 6857 3136 6858 3137 6858 3138 6858 3138 6859 3137 6859 3139 6859 3138 6860 3139 6860 3140 6860 3140 6861 3139 6861 3141 6861 3140 6862 3141 6862 3142 6862 3142 6863 3141 6863 3143 6863 3142 6864 3143 6864 3144 6864 2286 6865 3145 6865 2287 6865 2287 6866 3145 6866 3146 6866 3146 6867 3147 6867 2287 6867 2287 6868 3147 6868 3148 6868 2287 6869 3148 6869 2299 6869 991 6870 2284 6870 2303 6870 2303 6871 2284 6871 2283 6871 2303 6872 2283 6872 2300 6872 2300 6873 2283 6873 3135 6873 3135 6874 2283 6874 2282 6874 3135 6875 2282 6875 3148 6875 3148 6876 2282 6876 2281 6876 3148 6877 2281 6877 2299 6877 2307 6878 2306 6878 3137 6878 3137 6879 2306 6879 3134 6879 3137 6880 3134 6880 3139 6880 3139 6881 3134 6881 3149 6881 3139 6882 3149 6882 3141 6882 3141 6883 3149 6883 3132 6883 3141 6884 3132 6884 3143 6884 3143 6885 3132 6885 3131 6885 2306 6886 2301 6886 3133 6886 3133 6887 2301 6887 3135 6887 3133 6888 3135 6888 3134 6888 3134 6889 3135 6889 3148 6889 3134 6890 3148 6890 3149 6890 3149 6891 3148 6891 3147 6891 3149 6892 3147 6892 3132 6892 3132 6893 3147 6893 3146 6893 3132 6894 3146 6894 3130 6894 3130 6895 3146 6895 3145 6895 2307 6896 3136 6896 2308 6896 2308 6897 3136 6897 3150 6897 2308 6898 3150 6898 2309 6898 2309 6899 3150 6899 2310 6899 2310 6900 3150 6900 2370 6900 2310 6901 2370 6901 1003 6901 3151 6902 3152 6902 3153 6902 2381 6903 3154 6904 2378 6905 2381 6906 2311 6906 3155 6906 3155 6907 2311 6907 2313 6907 3155 6908 2313 6908 3156 6908 3156 6909 2313 6909 2321 6909 3156 6910 2321 6910 3157 6910 2379 6911 2378 6911 3158 6911 3158 6912 2378 6913 3154 6914 3158 6915 3154 6915 3159 6915 3159 6916 3154 6916 3160 6916 3161 6917 3162 6917 3151 6917 3152 6918 3163 6918 3164 6918 3153 6919 3165 6919 3166 6919 3151 6920 3153 6920 3161 6920 3161 6921 3153 6921 3166 6921 3161 6922 3166 6922 3167 6922 3152 6923 3164 6923 3153 6923 3153 6924 3164 6924 3168 6924 3153 6925 3168 6925 3165 6925 3169 6926 3162 6926 3170 6926 3170 6927 3162 6927 3161 6927 3170 6928 3161 6928 3171 6928 3171 6929 3161 6929 3167 6929 3171 6930 3167 6930 3172 6930 3172 6931 3167 6931 3173 6931 3157 6932 3173 6932 3156 6932 3156 6933 3173 6933 3167 6933 3156 6934 3167 6934 3155 6934 3155 6935 3167 6935 3166 6935 3155 6936 3166 6936 2381 6936 2381 6937 3166 6937 3165 6937 2381 6938 3165 6938 3154 6938 3154 6939 3165 6939 3168 6939 3154 6940 3168 6940 3160 6940 3160 6941 3168 6941 3164 6941 3160 6942 3164 6942 3174 6942 3174 6943 3164 6943 3163 6943 3174 6944 3163 6944 3175 6944 2379 6945 3158 6945 3176 6945 3176 6946 3158 6946 3159 6946 3176 6947 3159 6947 3177 6947 3177 6948 3159 6948 3160 6948 3177 6949 3160 6949 3178 6949 3178 6950 3160 6950 3174 6950 3178 6951 3174 6951 3179 6951 3179 6952 3174 6952 3175 6952 975 6953 2379 6953 2424 6953 2424 6954 2379 6954 3176 6954 2424 6955 3176 6955 2423 6955 2423 6956 3176 6956 3177 6957 2423 6958 3177 6958 2422 6958 2422 6959 3177 6959 3178 6959 2422 6960 3178 6960 2421 6960 2421 6961 3178 6961 3179 6961 2366 6962 2382 6962 3180 6962 3181 6963 3182 6963 3183 6963 3184 6964 3185 6964 3186 6964 3187 6965 3182 6965 3188 6965 3150 6966 3136 6966 3189 6966 3189 6967 3136 6967 3190 6967 3189 6968 3190 6968 3187 6968 2314 6969 3191 6969 2315 6969 2315 6970 3191 6970 3192 6970 3186 6971 3193 6971 3184 6971 3184 6972 3193 6972 3194 6972 3184 6973 3194 6973 3191 6973 3191 6974 3194 6974 3195 6974 3191 6975 3195 6975 3192 6975 3182 6976 3181 6976 3188 6976 3188 6977 3181 6977 3196 6977 3188 6978 3196 6978 3197 6978 3197 6979 3196 6979 3198 6979 3197 6980 3198 6980 3180 6980 3189 6981 3199 6981 3150 6981 3150 6982 3199 6982 3200 6982 3150 6983 3200 6983 2370 6983 3187 6984 3201 6984 3189 6984 3189 6985 3201 6985 3202 6985 3189 6986 3202 6986 3199 6986 3199 6987 3202 6987 3203 6987 3199 6988 3203 6988 3200 6988 3200 6989 3203 6989 2371 6989 3200 6990 2371 6990 2370 6990 3187 6991 3188 6991 3201 6991 3201 6992 3188 6992 3197 6992 3201 6993 3197 6993 3202 6993 3202 6994 3197 6994 3180 6994 3202 6995 3180 6995 3203 6995 3203 6996 3180 6996 2382 6996 3203 6997 2382 6997 2371 6997 3204 6998 2369 6998 2367 6998 2366 6999 3180 6999 2367 6999 2367 7000 3180 7000 3198 7000 2367 7001 3198 7001 3204 7001 3204 7002 3198 7002 3196 7002 3204 7003 3196 7003 3205 7003 3205 7004 3196 7004 3181 7004 3205 7005 3181 7005 3206 7005 3206 7006 3181 7006 3183 7006 3206 7007 3183 7007 3207 7007 3208 7008 3186 7008 3207 7008 3207 7009 3186 7009 3185 7009 3207 7010 3185 7010 3206 7010 3206 7011 3185 7011 3184 7011 3206 7012 3184 7012 3205 7012 3205 7013 3184 7013 3191 7013 3205 7014 3191 7014 3204 7014 3204 7015 3191 7015 2314 7015 3204 7016 2314 7016 2369 7016 3209 7017 3210 7017 3211 7017 3210 7018 3212 7018 3211 7018 3211 7019 3212 7019 3213 7019 3211 7020 3213 7020 3214 7020 3215 7021 3216 7021 3217 7021 3217 7022 3218 7022 3215 7022 3215 7023 3218 7023 3219 7023 3215 7024 3219 7024 3220 7024 3220 7025 3219 7025 3221 7025 3220 7026 3221 7026 3211 7026 3211 7027 3221 7027 3222 7027 3211 7028 3222 7028 3209 7028 2363 7029 2315 7029 3216 7029 3216 7030 3215 7030 2363 7030 2363 7031 3215 7031 3220 7031 2363 7032 3220 7032 2364 7032 2364 7033 3220 7033 3211 7033 2364 7034 3211 7034 2365 7034 2365 7035 3211 7035 2362 7035 2362 7036 3211 7036 3214 7036 2362 7037 3214 7037 2360 7037 3223 7038 3224 7038 3225 7038 3226 7039 2339 7039 2341 7039 3227 7040 3228 7040 2341 7040 3228 7041 3229 7041 2341 7041 2341 7042 3229 7042 3230 7042 2341 7043 3230 7043 3226 7043 3231 7044 3232 7044 2343 7044 2343 7045 3232 7045 3233 7045 2343 7046 3233 7046 2341 7046 2341 7047 3233 7047 3234 7047 2341 7048 3234 7048 3227 7048 3231 7049 3235 7049 3236 7049 3236 7050 3235 7050 3237 7050 3236 7051 3237 7051 3238 7051 3238 7052 3237 7052 3239 7052 3238 7053 3239 7053 3240 7053 3240 7054 3239 7054 3241 7054 3239 7055 3242 7055 3241 7055 3241 7056 3242 7056 3243 7056 3241 7057 3243 7057 3244 7057 3244 7058 3243 7058 3245 7058 3244 7059 3245 7059 3225 7059 3225 7060 3245 7060 3246 7060 3225 7061 3246 7061 3223 7061 3247 7062 2359 7062 3248 7062 3248 7063 2359 7064 2360 7065 3247 7066 3249 7066 2359 7066 2359 7067 3249 7067 3250 7067 2359 7068 3250 7068 3246 7068 3246 7069 3250 7069 3251 7069 3246 7070 3251 7070 3223 7070 3231 7071 2343 7071 3235 7071 3235 7072 2343 7072 2345 7072 3235 7073 2345 7073 3237 7073 3237 7074 2345 7074 2347 7074 3237 7075 2347 7075 3239 7075 3239 7076 2347 7076 2349 7076 3239 7077 2349 7077 3242 7077 3242 7078 2349 7078 2351 7078 3242 7079 2351 7079 3243 7079 3243 7080 2351 7080 2353 7080 3243 7081 2353 7081 3245 7081 3245 7082 2353 7082 2355 7082 3245 7083 2355 7083 3246 7083 3246 7084 2355 7084 2357 7084 3246 7085 2357 7085 2359 7085 2337 7086 2339 7086 3252 7086 3253 7087 2692 7087 2694 7087 2334 7088 2336 7088 2689 7088 2689 7089 2336 7089 3254 7089 2689 7090 3254 7090 2690 7090 2690 7091 3254 7091 2694 7091 2690 7092 2694 7092 2691 7092 3253 7093 2694 7093 3255 7093 3255 7094 2694 7094 3254 7094 3255 7095 3254 7095 3256 7095 3256 7096 3254 7096 2336 7096 3256 7097 2336 7097 2337 7097 2486 7098 3257 7098 2485 7098 2485 7099 3257 7099 3258 7099 2485 7100 3258 7100 2484 7100 2484 7101 3258 7101 3259 7101 2484 7102 3259 7102 2482 7102 2482 7103 3259 7103 3260 7103 2482 7104 3260 7104 938 7104 2323 7105 938 7105 3261 7105 3261 7106 938 7106 3260 7106 3261 7107 3260 7107 3262 7107 3262 7108 3260 7108 3259 7108 3262 7109 3259 7109 3263 7109 3263 7110 3259 7110 3258 7110 3263 7111 3258 7111 3264 7111 3264 7112 3258 7112 3257 7112 3265 7113 3266 7113 3261 7113 3267 7114 3268 7114 3269 7114 3269 7115 3268 7115 3270 7115 2323 7116 3261 7116 2324 7116 2324 7117 3261 7117 3266 7117 2324 7118 3266 7118 2325 7118 2325 7119 3266 7119 2326 7119 2326 7120 3266 7120 3157 7120 2326 7121 3157 7121 2321 7121 3262 7122 3263 7122 3269 7122 3269 7123 3263 7123 3264 7123 3269 7124 3264 7124 3267 7124 3261 7125 3262 7125 3265 7125 3265 7126 3262 7126 3269 7126 3265 7127 3269 7127 3170 7127 3170 7128 3269 7128 3270 7128 3170 7129 3270 7129 3169 7129 3170 7130 3171 7130 3265 7130 3265 7131 3171 7132 3172 7133 3265 7134 3172 7134 3266 7134 3266 7135 3172 7135 3173 7135 3266 7136 3173 7137 3157 7138 3271 2512 3272 2512 3273 2512 2412 2512 2400 2512 3274 2512 3274 7139 2400 7139 3275 7139 2412 2512 3274 2512 2411 2512 2411 2512 3274 2512 3276 2512 2411 2512 3276 2512 2410 2512 3273 7140 3272 7140 3277 7140 3277 7141 3272 7141 3278 7141 3277 2512 3278 2512 3279 2512 3279 2512 3278 2512 3280 2512 3279 2512 3280 2512 3281 2512 3281 7142 3280 7142 3282 7142 3281 2512 3282 2512 3283 2512 3283 2512 3282 2512 2430 2512 3283 7143 2430 7143 3284 7143 3271 2512 3273 2512 3285 2512 3285 2512 3273 2512 3286 2512 3285 2512 3286 2512 3287 2512 3287 7144 3286 7144 3288 7144 3287 2512 3288 2512 3289 2512 3289 7145 3288 7145 3290 7145 3289 2512 3290 2512 3169 2512 3169 7146 3290 7146 3291 7146 3169 2512 3291 2512 3162 2512 3162 7147 3291 7147 3292 7147 3162 2512 3292 2512 3151 2512 3179 2512 3175 2512 3293 2512 3293 7148 3175 7148 3163 7148 3293 2512 3163 2512 3294 2512 3294 7149 3163 7149 3152 7149 3294 2512 3152 2512 3295 2512 3295 7150 3152 7150 3151 7150 3295 2512 3151 2512 3296 2512 3296 2512 3151 2512 3292 2512 3296 2512 3292 2512 3297 2512 3297 2512 3292 2512 3298 2512 3297 2512 3298 2512 3299 2512 3299 2512 3298 2512 3284 2512 3299 2512 3284 2512 3300 2512 3301 2512 2413 2512 3276 2512 3276 7151 2413 7151 2408 7151 3276 2512 2408 2512 2410 2512 2430 2512 2429 2512 3284 2512 3284 7152 2429 7152 2437 7152 3284 7153 2437 7153 2438 7153 2400 2512 2399 2512 3275 2512 3275 7154 2399 7154 2416 7154 3275 7155 2416 7155 3293 7155 3293 7156 2416 7156 2421 7156 3293 7157 2421 7157 3179 7157 2438 2512 2445 2512 3284 2512 3284 7158 2445 7158 2444 7158 3284 2512 2444 2512 3300 2512 3300 7159 2444 7159 2442 7159 3300 2512 2442 2512 3302 2512 3302 7160 2442 7160 2443 7160 3302 2512 2443 2512 3301 2512 3301 7161 2443 7161 2414 7161 3301 2512 2414 2512 2413 2512 2430 7162 3282 7162 2454 7162 2454 7163 3282 7163 3280 7163 2454 7164 3280 7164 2458 7164 2458 7165 3280 7165 2459 7165 2459 7166 3280 7166 3278 7166 2459 7167 3278 7167 2468 7167 2468 7168 3278 7168 2470 7168 2470 7169 3278 7169 2472 7169 2472 7170 3278 7170 3272 7170 2472 7171 3272 7171 2474 7171 2474 7172 3272 7172 2476 7172 2476 7173 3272 7173 3271 7173 2476 7174 3271 7174 2477 7174 3287 7175 3264 7175 3285 7175 3285 7176 3264 7176 3257 7176 3257 7177 2486 7177 3285 7177 3285 7178 2486 7178 2481 7178 3285 7179 2481 7179 3271 7179 3271 7180 2481 7180 2479 7180 3271 7181 2479 7181 2477 7181 3303 7182 3304 7182 3305 7182 3306 7183 3307 7183 2498 7183 2498 7184 3307 7185 3308 7184 2498 7186 3308 7186 2497 7186 3309 7187 3310 7187 3311 7187 3311 7188 3310 7188 3303 7188 3311 7189 3303 7189 3312 7189 3312 7190 3303 7190 3305 7190 3304 7191 3306 7191 3305 7191 3305 7192 3306 7192 2498 7192 3305 7193 2498 7193 3312 7193 3312 7194 2498 7194 2499 7194 3313 7195 3314 7195 3315 7195 3315 7196 3314 7196 3316 7196 3315 7197 3316 7197 3317 7197 3317 7198 3316 7198 3318 7198 3317 7199 3318 7199 3319 7199 3319 7200 3318 7200 3320 7200 3319 7201 3320 7201 3321 7201 3321 7202 3320 7202 3322 7202 3321 7203 3322 7203 3323 7203 3323 7204 3322 7204 3324 7204 3323 7205 3324 7205 3325 7205 3325 7206 3324 7206 3326 7206 3325 7207 3326 7207 3327 7207 3327 7208 3326 7208 3328 7208 3327 7209 3328 7209 3329 7209 3329 7210 3328 7210 3330 7210 3329 7211 3330 7211 3331 7211 3331 7212 3330 7212 3332 7212 3331 7213 3332 7213 3333 7213 3333 7214 3332 7214 3334 7214 3333 7215 3334 7215 3335 7215 3335 7216 3334 7216 3336 7216 3335 7217 3336 7217 3337 7217 3337 7218 3336 7218 3338 7218 3337 7219 3338 7219 3339 7219 3339 7220 3338 7220 3340 7220 3339 7221 3340 7221 3341 7221 3341 7222 3340 7222 3342 7222 3341 7223 3342 7223 3343 7223 3343 7224 3342 7224 3344 7224 3343 7225 3344 7225 3345 7225 3345 7226 3344 7226 3346 7226 3345 7227 3346 7227 3347 7227 3347 7228 3346 7228 3348 7228 3347 7229 3348 7229 3349 7229 3349 7230 3348 7230 3350 7230 3349 7231 3350 7231 3351 7231 3351 7232 3350 7232 3352 7232 3351 7233 3352 7233 3353 7233 3353 7234 3352 7234 3354 7234 3353 7235 3354 7235 3355 7235 3355 7236 3354 7236 3356 7236 3355 7237 3356 7237 3357 7237 3357 7238 3356 7238 3358 7238 3357 7239 3358 7239 3359 7239 3359 7240 3358 7240 3360 7240 3359 7241 3360 7241 3361 7241 3361 7242 3360 7242 3362 7242 3361 7243 3362 7243 3363 7243 3363 7244 3362 7244 3364 7244 3363 7245 3364 7245 3365 7245 3365 7246 3364 7246 3366 7246 3365 7247 3366 7247 3367 7247 3367 7248 3366 7248 3368 7248 3367 7249 3368 7249 3369 7249 3369 7250 3368 7250 3370 7250 3369 7251 3370 7251 3371 7251 3371 7252 3370 7252 3372 7252 3371 7253 3372 7253 3373 7253 3373 7254 3372 7254 3374 7254 3373 7255 3374 7255 3375 7255 3375 7256 3374 7256 3376 7256 3375 7257 3376 7257 3377 7257 3377 7258 3376 7258 3378 7258 3377 7259 3378 7259 3379 7259 3379 7260 3378 7260 3380 7260 3379 7261 3380 7261 3381 7261 3381 7262 3380 7262 3382 7262 3381 7263 3382 7263 3383 7263 3383 7264 3382 7264 3384 7264 3383 7265 3384 7265 3385 7265 3385 7266 3384 7266 3386 7266 3385 7267 3386 7267 3387 7267 3387 7268 3386 7268 3388 7268 3387 7269 3388 7269 3313 7269 3313 7270 3388 7270 3314 7270 2576 7271 3389 7271 2575 7271 2575 7272 3389 7272 3390 7272 2575 7273 3390 7273 3391 7273 2588 7274 2587 7274 3391 7274 3391 7275 2587 7275 2586 7275 3391 7276 2586 7276 2575 7276 3392 7277 2686 7277 3393 7277 3393 7278 2686 7278 2685 7278 3393 7279 2685 7279 3394 7279 3394 7280 2685 7280 2684 7280 3394 7281 2684 7281 3395 7281 3395 7282 2684 7282 2683 7282 3395 7283 2683 7283 3396 7283 3396 7284 2683 7284 2682 7284 3396 7285 2682 7285 3397 7285 3397 7286 2682 7286 2681 7286 3397 7287 2681 7287 3398 7287 3398 7288 2681 7288 2680 7288 3398 7289 2680 7289 3399 7289 3399 7290 2680 7290 2679 7290 3399 7291 2679 7291 3400 7291 3400 7292 2679 7292 2678 7292 3400 7293 2678 7293 3401 7293 3401 7294 2678 7294 2677 7294 3401 7295 2677 7295 3402 7295 3402 7296 2677 7296 2676 7296 3402 7297 2676 7297 3403 7297 3403 7298 2676 7298 2588 7298 3403 7299 2588 7299 3404 7299 3404 7300 2588 7300 3391 7300 3405 7301 2688 7301 3392 7301 3392 7302 2688 7302 2687 7302 3392 7303 2687 7303 2686 7303 3406 7304 2673 7304 3405 7304 3405 7305 2673 7306 2675 7307 3405 7308 2675 7308 2688 7308 3407 7309 2670 7309 3406 7309 3406 7310 2670 7311 2674 7312 3406 7313 2674 7314 2673 7315 3408 7316 2667 7316 3407 7316 3407 7317 2667 7317 2671 7317 3407 7318 2671 7318 2670 7318 3409 7319 2664 7319 3408 7319 3408 7320 2664 7320 2668 7320 3408 7321 2668 7321 2667 7321 3410 7322 2661 7322 3409 7322 3409 7323 2661 7323 2665 7323 3409 7324 2665 7324 2664 7324 3411 7325 2602 7325 3410 7325 3410 7326 2602 7326 2662 7326 3410 7327 2662 7327 2661 7327 3412 7328 2609 7328 3411 7328 3411 7329 2609 7329 2617 7329 3411 7330 2617 7330 2602 7330 3413 7331 2514 7331 3412 7331 3412 7332 2514 7332 2607 7332 3412 7333 2607 7333 2609 7333 3414 7334 2623 7334 3413 7334 3413 7335 2623 7335 2621 7335 3413 7336 2621 7336 2514 7336 3415 7337 2527 7337 3414 7337 3414 7338 2527 7338 2624 7338 3414 7339 2624 7339 2623 7339 3416 7340 2524 7340 3415 7340 3415 7341 2524 7341 2525 7341 3415 7342 2525 7342 2527 7342 3417 7343 2521 7343 3416 7343 3416 7344 2521 7344 2533 7344 3416 7345 2533 7345 2524 7345 3418 7346 2539 7346 3417 7346 3417 7347 2539 7347 2537 7347 3417 7348 2537 7348 2521 7348 3419 7349 2548 7349 3420 7349 3420 7350 2548 7350 2541 7350 3420 7351 2541 7351 3418 7351 3418 7352 2541 7352 2544 7352 3418 7353 2544 7353 2539 7353 3421 7354 2553 7354 3419 7354 3419 7355 2553 7355 2552 7355 3419 7356 2552 7356 2548 7356 3422 7357 2556 7357 3421 7357 3421 7358 2556 7358 2555 7358 3421 7359 2555 7359 2553 7359 3423 7360 2561 7360 3424 7360 3424 7361 2561 7361 2559 7361 3424 7362 2559 7362 3422 7362 3422 7363 2559 7363 2558 7363 3422 7364 2558 7364 2556 7364 2576 7365 2583 7365 3389 7365 3389 7366 2583 7366 2572 7366 3389 7367 2572 7367 3425 7367 3425 7368 2572 7368 2565 7368 3425 7369 2565 7369 3426 7369 3426 7370 2565 7370 2567 7370 3426 7371 2567 7371 3423 7371 3423 7372 2567 7372 2562 7372 3423 7373 2562 7373 2561 7373 3313 7374 3427 7374 3387 7374 3387 7375 3427 7375 3428 7375 3387 7376 3428 7376 3385 7376 3385 7377 3428 7377 3429 7377 3385 7378 3429 7378 3383 7378 3383 7379 3429 7379 3430 7379 3383 7380 3430 7380 3381 7380 3381 7381 3430 7381 3431 7381 3381 7382 3431 7382 3379 7382 3379 7383 3431 7383 3432 7383 3379 7384 3432 7384 3377 7384 3377 7385 3432 7385 3433 7385 3377 7386 3433 7386 3375 7386 3375 7387 3433 7387 3434 7387 3375 7388 3434 7388 3373 7388 3373 7389 3434 7389 3435 7389 3373 7390 3435 7390 3371 7390 3371 7391 3435 7391 3436 7391 3371 7392 3436 7392 3369 7392 3369 7393 3436 7393 3437 7393 3369 7394 3437 7394 3367 7394 3367 7395 3437 7395 3438 7395 3367 7396 3438 7396 3365 7396 3365 7397 3438 7397 3439 7397 3365 7398 3439 7398 3363 7398 3363 7399 3439 7399 3440 7399 3363 7400 3440 7400 3361 7400 3361 7401 3440 7401 3441 7401 3361 7402 3441 7402 3359 7402 3359 7403 3441 7403 3442 7403 3359 7404 3442 7404 3357 7404 3357 7405 3442 7405 3443 7405 3357 7406 3443 7406 3355 7406 3355 7407 3443 7407 3444 7407 3355 7408 3444 7408 3353 7408 3353 7409 3444 7409 3445 7409 3353 7410 3445 7410 3351 7410 3351 7411 3445 7411 3446 7411 3351 7412 3446 7412 3349 7412 3349 7413 3446 7413 3447 7413 3349 7414 3447 7414 3347 7414 3347 7415 3447 7415 3448 7415 3347 7416 3448 7416 3345 7416 3345 7417 3448 7417 3449 7417 3345 7418 3449 7418 3343 7418 3343 7419 3449 7419 3450 7419 3343 7420 3450 7420 3341 7420 3341 7421 3450 7421 3451 7421 3341 7422 3451 7422 3339 7422 3339 7423 3451 7423 3452 7423 3339 7424 3452 7424 3337 7424 3337 7425 3452 7425 3453 7425 3337 7426 3453 7426 3335 7426 3335 7427 3453 7427 3454 7427 3335 7428 3454 7428 3333 7428 3333 7429 3454 7429 3455 7429 3333 7430 3455 7430 3331 7430 3331 7431 3455 7431 3456 7431 3331 7432 3456 7432 3329 7432 3329 7433 3456 7433 3457 7433 3329 7434 3457 7434 3327 7434 3327 7435 3457 7435 3458 7435 3327 7436 3458 7436 3325 7436 3325 7437 3458 7437 3459 7437 3325 7438 3459 7438 3323 7438 3323 7439 3459 7439 3460 7439 3323 7440 3460 7440 3321 7440 3321 7441 3460 7441 3461 7441 3321 7442 3461 7442 3319 7442 3319 7443 3461 7443 3462 7443 3319 7444 3462 7444 3317 7444 3317 7445 3462 7445 3463 7445 3317 7446 3463 7446 3315 7446 3315 7447 3463 7447 3464 7447 3315 7448 3464 7448 3313 7448 3313 7449 3464 7449 3427 7449 3427 7450 3415 7450 3428 7450 3428 7451 3415 7451 3414 7451 3428 7452 3414 7452 3429 7452 3429 7453 3414 7453 3413 7453 3429 7454 3413 7454 3430 7454 3430 7455 3413 7455 3412 7455 3430 7456 3412 7456 3431 7456 3431 7457 3412 7457 3411 7457 3431 7458 3411 7458 3432 7458 3432 7459 3411 7459 3410 7459 3432 7460 3410 7460 3433 7460 3433 7461 3410 7461 3409 7461 3433 7462 3409 7462 3434 7462 3434 7463 3409 7463 3408 7463 3434 7464 3408 7464 3435 7464 3435 7465 3408 7465 3407 7465 3435 7466 3407 7466 3436 7466 3436 7467 3407 7467 3406 7467 3436 7468 3406 7468 3437 7468 3437 7469 3406 7469 3405 7469 3437 7470 3405 7470 3438 7470 3438 7471 3405 7471 3392 7471 3438 7472 3392 7472 3439 7472 3439 7473 3392 7473 3393 7473 3439 7474 3393 7474 3440 7474 3440 7475 3393 7475 3394 7475 3440 7476 3394 7476 3441 7476 3441 7477 3394 7477 3395 7477 3441 7478 3395 7478 3442 7478 3442 7479 3395 7479 3396 7479 3442 7480 3396 7480 3443 7480 3443 7481 3396 7481 3397 7481 3443 7482 3397 7482 3444 7482 3444 7483 3397 7483 3398 7483 3444 7484 3398 7484 3445 7484 3445 7485 3398 7485 3399 7485 3445 7486 3399 7486 3446 7486 3446 7487 3399 7487 3400 7487 3446 7488 3400 7488 3447 7488 3447 7489 3400 7489 3401 7489 3447 7490 3401 7490 3448 7490 3448 7491 3401 7491 3402 7491 3448 7492 3402 7492 3449 7492 3449 7493 3402 7493 3403 7493 3449 7494 3403 7494 3450 7494 3450 7495 3403 7495 3404 7495 3450 7496 3404 7496 3451 7496 3451 7497 3404 7497 3391 7497 3451 7498 3391 7498 3452 7498 3452 7499 3391 7499 3390 7499 3452 7500 3390 7500 3453 7500 3453 7501 3390 7501 3389 7501 3453 7502 3389 7502 3454 7502 3454 7503 3389 7503 3425 7503 3454 7504 3425 7504 3455 7504 3455 7505 3425 7505 3426 7505 3455 7506 3426 7506 3456 7506 3456 7507 3426 7507 3423 7507 3456 7508 3423 7508 3457 7508 3457 7509 3423 7509 3424 7509 3457 7510 3424 7510 3458 7510 3458 7511 3424 7511 3422 7511 3458 7512 3422 7512 3459 7512 3459 7513 3422 7513 3421 7513 3459 7514 3421 7514 3460 7514 3460 7515 3421 7515 3419 7515 3460 7516 3419 7516 3461 7516 3461 7517 3419 7517 3420 7517 3461 7518 3420 7518 3462 7518 3462 7519 3420 7519 3418 7519 3462 7520 3418 7520 3463 7520 3463 7521 3418 7521 3417 7521 3463 7522 3417 7522 3464 7522 3464 7523 3417 7523 3416 7523 3464 7524 3416 7524 3427 7524 3427 7525 3416 7525 3415 7525 3465 7526 3466 7527 3467 7528 2528 7529 3468 7530 3469 7531 3469 7532 3468 7533 3470 7534 3469 7535 3470 7536 3467 7537 3467 7538 3470 7539 3471 7540 3467 7541 3471 7542 3465 7543 2529 7544 2528 7545 3472 7546 3472 7547 2528 7548 3469 7549 3472 7550 3469 7551 3473 7552 3473 7553 3469 7554 3467 7555 3473 7556 3467 7557 3474 7558 3474 7559 3467 7559 3466 7559 3474 7560 3466 7561 3186 7562 3186 7563 3466 7563 3465 7563 3186 7564 3465 7565 3193 7566 2531 7567 2530 7567 3475 7567 3475 7568 2530 7568 3476 7568 3475 7569 3476 7569 3477 7569 3477 7570 3476 7570 3478 7570 3208 7571 3479 7571 3480 7571 3480 7572 3479 7572 3481 7572 3480 7573 3481 7573 3478 7573 3478 7574 3481 7574 3482 7574 3478 7575 3482 7575 3477 7575 3186 7576 3208 7576 3474 7576 3474 7577 3208 7577 3480 7577 3474 7578 3480 7578 3473 7578 3473 7579 3480 7579 3478 7579 3473 7580 3478 7580 3472 7580 3472 7581 3478 7581 3476 7581 3472 7582 3476 7582 2529 7582 2529 7583 3476 7583 2530 7583 2620 7584 2622 7584 3483 7584 3484 7585 3485 7585 3483 7585 3483 7586 3485 7586 3486 7586 3483 7587 3486 7587 2620 7587 3487 7588 3488 7589 3489 7590 3489 7591 3488 7591 3490 7591 3489 7592 3490 7592 3484 7592 3484 7593 3490 7593 3491 7593 3484 7594 3491 7594 3485 7594 3492 7595 3493 7595 3494 7595 3477 7596 3482 7596 3492 7596 3492 7597 3482 7597 3481 7597 3492 7598 3481 7598 3493 7598 3493 7599 3481 7599 3479 7599 3493 7600 3479 7600 3208 7600 2622 7601 2532 7601 3483 7601 3483 7602 2532 7602 3495 7602 3483 7603 3495 7603 3484 7603 3484 7604 3495 7604 3496 7604 3484 7605 3496 7605 3489 7605 3497 7606 3487 7606 3494 7606 3494 7607 3487 7607 3489 7607 3494 7608 3489 7608 3492 7608 3492 7609 3489 7609 3496 7609 3492 7610 3496 7610 3477 7610 3477 7611 3496 7611 3495 7611 3477 7612 3495 7612 3475 7612 3475 7613 3495 7613 2532 7613 3475 7614 2532 7614 2531 7614 2512 7615 3498 7615 2513 7615 2611 7616 2610 7616 3499 7616 3499 7617 2610 7617 2608 7617 3499 7618 2608 7618 3500 7618 3500 7619 2608 7619 2513 7619 3500 7620 2513 7620 3501 7620 3501 7621 2513 7621 3498 7621 3502 7622 3503 7622 3504 7622 3500 7623 3505 7623 3499 7623 3499 7624 3505 7624 3504 7624 3499 7625 3504 7625 2611 7625 2611 7626 3504 7626 3503 7626 3506 7627 3507 7627 3508 7627 3508 7628 3507 7628 3509 7628 3508 7629 3509 7629 3510 7629 3510 7630 3509 7630 3511 7630 3497 7631 3512 7631 3487 7631 3487 7632 3512 7632 3513 7632 3487 7633 3513 7634 3488 7635 3488 7636 3513 7636 3514 7636 3488 7637 3514 7637 3490 7637 3490 7638 3514 7638 3515 7638 3490 7639 3515 7639 3491 7639 2512 7640 2620 7640 3498 7640 3498 7641 2620 7641 3486 7641 3498 7642 3486 7642 3501 7642 3501 7643 3486 7643 3516 7643 3501 7644 3516 7644 3500 7644 3500 7645 3516 7645 3517 7645 3500 7646 3517 7646 3505 7646 3505 7647 3517 7647 3507 7647 3505 7648 3507 7648 3504 7648 3504 7649 3507 7649 3506 7649 3504 7650 3506 7650 3502 7650 3502 7651 3506 7651 3508 7651 3502 7652 3508 7652 3518 7652 3518 7653 3508 7653 3510 7653 3518 7654 3510 7654 3519 7654 3486 7655 3485 7655 3516 7655 3516 7656 3485 7656 3491 7656 3516 7657 3491 7657 3517 7657 3517 7658 3491 7658 3515 7658 3517 7659 3515 7659 3507 7659 3507 7660 3515 7660 3514 7660 3507 7661 3514 7661 3509 7661 3509 7662 3514 7662 3513 7662 3509 7663 3513 7663 3511 7663 3511 7664 3513 7664 3512 7664 2616 7665 3520 7665 2618 7665 2611 7666 3503 7666 2612 7666 2612 7667 3521 7667 2613 7667 2613 7668 3521 7668 2614 7668 3520 7669 2616 7669 3522 7669 3522 7670 2616 7670 2615 7670 3522 7671 2615 7671 2614 7671 2612 7672 3503 7672 3521 7672 3521 7673 3503 7673 3502 7673 3521 7674 3502 7674 3518 7674 3518 7675 3519 7675 3521 7675 3521 7676 3519 7676 3523 7676 3521 7677 3523 7677 2614 7677 2614 7678 3523 7678 3524 7678 2614 7679 3524 7680 3522 7681 3525 7682 3526 7683 2986 7684 3525 7685 2986 7685 3527 7685 3527 7686 2986 7686 2987 7686 3527 7687 2987 7687 3528 7687 3526 7688 3529 7689 2986 7690 2986 7691 3529 7691 3530 7691 2986 7692 3530 7692 3531 7692 3532 7693 3533 7693 3534 7693 3534 7694 3533 7694 3531 7694 3534 7695 3531 7695 3535 7695 3535 7696 3531 7696 3530 7696 2968 7697 2963 7697 3536 7697 3536 7698 2963 7698 2964 7698 3536 7699 2964 7699 3537 7699 3537 7700 2964 7700 2985 7700 3537 7701 2985 7701 3538 7701 3539 7702 2973 7702 2971 7702 3539 7703 2971 7703 3540 7703 2973 7704 3539 7704 2975 7704 2975 7705 3539 7705 3541 7705 2975 7706 3541 7706 2976 7706 2967 7707 3542 7707 2981 7707 2981 7708 3542 7708 3543 7708 2981 7709 3543 7709 2982 7709 2982 7710 3543 7710 2983 7710 3543 7711 3544 7711 2983 7711 2983 7712 3544 7712 3545 7712 2983 7713 3545 7713 2980 7713 3546 7714 2978 7714 3545 7714 3545 7715 2978 7715 2977 7715 3545 7716 2977 7716 2980 7716 2619 7717 2618 7717 3546 7717 3546 7718 3545 7718 2619 7718 2619 7719 3545 7719 3544 7719 2619 7720 3544 7720 2603 7720 2603 7721 3544 7721 3543 7721 2603 7722 3543 7722 2605 7722 2605 7723 3543 7723 3542 7723 2605 7724 3542 7724 2606 7724 2967 7725 2976 7725 3542 7725 3542 7726 2976 7726 3541 7726 3542 7727 3541 7727 2606 7727 2606 7728 3541 7728 3539 7728 2606 7729 3539 7729 2515 7729 2515 7730 3539 7730 3540 7730 2515 7731 3540 7731 2516 7731 2516 7732 3540 7732 3547 7732 2516 7733 3547 7733 2627 7733 2971 7734 2969 7734 3540 7734 3540 7735 2969 7735 2968 7735 3540 7736 2968 7736 3547 7736 3547 7737 2968 7737 3536 7737 3547 7738 3536 7738 2627 7738 2627 7739 3536 7739 3537 7739 2627 7740 3537 7740 2601 7740 2601 7741 3537 7741 3538 7741 2601 7742 3538 7742 2600 7742 2985 7743 2986 7743 3538 7743 3538 7744 2986 7744 3531 7744 3538 7745 3531 7745 2600 7745 2600 7746 3531 7746 3533 7746 2600 7747 3533 7747 2598 7747 2957 7748 2946 7748 3548 7748 3549 2512 3550 2512 3551 2512 3551 7749 3550 7749 3528 7749 3528 7750 2987 7750 3551 7750 3551 7751 2987 7751 2956 7751 3551 7752 2956 7752 3548 7752 3548 7753 2956 7753 3552 7753 3548 7754 3552 7754 2957 7754 2625 2512 2626 2512 3553 2512 3553 2512 2626 2512 3554 2512 3555 7755 3556 7755 3557 7755 3557 2512 3556 2512 3558 2512 3557 7756 3558 7756 2938 7756 3559 2512 2594 2512 3560 2512 3560 7757 2594 7757 2593 7757 3560 7758 2593 7758 3561 7758 3561 2512 2593 2512 2517 2512 3561 2512 2517 2512 3562 2512 3562 2512 2517 2512 2591 2512 3562 2512 2591 2512 3563 2512 3563 7759 2591 7759 2592 7759 3563 2512 2592 2512 3564 2512 3564 7760 2592 7760 2629 7760 3564 7761 2629 7761 3565 7761 3565 2512 2629 2512 2631 2512 3565 2512 2631 2512 3566 2512 3566 7762 2631 7762 2633 7762 3557 2512 2706 2512 3555 2512 3555 7763 2706 7763 2707 7763 3555 7764 2707 7764 3559 7764 3559 7765 2707 7765 2597 7765 3559 7766 2597 7766 2594 7766 3553 2512 3567 2512 2625 2512 2625 2512 3567 2512 3568 2512 2625 2512 3568 2512 2511 2512 2511 2512 3568 2512 3569 2512 2511 2512 3569 2512 2509 2512 2509 2512 3569 2512 3570 2512 2509 2512 3570 2512 2507 2512 2507 7767 3570 7767 3571 7767 2507 2512 3571 2512 2504 2512 2504 2512 3571 2512 3572 2512 2504 7768 3572 7768 2505 7768 2505 7769 3572 7769 3573 7769 2505 2512 3573 2512 2647 2512 2647 7770 3573 7770 3574 7770 2647 7771 3574 7771 2645 7771 2645 2512 3574 2512 3575 2512 2645 7772 3575 7772 2643 7772 2643 2512 3575 2512 3576 2512 2643 7773 3576 7773 2641 7773 2641 2512 3576 2512 3577 2512 2641 7774 3577 7774 2639 7774 2639 2512 3577 2512 3578 2512 2639 7775 3578 7775 2637 7775 2637 7776 3578 7776 3579 7776 2637 7777 3579 7777 2635 7777 2635 2512 3579 2512 3580 2512 2635 2512 3580 2512 2633 2512 2633 7778 3580 7778 3581 7778 2633 2512 3581 2512 3566 2512 3532 7779 3549 7779 3533 7779 3533 7780 3549 7780 3551 7780 3533 7781 3551 7781 2598 7781 2598 7782 3551 7782 3554 7782 2598 2512 3554 2512 2599 2512 2599 2512 3554 2512 2626 2512 3582 7783 2571 7783 2570 7783 2578 7784 2577 7785 3306 7786 3583 7787 3310 7787 3584 7787 3584 7788 3310 7788 3309 7789 3304 7790 3303 7790 3585 7790 2497 7791 3308 7792 2577 7793 2577 7794 3308 7794 3307 7794 2577 7795 3307 7795 3306 7795 2582 7796 2581 7796 3586 7796 3586 7797 2581 7797 2580 7797 3586 7798 2580 7798 3587 7798 3587 7799 2580 7799 2579 7799 3587 7800 2579 7800 2578 7800 3588 7801 2570 7801 2585 7801 3582 7802 2570 7802 3589 7802 3589 7803 2570 7803 3588 7803 3589 7804 3588 7805 3590 7804 3590 7806 3588 7806 3591 7806 3591 7807 3588 7807 3585 7807 3591 7808 3585 7808 3583 7808 3583 7809 3585 7809 3303 7809 3583 7810 3303 7810 3310 7810 3587 7811 3592 7811 3586 7811 3586 7812 3592 7812 3593 7812 3586 7813 3593 7813 2582 7813 2582 7814 3593 7814 3594 7814 2582 7815 3594 7815 2584 7815 2578 7816 3306 7816 3587 7816 3587 7817 3306 7817 3304 7817 3587 7818 3304 7818 3592 7818 3592 7819 3304 7819 3585 7819 3592 7820 3585 7820 3593 7820 3593 7821 3585 7821 3588 7821 3593 7822 3588 7822 3594 7822 3594 7823 3588 7823 2585 7823 3594 7824 2585 7824 2584 7824 2574 7825 2573 7825 3595 7825 3596 7826 3597 7826 2574 7826 3598 7827 2568 7827 2566 7827 3598 7828 3599 7828 2568 7828 2568 7829 3599 7829 3600 7829 2568 7830 3600 7830 2569 7830 3601 7831 3602 7831 3603 7831 3601 7832 3603 7832 3604 7832 3605 7833 3606 7833 3598 7833 3598 7834 3606 7834 3607 7834 3598 7835 3607 7835 3599 7835 3309 7836 3608 7837 3584 7836 3584 7838 3608 7838 3609 7838 3584 7839 3609 7839 3583 7839 3610 7840 3602 7840 3611 7840 3611 7841 3602 7841 3601 7841 3611 7842 3601 7842 3612 7842 3583 7843 3609 7843 3591 7843 3591 7844 3609 7844 3613 7844 3591 7845 3613 7845 3590 7845 3590 7846 3613 7846 3589 7846 3589 7847 3613 7847 3595 7847 3589 7848 3595 7848 3582 7848 3582 7849 3595 7849 2573 7849 3582 7850 2573 7850 2571 7850 2574 7851 3595 7851 3596 7851 3596 7852 3595 7852 3613 7852 3596 7853 3613 7853 3614 7853 3614 7854 3613 7854 3609 7854 3614 7855 3609 7855 3615 7855 3615 7856 3609 7856 3608 7856 3615 7857 3608 7857 3612 7857 3603 7858 3616 7858 3604 7858 3604 7859 3616 7859 3617 7859 3604 7860 3617 7860 3605 7860 3605 7861 3617 7861 3618 7861 3605 7862 3618 7862 3606 7862 3612 7863 3601 7863 3615 7863 3615 7864 3601 7864 3604 7864 3615 7865 3604 7865 3614 7865 3614 7866 3604 7866 3605 7866 3614 7867 3605 7867 3596 7867 3596 7868 3605 7868 3598 7868 3596 7869 3598 7869 3597 7869 3597 7870 3598 7870 2566 7870 3597 7871 2566 7871 2574 7871 3619 7872 3620 7872 3621 7872 3622 7873 3623 7873 3620 7873 3620 7874 3619 7874 3622 7874 3622 7875 3619 7875 3624 7875 3622 7876 3624 7876 3625 7876 3625 7877 3624 7877 3626 7877 3625 7878 3626 7878 3627 7878 3627 7879 3626 7879 3628 7879 3627 7880 3628 7880 3629 7880 3629 7881 3628 7881 3630 7881 3629 7882 3630 7882 3631 7882 3631 7883 3630 7883 3632 7883 3631 7884 3632 7884 3633 7884 3633 7885 3632 7885 3602 7885 3633 7886 3602 7886 3610 7886 3617 7887 3616 7887 3632 7887 3632 7888 3616 7888 3603 7888 3632 7889 3603 7889 3602 7889 3600 7890 3599 7890 3634 7890 3634 7891 3599 7892 3607 7893 3607 7894 3606 7894 3635 7894 3635 7895 3606 7895 3618 7895 3635 7896 3618 7896 3617 7896 2551 7897 2550 7897 3636 7897 3636 7898 2550 7898 2549 7898 3636 7899 2549 7899 3637 7899 3637 7900 2549 7900 2554 7900 3637 7901 2554 7901 3638 7901 3638 7902 2554 7902 2557 7902 3638 7903 2557 7903 3639 7903 3639 7904 2557 7904 2560 7904 3639 7905 2560 7905 3640 7905 3640 7906 2560 7906 2564 7906 3640 7907 2564 7907 3634 7907 3634 7908 2564 7908 2563 7908 3634 7909 2563 7909 3600 7909 3600 7910 2563 7910 2569 7910 3607 7911 3635 7911 3634 7911 3634 7912 3635 7912 3641 7912 3634 7913 3641 7913 3640 7913 3640 7914 3641 7914 3642 7914 3640 7915 3642 7915 3639 7915 3639 7916 3642 7916 3643 7916 3639 7917 3643 7917 3638 7917 3638 7918 3643 7918 3644 7918 3638 7919 3644 7919 3637 7919 3637 7920 3644 7920 3645 7920 3637 7921 3645 7921 3636 7921 3636 7922 3645 7922 3646 7922 3636 7923 3646 7923 2551 7923 3617 7924 3632 7924 3635 7924 3635 7925 3632 7925 3630 7925 3635 7926 3630 7926 3641 7926 3641 7927 3630 7927 3628 7927 3641 7928 3628 7928 3642 7928 3642 7929 3628 7929 3626 7929 3642 7930 3626 7930 3643 7930 3643 7931 3626 7931 3624 7931 3643 7932 3624 7932 3644 7932 3644 7933 3624 7933 3619 7933 3644 7934 3619 7934 3645 7934 3645 7935 3619 7935 3621 7935 3645 7936 3621 7936 3646 7936 3647 7937 3648 7938 3649 7939 2546 7940 2545 7941 3650 7942 3650 7943 2545 7943 3651 7943 3650 7944 3651 7944 3652 7944 3652 7945 3651 7945 3653 7945 3653 7946 3651 7946 3654 7946 3653 7947 3654 7947 3655 7947 3655 7948 3654 7948 3656 7948 3655 7949 3656 7949 3657 7949 3657 7950 3656 7950 3658 7950 3658 7951 3656 7951 3659 7951 3658 7952 3659 7952 3660 7952 3660 7953 3659 7953 3647 7953 3647 7954 3659 7954 3661 7954 3647 7955 3661 7955 3648 7955 2545 7956 2551 7956 3651 7956 3651 7957 2551 7957 3646 7957 3651 7958 3646 7958 3654 7958 3654 7959 3646 7959 3621 7959 3654 7960 3621 7960 3656 7960 3656 7961 3621 7961 3620 7961 3656 7962 3620 7962 3659 7962 3659 7963 3620 7963 3623 7963 3659 7964 3623 7964 3661 7964 3662 7965 3663 7965 3664 7965 3665 7966 3666 7966 3667 7966 3665 7967 3667 7967 3668 7967 3667 7968 3669 7968 3668 7968 3668 7969 3669 7969 3670 7969 3668 7970 3670 7970 3671 7970 3671 7971 3670 7971 3672 7971 3671 7972 3672 7972 3673 7972 3673 7973 3672 7973 3674 7973 3673 7974 3674 7974 3675 7974 3675 7975 3674 7975 3676 7975 3662 7976 3664 7976 3677 7976 2547 7977 2546 7977 3677 7977 3677 7978 3678 7978 2547 7978 2547 7979 3678 7979 3679 7979 2547 7980 3679 7980 2542 7980 2542 7981 3679 7981 3680 7981 2542 7982 3680 7982 2543 7982 3677 7983 3664 7983 3678 7983 3678 7984 3664 7984 3681 7984 3678 7985 3681 7985 3679 7985 3679 7986 3681 7986 3676 7986 3679 7987 3676 7987 3680 7987 3680 7988 3676 7988 3674 7988 3680 7989 3674 7989 2543 7989 2543 7990 3674 7990 3672 7990 2543 7991 3672 7991 2540 7991 2540 7992 3672 7992 3670 7992 2540 7993 3670 7993 2538 7993 2538 7994 3670 7994 3669 7994 2538 7995 3669 7995 2536 7995 2536 7996 3669 7996 3667 7996 2536 7997 3667 7997 2519 7997 3682 7998 3683 7998 3684 7998 3684 7999 3683 7999 3685 7999 3684 8000 3685 8000 3686 8000 3686 8001 3685 8001 3687 8001 3686 8002 3687 8002 3688 8002 3689 8003 3690 8003 3691 8003 3691 8004 3690 8004 3692 8004 3691 8005 3692 8005 2520 8005 2520 8006 2519 8006 3691 8006 3691 8007 2519 8007 3667 8007 3691 8008 3667 8008 3689 8008 3689 8009 3667 8009 3666 8009 2522 8010 2535 8010 3692 8010 3692 8011 2535 8011 2534 8011 3692 8012 2534 8012 2520 8012 3690 8013 3682 8013 3692 8013 3692 8014 3682 8014 3684 8014 3692 8015 3684 8015 2522 8015 2522 8016 3684 8016 3686 8016 2522 8017 3686 8017 2523 8017 2523 8018 3686 8018 3688 8018 2523 8019 3688 8019 2526 8019 3693 8020 2528 8020 2526 8020 2526 8021 3688 8021 3693 8021 3693 8022 3688 8022 3687 8022 3693 8023 3687 8023 3694 8023 3695 8024 2693 8024 2692 8024 3696 8025 3697 8025 3698 8025 3698 8026 3699 8026 3696 8026 3696 8027 3699 8027 3700 8027 3696 8028 3700 8028 3701 8028 2692 8029 3702 8029 3695 8029 3695 8030 3702 8030 3701 8030 3695 8031 3701 8031 3703 8031 3703 8032 3701 8032 3700 8032 3309 8033 3311 8033 3608 8033 3608 8034 3311 8034 3704 8034 3608 8035 3704 8035 3612 8035 3610 8036 3611 8037 3705 8038 3705 8039 3611 8039 3706 8039 3705 8040 3706 8040 3707 8040 3707 8041 3706 8041 3708 8041 3708 8042 3706 8042 3709 8042 3708 8043 3709 8043 3710 8043 3710 8044 3709 8044 3711 8044 3710 8045 3711 8045 3712 8045 3712 8046 3711 8046 3713 8046 3712 8047 3713 8047 3714 8047 3714 8048 3713 8048 3715 8048 3714 8049 3715 8049 3716 8049 3700 8050 3699 8050 3715 8050 3715 8051 3699 8051 3698 8051 3715 8052 3698 8052 3716 8052 3695 8053 3703 8053 3717 8053 3312 8054 2499 8054 3718 8054 3718 8055 2499 8055 2697 8055 3718 8056 2697 8056 3719 8056 3719 8057 2697 8057 2698 8057 3719 8058 2698 8058 3720 8058 3720 8059 2698 8059 2699 8059 3720 8060 2699 8060 3721 8060 3611 8061 3612 8061 3706 8061 3706 8062 3612 8062 3704 8062 3706 8063 3704 8063 3709 8063 3709 8064 3704 8064 3722 8064 3709 8065 3722 8065 3711 8065 3711 8066 3722 8066 3723 8066 3711 8067 3723 8067 3713 8067 3713 8068 3723 8068 3724 8068 3713 8069 3724 8069 3715 8069 3715 8070 3724 8070 3717 8070 3715 8071 3717 8071 3700 8071 3700 8072 3717 8072 3703 8072 2699 8073 2700 8073 3721 8073 3721 8074 2700 8074 2696 8074 3721 8075 2696 8075 3725 8075 3725 8076 2696 8076 2693 8076 3311 8077 3312 8077 3704 8077 3704 8078 3312 8078 3718 8078 3704 8079 3718 8079 3722 8079 3722 8080 3718 8080 3719 8080 3722 8081 3719 8081 3723 8081 3723 8082 3719 8082 3720 8082 3723 8083 3720 8083 3724 8083 3724 8084 3720 8084 3721 8084 3724 8085 3721 8085 3717 8085 3717 8086 3721 8086 3725 8086 3717 8087 3725 8087 3695 8087 3695 8088 3725 8088 2693 8088 2704 8089 2706 8089 3557 8089 3726 8090 3727 8090 3728 8090 3729 8091 3730 8091 3731 8091 3732 8092 2715 8092 3733 8092 3733 8093 2715 8093 2704 8093 2711 8094 2713 8094 3726 8094 3726 8095 2713 8095 2717 8095 3726 8096 2717 8096 3727 8096 3727 8097 2717 8097 2716 8097 3729 8098 3731 8098 3734 8098 2915 8099 2914 8099 3735 8099 3735 8100 3736 8100 2915 8100 2915 8101 3736 8101 3728 8101 2915 8102 3728 8102 2917 8102 2917 8103 3728 8103 2918 8103 2918 8104 3728 8104 3727 8104 2918 8105 3727 8105 3732 8105 3732 8106 3727 8106 2716 8106 3732 8107 2716 8107 2715 8107 2704 8108 3557 8108 3733 8108 3733 8109 3557 8109 2938 8109 3733 8110 2938 8110 3732 8110 3732 8111 2938 8111 2940 8111 3732 8112 2940 8112 2918 8112 3737 8113 3734 8113 3738 8113 3738 8114 3734 8114 3731 8114 3738 8115 3731 8115 3739 8115 3739 8116 3731 8116 3740 8116 3739 8117 3740 8117 3741 8117 2712 8118 2711 8118 3741 8118 3741 8119 2711 8119 3726 8119 3741 8120 3726 8120 3739 8120 3739 8121 3726 8121 3728 8121 3739 8122 3728 8122 3738 8122 3738 8123 3728 8123 3736 8123 3738 8124 3736 8124 3737 8124 3737 8125 3736 8125 3735 8125 3731 8126 3742 8126 3743 8126 3731 8127 3743 8127 3740 8127 3740 8128 3743 8128 3744 8128 3740 8129 3744 8129 3741 8129 3741 8130 3744 8130 2720 8130 3741 8131 2720 8131 2712 8131 3731 8132 3730 8132 3742 8132 3742 8133 3730 8133 3745 8133 3742 8134 3745 8134 3746 8134 3746 8135 3747 8135 3742 8135 3742 8136 3747 8136 3748 8136 3742 8137 3748 8137 3743 8137 3743 8138 3748 8138 3749 8138 3743 8139 3749 8139 3744 8139 3744 8140 3749 8140 2721 8140 3744 8141 2721 8141 2720 8141 2733 8142 2732 8142 3750 8142 3750 8143 2732 8143 2729 8143 3750 8144 2729 8144 2728 8144 3750 8145 3751 8145 2733 8145 2733 8146 3751 8146 3752 8146 2733 8147 3752 8147 2734 8147 2734 8148 3752 8148 2735 8148 3753 8149 3754 8149 3755 8149 2726 8150 3756 8150 3757 8150 3757 8151 3756 8151 3758 8151 3757 8152 3758 8152 3759 8152 3759 8153 3758 8153 3753 8153 3759 8154 3753 8154 3760 8154 3760 8155 3753 8155 3755 8155 3760 8156 3755 8156 3761 8156 2757 8157 3762 8157 2761 8157 2761 8158 3762 8158 3752 8158 2761 8159 3752 8159 3761 8159 3761 8160 3752 8160 3751 8160 3761 8161 3751 8161 3760 8161 3760 8162 3751 8162 3750 8162 3760 8163 3750 8163 3759 8163 3759 8164 3750 8164 2728 8164 3759 8165 2728 8165 3757 8165 3757 8166 2728 8166 2727 8166 3757 8167 2727 8167 2726 8167 2756 8168 2758 8168 3763 8168 3763 8169 2758 8169 2760 8169 3763 8170 2760 8170 3764 8170 3764 8171 2760 8171 2759 8171 3764 8172 2759 8172 2737 8172 2737 8173 2759 8173 1985 8173 2737 8174 2736 8174 3764 8174 3764 8175 2736 8175 2735 8175 3764 8176 2735 8176 3763 8176 3763 8177 2735 8177 3752 8177 3763 8178 3752 8178 2756 8178 2756 8179 3752 8179 3762 8179 2756 8180 3762 8180 2757 8180 3756 8181 2726 8181 3765 8181 3765 8182 2726 8182 2725 8183 3765 8184 2725 8184 2721 8184 3756 8185 3765 8186 3758 8187 3758 8188 3765 8188 3766 8188 3758 8189 3766 8190 3753 8191 3753 8192 3766 8192 3767 8192 3753 8193 3767 8193 3754 8193 3768 8194 3769 8194 3754 8194 3747 8195 3746 8195 3769 8195 3769 8196 3768 8196 3747 8196 3747 8197 3768 8197 3770 8197 3747 8198 3770 8198 3748 8198 3748 8199 3770 8199 3771 8199 3748 8200 3771 8200 3749 8200 3754 8201 3767 8201 3768 8201 3768 8202 3767 8202 3766 8202 3768 8203 3766 8203 3770 8203 3770 8204 3766 8204 3765 8204 3770 8205 3765 8205 3771 8205 3771 8206 3765 8206 2721 8206 3771 8207 2721 8207 3749 8207 2746 8208 2853 8208 2740 8208 2740 8209 2853 8209 2741 8209 2741 8210 2853 8210 2743 8210 2743 8211 2853 8211 2834 8211 2743 8212 2834 8212 2744 8212 2762 8213 2761 8213 3772 8213 3772 8214 2761 8214 3761 8214 3772 8215 3761 8215 3773 8215 3773 8216 3761 8216 3755 8216 3773 8217 3755 8217 3754 8217 2764 8218 1988 8218 3774 8218 3774 8219 1988 8219 2763 8219 2762 8220 3772 8220 2763 8220 2763 8221 3772 8221 3775 8221 2763 8222 3775 8222 3774 8222 3776 8223 2771 8223 2773 8223 3777 8224 3778 8224 3776 8224 3779 8225 3780 8225 3781 8225 3781 8226 3780 8226 3782 8226 2920 8227 2919 8227 3782 8227 2920 8228 3782 8228 3783 8228 3782 8229 3780 8229 3783 8229 3783 8230 3780 8230 3784 8230 3783 8231 3784 8231 3785 8231 3785 8232 3784 8232 3786 8232 3785 8233 3786 8233 3787 8233 2777 8234 2776 8234 3788 8234 3776 8235 2773 8235 3777 8235 3777 8236 2773 8236 2778 8236 3777 8237 2778 8237 3789 8237 3789 8238 2778 8238 2777 8238 3789 8239 2777 8239 3790 8239 3790 8240 2777 8240 3788 8240 3790 8241 3788 8241 3791 8241 3745 8242 3787 8242 3791 8242 3791 8243 3787 8243 3786 8243 3791 8244 3786 8244 3790 8244 3790 8245 3786 8245 3784 8245 3790 8246 3784 8246 3789 8246 3789 8247 3784 8247 3780 8247 3789 8248 3780 8248 3777 8248 3777 8249 3780 8249 3779 8249 3777 8250 3779 8250 3778 8250 2771 8251 3792 8251 3793 8251 2771 8252 3793 8252 2772 8252 2772 8253 3793 8253 3794 8253 2772 8254 3794 8254 2774 8254 2872 8255 3794 8255 2897 8255 2897 8256 3794 8256 3793 8256 2897 8257 3793 8257 2898 8257 2898 8258 3793 8258 3792 8258 2774 8259 3794 8259 2768 8259 2768 8260 3794 8260 3795 8260 2768 8261 3795 8261 2769 8261 2769 8262 3795 8262 2770 8262 2770 8263 3795 8263 2794 8263 2770 8264 2794 8264 2014 8264 2801 8265 2794 8265 2871 8265 2871 8266 2794 8266 3795 8266 2871 8267 3795 8267 2872 8267 2872 8268 3795 8268 3794 8268 3769 8269 3746 8269 3796 8269 2775 8270 2764 8270 3797 8270 3797 8271 2764 8271 3774 8271 3797 8272 3774 8272 3798 8272 3798 8273 3774 8273 3775 8273 3798 8274 3775 8274 3799 8274 3799 8275 3775 8275 3772 8275 3799 8276 3772 8276 3800 8276 3800 8277 3772 8277 3773 8277 3800 8278 3773 8278 3796 8278 3796 8279 3773 8279 3754 8279 3796 8280 3754 8280 3769 8280 3746 8281 3745 8281 3791 8281 3797 8282 3788 8282 2775 8283 2775 8284 3788 8284 2776 8284 3746 8285 3791 8285 3796 8285 3796 8286 3791 8286 3788 8286 3796 8287 3788 8287 3800 8287 3797 8288 3798 8289 3788 8290 3788 8291 3798 8291 3799 8291 3788 8292 3799 8292 3800 8292 2843 8293 3801 8293 2844 8293 2844 8294 3801 8294 3802 8294 2844 8295 3802 8295 2854 8295 2854 8296 3802 8296 3803 8296 2854 8297 3803 8297 2852 8297 2852 8298 3803 8298 3804 8298 2852 8299 3804 8299 2851 8299 2851 8300 3804 8300 3805 8300 2851 8301 3805 8301 2850 8301 2850 8302 3805 8302 3806 8302 2850 8303 3806 8303 2838 8303 2838 8304 3806 8304 3807 8304 2838 8305 3807 8305 2856 8305 2856 8306 3807 8306 3808 8306 2856 8307 3808 8307 2857 8307 2857 8307 3808 8307 3809 8307 2857 8308 3809 8308 2840 8308 2840 8309 3809 8309 3810 8309 2840 8310 3810 8310 2841 8310 2841 8310 3810 8310 3811 8310 2841 8311 3811 8311 2842 8311 2842 8312 3811 8312 3812 8312 2842 8313 3812 8313 2843 8313 2843 8314 3812 8314 3801 8314 2845 8315 3813 8315 2847 8315 2847 8316 3813 8316 3814 8316 2847 8317 3814 8317 2848 8317 2848 8318 3814 8318 3815 8318 2848 8319 3815 8319 2849 8319 2849 8320 3815 8320 3816 8320 2849 8321 3816 8321 2860 8321 2860 8322 3816 8322 3817 8322 2860 8323 3817 8323 2855 8323 2855 8324 3817 8324 3818 8324 2855 8325 3818 8325 2839 8325 2839 8326 3818 8326 3819 8326 2839 8327 3819 8327 2858 8327 2858 8328 3819 8328 3820 8328 2858 8329 3820 8329 2862 8329 2862 8329 3820 8329 3821 8329 2862 8330 3821 8330 2861 8330 2861 8330 3821 8330 3822 8330 2861 8331 3822 8331 2859 8331 2859 8331 3822 8331 3823 8331 2859 8332 3823 8332 2846 8332 2846 8332 3823 8332 3824 8332 2846 8333 3824 8333 2845 8333 2845 8334 3824 8334 3813 8334 2898 8335 3792 8335 3825 8335 2898 8336 3825 8336 2873 8336 2873 8337 3825 8337 3826 8337 2873 8338 3826 8338 2874 8338 2874 8339 3826 8339 3827 8339 2874 8340 3827 8340 2895 8340 3781 8341 3782 8341 2876 8341 2876 8342 3782 8342 2919 8342 2876 8343 2919 8343 2877 8343 2876 8344 2895 8344 3781 8344 3781 8345 2895 8345 3827 8345 3781 8346 3827 8346 3779 8346 3779 8347 3827 8347 3826 8347 3779 8348 3826 8348 3778 8348 3778 8349 3826 8349 3825 8349 3778 8350 3825 8350 3776 8350 3776 8351 3825 8351 3792 8351 3776 8352 3792 8352 2771 8352 2924 2466 3729 2466 3734 2466 3734 8353 3737 8353 2924 8353 2924 2466 3737 2466 3735 2466 2924 2466 3735 2466 2925 2466 2925 2466 3735 2466 2914 2466 3745 8354 3730 8354 3787 8354 3787 2466 3730 2466 3729 2466 3787 2466 3729 2466 3785 2466 3785 2466 3729 2466 2924 2466 3785 2466 2924 2466 3783 2466 3783 8355 2924 8355 2922 8355 3783 2466 2922 2466 2920 2466 3828 8356 2937 8356 3829 8356 3829 8357 2937 8357 2936 8357 3829 8358 2936 8358 3830 8358 3830 8359 2936 8359 2953 8359 3830 8360 2953 8360 3831 8360 3831 8361 2953 8361 2952 8361 3831 8362 2952 8362 3832 8362 3832 8363 2952 8363 2951 8363 3832 8364 2951 8364 3833 8364 3833 8365 2951 8365 2950 8365 3833 8366 2950 8366 3834 8366 3834 8367 2950 8367 2949 8367 3834 8368 2949 8368 3835 8368 3835 8369 2949 8369 2948 8369 3835 8370 2948 8370 3836 8370 3836 8371 2948 8371 2942 8371 3836 8372 2942 8372 3837 8372 3837 8373 2942 8373 2941 8373 3837 8374 2941 8374 3838 8374 3838 8375 2941 8375 2939 8375 3838 8376 2939 8376 3839 8376 3839 8377 2939 8377 2938 8377 3839 8378 2938 8378 3840 8378 2938 8379 3558 8379 3840 8379 3840 8380 3558 8380 3556 8380 3840 8381 3556 8381 3841 8381 3841 8382 3556 8382 3555 8382 3841 8383 3555 8383 3842 8383 3842 8384 3555 8384 3559 8384 3842 8385 3559 8385 3843 8385 3843 8386 3559 8386 3560 8386 3843 8387 3560 8387 3844 8387 3844 8388 3560 8388 3561 8388 3844 8389 3561 8389 3845 8389 3845 8390 3561 8390 3562 8390 3845 8391 3562 8391 3846 8391 3846 8392 3562 8392 3563 8392 3846 8393 3563 8393 3847 8393 3847 8394 3563 8394 3564 8394 3847 8395 3564 8395 3848 8395 3848 8396 3564 8396 3565 8396 3848 8397 3565 8397 3849 8397 3849 8398 3565 8398 3566 8398 3849 8399 3566 8399 3850 8399 3850 8400 3566 8400 3581 8400 3850 8401 3581 8401 3851 8401 3851 8402 3581 8402 3580 8402 3851 8403 3580 8403 3852 8403 3852 8404 3580 8404 3579 8404 3852 8405 3579 8405 3853 8405 3853 8406 3579 8406 3578 8406 3853 8407 3578 8407 3854 8407 3854 8408 3578 8408 3577 8408 3854 8409 3577 8409 3855 8409 3855 8410 3577 8410 3576 8410 3855 8411 3576 8411 3856 8411 3856 8412 3576 8412 3575 8412 3856 8413 3575 8413 3857 8413 3857 8414 3575 8414 3574 8414 3857 8415 3574 8415 3858 8415 3858 8416 3574 8416 3573 8416 3858 8417 3573 8417 3859 8417 3859 8418 3573 8418 3572 8418 3859 8419 3572 8419 3860 8419 3860 8420 3572 8420 3571 8420 3860 8421 3571 8421 3861 8421 3861 8422 3571 8422 3570 8422 3861 8423 3570 8423 3862 8423 3862 8424 3570 8424 3569 8424 3862 8425 3569 8425 3863 8425 3863 8426 3569 8426 3568 8426 3863 8427 3568 8427 3864 8427 3864 8428 3568 8428 3567 8428 3864 8429 3567 8429 3865 8429 3865 8430 3567 8430 3553 8430 3865 8431 3553 8431 3866 8431 3866 8432 3553 8432 3554 8432 3866 8433 3554 8433 3867 8433 3867 8434 3554 8434 3551 8434 3867 8435 3551 8435 3868 8435 3868 8436 3551 8436 3548 8436 3868 8437 3548 8437 3869 8437 3869 8438 3548 8438 2946 8438 3869 8439 2946 8439 3828 8439 3828 8440 2946 8440 2945 8440 3828 8441 2945 8441 2937 8441 3870 8442 3871 8442 3872 8442 3873 8443 3874 8443 3875 8443 3875 8444 3874 8444 3876 8444 3875 8445 3876 8446 3872 8445 3872 8447 3876 8447 3877 8447 3872 8448 3877 8448 3870 8448 3878 8449 3879 8449 3873 8449 3873 8450 3879 8450 3880 8450 3873 8451 3880 8451 3874 8451 3881 8452 3882 8452 3883 8452 3883 8453 3882 8453 3884 8453 3883 8454 3884 8454 3885 8454 3885 8455 3884 8455 3886 8455 3885 8456 3886 8456 3878 8456 3878 8457 3886 8457 3887 8457 3878 8458 3887 8458 3879 8458 3888 8459 3889 8459 3881 8459 3881 8460 3889 8460 3890 8460 3881 8461 3890 8461 3882 8461 3891 8462 3892 8462 3893 8462 3893 8463 3892 8463 3894 8463 3893 8464 3894 8464 3888 8464 3888 8465 3894 8465 3895 8465 3888 8466 3895 8466 3889 8466 3896 8467 3897 8467 3891 8467 3891 8468 3897 8468 3898 8468 3891 8469 3898 8469 3892 8469 3899 8470 3900 8470 3901 8470 3901 8471 3900 8471 3902 8471 3901 8472 3902 8472 3903 8472 3903 8473 3902 8473 3904 8473 3903 8474 3904 8474 3896 8474 3896 8475 3904 8475 3905 8475 3896 8476 3905 8476 3897 8476 3906 8477 3907 8477 3899 8477 3899 8478 3907 8478 3908 8478 3899 8479 3908 8479 3900 8479 3909 8480 3910 8480 3911 8480 3911 8481 3910 8481 3912 8481 3911 8482 3912 8482 3906 8482 3906 8483 3912 8483 3913 8483 3906 8484 3913 8484 3907 8484 3914 8485 3915 8485 3909 8485 3909 8486 3915 8486 3916 8486 3909 8487 3916 8487 3910 8487 3917 8488 3918 8488 3919 8488 3919 8489 3918 8489 3920 8489 3919 8490 3920 8490 3921 8490 3921 8491 3920 8491 3922 8491 3921 8492 3922 8492 3914 8492 3914 8493 3922 8493 3923 8493 3914 8494 3923 8494 3915 8494 3924 8495 3925 8495 3917 8495 3917 8496 3925 8496 3926 8496 3917 8497 3926 8497 3918 8497 3927 8498 3928 8498 3929 8498 3929 8499 3928 8499 3930 8499 3929 8500 3930 8500 3924 8500 3924 8501 3930 8501 3931 8501 3924 8502 3931 8502 3925 8502 3932 8503 3933 8503 3927 8503 3927 8504 3933 8504 3934 8504 3927 8505 3934 8505 3928 8505 3935 8506 3936 8507 3937 8506 3937 8508 3936 8508 3938 8508 3937 8509 3938 8509 3939 8509 3939 8510 3938 8510 3940 8510 3939 8511 3940 8511 3932 8511 3932 8512 3940 8513 3941 8514 3932 8515 3941 8515 3933 8515 3942 8516 3943 8516 3935 8516 3935 8517 3943 8517 3944 8517 3935 8518 3944 8518 3936 8518 3945 8519 3946 8519 3947 8519 3947 8520 3946 8520 3948 8520 3947 8521 3948 8521 3942 8521 3942 8522 3948 8522 3949 8522 3942 8523 3949 8523 3943 8523 3950 8524 3951 8524 3945 8524 3945 8525 3951 8525 3952 8525 3945 8526 3952 8526 3946 8526 3953 8527 3954 8527 3955 8527 3955 8528 3954 8528 3956 8528 3955 8529 3956 8529 3957 8529 3957 8530 3956 8530 3958 8530 3957 8531 3958 8531 3950 8531 3950 8532 3958 8532 3959 8532 3950 8533 3959 8533 3951 8533 3960 8534 3961 8534 3953 8534 3953 8535 3961 8535 3962 8535 3953 8536 3962 8536 3954 8536 3963 8537 3964 8537 3965 8537 3965 8538 3964 8538 3966 8538 3965 8539 3966 8539 3960 8539 3960 8540 3966 8540 3967 8540 3960 8541 3967 8541 3961 8541 3968 8542 3969 8542 3963 8542 3963 8543 3969 8543 3970 8543 3963 8544 3970 8544 3964 8544 3870 8545 3971 8545 3871 8545 3871 8546 3971 8546 3972 8546 3871 8547 3972 8547 3973 8547 3973 8548 3972 8548 3974 8548 3973 8549 3974 8549 3975 8549 3975 8550 3974 8550 3976 8550 3975 8551 3976 8551 3968 8551 3968 8552 3976 8552 3977 8552 3968 8553 3977 8553 3969 8553 3861 8554 3978 8554 3860 8554 3860 8555 3978 8555 3979 8555 3860 8556 3979 8556 3859 8556 3859 8557 3979 8557 3980 8557 3859 8558 3980 8558 3858 8558 3858 8559 3980 8559 3981 8559 3858 8560 3981 8560 3857 8560 3857 8561 3981 8561 3982 8561 3857 8562 3982 8562 3856 8562 3856 8563 3982 8563 3983 8563 3856 8564 3983 8564 3855 8564 3855 8565 3983 8565 3984 8565 3855 8566 3984 8566 3854 8566 3854 8567 3984 8567 3985 8567 3854 8568 3985 8568 3853 8568 3853 8569 3985 8569 3986 8569 3853 8570 3986 8570 3852 8570 3852 8571 3986 8571 3987 8571 3852 8572 3987 8572 3851 8572 3851 8573 3987 8573 3988 8573 3851 8574 3988 8574 3850 8574 3850 8575 3988 8575 3989 8575 3850 8576 3989 8576 3849 8576 3849 8577 3989 8577 3990 8577 3849 8578 3990 8578 3848 8578 3848 8579 3990 8579 3991 8579 3848 8580 3991 8580 3847 8580 3847 8581 3991 8581 3992 8581 3847 8582 3992 8582 3846 8582 3846 8583 3992 8583 3993 8583 3846 8584 3993 8584 3845 8584 3845 8585 3993 8585 3994 8585 3845 8586 3994 8586 3844 8586 3844 8587 3994 8587 3995 8587 3844 8588 3995 8588 3843 8588 3843 8589 3995 8589 3996 8589 3843 8590 3996 8590 3842 8590 3842 8591 3996 8591 3997 8591 3842 8592 3997 8592 3841 8592 3841 8593 3997 8593 3998 8593 3841 8594 3998 8594 3840 8594 3840 8595 3998 8595 3999 8595 3840 8596 3999 8596 3839 8596 3839 8597 3999 8597 4000 8597 3839 8598 4000 8598 3838 8598 3838 8599 4000 8599 4001 8599 3838 8600 4001 8600 3837 8600 3837 8601 4001 8601 4002 8601 3837 8602 4002 8602 3836 8602 3836 8603 4002 8603 4003 8603 3836 8604 4003 8604 3835 8604 3835 8605 4003 8605 4004 8605 3835 8606 4004 8606 3834 8606 3834 8607 4004 8607 4005 8607 3834 8608 4005 8608 3833 8608 3833 8609 4005 8609 4006 8609 3833 8610 4006 8610 3832 8610 3832 8611 4006 8611 4007 8611 3832 8612 4007 8612 3831 8612 3831 8613 4007 8613 4008 8613 3831 8614 4008 8614 3830 8614 3830 8615 4008 8615 4009 8615 3830 8616 4009 8616 3829 8616 3829 8617 4009 8617 4010 8617 3829 8618 4010 8618 3828 8618 3828 8619 4010 8619 4011 8619 3828 8620 4011 8620 3869 8620 3869 8621 4011 8621 4012 8621 3869 8622 4012 8622 3868 8622 3868 8623 4012 8623 4013 8623 3868 8624 4013 8624 3867 8624 3867 8625 4013 8625 4014 8625 3867 8626 4014 8626 3866 8626 3866 8627 4014 8627 4015 8627 3866 8628 4015 8628 3865 8628 3865 8629 4015 8629 4016 8629 3865 8630 4016 8630 3864 8630 3864 8631 4016 8631 4017 8631 3864 8632 4017 8632 3863 8632 3863 8633 4017 8633 4018 8633 3863 8634 4018 8634 3862 8634 3862 8635 4018 8635 4019 8635 3862 8636 4019 8636 3861 8636 3861 8637 4019 8637 3978 8637 3978 8638 3973 8638 3979 8638 3979 8639 3973 8639 3975 8639 3979 8640 3975 8640 3980 8640 3980 8641 3975 8641 3968 8641 3980 8642 3968 8642 3981 8642 3981 8643 3968 8643 3963 8643 3981 8644 3963 8644 3982 8644 3982 8645 3963 8645 3965 8645 3982 8646 3965 8646 3983 8646 3983 8647 3965 8647 3960 8647 3983 8648 3960 8648 3984 8648 3984 8649 3960 8649 3953 8649 3984 8650 3953 8650 3985 8650 3985 8651 3953 8651 3955 8651 3985 8652 3955 8652 3986 8652 3986 8653 3955 8653 3957 8653 3986 8654 3957 8654 3987 8654 3987 8655 3957 8655 3950 8655 3987 8656 3950 8656 3988 8656 3988 8657 3950 8657 3945 8657 3988 8658 3945 8658 3989 8658 3989 8659 3945 8659 3947 8659 3989 8660 3947 8660 3990 8660 3990 8661 3947 8661 3942 8661 3990 8662 3942 8662 3991 8662 3991 8663 3942 8663 3935 8663 3991 8664 3935 8664 3992 8664 3992 8665 3935 8665 3937 8665 3992 8666 3937 8666 3993 8666 3993 8667 3937 8667 3939 8667 3993 8668 3939 8668 3994 8668 3994 8669 3939 8669 3932 8669 3994 8670 3932 8670 3995 8670 3995 8671 3932 8671 3927 8671 3995 8672 3927 8672 3996 8672 3996 8673 3927 8673 3929 8673 3996 8674 3929 8674 3997 8674 3997 8675 3929 8675 3924 8675 3997 8676 3924 8676 3998 8676 3998 8677 3924 8677 3917 8677 3998 8678 3917 8678 3999 8678 3999 8679 3917 8679 3919 8679 3999 8680 3919 8680 4000 8680 4000 8681 3919 8681 3921 8681 4000 8682 3921 8682 4001 8682 4001 8683 3921 8683 3914 8683 4001 8684 3914 8684 4002 8684 4002 8685 3914 8685 3909 8685 4002 8686 3909 8686 4003 8686 4003 8687 3909 8687 3911 8687 4003 8688 3911 8688 4004 8688 4004 8689 3911 8689 3906 8689 4004 8690 3906 8690 4005 8690 4005 8691 3906 8691 3899 8691 4005 8692 3899 8692 4006 8692 4006 8693 3899 8693 3901 8693 4006 8694 3901 8694 4007 8694 4007 8695 3901 8695 3903 8695 4007 8696 3903 8696 4008 8696 4008 8697 3903 8697 3896 8697 4008 8698 3896 8698 4009 8698 4009 8699 3896 8699 3891 8699 4009 8700 3891 8700 4010 8700 4010 8701 3891 8701 3893 8701 4010 8702 3893 8702 4011 8702 4011 8703 3893 8703 3888 8703 4011 8704 3888 8704 4012 8704 4012 8705 3888 8705 3881 8705 4012 8706 3881 8706 4013 8706 4013 8707 3881 8707 3883 8707 4013 8708 3883 8708 4014 8708 4014 8709 3883 8709 3885 8709 4014 8710 3885 8710 4015 8710 4015 8711 3885 8711 3878 8711 4015 8712 3878 8712 4016 8712 4016 8713 3878 8713 3873 8713 4016 8714 3873 8714 4017 8714 4017 8715 3873 8715 3875 8715 4017 8716 3875 8716 4018 8716 4018 8717 3875 8717 3872 8717 4018 8718 3872 8718 4019 8718 4019 8719 3872 8719 3871 8719 4019 8720 3871 8720 3978 8720 3978 8721 3871 8721 3973 8721 2943 8722 2944 8723 2208 8724 2955 8725 2960 8725 2959 8725 2956 8726 2955 8726 3552 8726 3552 8727 2955 8727 2959 8727 3552 8728 2959 8728 2957 8728 2957 8729 2959 8729 2958 8729 3512 8730 3497 8730 4020 8730 4020 8731 3497 8731 3144 8731 3512 8732 4020 8732 3511 8732 3511 8733 4020 8733 4021 8733 3511 8734 4021 8734 3510 8734 3510 8735 4021 8735 3519 8735 3519 8736 4021 8736 4022 8736 3519 8737 4022 8737 4023 8737 4023 8738 4022 8738 2984 8738 4023 8739 2984 8739 2978 8739 3144 8740 3143 8740 4020 8740 4020 8741 3143 8741 3131 8741 4020 8742 3131 8742 4021 8742 4021 8743 3131 8743 3130 8743 4021 8744 3130 8744 4022 8744 4022 8745 3130 8745 3145 8745 4022 8746 3145 8746 2984 8746 2984 8747 3145 8747 2286 8747 2272 8748 3129 8748 4024 8748 2272 8749 4024 8749 3012 8749 3012 8750 4024 8750 4025 8750 3012 8751 4025 8751 3009 8751 3120 8752 4026 8752 4027 8752 3010 8753 3009 8753 4028 8753 2988 8754 3000 8754 4029 8754 4029 8755 3000 8755 4030 8755 4029 8756 4030 8756 4031 8756 3008 8757 3010 8758 3006 8759 3006 8760 3010 8761 4030 8762 3006 8763 4030 8763 3004 8763 3004 8764 4030 8764 3000 8764 3004 8765 3000 8766 2999 8767 3053 8768 3054 8768 4032 8768 4032 8769 3054 8769 3042 8769 4032 8770 3042 8770 4031 8770 3042 8771 3041 8771 4031 8771 4031 8772 3041 8772 3039 8772 4031 8773 3039 8773 3037 8773 3037 8774 4033 8774 4031 8774 4031 8775 4033 8775 4034 8775 4031 8776 4034 8776 4029 8776 4027 8777 4035 8777 3029 8777 3029 8778 3028 8778 4036 8778 4036 8779 3028 8779 3033 8779 4036 8780 3033 8780 3032 8780 3053 8781 4037 8781 3035 8781 3035 8782 4037 8782 4036 8782 3035 8783 4036 8784 3034 8785 3034 8786 4036 8786 3032 8786 3029 8787 4036 8787 4027 8787 4027 8788 4036 8788 3105 8788 4027 8789 3105 8789 3120 8789 3053 8790 4032 8790 4037 8790 4037 8791 4032 8791 3104 8791 4037 8792 3104 8792 3102 8792 3102 8793 3101 8794 4037 8795 4037 8796 3101 8796 3108 8796 4037 8797 3108 8797 4036 8797 4036 8798 3108 8798 3106 8798 4036 8799 3106 8799 3105 8799 3111 8800 3099 8800 4031 8800 4031 8801 3099 8801 3097 8801 4031 8802 3097 8802 4032 8802 4032 8803 3097 8803 3096 8803 4032 8804 3096 8804 3104 8804 3010 8805 4028 8805 4030 8805 4030 8806 4028 8806 4038 8806 4030 8807 4038 8807 4031 8807 4031 8808 4038 8808 4039 8808 4031 8809 4039 8809 3111 8809 3022 8810 2224 8810 2989 8810 2988 8811 4040 8811 2989 8811 2989 8812 4040 8812 4041 8812 2989 8813 4041 8813 3022 8813 3055 8814 3022 8814 3036 8814 3036 8815 3022 8815 4033 8815 3036 8816 4033 8816 3037 8816 2233 8817 3024 8818 3055 8819 3055 8820 3024 8820 3023 8820 3055 8821 3023 8821 3022 8821 3061 8822 2229 8822 3059 8822 3061 8823 3059 8823 4042 8823 4043 8824 3044 8824 4044 8824 4044 8825 3044 8825 3043 8825 4044 8826 3043 8826 4035 8826 4035 8827 3043 8827 3030 8827 4035 8828 3030 8828 3029 8828 3059 8829 3048 8829 4042 8829 4042 8830 3048 8830 3046 8830 4042 8831 3046 8831 4043 8831 4043 8832 3046 8832 3045 8832 4043 8833 3045 8833 3044 8833 4045 8834 4046 8834 3083 8834 4047 8835 4048 8835 4049 8835 4049 8836 4048 8836 4050 8836 4049 8837 4050 8837 4046 8837 3083 8838 3095 8838 4045 8838 4045 8839 3095 8839 3094 8839 4045 8840 3094 8840 4051 8840 4051 8841 3094 8841 3093 8841 4051 8842 3093 8842 4052 8842 4052 8843 3093 8843 3060 8843 4052 8844 3060 8844 3065 8844 4046 8845 4045 8845 4049 8845 4049 8846 4045 8846 4051 8846 4049 8847 4051 8847 4053 8847 4053 8848 4051 8848 4052 8848 4053 8849 4052 8849 4054 8849 4054 8850 4052 8850 3065 8850 4054 8851 3065 8851 3064 8851 4047 8852 4049 8852 4055 8852 4055 8853 4049 8853 4053 8853 4055 8854 4053 8854 4056 8854 4056 8855 4053 8855 4054 8855 4056 8856 4054 8856 4057 8856 4057 8857 4054 8857 3064 8857 4057 8858 3064 8858 3063 8858 4057 8859 3063 8859 3062 8859 4058 8860 4047 8860 4055 8860 4058 8861 4055 8861 4059 8861 4059 8862 4055 8862 4056 8862 4059 8863 4056 8863 4060 8863 4060 8864 4056 8864 4057 8864 4060 8865 4057 8865 4061 8865 4061 8866 4057 8866 3062 8866 4061 8867 3062 8867 3061 8867 3061 8868 4042 8868 4061 8868 4061 8869 4042 8869 4043 8869 4061 8870 4043 8870 4060 8870 4060 8871 4043 8871 4044 8871 4060 8872 4044 8872 4059 8872 4059 8873 4044 8873 4035 8873 4059 8874 4035 8874 4058 8874 3066 5266 3067 5266 4062 5266 3079 5266 3080 5266 4062 5266 4062 5266 3080 5266 3081 5266 4062 5266 3081 5266 3066 5266 3076 5266 3077 5266 4062 5266 4062 5266 3077 5266 3078 5266 4062 5266 3078 5266 3079 5266 3073 5266 3074 5266 4062 5266 4062 5266 3074 5266 3075 5266 4062 5266 3075 5266 3076 5266 3070 5266 3071 5266 4062 5266 4062 5266 3071 5266 3072 5266 4062 5266 3072 5266 3073 5266 3067 5266 3068 5266 4062 5266 4062 5266 3068 5266 3069 5266 4062 5266 3069 5266 3070 5266 4047 8875 4063 8875 4064 8875 4047 8876 4064 8876 4048 8876 4048 8877 4064 8877 4065 8877 4048 8878 4065 8878 4050 8878 4050 8879 4065 8879 4066 8879 4050 8880 4066 8880 4046 8880 4066 8881 4067 8881 4046 8881 4046 8882 4067 8882 3082 8882 4046 8883 3082 8883 3083 8883 4064 8884 4063 8884 4068 8884 4067 8885 4066 8885 4069 8885 4069 8886 4066 8886 4065 8886 3087 8887 3082 8887 4067 8887 4070 8888 4068 8888 4071 8888 4070 8889 4071 8889 4072 8889 4072 8890 4071 8890 4073 8890 4072 8891 4073 8891 4074 8891 4074 8892 4073 8892 3088 8892 4074 8893 3088 8893 3092 8893 4064 8894 4068 8894 4065 8894 4065 8895 4068 8895 4070 8895 4065 8896 4070 8896 4069 8896 4069 8897 4070 8897 4072 8897 4069 8898 4072 8898 4075 8898 4075 8899 4072 8899 4074 8899 4075 8900 4074 8900 4076 8900 4076 8901 4074 8901 3092 8901 4076 8902 3092 8902 3091 8902 4067 8903 4069 8903 3087 8903 3087 8904 4069 8904 4075 8904 3087 8905 4075 8905 3086 8905 3086 8906 4075 8906 4076 8906 3086 8907 4076 8907 3084 8907 3084 8908 4076 8908 3091 8908 3084 8909 3091 8909 3085 8909 4077 8910 3090 8910 3089 8910 4078 8911 4026 8911 4079 8911 4078 8912 4079 8912 4080 8912 4080 8913 4079 8913 4081 8913 4080 8914 4081 8914 4082 8914 4082 8915 4081 8915 4077 8915 4082 8916 4077 8916 4083 8916 4083 8917 4077 8917 3089 8917 4083 8918 3089 8918 3088 8918 3088 8919 4073 8919 4083 8919 4083 8920 4073 8920 4071 8920 4083 8921 4071 8921 4082 8921 4082 8922 4071 8922 4068 8922 4082 8923 4068 8923 4080 8923 4080 8924 4068 8924 4063 8924 4080 8925 4063 8925 4078 8925 4077 8926 3126 8926 3090 8926 3090 8927 3126 8927 3127 8927 3090 8928 3127 8928 2269 8928 4026 8929 3120 8929 3121 8929 4026 8930 3121 8930 4079 8930 4079 8931 3121 8931 3122 8931 4079 8932 3122 8932 4081 8932 3122 8933 3123 8933 4081 8933 4081 8934 3123 8934 3124 8934 4081 8935 3124 8935 4077 8935 4077 8936 3124 8936 3125 8936 4077 8937 3125 8937 3126 8937 3128 8938 2266 8939 3110 8940 3111 8941 4039 8941 3110 8941 3110 8942 4039 8942 3129 8942 3110 8943 3129 8943 3128 8943 3144 8944 3497 8944 3494 8944 3142 2512 3182 2512 3140 2512 3140 2512 3182 2512 3187 2512 3140 8945 3187 8945 3138 8945 3138 8946 3187 8946 3190 8946 3138 8947 3190 8947 3136 8947 3142 2512 3144 2512 3182 2512 3182 8948 3144 8948 3494 8948 3182 8949 3494 8949 3183 8949 3183 8950 3494 8950 3493 8950 3183 8951 3493 8951 3207 8951 3207 8952 3493 8952 3208 8952 4084 8953 3194 8953 4085 8953 3694 8954 4086 8954 4087 8954 4087 8955 4086 8955 4088 8955 4087 8956 4088 8956 4089 8956 4089 8957 4088 8957 4090 8957 4089 8958 4090 8958 4091 8958 4091 8959 4090 8959 4085 8959 4091 8960 4085 8960 4092 8960 4092 8961 4085 8961 3194 8961 4092 8962 3194 8962 3193 8962 4088 8963 4093 8963 4090 8963 4090 8964 4093 8964 4094 8964 4090 8965 4094 8965 4085 8965 4085 8966 4094 8966 4095 8966 4085 8967 4095 8967 4084 8967 4096 8968 3217 8968 3216 8968 4093 8969 4088 8969 4097 8969 2315 8970 3192 8970 4098 8970 2315 8971 4098 8971 3216 8971 4099 8972 4096 8973 4100 8972 4100 8974 4096 8974 3216 8974 4100 8975 3216 8975 4101 8975 4101 8976 3216 8976 4098 8976 4094 8977 4102 8977 4095 8977 4095 8978 4102 8978 4103 8978 4095 8979 4103 8979 4084 8979 4084 8980 4103 8980 4104 8980 4084 8981 4104 8981 3194 8981 4102 8982 4105 8982 4103 8982 4103 8983 4105 8983 4106 8983 4103 8984 4106 8984 4104 8984 4104 8985 4106 8985 4107 8985 4104 8986 4107 8986 3194 8986 3194 8987 4107 8987 3195 8987 3192 8988 3195 8988 4098 8989 4098 8990 3195 8990 4107 8990 4098 8991 4107 8991 4101 8991 4101 8992 4107 8992 4106 8992 4101 8993 4106 8993 4100 8993 4100 8994 4106 8994 4105 8994 4100 8995 4105 8995 4099 8995 4099 8996 4105 8996 4102 8996 4099 8997 4102 8997 4097 8997 4097 8998 4102 8998 4094 8998 4097 8999 4094 8999 4093 8999 3247 9000 4108 9000 4109 9000 4109 9001 4108 9001 4110 9001 4109 9002 4110 9002 4111 9002 3248 9003 2360 9003 4112 9003 4112 9004 2360 9004 3214 9004 4112 9005 3214 9006 4113 9007 4113 9008 3214 9008 3213 9008 4113 9009 3213 9009 3212 9009 3247 9010 3248 9010 4108 9010 4108 9011 3248 9011 4112 9011 4108 9012 4112 9013 4110 9014 4110 9015 4112 9015 4113 9015 4110 9016 4113 9016 4111 9016 4111 9017 4113 9017 3212 9017 3219 9018 3218 9018 4114 9018 4114 9019 3218 9019 3217 9019 3210 9020 3209 9020 4115 9020 4115 9021 3209 9021 3222 9021 4115 9022 3222 9022 4116 9022 4116 9023 3222 9023 3221 9023 4116 9024 3221 9024 3219 9024 3689 9025 3666 9025 4117 9025 4117 9026 3666 9026 4118 9026 4117 9027 4118 9027 4119 9027 4096 9028 4099 9028 3217 9028 3217 9029 4099 9029 4097 9029 3217 9030 4097 9030 4114 9030 4114 9031 4097 9031 4088 9031 4114 9032 4088 9032 4120 9032 4120 9033 4088 9033 3687 9033 4120 9034 3687 9034 4121 9034 4121 9035 3687 9035 3685 9035 4121 9036 3685 9037 3683 9038 3212 9039 3210 9039 4122 9039 4122 9040 3210 9040 4115 9040 4122 9041 4115 9041 4123 9041 4123 9042 4115 9042 4116 9042 4123 9043 4116 9043 4124 9043 3690 9044 3689 9044 4125 9044 4125 9045 3689 9045 4117 9045 4125 9046 4117 9046 4126 9046 4126 9047 4117 9047 4119 9047 4126 9048 4119 9048 4127 9048 4111 9049 3212 9049 4127 9049 4127 9050 3212 9050 4122 9050 4127 9051 4122 9051 4126 9051 4126 9052 4122 9052 4123 9052 4126 9053 4123 9053 4125 9053 4125 9054 4123 9054 4124 9054 4125 9055 4124 9055 4128 9055 3219 9056 4114 9056 4116 9056 4116 9057 4114 9057 4120 9057 4116 9058 4120 9058 4124 9058 4124 9059 4120 9059 4121 9059 4124 9060 4121 9060 4128 9060 4128 9061 4121 9062 3683 9062 4128 9063 3683 9063 4125 9063 4125 9064 3683 9064 3682 9064 4125 9065 3682 9065 3690 9065 4129 9066 4130 9066 4131 9066 4129 9067 4132 9067 4130 9067 4130 9068 4132 9068 4133 9068 4130 9069 4133 9069 4134 9069 4134 9070 4133 9070 4135 9070 4134 9071 4135 9071 4136 9071 3249 9072 3247 9072 4137 9072 4137 9073 3247 9073 4109 9073 4137 9074 4109 9074 4111 9074 4138 9075 3223 9075 3251 9075 3224 9076 3223 9076 4139 9076 4139 9077 3223 9077 4138 9077 4139 9078 4138 9078 4140 9078 4111 9079 4136 9079 4137 9079 4137 9080 4136 9080 4135 9080 4137 9081 4135 9081 3249 9081 3249 9082 4135 9082 4133 9082 3249 9083 4133 9083 3250 9083 3250 9084 4133 9084 4132 9084 3250 9085 4132 9085 3251 9085 3251 9086 4132 9086 4129 9086 3251 9087 4129 9087 4138 9087 4138 9088 4129 9088 4131 9088 4138 9089 4131 9089 4140 9089 3661 9090 3623 9090 4141 9090 3649 9091 3648 9092 4142 9093 4142 9094 3648 9094 3661 9094 4143 9095 4144 9095 4145 9095 4145 9096 4146 9097 4143 9098 4143 9099 4146 9099 4147 9099 4143 9100 4147 9100 4148 9100 3225 9101 3224 9101 4149 9101 4149 9102 4150 9102 3225 9102 3225 9103 4150 9103 4151 9103 3225 9104 4151 9104 4152 9104 4152 9105 4144 9105 3225 9105 3225 9106 4144 9106 4143 9106 3225 9107 4143 9107 3244 9107 3244 9108 4143 9108 4153 9108 3244 9109 4153 9109 3241 9109 3241 9110 4153 9110 4154 9110 3241 9111 4154 9111 3240 9111 4155 9112 4156 9112 4157 9112 4157 9113 4156 9113 4158 9113 3240 9114 4154 9114 3238 9114 3238 9115 4154 9115 4157 9115 3238 9116 4157 9116 3236 9116 3236 9117 4157 9117 4158 9117 3236 9118 4158 9118 3231 9118 4159 9119 3716 9119 4160 9119 3661 9120 4141 9120 4142 9120 4142 9121 4141 9121 4161 9121 4142 9122 4161 9122 4162 9122 4162 9123 4161 9123 4163 9123 4162 9124 4163 9124 4164 9124 4164 9125 4163 9125 4159 9125 4164 9126 4159 9126 4165 9126 4165 9127 4159 9127 4160 9127 4165 9128 4160 9128 4155 9128 4155 9129 4157 9129 4165 9129 4165 9130 4157 9130 4154 9130 4165 9131 4154 9131 4164 9131 4164 9132 4154 9132 4153 9132 4164 9133 4153 9133 4162 9133 4162 9134 4153 9134 4143 9134 4162 9135 4143 9135 4142 9135 4142 9136 4143 9136 4148 9136 4142 9137 4148 9137 3649 9137 4166 9138 3232 9138 3231 9138 3716 9139 3698 9139 4160 9139 4160 9140 3698 9140 4167 9140 4160 9141 4167 9141 4155 9141 4155 9142 4167 9142 4168 9142 4155 9143 4168 9143 4156 9143 4156 9144 4168 9144 4166 9144 4156 9145 4166 9145 4158 9145 4158 9146 4166 9146 3231 9146 3698 9147 3697 9147 4167 9147 4167 9148 3697 9148 4169 9148 4167 9149 4169 9149 4168 9149 4168 9150 4169 9150 4170 9150 4168 9151 4170 9151 4166 9151 4166 9152 4170 9152 4171 9152 4166 9153 4171 9153 3232 9153 3232 9154 4171 9154 3233 9154 4172 9155 4173 9155 4174 9155 2339 9156 4175 9156 3252 9156 3228 9157 4176 9157 3229 9157 3227 9158 3234 9158 4177 9158 4177 9159 3234 9159 3233 9159 4177 9160 3233 9160 4171 9160 4176 9161 3228 9161 4178 9161 4179 9162 4180 9162 4175 9162 4175 9163 4180 9163 4181 9163 4175 9164 4181 9164 3252 9164 4172 9165 4182 9165 4173 9165 4173 9166 4182 9167 4183 9168 4173 9169 4183 9169 4179 9169 4179 9170 4183 9170 4184 9170 4179 9171 4184 9171 4180 9171 3697 9172 4185 9173 4169 9174 4169 9175 4185 9175 4186 9175 4169 9176 4186 9176 4174 9176 4174 9177 4186 9177 4187 9177 4174 9178 4187 9178 4172 9178 4171 9179 4170 9179 4177 9179 4177 9180 4170 9180 4178 9180 4177 9181 4178 9181 3227 9181 3227 9182 4178 9182 3228 9182 2339 9183 3226 9183 4175 9183 4175 9184 3226 9184 3230 9184 4175 9185 3230 9185 4179 9185 4179 9186 3230 9186 3229 9186 4179 9187 3229 9187 4173 9187 4173 9188 3229 9188 4176 9188 4173 9189 4176 9189 4174 9189 4174 9190 4176 9190 4178 9190 4174 9191 4178 9191 4169 9191 4169 9192 4178 9192 4170 9192 4188 9193 3701 9193 4189 9193 4188 9194 4186 9194 4185 9194 3701 9195 4188 9195 3696 9195 3696 9196 4188 9196 4185 9196 3696 9197 4185 9198 3697 9199 4183 9200 4182 9201 4189 9202 4189 9203 4182 9203 4172 9203 4189 9204 4172 9204 4188 9204 4188 9205 4172 9205 4187 9205 4188 9206 4187 9206 4186 9206 4190 9207 4181 9207 4180 9207 3701 9208 3702 9208 4189 9208 4189 9209 3702 9209 4191 9209 4189 9210 4191 9210 4183 9210 4183 9211 4191 9211 4190 9211 4183 9212 4190 9212 4184 9212 4184 9213 4190 9213 4180 9213 3702 9214 2692 9214 4191 9214 4191 9215 2692 9215 3253 9215 4191 9216 3253 9216 4190 9216 4190 9217 3253 9217 3255 9217 4190 9218 3255 9218 4181 9218 4181 9219 3255 9219 3256 9219 4181 9220 3256 9220 3252 9220 3252 9221 3256 9221 2337 9221 3169 9222 3270 9222 3289 9222 3289 9223 3270 9223 3268 9223 3289 9224 3268 9224 3287 9224 3287 9225 3268 9225 3267 9225 3287 9226 3267 9226 3264 9226 3273 8303 4192 8303 3286 8303 3286 8304 4192 8304 4193 8304 3286 8301 4193 8301 3288 8301 3288 8302 4193 8302 4194 8302 3288 9227 4194 9227 3290 9227 3290 9228 4194 9228 4195 9228 3290 8297 4195 8297 3291 8297 3291 8298 4195 8298 4196 8298 3291 9229 4196 9229 3292 9229 3292 9230 4196 9230 4197 9230 3292 9231 4197 9231 3298 9231 3298 9232 4197 9232 4198 9232 3298 9233 4198 9233 3284 9233 3284 9234 4198 9234 4199 9234 3284 8312 4199 8312 3283 8312 3283 8311 4199 8311 4200 8311 3283 8310 4200 8310 3281 8310 3281 8310 4200 8310 4201 8310 3281 8309 4201 8309 3279 8309 3279 8308 4201 8308 4202 8308 3279 8307 4202 8307 3277 8307 3277 8307 4202 8307 4203 8307 3277 8305 4203 8305 3273 8305 3273 8306 4203 8306 4192 8306 3297 9235 4204 9235 3296 9235 3296 9236 4204 9236 4205 9236 3296 8323 4205 8323 3295 8323 3295 8324 4205 8324 4206 8324 3295 8321 4206 8321 3294 8321 3294 8322 4206 8322 4207 8322 3294 8319 4207 8319 3293 8319 3293 8320 4207 8320 4208 8320 3293 8317 4208 8317 3275 8317 3275 8318 4208 8318 4209 8318 3275 9237 4209 9237 3274 9237 3274 9238 4209 9238 4210 9238 3274 9239 4210 9239 3276 9239 3276 9240 4210 9240 4211 9240 3276 8332 4211 8332 3301 8332 3301 8332 4211 8332 4212 8332 3301 8331 4212 8331 3302 8331 3302 8331 4212 8331 4213 8331 3302 8330 4213 8330 3300 8330 3300 8330 4213 8330 4214 8330 3300 8329 4214 8329 3299 8329 3299 8329 4214 8329 4215 8329 3299 9241 4215 9241 3297 9241 3297 9242 4215 9242 4204 9242 4216 9243 4217 9243 4218 9243 4218 2512 4217 2512 4219 2512 4218 2512 4219 2512 4220 2512 4220 9244 4219 9244 4221 9244 4220 9245 4221 9245 4222 9245 4222 9246 4221 9246 4223 9246 4222 2512 4223 2512 4224 2512 4224 9247 4223 9247 4225 9247 4224 2512 4225 2512 4226 2512 4226 9248 4225 9248 4227 9248 4226 9249 4227 9249 4228 9249 4228 2512 4227 2512 4229 2512 4229 2512 4227 2512 4230 2512 4229 2512 4230 2512 4231 2512 4231 9250 4230 9250 4232 9250 4231 2512 4232 2512 4233 2512 4233 9251 4232 9251 4234 9251 4233 9252 4234 9252 4235 9252 4236 2512 4237 2512 4238 2512 4238 9253 4237 9253 4239 9253 4238 2512 4239 2512 4240 2512 4240 9254 4239 9254 4241 9254 4240 2512 4241 2512 4242 2512 4242 2512 4241 2512 4243 2512 4242 2512 4243 2512 4244 2512 4244 2512 4243 2512 4245 2512 4244 2512 4245 2512 4246 2512 4246 2512 4245 2512 4247 2512 4246 2512 4247 2512 4248 2512 4249 2512 4250 2512 4251 2512 4251 2512 4250 2512 4252 2512 4251 9255 4252 9255 4253 9255 3388 2512 4254 2512 4255 2512 4256 2512 4257 2512 3338 2512 3362 9256 4258 9256 4259 9256 4260 2512 4261 2512 4249 2512 4249 2512 4261 2512 4262 2512 4249 9257 4262 9257 4250 9257 4247 2512 4263 2512 4248 2512 4248 2512 4263 2512 4264 2512 4248 2512 4264 2512 4265 2512 4265 9258 4264 9258 4266 9258 4265 2512 4266 2512 4267 2512 4267 2512 4266 2512 4268 2512 4267 2512 4268 2512 4269 2512 4269 2512 4268 2512 4270 2512 4269 2512 4270 2512 4271 2512 4271 2512 4270 2512 4272 2512 4271 2512 4272 2512 4255 2512 4255 2512 4272 2512 4273 2512 4256 9259 3338 9259 4274 9259 4275 2512 4276 2512 3362 2512 3362 2512 4276 2512 4235 2512 4260 2512 4277 2512 4261 2512 4261 2512 4277 2512 4278 2512 4261 9260 4278 9260 4279 9260 4279 9261 4278 9261 4280 9261 4279 2512 4280 2512 4281 2512 4280 2512 4282 2512 4281 2512 4281 2512 4282 2512 4283 2512 4281 2512 4283 2512 4284 2512 4284 2512 4283 2512 4285 2512 4284 9262 4285 9262 4286 9262 4286 2512 4285 2512 4287 2512 4286 9263 4287 9263 4288 9263 4288 9264 4287 9264 4289 9264 4288 9265 4289 9265 4290 9265 4290 9266 4289 9266 4274 9266 4290 2512 4274 2512 4291 2512 4291 9267 4274 9267 3338 9267 4291 2512 3338 2512 4292 2512 4216 2512 4293 2512 4217 2512 4217 9268 4293 9268 4258 9268 4217 2512 4258 2512 4294 2512 4294 2512 4258 2512 3362 2512 4294 2512 3362 2512 4295 2512 4295 9269 3362 9269 4235 9269 4295 2512 4235 2512 4296 2512 4296 2512 4235 2512 4234 2512 4238 9270 4254 9270 4236 9270 4236 2512 4254 2512 3388 2512 4236 9271 3388 9271 4297 9271 4297 9272 3388 9272 3386 9272 4297 2512 3386 2512 4298 2512 4298 2512 3386 2512 3384 2512 4298 2512 3384 2512 4299 2512 4300 9273 3324 9273 4301 9273 4301 9274 3324 9274 3322 9274 4301 2512 3322 2512 4302 2512 4303 2512 4304 2512 3362 2512 3362 9275 4304 9275 4305 9275 3362 9276 4305 9276 4275 9276 4306 9277 3372 9277 4307 9277 4307 2512 3372 2512 3370 2512 4307 2512 3370 2512 4308 2512 4308 2512 3370 2512 3368 2512 4308 9278 3368 9278 4309 9278 4309 2512 3368 2512 3366 2512 4309 9279 3366 9279 4259 9279 4259 2512 3366 2512 3364 2512 4259 2512 3364 2512 3362 2512 3384 9280 3382 9280 4299 9280 4299 9281 3382 9281 3380 9281 4299 9282 3380 9282 4310 9282 4310 2512 3380 2512 3378 2512 4310 9283 3378 9283 4311 9283 4311 2512 3378 2512 3376 2512 4311 9284 3376 9284 4306 9284 4306 2512 3376 2512 3374 2512 4306 2512 3374 2512 3372 2512 4273 2512 4312 2512 4255 2512 4255 9285 4312 9285 4313 9285 4255 2512 4313 2512 3388 2512 3388 9286 4313 9286 4314 9286 3388 9287 4314 9287 3314 9287 3314 9288 4314 9288 4315 9288 3314 9289 4315 9289 3316 9289 3316 2512 4315 2512 4316 2512 3316 9290 4316 9290 3318 9290 3318 9291 4316 9291 4302 9291 3318 9292 4302 9292 3320 9292 3320 2512 4302 2512 3322 2512 4317 2512 3330 2512 4318 2512 4318 2512 3330 2512 3328 2512 4318 2512 3328 2512 4300 2512 4300 2512 3328 2512 3326 2512 4300 2512 3326 2512 3324 2512 4252 2512 4292 2512 4253 2512 4253 9293 4292 9293 3338 9293 4253 2512 3338 2512 4319 2512 4319 2512 3338 2512 3336 2512 4319 2512 3336 2512 4320 2512 4320 2512 3336 2512 3334 2512 4320 2512 3334 2512 4317 2512 4317 9294 3334 9294 3332 9294 4317 2512 3332 2512 3330 2512 3362 9295 3360 9295 4303 9295 4303 2512 3360 2512 3358 2512 4303 9296 3358 9296 4321 9296 4321 2512 3358 2512 3356 2512 4321 9297 3356 9297 4322 9297 4257 9298 4323 9298 3338 9298 3338 9299 4323 9299 4324 9299 3338 2512 4324 2512 3340 2512 3340 2512 4324 2512 4325 2512 3340 2512 4325 2512 3342 2512 3342 2512 4325 2512 4326 2512 3342 9300 4326 9300 3344 9300 3344 9301 4326 9301 4327 9301 3356 2512 3354 2512 4322 2512 4322 2512 3354 2512 3352 2512 4322 9302 3352 9302 4328 9302 4328 9303 3352 9303 3350 9303 4328 2512 3350 2512 4329 2512 4329 9304 3350 9304 3348 9304 4329 2512 3348 2512 4327 2512 4327 2512 3348 2512 3346 2512 4327 2512 3346 2512 3344 2512 3468 9305 4330 9305 3470 9305 3470 9306 4330 9306 4331 9306 3470 9307 4331 9307 3471 9307 3471 9308 4331 9308 4091 9308 3471 9309 4091 9309 3465 9309 3465 9310 4091 9310 4092 9310 3465 9311 4092 9311 3193 9311 2528 9312 3693 9312 3468 9312 3468 9313 3693 9313 3694 9313 3468 9314 3694 9314 4330 9314 4330 9315 3694 9315 4087 9315 4330 9316 4087 9316 4331 9316 4331 9317 4087 9317 4089 9317 4331 9318 4089 9318 4091 9318 3522 9319 3524 9320 4023 9321 4023 9322 3524 9322 3523 9322 4023 9323 3523 9323 3519 9323 4023 9324 2978 9324 3522 9324 3522 9325 2978 9325 3546 9325 3522 9326 3546 9326 3520 9326 3520 9327 3546 9327 2618 9327 3528 9328 3550 9328 3527 9328 4332 9329 3535 9329 3530 9329 3530 9330 3529 9331 4332 9332 4332 9333 3529 9334 3526 9335 4332 9336 3526 9336 3525 9336 3525 9337 3527 9338 4332 9339 4332 9340 3527 9340 3550 9340 4332 9341 3550 9341 3535 9341 3535 9342 3550 9342 3549 9342 3535 9343 3549 9343 3534 9343 3534 9344 3549 9344 3532 9344 4141 2512 3623 2512 3622 2512 4141 2512 3622 2512 4161 2512 4161 2512 3622 2512 3625 2512 4161 9345 3625 9345 4163 9345 4163 2512 3625 2512 3627 2512 4163 9346 3627 9346 3629 9346 3714 2512 3716 2512 4159 2512 4159 9347 4163 9347 3714 9347 3714 2512 4163 2512 3629 2512 3714 9348 3629 9348 3712 9348 3712 9349 3629 9349 3631 9349 3712 9350 3631 9350 3710 9350 3710 2512 3631 2512 3633 2512 3710 9351 3633 9351 3708 9351 3610 9352 3705 9353 3633 9354 3633 9355 3705 9355 3707 9355 3633 2512 3707 2512 3708 2512 3647 9356 3649 9356 4333 9356 4334 9357 3663 9358 3662 9359 4335 9360 4336 9361 4337 9362 4337 9363 4336 9363 4333 9363 4335 9364 4338 9364 4336 9364 4336 9365 4338 9365 3658 9365 4336 9366 3658 9366 4333 9366 4333 9367 3658 9367 3660 9367 4333 9368 3660 9368 3647 9368 3653 9369 3655 9369 4338 9369 4338 9370 3655 9370 3657 9370 4338 9371 3657 9371 3658 9371 4335 9372 4334 9372 4338 9372 4338 9373 4334 9373 3662 9373 4338 9374 3662 9374 3653 9374 3653 9375 3662 9375 3677 9375 2546 9376 3650 9377 3677 9378 3677 9379 3650 9379 3652 9379 3677 9380 3652 9380 3653 9380 4339 9381 4340 9381 4341 9381 4340 9382 4339 9382 4342 9382 3673 9383 3675 9383 4343 9383 4344 9384 4345 9384 4346 9384 4136 9385 4111 9385 4347 9385 4347 9386 4111 9386 4127 9386 4347 9387 4127 9387 4119 9387 4346 9388 4140 9388 4131 9388 4345 9389 4348 9389 4346 9389 4346 9390 4348 9391 4349 9390 4346 9392 4349 9392 4140 9392 4350 9393 4351 9393 4352 9393 4352 9394 4351 9394 4353 9394 4352 9395 4353 9395 4354 9395 4355 9396 3676 9396 3681 9396 4356 9397 3675 9397 3676 9397 3673 9398 4343 9398 3671 9398 4343 9399 4357 9399 3671 9399 3671 9400 4357 9400 4358 9400 3671 9401 4358 9401 3668 9401 3668 9402 4358 9402 4359 9402 3668 9403 4359 9403 3665 9403 4134 9404 4136 9404 4360 9404 4360 9405 4136 9405 4347 9405 4360 9406 4347 9406 4361 9406 4361 9407 4347 9407 4119 9407 4361 9408 4119 9408 4118 9408 3676 9409 4355 9409 4356 9409 4356 9410 4355 9410 4339 9410 4356 9411 4339 9411 4362 9411 4362 9412 4339 9412 4341 9412 4362 9413 4341 9413 4363 9413 4363 9414 4341 9414 4364 9414 4363 9415 4364 9415 4365 9415 4342 9416 4339 9416 4354 9416 4354 9417 4339 9417 4355 9417 4354 9418 4355 9418 4352 9418 4352 9419 4355 9419 3681 9419 4352 9420 3681 9420 4350 9420 4350 9421 3681 9421 3664 9421 4350 9422 3664 9422 3663 9422 3675 9423 4356 9423 4343 9423 4343 9424 4356 9424 4362 9424 4343 9425 4362 9425 4357 9425 4357 9426 4362 9426 4363 9426 4357 9427 4363 9427 4358 9427 4358 9428 4363 9428 4365 9428 4358 9429 4365 9429 4359 9429 3666 9430 3665 9430 4118 9430 4118 9431 3665 9431 4359 9431 4118 9432 4359 9432 4361 9432 4361 9433 4359 9433 4365 9433 4361 9434 4365 9434 4360 9434 4360 9435 4365 9435 4364 9435 4360 9436 4364 9436 4134 9436 4134 9437 4364 9437 4341 9437 4134 9438 4341 9438 4130 9438 4130 9439 4341 9439 4340 9439 4130 9440 4340 9440 4131 9440 4131 9441 4340 9441 4342 9441 4131 9442 4342 9442 4346 9442 4346 9443 4342 9443 4354 9443 4346 9444 4354 9444 4344 9444 4344 9445 4354 9445 4353 9445 3694 9446 3687 9446 4086 9446 4086 9447 3687 9447 4088 9447 3801 2466 3807 2466 3806 2466 3803 2466 3802 2466 3804 2466 3804 9448 3802 9448 3801 9448 3804 2466 3801 2466 3805 2466 3805 9449 3801 9449 3806 9449 3811 2466 3810 2466 3812 2466 3812 9450 3810 9450 3809 9450 3812 2466 3809 2466 3801 2466 3801 2466 3809 2466 3808 2466 3801 2466 3808 2466 3807 2466 3816 2466 3815 2466 3817 2466 3817 2466 3815 2466 3814 2466 3822 2466 3821 2466 3823 2466 3823 2466 3821 2466 3820 2466 3823 2466 3820 2466 3824 2466 3818 2466 3817 2466 3819 2466 3819 9451 3817 9451 3814 9451 3819 2466 3814 2466 3820 2466 3820 9452 3814 9452 3813 9452 3820 2466 3813 2466 3824 2466 4366 9453 3922 9453 3920 9453 4366 9454 3920 9454 4367 9454 3922 9455 4366 9455 3923 9455 3923 9456 4366 9456 4368 9456 3923 9457 4368 9457 3915 9457 4369 9458 3912 9458 3910 9458 4369 9459 3910 9459 4368 9459 4368 9460 3910 9460 3916 9460 4368 9461 3916 9461 3915 9461 3912 9462 4369 9462 3913 9462 3913 9463 4369 9463 4370 9463 3913 9464 4370 9464 3907 9464 3907 9465 4370 9465 3908 9465 3908 9466 4370 9466 4371 9466 3908 9467 4371 9467 3900 9467 3900 9468 4371 9468 3902 9468 3902 9469 4371 9469 4372 9469 3902 9470 4372 9470 3904 9470 3904 9471 4372 9471 3905 9471 3905 9472 4372 9472 4373 9472 3905 9473 4373 9473 3897 9473 4374 9474 3894 9474 3892 9474 4374 9475 3892 9475 4373 9475 4373 9476 3892 9476 3898 9476 4373 9477 3898 9477 3897 9477 3894 9478 4374 9478 3895 9478 3895 9479 4374 9479 4375 9479 3895 9480 4375 9480 3889 9480 3889 9481 4375 9481 3890 9481 3890 9482 4375 9482 4376 9482 3890 9483 4376 9483 3882 9483 3882 9484 4376 9484 3884 9484 3884 9485 4376 9485 4377 9485 3884 9486 4377 9486 3886 9486 3886 9487 4377 9487 3887 9487 3887 9488 4377 9488 4378 9488 3887 9489 4378 9489 3879 9489 4379 9490 3874 9490 4378 9490 4378 9491 3874 9491 3880 9491 4378 9492 3880 9492 3879 9492 4380 9493 3877 9493 4379 9493 4379 9494 3877 9494 3876 9494 4379 9495 3876 9495 3874 9495 4381 9496 3971 9496 4380 9496 4380 9497 3971 9497 3870 9497 4380 9498 3870 9498 3877 9498 4382 9499 3974 9499 4381 9499 4381 9500 3974 9500 3972 9500 4381 9501 3972 9501 3971 9501 3970 9502 3969 9502 4383 9502 4383 9503 3969 9503 3977 9503 4383 9504 3977 9504 4382 9504 4382 9505 3977 9505 3976 9505 4382 9506 3976 9506 3974 9506 3970 9507 4383 9507 3964 9507 3964 9508 4383 9508 4384 9508 3964 9509 4384 9509 3966 9509 3966 9510 4384 9510 3967 9510 3967 9511 4384 9511 4385 9511 3967 9512 4385 9512 3961 9512 3961 9513 4385 9513 3962 9513 3962 9514 4385 9514 4386 9514 3962 9515 4386 9515 3954 9515 3954 9516 4386 9516 3956 9516 3956 9517 4386 9517 4387 9517 3956 9518 4387 9518 3958 9518 3958 9519 4387 9519 3959 9519 3959 9520 4387 9520 4388 9520 3959 9521 4388 9521 3951 9521 4389 9522 3948 9522 3946 9522 4389 9523 3946 9523 4388 9523 4388 9524 3946 9524 3952 9524 4388 9525 3952 9525 3951 9525 3948 9526 4389 9526 3949 9526 3949 9527 4389 9527 4390 9527 3949 9528 4390 9528 3943 9528 3943 9529 4390 9529 3944 9529 3944 9530 4390 9530 4391 9530 3944 9531 4391 9531 3936 9531 3936 9532 4391 9532 3938 9532 3938 9533 4391 9533 4392 9533 3938 9534 4392 9534 3940 9534 3940 9535 4392 9535 3941 9535 3941 9536 4392 9536 4393 9536 3941 9537 4393 9537 3933 9537 4394 9538 3928 9538 4393 9538 4393 9539 3928 9539 3934 9539 4393 9540 3934 9540 3933 9540 4395 9541 3931 9541 4394 9541 4394 9542 3931 9542 3930 9542 4394 9543 3930 9543 3928 9543 3920 9544 3918 9544 4367 9544 4367 9545 3918 9545 3926 9545 4367 9546 3926 9546 4395 9546 4395 9547 3926 9547 3925 9547 4395 9548 3925 9548 3931 9548 3009 9549 4025 9550 4028 9551 4028 9552 4025 9552 4024 9552 4028 9553 4024 9554 4038 9555 4038 9556 4024 9556 3129 9556 4038 9557 3129 9557 4039 9557 4027 9558 4026 9558 4078 9558 4063 9559 4047 9559 4058 9559 4063 9560 4058 9560 4078 9560 4078 9561 4058 9561 4035 9561 4078 9562 4035 9562 4027 9562 4040 9563 2988 9564 4029 9565 4034 9566 4033 9566 3022 9566 4034 9567 3022 9567 4029 9567 4029 9568 3022 9568 4041 9568 4029 9569 4041 9569 4040 9569 4349 9570 4348 9570 4396 9570 4397 9571 4150 9571 4139 9571 4139 9572 4150 9572 4149 9572 4139 9573 4149 9573 3224 9573 4151 9574 4398 9574 4152 9574 4152 9575 4398 9575 4399 9575 4152 9576 4399 9576 4144 9576 4144 9577 4399 9577 4400 9577 4144 9578 4400 9578 4145 9578 4401 9579 4402 9579 4400 9579 4400 9580 4402 9580 4146 9580 4400 9581 4146 9582 4145 9583 4403 9584 4148 9584 4147 9584 4333 9585 3649 9585 4148 9585 4148 9586 4403 9586 4333 9586 4333 9587 4403 9587 4404 9587 4333 9588 4404 9588 4337 9588 4337 9589 4404 9589 4335 9589 4335 9590 4404 9590 4405 9590 4335 9591 4405 9591 4334 9591 4350 9592 4406 9592 4351 9592 4351 9593 4406 9593 4407 9593 4351 9594 4407 9594 4353 9594 4353 9595 4407 9595 4408 9595 4353 9596 4408 9596 4344 9596 4344 9597 4408 9597 4409 9597 4344 9598 4409 9598 4345 9598 4397 9599 4139 9599 4396 9599 4396 9600 4139 9600 4140 9600 4396 9601 4140 9601 4349 9601 4348 9602 4345 9602 4396 9602 4396 9603 4345 9603 4409 9603 4396 9604 4409 9604 4397 9604 4397 9605 4409 9605 4410 9605 4397 9606 4410 9606 4150 9606 4406 9607 4401 9607 4407 9607 4407 9608 4401 9608 4400 9608 4407 9609 4400 9609 4408 9609 4408 9610 4400 9610 4399 9610 4408 9611 4399 9611 4409 9611 4409 9612 4399 9612 4398 9612 4409 9613 4398 9613 4410 9613 4410 9614 4398 9614 4151 9614 4410 9615 4151 9615 4150 9615 3663 9616 4334 9616 4350 9616 4350 9617 4334 9617 4405 9617 4350 9618 4405 9618 4406 9618 4406 9619 4405 9619 4404 9619 4406 9620 4404 9620 4401 9620 4401 9621 4404 9621 4403 9621 4401 9622 4403 9622 4402 9622 4402 9623 4403 9623 4147 9623 4402 9624 4147 9624 4146 9624 4203 2512 4197 2512 4196 2512 4193 2512 4192 2512 4194 2512 4194 9625 4192 9625 4203 9625 4194 9626 4203 9626 4195 9626 4195 2512 4203 2512 4196 2512 4201 2512 4200 2512 4202 2512 4202 2512 4200 2512 4199 2512 4202 2512 4199 2512 4203 2512 4203 2512 4199 2512 4198 2512 4203 9627 4198 9627 4197 9627 4207 2512 4206 2512 4208 2512 4208 2512 4206 2512 4205 2512 4213 2512 4212 2512 4214 2512 4214 2512 4212 2512 4211 2512 4214 2512 4211 2512 4215 2512 4209 2512 4208 2512 4210 2512 4210 9628 4208 9628 4205 9628 4210 2512 4205 2512 4211 2512 4211 9629 4205 9629 4204 9629 4211 2512 4204 2512 4215 2512 4256 9630 4274 9630 4411 9630 4411 9631 4412 9631 4256 9631 4256 9632 4412 9632 4413 9632 4256 9633 4413 9633 4257 9633 4257 9634 4413 9634 4414 9634 4257 9635 4414 9636 4323 9637 4323 9638 4414 9639 4415 9640 4323 9641 4415 9641 4324 9641 4324 9642 4415 9642 4416 9642 4417 9643 4418 9643 4321 9643 4321 9644 4418 9644 4419 9644 4321 9645 4419 9645 4303 9645 4303 9646 4419 9646 4420 9646 4303 9647 4420 9647 4304 9647 4304 9648 4420 9648 4421 9648 4417 9649 4321 9649 4422 9649 4422 9650 4321 9650 4322 9650 4422 9651 4322 9651 4423 9651 4423 9652 4322 9652 4424 9652 4424 9653 4322 9653 4328 9653 4424 9654 4328 9654 4425 9654 4329 9655 4426 9655 4328 9655 4328 9656 4426 9657 4427 9658 4328 9659 4427 9659 4425 9659 4327 9660 4428 9660 4329 9660 4329 9661 4428 9661 4429 9661 4329 9662 4429 9662 4426 9662 4430 9663 4431 9663 4326 9663 4326 9664 4431 9664 4432 9664 4326 9665 4432 9665 4327 9665 4327 9666 4432 9666 4433 9666 4327 9667 4433 9667 4428 9667 4430 9668 4326 9668 4434 9668 4434 9669 4326 9669 4325 9669 4434 9670 4325 9670 4435 9670 4435 9671 4325 9671 4324 9671 4435 9672 4324 9672 4416 9672 4305 9673 4304 9673 4421 9673 4436 9674 4437 9675 4235 9676 4421 9677 4438 9677 4305 9677 4305 9678 4438 9679 4439 9680 4305 9681 4439 9682 4275 9683 4235 9684 4276 9685 4436 9686 4436 9687 4276 9687 4275 9687 4436 9688 4275 9688 4440 9688 4440 9689 4275 9690 4439 9691 4441 9692 4442 9692 4233 9692 4437 9693 4443 9694 4444 9695 4233 9696 4235 9696 4441 9696 4441 9697 4235 9697 4437 9697 4441 9698 4437 9699 4445 9700 4445 9701 4437 9701 4444 9701 4231 9702 4233 9702 4442 9702 4446 9703 4220 9703 4447 9703 4447 9704 4220 9704 4222 9704 4447 9705 4222 9705 4448 9705 4448 9706 4222 9706 4224 9706 4226 9707 4449 9707 4224 9707 4224 9708 4449 9708 4450 9708 4224 9709 4450 9709 4448 9709 4228 9710 4451 9710 4226 9710 4226 9711 4451 9711 4452 9711 4226 9712 4452 9712 4449 9712 4229 9713 4453 9713 4228 9713 4228 9714 4453 9714 4454 9714 4228 9715 4454 9715 4451 9715 4442 9716 4455 9716 4231 9716 4231 9717 4455 9717 4456 9717 4231 9718 4456 9718 4229 9718 4229 9719 4456 9719 4457 9719 4229 9720 4457 9720 4453 9720 4458 9721 4218 9721 4220 9721 4459 9722 4460 9723 4461 9724 4220 9725 4446 9725 4458 9725 4458 9726 4446 9727 4459 9728 4458 9729 4459 9730 4462 9731 4462 9732 4459 9733 4461 9734 4216 9735 4218 9735 4458 9735 4458 9736 4463 9736 4216 9736 4216 9737 4463 9738 4464 9739 4216 9740 4464 9740 4293 9740 4293 9741 4464 9741 4465 9741 4293 9742 4465 9742 4258 9742 4258 9743 4465 9743 4466 9743 4258 9744 4466 9744 4259 9744 4259 9745 4466 9746 4467 9747 4468 9748 4297 9748 4469 9748 4469 9749 4297 9749 4298 9749 4469 9750 4298 9750 4470 9750 4470 9751 4298 9751 4471 9751 4471 9752 4298 9752 4299 9752 4471 9753 4299 9753 4472 9753 4472 9754 4299 9754 4473 9754 4473 9755 4299 9755 4310 9755 4473 9756 4310 9756 4474 9756 4474 9757 4310 9757 4475 9757 4475 9758 4310 9758 4311 9758 4475 9759 4311 9759 4476 9759 4476 9760 4311 9760 4477 9760 4477 9761 4311 9761 4306 9761 4477 9762 4306 9762 4478 9762 4478 9763 4306 9763 4479 9763 4479 9764 4306 9764 4307 9764 4479 9765 4307 9765 4480 9765 4480 9766 4307 9766 4481 9766 4481 9767 4307 9767 4308 9767 4481 9768 4308 9768 4482 9768 4482 9769 4308 9769 4483 9769 4483 9770 4308 9770 4309 9770 4483 9771 4309 9771 4484 9771 4484 9772 4309 9772 4485 9772 4485 9773 4309 9773 4259 9773 4485 9774 4259 9774 4467 9774 4236 9775 4297 9775 4468 9775 4486 9776 4487 9776 4241 9776 4468 9777 4488 9777 4236 9777 4236 9778 4488 9778 4489 9778 4236 9779 4489 9779 4237 9779 4241 9780 4239 9780 4486 9780 4486 9781 4239 9781 4237 9781 4486 9782 4237 9782 4490 9782 4490 9783 4237 9783 4489 9783 4491 9784 4492 9784 4243 9784 4487 9785 4493 9785 4494 9785 4243 9784 4241 9784 4491 9784 4491 9786 4241 9786 4487 9786 4491 9787 4487 9788 4495 9789 4495 9784 4487 9784 4494 9784 4245 9790 4243 9790 4492 9790 4496 9791 4270 9791 4497 9791 4497 9792 4270 9792 4268 9792 4497 9793 4268 9793 4498 9793 4498 9794 4268 9794 4266 9794 4264 9795 4499 9795 4266 9795 4266 9796 4499 9796 4500 9796 4266 9797 4500 9797 4498 9797 4263 9798 4501 9798 4264 9798 4264 9799 4501 9799 4502 9799 4264 9800 4502 9800 4499 9800 4247 9801 4503 9801 4263 9801 4263 9802 4503 9802 4504 9802 4263 9803 4504 9803 4501 9803 4492 9804 4505 9804 4245 9804 4245 9805 4505 9805 4506 9805 4245 9806 4506 9806 4247 9806 4247 9807 4506 9807 4507 9807 4247 9808 4507 9808 4503 9808 4508 6774 4272 6774 4270 6774 4509 6774 4510 6774 4511 6774 4270 9809 4496 9809 4508 9809 4508 6774 4496 6774 4509 6774 4508 6774 4509 6774 4512 6774 4512 6774 4509 6774 4511 6774 4273 9810 4272 9810 4508 9810 4508 9811 4513 9811 4273 9811 4273 9812 4513 9812 4514 9812 4273 9813 4514 9813 4312 9813 4312 9814 4514 9814 4515 9814 4312 9815 4515 9815 4313 9815 4313 9816 4515 9816 4516 9816 4313 9817 4516 9817 4314 9817 4314 9818 4516 9818 4517 9818 4518 9819 4519 9819 4317 9819 4317 9820 4519 9820 4520 9820 4317 9821 4520 9821 4320 9821 4320 9822 4520 9822 4521 9822 4320 9823 4521 9823 4319 9823 4319 9824 4521 9824 4522 9824 4518 9825 4317 9825 4523 9825 4523 9826 4317 9826 4318 9826 4523 9827 4318 9827 4524 9827 4524 9828 4318 9828 4525 9828 4525 9829 4318 9829 4300 9829 4525 9830 4300 9830 4526 9830 4301 9831 4527 9831 4300 9831 4300 9832 4527 9832 4528 9832 4300 9833 4528 9833 4526 9833 4302 9834 4529 9834 4301 9834 4301 9835 4529 9835 4530 9835 4301 9836 4530 9836 4527 9836 4531 9837 4532 9837 4316 9837 4316 9838 4532 9838 4533 9838 4316 9839 4533 9839 4302 9839 4302 9840 4533 9840 4534 9840 4302 9841 4534 9841 4529 9841 4531 9842 4316 9842 4535 9842 4535 9843 4316 9843 4315 9843 4535 9844 4315 9844 4536 9844 4536 9845 4315 9845 4314 9845 4536 9846 4314 9846 4517 9846 4253 9847 4319 9848 4522 9849 4537 9850 4538 9850 4260 9850 4522 9851 4539 9851 4253 9851 4253 9852 4539 9853 4540 9854 4253 9855 4540 9855 4251 9855 4260 9856 4249 9856 4537 9856 4537 9857 4249 9857 4251 9857 4537 9858 4251 9858 4541 9858 4541 9859 4251 9860 4540 9861 4542 9862 4543 9862 4277 9862 4538 9863 4544 9864 4545 9865 4277 9866 4260 9866 4542 9866 4542 9867 4260 9867 4538 9867 4542 9868 4538 9869 4546 9870 4546 9871 4538 9871 4545 9871 4278 9872 4277 9872 4543 9872 4547 9873 4289 9873 4548 9873 4548 9874 4289 9874 4287 9874 4548 9875 4287 9875 4549 9875 4549 9876 4287 9876 4285 9876 4283 9877 4550 9877 4285 9877 4285 9878 4550 9878 4551 9878 4285 9879 4551 9879 4549 9879 4282 9880 4552 9880 4283 9880 4283 9881 4552 9881 4553 9881 4283 9882 4553 9882 4550 9882 4280 9883 4554 9883 4282 9883 4282 9884 4554 9884 4555 9884 4282 9885 4555 9885 4552 9885 4543 9886 4556 9886 4278 9887 4278 9888 4556 9888 4557 9888 4278 9889 4557 9889 4280 9889 4280 9890 4557 9890 4558 9890 4280 9891 4558 9891 4554 9891 4411 9892 4274 9892 4289 9892 4559 9893 4560 9894 4561 9895 4289 9896 4547 9896 4411 9896 4411 9897 4547 9897 4559 9897 4411 9898 4559 9899 4562 9900 4562 9901 4559 9901 4561 9901 4563 9902 4564 9902 4291 9902 4564 9903 4565 9904 4291 9905 4291 9906 4565 9906 4566 9906 4291 9907 4566 9907 4290 9907 4290 9908 4566 9908 4567 9908 4290 9909 4567 9909 4288 9909 4288 9910 4567 9910 4568 9910 4288 9911 4568 9911 4286 9911 4286 9912 4568 9913 4569 9914 4286 9915 4569 9915 4284 9915 4284 9916 4569 9916 4570 9916 4284 9917 4570 9918 4281 9918 4281 9919 4570 9919 4571 9919 4281 9920 4571 9920 4279 9920 4279 9921 4571 9922 4572 9923 4279 9924 4572 9924 4261 9924 4261 9925 4572 9926 4573 9927 4261 9928 4573 9929 4262 9928 4262 9930 4573 9931 4574 9932 4262 9933 4574 9933 4250 9933 4250 9934 4574 9934 4575 9934 4250 9935 4575 9935 4252 9935 4252 9936 4575 9936 4563 9936 4252 9937 4563 9938 4292 9939 4292 9940 4563 9940 4291 9940 4576 9941 4577 9941 4265 9941 4577 9942 4578 9943 4265 9943 4265 9944 4578 9944 4579 9944 4265 9945 4579 9945 4248 9945 4248 9946 4579 9946 4580 9946 4248 9947 4580 9947 4246 9947 4246 9948 4580 9948 4581 9948 4246 9949 4581 9949 4244 9949 4244 9950 4581 9950 4582 9950 4244 9951 4582 9951 4242 9951 4242 9952 4582 9952 4583 9952 4242 9953 4583 9953 4240 9953 4240 9954 4583 9954 4584 9954 4240 9955 4584 9955 4238 9955 4238 9956 4584 9956 4585 9956 4238 9957 4585 9957 4254 9957 4254 9958 4585 9958 4586 9958 4254 9959 4586 9959 4255 9959 4255 9960 4586 9960 4587 9960 4255 9961 4587 9961 4271 9961 4271 9962 4587 9962 4588 9962 4271 9963 4588 9963 4269 9963 4269 9964 4588 9964 4576 9964 4269 9965 4576 9966 4267 9967 4267 9968 4576 9968 4265 9968 4589 9969 4590 9970 4234 9971 4590 9972 4591 9973 4234 9974 4234 9975 4591 9975 4592 9975 4234 9976 4592 9976 4296 9976 4296 9977 4592 9977 4593 9977 4296 9978 4593 9978 4295 9978 4295 9979 4593 9979 4594 9979 4295 9980 4594 9980 4294 9980 4294 9981 4594 9982 4595 9983 4294 9984 4595 9984 4217 9984 4217 9985 4595 9985 4596 9985 4217 9986 4596 9986 4219 9986 4219 9987 4596 9987 4597 9987 4219 9988 4597 9988 4221 9988 4221 9989 4597 9989 4598 9989 4221 9990 4598 9990 4223 9990 4223 9991 4598 9991 4599 9991 4223 9992 4599 9992 4225 9993 4225 9994 4599 9994 4600 9995 4225 9996 4600 9996 4227 9996 4227 9997 4600 9997 4601 9997 4227 9998 4601 9999 4230 10000 4230 10001 4601 10001 4589 10001 4230 10002 4589 10002 4232 10002 4232 10003 4589 10003 4234 10003 4602 10004 4603 10004 4604 10004 4604 10005 4603 10005 4605 10005 4604 10006 4605 10006 4606 10006 4607 10007 4608 10007 4609 10007 4609 10008 4608 10008 4610 10008 4609 10009 4610 10010 4611 10011 4612 10012 4613 10012 4614 10012 4614 10013 4613 10013 4615 10013 4614 10014 4615 10014 4616 10014 4617 10015 4618 10015 4619 10015 4619 10016 4618 10016 4620 10016 4619 10017 4620 10017 4621 10017 4622 2512 4610 2512 4608 2512 4623 2512 4620 2512 4624 2512 4625 10018 4608 10019 4626 10020 4615 10021 4613 10022 4627 10023 4627 10024 4613 10024 4628 10024 4627 10025 4628 10025 4625 10025 4624 2512 4629 2512 4630 2512 4630 10026 4629 10026 4631 10026 4630 2512 4631 2512 4603 2512 4603 10027 4631 10027 4605 10027 4628 10028 4632 10028 4625 10028 4625 2512 4632 2512 4633 2512 4625 2512 4633 2512 4608 2512 4608 10029 4633 10029 4634 10029 4608 10030 4634 10030 4622 10030 4618 10031 4635 10032 4620 10033 4620 2512 4635 2512 4636 2512 4620 2512 4636 2512 4624 2512 4624 10034 4636 10034 4637 10034 4624 10035 4637 10035 4629 10035 4626 10036 4638 10036 4625 10036 4625 10037 4638 10037 4639 10037 4625 10038 4639 10038 4624 10038 4624 10039 4639 10039 4640 10039 4624 10040 4640 10040 4623 10040 4641 10041 4642 10041 4643 10041 4643 10042 4642 10042 4644 10042 4643 10043 4644 10043 4645 10043 4646 10044 4647 10045 4648 10046 4648 10047 4647 10047 4649 10047 4648 10048 4649 10048 4650 10048 4651 10049 4652 10049 4653 10049 4653 10050 4652 10050 4654 10050 4653 10051 4654 10051 4655 10051 4656 10052 4657 10052 4658 10052 4658 10053 4657 10053 4659 10053 4658 10054 4659 10054 4660 10054 4661 2512 4662 2512 4663 2512 4664 2512 4665 2512 4666 2512 4667 10055 4668 10055 4669 10055 4669 2512 4668 2512 4670 2512 4644 2512 4642 2512 4671 2512 4671 10056 4642 10057 4672 10058 4671 2512 4672 2512 4663 2512 4663 10059 4672 10059 4673 10059 4663 10060 4673 10060 4661 10060 4659 2512 4657 2512 4674 2512 4674 10061 4657 10062 4675 10063 4674 2512 4675 2512 4665 2512 4665 10064 4675 10064 4670 10064 4665 2512 4670 2512 4666 2512 4666 2512 4670 2512 4668 2512 4649 10065 4647 10066 4676 10067 4676 10068 4647 10069 4677 10070 4676 2512 4677 2512 4666 2512 4666 2512 4677 2512 4678 2512 4666 10071 4678 10071 4664 10071 4654 2512 4652 2512 4679 2512 4679 10072 4652 10072 4680 10072 4679 10073 4680 10073 4662 10073 4662 2512 4680 2512 4667 2512 4662 2512 4667 2512 4663 2512 4663 2512 4667 2512 4669 2512 4681 10074 4682 10074 4683 10074 4683 10075 4682 10075 4684 10075 4683 10076 4684 10076 4685 10076 4686 10077 4687 10077 4688 10077 4688 10078 4687 10078 4689 10078 4688 10079 4689 10079 4690 10079 4691 10080 4692 10080 4693 10080 4693 10081 4692 10081 4694 10081 4693 10082 4694 10082 4695 10082 4696 10083 4697 10083 4698 10083 4698 10084 4697 10084 4699 10084 4698 10085 4699 10085 4700 10085 4701 2512 4702 2512 4703 2512 4703 2512 4702 2512 4704 2512 4705 2512 4706 2512 4707 2512 4699 2512 4697 2512 4708 2512 4708 10086 4697 10086 4709 10086 4708 10087 4709 10087 4703 10087 4703 2512 4709 2512 4710 2512 4703 2512 4710 2512 4701 2512 4705 2512 4711 2512 4706 2512 4706 10088 4711 10088 4712 10088 4706 2512 4712 2512 4713 2512 4713 10089 4712 10089 4714 10089 4713 2512 4714 2512 4692 2512 4692 10090 4714 10090 4694 10090 4684 10091 4682 10092 4715 10093 4715 10094 4682 10094 4716 10094 4715 2512 4716 2512 4702 2512 4702 2512 4716 2512 4705 2512 4702 2512 4705 2512 4704 2512 4704 10095 4705 10095 4707 10095 4704 10096 4707 10096 4717 10096 4689 2512 4687 2512 4718 2512 4718 10097 4687 10097 4719 10097 4718 10098 4719 10098 4717 10098 4717 10099 4719 10099 4720 10099 4717 10100 4720 10100 4704 10100 4603 10101 4602 10102 4630 10103 4630 10104 4602 10104 4721 10104 4631 10105 4722 10106 4605 10107 4605 10108 4722 10108 4606 10108 4722 10109 4631 10109 4629 10109 4722 10110 4629 10111 4723 10112 4723 10113 4629 10114 4637 10115 4723 10116 4637 10117 4724 10118 4724 10119 4637 10120 4725 10121 4725 10122 4637 10122 4636 10122 4725 10123 4636 10123 4726 10123 4726 10124 4636 10124 4727 10124 4727 10125 4636 10125 4635 10125 4727 10126 4635 10126 4728 10126 4618 10127 4617 10128 4635 10129 4635 10130 4617 10130 4728 10130 4627 10131 4729 10132 4615 10133 4615 10134 4729 10134 4616 10134 4729 10135 4627 10135 4730 10135 4730 10136 4627 10136 4625 10136 4731 10137 4732 10138 4624 10139 4624 10140 4732 10140 4733 10140 4624 10141 4733 10141 4625 10141 4625 10142 4733 10142 4734 10142 4625 10143 4734 10143 4730 10143 4731 10144 4624 10145 4735 10146 4735 10147 4624 10147 4630 10147 4735 10148 4630 10149 4721 10150 4608 10151 4607 10152 4626 10153 4626 10154 4607 10154 4736 10154 4622 10155 4737 10156 4610 10157 4610 10158 4737 10158 4611 10158 4737 10159 4622 10160 4634 10161 4737 10162 4634 10162 4738 10162 4738 10163 4634 10164 4633 10165 4738 10166 4633 10167 4739 10168 4739 10169 4633 10169 4740 10169 4740 10170 4633 10170 4632 10170 4740 10171 4632 10171 4741 10171 4741 10172 4632 10173 4742 10174 4742 10175 4632 10175 4628 10175 4742 10176 4628 10177 4743 10178 4613 10179 4612 10180 4628 10181 4628 10182 4612 10182 4743 10182 4623 10183 4744 10184 4620 10185 4620 10186 4744 10186 4621 10186 4744 10187 4623 10187 4640 10187 4744 10188 4640 10189 4745 10190 4745 10191 4640 10191 4639 10191 4745 10192 4639 10192 4746 10192 4746 10193 4639 10194 4747 10195 4747 10196 4639 10196 4638 10196 4747 10197 4638 10197 4748 10197 4748 10198 4638 10199 4749 10200 4749 10201 4638 10201 4626 10201 4749 10202 4626 10203 4736 10204 4642 10205 4641 10206 4672 10207 4672 10208 4641 10208 4750 10208 4671 10209 4751 10210 4644 10211 4644 10212 4751 10212 4645 10212 4751 10213 4671 10213 4663 10213 4751 10214 4663 10214 4752 10214 4752 10215 4663 10215 4669 10215 4752 10216 4669 10216 4753 10216 4753 10217 4669 10218 4754 10219 4754 10220 4669 10220 4670 10220 4754 10221 4670 10222 4755 10223 4755 10224 4670 10224 4756 10224 4756 10225 4670 10225 4675 10225 4756 10226 4675 10226 4757 10226 4657 10227 4656 10228 4675 10229 4675 10230 4656 10230 4757 10230 4679 10231 4758 10231 4654 10231 4654 10232 4758 10232 4655 10232 4758 10233 4679 10233 4662 10233 4758 10234 4662 10234 4759 10234 4759 10235 4662 10235 4661 10235 4759 10236 4661 10236 4760 10236 4760 10237 4661 10237 4761 10237 4761 10238 4661 10238 4673 10238 4761 10239 4673 10239 4762 10239 4762 10240 4673 10240 4763 10240 4763 10241 4673 10241 4672 10241 4763 10242 4672 10242 4750 10242 4647 10243 4646 10244 4677 10245 4677 10246 4646 10246 4764 10246 4676 10247 4765 10248 4649 10249 4649 10250 4765 10250 4650 10250 4765 10251 4676 10251 4666 10251 4765 10252 4666 10252 4766 10252 4766 10253 4666 10253 4668 10253 4766 10254 4668 10254 4767 10254 4767 10255 4668 10255 4768 10255 4768 10256 4668 10256 4667 10256 4768 10257 4667 10258 4769 10259 4769 10260 4667 10260 4770 10260 4770 10261 4667 10261 4680 10261 4770 10262 4680 10262 4771 10262 4652 10263 4651 10264 4680 10265 4680 10266 4651 10266 4771 10266 4674 10267 4772 10268 4659 10269 4659 10270 4772 10270 4660 10270 4772 10271 4674 10271 4665 10271 4772 10272 4665 10272 4773 10272 4773 10273 4665 10273 4664 10273 4773 10274 4664 10274 4774 10274 4774 10275 4664 10275 4775 10275 4775 10276 4664 10276 4678 10276 4775 10277 4678 10277 4776 10277 4776 10278 4678 10278 4777 10278 4777 10279 4678 10279 4677 10279 4777 10280 4677 10280 4764 10280 4682 10281 4681 10282 4716 10283 4716 10284 4681 10284 4778 10284 4715 10285 4779 10286 4684 10287 4684 10288 4779 10288 4685 10288 4779 10289 4715 10290 4702 10291 4779 10292 4702 10292 4780 10292 4780 10293 4702 10293 4701 10293 4780 10294 4701 10294 4781 10294 4781 10295 4701 10295 4782 10295 4782 10296 4701 10297 4710 10298 4782 10299 4710 10300 4783 10301 4783 10302 4710 10302 4784 10302 4784 10303 4710 10303 4709 10303 4784 10304 4709 10305 4785 10306 4697 10307 4696 10308 4709 10309 4709 10310 4696 10310 4785 10310 4714 10311 4786 10312 4694 10313 4694 10314 4786 10314 4695 10314 4786 10315 4714 10315 4712 10315 4786 10316 4712 10317 4787 10318 4787 10319 4712 10319 4711 10319 4787 10320 4711 10320 4788 10320 4788 10321 4711 10321 4789 10321 4789 10322 4711 10323 4705 10324 4789 10325 4705 10325 4790 10325 4790 10326 4705 10327 4791 10328 4791 10329 4705 10329 4716 10329 4791 10330 4716 10331 4778 10332 4687 10333 4686 10334 4719 10335 4719 10336 4686 10336 4792 10336 4718 10337 4793 10338 4689 10339 4689 10340 4793 10340 4690 10340 4793 10341 4718 10341 4717 10341 4793 10342 4717 10342 4794 10342 4794 10343 4717 10344 4707 10345 4794 10346 4707 10347 4795 10348 4795 10349 4707 10349 4796 10349 4796 10350 4707 10350 4706 10350 4796 10351 4706 10352 4797 10353 4797 10354 4706 10355 4798 10356 4798 10357 4706 10357 4713 10357 4798 10358 4713 10358 4799 10358 4692 10359 4691 10360 4713 10361 4713 10362 4691 10362 4799 10362 4708 10363 4800 10364 4699 10365 4699 10366 4800 10366 4700 10366 4800 10367 4708 10367 4703 10367 4800 10368 4703 10368 4801 10368 4801 10369 4703 10369 4704 10369 4801 10370 4704 10371 4802 10372 4802 10373 4704 10374 4803 10375 4803 10376 4704 10376 4720 10376 4803 10377 4720 10377 4804 10377 4804 10378 4720 10379 4805 10380 4805 10381 4720 10381 4719 10381 4805 10382 4719 10383 4792 10384 4806 10385 4807 10385 4808 10385 4809 2466 4810 2466 4806 2466 4811 10386 4812 10386 4813 10386 4813 10387 4809 10387 4811 10387 4811 2466 4809 2466 4806 2466 4811 2466 4806 2466 4814 2466 4814 2466 4806 2466 4808 2466 4814 2466 4808 2466 4815 2466 4816 2466 4817 2466 4808 2466 4808 10388 4817 10388 4818 10388 4808 10389 4818 10389 4819 10389 4819 10390 4820 10390 4808 10390 4808 10391 4820 10391 4821 10391 4808 2466 4821 2466 4815 2466 4822 10392 4614 10392 4823 10392 4823 10393 4614 10394 4616 10395 4616 10396 4729 10396 4823 10396 4823 10397 4729 10398 4730 10399 4823 10400 4730 10400 4734 10400 4734 10401 4733 10402 4823 10403 4823 10404 4733 10405 4732 10406 4823 10407 4732 10408 4731 10409 4731 10410 4735 10411 4823 10412 4823 10413 4735 10414 4721 10415 4823 10416 4721 10416 4824 10416 4824 10417 4721 10417 4602 10417 4824 10418 4602 10418 4825 10418 4825 10419 4602 10419 4604 10419 4825 10420 4604 10420 4826 10420 4826 10421 4604 10421 4606 10421 4725 10422 4726 10423 4826 10424 4724 10425 4725 10426 4723 10427 4723 10428 4725 10428 4826 10428 4723 10429 4826 10430 4722 10431 4722 10432 4826 10432 4606 10432 4619 10433 4827 10433 4617 10433 4617 10434 4827 10434 4828 10434 4617 10435 4828 10435 4728 10435 4728 10436 4828 10436 4826 10436 4728 10437 4826 10438 4727 10439 4727 10440 4826 10440 4726 10440 4827 10441 4619 10441 4829 10441 4829 10442 4619 10443 4621 10444 4747 10445 4748 10446 4829 10447 4746 10448 4747 10448 4745 10448 4745 10449 4747 10449 4829 10449 4745 10450 4829 10451 4744 10452 4744 10453 4829 10453 4621 10453 4748 10454 4749 10454 4829 10454 4829 10455 4749 10456 4736 10457 4829 10458 4736 10458 4830 10458 4830 10459 4736 10459 4607 10459 4830 10460 4607 10460 4831 10460 4831 10461 4607 10461 4609 10461 4831 10462 4609 10462 4832 10462 4832 10463 4609 10464 4611 10465 4740 10466 4741 10467 4832 10468 4739 10469 4740 10470 4738 10471 4738 10472 4740 10472 4832 10472 4738 10473 4832 10474 4737 10475 4737 10476 4832 10476 4611 10476 4614 10477 4822 10477 4612 10477 4612 10478 4822 10478 4833 10478 4612 10479 4833 10480 4743 10481 4743 10482 4833 10482 4832 10482 4743 10483 4832 10484 4742 10485 4742 10486 4832 10486 4741 10486 4834 10487 4653 10487 4835 10487 4835 10488 4653 10489 4655 10490 4761 10491 4762 10492 4835 10493 4760 10494 4761 10494 4759 10495 4759 10496 4761 10497 4835 10498 4759 10499 4835 10500 4758 10501 4758 10502 4835 10502 4655 10502 4762 10503 4763 10503 4835 10503 4835 10504 4763 10505 4750 10506 4835 10507 4750 10507 4836 10507 4836 10508 4750 10508 4641 10508 4836 10509 4641 10509 4837 10509 4837 10510 4641 10510 4643 10510 4837 10511 4643 10511 4838 10511 4838 10512 4643 10513 4645 10514 4754 10515 4755 10516 4838 10517 4753 10518 4754 10519 4752 10520 4752 10521 4754 10522 4838 10523 4752 10524 4838 10525 4751 10526 4751 10527 4838 10527 4645 10527 4658 10528 4839 10528 4656 10528 4656 10529 4839 10529 4840 10529 4656 10530 4840 10530 4757 10530 4757 10531 4840 10531 4838 10531 4757 10532 4838 10533 4756 10534 4756 10535 4838 10535 4755 10535 4839 10536 4658 10536 4841 10536 4841 10537 4658 10538 4660 10539 4775 10540 4776 10541 4841 10542 4774 10543 4775 10543 4773 10543 4773 10544 4775 10545 4841 10546 4773 10547 4841 10548 4772 10549 4772 10550 4841 10550 4660 10550 4776 10551 4777 10551 4841 10551 4841 10552 4777 10553 4764 10552 4841 10554 4764 10554 4842 10554 4842 10555 4764 10555 4646 10555 4842 10556 4646 10556 4843 10556 4843 10557 4646 10557 4648 10557 4843 10462 4648 10462 4844 10462 4844 10558 4648 10558 4650 10558 4768 10559 4769 10560 4844 10561 4767 10562 4768 10563 4766 10562 4766 10564 4768 10565 4844 10566 4766 10567 4844 10568 4765 10569 4765 10570 4844 10571 4650 10572 4653 10573 4834 10573 4651 10573 4651 10574 4834 10574 4845 10574 4651 10575 4845 10575 4771 10575 4771 10576 4845 10576 4844 10576 4771 10577 4844 10578 4770 10579 4770 10580 4844 10580 4769 10580 4846 10487 4693 10487 4847 10487 4847 10581 4693 10582 4695 10583 4789 10584 4790 10585 4847 10586 4788 10587 4789 10588 4787 10589 4787 10590 4789 10590 4847 10590 4787 10591 4847 10591 4786 10591 4786 10592 4847 10592 4695 10592 4790 10593 4791 10594 4847 10595 4847 10596 4791 10597 4778 10598 4847 10599 4778 10599 4848 10599 4848 10600 4778 10600 4681 10600 4848 10601 4681 10601 4849 10601 4849 10602 4681 10602 4683 10602 4849 10603 4683 10603 4850 10603 4850 10604 4683 10605 4685 10605 4782 10606 4783 10607 4850 10608 4781 10609 4782 10610 4780 10611 4780 10612 4782 10612 4850 10612 4780 10613 4850 10613 4779 10613 4779 10614 4850 10614 4685 10614 4698 10615 4851 10615 4696 10615 4696 10616 4851 10616 4852 10616 4696 10617 4852 10617 4785 10617 4785 10618 4852 10618 4850 10618 4785 10619 4850 10620 4784 10621 4784 10622 4850 10622 4783 10622 4851 10623 4698 10623 4853 10623 4853 10624 4698 10625 4700 10626 4803 10627 4804 10628 4853 10629 4802 10630 4803 10630 4801 10630 4801 10631 4803 10631 4853 10631 4801 10632 4853 10633 4800 10634 4800 10635 4853 10635 4700 10635 4804 10636 4805 10636 4853 10636 4853 10637 4805 10638 4792 10639 4853 10640 4792 10640 4854 10640 4854 10641 4792 10641 4686 10641 4854 10642 4686 10642 4855 10642 4855 10643 4686 10644 4688 10645 4855 10646 4688 10646 4856 10646 4856 10647 4688 10648 4690 10649 4796 10650 4797 10651 4856 10652 4795 10653 4796 10653 4794 10653 4794 10654 4796 10654 4856 10654 4794 10655 4856 10656 4793 10657 4793 10658 4856 10658 4690 10658 4693 10659 4846 10659 4691 10659 4691 10660 4846 10660 4857 10660 4691 10661 4857 10661 4799 10661 4799 10662 4857 10662 4856 10662 4799 10663 4856 10664 4798 10665 4798 10666 4856 10667 4797 10668 4858 10669 4859 10669 4860 10669 4861 10670 4862 10670 4863 10670 4864 10671 4865 10671 4866 10671 4867 10672 4868 10672 4869 10672 4870 10673 4869 10673 4871 10673 4871 10674 4869 10674 4868 10674 4871 10675 4868 10675 4872 10675 4872 10676 4868 10676 4873 10676 4870 10677 4874 10677 4869 10677 4869 10678 4874 10678 4875 10678 4869 10679 4875 10679 4876 10679 4876 10680 4877 10681 4869 10682 4869 10683 4877 10683 4878 10683 4869 10684 4878 10685 4879 10684 4880 10686 4881 10686 4882 10686 4882 10687 4881 10687 4883 10687 4882 10688 4883 10688 4884 10688 4885 10689 4886 10689 4887 10689 4887 10690 4886 10690 4888 10690 4887 10691 4888 10691 4884 10691 4889 10692 4890 10692 4891 10692 4891 10693 4890 10693 4867 10693 4867 10694 4869 10694 4891 10694 4891 10695 4869 10695 4892 10695 4891 10696 4892 10696 4893 10696 4893 10697 4892 10697 4894 10697 4893 10698 4894 10698 4866 10698 4895 10699 4896 10699 4897 10699 4897 10700 4896 10700 4858 10700 4858 10701 4896 10701 4859 10701 4859 10702 4896 10702 4898 10702 4859 10703 4898 10703 4899 10703 4899 10704 4900 10704 4894 10704 4900 10705 4901 10705 4894 10705 4894 10706 4901 10706 4902 10706 4894 10707 4902 10708 4903 10709 4903 10710 4904 10710 4894 10710 4894 10711 4904 10712 4905 10713 4894 10714 4905 10715 4906 10716 4906 10717 4907 10717 4894 10717 4894 10718 4907 10718 4908 10718 4894 10719 4908 10719 4909 10719 4864 10720 4866 10720 4910 10720 4910 10721 4866 10721 4894 10721 4910 10722 4894 10722 4863 10722 4863 10723 4894 10723 4909 10723 4863 10724 4909 10724 4861 10724 4860 10725 4859 10725 4911 10725 4911 10726 4859 10726 4912 10726 4911 10727 4912 10727 4913 10727 4884 10728 4888 10728 4882 10728 4882 10729 4888 10729 4914 10729 4882 10730 4914 10730 4912 10730 4912 10731 4914 10731 4915 10731 4912 10732 4915 10732 4916 10732 4916 10733 4917 10733 4912 10733 4912 10734 4917 10734 4918 10734 4912 10735 4918 10735 4913 10735 4899 10736 4894 10736 4859 10736 4859 10737 4894 10737 4892 10737 4859 10738 4892 10738 4912 10738 4912 10739 4892 10739 4869 10739 4912 10740 4869 10740 4882 10740 4882 10741 4869 10741 4879 10741 4882 10742 4879 10742 4880 10742 4919 10743 4920 10744 4921 10745 4922 10746 4923 10746 4924 10746 4919 10747 4921 10747 4925 10747 4922 10748 4924 10748 4926 10748 4926 10749 4924 10749 4927 10749 4926 10750 4927 10750 4928 10750 4928 10751 4927 10751 4929 10751 4928 10752 4929 10752 4921 10752 4921 10753 4929 10753 4930 10753 4921 10754 4930 10754 4925 10754 4931 10755 4932 10755 4928 10755 4928 10756 4932 10756 4933 10756 4928 10757 4933 10757 4926 10757 4934 10758 4935 10758 4936 10758 4936 10759 4935 10759 4937 10759 4936 10760 4937 10760 4938 10760 4866 10761 4865 10761 4934 10761 4934 10762 4936 10762 4866 10762 4866 10763 4936 10763 4939 10763 4866 10764 4939 10764 4893 10764 4893 10765 4939 10765 4940 10765 4893 10766 4940 10766 4891 10766 4891 10767 4940 10767 4941 10767 4891 10768 4941 10768 4889 10768 4942 10769 4943 10769 4940 10769 4943 10770 4944 10770 4940 10770 4940 10771 4944 10771 4945 10771 4940 10772 4945 10772 4941 10772 4942 10773 4946 10773 4947 10773 4947 10774 4946 10774 4948 10774 4920 10775 4949 10775 4921 10775 4921 10776 4949 10776 4950 10776 4921 10777 4950 10777 4946 10777 4946 10778 4950 10778 4951 10778 4946 10779 4951 10779 4952 10779 4953 10780 4954 10780 4955 10780 4952 10781 4956 10781 4946 10781 4946 10782 4956 10782 4957 10782 4946 10783 4957 10783 4948 10783 4948 10784 4957 10784 4953 10784 4948 10785 4953 10785 4958 10785 4958 10786 4953 10786 4955 10786 4942 10787 4940 10787 4946 10787 4946 10788 4940 10788 4939 10788 4946 10789 4939 10789 4921 10789 4921 10790 4939 10790 4936 10790 4921 10791 4936 10791 4928 10791 4928 10792 4936 10792 4938 10792 4928 10793 4938 10793 4931 10793 4808 10794 4959 10794 4816 10794 4816 10795 4959 10795 4960 10795 4816 10796 4960 10796 4817 10796 4817 10796 4960 10796 4961 10796 4817 10797 4961 10797 4818 10797 4818 10798 4961 10798 4962 10798 4818 10799 4962 10799 4819 10799 4819 10800 4962 10800 4963 10800 4819 10801 4963 10801 4820 10801 4820 10802 4963 10802 4964 10802 4820 10803 4964 10803 4821 10803 4821 10803 4964 10803 4965 10803 4821 10804 4965 10804 4815 10804 4815 10805 4965 10805 4966 10805 4815 10806 4966 10806 4814 10806 4814 10807 4966 10807 4967 10807 4814 10808 4967 10808 4811 10808 4811 10809 4967 10809 4968 10809 4811 10810 4968 10810 4812 10810 4812 10811 4968 10811 4969 10811 4812 10812 4969 10812 4813 10812 4813 10813 4969 10813 4970 10813 4813 10814 4970 10814 4809 10814 4809 10815 4970 10815 4971 10815 4809 10816 4971 10816 4810 10816 4810 10817 4971 10817 4972 10817 4810 10818 4972 10818 4806 10818 4806 10819 4972 10819 4973 10819 4806 10820 4973 10820 4807 10820 4807 10821 4973 10821 4974 10821 4807 10822 4974 10822 4808 10822 4808 10823 4974 10823 4959 10823 4975 10824 4829 10824 4976 10824 4976 10825 4829 10825 4830 10825 4976 10826 4830 10826 4977 10826 4977 10827 4830 10827 4831 10827 4977 10828 4831 10828 4978 10828 4978 10829 4831 10829 4832 10829 4978 10830 4832 10830 4979 10830 4979 10831 4832 10831 4833 10831 4979 10832 4833 10832 4980 10832 4980 10833 4833 10833 4822 10833 4980 10834 4822 10834 4981 10834 4981 10835 4822 10835 4823 10835 4981 10836 4823 10836 4982 10836 4982 10837 4823 10837 4824 10837 4982 10838 4824 10838 4983 10838 4983 10839 4824 10839 4825 10839 4983 10840 4825 10840 4984 10840 4984 10841 4825 10841 4826 10841 4984 10842 4826 10842 4985 10842 4985 10843 4826 10843 4828 10843 4985 10844 4828 10844 4986 10844 4986 10845 4828 10845 4827 10845 4986 10846 4827 10846 4975 10846 4975 10847 4827 10847 4829 10847 4592 10848 4591 10848 4986 10848 4986 10849 4591 10850 4590 10851 4986 10852 4590 10852 4985 10852 4985 10853 4590 10853 4589 10853 4985 10854 4589 10854 4984 10854 4984 10855 4589 10855 4601 10855 4984 10856 4601 10856 4983 10856 4983 10857 4601 10857 4600 10857 4983 10858 4600 10858 4982 10858 4982 10859 4600 10859 4599 10859 4982 10860 4599 10860 4981 10860 4981 10861 4599 10861 4598 10861 4981 10862 4598 10863 4980 10864 4980 10865 4598 10865 4597 10865 4980 10866 4597 10866 4979 10866 4979 10867 4597 10867 4596 10867 4979 10868 4596 10868 4978 10868 4978 10869 4596 10869 4595 10869 4978 10870 4595 10870 4977 10870 4977 10871 4595 10871 4594 10871 4977 10872 4594 10872 4976 10872 4976 10873 4594 10873 4593 10873 4976 10874 4593 10874 4975 10874 4975 10875 4593 10875 4592 10875 4975 10876 4592 10876 4986 10876 4987 10877 4841 10877 4988 10877 4988 10878 4841 10878 4842 10878 4988 10879 4842 10879 4989 10879 4989 10880 4842 10880 4843 10880 4989 10881 4843 10881 4990 10881 4990 10882 4843 10882 4844 10882 4990 10883 4844 10883 4991 10883 4991 10884 4844 10884 4845 10884 4991 10885 4845 10885 4992 10885 4992 10886 4845 10886 4834 10886 4992 10887 4834 10887 4993 10887 4993 10888 4834 10888 4835 10888 4993 10889 4835 10889 4994 10889 4994 10890 4835 10890 4836 10890 4994 10891 4836 10891 4995 10891 4995 10892 4836 10892 4837 10892 4995 10893 4837 10893 4996 10893 4996 10894 4837 10894 4838 10894 4996 10895 4838 10895 4997 10895 4997 10896 4838 10896 4840 10896 4997 10897 4840 10897 4998 10897 4998 10898 4840 10898 4839 10898 4998 10899 4839 10899 4987 10899 4987 10900 4839 10900 4841 10900 4579 10901 4578 10901 4998 10901 4998 10902 4578 10903 4577 10902 4998 10904 4577 10904 4997 10904 4997 10905 4577 10905 4576 10905 4997 10906 4576 10906 4996 10906 4996 10907 4576 10907 4588 10907 4996 10908 4588 10908 4995 10908 4995 10909 4588 10909 4587 10909 4995 10910 4587 10910 4994 10910 4994 10911 4587 10911 4586 10911 4994 10912 4586 10912 4993 10912 4993 10913 4586 10913 4585 10913 4993 10914 4585 10914 4992 10914 4992 10915 4585 10915 4584 10915 4992 10916 4584 10916 4991 10916 4991 10917 4584 10917 4583 10917 4991 10918 4583 10918 4990 10918 4990 10919 4583 10919 4582 10919 4990 10920 4582 10920 4989 10920 4989 10921 4582 10921 4581 10921 4989 10922 4581 10922 4988 10922 4988 10923 4581 10923 4580 10923 4988 10924 4580 10924 4987 10924 4987 10925 4580 10925 4579 10925 4987 10926 4579 10926 4998 10926 4999 10927 4853 10927 5000 10927 5000 10928 4853 10928 4854 10928 5000 10929 4854 10929 5001 10929 5001 10930 4854 10930 4855 10930 5001 10931 4855 10931 5002 10931 5002 10932 4855 10932 4856 10932 5002 10933 4856 10933 5003 10933 5003 10934 4856 10934 4857 10934 5003 10935 4857 10935 5004 10935 5004 10936 4857 10936 4846 10936 5004 10937 4846 10937 5005 10937 5005 10938 4846 10938 4847 10938 5005 10939 4847 10939 5006 10939 5006 10940 4847 10940 4848 10940 5006 10941 4848 10941 5007 10941 5007 10942 4848 10942 4849 10942 5007 10943 4849 10943 5008 10943 5008 10944 4849 10944 4850 10944 5008 10945 4850 10945 5009 10945 5009 10946 4850 10946 4852 10946 5009 10947 4852 10947 5010 10947 5010 10948 4852 10948 4851 10948 5010 10949 4851 10949 4999 10949 4999 10950 4851 10950 4853 10950 4566 10951 4565 10951 5010 10951 5010 10952 4565 10953 4564 10954 5010 10955 4564 10955 5009 10955 5009 10956 4564 10956 4563 10956 5009 10957 4563 10958 5008 10959 5008 10960 4563 10960 4575 10960 5008 10961 4575 10961 5007 10961 5007 10962 4575 10962 4574 10962 5007 10963 4574 10963 5006 10963 5006 10964 4574 10964 4573 10964 5006 10965 4573 10965 5005 10965 5005 10966 4573 10966 4572 10966 5005 10967 4572 10967 5004 10967 5004 10968 4572 10968 4571 10968 5004 10969 4571 10969 5003 10969 5003 10970 4571 10970 4570 10970 5003 10971 4570 10971 5002 10971 5002 10972 4570 10972 4569 10972 5002 10973 4569 10973 5001 10973 5001 10974 4569 10974 4568 10974 5001 10975 4568 10975 5000 10975 5000 10976 4568 10976 4567 10976 5000 10977 4567 10977 4999 10977 4999 10978 4567 10978 4566 10978 4999 10979 4566 10979 5010 10979 5011 10980 5012 10981 5013 10982 5014 10983 5015 10984 5016 10985 5016 10986 5015 10987 5017 10988 4438 10989 4421 10990 5018 10991 5019 10992 4443 10992 4437 10992 5020 10993 4444 10994 4443 10995 5021 10996 4441 10997 4445 10998 4954 10999 5022 10999 5023 10999 5023 11000 5022 11000 5024 11000 5023 11001 5024 11001 5025 11001 5025 11002 5024 11003 5026 11002 5025 11004 5026 11004 5027 11004 5027 11005 5026 11006 5021 11007 5027 11008 5021 11009 5028 11010 5028 11011 5021 11011 4445 11012 5028 11013 4445 11013 4444 11013 4444 11014 5020 11015 5028 11016 5028 11017 5020 11017 5029 11017 5028 11018 5029 11018 5027 11018 5027 11019 5029 11020 5030 11021 5027 11022 5030 11022 5025 11022 5025 11023 5030 11024 5011 11023 5025 11025 5011 11025 5023 11025 5023 11026 5011 11026 5013 11026 5023 11027 5013 11027 4954 11027 4443 11028 5019 11029 5020 11030 5020 11031 5019 11031 5031 11031 5020 11032 5031 11033 5029 11034 5029 11035 5031 11035 5032 11035 5029 11036 5032 11036 5030 11037 5030 11038 5032 11038 5016 11038 5030 11039 5016 11039 5011 11039 5011 11040 5016 11041 5017 11042 5011 11043 5017 11044 5012 11043 4437 11045 4436 11045 5019 11045 5019 11046 4436 11046 4440 11047 5019 11048 4440 11048 5031 11048 5031 11049 4440 11050 4439 11051 5031 11052 4439 11053 5032 11054 5032 11055 4439 11056 4438 11057 5032 11058 4438 11058 5016 11058 5016 11059 4438 11059 5018 11059 5016 11060 5018 11061 5014 11062 4954 11063 4953 11063 5022 11063 5022 11064 4953 11065 5033 11066 5022 11067 5033 11067 5024 11067 5033 11068 5034 11068 5024 11068 5024 11069 5034 11070 5035 11071 5024 11072 5035 11072 5026 11072 5035 11073 5036 11074 5026 11075 5026 11076 5036 11077 5037 11076 5026 11078 5037 11078 5021 11078 4442 11079 4441 11079 5038 11079 5038 11080 4441 11080 5021 11080 5038 11081 5021 11081 5037 11081 4951 11082 4956 11083 4952 11084 4949 11085 4951 11086 4950 11087 4919 11088 4949 11089 4920 11090 4930 11091 4919 11092 4925 11093 4929 11094 5039 11094 4930 11094 5039 11095 4929 11096 5040 11097 5040 11098 4929 11099 4927 11100 5040 11101 4927 11101 5041 11101 5041 11102 4927 11102 4924 11102 5041 11103 4924 11104 5042 11105 5033 11106 4953 11106 5043 11106 5043 11107 4953 11108 4957 11109 5043 11110 4957 11110 4956 11110 5044 11111 5043 11111 5045 11111 5045 11112 5043 11112 4956 11112 5045 11113 4956 11113 5046 11113 5046 11114 4956 11114 4951 11114 5046 11115 4951 11115 5047 11115 5047 11116 4951 11116 4949 11116 5047 11117 4949 11117 5048 11117 5048 11118 4949 11118 4919 11118 5048 11119 4919 11119 5049 11119 5049 11120 4919 11120 4930 11120 5049 11121 4930 11122 5050 11123 5050 11124 4930 11124 5039 11124 5050 11125 5039 11126 5051 11127 5051 11128 5039 11128 5040 11128 5051 11129 5040 11130 5052 11131 5052 11132 5040 11132 5041 11132 5052 11133 5041 11134 5053 11135 5053 11136 5041 11137 5042 11138 5044 11139 5035 11139 5043 11139 5043 11140 5035 11141 5034 11142 5043 11143 5034 11143 5033 11143 5053 11144 5054 11144 5052 11144 5052 11145 5054 11146 5055 11147 5052 11148 5055 11149 5051 11150 5051 11151 5055 11151 5056 11151 5051 11152 5056 11152 5050 11152 5050 11153 5056 11154 5057 11155 5050 11156 5057 11156 5049 11157 5049 11158 5057 11158 5058 11158 5049 11159 5058 11159 5048 11159 5048 11160 5058 11161 5059 11162 5048 11163 5059 11164 5047 11165 5047 11166 5059 11166 5060 11166 5047 11167 5060 11168 5046 11169 5046 11170 5060 11170 5061 11170 5046 11171 5061 11171 5045 11171 5045 11172 5061 11172 5062 11172 5045 11173 5062 11174 5044 11175 5044 11176 5062 11176 5063 11176 5063 11177 5038 11178 5037 11179 5063 11180 5037 11180 5044 11180 5044 11181 5037 11182 5036 11183 5044 11184 5036 11185 5035 11186 5064 11187 4446 11188 5065 11189 5065 11190 4446 11191 4447 11192 5065 11193 4447 11194 5066 11195 5066 11196 4447 11196 4448 11196 5066 11197 4448 11197 5067 11197 5067 11198 4448 11198 4450 11198 5067 11199 4450 11199 5068 11199 4450 11200 4449 11201 5068 11202 5068 11203 4449 11203 4452 11203 5068 11204 4452 11205 5069 11206 5069 11207 4452 11207 4451 11207 5069 11208 4451 11208 5070 11209 5070 11210 4451 11210 4454 11210 5070 11211 4454 11211 5071 11211 4455 11212 5072 11212 4456 11212 4456 11213 5072 11213 5073 11213 4456 11214 5073 11214 4457 11215 4457 11216 5073 11216 5071 11216 4457 11217 5071 11218 4453 11219 4453 11220 5071 11221 4454 11222 5054 11223 5064 11224 5055 11224 5055 11225 5064 11226 5065 11227 5055 11228 5065 11229 5056 11230 5056 11231 5065 11231 5066 11231 5056 11232 5066 11232 5057 11232 5057 11233 5066 11234 5067 11235 5057 11236 5067 11237 5058 11236 5058 11238 5067 11238 5068 11238 5058 11239 5068 11239 5059 11239 5059 11240 5068 11240 5069 11240 5059 11241 5069 11241 5060 11241 5060 11242 5069 11242 5070 11242 5060 11243 5070 11244 5061 11245 5061 11246 5070 11246 5071 11246 5061 11247 5071 11248 5062 11249 5062 11250 5071 11251 5073 11252 5062 11253 5073 11253 5063 11253 5063 11254 5073 11254 5072 11254 5063 11255 5072 11255 5038 11255 5038 11256 5072 11256 4455 11256 5038 11257 4455 11257 4442 11257 4924 11258 4923 11258 5042 11258 5042 11259 4923 11259 5074 11259 5042 11260 5074 11261 5053 11262 5074 11263 5075 11263 5053 11263 5053 11264 5075 11264 5076 11264 5053 11265 5076 11266 5054 11267 5054 11268 5076 11268 5077 11268 5054 11269 5077 11269 5064 11269 5064 11270 5077 11270 4459 11270 5064 11271 4459 11271 4446 11271 5078 11272 5079 11272 4467 11272 5074 11273 4923 11273 5080 11273 5081 11274 4460 11275 4459 11276 5082 11277 4461 11277 4460 11277 4463 11278 4458 11279 4462 11280 4467 11281 4466 11282 5078 11283 5078 11284 4466 11285 4465 11286 5078 11287 4465 11287 5083 11287 5083 11288 4465 11288 4464 11288 5083 11289 4464 11289 5084 11289 5084 11290 4464 11291 4463 11292 5084 11293 4463 11294 5085 11295 5085 11296 4463 11297 4462 11298 5085 11299 4462 11299 4461 11299 4461 11300 5082 11300 5085 11300 5085 11301 5082 11301 5086 11301 5085 11302 5086 11302 5084 11303 5084 11304 5086 11304 5087 11304 5084 11305 5087 11306 5083 11307 5083 11308 5087 11308 5088 11308 5083 11309 5088 11309 5078 11309 4460 11310 5081 11310 5082 11311 5082 11312 5081 11313 5089 11314 5082 11315 5089 11315 5086 11315 5086 11316 5089 11316 5090 11316 5086 11317 5090 11317 5087 11317 5087 11318 5090 11318 5091 11318 5087 11319 5091 11320 5088 11319 5088 11321 5091 11322 5092 11323 5088 11324 5092 11324 5078 11324 5078 11325 5092 11325 5093 11325 5078 11326 5093 11326 5079 11326 4459 11327 5077 11328 5081 11327 5081 11329 5077 11329 5076 11329 5081 11330 5076 11330 5089 11330 5089 11331 5076 11331 5075 11331 5089 11332 5075 11332 5090 11332 5090 11333 5075 11334 5074 11335 5090 11336 5074 11337 5091 11338 5091 11339 5074 11339 5080 11339 5091 11340 5080 11341 5092 11342 5093 11343 5092 11343 5094 11343 5095 11344 5096 11344 5097 11344 5098 11345 5099 11345 5100 11345 4467 11346 5079 11346 5101 11346 4467 11347 5101 11347 4485 11347 4485 11348 5101 11348 5102 11348 4485 11349 5102 11349 4484 11349 4484 11350 5102 11350 5103 11350 4484 11351 5103 11351 4483 11351 4483 11352 5103 11352 4482 11352 4482 11353 5103 11353 5104 11353 4482 11354 5104 11354 4481 11354 4481 11355 5104 11355 4480 11355 4480 11356 5104 11357 5105 11356 4480 11358 5105 11358 4479 11358 4479 11359 5105 11359 4478 11359 4478 11360 5105 11360 5106 11360 4478 11361 5106 11361 4477 11361 4477 11362 5106 11362 5107 11362 4477 11363 5107 11363 4476 11363 4476 11364 5107 11364 5108 11364 4476 11365 5108 11365 4475 11365 4475 11366 5108 11367 4474 11368 4474 11369 5108 11369 5109 11369 4474 11370 5109 11370 4473 11370 5110 11371 5111 11371 5112 11371 4473 11372 5109 11372 4472 11372 4472 11373 5109 11373 5113 11373 4472 11374 5113 11374 4471 11374 4471 11375 5113 11375 5114 11375 4471 11376 5114 11376 4470 11376 4470 11377 5114 11377 5110 11377 4470 11378 5110 11378 4469 11378 4469 11379 5110 11379 5112 11379 4469 11380 5112 11380 4468 11380 4863 11381 4862 11381 5095 11381 5095 11382 5097 11382 4863 11382 4863 11383 5097 11383 5115 11383 4863 11384 5115 11385 4910 11386 4910 11387 5115 11388 5116 11389 4910 11390 5116 11391 4864 11392 4864 11393 5116 11393 4865 11393 4865 11394 5116 11395 5117 11394 4865 11396 5117 11397 4934 11397 4934 11398 5117 11399 5118 11400 4934 11401 5118 11402 4935 11403 4935 11404 5118 11404 5119 11404 4935 11405 5119 11405 4937 11405 4937 11406 5119 11407 5120 11408 4937 11409 5120 11410 4938 11411 4938 11412 5120 11412 5121 11412 4938 11413 5121 11413 4931 11413 4931 11414 5121 11414 5122 11414 4931 11415 5122 11416 4932 11417 4932 11418 5122 11418 5123 11418 4932 11419 5123 11420 4933 11421 4933 11422 5123 11422 5124 11422 4933 11423 5124 11423 4926 11423 4926 11424 5124 11424 5125 11424 4926 11425 5125 11426 4922 11427 4922 11428 5125 11429 5080 11430 4922 11431 5080 11431 4923 11431 5096 11432 5098 11433 5097 11434 5097 11435 5098 11435 5100 11435 5097 11436 5100 11436 5115 11436 5115 11437 5100 11437 5126 11437 5115 11438 5126 11438 5116 11438 5116 11439 5126 11439 5127 11439 5116 11440 5127 11440 5117 11440 5117 11441 5127 11442 5128 11443 5117 11444 5128 11445 5118 11446 5118 11447 5128 11448 5129 11449 5118 11450 5129 11450 5119 11450 5119 11451 5129 11451 5130 11451 5119 11452 5130 11453 5120 11454 5120 11455 5130 11456 5131 11457 5120 11458 5131 11459 5121 11460 5121 11461 5131 11461 5132 11461 5121 11462 5132 11462 5122 11462 5122 11463 5132 11463 5133 11463 5122 11464 5133 11465 5123 11466 5123 11467 5133 11467 5134 11467 5123 11468 5134 11468 5124 11468 5124 11469 5134 11470 5135 11471 5124 11472 5135 11472 5125 11472 5125 11473 5135 11473 5094 11473 5125 11474 5094 11474 5080 11474 5080 11475 5094 11475 5092 11475 5099 11476 5111 11476 5100 11476 5100 11477 5111 11477 5110 11477 5100 11478 5110 11478 5126 11478 5126 11479 5110 11479 5114 11479 5126 11480 5114 11480 5127 11480 5127 11481 5114 11481 5113 11481 5127 11482 5113 11482 5128 11482 5128 11483 5113 11483 5109 11483 5128 11484 5109 11484 5129 11484 5129 11485 5109 11485 5108 11485 5129 11486 5108 11486 5130 11487 5130 11488 5108 11489 5107 11490 5130 11491 5107 11491 5131 11491 5131 11492 5107 11493 5106 11492 5131 11494 5106 11494 5132 11494 5132 11495 5106 11495 5105 11495 5132 11496 5105 11496 5133 11496 5133 11497 5105 11497 5104 11497 5133 11498 5104 11498 5134 11498 5134 11499 5104 11500 5103 11501 5134 11502 5103 11502 5135 11502 5135 11503 5103 11503 5102 11503 5135 11504 5102 11504 5094 11504 5094 11505 5102 11505 5101 11505 5094 11506 5101 11506 5093 11506 5093 11507 5101 11507 5079 11507 5095 11508 4862 11508 5136 11508 5095 11509 5136 11509 5096 11509 5137 11510 5099 11511 5098 11512 4488 11513 4468 11513 5112 11513 5138 11514 4493 11514 4487 11514 5139 11515 4494 11515 4493 11515 5140 11516 4491 11517 4495 11518 5096 11519 5136 11520 5141 11521 5141 11522 5136 11523 5142 11524 5141 11525 5142 11526 5143 11527 5143 11528 5142 11528 5144 11528 5143 11529 5144 11529 5145 11529 5145 11530 5144 11530 5140 11530 5145 11531 5140 11532 5146 11533 5146 11534 5140 11535 4495 11536 5146 11537 4495 11538 4494 11539 4494 11540 5139 11540 5146 11540 5146 11541 5139 11541 5147 11541 5146 11542 5147 11542 5145 11542 5145 11543 5147 11543 5148 11543 5145 11544 5148 11544 5143 11544 5143 11545 5148 11546 5137 11547 5143 11548 5137 11548 5141 11548 5141 11549 5137 11550 5098 11549 5141 11551 5098 11552 5096 11553 4493 11554 5138 11554 5139 11554 5139 11555 5138 11555 5149 11555 5139 11556 5149 11556 5147 11556 5147 11557 5149 11557 5150 11557 5147 11558 5150 11558 5148 11558 5148 11559 5150 11560 5151 11561 5148 11562 5151 11563 5137 11564 5137 11565 5151 11565 5111 11565 5137 11566 5111 11566 5099 11566 4487 11567 4486 11567 5138 11567 5138 11568 4486 11568 4490 11568 5138 11569 4490 11569 5149 11569 5149 11570 4490 11570 4489 11570 5149 11571 4489 11572 5150 11573 5150 11574 4489 11574 4488 11574 5150 11575 4488 11575 5151 11575 5151 11576 4488 11576 5112 11576 5151 11577 5112 11577 5111 11577 4862 11578 4861 11578 5136 11578 5136 11579 4861 11579 5152 11579 5136 11580 5152 11580 5142 11580 5152 11581 5153 11582 5142 11583 5142 11584 5153 11585 5154 11586 5142 11587 5154 11587 5144 11587 5154 11588 5155 11588 5144 11589 5144 11590 5155 11591 5156 11592 5144 11593 5156 11593 5140 11593 5156 11594 5157 11595 5140 11596 5140 11597 5157 11597 4492 11597 5140 11598 4492 11599 4491 11600 4906 11601 4908 11602 4907 11603 4904 11604 4906 11605 4905 11606 4902 11607 4904 11608 4903 11609 4900 11610 4902 11611 4901 11612 4899 11613 5158 11614 4900 11615 5158 11616 4899 11616 5159 11616 5159 11617 4899 11618 4898 11619 5159 11620 4898 11620 5160 11620 5160 11621 4898 11622 4896 11623 5160 11624 4896 11625 5161 11626 5152 11627 4861 11627 5162 11627 5162 11628 4861 11629 4909 11630 5162 11631 4909 11631 4908 11631 5163 11632 5162 11632 5164 11632 5164 11633 5162 11633 4908 11633 5164 11634 4908 11635 5165 11636 5165 11637 4908 11637 4906 11637 5165 11638 4906 11638 5166 11638 5166 11639 4906 11639 4904 11639 5166 11640 4904 11640 5167 11640 5167 11641 4904 11642 4902 11643 5167 11644 4902 11645 5168 11646 5168 11647 4902 11648 4900 11649 5168 11650 4900 11651 5169 11652 5169 11653 4900 11653 5158 11653 5169 11654 5158 11654 5170 11654 5170 11655 5158 11655 5159 11655 5170 11656 5159 11656 5171 11656 5171 11657 5159 11657 5160 11657 5171 11658 5160 11658 5172 11658 5172 11659 5160 11660 5161 11661 5156 11662 5155 11662 5163 11662 5163 11663 5155 11664 5154 11663 5163 11665 5154 11665 5162 11665 5162 11666 5154 11667 5153 11668 5162 11669 5153 11670 5152 11671 5173 11672 5174 11672 5175 11673 5175 11674 5174 11674 5176 11674 5175 11675 5176 11675 5177 11675 5177 11676 5176 11676 5178 11676 5177 11677 5178 11677 5179 11677 5179 11678 5178 11678 5180 11678 5179 11679 5180 11679 5181 11679 5181 11680 5180 11680 5182 11680 5181 11681 5182 11681 5183 11681 5183 11682 5182 11682 5184 11682 5183 11683 5184 11683 5185 11683 5185 11684 5184 11684 5186 11684 5185 11685 5186 11686 5187 11687 5187 11688 5186 11689 5188 11690 5187 11691 5188 11692 5189 11693 5189 11694 5188 11695 5190 11694 5189 11696 5190 11697 5191 11698 5191 11699 5190 11699 5192 11699 5174 11700 4496 11701 5176 11702 5176 11703 4496 11703 4497 11703 5176 11704 4497 11704 5178 11704 5178 11705 4497 11705 4498 11705 5178 11706 4498 11706 5180 11706 5180 11707 4498 11707 4500 11707 5180 11708 4500 11708 5182 11708 4500 11709 4499 11709 5182 11709 5182 11710 4499 11710 4502 11710 5182 11711 4502 11711 5184 11711 5184 11712 4502 11712 4501 11712 5184 11713 4501 11713 5186 11713 5186 11714 4501 11714 4504 11714 5186 11715 4504 11715 5188 11715 4505 11716 5192 11716 4506 11716 4506 11717 5192 11717 5190 11717 4506 11718 5190 11718 4507 11718 4507 11719 5190 11719 5188 11719 4507 11720 5188 11721 4503 11722 4503 11723 5188 11723 4504 11723 5172 11724 5173 11725 5171 11726 5171 11727 5173 11728 5175 11729 5171 11730 5175 11730 5170 11731 5170 11732 5175 11732 5177 11732 5170 11733 5177 11733 5169 11733 5169 11734 5177 11734 5179 11734 5169 11735 5179 11735 5168 11735 5168 11736 5179 11736 5181 11736 5168 11737 5181 11737 5167 11737 5167 11738 5181 11739 5183 11740 5167 11741 5183 11742 5166 11743 5166 11744 5183 11744 5185 11744 5166 11745 5185 11745 5165 11745 5165 11746 5185 11746 5187 11746 5165 11747 5187 11747 5164 11747 5164 11748 5187 11748 5189 11748 5164 11749 5189 11749 5163 11749 5163 11750 5189 11750 5191 11750 5163 11751 5191 11751 5156 11751 5156 11752 5191 11752 5192 11752 5156 11753 5192 11754 5157 11755 5157 11756 5192 11757 4505 11756 5157 11758 4505 11758 4492 11758 4896 11759 4895 11760 5161 11761 5161 11762 4895 11762 5193 11762 5161 11763 5193 11764 5172 11765 5193 11766 5194 11766 5172 11766 5172 11767 5194 11767 5195 11767 5172 11768 5195 11769 5173 11770 5173 11771 5195 11771 5196 11771 5173 11772 5196 11772 5174 11772 5174 11773 5196 11773 4509 11773 5174 11774 4509 11775 4496 11776 5197 11777 5198 11777 4517 11777 5193 11778 4895 11778 5199 11778 5200 11779 4510 11779 4509 11779 5201 11780 4511 11781 4510 11781 4513 11782 4508 11783 4512 11784 4517 11785 4516 11785 5197 11785 5197 11786 4516 11786 4515 11786 5197 11787 4515 11787 5202 11787 5202 11788 4515 11788 4514 11788 5202 11789 4514 11790 5203 11791 5203 11792 4514 11792 4513 11792 5203 11793 4513 11793 5204 11793 5204 11794 4513 11794 4512 11794 5204 11795 4512 11795 4511 11795 4511 11796 5201 11796 5204 11796 5204 11797 5201 11797 5205 11797 5204 11798 5205 11799 5203 11799 5203 11800 5205 11800 5206 11800 5203 11801 5206 11801 5202 11801 5202 11802 5206 11802 5207 11802 5202 11803 5207 11803 5197 11803 4510 11804 5200 11804 5201 11804 5201 11805 5200 11805 5208 11805 5201 11806 5208 11806 5205 11806 5205 11807 5208 11808 5209 11807 5205 11809 5209 11809 5206 11809 5206 11810 5209 11810 5210 11810 5206 11811 5210 11811 5207 11811 5207 11812 5210 11813 5211 11814 5207 11815 5211 11815 5197 11815 5197 11816 5211 11817 5212 11818 5197 11819 5212 11819 5198 11819 4509 11820 5196 11820 5200 11820 5200 11821 5196 11821 5195 11821 5200 11822 5195 11822 5208 11823 5208 11824 5195 11824 5194 11824 5208 11825 5194 11826 5209 11827 5209 11828 5194 11828 5193 11828 5209 11829 5193 11829 5210 11829 5210 11830 5193 11830 5199 11830 5210 11831 5199 11832 5211 11833 5212 11834 5211 11835 5213 11836 5214 11837 5215 11837 5216 11837 5217 11838 5218 11838 5219 11838 5220 11839 4536 11839 5221 11839 5221 11840 4536 11840 4517 11840 5221 11841 4517 11841 5198 11841 5222 11842 4532 11842 5223 11842 5223 11843 4532 11843 4531 11843 5223 11844 4531 11844 5220 11844 5220 11845 4531 11845 4535 11845 5220 11846 4535 11846 4536 11846 5224 11847 4534 11847 5222 11847 5222 11848 4534 11848 4533 11848 5222 11849 4533 11849 4532 11849 5225 11850 4527 11850 5226 11850 5226 11851 4527 11851 4530 11851 5226 11852 4530 11852 5224 11852 5224 11853 4530 11854 4529 11855 5224 11856 4529 11857 4534 11858 5227 11859 4526 11859 5225 11859 5225 11860 4526 11860 4528 11860 5225 11861 4528 11861 4527 11861 5228 11862 4523 11862 5229 11862 5229 11863 4523 11863 4524 11863 5229 11864 4524 11864 5227 11864 5227 11865 4524 11865 4525 11865 5227 11866 4525 11866 4526 11866 4520 11867 4519 11867 5228 11867 5228 11868 4519 11868 4518 11868 5228 11869 4518 11869 4523 11869 5230 11870 5231 11870 5232 11870 5228 11871 5233 11871 4520 11871 4520 11872 5233 11872 5230 11872 4520 11873 5230 11873 4521 11873 4521 11874 5230 11874 5232 11874 4521 11875 5232 11876 4522 11876 4886 11877 4885 11877 5214 11877 5214 11878 5216 11879 4886 11880 4886 11881 5216 11882 5234 11883 4886 11884 5234 11884 4888 11884 4888 11885 5234 11885 5235 11885 4888 11886 5235 11887 4914 11888 4914 11889 5235 11889 5236 11889 4914 11890 5236 11890 4915 11890 4915 11891 5236 11891 5237 11891 4915 11892 5237 11893 4916 11894 4916 11895 5237 11896 5238 11897 4916 11898 5238 11899 4917 11900 4917 11901 5238 11901 5239 11901 4917 11902 5239 11902 4918 11902 4918 11903 5239 11903 5240 11903 4918 11904 5240 11905 4913 11906 4913 11907 5240 11907 5241 11907 4913 11908 5241 11908 4911 11908 4911 11909 5241 11910 5242 11911 4911 11912 5242 11913 4860 11914 4860 11915 5242 11916 5243 11917 4860 11918 5243 11919 4858 11920 4858 11921 5243 11922 5244 11923 4858 11924 5244 11924 4897 11924 4897 11925 5244 11925 5199 11925 4897 11926 5199 11926 4895 11926 5215 11927 5217 11927 5216 11927 5216 11928 5217 11928 5219 11928 5216 11929 5219 11929 5234 11929 5234 11930 5219 11931 5245 11932 5234 11933 5245 11934 5235 11935 5235 11936 5245 11936 5246 11936 5235 11937 5246 11937 5236 11937 5236 11938 5246 11938 5247 11938 5236 11939 5247 11939 5237 11939 5237 11940 5247 11940 5248 11940 5237 11941 5248 11941 5238 11941 5238 11942 5248 11942 5249 11942 5238 11943 5249 11943 5239 11943 5239 11944 5249 11944 5250 11944 5239 11945 5250 11945 5240 11946 5240 11947 5250 11947 5251 11947 5240 11948 5251 11948 5241 11948 5241 11949 5251 11949 5252 11949 5241 11950 5252 11950 5242 11950 5242 11951 5252 11951 5253 11951 5242 11952 5253 11952 5243 11952 5243 11953 5253 11953 5254 11953 5243 11954 5254 11954 5244 11954 5244 11955 5254 11955 5213 11955 5244 11956 5213 11956 5199 11956 5199 11957 5213 11957 5211 11957 5218 11958 5231 11958 5219 11958 5219 11959 5231 11959 5230 11959 5219 11960 5230 11960 5245 11960 5245 11961 5230 11961 5233 11961 5245 11962 5233 11962 5246 11962 5246 11963 5233 11963 5228 11963 5246 11964 5228 11964 5247 11964 5247 11965 5228 11965 5229 11965 5247 11966 5229 11966 5248 11966 5248 11967 5229 11967 5227 11967 5248 11968 5227 11968 5249 11968 5249 11969 5227 11969 5225 11969 5249 11970 5225 11971 5250 11972 5250 11973 5225 11973 5226 11973 5250 11974 5226 11974 5251 11974 5251 11975 5226 11975 5224 11975 5251 11976 5224 11976 5252 11976 5252 11977 5224 11977 5222 11977 5252 11978 5222 11978 5253 11978 5253 11979 5222 11979 5223 11979 5253 11980 5223 11980 5254 11980 5254 11981 5223 11981 5220 11981 5254 11982 5220 11982 5213 11982 5213 11983 5220 11983 5221 11983 5213 11984 5221 11984 5212 11984 5212 11985 5221 11985 5198 11985 5214 11986 4885 11986 5255 11986 5214 11987 5255 11988 5215 11989 5256 11990 5218 11990 5217 11990 4539 11991 4522 11991 5232 11991 5257 11992 4544 11992 4538 11992 5258 11993 4545 11994 4544 11995 5259 11996 4542 11997 4546 11998 5215 11999 5255 12000 5260 12001 5260 12002 5255 12002 5261 12002 5260 12003 5261 12003 5262 12003 5262 12004 5261 12004 5263 12004 5262 12005 5263 12005 5264 12005 5264 12006 5263 12006 5259 12006 5264 12007 5259 12008 5265 12009 5265 12010 5259 12010 4546 12010 5265 12011 4546 12011 4545 12011 4545 12012 5258 12013 5265 12014 5265 12015 5258 12015 5266 12015 5265 12016 5266 12016 5264 12016 5264 12017 5266 12017 5267 12017 5264 12018 5267 12018 5262 12018 5262 12019 5267 12019 5256 12019 5262 12020 5256 12021 5260 12022 5260 12023 5256 12023 5217 12023 5260 12024 5217 12024 5215 12024 4544 12025 5257 12026 5258 12027 5258 12028 5257 12029 5268 12030 5258 12031 5268 12031 5266 12031 5266 12032 5268 12032 5269 12032 5266 12033 5269 12033 5267 12033 5267 12034 5269 12035 5270 12034 5267 12036 5270 12036 5256 12037 5256 12038 5270 12038 5231 12038 5256 12039 5231 12040 5218 12041 4538 12042 4537 12042 5257 12042 5257 12043 4537 12043 4541 12043 5257 12044 4541 12044 5268 12044 5268 12045 4541 12045 4540 12045 5268 12046 4540 12046 5269 12046 5269 12047 4540 12047 4539 12047 5269 12048 4539 12049 5270 12050 5270 12051 4539 12051 5232 12051 5270 12052 5232 12053 5231 12052 4885 12054 4887 12054 5255 12054 5255 12055 4887 12055 5271 12055 5255 12056 5271 12056 5261 12056 5271 12057 5272 12057 5261 12057 5261 12058 5272 12059 5273 12060 5261 12061 5273 12061 5263 12061 5273 12062 5274 12063 5263 12064 5263 12065 5274 12066 5275 12065 5263 12067 5275 12067 5259 12067 4543 12068 4542 12069 5276 12070 5276 12071 4542 12071 5259 12071 5276 12072 5259 12072 5275 12072 4880 12073 4883 12073 4881 12073 4878 12074 4880 12075 4879 12076 4876 12077 4878 12078 4877 12079 4874 12080 4876 12081 4875 12082 4870 12083 5277 12083 4874 12083 5277 12084 4870 12085 5278 12086 5278 12087 4870 12088 4871 12089 5278 12090 4871 12090 5279 12090 5279 12091 4871 12092 4872 12093 5279 12094 4872 12094 5280 12094 5271 12095 4887 12095 5281 12095 5281 12096 4887 12097 4884 12098 5281 12099 4884 12099 4883 12099 5282 12100 5281 12100 5283 12100 5283 12101 5281 12101 4883 12101 5283 12102 4883 12102 5284 12102 5284 12103 4883 12103 4880 12103 5284 12104 4880 12104 5285 12104 5285 12105 4880 12105 4878 12105 5285 12106 4878 12106 5286 12106 5286 12107 4878 12108 4876 12109 5286 12110 4876 12111 5287 12112 5287 12113 4876 12114 4874 12115 5287 12116 4874 12116 5288 12116 5288 12117 4874 12118 5277 12119 5288 12120 5277 12121 5289 12122 5289 12123 5277 12123 5278 12123 5289 12124 5278 12124 5290 12124 5290 12125 5278 12125 5279 12125 5290 12126 5279 12127 5291 12128 5291 12129 5279 12129 5280 12129 5282 12130 5273 12131 5281 12132 5281 12133 5273 12134 5272 12135 5281 12136 5272 12137 5271 12136 5291 12138 5292 12139 5290 12140 5290 12141 5292 12142 5293 12142 5290 12143 5293 12143 5289 12144 5289 12145 5293 12146 5294 12145 5289 12147 5294 12148 5288 12148 5288 12149 5294 12150 5295 12151 5288 12152 5295 12152 5287 12152 5287 12153 5295 12153 5296 12153 5287 12154 5296 12154 5286 12154 5286 12155 5296 12156 5297 12157 5286 12158 5297 12159 5285 12160 5285 12161 5297 12162 5298 12163 5285 12164 5298 12165 5284 12166 5284 12167 5298 12167 5299 12167 5284 12168 5299 12168 5283 12168 5283 12169 5299 12170 5300 12171 5283 12172 5300 12172 5282 12172 5282 12173 5300 12173 5301 12173 5301 12174 5276 12174 5275 12174 5301 12175 5275 12175 5282 12175 5282 12176 5275 12177 5274 12178 5282 12179 5274 12180 5273 12181 5302 12182 4547 12182 5303 12182 5303 12183 4547 12183 4548 12183 5303 12184 4548 12184 5304 12184 5304 12185 4548 12185 4549 12185 5304 12186 4549 12186 5305 12186 5305 12187 4549 12187 4551 12187 5305 12188 4551 12189 5306 12190 4551 12191 4550 12191 5306 12191 5306 12192 4550 12192 4553 12192 5306 12193 4553 12193 5307 12193 5307 12194 4553 12195 4552 12196 5307 12197 4552 12198 5308 12199 5308 12200 4552 12200 4555 12200 5308 12201 4555 12201 5309 12201 4556 12202 5310 12202 4557 12202 4557 12203 5310 12203 5311 12203 4557 12204 5311 12204 4558 12204 4558 12205 5311 12205 5309 12205 4558 12206 5309 12206 4554 12206 4554 12207 5309 12208 4555 12209 5292 12210 5302 12210 5293 12210 5293 12211 5302 12211 5303 12211 5293 12212 5303 12212 5294 12212 5294 12213 5303 12213 5304 12213 5294 12214 5304 12214 5295 12214 5295 12215 5304 12216 5305 12217 5295 12218 5305 12218 5296 12218 5296 12219 5305 12220 5306 12221 5296 12222 5306 12222 5297 12222 5297 12223 5306 12223 5307 12223 5297 12224 5307 12224 5298 12224 5298 12225 5307 12226 5308 12227 5298 12228 5308 12228 5299 12228 5299 12229 5308 12229 5309 12229 5299 12230 5309 12231 5300 12232 5300 12233 5309 12234 5311 12235 5300 12236 5311 12236 5301 12236 5301 12237 5311 12237 5310 12237 5301 12238 5310 12238 5276 12238 5276 12239 5310 12240 4556 12241 5276 12242 4556 12242 4543 12242 4872 12243 4873 12243 5280 12243 5280 12244 4873 12244 5312 12244 5280 12245 5312 12245 5291 12245 5312 12246 5313 12246 5291 12246 5291 12247 5313 12248 5314 12247 5291 12249 5314 12250 5292 12251 5292 12252 5314 12252 5315 12252 5292 12253 5315 12253 5302 12253 5302 12254 5315 12254 4559 12254 5302 12255 4559 12255 4547 12255 5316 12256 5317 12257 4416 12258 5312 12259 4873 12260 5318 12261 5319 12262 4560 12262 4559 12262 5320 12263 4561 12263 4560 12263 4412 12264 4411 12265 4562 12266 4416 12267 4415 12267 5316 12267 5316 12268 4415 12269 4414 12270 5316 12271 4414 12272 5321 12273 5321 12274 4414 12274 4413 12274 5321 12275 4413 12275 5322 12275 5322 12276 4413 12276 4412 12276 5322 12277 4412 12278 5323 12279 5323 12280 4412 12280 4562 12280 5323 12281 4562 12281 4561 12281 4561 12282 5320 12282 5323 12282 5323 12283 5320 12283 5324 12283 5323 12284 5324 12284 5322 12284 5322 12285 5324 12286 5325 12287 5322 12288 5325 12288 5321 12288 5321 12289 5325 12290 5326 12291 5321 12292 5326 12292 5316 12293 4560 12294 5319 12295 5320 12294 5320 12296 5319 12297 5327 12298 5320 12299 5327 12299 5324 12299 5324 12300 5327 12301 5328 12302 5324 12303 5328 12303 5325 12303 5325 12304 5328 12304 5329 12304 5325 12305 5329 12305 5326 12305 5326 12306 5329 12307 5330 12306 5326 12308 5330 12308 5316 12308 5316 12309 5330 12309 5331 12309 5316 12310 5331 12310 5317 12310 4559 12311 5315 12312 5319 12311 5319 12313 5315 12314 5314 12313 5319 12315 5314 12315 5327 12315 5327 12316 5314 12317 5313 12318 5327 12319 5313 12320 5328 12319 5328 12321 5313 12322 5312 12323 5328 12324 5312 12324 5329 12324 5329 12325 5312 12326 5318 12327 5329 12328 5318 12329 5330 12330 5332 12331 5333 12331 5334 12331 5017 12332 5015 12333 5335 12334 5018 12335 4421 12335 4420 12335 5317 12336 5331 12337 5336 12338 5330 12339 5318 12340 5337 12341 5337 12342 5318 12342 4873 12342 5018 12343 4420 12343 5014 12343 5017 12344 5335 12345 5012 12346 4955 12347 4954 12347 5013 12347 5013 12348 5338 12348 4955 12348 4955 12349 5338 12349 5339 12349 4955 12350 5339 12350 4958 12350 4958 12351 5339 12351 5340 12351 4958 12352 5340 12352 4948 12352 5341 12353 4947 12353 4948 12353 4942 12354 4947 12354 5342 12354 5342 12355 4947 12355 5341 12355 5342 12356 5341 12356 5343 12356 5344 12357 5345 12357 4943 12357 4943 12358 5345 12358 4944 12358 4889 12359 4941 12359 5332 12359 5332 12360 4941 12360 4945 12361 5332 12362 4945 12362 5333 12362 5333 12363 4945 12363 4944 12363 4873 12364 4868 12364 5337 12365 5337 12366 4868 12367 4867 12368 5337 12369 4867 12369 5346 12369 5013 12370 5012 12371 5338 12372 5338 12373 5012 12373 5335 12373 5338 12374 5335 12374 5339 12374 5339 12375 5335 12375 5347 12375 5339 12376 5347 12376 5340 12376 5340 12377 5347 12377 5348 12377 5349 12378 5345 12378 5350 12378 5350 12379 5345 12379 5344 12379 5350 12380 5344 12380 5351 12380 5331 12381 5330 12381 5336 12381 5336 12382 5330 12382 5337 12382 5336 12383 5337 12383 5352 12383 5352 12384 5337 12384 5346 12384 5352 12385 5346 12385 5353 12385 5015 12386 5014 12387 5335 12388 5335 12389 5014 12389 4420 12389 5335 12390 4420 12390 5347 12390 5347 12391 4420 12392 4419 12393 5347 12394 4419 12395 5348 12396 5348 12397 4419 12397 4418 12397 5348 12398 4418 12398 4417 12398 4948 12399 5340 12399 5341 12399 5341 12400 5340 12400 5348 12400 5341 12401 5348 12401 5343 12401 5343 12402 5348 12403 4417 12403 5343 12404 4417 12404 4422 12404 4422 12405 4423 12405 5343 12405 5343 12406 4423 12406 5351 12406 5343 12407 5351 12407 5342 12407 5342 12408 5351 12408 5344 12408 5342 12409 5344 12410 4942 12411 4942 12412 5344 12412 4943 12412 4423 12413 4424 12413 5351 12413 5351 12414 4424 12415 4425 12416 5351 12417 4425 12417 5350 12417 5350 12418 4425 12418 4427 12418 5350 12419 4427 12419 5349 12419 5349 12420 4427 12420 4426 12420 5349 12421 4426 12421 4429 12421 4944 12422 5345 12422 5333 12422 5333 12423 5345 12423 5349 12423 5333 12424 5349 12424 5334 12424 5334 12425 5349 12425 4429 12425 5334 12426 4429 12427 4428 12427 4890 12428 4889 12428 5354 12428 5354 12429 4889 12430 5332 12431 5354 12432 5332 12432 5355 12432 5355 12433 5332 12433 5334 12433 5355 12434 5334 12434 4433 12434 4433 12435 5334 12435 4428 12435 4433 12436 4432 12436 5355 12436 5355 12437 4432 12437 5353 12437 5355 12438 5353 12438 5354 12438 5354 12439 5353 12439 5346 12439 5354 12440 5346 12441 4890 12440 4890 12442 5346 12442 4867 12442 4416 12443 5317 12443 4435 12443 4435 12444 5317 12444 5336 12444 4435 12445 5336 12445 4434 12445 4434 12446 5336 12446 5352 12446 4434 12447 5352 12447 4430 12447 4430 12448 5352 12448 5353 12448 4430 12449 5353 12449 4431 12449 4431 12450 5353 12450 4432 12450 4959 2466 4974 2466 4366 2466 4391 12451 4962 12451 4961 12451 4960 2466 4393 2466 4961 2466 4961 12452 4393 12452 4392 12452 4961 12453 4392 12453 4391 12453 4366 2466 4367 2466 4959 2466 4959 2466 4367 2466 4395 2466 4959 2466 4395 2466 4960 2466 4960 2466 4395 2466 4394 2466 4960 12454 4394 12454 4393 12454 4391 2466 4390 2466 4962 2466 4962 12455 4390 12455 4389 12455 4962 12456 4389 12456 4963 12456 4963 2466 4389 2466 4388 2466 4963 12457 4388 12457 4964 12457 4376 12458 4970 12458 4969 12458 4967 2466 4966 2466 4382 2466 4376 2466 4375 2466 4970 2466 4970 12459 4375 12459 4374 12459 4970 2466 4374 2466 4971 2466 4971 2466 4374 2466 4373 2466 4971 2466 4373 2466 4972 2466 4968 2466 4378 2466 4969 2466 4969 12460 4378 12460 4377 12460 4969 12461 4377 12461 4376 12461 4382 2466 4381 2466 4967 2466 4967 2466 4381 2466 4380 2466 4967 2466 4380 2466 4968 2466 4968 2466 4380 2466 4379 2466 4968 12462 4379 12462 4378 12462 4965 2466 4384 2466 4966 2466 4966 12463 4384 12463 4383 12463 4966 2466 4383 2466 4382 2466 4388 12464 4387 12464 4964 12464 4964 12465 4387 12465 4386 12465 4964 2466 4386 2466 4965 2466 4965 12466 4386 12466 4385 12466 4965 12467 4385 12467 4384 12467 4973 2466 4369 2466 4974 2466 4974 12468 4369 12468 4368 12468 4974 2466 4368 2466 4366 2466 4373 2466 4372 2466 4972 2466 4972 12469 4372 12469 4371 12469 4972 12470 4371 12470 4973 12470 4973 12471 4371 12471 4370 12471 4973 12472 4370 12472 4369 12472 5356 12473 5357 12473 5358 12473 5358 12474 5357 12474 5359 12474 5358 12475 5359 12475 5360 12475 5360 12476 5359 12476 5361 12476 5360 12477 5361 12477 5362 12477 5362 12478 5361 12478 5363 12478 5362 12479 5363 12479 5364 12479 5364 12480 5363 12480 5365 12480 5364 12481 5365 12481 5366 12481 5366 12482 5365 12482 5367 12482 5366 12483 5367 12483 5368 12483 5368 12484 5367 12484 5369 12484 5368 12485 5369 12485 5370 12485 5370 12486 5369 12486 5371 12486 5370 12487 5371 12487 5372 12487 5372 12488 5371 12488 5373 12488 5372 12489 5373 12489 5374 12489 5374 12490 5373 12490 5375 12490 5374 12491 5375 12491 5376 12491 5376 12492 5375 12492 5377 12492 5376 12493 5377 12493 5378 12493 5378 12494 5377 12494 5379 12494 5378 12495 5379 12495 5356 12495 5356 12496 5379 12496 5357 12496 5380 12497 5381 12497 5366 12497 5381 12498 5382 12499 5366 12500 5366 12501 5382 12501 5383 12501 5366 12502 5383 12502 5364 12502 5364 12503 5383 12503 5384 12503 5364 12504 5384 12504 5362 12504 5362 12505 5384 12505 5385 12505 5362 12506 5385 12506 5360 12506 5360 12507 5385 12507 5386 12507 5360 12508 5386 12508 5358 12508 5358 12509 5386 12509 5387 12509 5358 12510 5387 12510 5356 12510 5356 12511 5387 12511 5388 12511 5356 12512 5388 12512 5378 12512 5378 12513 5388 12513 5389 12513 5378 12514 5389 12514 5376 12514 5376 12515 5389 12515 5390 12515 5376 12516 5390 12516 5374 12516 5374 12517 5390 12517 5391 12517 5374 12518 5391 12518 5372 12518 5372 12519 5391 12519 5392 12519 5372 12520 5392 12520 5370 12520 5370 12521 5392 12521 5380 12521 5370 12522 5380 12522 5368 12522 5368 12523 5380 12523 5366 12523 5393 12524 5394 12525 5395 12526 5395 12527 5394 12527 5396 12527 5395 12528 5396 12528 5397 12528 5397 12529 5396 12529 5398 12529 5397 12530 5398 12530 5399 12530 5399 12531 5398 12531 5400 12531 5399 12532 5400 12532 5401 12532 5401 12533 5400 12533 5402 12533 5401 12534 5402 12534 5403 12534 5403 12535 5402 12535 5404 12535 5403 12536 5404 12536 5405 12536 5405 12537 5404 12537 5406 12537 5405 12538 5406 12538 5407 12538 5407 12539 5406 12539 5408 12539 5407 12540 5408 12540 5409 12540 5409 12541 5408 12541 5410 12541 5409 12542 5410 12542 5411 12542 5411 12543 5410 12543 5412 12543 5411 12544 5412 12544 5413 12544 5413 12545 5412 12545 5414 12545 5413 12546 5414 12546 5415 12546 5415 12547 5414 12547 5416 12547 5415 12548 5416 12548 5393 12548 5393 12549 5416 12549 5394 12549 5383 12550 5382 12550 5415 12550 5415 12551 5382 12551 5381 12551 5415 12552 5381 12552 5413 12552 5413 12553 5381 12553 5380 12553 5413 12554 5380 12554 5411 12554 5411 12555 5380 12555 5392 12555 5411 12556 5392 12556 5409 12556 5409 12557 5392 12557 5391 12557 5409 12558 5391 12558 5407 12558 5407 12559 5391 12559 5390 12559 5407 12560 5390 12560 5405 12560 5405 12561 5390 12561 5389 12561 5405 12562 5389 12562 5403 12562 5403 12563 5389 12563 5388 12563 5403 12564 5388 12564 5401 12564 5401 12565 5388 12565 5387 12565 5401 12566 5387 12566 5399 12566 5399 12567 5387 12567 5386 12567 5399 12568 5386 12568 5397 12568 5397 12569 5386 12569 5385 12569 5397 12570 5385 12570 5395 12570 5395 12571 5385 12571 5384 12571 5395 12572 5384 12572 5393 12572 5393 12573 5384 12573 5383 12573 5393 12574 5383 12574 5415 12574 5416 12575 5417 12575 5394 12575 5394 12576 5417 12577 5418 12578 5419 12579 5420 12579 5394 12579 5421 12580 5419 12581 5422 12582 5422 12583 5419 12583 5394 12583 5422 12584 5394 12584 5423 12584 5423 12585 5394 12585 5418 12585 5424 12586 5425 12587 5402 12588 5420 12589 5426 12589 5394 12589 5394 12590 5426 12591 5427 12592 5394 12593 5427 12593 5396 12593 5396 12594 5427 12594 5428 12594 5396 12595 5428 12595 5398 12595 5398 12596 5428 12596 5429 12596 5398 12597 5429 12597 5400 12597 5400 12598 5429 12598 5430 12598 5400 12599 5430 12599 5402 12599 5402 12600 5430 12600 5431 12600 5402 12601 5431 12601 5424 12602 5425 12603 5432 12603 5402 12603 5402 12604 5432 12605 5433 12606 5402 12607 5433 12608 5434 12609 5435 12610 5404 12610 5436 12610 5436 12611 5404 12611 5402 12611 5436 12612 5402 12612 5437 12612 5437 12613 5402 12614 5434 12615 5438 12616 5439 12616 5408 12616 5404 12617 5435 12617 5406 12617 5406 12618 5435 12619 5440 12620 5406 12621 5440 12621 5408 12621 5408 12622 5440 12622 5441 12622 5408 12623 5441 12624 5438 12625 5439 12626 5442 12626 5408 12626 5408 12627 5442 12628 5443 12629 5408 12630 5443 12630 5444 12630 5445 12631 5446 12631 5414 12631 5444 12632 5447 12633 5408 12634 5408 12635 5447 12635 5448 12635 5408 12636 5448 12636 5410 12636 5410 12637 5448 12637 5449 12637 5410 12638 5449 12638 5412 12638 5412 12639 5449 12639 5450 12639 5412 12640 5450 12640 5414 12640 5414 12641 5450 12641 5451 12641 5414 12642 5451 12643 5445 12644 5446 12645 5452 12646 5414 12647 5414 12648 5452 12649 5453 12650 5414 12651 5453 12652 5454 12653 5417 12654 5416 12654 5455 12654 5455 12655 5416 12655 5414 12655 5455 12656 5414 12656 5456 12656 5456 12657 5414 12657 5454 12657 5457 2466 5423 2466 5418 2466 5458 12658 5459 12659 5460 12660 5461 12661 5427 12662 5462 12663 5462 12664 5427 12664 5426 12664 5462 12665 5426 12666 5420 12667 5420 12668 5419 12668 5462 12668 5462 12669 5419 12669 5460 12669 5462 12670 5460 12670 5463 12670 5419 12671 5421 12672 5460 12673 5460 12674 5421 12674 5422 12674 5460 12675 5422 12675 5458 12675 5458 12676 5422 12676 5423 12676 5458 12677 5423 12677 5457 12677 5427 3123 5461 3123 5428 3123 5429 12678 5428 12678 5461 12678 5430 12679 5429 12679 5464 12679 5464 12680 5429 12680 5461 12680 5464 12681 5461 12682 5465 12683 5465 12684 5461 12684 5462 12684 5465 12685 5462 12686 5466 12687 5466 12688 5462 12688 5463 12688 5464 3136 5431 3136 5430 3136 5465 12689 5466 12689 5467 12689 5431 12690 5464 12691 5424 12692 5424 12693 5464 12693 5465 12693 5424 12694 5465 12695 5425 12696 5425 12697 5465 12697 5467 12697 5425 12698 5467 12698 5432 12698 5467 12699 5468 12700 5469 12701 5432 12702 5467 12702 5433 12702 5433 12703 5467 12703 5469 12703 5433 12704 5469 12704 5434 12704 5434 12705 5469 12705 5470 12705 5434 12706 5470 12706 5437 12706 5437 12707 5470 12707 5436 12707 5435 12708 5436 12709 5470 12710 5440 12711 5435 12712 5471 12712 5471 12713 5435 12713 5470 12713 5471 12714 5470 12714 5472 12714 5472 12715 5470 12715 5469 12715 5472 12716 5469 12717 5473 12718 5473 12719 5469 12720 5468 12721 5417 12722 5455 12722 5474 12722 5475 12723 5459 12724 5476 12725 5476 12726 5459 12727 5458 12728 5476 12729 5458 12729 5474 12729 5474 12730 5458 12730 5457 12730 5474 3167 5457 3167 5417 3167 5417 12731 5457 12732 5418 12733 5471 12734 5441 12734 5440 12734 5472 12735 5473 12735 5477 12736 5478 12737 5447 12737 5444 12737 5477 12738 5479 12739 5480 12740 5478 12741 5444 12741 5480 12741 5480 12742 5444 12742 5443 12742 5480 12743 5443 12743 5477 12743 5441 12744 5471 12744 5438 12744 5438 12745 5471 12746 5472 12747 5438 12748 5472 12749 5439 12750 5439 12751 5472 12751 5477 12751 5439 12752 5477 12753 5442 12754 5442 12755 5477 12755 5443 12755 5447 3191 5478 3191 5448 3191 5449 12756 5448 12756 5478 12756 5450 12757 5449 12757 5481 12757 5481 12758 5449 12758 5478 12758 5481 12759 5478 12759 5482 12759 5482 12760 5478 12760 5480 12760 5482 12761 5480 12761 5483 12761 5483 12762 5480 12762 5479 12762 5481 12763 5451 12763 5450 12763 5482 12764 5483 12765 5484 12766 5451 12767 5481 12767 5445 12767 5445 12768 5481 12768 5482 12768 5445 12769 5482 12770 5446 12771 5446 12772 5482 12772 5484 12772 5446 12773 5484 12774 5452 12774 5484 12775 5475 12776 5476 12777 5452 12778 5484 12779 5453 12779 5453 12780 5484 12780 5476 12780 5453 12781 5476 12781 5454 12782 5454 12783 5476 12783 5474 12783 5454 12784 5474 12784 5456 12784 5456 2512 5474 2512 5455 2512 5483 12785 5479 12786 5484 12787 5484 12788 5479 12788 5477 12788 5466 12789 5463 12789 5467 12789 5467 12790 5463 12790 5460 12790 5459 12791 5475 12792 5460 12793 5460 12794 5475 12795 5484 12796 5460 3240 5484 3240 5467 3240 5467 3232 5484 3232 5477 3232 5467 12797 5477 12798 5468 12799 5468 12800 5477 12801 5473 12802 5361 12803 1476 12804 430 12805 5361 12806 430 12806 5363 12806 1495 12807 433 12807 5361 12807 5361 12808 433 12808 432 12808 5361 12809 432 12809 1476 12809 5361 12810 5359 12810 1495 12810 1495 12811 5359 12811 5357 12811 1495 12812 5357 12812 1494 12812 1494 12813 5357 12813 5379 12813 1494 12814 5379 12814 1492 12814 1492 12815 5379 12815 5377 12815 1492 12816 5377 12816 1490 12816 1490 12817 5377 12817 5375 12817 1490 12818 5375 12818 1488 12818 1488 12819 5375 12819 5373 12819 1488 12820 5373 12820 1485 12820 1485 12821 5373 12821 5371 12821 1485 12822 5371 12822 1483 12822 1483 12823 5371 12823 5369 12823 1483 12824 5369 12824 1481 12824 1481 12825 5369 12825 5367 12825 1481 12826 5367 12826 1479 12826 1479 12827 5367 12827 5365 12827 1479 12828 5365 12829 1478 12830 1478 12831 5365 12831 5363 12831 1478 12832 5363 12832 1477 12832 1477 12833 5363 12833 430 12833</p>
        </triangles>
      </mesh>
    </geometry>
  </library_geometries>
  <library_visual_scenes>
    <visual_scene id="Scene" name="Scene">
      <node id="link_1" name="link_1" type="NODE">
        <matrix sid="transform">10 0 0 -1.49012e-8 0 10 0 8.9407e-8 0 0 10 1.850001 0 0 0 1</matrix>
        <instance_geometry url="#link_1-mesh" name="link_1"/>
      </node>
    </visual_scene>
  </library_visual_scenes>
  <scene>
    <instance_visual_scene url="#Scene"/>
  </scene>
</COLLADA>