<?xml version="1.0" encoding="utf-8"?>
<COLLADA xmlns="http://www.collada.org/2005/11/COLLADASchema" version="1.4.1" xmlns:xsi="http://www.w3.org/2001/XMLSchema-instance">
  <asset>
    <contributor>
      <author>Blender User</author>
      <authoring_tool>Blender 3.6.5 commit date:2023-10-16, commit time:14:30, hash:cf1e1ed46b7e</authoring_tool>
    </contributor>
    <created>2026-02-27T17:58:39</created>
    <modified>2026-02-27T17:58:39</modified>
    <unit name="meter" meter="1"/>
    <up_axis>Z_UP</up_axis>
  </asset>
  <library_images/>
  <library_geometries>
    <geometry id="link_2-mesh" name="link_2">
      <mesh>
        <source id="link_2-mesh-positions">
          <float_array id="link_2-mesh-positions-array" count="13701">-0.09276974 0.0012784 0.3120998 -0.09276348 0.001303732 0.3123636 -0.09146898 0.002032697 0.3123036 -0.09276348 0.001260161 0.3118354 -0.09146898 0.001989126 0.3117753 -0.09117013 0.002155721 0.3117319 -0.09117013 0.00220412 0.3123192 -0.09100002 0.002247035 0.3116778 -0.09100002 0.002303004 0.3123575 -0.09100002 0.002329528 0.3116003 -0.09293401 0.001989126 0.3117753 -0.09294801 0.002089262 0.3117567 -0.09295588 0.002158999 0.3117304 -0.09296447 0.002270579 0.3116591 -0.09100002 0.002392411 0.3115063 -0.09116971 0.002431333 0.3114069 -0.09296602 0.002329528 0.3116003 -0.09296095 0.002408683 0.3114714 -0.09146898 0.002446413 0.3112359 -0.09293401 0.002446413 0.3112359 -0.09116971 0.002529144 0.3125946 -0.09100002 0.002474546 0.3125029 -0.09100002 0.00239706 0.3124204 -0.09296095 0.002268195 0.3123412 -0.09293401 0.002032697 0.3123036 -0.09296602 0.00239706 0.3124204 -0.09293401 0.002572 0.3127608 -0.09146898 0.002572 0.3127608 -0.09294801 0.002553403 0.3126607 -0.09295588 0.002527058 0.312591 -0.09296447 0.00245589 0.3124794 -0.09276974 0.004268229 0.3118534 -0.09276348 0.004243016 0.3115896 -0.09146898 0.003513932 0.3116496 -0.09276348 0.004286468 0.3121178 -0.09146898 0.003557503 0.3121778 -0.09117013 0.003390908 0.3122214 -0.09116971 0.003343105 0.3116346 -0.09100002 0.003299593 0.3122754 -0.09100002 0.003243625 0.3115957 -0.09100002 0.003154218 0.3124469 -0.09276974 0.002896547 0.3134715 -0.09276348 0.003160357 0.3134462 -0.09146898 0.003100216 0.3127172 -0.09276348 0.002632141 0.3134897 -0.09117013 0.003115892 0.3125458 -0.09100002 0.00321722 0.3123528 -0.09293401 0.003557503 0.3121778 -0.09294801 0.003457427 0.3121965 -0.09295588 0.003387749 0.3122228 -0.09296447 0.00327605 0.3122941 -0.09296602 0.003217101 0.3123529 -0.09296095 0.003137946 0.3124818 -0.09293401 0.003100216 0.3127172 -0.09100002 0.003072082 0.3114503 -0.09116971 0.003017485 0.3113586 -0.09276974 0.002650082 0.3104817 -0.09276348 0.002386271 0.3105069 -0.09276348 0.002914488 0.3104634 -0.09146898 0.002974629 0.3111924 -0.09100002 0.003149569 0.3115327 -0.09276974 0.07082736 0.3206814 -0.09276348 0.07085746 0.3204181 -0.09146898 0.07013189 0.3203253 -0.09276348 0.07079023 0.3209438 -0.09146898 0.07006466 0.320851 -0.09117013 0.0698927 0.3208589 -0.09117013 0.06996744 0.3202744 -0.09100002 0.06979215 0.3208928 -0.09100002 0.06987869 0.3202163 -0.09100002 0.06969541 0.3209514 -0.09293401 0.07006466 0.320851 -0.09294801 0.06996291 0.3208485 -0.09295588 0.06988924 0.3208597 -0.09296447 0.06976526 0.3209062 -0.09100002 0.06961429 0.3210303 -0.09116971 0.06955558 0.3211195 -0.09296602 0.06969535 0.3209515 -0.09296095 0.06959104 0.321061 -0.09146898 0.06950527 0.3212835 -0.09293401 0.06950527 0.3212835 -0.09116971 0.06970679 0.3199373 -0.09100002 0.06974112 0.3200384 -0.09100002 0.06979978 0.3201352 -0.09296095 0.06990939 0.3202395 -0.09293401 0.07013189 0.3203253 -0.09296602 0.06979984 0.3201352 -0.09293401 0.0696994 0.3197659 -0.09146898 0.0696994 0.3197659 -0.09294801 0.06969684 0.3198677 -0.09295588 0.06970804 0.3199414 -0.09296447 0.06975454 0.3200653 -0.09276974 0.0678516 0.3203008 -0.09276348 0.0678215 0.3205641 -0.09146898 0.06854701 0.3206569 -0.09276348 0.06788873 0.3200384 -0.09146898 0.06861424 0.3201312 -0.09117013 0.06878626 0.3201233 -0.09116971 0.06871104 0.3207072 -0.09100002 0.06888675 0.3200894 -0.09100002 0.06880027 0.3207659 -0.09100002 0.06906467 0.3199518 -0.09276974 0.06952977 0.3190032 -0.09276348 0.06926649 0.3189731 -0.09146898 0.06917369 0.3196986 -0.09276348 0.06979221 0.3190404 -0.09117013 0.06912273 0.3198631 -0.09100002 0.06898355 0.3200308 -0.09293401 0.06861424 0.3201312 -0.09294801 0.06871604 0.3201338 -0.09295588 0.06878972 0.3201225 -0.09296447 0.06891369 0.320076 -0.09296602 0.06898355 0.3200308 -0.09296095 0.06908786 0.3199211 -0.09293401 0.06917369 0.3196986 -0.09276974 0.06914913 0.321979 -0.09276348 0.06941246 0.3220091 -0.09276348 0.06888675 0.3219419 -0.09146898 0.06897956 0.3212163 -0.09116971 0.06897217 0.3210449 -0.09100002 0.06893777 0.3209438 -0.09100002 0.06887912 0.320847 -0.103 0.05239266 0.05567789 -0.103 0.05233663 0.05499809 -0.1031701 0.05224525 0.05505222 -0.1047697 0.05136787 0.05542016 -0.1047634 0.05139333 0.05568397 -0.1034689 0.05212229 0.05562382 -0.1047634 0.05134963 0.05515575 -0.1034689 0.05207878 0.05509567 -0.1031701 0.05229365 0.0556395 -0.103 0.052419 0.05492067 -0.104934 0.05207878 0.05509567 -0.104948 0.0521788 0.05507695 -0.1049559 0.05224847 0.05505073 -0.1049645 0.05236005 0.0549795 -0.103 0.05248194 0.05482655 -0.1031697 0.05252093 0.05472713 -0.104966 0.052419 0.05492067 -0.1049609 0.0524984 0.05479168 -0.1034689 0.05253601 0.05455631 -0.104934 0.05253601 0.05455631 -0.1031697 0.0526188 0.05591493 -0.103 0.05256414 0.0558232 -0.103 0.05248659 0.05574077 -0.1049609 0.05235779 0.05566149 -0.104934 0.05212229 0.05562382 -0.104966 0.05248653 0.05574077 -0.104934 0.05266153 0.05608105 -0.1034689 0.05266153 0.05608105 -0.104948 0.05264306 0.05598104 -0.1049559 0.05261659 0.05591136 -0.1049645 0.05254536 0.05579972 -0.1047697 0.05435776 0.05517375 -0.1047634 0.05433261 0.05490994 -0.1034689 0.05360347 0.05496996 -0.1047634 0.054376 0.05543816 -0.1034689 0.05364716 0.05549824 -0.1031701 0.0534805 0.05554169 -0.1031697 0.0534327 0.05495482 -0.103 0.05338925 0.05559569 -0.103 0.05333328 0.05491602 -0.103 0.05324375 0.05576717 -0.1047697 0.05298614 0.0567919 -0.1047634 0.05324995 0.05676651 -0.1034689 0.05318987 0.0560376 -0.1047634 0.05272161 0.05681014 -0.1031701 0.05320549 0.05586612 -0.103 0.05330669 0.05567324 -0.104934 0.05364716 0.05549824 -0.104948 0.05354708 0.05551683 -0.1049559 0.05347722 0.05554318 -0.1049645 0.05336564 0.05561441 -0.104966 0.05330663 0.05567324 -0.1049609 0.05322754 0.0558021 -0.104934 0.05318987 0.0560376 -0.103 0.05316174 0.05477058 -0.1031697 0.05310714 0.05467885 -0.1047697 0.05273962 0.05380201 -0.1047634 0.05247581 0.05382722 -0.1047634 0.05300402 0.05378377 -0.1034689 0.0530641 0.05451273 -0.103 0.0532391 0.05485308 -0.1047697 -0.01743054 0.07375234 -0.1047634 -0.01750117 0.07349693 -0.1034689 -0.01820874 0.07368266 -0.1047634 -0.01736652 0.07400953 -0.1034689 -0.01807409 0.07419532 -0.1031701 -0.01823055 0.07426702 -0.1031701 -0.01838028 0.07369709 -0.103 -0.01831114 0.07433611 -0.103 -0.01848435 0.07367646 -0.103 -0.01837891 0.07442677 -0.103 -0.01842457 0.0745303 -0.1031697 -0.01844561 0.07463496 -0.104934 -0.01807409 0.07419532 -0.1049481 -0.01816987 0.07423132 -0.1049559 -0.01823341 0.07426905 -0.1049654 -0.01835078 0.07438397 -0.1049584 -0.01844114 0.07460159 -0.1034689 -0.01843065 0.07480591 -0.104934 -0.01843065 0.07480591 -0.1031697 -0.01874822 0.07348221 -0.103 -0.01867836 0.07356303 -0.103 -0.01858776 0.0736308 -0.1049609 -0.01844716 0.07368648 -0.104934 -0.01820874 0.07368266 -0.104966 -0.0185877 0.07363086 -0.104934 -0.01881933 0.07332605 -0.1034689 -0.01881933 0.07332605 -0.104948 -0.01878345 0.07342135 -0.1049559 -0.01874554 0.07348543 -0.1049645 -0.01865595 0.073583 -0.1047697 -0.02033209 0.07451415 -0.1047634 -0.02026134 0.07476961 -0.1034689 -0.01955384 0.07458382 -0.1047634 -0.02039605 0.07425695 -0.1034689 -0.01968848 0.07407122 -0.1031701 -0.01953208 0.07399946 -0.1031697 -0.01938307 0.07456904 -0.103 -0.01945143 0.07393038 -0.103 -0.01927822 0.07459002 -0.103 -0.01933813 0.07373625 -0.1047697 -0.01926225 0.07268244 -0.1047634 -0.01951766 0.07275313 -0.1034689 -0.01933193 0.07346063 -0.1047634 -0.01900506 0.07261854 -0.1031701 -0.01931744 0.07363218 -0.103 -0.01938366 0.07383978 -0.104934 -0.01968848 0.07407122 -0.104948 -0.01959317 0.07403546 -0.1049559 -0.01952916 0.07399743 -0.1049645 -0.01943165 0.07390791 -0.104966 -0.01938366 0.07383972 -0.1049609 -0.01932799 0.07369905 -0.104934 -0.01933193 0.07346063 -0.1047697 -0.01850032 0.07558411 -0.1047634 -0.01824504 0.07551336 -0.1047634 -0.01875764 0.07564795 -0.1034689 -0.0189433 0.0749405 -0.1031697 -0.01901435 0.07478433 -0.103 -0.01908415 0.07470345 -0.103 -0.01917481 0.07463568 -0.09276974 0.02581816 0.4080976 -0.09276348 0.02584826 0.4078344 -0.09146898 0.02512288 0.4077416 -0.09276348 0.02578115 0.4083601 -0.09146898 0.02505546 0.4082673 -0.09117013 0.0248835 0.4082751 -0.09117013 0.02495837 0.4076907 -0.09100002 0.02478313 0.4083091 -0.09100002 0.02486962 0.4076325 -0.09100002 0.02468621 0.4083676 -0.09293401 0.02505546 0.4082673 -0.09294801 0.02495384 0.4082647 -0.09295588 0.02488017 0.4082759 -0.09296447 0.02475619 0.4083224 -0.09100002 0.02460521 0.4084466 -0.09116971 0.0245465 0.4085357 -0.09296602 0.02468615 0.4083677 -0.09296095 0.02458184 0.4084773 -0.09146898 0.02449607 0.4086998 -0.09293401 0.02449607 0.4086998 -0.09116971 0.02469772 0.4073536 -0.09100002 0.02473211 0.4074547 -0.09100002 0.02479076 0.4075514 -0.09296095 0.02490025 0.4076558 -0.09293401 0.02512288 0.4077416 -0.09296602 0.02479076 0.4075515 -0.09293401 0.02469033 0.4071822 -0.09146898 0.02469033 0.4071822 -0.09294801 0.02468764 0.4072839 -0.09295588 0.02469897 0.4073576 -0.09296447 0.02474546 0.4074816 -0.09276974 0.0228424 0.407717 -0.09276348 0.02281242 0.4079803 -0.09146898 0.02353799 0.4080731 -0.09276348 0.02287966 0.4074546 -0.09146898 0.0236051 0.4075474 -0.09117013 0.02377706 0.4075396 -0.09116971 0.02370202 0.4081234 -0.09100002 0.02387768 0.4075056 -0.09100002 0.02379119 0.4081822 -0.09100002 0.0240556 0.4073681 -0.09276974 0.02452075 0.4064195 -0.09276348 0.02425742 0.4063894 -0.09146898 0.02416449 0.4071149 -0.09276348 0.02478313 0.4064566 -0.09117013 0.02411371 0.4072794 -0.09100002 0.02397435 0.407447 -0.09293401 0.0236051 0.4075474 -0.09294801 0.02370697 0.40755 -0.09295588 0.02378064 0.4075388 -0.09296447 0.02390462 0.4074923 -0.09296602 0.02397441 0.407447 -0.09296095 0.02407884 0.4073374 -0.09293401 0.02416449 0.4071149 -0.09276974 0.02414 0.4093952 -0.09276348 0.02440339 0.4094253 -0.09276348 0.02387768 0.4093581 -0.09146898 0.02397048 0.4086325 -0.09116971 0.02396309 0.4084611 -0.09100002 0.0239287 0.40836 -0.09100002 0.02387011 0.4082633 -0.09293401 0.003513932 0.3116496 -0.09293401 0.002974629 0.3111924 -0.09294855 0.003408849 0.3116474 -0.092956 0.003339171 0.3116332 -0.09296536 0.003194332 0.3115667 -0.09295892 0.003034949 0.3113927 -0.09293401 0.06854701 0.3206569 -0.09293401 0.06897956 0.3212163 -0.09294855 0.06864941 0.320681 -0.092956 0.06871461 0.3207094 -0.09296536 0.06884241 0.3208045 -0.09295892 0.06896209 0.3210079 -0.104934 0.05360347 0.05496996 -0.104934 0.0530641 0.05451273 -0.1049485 0.05349832 0.0549677 -0.104956 0.05342864 0.05495345 -0.1049653 0.05328387 0.05488693 -0.1049589 0.05312454 0.05471307 -0.104934 -0.01955384 0.07458382 -0.104934 -0.0189433 0.0749405 -0.1049485 -0.01944988 0.07456785 -0.104956 -0.0193789 0.0745697 -0.1049653 -0.01922482 0.07461011 -0.1049589 -0.01903766 0.0747537 -0.09293401 0.02353799 0.4080731 -0.09293401 0.02397048 0.4086325 -0.09294855 0.02364039 0.4080973 -0.092956 0.0237056 0.4081256 -0.09296536 0.02383333 0.4082208 -0.09295892 0.02395302 0.408424 -0.09253096 0.002947032 0.3140839 -0.09253096 0.001870036 0.3138884 -0.09253096 0.001035213 0.3131806 -0.09253096 6.66123e-4 0.3121502 -0.09253096 8.61617e-4 0.3110733 -0.09253096 0.001569271 0.3102385 -0.09253096 0.002599716 0.3098694 -0.09253096 0.003676593 0.3100649 -0.09253096 0.004511475 0.3107725 -0.09253096 0.004880607 0.3118029 -0.09253096 0.004685044 0.3128799 -0.09253096 0.003977358 0.3137148 -0.09253096 0.06960773 0.3183938 -0.09253096 0.07062047 0.3188089 -0.09253096 0.07128995 0.3196748 -0.09253096 0.07143676 0.3207594 -0.09253096 0.07102167 0.3217721 -0.09253096 0.07015579 0.3224416 -0.09253096 0.06907117 0.3225884 -0.09253096 0.06805849 0.3221733 -0.09253096 0.06738901 0.3213074 -0.09253096 0.06724214 0.3202228 -0.09253096 0.06765729 0.3192101 -0.09253096 0.06852316 0.3185406 -0.1045309 0.05303663 0.05740422 -0.1045309 0.05195969 0.05720865 -0.1045309 0.05112481 0.05650097 -0.1045309 0.05075562 0.05547052 -0.1045309 0.05095118 0.05439364 -0.1045309 0.0516588 0.05355876 -0.1045309 0.05268931 0.05318969 -0.1045309 0.05376619 0.05338513 -0.1045309 0.05460107 0.05409294 -0.1045309 0.0549702 0.05512326 -0.1045309 0.0547747 0.05620014 -0.1045309 0.05406683 0.05703502 -0.1045309 -0.01941817 0.07208818 -0.1045309 -0.01832371 0.07209366 -0.1045309 -0.01737862 0.07264572 -0.1045309 -0.01683622 0.07359635 -0.1045309 -0.01684165 0.07469081 -0.1045309 -0.0173937 0.07563591 -0.1045309 -0.0183444 0.07617837 -0.1045309 -0.01943892 0.07617282 -0.1045309 -0.02038401 0.07562083 -0.1045309 -0.02092641 0.07467019 -0.1045309 -0.02092093 0.07357573 -0.1045309 -0.02036893 0.07263064 -0.09253096 0.02459853 0.40581 -0.09253096 0.0256114 0.4062252 -0.09253096 0.02628082 0.407091 -0.09253096 0.02642774 0.4081756 -0.09253096 0.02601248 0.4091883 -0.09253096 0.02514672 0.4098578 -0.09253096 0.02406203 0.4100047 -0.09253096 0.02304941 0.4095895 -0.09253096 0.02237993 0.4087237 -0.09253096 0.022233 0.4076391 -0.09253096 0.02264821 0.4066264 -0.09253096 0.02351409 0.4059569 -0.09234398 0.002577364 0.3095983 -0.09234398 0.003792703 0.309819 -0.09234398 0.004734933 0.3106178 -0.09234398 0.005151629 0.3117806 -0.09234398 0.004930973 0.312996 -0.09234398 0.004132211 0.3139382 -0.09234398 0.002969264 0.3143548 -0.09234398 0.001753926 0.3141342 -0.09234398 8.11739e-4 0.3133354 -0.09234398 3.95121e-4 0.3121726 -0.09234398 6.15755e-4 0.3109572 -0.09234398 0.001414418 0.310015 -0.09171193 0.002503871 0.3093024 -0.09171193 0.001242876 0.3097672 -0.09203141 0.001289904 0.3098351 -0.09171193 3.43248e-4 0.3108285 -0.09203141 4.17942e-4 0.3108637 -0.09171193 9.47472e-5 0.3121973 -0.09203141 1.77078e-4 0.3121905 -0.09171193 5.63985e-4 0.3135071 -0.09203141 6.31895e-4 0.3134601 -0.09171193 0.00162518 0.3144067 -0.09203141 0.001660466 0.314332 -0.09171193 0.00299406 0.3146553 -0.09203141 0.002987325 0.3145729 -0.09171193 0.004303753 0.314186 -0.09203141 0.004256725 0.3141181 -0.09171193 0.005203485 0.3131248 -0.09203141 0.005128741 0.3130895 -0.09171193 0.005451977 0.3117558 -0.09203141 0.005369663 0.3117626 -0.09171193 0.004982769 0.3104461 -0.09203141 0.00491482 0.3104932 -0.09171193 0.003921449 0.3095465 -0.09203141 0.003886163 0.3096212 -0.09171193 0.002552568 0.3092979 -0.09203141 0.002559423 0.3093803 -0.09234398 0.06903672 0.3228582 -0.09234398 0.06789374 0.3223896 -0.09234398 0.06713819 0.3214124 -0.09234398 0.06697243 0.3201884 -0.09234398 0.06744092 0.3190454 -0.09234398 0.06841814 0.3182898 -0.09234398 0.06964224 0.3181241 -0.09234398 0.07078516 0.3185926 -0.09234398 0.07154077 0.3195698 -0.09234398 0.07170653 0.3207939 -0.09234398 0.07123798 0.3219368 -0.09234398 0.07026076 0.3226924 -0.09203141 0.06900894 0.3230751 -0.09171193 0.06904697 0.3231629 -0.09171193 0.06956022 0.3231697 -0.09203141 0.07034522 0.3228942 -0.09203141 0.06776118 0.3225637 -0.09171193 0.06819128 0.3229212 -0.09171193 0.06899845 0.3231571 -0.09203141 0.06693637 0.3214969 -0.09171193 0.06713008 0.3220216 -0.09171193 0.06771117 0.3226294 -0.09203141 0.06675541 0.3201606 -0.09171193 0.06666082 0.3207119 -0.09171193 0.06686013 0.3215287 -0.09203141 0.06726688 0.3189128 -0.09171193 0.06690931 0.3193429 -0.09171193 0.06667345 0.3201501 -0.09203141 0.06833368 0.3180879 -0.09171193 0.06780898 0.3182817 -0.09171193 0.06720113 0.3188627 -0.09203141 0.06967002 0.317907 -0.09171193 0.06911873 0.3178125 -0.09171193 0.06830179 0.3180118 -0.09203141 0.07091772 0.3184185 -0.09171193 0.07048761 0.3180609 -0.09171193 0.06968045 0.3178251 -0.09203141 0.07174259 0.3194853 -0.09171193 0.07154887 0.3189606 -0.09171193 0.07096779 0.3183528 -0.09203141 0.07192349 0.3208217 -0.09171193 0.07201808 0.3202704 -0.09171193 0.07181876 0.3194534 -0.09203141 0.07141208 0.3220694 -0.09171193 0.07176959 0.3216392 -0.09171193 0.07200545 0.3208321 -0.09171193 0.07037717 0.3229705 -0.09171193 0.07086992 0.3227005 -0.09171193 0.07147777 0.3221194 -0.1043439 0.05266696 0.05291867 -0.1043439 0.05388236 0.05313926 -0.1043439 0.05482459 0.05393809 -0.1043439 0.0552411 0.05510091 -0.1043439 0.05502057 0.05631631 -0.1043439 0.05422168 0.0572586 -0.1043439 0.05305892 0.05767524 -0.1043439 0.05184352 0.05745452 -0.1043439 0.05090129 0.05665582 -0.1043439 0.05048459 0.05549287 -0.1043439 0.05070531 0.05427747 -0.1043439 0.05150395 0.05333524 -0.1037119 0.05259341 0.05262279 -0.1037119 0.05133247 0.05308753 -0.1040314 0.0513795 0.05315548 -0.1037119 0.0504328 0.05414879 -0.1040314 0.05050736 0.05418401 -0.1037119 0.05018419 0.05551767 -0.1040314 0.05026662 0.05551081 -0.1037119 0.05065345 0.05682736 -0.1040314 0.05072134 0.05678033 -0.1037119 0.05171465 0.05772703 -0.1040314 0.05175006 0.05765241 -0.1037119 0.05308359 0.05797559 -0.1040314 0.05307692 0.05789321 -0.1037119 0.05439341 0.05750638 -0.1040314 0.05434638 0.05743843 -0.1037119 0.05529308 0.05644512 -0.1040314 0.05521827 0.05640977 -0.1037119 0.05554157 0.05507624 -0.1040314 0.05545926 0.05508291 -0.1037119 0.05507224 0.05376642 -0.1040314 0.05500429 0.05381345 -0.1037119 0.05401098 0.05286675 -0.1040314 0.05397582 0.0529415 -0.1037119 0.0526421 0.05261832 -0.1040314 0.05264902 0.05270057 -0.1043439 -0.01827538 0.07644134 -0.1043439 -0.0195105 0.07643514 -0.1043439 -0.02057725 0.0758121 -0.1043439 -0.02118945 0.07473927 -0.1043439 -0.02118325 0.07350403 -0.1043439 -0.02056014 0.0724374 -0.1043439 -0.01948732 0.07182514 -0.1043439 -0.01825213 0.0718314 -0.1043439 -0.01718538 0.07245439 -0.1043439 -0.01657325 0.07352727 -0.1043439 -0.01657938 0.07476252 -0.1043439 -0.01720237 0.07582914 -0.1040314 -0.0182197 0.07665294 -0.1037119 -0.01819872 0.07673287 -0.1037119 -0.0181517 0.07672005 -0.1040314 -0.01704847 0.07598459 -0.1040314 -0.01956832 0.07664614 -0.1040314 -0.0207327 0.075966 -0.1037119 -0.02079141 0.07602417 -0.1037119 -0.02002948 0.07656341 -0.1037119 -0.01959002 0.07672584 -0.1037119 -0.01866054 0.0768119 -0.1040314 -0.02140092 0.07479482 -0.1040314 -0.02139425 0.07344633 -0.1037119 -0.02147394 0.07342451 -0.1037119 -0.02156001 0.07435399 -0.1037119 -0.02148085 0.0748158 -0.1037119 -0.02109068 0.07566374 -0.1040314 -0.0207141 0.07228189 -0.1040314 -0.01954293 0.07161355 -0.1037119 -0.01956385 0.07153367 -0.1037119 -0.02041172 0.07192385 -0.1037119 -0.02077209 0.07222318 -0.1037119 -0.02131152 0.07298511 -0.1040314 -0.01819431 0.07162034 -0.1040314 -0.01703 0.07230049 -0.1037119 -0.01697129 0.07224237 -0.1037119 -0.01773309 0.07170313 -0.1037119 -0.01817262 0.07154065 -0.1037119 -0.01910197 0.07145464 -0.1040314 -0.01636165 0.07347172 -0.1040314 -0.01636832 0.07482022 -0.1037119 -0.01628863 0.07484197 -0.1037119 -0.01620262 0.0739125 -0.1037119 -0.01628172 0.07345074 -0.1037119 -0.01667189 0.0726028 -0.1037119 -0.01735085 0.07634264 -0.1037119 -0.01699048 0.0760433 -0.1037119 -0.01645112 0.07528144 -0.1047697 -0.01774716 -0.06177884 -0.1047634 -0.01772183 -0.06151503 -0.1034689 -0.01699274 -0.06157511 -0.1047634 -0.0177654 -0.06204319 -0.1034689 -0.01703625 -0.06210333 -0.1031701 -0.01686978 -0.06214678 -0.1031701 -0.01682138 -0.06155943 -0.103 -0.0167784 -0.06220084 -0.103 -0.0167225 -0.06152111 -0.103 -0.01669597 -0.06227833 -0.104934 -0.01703625 -0.06210333 -0.104948 -0.0169363 -0.06212186 -0.1049559 -0.0168665 -0.06214827 -0.1049645 -0.01675492 -0.0622195 -0.103 -0.01663309 -0.06237226 -0.1031697 -0.01659423 -0.06247168 -0.104966 -0.01669597 -0.06227833 -0.1049609 -0.01661682 -0.06240713 -0.1034689 -0.01657915 -0.06264269 -0.104934 -0.01657915 -0.06264269 -0.1031697 -0.01649636 -0.06128394 -0.103 -0.01655089 -0.06137567 -0.103 -0.0166285 -0.06145817 -0.1049609 -0.01675724 -0.06153744 -0.104934 -0.01699274 -0.06157511 -0.104966 -0.0166285 -0.06145823 -0.104934 -0.0164535 -0.06111776 -0.1034689 -0.0164535 -0.06111776 -0.104948 -0.0164721 -0.0612179 -0.1049559 -0.01649832 -0.06128764 -0.1049645 -0.01656967 -0.06139922 -0.1047697 -0.01475715 -0.06202518 -0.1047634 -0.01478242 -0.06228899 -0.1034689 -0.01551157 -0.06222891 -0.1047634 -0.01473891 -0.06176084 -0.1034689 -0.015468 -0.06170076 -0.1031701 -0.01563447 -0.06165724 -0.1031697 -0.01568233 -0.06224399 -0.103 -0.01572591 -0.06160318 -0.103 -0.01578176 -0.06228291 -0.103 -0.01587116 -0.0614317 -0.1047697 -0.01612889 -0.0604071 -0.1047634 -0.01586508 -0.06043237 -0.1034689 -0.01592516 -0.06116133 -0.1047634 -0.01639342 -0.06038886 -0.1031701 -0.01590967 -0.06133282 -0.103 -0.01580834 -0.06152576 -0.104934 -0.015468 -0.06170076 -0.104948 -0.01556795 -0.0616821 -0.1049559 -0.01563775 -0.06165575 -0.1049645 -0.01574933 -0.06158459 -0.104966 -0.0158084 -0.06152576 -0.1049609 -0.01588749 -0.06139677 -0.104934 -0.01592516 -0.06116133 -0.1047697 -0.01637542 -0.06339699 -0.1047634 -0.01663923 -0.06337165 -0.103 -0.01595342 -0.06242829 -0.1031697 -0.01600795 -0.06252008 -0.1034689 -0.01605087 -0.0626862 -0.1047634 -0.01611089 -0.06341522 -0.103 -0.01587587 -0.06234586 -0.09234398 0.02402764 0.4102744 -0.09234398 0.02288454 0.4098058 -0.09234398 0.02212899 0.4088286 -0.09234398 0.02196323 0.4076046 -0.09234398 0.02243191 0.4064616 -0.09234398 0.023409 0.4057061 -0.09234398 0.02463304 0.4055403 -0.09234398 0.02577602 0.4060088 -0.09234398 0.02653169 0.406986 -0.09234398 0.02669733 0.4082101 -0.09234398 0.02622896 0.4093531 -0.09234398 0.02525174 0.4101086 -0.09203141 0.02399981 0.4104914 -0.09171193 0.02403783 0.4105791 -0.09171193 0.02455115 0.4105859 -0.09203141 0.0253362 0.4103105 -0.09203141 0.02275216 0.4099799 -0.09171193 0.02318227 0.4103375 -0.09171193 0.02398926 0.4105734 -0.09203141 0.02192717 0.4089131 -0.09171193 0.02212101 0.4094378 -0.09171193 0.02270197 0.4100456 -0.09203141 0.02174621 0.4075768 -0.09171193 0.0216518 0.4081281 -0.09171193 0.02185106 0.408945 -0.09203141 0.0222578 0.406329 -0.09171193 0.02190029 0.4067592 -0.09171193 0.02166444 0.4075663 -0.09203141 0.02332448 0.4055042 -0.09171193 0.02279978 0.405698 -0.09171193 0.02219212 0.406279 -0.09203141 0.02466094 0.4053233 -0.09171193 0.02410966 0.4052287 -0.09171193 0.02329272 0.405428 -0.09203141 0.02590858 0.4058347 -0.09171193 0.02547854 0.4054772 -0.09171193 0.02467143 0.4052413 -0.09203141 0.02673339 0.4069015 -0.09171193 0.0265398 0.4063768 -0.09171193 0.02595859 0.405769 -0.09203141 0.02691435 0.4082379 -0.09171193 0.02700901 0.4076866 -0.09171193 0.02680975 0.4068697 -0.09203141 0.02640295 0.4094856 -0.09171193 0.02676045 0.4090555 -0.09171193 0.02699643 0.4082484 -0.09171193 0.02536809 0.4103866 -0.09171193 0.0258609 0.4101167 -0.09171193 0.02646875 0.4095357 -0.09100002 0.002547442 0.3092359 -0.09100002 0.003948092 0.3094902 -0.09100002 0.00503391 0.3104106 -0.09100002 0.005514085 0.3117507 -0.09100002 0.005259752 0.3131514 -0.09100002 0.004339218 0.3142372 -0.09100002 0.002999126 0.3147173 -0.09100002 0.001598536 0.314463 -0.09100002 5.12782e-4 0.3135426 -0.09100002 3.26745e-5 0.3122025 -0.09100002 2.86935e-4 0.3108018 -0.09100002 0.001207411 0.309716 -0.09100002 0.07208019 0.3202652 -0.09100002 0.07160007 0.3189252 -0.09100002 0.07051426 0.3180047 -0.09100002 0.06777352 0.3182305 -0.09100002 0.06911361 0.3177504 -0.09100002 0.06968837 0.3177633 -0.09100002 0.06685304 0.3193163 -0.09100002 0.06659877 0.3207169 -0.09100002 0.06707888 0.322057 -0.09100002 0.0681647 0.3229776 -0.09100002 0.06899058 0.3232189 -0.09100002 0.07090544 0.3227517 -0.09100002 0.06956529 0.3232318 -0.09100002 0.07182592 0.3216658 -0.103 0.0526371 0.05255615 -0.103 0.05403769 0.05281049 -0.103 0.05512344 0.05373102 -0.103 0.05560368 0.05507105 -0.103 0.05534929 0.0564717 -0.103 0.05442875 0.05755752 -0.103 0.05308878 0.05803757 -0.103 0.05168819 0.05778342 -0.103 0.05060225 0.05686289 -0.103 0.05012226 0.05552273 -0.103 0.05037647 0.05412214 -0.103 0.05129688 0.05303633 -0.103 -0.01614058 0.07390743 -0.103 -0.01662069 0.07256728 -0.103 -0.01770657 0.0716468 -0.103 -0.02044731 0.07187265 -0.103 -0.01957958 0.07147341 -0.103 -0.01910722 0.07139253 -0.103 -0.02136766 0.07295846 -0.103 -0.02162206 0.07435911 -0.103 -0.02114182 0.07569921 -0.103 -0.020056 0.07661974 -0.103 -0.01818299 0.07679313 -0.103 -0.01865541 0.07687395 -0.103 -0.01731526 0.07639384 -0.103 -0.01639491 0.07530802 -0.104934 -0.01551157 -0.06222891 -0.104934 -0.01605087 -0.0626862 -0.1049485 -0.01561671 -0.0622313 -0.104956 -0.01568639 -0.06224542 -0.1049653 -0.01583117 -0.06231194 -0.1049589 -0.01599049 -0.06248593 -0.09100002 0.02707099 0.4076815 -0.09100002 0.026591 0.4063414 -0.09100002 0.02550518 0.4054209 -0.09100002 0.02276444 0.4056468 -0.09100002 0.02410453 0.4051666 -0.09100002 0.0246793 0.4051796 -0.09100002 0.02184391 0.4067326 -0.09100002 0.02158957 0.4081332 -0.09100002 0.02206981 0.4094733 -0.09100002 0.02315557 0.4103938 -0.09100002 0.02398151 0.4106351 -0.09100002 0.02589637 0.4101679 -0.09100002 0.02455615 0.4106481 -0.09100002 0.02681684 0.4090821 -0.09100002 0.006261467 0.3116891 -0.09100002 0.005650401 0.3099836 -0.09100002 0.004268527 0.308812 -0.09100002 0.002485871 0.3084884 -0.09100002 7.80363e-4 0.3090995 -0.09100002 -3.91189e-4 0.3104814 -0.09100002 -7.14794e-4 0.312264 -0.09100002 -1.03744e-4 0.3139696 -0.09100002 0.001278162 0.3151412 -0.09100002 0.003060758 0.3154648 -0.09100002 0.004766345 0.3148537 -0.09100002 0.005937874 0.3134717 -0.09100002 0.06734645 0.317614 -0.09100002 0.07133251 0.3233682 -0.09100002 0.06905204 0.3170029 -0.09100002 0.06962692 0.3239793 -0.09100002 0.07250404 0.3219863 -0.09100002 0.07281118 0.3209351 -0.09100002 0.07282763 0.3202037 -0.09100002 0.07221657 0.3184981 -0.09100002 0.07083463 0.3173265 -0.09100002 0.06617492 0.3189959 -0.09100002 0.06586778 0.320047 -0.09100002 0.06585127 0.3207786 -0.09100002 0.06646233 0.3224841 -0.09100002 0.06784433 0.3236557 -0.103 0.05635112 0.05500948 -0.103 0.05573993 0.05330389 -0.103 0.05435812 0.0521323 -0.103 0.0525754 0.05180877 -0.103 0.05086994 0.05241984 -0.103 0.04969835 0.05380177 -0.103 0.04937463 0.05558437 -0.103 0.0499857 0.05728989 -0.103 0.0513677 0.05846148 -0.103 0.05315029 0.05878514 -0.103 0.054856 0.05817407 -0.103 0.05602753 0.05679208 -0.103 -0.01571679 0.07562839 -0.103 -0.02204591 0.07263809 -0.103 -0.02087438 0.07125616 -0.103 -0.01916879 0.07064509 -0.103 -0.01688832 0.07701039 -0.103 -0.01859378 0.07762145 -0.103 -0.01539307 0.0738458 -0.103 -0.01549595 0.07324445 -0.103 -0.0160042 0.07214021 -0.103 -0.01738607 0.07096868 -0.103 -0.02236956 0.07442069 -0.103 -0.0222665 0.07502204 -0.103 -0.02175837 0.07612627 -0.103 -0.0203765 0.07729786 -0.1045309 -0.01607853 -0.05979478 -0.1045309 -0.01715534 -0.05999022 -0.1045309 -0.01799035 -0.06069803 -0.1045309 -0.01835948 -0.06172829 -0.1045309 -0.01816385 -0.06280529 -0.1045309 -0.01745623 -0.06364017 -0.1045309 -0.01642572 -0.0640093 -0.1045309 -0.01534897 -0.0638138 -0.1045309 -0.01451396 -0.06310606 -0.1045309 -0.01414483 -0.06207567 -0.1045309 -0.01434046 -0.06099873 -0.1045309 -0.01504808 -0.06016391 -0.09100002 0.02233725 0.4050302 -0.09100002 0.02632331 0.4107845 -0.09100002 0.02461785 0.4113955 -0.09100002 0.02404296 0.4044192 -0.09100002 0.02116572 0.4064122 -0.09100002 0.0208587 0.4074633 -0.09100002 0.02084225 0.4081948 -0.09100002 0.02145326 0.4099004 -0.09100002 0.02283525 0.4110719 -0.09100002 0.02749484 0.4094025 -0.09100002 0.02780205 0.4083514 -0.09100002 0.02781862 0.4076199 -0.09100002 0.02720755 0.4059143 -0.09100002 0.02582556 0.4047428 -0.09049999 0.006261467 0.3116891 -0.09049999 0.005937874 0.3134717 -0.09049999 0.004766345 0.3148537 -0.09049999 0.003060758 0.3154648 -0.09049999 0.001278162 0.3151412 -0.09049999 -1.03744e-4 0.3139696 -0.09049999 -7.14794e-4 0.312264 -0.09049999 -3.91189e-4 0.3104814 -0.09049999 7.80363e-4 0.3090995 -0.09049999 0.002485871 0.3084884 -0.09049999 0.004268527 0.308812 -0.09049999 0.005650401 0.3099836 -0.09049999 0.07221657 0.3184981 -0.09049999 0.07083463 0.3173265 -0.09049999 0.06905204 0.3170029 -0.09049999 0.06734645 0.317614 -0.09049999 0.06617492 0.3189959 -0.09049999 0.06586778 0.320047 -0.09049999 0.06585127 0.3207786 -0.09049999 0.06646233 0.3224841 -0.09049999 0.06784433 0.3236557 -0.09049999 0.06962692 0.3239793 -0.09049999 0.07133251 0.3233682 -0.09049999 0.07250404 0.3219863 -0.09049999 0.07281118 0.3209351 -0.09049999 0.07282763 0.3202037 -0.1025 0.05635112 0.05500948 -0.1025 0.05602753 0.05679208 -0.1025 0.054856 0.05817407 -0.1025 0.05315029 0.05878514 -0.1025 0.0513677 0.05846148 -0.1025 0.0499857 0.05728989 -0.1025 0.04937463 0.05558437 -0.1025 0.04969835 0.05380177 -0.1025 0.05086994 0.05241984 -0.1025 0.0525754 0.05180877 -0.1025 0.05435812 0.0521323 -0.1025 0.05573993 0.05330389 -0.1025 -0.01549595 0.07324445 -0.1025 -0.01539307 0.0738458 -0.1025 -0.0160042 0.07214021 -0.1025 -0.01738607 0.07096868 -0.1025 -0.01916879 0.07064509 -0.1025 -0.02087438 0.07125616 -0.1025 -0.02204591 0.07263809 -0.1025 -0.02236956 0.07442069 -0.1025 -0.0222665 0.07502204 -0.1025 -0.01571679 0.07562839 -0.1025 -0.01688832 0.07701039 -0.1025 -0.01859378 0.07762145 -0.1025 -0.0203765 0.07729786 -0.1025 -0.02175837 0.07612627 -0.1043439 -0.01644814 -0.06428033 -0.1043439 -0.0152328 -0.06405967 -0.1043439 -0.01429057 -0.06326091 -0.1043439 -0.01387393 -0.06209796 -0.1043439 -0.01409459 -0.06088256 -0.1043439 -0.01489335 -0.05994033 -0.1043439 -0.01605618 -0.05952376 -0.1043439 -0.01727151 -0.05974435 -0.1043439 -0.01821374 -0.06054311 -0.1043439 -0.01863038 -0.061706 -0.1043439 -0.01840972 -0.06292146 -0.1043439 -0.01761096 -0.06386369 -0.1037119 -0.01652163 -0.0645762 -0.1037119 -0.01778256 -0.06411147 -0.1040314 -0.01773566 -0.06404352 -0.1037119 -0.01868236 -0.06305021 -0.1040314 -0.01860755 -0.06301492 -0.1037119 -0.01893085 -0.06168127 -0.1040314 -0.01884841 -0.061688 -0.1037119 -0.01846152 -0.06037151 -0.1040314 -0.01839363 -0.0604186 -0.1037119 -0.01740038 -0.0594719 -0.1040314 -0.01736497 -0.05954653 -0.1037119 -0.0160315 -0.05922341 -0.1040314 -0.01603811 -0.05930566 -0.1037119 -0.01472175 -0.05969262 -0.1040314 -0.01476866 -0.05976057 -0.1037119 -0.01382195 -0.06075388 -0.1040314 -0.01389676 -0.0607891 -0.1037119 -0.01357346 -0.06212276 -0.1040314 -0.0136559 -0.0621159 -0.1037119 -0.01404279 -0.06343251 -0.1040314 -0.01411074 -0.06338548 -0.1037119 -0.01510393 -0.06433218 -0.1040314 -0.01513934 -0.0642575 -0.1037119 -0.01647287 -0.06458067 -0.1040314 -0.01646614 -0.06449836 -0.09049999 0.02720755 0.4059143 -0.09049999 0.02582556 0.4047428 -0.09049999 0.02404296 0.4044192 -0.09049999 0.02233725 0.4050302 -0.09049999 0.02116572 0.4064122 -0.09049999 0.0208587 0.4074633 -0.09049999 0.02084225 0.4081948 -0.09049999 0.02145326 0.4099004 -0.09049999 0.02283525 0.4110719 -0.09049999 0.02461785 0.4113955 -0.09049999 0.02632331 0.4107845 -0.09049999 0.02749484 0.4094025 -0.09049999 0.02780205 0.4083514 -0.09049999 0.02781862 0.4076199 -0.09049999 0.006842017 0.3138989 -0.09049999 0.007258117 0.311607 -0.09049999 0.006472468 0.3094142 -0.09049999 0.004695713 0.3079079 -0.09049999 0.002403736 0.3074918 -0.09049999 2.10926e-4 0.3082774 -0.09049999 -0.001295328 0.3100543 -0.09049999 -0.001711308 0.3123462 -0.09049999 -9.25779e-4 0.3145391 -0.09049999 8.51044e-4 0.3160454 -0.09049999 0.003142893 0.3164614 -0.09049999 0.005335748 0.3156757 -0.09049999 0.06485468 0.3208607 -0.09049999 0.06527072 0.3185688 -0.09049999 0.06677699 0.3167919 -0.09049999 0.0689699 0.3160063 -0.09049999 0.07126182 0.3164224 -0.09049999 0.07303863 0.3179286 -0.09049999 0.07382428 0.3201215 -0.09049999 0.07340818 0.3224135 -0.09049999 0.07190191 0.3241903 -0.09049999 0.06970906 0.3249759 -0.09049999 0.06741714 0.3245598 -0.09049999 0.06564033 0.3230535 -0.1025 0.04916369 0.05785942 -0.1025 0.05094063 0.05936563 -0.1025 0.05323255 0.05978173 -0.1025 0.0554254 0.05899614 -0.1025 0.05693167 0.0572192 -0.1025 0.05734777 0.05492728 -0.1025 0.056562 0.05273449 -0.1025 0.05478531 0.05122822 -0.1025 0.05249339 0.05081212 -0.1025 0.05030035 0.05159777 -0.1025 0.04879415 0.05337452 -0.1025 0.04837805 0.05566644 -0.1025 -0.01439642 0.07376366 -0.1025 -0.01481252 0.07605558 -0.1025 -0.01631879 0.0778324 -0.1025 -0.01851177 0.07861804 -0.1025 -0.02080363 0.078202 -0.1025 -0.0225805 0.07669574 -0.1025 -0.02336615 0.07450282 -0.1025 -0.02295011 0.0722109 -0.1025 -0.02144384 0.07043409 -0.1025 -0.01925081 0.06964844 -0.1025 -0.01695901 0.07006454 -0.1025 -0.01518207 0.07157081 -0.103 -0.01647806 -0.06464272 -0.103 -0.01507747 -0.06438851 -0.103 -0.01399159 -0.06346797 -0.103 -0.01351135 -0.06212782 -0.103 -0.01376575 -0.06072723 -0.103 -0.01468616 -0.05964142 -0.103 -0.01602625 -0.0591613 -0.103 -0.01742684 -0.05941551 -0.103 -0.01851272 -0.06033611 -0.103 -0.0189929 -0.0616762 -0.103 -0.01873856 -0.06307679 -0.103 -0.01781815 -0.06416261 -0.09865033 0.06985956 0.3690673 -0.0985791 0.06969684 0.3701408 -0.09829682 0.0708307 0.3702916 -0.09775024 0.07271295 0.3694307 -0.09335321 0.0782715 0.3710744 -0.09342324 0.0784347 0.3699917 -0.09549701 0.07613539 0.3708981 -0.09433674 0.07762765 0.3699327 -0.0957697 0.07579284 0.3708651 -0.09629231 0.07533895 0.3697233 -0.09671032 0.07442563 0.3707234 -0.09718161 0.07359367 0.3706305 -0.09049999 0.0198456 0.4082769 -0.09049999 0.0202617 0.405985 -0.09049999 0.02176797 0.4042082 -0.09049999 0.0239607 0.4034225 -0.09049999 0.02625262 0.4038386 -0.09049999 0.02802956 0.4053449 -0.09049999 0.02881515 0.4075378 -0.09049999 0.02839905 0.4098297 -0.09049999 0.0268929 0.4116065 -0.09049999 0.02469998 0.4123921 -0.09049999 0.02240794 0.4119761 -0.09049999 0.02063125 0.4104698 -0.09540385 -0.01655471 0.3566256 -0.09366327 -0.01825863 0.3561868 -0.09364813 -0.01829838 0.3564683 -0.09538561 -0.01659482 0.3569027 -0.0968303 -0.01459884 0.3573611 -0.09685105 -0.01455748 0.3570889 -0.0979157 -0.01238805 0.357825 -0.09793794 -0.01234459 0.357558 -0.09860461 -0.01005727 0.3582751 -0.09862744 -0.01001173 0.3580133 -0.1041404 0.00469464 0.3079074 -0.104051 0.004038155 0.307658 -0.104236 0.00549978 0.3083965 -0.1043217 0.006472349 0.3094138 -0.1043248 0.00719428 0.3111364 -0.104329 0.006600081 0.3096088 -0.1040795 0.006722331 0.3141343 -0.1041107 0.006841897 0.3138993 -0.1042286 0.007201254 0.3127787 -0.104306 0.007258117 0.3116075 -0.1038497 0.005677223 0.3154143 -0.1037826 0.00533545 0.315676 -0.1035815 0.004245758 0.3162289 -0.1033909 0.003142893 0.3164614 -0.1030271 8.5197e-4 0.3160458 -0.1031266 0.001507878 0.316295 -0.1027726 -0.001711428 0.3123455 -0.1027575 -0.001646757 0.3128203 -0.1027811 -0.00105381 0.3143436 -0.1027936 -9.25526e-4 0.3145395 -0.1029122 4.52194e-5 0.3155553 -0.10285 -0.001656234 0.3111839 -0.1029834 -0.00129503 0.3100537 -0.1030188 -0.001177608 0.3098228 -0.1032861 -1.3263e-4 0.3085407 -0.103792 0.002403736 0.3074918 -0.1035888 0.001299679 0.3077247 -0.1033636 2.11157e-4 0.3082772 -0.102834 0.06741744 0.32456 -0.1027069 0.0680719 0.3248089 -0.1030021 0.06660491 0.3240649 -0.1032276 0.06564056 0.323054 -0.103264 0.06550365 0.3228442 -0.1034643 0.06491476 0.3213109 -0.1036036 0.06541389 0.3182911 -0.1036058 0.06527066 0.3185688 -0.1035815 0.06491488 0.3196706 -0.1035055 0.06485474 0.3208613 -0.1035298 0.06646215 0.3170312 -0.1034966 0.06677776 0.3167914 -0.1033551 0.06789344 0.3162298 -0.1031901 0.0689699 0.3160063 -0.1028916 0.07060837 0.3161737 -0.1027557 0.07126188 0.3164223 -0.1020029 0.07382422 0.3201206 -0.1020476 0.07376408 0.3196704 -0.1022729 0.07317692 0.3181407 -0.1023149 0.07303828 0.3179281 -0.1025696 0.07207667 0.3169193 -0.1020297 0.0722236 0.3239454 -0.1019227 0.07327008 0.322682 -0.1019157 0.07340824 0.3224135 -0.1019275 0.07376611 0.3213038 -0.1024128 0.06970906 0.3249759 -0.1022354 0.07079297 0.3247499 -0.1020722 0.07190114 0.3241909 -0.09350001 -0.01076269 0.2194602 -0.09350001 -0.01289862 0.223981 -0.09350001 -0.01162523 0.2242121 -0.09350001 -0.0132541 0.2196655 -0.09350001 -0.01409101 0.2206526 -0.09350001 -0.01432216 0.2219259 -0.09350001 -0.009339094 0.2215152 -0.09350001 -0.009775519 0.220297 -0.09350001 -0.00957024 0.2227886 -0.09350001 -0.01040703 0.2237757 -0.09350001 -0.01203584 0.2192291 -0.09350001 -0.01388561 0.2231442 -0.1098187 0.05478417 0.05122762 -0.1099509 0.05413085 0.05097919 -0.1093161 0.05734777 0.05492746 -0.1093244 0.05728381 0.05445468 -0.1094342 0.05669301 0.05293464 -0.1094601 0.05656152 0.05273371 -0.1096543 0.05559521 0.05172145 -0.1093411 0.05729252 0.05609017 -0.1094302 0.05693137 0.0572198 -0.1096885 0.05576175 0.05873888 -0.1094588 0.05680811 0.05746155 -0.1099827 0.054331 0.05955076 -0.1097595 0.05542469 0.05899655 -0.1105047 0.05159807 0.05961555 -0.110198 0.05323255 0.05978173 -0.1109574 0.04903334 0.05766016 -0.1109351 0.04916399 0.05785995 -0.1107672 0.050134 0.05887508 -0.1106237 0.05094146 0.05936616 -0.1110561 0.04844123 0.05613291 -0.1110658 0.04837805 0.05566644 -0.1110526 0.04843497 0.05449497 -0.1109856 0.0487942 0.05337423 -0.1107676 0.04996299 0.05185592 -0.1109627 0.04891794 0.05313175 -0.1102783 0.05249339 0.05081212 -0.1104938 0.05139333 0.05104357 -0.1107036 0.05030137 0.05159705 -0.1097085 -0.02080243 0.0782026 -0.1098136 -0.0201447 0.07845228 -0.1094853 -0.02336621 0.07450193 -0.1094622 -0.02329963 0.07498723 -0.1094664 -0.02270454 0.07650679 -0.1094768 -0.0225802 0.07669615 -0.109591 -0.02160573 0.07771486 -0.1095817 -0.02331292 0.07335168 -0.1097374 -0.02294987 0.07221031 -0.1097749 -0.02283918 0.07199203 -0.1100668 -0.02179527 0.0707041 -0.1103855 -0.02036559 0.06988507 -0.1101513 -0.0214436 0.07043391 -0.1108595 -0.01761853 0.06981402 -0.110597 -0.01925081 0.06964844 -0.1111352 -0.01505637 0.07176268 -0.1111285 -0.01518225 0.07157045 -0.1110445 -0.01615715 0.07055145 -0.1109495 -0.01696008 0.07006394 -0.1111259 -0.0144611 0.07328915 -0.1111047 -0.01439636 0.07376432 -0.1110198 -0.01445233 0.07493036 -0.1108899 -0.0148127 0.07605612 -0.1106022 -0.01597881 0.07757204 -0.1108555 -0.01493299 0.07629215 -0.1100983 -0.01851177 0.07861804 -0.1103069 -0.0174092 0.07838571 -0.1105286 -0.01631933 0.07783275 -0.09350001 0.0898866 0.2120843 -0.09350001 0.08889949 0.2112475 -0.09350001 0.08762621 0.2110162 -0.09350001 0.08640789 0.2114528 -0.09350001 0.08803683 0.2159994 -0.09350001 0.08557111 0.2124399 -0.09350001 0.08533996 0.2137132 -0.09350001 0.08577644 0.2149314 -0.09350001 0.08676356 0.2157683 -0.09350001 0.09032309 0.2133026 -0.09350001 0.09009194 0.2145758 -0.09350001 0.08925509 0.2155629 -0.1124097 -0.04074388 -0.01207357 -0.1120969 -0.04189407 -0.007125735 -0.1132982 -0.03266829 -1.47849e-4 -0.1117652 -0.04244583 -0.002076447 -0.1114173 -0.0423913 0.002999663 -0.1134194 -0.03060954 -0.02947926 -0.1132098 -0.03390771 -0.02561545 -0.1143245 -0.02785545 -0.01805609 -0.1129692 -0.03672188 -0.02138537 -0.1129745 -0.03757494 -0.01451033 -0.1127014 -0.03901141 -0.01684999 -0.1135937 -0.02687531 -0.03292125 -0.1151355 -0.01804572 -0.02160072 -0.1137286 -0.02275902 -0.03589236 -0.1138197 -0.01831901 -0.03835082 -0.1154008 -0.008185505 -0.02512967 -0.1138638 -0.01362031 -0.04026126 -0.1138583 -0.008728682 -0.04159796 -0.1151184 0.001684546 -0.02862828 -0.113802 -0.00371474 -0.04234176 -0.113097 0.01614981 -0.03931367 -0.1142905 0.01152414 -0.03208237 -0.1128208 0.02071762 -0.03710848 -0.1129239 0.02129298 -0.03547811 -0.1125169 0.02499192 -0.03437328 -0.1133387 0.01135402 -0.04095834 -0.1135397 0.006397426 -0.04201966 -0.1136952 0.00135082 -0.04248297 -0.1114529 0.03595876 -0.02264738 -0.1115318 0.03532147 -0.02362906 -0.1132477 0.02672106 -0.01958972 -0.1118561 0.03242135 -0.0274738 -0.1121929 0.02891188 -0.0311467 -0.1146503 -0.0228284 -0.003343462 -0.1154625 -0.01291102 -0.00657469 -0.1157283 -0.002956569 -0.009828269 -0.1154455 0.006994009 -0.01309084 -0.1146163 0.0169 -0.01634913 -0.103 -0.01308763 -0.06040686 -0.103 -0.01276391 -0.0621894 -0.103 -0.0133751 -0.06389504 -0.103 -0.01475691 -0.06506663 -0.103 -0.01653963 -0.06539022 -0.103 -0.01824522 -0.06477916 -0.103 -0.01941668 -0.06339716 -0.103 -0.0197404 -0.06161457 -0.103 -0.01912927 -0.05990892 -0.103 -0.01774734 -0.05873739 -0.103 -0.01596462 -0.05841386 -0.103 -0.01425904 -0.05902493 -0.1114442 0.03602838 -0.02253603 -0.1111345 -0.04176515 0.007817924 -0.1109705 -0.04061925 0.01246732 -0.1129546 -0.03061223 0.009413719 -0.1114082 -0.04238158 0.003130853 -0.1129546 0.03058195 -0.00951153 -0.1109705 0.04056555 -0.01264029 -0.1111425 0.03861135 -0.01773494 -0.1143841 -0.02047812 0.006309211 -0.1152467 -0.01025944 0.003166854 -0.1155351 0 0 -0.1152467 0.01025611 -0.003177762 -0.1143841 0.02046453 -0.006352901 -0.1109636 0.04067814 -0.01227355 -0.1109301 0.04156446 -0.01295137 -0.110923 0.04167944 -0.01257634 -0.09327381 0.07800549 0.372612 -0.09710204 0.07334148 0.3720422 -0.09541761 0.07587522 0.3723763 -0.09821683 0.07058781 0.3716348 -0.09849464 0.06947839 0.37146 -0.09343284 0.07845944 0.3698312 -0.09866082 0.06988358 0.3689081 -0.09804505 0.07202643 0.3691847 -0.09709811 0.07408589 0.3694269 -0.09585052 0.07598018 0.3696246 -0.09434366 0.07765507 0.3697726 -0.09508562 0.07297188 0.3819808 -0.09293818 0.07495433 0.3827736 -0.09405094 0.07432574 0.3817191 -0.092974 0.07552963 0.381339 -0.09788841 0.06806135 0.3799648 -0.09676963 0.07061982 0.3810222 -0.0967527 0.07093137 0.3804199 -0.09553503 0.07272845 0.3811129 -0.09746021 0.06977456 0.3792664 -0.09819364 0.06749188 0.3784157 -0.0981813 0.0672599 0.3789787 -0.09477341 0.07389736 0.3807656 -0.0963062 0.07194268 0.3800619 -0.09817111 0.06702029 0.3795309 -0.09791111 -0.006715536 0.3806556 -0.09792214 -0.005336165 0.3832541 -0.09875172 -3.33902e-4 0.3834543 -0.09830141 0.01184707 0.3991271 -0.09831964 0.01281577 0.3995822 -0.1002838 0.0158019 0.3865002 -0.09813982 0.05772137 0.392595 -0.09812474 0.05893296 0.3914293 -0.1002278 0.05470252 0.3778001 -0.0981006 0.06212943 0.3877949 -0.09810024 0.06236064 0.3874936 -0.09857964 0.06491541 0.3792394 -0.09811341 0.06483656 0.383812 -0.09824311 0.05125361 0.3974397 -0.09822684 0.05221539 0.3968424 -0.09928661 0.04839038 0.3921513 -0.0981757 0.05529063 0.394661 -0.09818941 0.05649292 0.3934524 -0.0984171 0.03933954 0.4022416 -0.09838324 0.04223293 0.4014649 -0.100046 0.04025053 0.3908023 -0.098329 0.04604113 0.4000836 -0.09831589 0.04687958 0.3997205 -0.1004661 0.03208124 0.3894065 -0.09846639 0.03240782 0.4032291 -0.09843581 0.03738391 0.4026418 -0.1005447 0.02393525 0.387973 -0.09846353 0.02529424 0.403029 -0.09847033 0.02738285 0.4032139 -0.09839391 0.01750749 0.4013773 -0.09840524 0.01837652 0.4016403 -0.09844571 0.02238965 0.402594 -0.09822994 0.00838977 0.3972371 -0.09968513 0.007707059 0.384993 -0.09817224 0.005880713 0.3955739 -0.09804344 6.13458e-4 0.39106 -0.0981341 0.004300773 0.3943806 -0.09795641 -0.00323534 0.3864936 -0.09796899 -0.002614796 0.3873307 -0.099949 3.62236e-4 0.3694599 -0.098082 -0.01036185 0.3676775 -0.09803265 -0.01012444 0.36961 -0.09794741 -0.009114742 0.3743249 -0.09791231 -0.007512271 0.378896 -0.1012182 0.01121056 0.3712163 -0.101879 0.02210193 0.3729335 -0.1013803 0.04388087 0.3762301 -0.1019322 0.03300321 0.3746064 -0.09433215 0.0206269 0.4104635 -0.09387838 0.02106052 0.4109989 -0.09317576 0.02208328 0.4118061 -0.09494835 0.02020055 0.4096947 -0.09596312 0.01984584 0.4082797 -0.09607881 0.01983451 0.4081034 -0.09699201 0.02003657 0.4065607 -0.097669 0.02076113 0.4051666 -0.0972833 0.02025645 0.4059951 -0.09835273 0.0239607 0.4034225 -0.09831774 0.02343833 0.4034966 -0.09809541 0.02192658 0.4041028 -0.09805583 0.02176493 0.4042096 -0.09837704 0.02523928 0.4035 -0.09836924 0.02557849 0.4035839 -0.09793144 0.02810943 0.4054639 -0.0979681 0.02803081 0.4053461 -0.09824359 0.02701741 0.4042976 -0.0983324 0.02625399 0.4038392 -0.09737741 0.0287227 0.4069277 -0.0970841 0.0288164 0.4075506 -0.09402918 0.02690213 0.4116 -0.09431326 0.02723836 0.4113415 -0.09550189 0.02829283 0.4100402 -0.09566271 0.02839726 0.4098337 -0.09655171 0.02878874 0.4085215 -0.09303659 0.02239829 0.4119716 -0.09279966 0.02336287 0.4123021 -0.0928952 0.02469998 0.4123921 -0.09337276 0.02591532 0.4121191 -0.09364044 -0.01831966 0.356624 -0.09537273 -0.01661986 0.3570501 -0.0968182 -0.01462256 0.3575008 -0.09790444 -0.0124104 0.3579565 -0.098594 -0.01007825 0.3583983 -0.09322708 -0.01868557 0.3668947 -0.09318697 -0.01857596 0.3682929 -0.09396058 -0.01786404 0.3682497 -0.09492021 -0.01697427 0.3668548 -0.0948891 -0.01686006 0.368184 -0.09632164 -0.01484674 0.3680398 -0.09634071 -0.01497703 0.3667885 -0.09723651 -0.01303672 0.3678994 -0.09741693 -0.01277607 0.3666979 -0.09811341 -0.0104618 0.3665871 -0.0983085 0.06866586 0.3749857 -0.1004479 0.05994802 0.3676848 -0.1017293 0.04990118 0.3664092 -0.1024949 0.03978145 0.3650858 -0.1003412 -6.3494e-4 0.3594176 -0.09830051 -0.01051664 0.3624753 -0.1027387 0.02962791 0.3637194 -0.102459 0.019481 0.3623155 -0.1016577 0.009380221 0.3608797 -0.09564781 -0.01622003 0.3560184 -0.09369736 -0.01816356 0.3555174 -0.09717619 -0.01397901 0.3565347 -0.0982638 -0.01147919 0.357058 -0.09868395 -0.009897053 0.3573663 -0.1046651 0.06324017 0.3073891 -0.1054457 0.05840349 0.3048448 -0.09991043 -0.007643938 0.3426842 -0.1010573 -0.005974709 0.3277725 -0.1021123 -0.004916787 0.3127946 -0.102421 -0.004712939 0.3081364 -0.1034911 2.1914e-5 0.3055082 -0.1044581 0.004973888 0.3032678 -0.1053003 0.01011288 0.3014339 -0.1059988 0.01540499 0.300023 -0.1043943 0.01398271 0.3241256 -0.1030988 0.003788352 0.3232818 -0.1065381 0.02081352 0.2990497 -0.1051635 0.02426022 0.3249407 -0.1069064 0.02629786 0.2985251 -0.1070968 0.03181612 0.2984558 -0.1054 0.03458011 0.3257237 -0.1071066 0.03732419 0.298844 -0.1069379 0.04277861 0.2996869 -0.1051019 0.04490107 0.3264712 -0.1065973 0.04813653 0.3009765 -0.1042713 0.05518168 0.3271804 -0.1060952 0.05335742 0.3027011 -0.1037725 0.06783616 0.3103135 -0.1027879 0.07216322 0.3135957 -0.1017326 0.07619595 0.3172126 -0.1011244 0.07507514 0.3284495 -0.1029148 0.06538105 0.3278488 -0.1021174 0.002604544 0.3370791 -0.1034128 0.01277595 0.3381634 -0.1041819 0.02303159 0.3392196 -0.1044183 0.03333044 0.3402433 -0.1041202 0.04363113 0.3412304 -0.1032898 0.05389273 0.3421767 -0.1019335 0.06407409 0.343079 -0.1002806 0.07340347 0.3431111 -0.09928804 0.07128989 0.3592374 -0.100915 0.0624125 0.358277 -0.102271 0.05225449 0.3571411 -0.1031013 0.04201763 0.355958 -0.1033994 0.03174263 0.354732 -0.1031629 0.02147036 0.3534681 -0.102394 0.01124244 0.3521713 -0.1010989 0.001099467 0.3508471 -0.1055001 -0.007873594 0.2126421 -0.1052779 -0.0084095 0.2124291 -0.1055001 -0.007896363 0.2129893 -0.1052797 -0.008605957 0.2130954 -0.1055001 -0.008065521 0.2132708 -0.105303 -0.008649349 0.213208 -0.1055001 -0.008592188 0.213593 -0.1055001 -0.008879482 0.2136947 -0.1055001 -0.007021844 0.2286821 -0.1052398 -0.006605148 0.2291936 -0.1055001 -0.005900025 0.2286844 -0.1055001 -0.005623579 0.2288218 -0.1055001 -0.005486309 0.2290166 -0.1055001 -0.00544703 0.2291611 -0.1052125 -0.006226003 0.2297925 -0.1055001 -0.009339094 0.2215152 -0.1055001 -0.00957024 0.2227886 -0.1055001 -0.01040703 0.2237757 -0.1055001 -0.01162523 0.2242121 -0.1055001 -0.01289862 0.223981 -0.1055001 -0.01388561 0.2231442 -0.1055001 -0.01432216 0.2219259 -0.1055001 -0.01409101 0.2206526 -0.1055001 -0.0132541 0.2196655 -0.1055001 -0.01203584 0.2192291 -0.1055001 -0.01076269 0.2194602 -0.1055001 -0.009775519 0.220297 -0.1091037 -0.02328568 0.08043891 -0.1091551 -0.02272433 0.08063536 -0.1094106 -0.02390331 0.07407283 -0.1099366 -0.02706766 0.05888378 -0.110367 -0.03081667 0.04382777 -0.1102454 -0.03096073 0.04731643 -0.1107015 -0.03514492 0.02892613 -0.1106313 -0.03564226 0.03082925 -0.1109394 -0.040044 0.01420718 -0.1108982 -0.04102957 0.01455652 -0.1099565 -0.02848839 0.05732333 -0.1097417 -0.02699351 0.06398683 -0.1091434 -0.02384608 0.08023285 -0.1109301 -0.041619 0.01277452 -0.1125898 -0.02701419 0.02273285 -0.1113439 0.04661065 0.04951453 -0.1095729 0.05519974 0.04115599 -0.1089145 0.05937695 0.05912911 -0.1098 0.05533277 0.06287443 -0.1106083 0.05104362 0.0663557 -0.111326 0.04652613 0.06955701 -0.1128309 0.0360797 0.05177199 -0.1119405 0.04179811 0.07246291 -0.1124407 0.03687971 0.07505869 -0.1137325 0.02545011 0.05403137 -0.1128168 0.03179281 0.07733094 -0.1130611 0.02656108 0.0792675 -0.1140408 0.01476871 0.05628246 -0.1131676 0.02120918 0.08085805 -0.1131327 0.01576352 0.08209449 -0.1137531 0.004083514 0.05851513 -0.1129554 0.01025122 0.08297085 -0.1126371 0.004699528 0.08348375 -0.1128722 -0.00655806 0.06071949 -0.1121816 -8.64089e-4 0.08363205 -0.1108881 -0.01192218 0.08284246 -0.1100702 -0.01736658 0.08191299 -0.111406 -0.01710897 0.06288599 -0.1115957 -0.006413102 0.08341717 -0.1122378 -0.02340108 0.03604048 -0.1118433 -0.02009868 0.04942744 -0.1137044 -0.01296436 0.03337693 -0.1133097 -0.00960201 0.04701185 -0.1145853 -0.002438247 0.03067457 -0.1141906 9.84861e-4 0.04455775 -0.1148731 0.008131086 0.02794539 -0.1144784 0.01161497 0.04207623 -0.1145647 0.01869636 0.02520143 -0.11417 0.02224129 0.03957808 -0.113663 0.02921056 0.02245509 -0.1132684 0.03281599 0.0370745 -0.1121758 0.03962743 0.01971834 -0.1117812 0.04329258 0.03457683 -0.1101334 0.05068969 0.02325999 -0.1140564 -0.0166437 0.01982295 -0.1149375 -0.006183922 0.01687389 -0.1152252 0.004318714 0.01389855 -0.1149168 0.01481771 0.01091027 -0.1140151 0.02526587 0.007922351 -0.1125277 0.03561723 0.004948019 -0.1105967 0.04584866 0.005447864 -0.1055001 0.08070862 0.2196767 -0.1055001 0.08053499 0.2198597 -0.1055001 0.0804373 0.220223 -0.1055001 0.08208596 0.2197245 -0.1055001 0.08099573 0.2195819 -0.1054581 0.08142769 0.2196837 -0.1053726 0.08113288 0.2199524 -0.1052479 0.08103537 0.2208577 -0.1052258 0.08154243 0.2202345 -0.1053309 0.08182042 0.2199551 -0.1055001 0.09032309 0.2133026 -0.1055001 0.09009194 0.2145758 -0.1055001 0.08925509 0.2155629 -0.1055001 0.08803683 0.2159994 -0.1055001 0.08676356 0.2157683 -0.1055001 0.08577644 0.2149314 -0.1055001 0.08533996 0.2137132 -0.1055001 0.08557111 0.2124399 -0.1055001 0.08640789 0.2114528 -0.1055001 0.08762621 0.2110162 -0.1055001 0.08889949 0.2112475 -0.1055001 0.0898866 0.2120843 -0.111106 -0.0428155 0.007865011 -0.1113825 -0.0434066 0.003202497 -0.1113917 -0.04341608 0.003070116 -0.1138206 -0.01648581 -0.03973037 -0.1138968 -0.01463955 -0.04097133 -0.1138413 -0.01019996 -0.04178977 -0.1123237 -0.04210525 -0.0110175 -0.112359 -0.0412597 -0.01213306 -0.1125816 -0.04001504 -0.01575982 -0.1117356 -0.04348069 -0.001942396 -0.1116243 -0.04300016 -7.97421e-4 -0.1118794 -0.04275816 -0.00462085 -0.1121247 -0.04217666 -0.008409917 -0.112039 -0.04302829 -0.006546974 -0.1118656 -0.04334884 -0.00389719 -0.1128568 -0.03876829 -0.01977729 -0.1127161 -0.0398854 -0.017416 -0.1125801 -0.04079461 -0.01516574 -0.1134728 -0.02930992 -0.03147661 -0.1135955 -0.0263924 -0.03396177 -0.1136264 -0.02740854 -0.03379786 -0.1136955 -0.02326476 -0.03617769 -0.1137591 -0.02336287 -0.03670835 -0.1138139 -0.02104341 -0.03808408 -0.113771 -0.01995468 -0.03810513 -0.1138446 -0.01939386 -0.03894913 -0.1134388 0.009881913 -0.04237139 -0.1135797 0.006237447 -0.04305773 -0.113563 0.004994571 -0.04272592 -0.1136353 0.004578649 -0.04326516 -0.1136747 0.00118041 -0.04300111 -0.1137683 -2.66628e-4 -0.04350513 -0.1137587 -0.002643704 -0.04293602 -0.1138567 -0.00510323 -0.04320549 -0.1138144 -0.006447196 -0.04253131 -0.1138883 -0.008013606 -0.04276174 -0.1139011 -0.01026701 -0.04227781 -0.1116575 0.03417909 -0.02610361 -0.1119176 0.03169268 -0.02907294 -0.1121706 0.02898073 -0.03177839 -0.1124163 0.0260387 -0.03423207 -0.1126514 0.02289313 -0.03641253 -0.1128728 0.01956552 -0.03830516 -0.1130775 0.01608419 -0.03989362 -0.1132624 0.01247447 -0.04116666 -0.1134249 0.00876975 -0.0421127 -0.1131969 0.01500892 -0.04084008 -0.1130957 0.0168733 -0.04010689 -0.1129581 0.01921522 -0.0390405 -0.1126617 0.02367424 -0.03651267 -0.1123497 0.02771502 -0.0335527 -0.1122468 0.02892631 -0.0325157 -0.1120401 0.03120237 -0.03034067 -0.1117181 0.03435868 -0.02671718 -0.1114279 0.03682839 -0.02319741 -0.1134594 -0.03104192 -0.03049767 -0.1133291 -0.0319963 -0.02874004 -0.1131665 -0.034428 -0.02577584 -0.1129867 -0.03658539 -0.02260828 -0.1127914 -0.03845191 -0.01926225 -0.1131 -0.03632789 -0.02396476 -0.1132755 -0.03405952 -0.02708953 -0.1133809 -0.03242707 -0.02902209 -0.111419 0.03689914 -0.02308493 -0.1025 -0.01276391 -0.0621894 -0.1025 -0.01308763 -0.06040686 -0.1025 -0.01425904 -0.05902493 -0.1025 -0.01596462 -0.05841386 -0.1025 -0.01774734 -0.05873739 -0.1025 -0.01912927 -0.05990892 -0.1025 -0.0197404 -0.06161457 -0.1025 -0.01941668 -0.06339716 -0.1025 -0.01824522 -0.06477916 -0.1025 -0.01653963 -0.06539022 -0.1025 -0.01475691 -0.06506663 -0.1025 -0.0133751 -0.06389504 -0.1111322 0.03932482 -0.01867014 -0.1109571 0.04118025 -0.01412481 -0.1136591 0.05254745 -0.01611232 -0.1136624 0.05248785 -0.01630109 -0.1120163 0.04709005 -0.01465165 -0.1136545 0.05263435 -0.01583307 -0.1120083 0.04721975 -0.01422876 -0.1088613 0.05980509 0.05863106 -0.1089009 0.06022542 0.05812644 -0.1097583 0.05451917 0.03401482 -0.1104239 0.04838132 0.01064443 -0.08850002 0.08179861 0.3731424 -0.08850002 0.08211928 0.3716042 -0.09757554 0.07102358 0.375599 -0.09642201 0.07326394 0.376161 -0.09489011 0.07528471 0.3766456 -0.09307163 0.07665449 0.3780658 -0.09593629 0.08117967 0.3437745 -0.09475493 0.08142375 0.3483566 -0.0960341 0.08397227 0.3257601 -0.09965741 0.07555097 0.343329 -0.1006774 0.07884174 0.3198377 -0.1016233 0.07656866 0.3175668 -0.09744924 0.07950717 0.3436666 -0.0987035 0.07761287 0.3435168 -0.09901654 0.08129161 0.3225176 -0.09703302 0.08322834 0.3248264 -0.08850002 0.08233684 0.3705234 -0.09858453 -0.01191282 0.3129384 -0.09936285 -0.01099222 0.3122606 -0.0993542 -0.01100337 0.3122369 -0.09967154 -0.01058691 0.311968 -0.1006621 -0.009074866 0.3108174 -0.1013547 -0.007757723 0.3100286 -0.09561342 -0.01447755 0.3148114 -0.09566152 -0.01446193 0.3149146 -0.09768211 -0.01279783 0.3134395 -0.09767121 -0.01284241 0.313643 -0.1005649 -0.009127795 0.3106629 -0.09926342 -0.01105237 0.3120773 -0.0977559 -0.01276206 0.3135814 -0.09539824 -0.01438271 0.3145478 -0.0955494 -0.01446944 0.3147089 -0.09742641 -0.01272451 0.3131952 -0.0975601 -0.01278585 0.3132942 -0.0990718 -0.01088374 0.3117697 -0.09912949 -0.01104885 0.3119423 -0.1002652 -0.009094893 0.310464 -0.1004218 -0.009133279 0.3105379 -0.102072 -0.004886746 0.3077146 -0.1019495 -0.004875898 0.3076838 -0.1014802 -0.006459414 0.3086798 -0.1023745 -0.00480169 0.307973 -0.1016738 -0.00700289 0.3093931 -0.1022507 -0.004866242 0.3078187 -0.1015715 -0.007060289 0.3092435 -0.104131 0.004848361 0.3028127 -0.1031533 5.41087e-4 0.3047075 -0.1031537 -1.28588e-4 0.3050684 -0.1062328 0.02077203 0.298565 -0.1057968 0.01792383 0.2989826 -0.1056881 0.01533424 0.2995452 -0.1051027 0.01201212 0.3003417 -0.1049822 0.01001387 0.3009659 -0.1043183 0.0068084 0.3020229 -0.1041729 0.005948603 0.3023469 -0.1067964 0.03183573 0.2979667 -0.106577 0.03017503 0.2978985 -0.1066047 0.02628684 0.2980365 -0.1062978 0.0240581 0.2981549 -0.1059143 0.01914709 0.2987711 -0.1057802 0.0534957 0.3022411 -0.1061011 0.04843795 0.300521 -0.1062887 0.04824662 0.3005048 -0.1063699 0.04452461 0.2995175 -0.106634 0.04285913 0.2992061 -0.1064779 0.04238688 0.2990744 -0.1068055 0.03737443 0.2983575 -0.1066371 0.03631311 0.2982059 -0.1066156 0.03187233 0.2979269 -0.1034302 0.06804919 0.3099044 -0.1038119 0.0654729 0.3081664 -0.1043331 0.06343007 0.3069607 -0.1047545 0.05999302 0.3050637 -0.1051227 0.05856829 0.3043993 -0.1052315 0.05664736 0.3034881 -0.1055264 0.05427151 0.3025031 -0.101368 0.07644957 0.3168484 -0.1012619 0.0764454 0.3168222 -0.1016409 0.07504683 0.315496 -0.1024347 0.07239747 0.313208 -0.102751 0.07053989 0.3117005 -0.1033488 0.06779837 0.3097017 -0.1015502 0.07641065 0.3169404 -0.1026147 0.07236105 0.3133053 -0.103608 0.06801551 0.3100065 -0.1045088 0.06339943 0.3070672 -0.1052967 0.05854111 0.3045097 -0.1059526 0.05347216 0.3023547 -0.1064598 0.04822707 0.300621 -0.1068042 0.04284381 0.2993245 -0.106975 0.03736346 0.2984772 -0.1069658 0.03182905 0.2980869 -0.1067743 0.02628475 0.2981566 -0.106403 0.02077436 0.2986841 -0.1058593 0.01534062 0.2996627 -0.105155 0.01002418 0.3010811 -0.1043055 0.004862368 0.3029248 -0.1033301 -1.11183e-4 0.3051768 -0.1016798 0.07631689 0.3170736 -0.10274 0.07227444 0.3134471 -0.1037293 0.06793677 0.3101561 -0.1046264 0.06332927 0.3072239 -0.1054108 0.05848032 0.3046726 -0.1060639 0.05342108 0.302523 -0.1065687 0.04818648 0.3007937 -0.1069113 0.04281419 0.2995003 -0.1070812 0.03734511 0.2986552 -0.1070716 0.03182208 0.2982659 -0.1068807 0.02628898 0.2983353 -0.1065106 0.02078986 0.2988615 -0.1059691 0.01536709 0.2998375 -0.1052674 0.01006096 0.3012523 -0.1044211 0.004909038 0.3030913 -0.1034497 -5.52945e-5 0.3053377 -0.1008931 0.07756841 0.3179425 -0.09911543 0.08117824 0.3223453 -0.09902012 0.08126008 0.322209 -0.1009202 0.07791709 0.3183525 -0.1007573 0.07791024 0.3182933 -0.09586554 0.08403104 0.3255278 -0.09573894 0.08399349 0.3254153 -0.09888303 0.08128952 0.3220878 -0.0987336 0.08126592 0.3220029 -0.09590673 0.08403152 0.3255733 -0.09598129 0.08401191 0.3256712 -0.10107 0.07787525 0.3184534 -0.1011743 0.07778847 0.3185796 -0.09206849 0.08658438 0.3291931 -0.09072613 0.08732765 0.3302595 -0.08850002 0.08873802 0.3326329 -0.08850002 0.0888009 0.3327711 -0.08850008 0.08882766 0.3328489 -0.08850014 0.08884394 0.3329077 -0.09220439 0.08652031 0.3293721 -0.08850002 0.08886563 0.3332421 -0.09387362 -0.01730233 0.3722748 -0.09639102 0.01686728 0.4067812 -0.09724843 -0.001299679 0.392964 -0.09261292 0.03953564 0.4119224 -0.09466564 0.03697544 0.4105054 -0.09469729 0.03280031 0.4109256 -0.09405148 0.07277786 0.3850091 -0.09283155 0.07246458 0.3878626 -0.09403538 0.07076787 0.3885883 -0.0940485 0.06845128 0.391975 -0.09447187 0.04905742 0.4071277 -0.09261667 0.05443161 0.406238 -0.09438776 0.05280834 0.4053362 -0.09263169 0.05879151 0.4033645 -0.09430152 0.05639165 0.4032257 -0.0926463 0.0612998 0.4013821 -0.09421885 0.05977421 0.4008139 -0.09265846 0.06287044 0.3999966 -0.09414523 0.06293493 0.398114 -0.09269791 0.0664041 0.3963903 -0.09408682 0.06582736 0.3951668 -0.09270876 0.0671457 0.3955316 -0.09275621 0.06971383 0.3922119 -0.09461522 0.04109925 0.4097279 -0.09261018 0.04436475 0.410684 -0.09454941 0.045134 0.4086002 -0.09260964 0.04708653 0.4097453 -0.09261023 0.04953968 0.4087399 -0.09262222 0.02896893 0.4128737 -0.09262061 0.03088146 0.4128742 -0.09261739 0.03446525 0.4126712 -0.09262603 0.02364265 0.4124721 -0.09262675 0.02261298 0.4123257 -0.09262937 0.01841646 0.4114913 -0.09426414 0.001393318 0.4017536 -0.09264725 0.003221154 0.4048397 -0.09436601 0.004841685 0.4040368 -0.09263932 0.006955087 0.4070765 -0.09446108 0.008471012 0.4060155 -0.09381359 -0.01354593 0.3838419 -0.09276759 -0.01132959 0.389851 -0.09385186 -0.01163411 0.3874388 -0.09271574 -0.008052289 0.3945038 -0.09391295 -0.009419143 0.3908535 -0.09269446 -0.006033003 0.3968842 -0.09406191 -0.004815161 0.3963766 -0.09268248 -0.004571497 0.3984308 -0.09292054 -0.01600563 0.3800681 -0.09286904 -0.01489174 0.3829613 -0.09283208 -0.01386052 0.3852457 -0.09380233 -0.01513367 0.3801016 -0.09382146 -0.01638966 0.376235 -0.09302806 -0.01752364 0.3748138 -0.09315079 -0.01842552 0.3696835 -0.09713894 -0.005439043 0.388041 -0.09715402 -0.0125299 0.3714858 -0.09710049 -0.01170819 0.3750143 -0.09707474 -0.01057809 0.3784595 -0.0970745 -0.009150147 0.3817923 -0.09709703 -0.007430732 0.3849977 -0.09740281 0.004281938 0.3977581 -0.09767752 0.01760768 0.4042477 -0.09762239 0.01406896 0.4030514 -0.09755599 0.01064443 0.4015595 -0.09774643 0.0325101 0.4059479 -0.097723 0.03626132 0.4055758 -0.09768533 0.03996646 0.4048855 -0.0976358 0.04359114 0.403883 -0.09757775 0.0471152 0.4025736 -0.09751492 0.05048424 0.4009799 -0.09745132 0.05370235 0.3991021 -0.0973041 0.0684089 0.38289 -0.09727972 0.06660628 0.3860756 -0.0972799 0.06452798 0.3890898 -0.09730124 0.06217324 0.3919305 -0.09733974 0.05957698 0.3945533 -0.09739142 0.05673956 0.396956 -0.09461504 0.0162177 0.4090275 -0.09466689 0.02028691 0.4100341 -0.09263783 0.007980406 0.4076139 -0.09263283 0.01309967 0.4098584 -0.09454554 0.01228058 0.4076874 -0.09263181 0.01455867 0.4103736 -0.09470862 0.02860862 0.4109864 -0.09646701 0.03266489 0.4085864 -0.0959165 0.07073515 0.3840238 -0.0958966 0.06882226 0.3874167 -0.09590363 0.06661725 0.3906272 -0.09593403 0.06411939 0.3936527 -0.09598314 0.06136548 0.3964464 -0.09604644 0.05835592 0.3990056 -0.0961185 0.05513495 0.4012915 -0.09619414 0.05172222 0.4032918 -0.09626811 0.04815 0.4049896 -0.0963366 0.04441314 0.4063848 -0.09639483 0.04057008 0.4074531 -0.09643924 0.03664183 0.4081891 -0.09775394 0.02874344 0.4059998 -0.09632831 0.01311612 0.405509 -0.0962522 0.009486436 0.403922 -0.0961669 0.006028354 0.4020442 -0.09607583 0.002742528 0.3998776 -0.0959841 -3.24465e-4 0.3974545 -0.09416127 -0.001825511 0.3991997 -0.09266114 -8.27838e-4 0.4018486 -0.095896 -0.003173232 0.394776 -0.09576565 -0.007560372 0.3895364 -0.09571343 -0.009671151 0.3862972 -0.0956825 -0.01149314 0.3828853 -0.0956766 -0.01300638 0.3793376 -0.09569883 -0.01420372 0.3756701 -0.09575164 -0.01507413 0.371914 -0.09502583 -0.01714128 0.3619328 -0.09343022 -0.01873511 0.3612617 -0.0964877 -0.01511704 0.3621262 -0.09759193 -0.0128768 0.3623095 -0.08850002 -0.02253711 0.3556463 -0.08850002 -0.02255654 0.3558164 -0.08850002 -0.02240961 0.3546071 -0.09430611 -0.01664227 0.3433867 -0.0954591 -0.01466912 0.3192943 -0.0975185 -0.0129556 0.319557 -0.09899485 -0.01123917 0.3197789 -0.1010934 -0.007216691 0.3202037 -0.1001983 -0.009308457 0.3199965 -0.09625869 -0.01483339 0.3437885 -0.0976296 -0.01305234 0.3441396 -0.09871602 -0.01107317 0.3444948 -0.09948521 -0.008950471 0.3448438 -0.1003259 -0.007902264 0.3323822 -0.09948813 -0.01000934 0.3321051 -0.0983377 -0.01196354 0.33182 -0.0969091 -0.01371079 0.3315352 -0.09489774 -0.01546925 0.3312053 -0.08977925 -0.01852357 0.3185945 -0.09195339 -0.01699352 0.3170156 -0.09415465 -0.01524204 0.3152767 -0.08850002 -0.01919072 0.3189917 -0.09188485 -0.0169866 0.3169159 -0.08850049 -0.01933825 0.319205 -0.08850014 -0.01940053 0.3193706 -0.08850002 -0.01941967 0.3194989 -0.1055001 -0.01398366 0.2144544 -0.1055001 -0.01699995 0.2161788 -0.1055001 -0.01892971 0.2190681 -0.1055001 -0.01936733 0.222515 -0.1055001 -0.01822084 0.2257949 -0.1055001 -0.003228366 0.2268198 -0.1055001 -0.008906185 0.2289195 -0.1055005 -0.008169174 0.2288199 -0.1055001 -0.005060136 0.2143612 -0.1055001 -0.00788927 0.2125301 -0.1055001 -0.002518177 0.2180765 -0.1055001 -0.00186342 0.2225301 -0.1055001 -0.005410671 0.2293877 -0.1055001 -0.01573109 0.2282183 -0.1055001 -0.01242142 0.2292761 -0.1055001 -0.01035183 0.2291535 -0.1055001 -0.009299039 0.2289756 -0.1055001 -0.007446527 0.2287288 -0.1055001 -0.009522795 0.2138602 -0.1055001 -0.009838938 0.2139227 -0.1055002 -0.0106526 0.2140481 -0.1055001 -0.01080298 0.2140661 -0.1055001 -0.0119341 0.2141427 -0.1120382 -0.04670214 0.01658356 -0.1116961 -0.04023969 0.0364598 -0.1111112 -0.03435063 0.05872726 -0.1100554 -0.02872532 0.07855796 -0.1122478 -0.03824549 0.05979567 -0.1112681 -0.03343176 0.07659673 -0.1137814 -0.05221825 0.01856273 -0.1136672 -0.04996305 0.02489215 -0.1136191 -0.04928058 0.02678972 -0.1130304 -0.04344379 0.04352372 -0.1126685 -0.040825 0.05152428 -0.1138119 -0.0528903 0.01649284 -0.1121094 -0.04750663 0.01460844 -0.1138159 -0.05294466 0.01631635 -0.1139182 -0.05379593 0.01658004 -0.113923 -0.05341094 0.01665639 -0.1138679 -0.05310803 0.01636773 -0.1137058 -0.05446487 0.01678061 -0.1132915 -0.05498784 0.01693171 -0.1132876 -0.0549317 0.01711338 -0.1136453 -0.05450671 0.01698952 -0.1137216 -0.05437177 0.01694947 -0.1138704 -0.05397826 0.01683086 -0.108607 0.06060147 0.05842828 -0.1085704 0.06061542 0.05843478 -0.109384 0.06391888 0.05474615 -0.1091858 0.06386047 0.05487179 -0.1102566 0.06706488 0.05084365 -0.1089872 0.06313258 0.05571818 -0.1084237 0.06064969 0.05843949 -0.1086561 0.0605784 0.05841571 -0.1095614 0.06380158 0.0546903 -0.1088273 0.0604403 0.05831652 -0.1096685 0.06364315 0.05458253 -0.1088719 0.06036835 0.05825662 -0.1099198 0.06426233 0.05352842 -0.1088996 0.06027406 0.05817222 -0.110721 0.06654161 0.05058854 -0.1107115 0.06669807 0.05070257 -0.1107103 0.06670236 0.05070537 -0.1106155 0.06686866 0.05080175 -0.1104465 0.0670005 0.05085086 -0.1088181 0.05993235 0.0587567 -0.1086972 0.06004983 0.05887413 -0.1085195 0.06012213 0.05894833 -0.1085378 0.05962342 0.05946743 -0.1084441 0.05962127 0.05948734 -0.1083791 0.06013882 0.05896729 -0.1088558 0.05949181 0.05925905 -0.1087218 0.05958431 0.05938422 -0.1094544 0.05556511 0.06322288 -0.1095473 0.0544542 0.06420028 -0.1102701 0.05126214 0.06672018 -0.1104973 0.04906052 0.0683698 -0.1109945 0.04672908 0.06993621 -0.1113286 0.04311037 0.07223558 -0.1116151 0.04198467 0.07285553 -0.1114273 0.04228311 0.07271885 -0.1121204 0.03704875 0.07546329 -0.1119695 0.03694808 0.07554835 -0.1125006 0.03194338 0.07774591 -0.1124116 0.03060042 0.07831811 -0.1124626 0.02958506 0.07870543 -0.1127477 0.02669203 0.07969123 -0.1126505 0.02398473 0.08058196 -0.1128559 0.02131992 0.08128875 -0.1126731 0.01727712 0.08228051 -0.1128214 0.01585358 0.08253026 -0.1126545 0.01607888 0.0825237 -0.1126432 0.01032012 0.08340978 -0.1124773 0.01041162 0.08343458 -0.1123227 0.00474745 0.08392387 -0.1120643 0.00348705 0.08402383 -0.1119586 0.002127707 0.08407288 -0.1118637 -8.37108e-4 0.08407145 -0.111437 -0.003500044 0.08404523 -0.111273 -0.006406784 0.0838539 -0.1105986 -0.01054668 0.08348375 -0.1105596 -0.01193594 0.0832746 -0.1104155 -0.0118944 0.08330887 -0.1097347 -0.01740014 0.08233875 -0.1095913 -0.01741307 0.08236181 -0.1088118 -0.02277678 0.08105283 -0.1086837 -0.02276098 0.08107995 -0.1089804 -0.02278053 0.0809558 -0.1099018 -0.01740664 0.08223927 -0.1107253 -0.011945 0.08317315 -0.1114376 -0.006418645 0.0837509 -0.1120274 -8.51793e-4 0.08396744 -0.1124857 0.004729986 0.08381921 -0.1128059 0.0102998 0.083305 -0.1129839 0.01583015 0.08242583 -0.1130185 0.02129375 0.08118516 -0.1129107 0.0266633 0.07958894 -0.1126641 0.03191208 0.07764536 -0.1122847 0.03701519 0.07536482 -0.1117805 0.04194909 0.07275956 -0.1111611 0.04669153 0.06984305 -0.110438 0.05122286 0.06663018 -0.1096237 0.0555244 0.06313633 -0.1091015 -0.02276092 0.08080458 -0.1100201 -0.01739388 0.08208501 -0.1108411 -0.01193964 0.08301657 -0.1115512 -0.006420612 0.08359277 -0.1121393 -8.61259e-4 0.0838083 -0.1125963 0.00471282 0.08365982 -0.1129157 0.01027482 0.08314609 -0.1130934 0.01579773 0.08226805 -0.1131281 0.02125376 0.08102923 -0.1130209 0.02661567 0.07943552 -0.1127754 0.03185755 0.07749515 -0.1123975 0.03695374 0.07521843 -0.1118951 0.0418812 0.07261747 -0.1112779 0.04661756 0.06970584 -0.1105573 0.05114322 0.06649833 -0.1097457 0.05543977 0.06301027 -0.1086662 -0.0240612 0.08070433 -0.1087678 -0.02340602 0.08087009 -0.1089412 -0.02337956 0.08077049 -0.1090598 -0.02333557 0.08061325 -0.1088462 -0.0240243 0.08067244 -0.1090095 -0.02396816 0.08056801 -0.109114 -0.02390366 0.08040785 -0.1089151 -0.02560734 0.08021801 -0.109748 -0.02896237 0.07900679 -0.1097385 -0.02968299 0.07877022 -0.1109926 -0.03371208 0.07704132 -0.1108067 -0.03377628 0.07706302 -0.1099233 -0.02888548 0.07890594 -0.1100319 -0.02879881 0.07874006 -0.1111587 -0.03361797 0.07693964 -0.1112556 -0.03351581 0.07677543 -0.1112318 -0.03462946 0.07648688 -0.1111316 -0.03521174 0.07607305 -0.1109631 -0.03541666 0.07613611 -0.1105593 -0.03592938 0.07586157 -0.1105366 -0.03592437 0.07591462 -0.1113315 -0.03456318 0.07630664 -0.1113718 -0.03412014 0.07639527 -0.1113349 -0.03458118 0.07626008 -0.1113493 -0.03403574 0.07654267 -0.111249 -0.0341202 0.07671475 -0.1108373 -0.03483474 0.07658922 -0.1110612 -0.0346626 0.07661575 -0.1104743 -0.03557074 0.0762642 -0.1108117 -0.03539597 0.07628929 -0.1102953 -0.035748 0.07618814 -0.1104459 -0.03587645 0.07606089 -0.1055002 0.08127087 0.2064607 -0.1055002 0.08116585 0.2060534 -0.1055001 0.07901281 0.2087929 -0.1054998 0.08140873 0.2066221 -0.1055001 0.08564674 0.2062511 -0.1055001 0.08529752 0.2063493 -0.1055001 0.08430141 0.2065714 -0.1055001 0.08397364 0.2066307 -0.1055001 0.09350091 0.218537 -0.1055001 0.09515821 0.2154453 -0.1055001 0.09524583 0.2119386 -0.1055001 0.09374493 0.2087681 -0.1055001 0.09097719 0.206613 -0.1055001 0.08753544 0.2059351 -0.1055001 0.08528715 0.2206466 -0.1055001 0.08715766 0.2210564 -0.1055001 0.09062898 0.2205512 -0.1055001 0.08043622 0.2202391 -0.1055001 0.07857567 0.2172933 -0.1054997 0.08188998 0.206804 -0.1054997 0.08147186 0.2066679 -0.1055004 0.08308905 0.2199857 -0.1055001 0.0835849 0.2066941 -0.1054998 0.08285778 0.2067875 -0.1055001 0.08256977 0.2068112 -0.1055001 0.07784467 0.2129943 -0.1055004 0.08315491 0.2200037 -0.1055001 0.08370071 0.220156 -0.1055001 0.08387106 0.2202043 -0.1145037 -0.05552124 0.004314005 -0.1141628 -0.05483525 0.008883714 -0.1126247 -0.04954755 0.003742039 -0.1123 -0.04883086 0.009236276 -0.113357 -0.05013769 -0.004410207 -0.1148683 -0.05577909 -3.56674e-4 -0.1138683 -0.04877567 -0.01235049 -0.1155569 -0.05508857 -0.009681105 -0.1152192 -0.05563294 -0.005033195 -0.1143407 -0.04613173 -0.02004683 -0.1161928 -0.05283749 -0.01875954 -0.1158815 -0.05415356 -0.01426714 -0.1147392 -0.04253149 -0.02682727 -0.1167741 -0.0491091 -0.02734017 -0.1164907 -0.05115187 -0.02312707 -0.1175188 -0.04099082 -0.03876662 -0.1174378 -0.04212927 -0.0374881 -0.1151104 -0.0375061 -0.03347522 -0.1172903 -0.04401165 -0.03518754 -0.1170414 -0.04672366 -0.0313695 -0.1177236 -0.03768128 -0.04208153 -0.115408 -0.03137058 -0.03926926 -0.1178451 -0.03533416 -0.04412496 -0.1181668 -0.02625072 -0.05020427 -0.1181361 -0.02746093 -0.04953783 -0.1156132 -0.02433246 -0.04396981 -0.1180505 -0.03028583 -0.04782205 -0.1179018 -0.03410494 -0.04510748 -0.1182479 -0.02202737 -0.05223602 -0.115708 -0.01722818 -0.04720413 -0.1182785 -0.01945501 -0.05326545 -0.1182605 -0.008538246 -0.05608069 -0.1182799 -0.01041561 -0.05576503 -0.1157005 -0.009241938 -0.04939287 -0.1182962 -0.01313883 -0.05518603 -0.1182917 -0.01764625 -0.05390101 -0.1181841 -0.003878295 -0.0565775 -0.115578 -0.001005709 -0.05024462 -0.1181192 -0.001084685 -0.05668234 -0.1153429 0.007266402 -0.04973542 -0.1179104 0.005480766 -0.05636328 -0.1180672 8.06242e-4 -0.05667191 -0.1150061 0.01530206 -0.0478906 -0.1177151 0.01011008 -0.05565387 -0.1177981 0.008257985 -0.05598676 -0.1147817 0.01957947 -0.04631537 -0.1172191 0.01909655 -0.05305659 -0.1174837 0.01466 -0.05454874 -0.1162635 0.03140777 -0.04638862 -0.116382 0.03009968 -0.04730343 -0.1143168 0.02691847 -0.04249101 -0.1166048 0.02750056 -0.04896038 -0.1169249 0.02338713 -0.05118888 -0.1159054 0.03508096 -0.04349339 -0.1137987 0.03351873 -0.0375275 -0.1156756 0.0372439 -0.04153227 -0.1155354 0.03849554 -0.04029703 -0.1132475 0.03923666 -0.03152883 -0.1151584 0.04162865 -0.03682374 -0.1147794 0.04446065 -0.03309983 -0.1128406 0.04273253 -0.02662241 -0.1144032 0.04697322 -0.02915197 -0.1025 -0.0181744 -0.05783331 -0.1025 -0.01588261 -0.05741721 -0.1025 -0.01368963 -0.05820286 -0.1025 -0.01218336 -0.05997961 -0.1025 -0.01176726 -0.06227159 -0.1025 -0.01255291 -0.0644645 -0.1025 -0.01432985 -0.06597077 -0.1025 -0.01662164 -0.06638681 -0.1025 -0.01881468 -0.06560122 -0.1025 -0.02032095 -0.06382435 -0.1025 -0.02073699 -0.06153237 -0.1025 -0.01995134 -0.05933958 -0.1122596 0.04499644 -0.02060258 -0.1140659 0.04908519 -0.02508747 -0.1137691 0.05300575 -0.01646316 -0.1137556 0.05295211 -0.01623785 -0.1137685 0.05320727 -0.01631778 -0.113718 0.05355221 -0.0166372 -0.1136363 0.05385375 -0.01652294 -0.1135871 0.05391186 -0.01675349 -0.1131831 0.05451792 -0.01673913 -0.1131865 0.05445659 -0.01693338 -0.1135056 0.05406147 -0.01680237 -0.1136836 0.05272156 -0.01585972 -0.1137592 0.05339413 -0.01606678 -0.1135763 0.05406689 -0.0162779 -0.1131783 0.05460762 -0.01645153 -0.1136161 0.05525368 -0.01010549 -0.1135413 0.05573636 -0.008977651 -0.1133309 0.0562514 -0.009111046 -0.1132763 0.05609488 -0.01033633 -0.1129949 0.05667126 -0.009225666 -0.1130356 0.05636876 -0.01041543 -0.1135925 0.05518305 -0.008840739 -0.1135258 0.05436313 -0.009874284 -0.1134877 0.05465775 -0.008716344 -0.1127211 0.05910629 0.01061236 -0.1135991 0.05353283 -0.01283735 -0.1106438 0.06169271 0.03878718 -0.111205 0.05713152 0.02075368 -0.111803 0.06303966 0.03022795 -0.1103955 0.0681191 0.04913038 -0.1104491 0.06806248 0.04905384 -0.1107494 0.06750839 0.04961532 -0.1101749 0.06832945 0.04885095 -0.1102009 0.06830585 0.04880768 -0.1102271 0.06828439 0.04882931 -0.1100702 0.06816339 0.04937225 -0.1098868 0.06833946 0.04913932 -0.1100656 0.06837123 0.04898917 -0.1102422 0.06817865 0.04927349 -0.1107709 0.06742942 0.04969555 -0.1107659 0.06744599 0.04970866 -0.1106671 0.06759285 0.0498358 -0.1104961 0.06768476 0.04993474 -0.1103045 0.06770569 0.04998433 -0.08850002 0.07893323 0.3824967 -0.08850002 0.08028608 0.3787819 -0.08850002 0.08668553 0.3469367 -0.08850002 0.08279168 0.3682371 -0.08178675 0.08445733 0.3808287 -0.0819202 0.08588433 0.3753244 -0.08850002 0.08035844 0.379707 -0.08850002 0.08177489 0.3746352 -0.08850002 0.0858668 0.327732 -0.08850002 -0.01519054 0.3149593 -0.08850002 0.06809347 0.3092753 -0.08850002 0.07787752 0.3176395 -0.08850002 0.05688118 0.3029527 -0.08850002 0.04466116 0.2989086 -0.08850002 0.03189069 0.2972945 -0.08850002 0.01904869 0.298171 -0.08850002 0.006615996 0.3015051 -0.08850002 -0.004941344 0.307172 -0.08263963 -0.02652877 0.3555471 -0.08261471 -0.02665728 0.3565638 -0.08850002 -0.02239358 0.3562095 -0.08850002 -0.02249842 0.3572371 -0.08850002 -0.02277469 0.363028 -0.08247894 -0.02708858 0.3620795 -0.08850002 -0.02273303 0.364937 -0.08240985 -0.02710276 0.3648704 -0.08850002 -0.02254694 0.3677585 -0.0823419 -0.02698451 0.3676031 -0.08850002 -0.02221024 0.3705611 -0.08220487 -0.02634835 0.3730828 -0.08850002 -0.02172243 0.3733447 -0.08215516 -0.02598565 0.3750583 -0.08190584 -0.02306509 0.3848823 -0.08850002 -0.01865267 0.3832945 -0.08850002 -0.0193721 0.381493 -0.08206909 -0.02518826 0.3784676 -0.08850002 -0.02030128 0.3788212 -0.08850002 -0.0210849 0.3761042 -0.08850002 -0.0215156 0.3743162 -0.08166986 -0.01843494 0.3940259 -0.08850002 -0.01426327 0.3915796 -0.08850002 -0.01574379 0.3891616 -0.08180642 -0.02135384 0.3887563 -0.08850002 -0.01708918 0.3866732 -0.08850002 -0.01829934 0.3841153 -0.08470219 0.02383762 0.4178577 -0.08850002 0.02415186 0.4152594 -0.08850002 0.02248024 0.4150494 -0.08850002 -0.01092934 0.3961545 -0.08156335 -0.01563894 0.3980961 -0.08850002 -0.008479237 0.3989548 -0.08145493 -0.01224458 0.4021942 -0.08850002 -0.007122278 0.4003478 -0.08134865 -0.008267164 0.4061543 -0.08850002 -0.00289309 0.4041051 -0.08126783 -0.004693448 0.409124 -0.08850002 -0.001515924 0.4051655 -0.08125442 -0.00404495 0.4096125 -0.08850002 0.001713395 0.4073877 -0.08116996 4.83407e-4 0.4126487 -0.08850002 0.006645143 0.4101569 -0.08111464 0.003974974 0.4145921 -0.08850002 0.01183426 0.4123775 -0.08103334 0.01028996 0.4173554 -0.08850002 0.01505661 0.413439 -0.08100038 0.01348137 0.4184221 -0.08850002 0.01723587 0.4140295 -0.08098232 0.0154792 0.4189857 -0.08092862 0.02351957 0.4204907 -0.08093971 0.04764062 0.4180555 -0.08095896 0.05049115 0.4170438 -0.08475601 0.04953771 0.414642 -0.08850002 0.02988749 0.415582 -0.08469641 0.03253316 0.4181404 -0.08850002 0.03241401 0.4155318 -0.08850002 0.03562551 0.4152979 -0.08850002 0.04129993 0.4144098 -0.08471465 0.04117041 0.4170603 -0.08850002 0.04684776 0.4129278 -0.08850002 0.04906797 0.4121536 -0.0809828 0.05337125 0.4158434 -0.0847752 0.05229318 0.4135203 -0.08850002 0.05125427 0.4112831 -0.08091264 0.0417239 0.4196352 -0.08090281 0.03704559 0.4204176 -0.08090245 0.03265458 0.4207941 -0.08091717 0.02619653 0.4207317 -0.08166736 0.08264452 0.3857975 -0.08850002 0.07961988 0.3817855 -0.08850002 0.05859225 0.4074604 -0.08850002 0.05368119 0.4101811 -0.08102661 0.05760365 0.4137269 -0.08850002 0.07734125 0.3869367 -0.08850002 0.07452017 0.3918147 -0.0815497 0.08029127 0.3907426 -0.08850002 0.07119482 0.3963531 -0.08143919 0.07747894 0.3954337 -0.08850002 0.06739979 0.4005072 -0.08133697 0.07423472 0.399829 -0.08850002 0.0651853 0.4025593 -0.08124381 0.07058948 0.4038899 -0.08850002 0.0631839 0.4042218 -0.08116054 0.06657737 0.4075806 -0.08108794 0.06223553 0.4108691 -0.08850002 -0.02160608 0.3741128 -0.08850002 -0.02270072 0.3669828 -0.08850002 -0.02255409 0.368453 -0.08850002 -0.02215534 0.3712938 -0.08850002 -0.02090877 0.3768991 -0.08850002 -0.02006489 0.3796439 -0.08850002 -0.019077 0.3823404 -0.08850002 -0.01794898 0.3849771 -0.08850002 0.01353645 0.4132789 -0.08850002 0.01004081 0.4119832 -0.08850002 0.004945695 0.4095563 -0.08850002 1.30767e-4 0.4065897 -0.08850002 -0.002020478 0.4050171 -0.08850002 -0.004349291 0.403115 -0.08850002 -0.008443117 0.3991698 -0.08850002 -0.01210254 0.3947978 -0.08850002 -0.01375395 0.3924692 -0.08850002 -0.01528406 0.3900485 -0.08850002 -0.0166822 0.3875513 -0.08850002 0.01535832 0.4138444 -0.08850002 0.02083981 0.4151206 -0.08850002 0.0221228 0.4153306 -0.08850002 0.02642297 0.415798 -0.08850002 0.0320456 0.4158695 -0.08850002 0.03764408 0.4153345 -0.08850002 0.03970021 0.4149833 -0.08850002 0.04315584 0.4141993 -0.08850002 0.04852068 0.4124758 -0.08850002 0.05113071 0.4113983 -0.08850002 0.05720943 0.4082058 -0.08850002 0.06187027 0.4050015 -0.08850002 0.06340479 0.4037761 -0.08850002 0.06618618 0.4013001 -0.08850002 0.07009118 0.397152 -0.08850002 0.07354211 0.3926035 -0.08850002 0.07493931 0.3904339 -0.08850002 0.07650423 0.387696 -0.08850002 -0.02290076 0.361119 -0.08850002 -0.01952791 0.3218234 -0.08850002 -0.02062743 0.3378604 -0.08850002 -0.02144265 0.346255 -0.08850002 -0.02064073 0.3380104 -0.1047405 -0.009498834 0.2121452 -0.1049368 -0.009350001 0.2129569 -0.1052943 -0.009682238 0.2137088 -0.1044022 -0.01198887 0.213942 -0.1054702 -0.01075047 0.2140486 -0.1042701 -0.01189088 0.2138482 -0.1051432 -0.01053225 0.2138407 -0.103917 -0.01163643 0.2134749 -0.1048613 -0.01033186 0.2135429 -0.1034955 -0.01138007 0.2122637 -0.1035314 -0.01139086 0.2125466 -0.1045178 -0.01004469 0.2127663 -0.1035838 -0.01141816 0.2127719 -0.1046483 -0.01016563 0.2131747 -0.1037301 -0.01150918 0.2131588 -0.1038426 -0.01158487 0.2133636 -0.1050107 -0.01245409 0.2141548 -0.1034899 -0.01139003 0.2120314 -0.1052446 -0.007934808 0.2290171 -0.1033098 -0.01002103 0.2304627 -0.1032566 -0.009961843 0.2306618 -0.1038679 -0.00913614 0.2304174 -0.1032029 -0.009870231 0.231177 -0.1043768 -0.00801599 0.2307323 -0.1047661 -0.00871706 0.2294058 -0.1053829 -0.009183883 0.229003 -0.1048719 -0.007469058 0.2296535 -0.1051442 -0.01078355 0.2292359 -0.1047675 -0.0112065 0.2292927 -0.1046282 -0.01110446 0.2292954 -0.1039069 -0.01054817 0.2295758 -0.10421 -0.009501576 0.2297032 -0.1041382 -0.01073211 0.2294307 -0.1047997 -0.009967029 0.22926 -0.1044076 -0.008300781 0.2300832 -0.103655 -0.01033908 0.2298194 -0.1035799 -0.01027429 0.2299167 -0.1033925 -0.01010364 0.2302453 -0.101735 -0.01219362 0.2300178 -0.1032347 -0.01171547 0.2295085 -0.1021886 -0.01259648 0.2295019 -0.1037761 -0.01218605 0.229336 -0.1026883 -0.01308697 0.2292689 -0.1010621 -0.01340031 0.229413 -0.09986764 -0.0141195 0.2292656 -0.1006479 -0.01302129 0.2299777 -0.09955102 -0.01381224 0.2297551 -0.1014409 -0.01198428 0.2307277 -0.1024224 -0.01103055 0.230652 -0.1027425 -0.01129496 0.2299724 -0.09949404 -0.01376771 0.2298747 -0.0992462 -0.01366752 0.2306638 -0.1003801 -0.01286685 0.2307116 -0.0995351 -0.01347017 0.2307381 -0.101556 -0.01178205 0.231155 -0.1002807 -0.0146197 0.228914 -0.09997129 -0.01423633 0.2291517 -0.0915668 -0.01977396 0.2217259 -0.09153074 -0.01973032 0.2225605 -0.09814083 -0.01576876 0.2284201 -0.09898871 -0.01530969 0.2286448 -0.09558689 -0.01718723 0.2274426 -0.095196 -0.01741003 0.2272402 -0.09169906 -0.01956826 0.2235015 -0.09190309 -0.01941668 0.224046 -0.0928297 -0.0188117 0.2254406 -0.09433114 -0.01859688 0.2176995 -0.09360891 -0.01893681 0.2182922 -0.09302514 -0.01920503 0.2188726 -0.09218692 -0.01956957 0.2200036 -0.10304 -0.01411044 0.2144256 -0.1008004 -0.01543527 0.2149146 -0.09735703 -0.01713126 0.2160097 -0.09662371 -0.01749002 0.2163372 -0.1040651 -0.01332288 0.2142521 -0.1014962 -0.01434379 0.2142902 -0.1025473 -0.0136404 0.214119 -0.1021013 -0.01330053 0.213537 -0.1027401 -0.01233524 0.2127387 -0.1018946 -0.01310163 0.2123373 -0.1030488 -0.01249969 0.2134671 -0.1035319 -0.01286262 0.2140036 -0.1018171 -0.01319032 0.2127887 -0.1010874 -0.01403206 0.2136667 -0.1008277 -0.01397508 0.2129037 -0.100389 -0.01497089 0.2144986 -0.1002739 -0.01486593 0.2143307 -0.1001612 -0.01477664 0.2141376 -0.09989213 -0.01465153 0.2134948 -0.1000181 -0.0146898 0.2138381 -0.09977203 -0.01469457 0.2130027 -0.1062363 -0.009742259 0.1881042 -0.1070391 -0.007114768 0.1878728 -0.1070806 -0.0072788 0.1862057 -0.1033383 -0.01547527 0.1792201 -0.1031309 -0.01448822 0.18848 -0.104911 -0.01226276 0.1883119 -0.1051221 -0.01325672 0.1790055 -0.1064517 -0.01074326 0.1787471 -0.1073644 -0.008719742 0.1734682 -0.1010584 -0.01628136 0.1885989 -0.1029229 -0.01588773 0.1792393 -0.1043601 -0.01569241 0.1698697 -0.1059545 -0.01333761 0.1695859 -0.1069756 -0.01101374 0.1692955 -0.1074482 -0.009293794 0.1690753 -0.1060993 -0.005966544 0.2136204 -0.1059855 -0.003692865 0.2275327 -0.1058661 -0.004161417 0.228138 -0.1065247 -0.003402411 0.2163385 -0.1062994 -0.00495404 0.2144603 -0.1063061 -0.002522349 0.2253756 -0.1065233 -0.00191313 0.223003 -0.1066215 -0.001862049 0.2209275 -0.1066318 -0.002350986 0.2185367 -0.112734 -0.04106754 0.05160558 -0.1135903 -0.05060237 0.02725821 -0.1124758 -0.0424124 0.05202621 -0.112736 -0.04175746 0.0518279 -0.1119808 -0.04294258 0.05217278 -0.1125931 -0.0470978 0.0395739 -0.1130602 -0.05131936 0.02749812 -0.1137171 -0.04967468 0.02693241 -0.1137212 -0.0501008 0.02708375 -0.1053281 -0.04015737 0.0741077 -0.1036099 -0.04141241 0.07353174 -0.1066747 -0.03917038 0.07441353 -0.1005 -0.04450362 0.07163858 -0.1005006 -0.04432493 0.0719099 -0.1005 -0.04414331 0.07205277 -0.1130899 -0.05164778 0.02654981 -0.1130894 -0.0516408 0.02656894 -0.1135388 -0.05108803 0.02637505 -0.1136887 -0.04975777 0.02589917 -0.1137441 -0.05042785 0.02614217 -0.113778 -0.05048769 0.02509278 -0.1137189 -0.05104529 0.02530074 -0.1134866 -0.0515635 0.02548879 -0.1131211 -0.05197936 0.02563434 -0.1136039 -0.05383616 0.01911085 -0.113255 -0.05424106 0.01924574 -0.1138352 -0.05331349 0.01893514 -0.1138932 -0.05274975 0.01874411 -0.113626 -0.05417054 0.01804983 -0.1139039 -0.0530802 0.01769995 -0.1138513 -0.05364471 0.01788246 -0.1135721 -0.05674779 0.01024323 -0.1139835 -0.0565328 0.009215414 -0.1136329 -0.05695354 0.00927639 -0.1142197 -0.05598253 0.009120285 -0.1142781 -0.05539035 0.009004294 -0.1048316 0.07221335 0.04358822 -0.1005 0.07235503 0.04364621 -0.1005 0.07537049 0.03820389 -0.1005 -0.0256896 0.08050024 -0.1005 -0.04413348 0.07205885 -0.1005 -0.03872179 0.0751056 -0.1005 -0.01194143 0.08365195 -0.1005 0.002139389 0.08447289 -0.1005 0.01616048 0.08294022 -0.1005 0.02973157 0.07909661 -0.1005 0.04247415 0.07304924 -0.1005 0.05403321 0.06496649 -0.1005 0.06408697 0.05507355 -0.1052552 0.08208674 0.2062806 -0.1052946 0.08161836 0.2055745 -0.1053116 0.08158266 0.2056025 -0.1058561 0.08024853 0.2069888 -0.1053759 0.08238112 0.2066237 -0.1046591 0.08467096 0.2061023 -0.1049861 0.08495998 0.2062713 -0.1041591 0.08580315 0.2059645 -0.1050519 0.08352965 0.2063119 -0.1053458 0.08382326 0.2065554 -0.1047945 0.08635777 0.2060552 -0.1038106 0.08720546 0.2059108 -0.1048407 0.08324342 0.2059874 -0.1041859 0.08412075 0.20548 -0.1040792 0.08390533 0.2050786 -0.1047262 0.08298814 0.2056123 -0.104347 0.08329957 0.2045577 -0.1029794 0.085069 0.2039971 -0.1033207 0.08481293 0.2046706 -0.103419 0.08498859 0.205093 -0.1036015 0.08522534 0.2054705 -0.1032282 0.08660638 0.2057644 -0.1038564 0.08550524 0.2057681 -0.1043837 0.08438289 0.2058322 -0.1029511 0.08630436 0.2055386 -0.10245 0.08562576 0.203911 -0.1024624 0.08568865 0.2043755 -0.1025516 0.08582556 0.204814 -0.1027181 0.08603584 0.2052139 -0.1028037 0.08613669 0.2053534 -0.1008975 0.0877434 0.2053328 -0.1015899 0.08868587 0.2058746 -0.1013224 0.08831381 0.2057703 -0.1011945 0.08813911 0.2056787 -0.1006025 0.08737599 0.2046433 -0.1004905 0.08727318 0.2038905 -0.094549 0.09269177 0.2196918 -0.09295964 0.09364509 0.2188672 -0.09071153 0.0950092 0.2169626 -0.08974856 0.09559839 0.2153871 -0.09990924 0.08963191 0.2059956 -0.09277224 0.09377568 0.2082864 -0.09419226 0.09293419 0.2075101 -0.09617811 0.09177184 0.20675 -0.09824711 0.09057831 0.2062412 -0.0914784 0.09455025 0.2092661 -0.09005326 0.09541273 0.2110071 -0.08938348 0.09582221 0.2139056 -0.08949458 0.0957539 0.2124132 -0.08966809 0.09564769 0.2118353 -0.09176129 0.09437006 0.2180095 -0.1017881 0.08846187 0.2211577 -0.1040963 0.08673071 0.2210432 -0.1011906 0.08881789 0.2211357 -0.09867894 0.09026134 0.2208747 -0.09622853 0.09169507 0.2203083 -0.1008277 0.08832752 0.2213103 -0.1013607 0.08792626 0.2213392 -0.1007902 0.08827805 0.2213405 -0.1012885 0.08783704 0.2213973 -0.1004503 0.0878421 0.2217571 -0.1009705 0.0874508 0.2217857 -0.1004244 0.08781015 0.2218025 -0.1008503 0.08730882 0.2220171 -0.1001874 0.08753466 0.2224007 -0.1007059 0.08714514 0.2224294 -0.1000792 0.08744788 0.2230958 -0.1006236 0.08706223 0.2228789 -0.1006064 0.0870524 0.2231251 -0.1059769 0.07908523 0.2183558 -0.1062448 0.07818263 0.2161345 -0.1063778 0.07783162 0.2135596 -0.1062572 0.07814091 0.2159762 -0.1058683 0.08021259 0.2070308 -0.1062363 0.07891958 0.2089717 -0.1063793 0.07809323 0.2112351 -0.1052747 0.08350068 0.2202461 -0.1049768 0.083211 0.2204698 -0.105146 0.0850858 0.2206286 -0.1038593 0.08640372 0.2210406 -0.1023507 0.08761155 0.2212125 -0.103548 0.08611571 0.2211395 -0.1047989 0.08482986 0.2206894 -0.1032541 0.08582508 0.2213397 -0.1044712 0.08455044 0.2208483 -0.1030052 0.08555608 0.2216369 -0.1041929 0.08426809 0.2211044 -0.1028236 0.08533209 0.2220105 -0.1039896 0.08400636 0.2214403 -0.1027214 0.08516925 0.2224274 -0.1038744 0.08378535 0.2218258 -0.1048863 0.08179908 0.2214993 -0.1046348 0.08265227 0.2211225 -0.1047587 0.08292037 0.220771 -0.1024757 0.08531278 0.2230215 -0.101359 0.08647018 0.2227796 -0.1014472 0.08657735 0.2223419 -0.1016049 0.08676183 0.2219372 -0.1018218 0.08701145 0.2216006 -0.1020784 0.08730363 0.2213564 -0.1038803 0.08351904 0.2224922 -0.1143393 -0.05724495 0.004472494 -0.1139714 -0.05769264 0.004487574 -0.1145704 -0.05668592 0.004435241 -0.1146237 -0.05608457 0.00437963 -0.1184229 -0.02227652 -0.05280953 -0.1183405 -0.02654904 -0.05075436 -0.1160462 0.03550297 -0.04396659 -0.1164095 0.03178703 -0.04689508 -0.1145866 -0.05770552 -3.54677e-4 -0.1144167 -0.05798661 -0.001532614 -0.1149521 -0.05755466 -0.005194664 -0.1148308 -0.05765336 -0.007390797 -0.1153035 -0.05699163 -0.01000362 -0.1152006 -0.0568009 -0.01280552 -0.1156411 -0.05602473 -0.0147475 -0.1155946 -0.05524289 -0.01874077 -0.115965 -0.05466395 -0.01939338 -0.1162749 -0.05292111 -0.02390986 -0.1159377 -0.05327337 -0.02400994 -0.1165698 -0.0508092 -0.02826637 -0.1161653 -0.0516054 -0.02755957 -0.1168481 -0.04834276 -0.03243309 -0.1165024 -0.04851198 -0.03289556 -0.1171076 -0.0455383 -0.03638148 -0.1167555 -0.04558902 -0.03698092 -0.1173457 -0.04241412 -0.04008346 -0.1170322 -0.04158562 -0.04158008 -0.1175593 -0.03899097 -0.04351258 -0.1172559 -0.03744423 -0.04546284 -0.1177453 -0.03529083 -0.04664325 -0.1174432 -0.03290396 -0.04894733 -0.1179006 -0.0313394 -0.0494523 -0.1180223 -0.02716344 -0.05191779 -0.1175972 -0.02766233 -0.05217075 -0.1176779 -0.02342677 -0.05425089 -0.1181071 -0.02279233 -0.05402058 -0.117689 -0.02263242 -0.05459403 -0.1181532 -0.01825731 -0.05574423 -0.1177325 -0.01734215 -0.05652928 -0.1181582 -0.01359122 -0.05707442 -0.1177326 -0.01347786 -0.05758166 -0.1177255 -0.01196146 -0.0579158 -0.1181211 -0.008828341 -0.05800074 -0.1176635 -0.006264269 -0.05879062 -0.1180415 -0.004003584 -0.05851501 -0.1175461 -5.23392e-4 -0.05908113 -0.1179195 8.46798e-4 -0.0586127 -0.1177559 0.005686581 -0.05829298 -0.1173716 0.005296647 -0.05877768 -0.1175519 0.01047968 -0.05755817 -0.1171393 0.01113647 -0.05785799 -0.1173101 0.01519042 -0.05641382 -0.116856 0.0168327 -0.05633646 -0.1170337 0.01978331 -0.05486875 -0.1165347 0.02221709 -0.05428189 -0.1167262 0.02422481 -0.052935 -0.1161625 0.02752953 -0.05159389 -0.1163919 0.02848255 -0.05062788 -0.1160353 0.03252583 -0.04796588 -0.115781 0.03225702 -0.04855942 -0.1156612 0.03632646 -0.04496949 -0.1153745 0.03668135 -0.04505658 -0.1152748 0.03985857 -0.04166221 -0.1149394 0.04085379 -0.04101192 -0.1148812 0.0430988 -0.03806942 -0.1147147 0.04281133 -0.03880184 -0.1144733 0.04477894 -0.03632867 -0.1144856 0.04602694 -0.03421813 -0.114325 0.04591727 -0.0347619 -0.1140395 0.04796636 -0.03163224 -0.1140931 0.04862415 -0.03013586 -0.1139175 0.0487861 -0.03024578 -0.114522 0.04753065 -0.02946341 -0.1149038 0.0449897 -0.03345543 -0.1152881 0.0421257 -0.03722125 -0.1156706 0.03895676 -0.04073375 -0.1180808 0.00555551 -0.05698537 -0.1178826 0.01023966 -0.05626773 -0.1176478 0.01484304 -0.05514985 -0.1173793 0.01933193 -0.0536403 -0.1170807 0.02367281 -0.05175083 -0.1167559 0.02783459 -0.04949659 -0.1183585 -0.003914177 -0.05720204 -0.1182399 8.25783e-4 -0.05729764 -0.118472 -0.01328366 -0.05579406 -0.1184359 -0.008629024 -0.05669939 -0.1184674 -0.01784414 -0.05449414 -0.1180716 -0.03449416 -0.0455988 -0.1182224 -0.030631 -0.04834467 -0.117683 -0.04145902 -0.03918576 -0.1178908 -0.03811144 -0.04253828 -0.1149966 -0.05641543 -3.39061e-4 -0.1153525 -0.05626744 -0.00507009 -0.1156947 -0.05571681 -0.009771704 -0.1160236 -0.05477076 -0.01441007 -0.1163391 -0.05343973 -0.01895338 -0.116641 -0.05173504 -0.02337002 -0.1169281 -0.0496692 -0.02763044 -0.117199 -0.04725664 -0.03170514 -0.1174515 -0.04451406 -0.03556609 -0.1149037 -0.05709654 -3.37839e-4 -0.1152646 -0.05694687 -0.005126774 -0.1156117 -0.05638957 -0.009885251 -0.1159452 -0.05543226 -0.01457947 -0.1162651 -0.05408555 -0.0191769 -0.1165712 -0.05236053 -0.02364635 -0.1168625 -0.05027014 -0.02795737 -0.1171373 -0.04782909 -0.03208065 -0.1173935 -0.04505378 -0.03598773 -0.1176284 -0.04196196 -0.03965073 -0.1178393 -0.03857439 -0.04304373 -0.1180229 -0.03491336 -0.0461412 -0.1181761 -0.03100341 -0.04892045 -0.118296 -0.02687162 -0.05135965 -0.1183797 -0.02254676 -0.05344003 -0.118425 -0.01805996 -0.05514526 -0.1184298 -0.01344352 -0.05646127 -0.1183932 -0.008731424 -0.05737763 -0.1183147 -0.003958225 -0.05788648 -0.1181943 8.40303e-4 -0.05798321 -0.1180327 0.005628407 -0.05766713 -0.1178315 0.01037055 -0.05694049 -0.117593 0.01503086 -0.05580872 -0.1173202 0.01957494 -0.05428045 -0.117017 0.02396935 -0.05236762 -0.1166872 0.02818197 -0.05008566 -0.1163354 0.03218275 -0.04745227 -0.1159663 0.03594344 -0.04448801 -0.1155851 0.03943896 -0.04121589 -0.1151967 0.04264575 -0.03766119 -0.1148064 0.04554373 -0.03385037 -0.1144191 0.04811447 -0.0298109 -0.1139205 0.05058121 -0.0257892 -0.1135848 0.05097007 -0.02599376 -0.1141289 0.0500999 -0.02555137 -0.114176 0.04958015 -0.02530789 -0.1062687 -0.01527398 -0.06629449 -0.1093818 -0.01254677 -0.06445568 -0.1088935 -0.01279878 -0.06478726 -0.1073912 -0.01388967 -0.06573206 -0.1069822 -0.01430624 -0.06595957 -0.1107807 -0.01202982 -0.06345891 -0.1123458 -0.01176744 -0.06227433 -0.1129152 -0.01175278 -0.06182599 -0.1145619 -0.01198655 -0.06046873 -0.1169074 -0.01367801 -0.05821079 -0.1167568 -0.01344054 -0.05838847 -0.1159026 -0.01260602 -0.0592646 -0.1151024 -0.01217484 -0.05999785 -0.117236 -0.01459425 -0.05771845 -0.117197 -0.01583153 -0.05742174 -0.1171853 -0.01588261 -0.05741721 -0.1133099 -0.01995486 -0.05934453 -0.1136791 -0.01977467 -0.05910164 -0.1154304 -0.01858091 -0.05805128 -0.1158294 -0.01819789 -0.0578444 -0.116616 -0.0172019 -0.05750334 -0.1076544 -0.02032953 -0.06380605 -0.1080197 -0.02047085 -0.06346815 -0.1097375 -0.02075111 -0.06199181 -0.1103174 -0.02073651 -0.06152629 -0.1117253 -0.02051311 -0.06045448 -0.1057279 -0.01662164 -0.06638681 -0.1056424 -0.01753461 -0.06621563 -0.1059299 -0.01873087 -0.06565809 -0.1066953 -0.01973038 -0.0647571 -0.1133257 0.05288934 -0.02141499 -0.1132632 0.05348289 -0.01981467 -0.1135204 0.05497294 -0.01325654 -0.1131182 0.05551981 -0.01342386 -0.1137036 0.05429697 -0.01305657 -0.1136281 0.05362051 -0.01286208 -0.1005 0.06794893 -0.01307845 -0.1005 0.06818038 -0.01185458 -0.1120714 0.062738 0.0199784 -0.1121741 0.06119275 0.01047366 -0.1127402 0.05965811 0.005399405 -0.1112979 0.06560695 0.03512394 -0.1111815 0.0652374 0.03084439 -0.1117436 0.06309139 0.01965051 -0.1130249 0.0585798 0.005649447 -0.1123728 0.06165927 0.02020686 -0.1116183 0.06452953 0.03533107 -0.111538 0.0650922 0.03522735 -0.1123024 0.0622211 0.02009201 -0.1129631 0.05914002 0.005523145 -0.1050841 0.07216799 0.04356098 -0.1005 0.07551908 0.0375303 -0.1051621 0.07214647 0.04331243 -0.1005 0.07548451 0.03790688 -0.1005 0.07544624 0.03802943 -0.08850002 0.08260363 0.3706849 -0.08850002 0.08276033 0.3698496 -0.08850002 0.08286964 0.3692539 -0.08818912 0.0829544 0.3698805 -0.08201718 0.08669328 0.3713437 -0.08203762 0.08686017 0.3705049 -0.104629 0.07786363 0.2648735 -0.1035725 0.07700699 0.2899354 -0.1022408 0.08099341 0.2892894 -0.1042386 0.08072972 0.2544628 -0.1050292 0.07805186 0.2544598 -0.09715294 0.08510828 0.3077101 -0.0980556 0.08604049 0.2893242 -0.0995863 0.08467954 0.2893329 -0.09832274 0.08630329 0.2830961 -0.09841591 0.08639299 0.2808121 -0.1010505 0.08294177 0.2893219 -0.1029386 0.08325731 0.254445 -0.1011855 0.08549439 0.2544065 -0.09930324 0.08716946 0.2543563 -0.09618765 0.08407068 0.3242346 -0.09692662 0.08486771 0.3118253 -0.09799611 0.08270603 0.3224317 -0.09995281 0.08062273 0.3199046 -0.1015032 0.07809454 0.3171446 -0.1023999 0.07559496 0.3146961 -0.08850002 0.0875824 0.341134 0.005499899 0.02422976 0.3880975 0.005499899 0.01699239 0.3851309 0.005499899 0.02032428 0.3407053 0.005499899 0.0279231 0.3388514 0.005499899 0.03962832 0.3868286 0.005499899 0.0320295 0.3886825 0.005499899 0.01102614 0.380073 0.005499899 0.006914794 0.373419 0.005499899 0.005060791 0.3658202 0.005499899 0.005645871 0.3580203 0.005499899 0.008612513 0.3507831 0.005499899 0.01367038 0.3448167 0.005499899 0.03572309 0.3394364 0.005499899 0.04296022 0.3424031 0.005499899 0.04628247 0.3827172 0.005499899 0.04892671 0.3474609 0.005499899 0.05303806 0.354115 0.005499899 0.054892 0.3617138 0.005499899 0.05430698 0.3695136 0.005499899 0.05134034 0.3767509 -0.04768168 -0.03685039 0.3542582 -0.04758667 -0.03728777 0.3581305 -0.047522 -0.03745621 0.3607534 -0.04751873 -0.03746193 0.3608865 -0.04742848 -0.03751903 0.3645336 -0.04736042 -0.03743219 0.3672768 -0.0472694 -0.03714227 0.3709297 -0.04719835 -0.0367785 0.3737674 -0.04711043 -0.03616082 0.377261 -0.04687875 -0.03361272 0.3864086 -0.04695338 -0.03458344 0.383471 -0.04705142 -0.03564 0.3796013 -0.04682338 -0.03279834 0.3885773 -0.0467996 -0.0324245 0.3895031 -0.0467242 -0.03113031 0.3924412 -0.04665035 -0.02970361 0.395303 -0.04660481 -0.02873873 0.3970651 -0.04650712 -0.02644515 0.4008189 -0.04640012 -0.02354574 0.4048963 -0.0463711 -0.02267873 0.4060006 -0.04629898 -0.02037721 0.4087196 -0.04624336 -0.01843822 0.4108015 -0.04621315 -0.01731544 0.4119303 -0.04612553 -0.01376205 0.4151788 -0.0460475 -0.01017338 0.4180278 -0.04601824 -0.008692681 0.4190928 -0.04592245 -0.003275454 0.4225084 -0.04583925 0.002440512 0.4253951 -0.04579252 0.006275475 0.4269692 -0.04576945 0.008403778 0.4277269 -0.04571336 0.01456058 0.4294831 -0.04567164 0.02085584 0.4306479 -0.04565417 0.02453064 0.431047 -0.04564464 0.02723217 0.4312112 -0.04563438 0.03187412 0.4312403 -0.04563266 0.03363281 0.4311679 -0.0456357 0.04000008 0.4305186 -0.04564309 0.0431993 0.4299591 -0.04565382 0.04627645 0.4292693 -0.0456869 0.05240613 0.4274314 -0.04572403 0.05718201 0.4255416 -0.04573452 0.05833375 0.4250215 -0.04575973 0.0608524 0.4237913 -0.04579627 0.06400597 0.4220614 -0.04587167 0.06937235 0.4185777 -0.04595983 0.07438439 0.4146018 -0.04599577 0.07614284 0.4130104 -0.04606032 0.07899725 0.4101696 -0.0461719 0.08316981 0.4053207 -0.04629367 0.08686435 0.4000989 -0.04633277 0.08789277 0.3984361 -0.0464245 0.09004795 0.394551 -0.0465635 0.09269213 0.3887267 -0.04670906 0.09477299 0.3826786 -0.04686003 0.09627258 0.3764583 -0.08850002 -0.019468 0.319217 -0.08850002 -0.02008903 0.3292024 -0.08850002 -0.01943689 0.3185198 -0.08850002 -0.0154196 0.3144902 -0.08850002 -0.005138874 0.3067064 -0.08850002 0.006442368 0.3010362 -0.08850002 0.01889544 0.2976896 -0.08850002 0.0317592 0.2967907 -0.08850002 0.04455661 0.2983727 -0.08850002 0.05681425 0.302377 -0.08850002 0.06807762 0.3086553 -0.08850002 0.07792961 0.3169749 -0.08850002 0.08600538 0.3270279 -0.08850002 0.08892065 0.3319144 -0.1027085 -0.0038625 0.3059403 -0.1023705 -0.005151033 0.3067142 -0.1018904 -0.006501555 0.3075678 -0.100542 -0.009127795 0.3093625 -0.09872955 -0.01150357 0.3111514 -0.09642231 -0.01359772 0.3128722 -0.09613615 -0.01380741 0.3130525 -0.09349411 -0.01571816 0.314767 -0.104665 0.006440639 0.3010368 -0.1038469 0.001747429 0.3030037 -0.1029132 -0.002914488 0.3053959 -0.1063326 0.01979947 0.2975441 -0.1062504 0.01889431 0.2976896 -0.1056851 0.0136429 0.2987883 -0.1048513 0.007618427 0.3006073 -0.1067772 0.02601939 0.296884 -0.1070094 0.03217542 0.2968028 -0.1070332 0.03836536 0.2972941 -0.1068487 0.0444495 0.2983487 -0.1064598 0.05046063 0.2999749 -0.1058785 0.05630797 0.3021581 -0.1040621 0.06807857 0.3086558 -0.1041985 0.06736415 0.3081688 -0.1051169 0.06196928 0.3048985 -0.1058184 0.05681484 0.3023773 -0.1031443 0.072465 0.3119618 -0.09119635 0.08725297 0.3290049 -0.1027877 -0.003780484 0.3043565 -0.101978 -0.006528735 0.304178 -0.1006295 -0.009117007 0.3039808 -0.09880363 -0.01139307 0.3037756 -0.09661489 -0.01323932 0.3035739 -0.0826646 -0.02640193 0.3545287 -0.08850002 -0.02228176 0.3551813 -0.08850002 -0.02140522 0.3467444 -0.1034314 -0.003288388 0.2907264 -0.1026109 -0.006052434 0.290625 -0.1012461 -0.008654177 0.290503 -0.09940022 -0.01093888 0.2903667 -0.0971899 -0.01278758 0.2902242 -0.1003597 -0.01642537 0.1914563 -0.1064132 -0.005212247 0.2106665 -0.098311 -0.0127483 0.2593007 -0.1053697 -0.003558576 0.2425898 -0.1039226 -0.005891919 0.2594317 -0.1050623 -0.003318548 0.2510046 -0.1047412 -0.003160059 0.2594284 -0.1041499 -0.003079295 0.2741038 -0.1006 -0.01088285 0.2593662 -0.102513 -0.008555054 0.2594109 -0.09463292 -0.01809751 0.2168093 -0.09624451 -0.01725345 0.215946 -0.09588819 -0.0171653 0.2154428 -0.09494662 -0.01765608 0.2152194 -0.0939942 -0.01822924 0.2159181 -0.09424418 -0.01810234 0.2163228 -0.09493201 -0.01661008 0.2290254 -0.09599381 -0.01587009 0.229573 -0.09604221 -0.0158528 0.229443 -0.09624314 -0.01569795 0.2296851 -0.09805995 -0.01453191 0.2299515 -0.09193402 -0.0188176 0.226235 -0.09182703 -0.01887363 0.2263458 -0.09439986 -0.0171082 0.2280893 -0.0923233 -0.01849645 0.2269549 -0.0940023 -0.01726919 0.2284343 -0.09105461 -0.0198642 0.2212785 -0.09057259 -0.0199241 0.2235565 -0.09096288 -0.01980495 0.2228041 -0.09115409 -0.01940619 0.2252523 -0.09134989 -0.01945912 0.2242582 -0.09239786 -0.0187112 0.2258332 -0.09112858 -0.01986438 0.2194268 -0.09089654 -0.01997762 0.2199789 -0.09166079 -0.01961386 0.2197337 -0.09085994 -0.01999449 0.2200786 -0.09048271 -0.02011996 0.221762 -0.09334141 -0.01861739 0.2164806 -0.09271657 -0.01897579 0.217487 -0.09314936 -0.0188694 0.217922 -0.09832441 -0.01616638 0.2151542 -0.09799623 -0.01597738 0.2146599 -0.09831714 -0.01559346 0.2134958 -0.0977388 -0.01595366 0.2140933 -0.09864139 -0.01493161 0.2289436 -0.096668 -0.01606231 0.2284045 -0.0947858 -0.01718664 0.2276069 -0.09831541 -0.0146566 0.2293974 -0.09631741 -0.01587712 0.2288849 -0.09174066 -0.01953834 0.2183406 -0.09560811 -0.01725471 0.2148005 -0.09557825 -0.01727288 0.2148185 -0.09560829 -0.01724886 0.2148929 -0.09414172 -0.01716965 0.2285309 -0.102827 -0.01618897 0.1800534 -0.1044848 -0.01652222 0.170042 -0.1045086 -0.01653116 0.1698809 -0.1077856 -0.017183 0.1271725 -0.1077177 -0.01702725 0.1291512 -0.1077679 -0.0139231 0.1417686 -0.1070427 -0.01619774 0.1425039 -0.1077646 -0.0137887 0.1424292 -0.1077279 -0.01271939 0.1478978 -0.1066132 -0.01595091 0.1484873 -0.1065477 -0.01592296 0.1493123 -0.1076231 -0.01096785 0.1578568 -0.1058908 -0.01573544 0.15669 -0.108539 0.007032275 0.2099092 -0.1071865 -0.00126791 0.2102717 -0.1059885 -3.26868e-4 0.2425844 -0.105938 0.06674122 0.2770345 -0.1066132 0.07515436 0.2242265 -0.1059873 0.07549279 0.2418984 -0.1097099 0.05879372 0.07847911 -0.1082871 0.06806582 0.09360617 -0.1088471 0.06009733 0.06011062 -0.112393 0.002684116 0.08495771 -0.1118412 -0.002969682 0.08494812 -0.1120859 7.77109e-4 0.08992475 -0.1109781 -0.009919166 0.08441931 -0.1090283 -0.007657051 0.1409432 -0.1083 -0.003953516 0.1730384 -0.108274 -0.0188784 0.1101003 -0.1099342 -0.01678168 0.08332705 -0.1088141 -0.02309614 0.08180195 -0.109538 -0.012636 0.1090101 -0.1084764 -0.01999288 0.1013557 -0.1127811 0.03398424 0.08339166 -0.1131605 0.0244295 0.0814138 -0.1131198 0.02567106 0.08503168 -0.1131637 0.01772534 0.08313131 -0.1131161 0.01734769 0.08667069 -0.1131457 0.01674813 0.08333373 -0.1127709 0.00904721 0.08830219 -0.1129439 0.01091367 0.0842964 -0.1124979 0.003955662 0.08490806 -0.1100102 0.05487442 0.06491386 -0.1110201 0.04930973 0.06923556 -0.111073 0.05057817 0.08010888 -0.1118537 0.04345607 0.07305181 -0.1120975 0.04230684 0.08174675 -0.1124976 0.03732854 0.07636493 -0.1129361 0.03098076 0.07915294 -0.1071853 0.07446426 0.2065667 -0.1074254 0.07493853 0.1242481 -0.1086902 0.06967836 0.14829 -0.1073242 0.07653796 0.1548703 -0.1082988 0.07152819 0.1658547 -0.107193 0.07705199 0.1677306 -0.1078528 0.0730279 0.183448 -0.1069283 0.07760828 0.1855183 -0.1073523 0.07417774 0.2010725 -0.1030457 0.07345867 0.3106825 -0.1045763 0.07511466 0.2772312 -0.1053082 0.0754795 0.2595679 -0.1053092 0.07813835 0.2467285 -0.1076444 0.04983121 0.2765904 -0.1076342 0.02442735 0.2758079 -0.10695 0.0160045 0.2755179 -0.1045775 -6.72216e-4 0.2748981 -0.1100174 0.03292775 0.2255704 -0.1090461 0.02478873 0.2424751 -0.1093911 0.03324782 0.2424119 -0.1083665 0.02477401 0.2591446 -0.1087115 0.03323251 0.2592508 -0.1079791 0.03288215 0.2760837 -0.110422 0.0489301 0.2025606 -0.1105934 0.04074525 0.2083262 -0.1102549 0.04920816 0.2079012 -0.1100211 0.04140728 0.225325 -0.1096826 0.0498768 0.2250676 -0.1093948 0.04173082 0.2423353 -0.1090563 0.05020374 0.2422456 -0.1087152 0.04171532 0.2593432 -0.1083768 0.05018842 0.2594211 -0.1079828 0.04136139 0.2763448 -0.1106742 0.01266485 0.1715159 -0.110228 0.01406419 0.1879445 -0.1113588 0.02105635 0.1707343 -0.1109126 0.02246963 0.1873322 -0.1117041 0.02947843 0.1699414 -0.1112578 0.03090602 0.1867081 -0.1117078 0.03792351 0.1691377 -0.1112615 0.03936535 0.1860727 -0.1113691 0.04635787 0.1683266 -0.1096615 0.0631935 0.1666818 -0.1102395 0.05627244 0.1847738 -0.1092154 0.06467878 0.1841135 -0.1097387 0.05739969 0.2020722 -0.1087146 0.06581723 0.2015761 -0.1095716 0.05768036 0.2074648 -0.1085477 0.06610089 0.2070198 -0.1089993 0.0583561 0.2247977 -0.1079755 0.06678372 0.2245173 -0.1083731 0.05868673 0.2421424 -0.1073494 0.0671181 0.2420267 -0.1076937 0.05867177 0.2594848 -0.1066701 0.0671038 0.2595337 -0.1069615 0.0583117 0.2768209 -0.1119128 0.003803074 0.1061401 -0.1116852 0.006506383 0.1224161 -0.1125977 0.01210427 0.1046847 -0.11237 0.01483511 0.1211284 -0.112943 0.02043575 0.1032198 -0.1127153 0.02319443 0.1198309 -0.1129467 0.02879011 0.1017467 -0.1127189 0.03157645 0.1185244 -0.1126079 0.03713411 0.1002715 -0.1123802 0.03994792 0.1172146 -0.1119243 0.0454874 0.0987904 -0.1116966 0.04832869 0.1158978 -0.1108999 0.05378913 0.09731429 -0.1106723 0.05665791 0.1145842 -0.1095369 0.06203466 0.09584408 -0.1093093 0.06493037 0.113274 -0.1073408 0.0079813 0.2425613 -0.1059293 0.00763005 0.2752143 -0.1076823 0.01634699 0.2590244 -0.1073535 -0.001529932 0.2052469 -0.1087059 0.00676769 0.2048317 -0.1097272 0.01513648 0.2044022 -0.1095602 0.01540362 0.2095326 -0.1104118 0.02355283 0.2039595 -0.1102447 0.0238226 0.2091428 -0.1107569 0.03199976 0.2035045 -0.1096528 0.004320323 0.1722847 -0.1089879 0.0160467 0.2260231 -0.1103813 5.79094e-4 0.1398521 -0.1110658 0.01093834 0.1551139 -0.1117506 0.0193125 0.1541634 -0.1120957 0.02771699 0.1532018 -0.1120995 0.03614425 0.1522302 -0.1117608 0.04456108 0.1512525 -0.1110773 0.05298709 0.1502662 -0.1108912 -0.004451513 0.1075832 -0.1114028 0.008885502 0.1387453 -0.1120876 0.01723855 0.1376259 -0.1124329 0.02562206 0.1364961 -0.1124366 0.03402853 0.135357 -0.1120979 0.04242438 0.1342129 -0.1114143 0.05082941 0.1330612 -0.11039 0.05918258 0.1319103 -0.1083617 0.01636105 0.2425249 -0.1096723 0.0244717 0.2258033 -0.1105898 0.03227216 0.2087405 -0.1107606 0.04047024 0.2030376 -0.1109229 0.04781419 0.1854284 -0.1106857 0.05480176 0.167506 -0.110053 0.06136125 0.1492785 -0.1090271 0.06747889 0.1307608 -0.1107608 -0.01145386 0.08422476 -0.1005 -0.05031406 0.05654221 -0.1005 -0.05104112 0.05476438 -0.1005 -0.05684453 0.0412929 -0.1005 -0.06105899 0.03218257 -0.1005 -0.0620619 0.03006941 -0.1005 -0.06604003 0.02003449 -0.1005 -0.06488448 0.02334195 -0.1135245 -0.05705279 0.009288012 -0.1005 -0.06855207 0.01062572 -0.1005 -0.06802141 0.01301419 -0.1005 0.07357126 0.02192628 -0.1005 0.07596439 0.03813672 -0.1005 -0.04385459 0.07281327 -0.1005 -0.03839033 0.07583647 -0.1005 -0.02527153 0.08115625 -0.1005 -0.01145178 0.08422499 -0.1005 0.002685666 0.08495754 -0.1005 0.01674854 0.08333355 -0.1005 0.03034693 0.07939803 -0.1005 0.04310375 0.07326024 -0.1005 0.05466479 0.06509035 -0.1005 0.06470954 0.05511504 -0.1005 0.07295948 0.04361093 -0.109985 0.07441562 0.08898609 -0.1106539 0.07188302 0.07287085 -0.1082315 0.07894319 0.123403 -0.1084436 0.07849884 0.1196058 -0.1096428 0.0754863 0.09638136 -0.109852 0.06399351 0.05594485 -0.1100871 0.06471389 0.05510991 -0.1113681 0.06797885 0.05102813 -0.10691 0.08107101 0.1416347 -0.1057184 0.08063608 0.1510979 -0.1054947 0.08272469 0.1550779 -0.104367 0.08301866 0.1627683 -0.1039613 0.08420771 0.1660954 -0.1028397 0.08495587 0.1724694 -0.1022322 0.08568567 0.1757092 -0.100905 0.08674263 0.1815968 -0.1074252 0.07493966 0.1242532 -0.107418 0.07498586 0.1244654 -0.1073639 0.07531404 0.1259748 -0.1068986 0.07741838 0.13576 -0.106566 0.07920444 0.1676355 -0.104342 0.08317255 0.1674461 -0.1056055 0.08127343 0.1675394 -0.09788614 0.08941656 0.2217143 -0.09826481 0.08977967 0.221175 -0.09680014 0.08982056 0.2225763 -0.0950976 0.09107035 0.2220311 -0.09762704 0.08926159 0.2224035 -0.08956092 0.09521293 0.2178243 -0.09071838 0.09435051 0.2189888 -0.09029668 0.09465616 0.218788 -0.09888744 0.08848643 0.204551 -0.09505629 0.09115988 0.2050272 -0.09713393 0.08965992 0.2043752 -0.09719514 0.08964496 0.204671 -0.09717375 0.08963143 0.2043656 -0.09880292 0.08846765 0.2040547 -0.08921658 0.09547686 0.2097684 -0.09050565 0.09451019 0.2080162 -0.09041619 0.09458374 0.2083081 -0.09212905 0.09330433 0.2065978 -0.08881807 0.09587639 0.2122681 -0.08847576 0.09603661 0.2115628 -0.08869683 0.09596115 0.2139595 -0.08821338 0.09623593 0.2134414 -0.08909326 0.09568548 0.2156253 -0.08843809 0.09606534 0.2153168 -0.08906829 0.09558659 0.2169831 -0.09011942 0.09498178 0.2173399 -0.08940088 0.09533423 0.2175741 -0.09194892 0.09341239 0.2203125 -0.09199374 0.09342426 0.2198994 -0.09365504 0.09225171 0.2207186 -0.09413576 0.09178167 0.2216193 -0.09755754 0.08926838 0.2227539 -0.09471172 0.09141039 0.2051672 -0.0953415 0.09115046 0.2057698 -0.09745424 0.08977025 0.2053663 -0.09913879 0.08870381 0.205226 -0.09092479 0.09444797 0.2088456 -0.09180015 0.09358423 0.2072541 -0.0922653 0.09357029 0.2078453 -0.09328967 0.09254062 0.206472 -0.09372127 0.09263879 0.2070805 -0.09574133 0.09137892 0.2063648 -0.09783291 0.09010994 0.2059206 -0.09950673 0.08911848 0.2057348 -0.08942109 0.09546023 0.2107042 -0.09438747 0.09164667 0.2053083 -0.09121769 0.0942434 0.2184363 -0.09245592 0.09342676 0.2193056 -0.09408253 0.09237653 0.2201122 -0.09578913 0.09129971 0.2206882 -0.09538692 0.09106636 0.2212797 -0.09467381 0.09138327 0.2218599 -0.09936875 0.08721661 0.2519082 -0.1005 0.06187582 -0.0321151 -0.1005 0.06095492 -0.03404891 -0.1005 0.05780822 -0.03971797 -0.1005 0.05577296 -0.04282075 -0.1005 0.05415058 -0.04505735 -0.1005 0.05001437 -0.05002152 -0.1005 0.04543644 -0.05456876 -0.1005 0.04045474 -0.05866199 -0.1005 0.03511118 -0.0622676 -0.1005 0.02945148 -0.06535482 -0.1005 0.02352488 -0.06789708 -0.1005 -0.008262872 -0.07183033 -0.1005 0.0173819 -0.06987237 -0.1005 0.01107728 -0.07126313 -0.1005 0.004663527 -0.0720573 -0.1005 -0.001802504 -0.0722472 -0.1005 -0.03291529 -0.06423979 -0.1005 -0.03850615 -0.06094449 -0.1005 -0.04158729 -0.05880826 -0.1005 -0.04663467 -0.05472636 -0.1005 -0.05128562 -0.0501855 -0.1005 -0.05549228 -0.04523009 -0.1005 -0.05921876 -0.0399037 -0.1005 -0.06243288 -0.03425139 -0.1005 -0.06510132 -0.02833187 -0.1005 -0.06558126 -0.02708423 -0.1005 -0.06747394 -0.02124089 -0.1005 -0.06890016 -0.01492154 -0.1005 -0.06972479 -0.008502244 -0.1005 -0.06993955 -0.002065718 -0.1005 -0.06954556 0.004334211 -0.1005 -0.02704137 -0.0669983 -0.1005 -0.02093935 -0.06919437 -0.1005 -0.01638209 -0.07042902 -0.1005 -0.01466101 -0.07080984 -0.1130303 0.05466204 -0.01678991 -0.1005 0.06607365 -0.02082401 -0.1005 0.06453478 -0.02556931 -0.1005 0.06779754 -0.01384413 -0.1005 0.07299447 0.01776313 -0.1005 0.07166409 0.008761584 -0.08345603 0.09545028 0.3125399 -0.08326834 0.09464561 0.3201819 -0.08274281 0.09185934 0.3416268 -0.08345657 0.09545242 0.3125184 -0.08408105 0.09742057 0.2871478 -0.08489984 0.0983771 0.2540152 -0.09205043 0.09270751 0.2541844 -0.0820381 0.08686417 0.3704848 -0.08246427 0.09005981 0.3530178 -0.04700148 0.09712147 0.3706803 -0.05579525 0.09467649 0.3706445 -0.04697048 0.09697943 0.3719429 -0.06456643 0.09215182 0.3706 -0.01450002 0.05430698 0.3695136 -0.01450002 0.05134034 0.3767509 -0.01450002 0.04628247 0.3827172 -0.01450002 0.03962832 0.3868286 -0.01450002 0.0320295 0.3886825 -0.01450002 0.02422976 0.3880975 -0.01450002 0.01699239 0.3851309 -0.01450002 0.01102614 0.380073 -0.01450002 0.006914794 0.373419 -0.01450002 0.005060791 0.3658202 -0.01450002 0.005645871 0.3580203 -0.01450002 0.008612513 0.3507831 -0.01450002 0.01367038 0.3448167 -0.01450002 0.02032428 0.3407053 -0.01450002 0.0279231 0.3388514 -0.01450002 0.03572309 0.3394364 -0.01450002 0.04296022 0.3424031 -0.01450002 0.04892671 0.3474609 -0.01450002 0.05303806 0.354115 -0.01450002 0.054892 0.3617138 -0.01450002 0.02882522 0.4357578 -0.01450002 0.03588944 0.4355238 -0.0205 0.03593063 0.4360221 -0.02050858 0.02883183 0.4362579 -0.02052432 0.02401787 0.4360217 -0.01450002 0.02177184 0.435298 -0.02053451 0.02174419 0.4357981 -0.01450002 0.01479768 0.4341489 -0.02057737 0.01473546 0.4346469 -0.01450002 0.007969975 0.4323214 -0.02063667 0.007873058 0.4328154 -0.02067542 0.004249811 0.4315489 -0.01450002 0.001354277 0.4298334 -0.02071195 0.00122267 0.4303213 -0.01450002 -0.004985213 0.4267088 -0.02080273 -0.00515151 0.4271883 -0.01450002 -0.01098769 0.4229778 -0.0209077 -0.01118862 0.4234467 -0.02095371 -0.0135039 0.4217816 -0.01450002 -0.01659542 0.4186765 -0.02102613 -0.01683086 0.4191324 -0.01450002 -0.0217539 0.4138465 -0.02115666 -0.02202355 0.4142866 -0.01450002 -0.02641373 0.4085345 -0.02129828 -0.02671748 0.4089559 -0.02133697 -0.02785289 0.4074935 -0.01450002 -0.03053009 0.4027919 -0.02144968 -0.03086704 0.4031916 -0.02155864 -0.03338629 0.3990005 -0.01450002 -0.03406327 0.3966743 -0.021609 -0.03443276 0.3970489 -0.01450002 -0.03697967 0.390241 -0.02177524 -0.03738027 0.3905867 -0.01450002 -0.03925102 0.3835542 -0.02229726 -0.04226219 0.3699157 -0.01450002 -0.04178029 0.3696801 -0.02212095 -0.04131388 0.3769547 -0.01450002 -0.04085636 0.3766784 -0.0220409 -0.04065257 0.3801313 -0.02194631 -0.03968149 0.3838672 -0.02063971 0.06336969 0.4281187 -0.0353403 -0.03840804 0.3484506 -0.02284634 -0.04070305 0.3476226 -0.02278608 -0.04122292 0.3500967 -0.02257442 -0.04234868 0.3587348 -0.02254295 -0.04242616 0.360013 -0.04780244 -0.03595787 0.3493131 -0.02262532 -0.04217445 0.3566626 -0.02246195 -0.04252195 0.3632879 -0.0205121 0.04425483 0.434847 -0.02055883 0.05404973 0.4321536 -0.02075332 0.07203173 0.4228228 -0.02089709 0.07986789 0.4163701 -0.02126365 0.09246206 0.4005337 -0.02106845 0.08672171 0.4088915 -0.02147912 0.09697818 0.391462 -0.02171069 0.1001839 0.3818548 -0.02195364 0.1020191 0.3718978 -0.06530725 -0.03120058 0.3507818 -0.08271884 -0.02613264 0.3523163 -0.08393424 -0.02230477 0.3029391 -0.08375215 -0.02261263 0.3103144 -0.08329719 -0.02378857 0.3287788 -0.08297729 -0.02496641 0.3417877 -0.084261 -0.02193665 0.2897195 -0.08613431 -0.02370089 0.2142428 -0.08639401 -0.02446258 0.2038241 -0.08676004 -0.0257495 0.1891533 -0.08550888 -0.02238196 0.239381 -0.08557307 -0.02248358 0.2367989 -0.08475309 -0.02176296 0.2698404 -0.08488428 -0.02179372 0.2645471 -0.02350002 -0.001693487 0.1255632 -0.02350002 -0.004108667 0.1253407 -0.02350002 -0.006794929 0.1239264 -0.02350002 -0.003746688 0.1006476 -0.02350002 0.02222532 0.1235921 -0.02350002 0.02017205 0.09867662 -0.02350002 -0.01014804 0.108199 -0.02350002 -0.009925603 0.1057838 -0.02350002 -0.008511364 0.1030974 -0.02350002 0.02258718 0.09889924 -0.02350002 0.02527356 0.1003134 -0.02350002 -0.008629858 0.1215079 -0.02350002 -0.00924474 0.1191618 -0.02350002 -0.006092846 0.1012626 -0.02350002 0.02862668 0.116041 -0.02350002 0.02840423 0.1184561 -0.02350002 0.02698987 0.1211423 -0.02350002 0.02710849 0.102732 -0.02350002 0.02772343 0.1050781 -0.02350002 0.02457135 0.1229773 -0.0872156 -0.02769947 0.1709254 -0.1087897 -0.0220251 0.1275961 -0.108364 -0.02083218 0.133943 -0.1073677 -0.01892286 0.1459059 -0.1060415 -0.017425 0.1583727 -0.1067949 -0.01816862 0.1516489 -0.1099346 -0.0287435 0.07999253 -0.1115297 -0.034415 0.07772123 -0.1107426 -0.02993875 0.09359806 -0.109192 -0.02528077 0.08115339 -0.1097905 -0.02562844 0.1108464 -0.1102652 -0.02765369 0.1024453 -0.1041943 0.07319194 0.04322052 -0.1084011 0.07010823 0.04806119 -0.1055057 -0.0393489 0.07534372 -0.09071522 -0.0700854 0.03314787 -0.0906794 -0.06936788 0.03453356 -0.1005 -0.06199961 0.02919363 -0.09897613 -0.06256508 0.03124201 -0.1005 -0.06134808 0.03065419 -0.1004998 -0.06829512 -0.01642411 -0.1005 -0.06869345 -0.01381766 -0.1004999 -0.06925654 -0.007337749 -0.1004997 -0.06924664 -0.001061141 -0.1005 -0.0675401 -0.02017164 -0.1005002 -0.06582999 -0.02625787 -0.1004994 -0.05044406 0.05584532 -0.1004998 -0.05754715 0.03912883 -0.1005 -0.06894588 0.003134012 -0.1004998 -0.06864529 0.005721986 -0.1005 -0.06739151 0.0127176 -0.1005 -0.06733584 0.01296293 -0.1005 -0.06536632 0.02022624 -0.1004998 -0.06456619 0.02264755 -0.1005 -0.06203037 -0.03534013 -0.1005001 -0.06267386 -0.03404289 -0.1005001 -0.05226302 -0.04947459 -0.1005 -0.05626076 -0.04462409 -0.1005 -0.05978733 -0.03937649 -0.1005 -0.04229336 -0.05838775 -0.1005 -0.04323112 -0.0576964 -0.1005001 -0.0478205 -0.05390793 -0.1005002 -0.05011034 -0.05173015 -0.09549391 0.07423567 -0.01182627 -0.09951341 0.06901645 -0.01097589 -0.1001903 0.07390439 0.02196586 -0.0954172 0.07890188 0.02122014 -0.09071487 0.083965 0.02046805 -0.09154516 0.07950758 -0.01268249 -0.08577239 0.09809255 0.2188166 -0.0998044 0.08762216 0.1877921 -0.08655905 0.09726566 0.187129 -0.08655756 0.09726774 0.1871904 -0.1003484 0.08631151 0.1545343 -0.1006686 0.08428382 0.121306 -0.1007559 0.08153945 0.08812379 -0.1006003 0.07807928 0.05500471 -0.1060644 0.07332408 0.05565035 -0.1005 0.06982433 -8.16882e-5 -0.1005 0.06775707 -0.01077032 -0.08905255 0.09108567 0.08698332 -0.09010189 0.08687031 0.04497259 -0.0907129 0.08397483 0.02054661 -0.0873875 0.0958119 0.1538069 -0.08721572 0.09616243 0.1607125 -0.08738988 0.09580689 0.1537119 -0.08821809 0.09375524 0.1204475 -0.08865934 0.0924189 0.102746 -0.08904927 0.09109741 0.08711528 -0.1005 0.05665892 -0.04085403 -0.1004996 0.0600335 -0.03480726 -0.1005 0.05305248 -0.04608398 -0.1005003 0.04893249 -0.05098021 -0.1004998 0.04484856 -0.05499386 -0.1005 0.06667917 -0.01586377 -0.1005 0.06559652 -0.02015388 -0.1004999 0.06508022 -0.02193117 -0.1005 0.06266003 -0.02889698 -0.1005004 0.0402804 -0.05871289 -0.1005 0.03556424 -0.06186473 -0.1005 0.03381907 -0.06288009 -0.1005 0.03057003 -0.06459391 -0.1005 0.02460926 -0.06719505 -0.1005 0.01848834 -0.06921005 -0.1005 0.01213198 -0.0706669 -0.1005 -0.02049046 -0.06898957 -0.1005 -0.02684575 -0.06683343 -0.1005 -0.03186482 -0.06463068 -0.1005 -0.03282827 -0.06415313 -0.1004997 -0.01404148 -0.070526 -0.1004995 -0.00751096 -0.07146346 -0.1004997 -9.37646e-4 -0.07180047 -0.1005 0.005618453 -0.07153552 -0.05633419 0.08298176 -0.004893839 -0.05656087 0.08133059 -0.01390308 -0.07406187 0.08056986 -0.01332074 -0.05608844 0.08470237 0.004884839 -0.05558055 0.08802634 0.02511554 -0.0557298 0.08708202 0.01916795 -0.0732358 0.08568024 0.01983314 -0.05584394 0.0863415 0.0146203 -0.0523948 0.1017856 0.1525779 -0.07074898 0.09671235 0.1197603 -0.06825494 0.1012799 0.2201297 -0.05189275 0.1028423 0.1727567 -0.05156093 0.1033745 0.1861079 -0.05117565 0.1038262 0.2016296 -0.0507282 0.1041257 0.219667 -0.05066484 0.1041487 0.222223 -0.05510854 0.09083497 0.0439347 -0.07240813 0.09007471 0.05307281 -0.05489712 0.09200602 0.05237233 -0.05312258 0.09971654 0.123372 -0.05322927 0.0993601 0.1190982 -0.07157909 0.09375238 0.08638596 -0.05375486 0.09740322 0.09804153 -0.05435246 0.09477561 0.07413572 -0.0674234 0.1013633 0.2536277 -0.04989671 0.1040391 0.2532344 -0.05650347 0.09794414 0.3414474 -0.04781562 0.1001182 0.3375678 -0.04810321 0.1009783 0.325889 -0.04829972 0.101507 0.3179072 -0.06562244 0.09753334 0.3269087 -0.06597894 0.09881454 0.3122856 -0.04715085 0.09773433 0.3645956 -0.04735958 0.0985431 0.3561056 -0.04772472 0.0998249 0.3412636 -0.06491601 0.09420138 0.3560708 -0.06526809 0.09599542 0.3415055 -0.04942446 0.1036157 0.2723314 -0.06669777 0.1006047 0.2829798 -0.0484445 0.1018656 0.3120331 -0.0485028 0.1020024 0.309674 -0.04921114 0.1033349 0.2809714 -0.03450947 0.09971773 0.3706435 -0.02198565 0.1021553 0.3705894 -0.01450002 0.065324 0.4264929 -0.01450002 0.09714961 0.3896853 -0.01450002 0.1015424 0.3716611 -0.01450002 0.1005982 0.377787 -0.01450002 0.09913045 0.3838101 -0.01450002 0.08829307 0.4059945 -0.01450002 0.09171086 0.4008191 -0.01450002 0.09467035 0.3953691 -0.01450002 0.07059228 0.4232174 -0.01450002 0.0755589 0.4195006 -0.01450002 0.08018702 0.4153702 -0.01450002 0.08444231 0.410857 -0.01450002 0.04204457 0.4347484 -0.01450002 0.04811012 0.433446 -0.01450002 0.05404096 0.4316263 -0.01450002 0.05979323 0.4293029 -0.01450002 0.03487402 0.2919337 -0.01450002 0.09990698 0.3466287 -0.01450002 0.09111827 0.3257449 -0.01450002 0.09633815 0.3358363 -0.01450002 0.07629179 0.3086408 -0.01450002 0.08437967 0.3166046 -0.01450002 0.04608821 0.2935929 -0.01450002 0.05690521 0.2969924 -0.01450002 0.06705701 0.3020496 -0.01450002 0.01236397 0.2939543 -0.01450002 0.0235393 0.2920553 -0.01450002 -0.008415281 0.3028566 -0.01450002 0.001623809 0.2975844 -0.01450002 -0.02541875 0.317774 -0.01450002 -0.01750493 0.309642 -0.01450002 0.1017332 0.3578538 -0.01450002 0.1019695 0.3647611 -0.01450002 -0.0368638 0.3370018 -0.01450002 -0.03195953 0.3270528 -0.01450002 -0.04183584 0.3585715 -0.01450002 -0.04018294 0.3475918 -0.02334159 -0.03248161 0.3269535 -0.02320265 -0.03558444 0.3328154 -0.02310276 -0.03739947 0.3369951 -0.0229035 -0.04012382 0.3452684 -0.02305614 -0.03813934 0.3389379 -0.02947199 -0.03462845 0.3322612 -0.02958983 -0.03241533 0.3271398 -0.04219514 -0.03217893 0.3275762 -0.03583693 -0.03231537 0.327346 -0.03571462 -0.03409296 0.332672 -0.04818683 -0.03291624 0.333545 -0.0483269 -0.03201436 0.3278177 -0.03559172 -0.03570306 0.3379411 -0.04806351 -0.03380131 0.3385993 -0.02935051 -0.0365647 0.3374487 -0.06555408 -0.02960151 0.3405022 -0.04854238 -0.03083652 0.3190199 -0.06580269 -0.02826058 0.3302028 -0.0486626 -0.03028899 0.3141258 -0.04879266 -0.02978271 0.3088297 -0.04897159 -0.02919369 0.3015621 -0.0522173 -0.03368633 0.1709135 -0.05195301 -0.03225755 0.1814595 -0.05140382 -0.02988892 0.2034349 -0.05135214 -0.02970767 0.2055081 -0.05105 -0.02879273 0.2176262 -0.0507453 -0.02811861 0.2298698 -0.05059009 -0.02787137 0.236115 -0.05043691 -0.02769076 0.2422876 -0.05012339 -0.02751964 0.2549299 -0.04980355 -0.02761977 0.2678491 -0.04977858 -0.02763926 0.2688567 -0.04913949 -0.02872169 0.29474 -0.04947596 -0.02801173 0.2811 -0.08882838 -0.04061186 0.1068845 -0.05381453 -0.04637759 0.1074796 -0.08848685 -0.03697627 0.1203715 -0.0534752 -0.0430929 0.1209092 -0.08810347 -0.03347861 0.1355611 -0.05317479 -0.0404523 0.1328194 -0.08785325 -0.03152436 0.1454996 -0.0525574 -0.03580468 0.1573531 -0.05284768 -0.03785949 0.1458107 -0.02596271 0.02017194 0.09867662 -0.02596271 -0.003746569 0.1006476 -0.02594834 -0.00605458 0.1012452 -0.02593356 -0.006959021 0.101737 -0.02588516 -0.008631587 0.1032434 -0.02585428 -0.009256184 0.1041628 -0.02580571 -0.009869813 0.1055902 -0.02574414 -0.0101664 0.107352 -0.02571409 -0.01014804 0.108199 -0.02544075 -0.009244799 0.1191617 -0.02523553 -0.005728363 0.1246719 -0.02526122 -0.006676733 0.1240243 -0.02535474 -0.008614301 0.1215416 -0.0253238 -0.008155405 0.1223741 -0.0252099 -0.004319012 0.1252798 -0.02519392 -0.002542078 0.1255815 -0.0251922 -0.001693367 0.1255632 -0.0251922 0.02222526 0.1235921 -0.02530056 0.02773487 0.120077 -0.02526926 0.02709937 0.12101 -0.02522128 0.02543765 0.1225029 -0.02520698 0.02455884 0.122983 -0.0253489 0.02834522 0.1186599 -0.02541077 0.02864503 0.1168878 -0.02544075 0.02862668 0.1160408 -0.02571409 0.02772343 0.1050782 -0.02579492 0.02715831 0.1028434 -0.02583104 0.02663391 0.1018658 -0.02589511 0.02510875 0.100178 -0.02591931 0.02420705 0.09956789 -0.02594542 0.0227729 0.09895259 -0.02596092 0.02102071 0.09865832 -0.02154868 0.0384407 0.2712768 -0.02149999 0.03783732 0.2727146 -0.02149999 0.03856307 0.2707984 -0.02149999 0.03870064 0.2687294 -0.02163761 0.03870064 0.2687294 -0.02163726 0.03870159 0.2687401 -0.02156549 0.03856456 0.2707916 -0.02149999 0.03787934 0.2587632 -0.02188616 0.03787934 0.2587633 -0.02209144 0.03436309 0.253253 -0.02207082 0.03514999 0.2537736 -0.02149999 0.03545475 0.25402 -0.02200311 0.03679013 0.2555509 -0.02149999 0.03727072 0.2564306 -0.02194392 0.03755503 0.2571587 -0.02211838 0.03285527 0.2526158 -0.02149999 0.03279256 0.2525979 -0.02213299 0.0311768 0.2523434 -0.02149999 0.03032821 0.2523617 -0.02213478 0.03032821 0.2523617 -0.02149999 0.01139241 0.2539222 -0.02213478 0.01139247 0.2539222 -0.02202641 0.005882859 0.2574373 -0.02205353 0.006423056 0.2566251 -0.02149999 0.006649076 0.2563468 -0.02210569 0.008180081 0.2550114 -0.02149999 0.009059786 0.2545309 -0.02212709 0.009682834 0.2542818 -0.02197545 0.005249798 0.25893 -0.02149999 0.005227148 0.2590089 -0.02191627 0.004972577 0.2606264 -0.02149999 0.004990935 0.2614734 -0.02188616 0.004990935 0.2614734 -0.02149999 0.005812168 0.2714396 -0.02163761 0.005812168 0.2714395 -0.02149999 0.007322371 0.2752375 -0.02156537 0.006283879 0.2734511 -0.02149999 0.006283879 0.2734512 -0.02149987 0.03733915 0.2734847 -0.02149999 0.03229933 0.2762827 -0.02149939 0.03611809 0.2747546 -0.02149951 0.03432565 0.2758047 -0.02149993 0.01265192 0.2778654 -0.02149939 0.01064699 0.2775306 -0.02149957 0.008812189 0.2766262 -0.02149999 0.01336354 0.2778431 -0.100418 -0.04078131 0.08154743 -0.1006083 -0.03497076 0.09888136 -0.1000892 -0.04732483 0.0644769 -0.1006683 -0.02990359 0.1164489 -0.1004244 -0.02203387 0.1521657 -0.09961229 -0.05459028 0.04769879 -0.09062057 -0.06820166 0.03681451 -0.09041661 -0.06429815 0.04472488 -0.08936643 -0.04735702 0.08572208 -0.08989608 -0.0552569 0.06499207 -0.09026432 -0.06151729 0.05064392 -0.09097272 -0.07440507 0.02310955 -0.09087157 -0.07290863 0.02706861 -0.0910331 -0.0751816 0.02073615 -0.09119033 -0.07681035 0.01452225 -0.09200972 -0.07645392 -0.01858162 -0.09219062 -0.0742436 -0.02606642 -0.09226512 -0.07306843 -0.02917146 -0.09248656 -0.06852841 -0.0384829 -0.09250199 -0.06814503 -0.03913968 -0.09262174 -0.0648418 -0.04424554 -0.09271508 -0.06179332 -0.04826462 -0.09286081 -0.05597651 -0.05462712 -0.09289962 -0.05415493 -0.05634284 -0.09296268 -0.05087912 -0.05915707 -0.09305149 -0.04539948 -0.06319493 -0.09186959 -0.07759201 -0.0128327 -0.09174144 -0.07822626 -0.007606089 -0.09170323 -0.07834279 -0.006055593 -0.09153497 -0.0784713 7.48724e-4 -0.09146624 -0.07834595 0.003510951 -0.09136617 -0.07798039 0.007520735 -0.09311276 -0.04082947 -0.06604439 -0.09318608 -0.03409016 -0.06955915 -0.09327417 -0.02194005 -0.07411795 -0.0932492 -0.02620846 -0.07275706 -0.093046 0.03687387 -0.069754 -0.09310871 0.03184098 -0.07186996 -0.0931304 0.02989929 -0.07258629 -0.09316337 0.02669936 -0.07365125 -0.09319967 0.02270048 -0.07478708 -0.09325313 0.01533442 -0.07633894 -0.09327763 0.0108304 -0.07695639 -0.09329044 0.007859706 -0.07722955 -0.0933113 3.35306e-4 -0.07745188 -0.09331554 -0.007179081 -0.07700413 -0.09330314 -0.01462388 -0.07588988 -0.09301805 0.03889119 -0.06879121 -0.0920878 0.0730558 -0.03405475 -0.09222024 0.07037085 -0.03917986 -0.09223318 0.07008141 -0.03967916 -0.09244483 0.06460666 -0.0477705 -0.09267204 0.05684453 -0.05630403 -0.09277981 0.05226379 -0.0602765 -0.09284985 0.04888015 -0.06282335 -0.09292423 0.04484081 -0.06549447 -0.09202259 0.07420414 -0.03151726 -0.09182727 0.07701086 -0.02386403 -0.09180325 0.07729369 -0.02291661 -0.0916984 0.07837224 -0.01877337 -0.09157866 0.07930368 -0.01401633 -0.05657047 0.08125829 -0.01428949 -0.05659431 0.08108192 -0.01523041 -0.05450016 -0.05460351 0.08048492 -0.05434566 -0.0525273 0.08654445 -0.05411303 -0.0496456 0.0957002 -0.05415552 -0.05015069 0.09402352 -0.05472236 -0.05782949 0.07177656 -0.05484086 -0.05966311 0.06714826 -0.05535048 -0.06850564 0.04730463 -0.05503278 -0.06281113 0.05965691 -0.05487722 -0.06024271 0.06572824 -0.05557936 -0.07299989 0.0384351 -0.03686141 0.0851646 0.01899433 -0.0369867 0.08546501 0.01405829 -0.04327046 0.08579647 0.01425004 -0.03089797 0.08527636 0.01221895 -0.03156638 0.08423137 -0.01467674 -0.03158354 0.08409476 -0.01543861 -0.04401141 0.08276247 -0.01488155 -0.03139895 0.08517348 -0.007995486 -0.04376971 0.08427155 -0.005315244 -0.03134202 0.08539015 -0.005718827 -0.03073853 0.0844326 0.01872521 -0.03673559 0.08468669 0.02394229 -0.03062099 0.08352422 0.0235446 -0.03109866 0.08572763 0.00408107 -0.03723537 0.08552545 0.004229903 -0.04352331 0.0852791 0.004381895 -0.04955637 0.08608865 0.01443731 -0.04980927 0.08499324 0.004533231 -0.05245423 0.08749759 0.02492636 -0.04932945 0.08695906 0.02473503 -0.04929149 0.08695244 0.02473264 -0.04620677 0.08641088 0.02454173 -0.04308581 0.08585292 0.02434641 -0.03684937 0.08470797 0.02394962 -0.03123128 0.08566284 -0.001265764 -0.02725768 0.07118695 0.1603261 -0.02805554 0.0711019 0.1281248 -0.04028511 0.08586055 0.132259 -0.03661894 0.08369928 0.03298956 -0.04074019 0.08547377 0.1145235 -0.04120105 0.08525335 0.09671926 -0.04745113 0.09135574 0.097382 -0.04791098 0.09036993 0.07957631 -0.04884982 0.08819079 0.04330372 -0.04536682 0.1013211 0.3098047 -0.04223293 0.1006302 0.3099386 -0.04267597 0.1000743 0.2914043 -0.03996616 0.09734916 0.273598 -0.03682971 0.09523713 0.2740262 -0.03725296 0.09346872 0.2561281 -0.03101056 0.08811545 0.2570777 -0.02486026 0.08233249 0.2561882 -0.02526271 0.07931756 0.2401915 -0.03144091 0.08561652 0.2392526 -0.05150908 0.09132403 0.06193959 -0.03895694 0.0880658 0.1852508 -0.03939366 0.08715373 0.1676034 -0.04481506 0.09652143 0.2022641 -0.04396551 0.09805178 0.2374071 -0.04581981 0.1015169 0.2910883 -0.03983616 0.08641928 0.1499457 -0.04655051 0.09318989 0.1325562 -0.05197685 0.08951818 0.0436201 -0.02645736 0.07309204 0.1924731 -0.03852576 0.08915579 0.2029069 -0.02571296 0.07649421 0.2222449 -0.03809905 0.09042203 0.2205913 -0.03015172 0.09419935 0.2926985 -0.02406835 0.08963841 0.2875527 -0.03036659 0.09254461 0.2837956 -0.02414333 0.08886641 0.2845842 -0.03058141 0.0909785 0.2748916 -0.02436619 0.08667385 0.2757689 -0.02481365 0.08271193 0.2580389 -0.02993637 0.09594172 0.3016009 -0.02369964 0.09367185 0.3021044 -0.02392119 0.09119927 0.2933635 -0.03767532 0.09186142 0.2383244 -0.03953707 0.09862124 0.2917233 -0.03910142 0.09992974 0.3100754 -0.03597205 0.09921967 0.3102152 -0.03618848 0.09817183 0.3011094 -0.03640329 0.09715771 0.2920454 -0.03661704 0.09617906 0.283019 -0.04311078 0.09944963 0.2731728 -0.04353994 0.09877145 0.25519 -0.04284727 0.08566427 0.03352922 -0.04572749 0.0868529 0.04298555 -0.04260975 0.08550453 0.04266566 -0.04525309 0.08730584 0.06119149 -0.04213666 0.0852794 0.06081521 -0.0416668 0.08519178 0.07882434 -0.04837733 0.08932071 0.06156641 -0.03546535 0.07996308 0.0780676 -0.02974843 0.07705867 0.05929464 -0.03592693 0.08119201 0.06005787 -0.02984833 0.07767832 0.05521225 -0.03615784 0.08194017 0.05104297 -0.02996808 0.07846099 0.05031961 -0.03638851 0.0827763 0.04202044 -0.03018665 0.0800063 0.04136806 -0.03040421 0.08169418 0.03244239 -0.02841651 0.07166451 0.1135103 -0.02886307 0.07288563 0.09538412 -0.03500485 0.07909649 0.09605324 -0.02906525 0.07363158 0.08716106 -0.02930724 0.07468426 0.07730609 -0.02565747 0.07681125 0.2244617 -0.02827388 0.07139718 0.1192874 -0.02972072 0.09777075 0.310504 -0.02347868 0.09628355 0.3108048 -0.0420413 0.1007704 0.317936 -0.04148286 0.1004881 0.3410419 -0.04185271 0.1007937 0.3257681 -0.03487277 0.1008309 0.3558014 -0.02861875 0.101915 0.3556488 -0.02898693 0.1016969 0.3406094 -0.03578734 0.09999555 0.3179745 -0.0356031 0.1005707 0.3256547 -0.0354197 0.1009435 0.3332673 -0.03523689 0.101112 0.3408238 -0.02329427 0.09833139 0.318081 -0.02953827 0.09918248 0.3180228 -0.02307385 0.100279 0.3268202 -0.02935487 0.1003094 0.3255491 -0.02917098 0.1011485 0.3330792 -0.02273339 0.1022429 0.340399 -0.02266389 0.1024902 0.3431861 -0.02235794 0.1029599 0.3554961 -0.02225399 0.1028892 0.3596969 -0.02229726 0.1022524 0.3580068 -0.02212452 0.1024694 0.3649579 -0.02258098 0.1004476 0.3467018 -0.02285778 0.09688466 0.3358221 -0.0231207 0.09165245 0.325639 -0.02336329 0.08488154 0.3164066 -0.02357923 0.07674092 0.3083553 -0.02376341 0.06743359 0.301686 -0.02391129 0.05719166 0.296565 -0.02401894 0.04627096 0.2931201 -0.02408379 0.03494381 0.2914373 -0.02410405 0.02349293 0.2915586 -0.02407956 0.01220381 0.2934809 -0.02401053 0.001358151 0.2971562 -0.02389901 -0.008773267 0.3024929 -0.0237478 -0.01793777 0.3093579 -0.0235604 -0.02590692 0.3175798 -0.03621041 -0.02818048 0.3142687 -0.03623521 -0.02694177 0.3099121 -0.03000891 -0.0254758 0.3104767 -0.03601104 -0.0308572 0.3229913 -0.04250895 -0.02838051 0.3093619 -0.03611063 -0.02947962 0.318631 -0.04240924 -0.03013706 0.3184273 -0.0234338 -0.03023111 0.3230465 -0.02981656 -0.02878701 0.3188536 -0.0299713 -0.02546674 0.3104801 -0.0235272 -0.02805948 0.3190952 -0.02371776 -0.02395558 0.3110661 -0.03638827 -0.02519178 0.3032257 -0.02803272 -0.01470804 0.1361166 -0.03449308 -0.02504336 0.1256731 -0.0283904 -0.02029609 0.1221379 -0.03482609 -0.03014749 0.1131445 -0.02868413 -0.02569431 0.1107248 -0.02885848 -0.02926093 0.1039857 -0.04033851 -0.02644854 0.1406745 -0.04690003 -0.0353645 0.1304571 -0.0406726 -0.03022813 0.128075 -0.04723012 -0.03892093 0.1179195 -0.04100829 -0.03455638 0.1155428 -0.04756414 -0.04292798 0.1052898 -0.04134464 -0.03943777 0.1030771 -0.04345983 -0.02312064 0.2689311 -0.04314774 -0.02442711 0.2821735 -0.04283118 -0.02617353 0.2956395 -0.0426709 -0.02721786 0.3024665 -0.0365414 -0.02358531 0.2965558 -0.03684699 -0.0207988 0.2832626 -0.03715246 -0.01857376 0.2700271 -0.04376882 -0.02223753 0.2558819 -0.03745901 -0.01690429 0.2568457 -0.03776723 -0.01578587 0.2437164 -0.03807771 -0.01521527 0.2306388 -0.03012037 -0.02312779 0.3040022 -0.02386707 -0.02102577 0.304796 -0.02416175 -0.01593309 0.2924814 -0.03027045 -0.02095752 0.297489 -0.03057426 -0.01712679 0.2843673 -0.02432984 -0.01341164 0.2854875 -0.03088217 -0.01397949 0.2711369 -0.0246253 -0.009611904 0.2732489 -0.0311945 -0.01151978 0.2578213 -0.02497583 -0.006084918 0.2588086 -0.02899861 -0.03233659 0.0985831 -0.03504467 -0.03584325 0.1008009 -0.03515595 -0.03590708 0.1008415 -0.03839105 -0.01519066 0.2176133 -0.03870755 -0.01570987 0.2046416 -0.03902739 -0.01677227 0.191726 -0.03935045 -0.0183773 0.1788689 -0.03967702 -0.02052462 0.1660731 -0.04000639 -0.02321457 0.1533409 -0.02790778 -0.01300001 0.1410177 -0.02784311 -0.01216346 0.1435603 -0.02734845 -0.006823182 0.1630886 -0.0268476 -0.00325942 0.1830147 -0.02659738 -0.002157509 0.1930246 -0.02632981 -0.001475811 0.2037726 -0.02609461 -0.001301646 0.2132518 -0.02559566 -0.002266526 0.2334741 -0.02530837 -0.003664553 0.245182 -0.02510458 -0.005044043 0.2535263 -0.04813683 -0.05168205 0.08230519 -0.03533852 -0.04165607 0.08989489 -0.02925693 -0.03852021 0.08865982 -0.02950823 -0.04521042 0.07907247 -0.03548324 -0.04477739 0.08453786 -0.04157346 -0.0443564 0.09185409 -0.03604567 -0.05866754 0.0638287 -0.02992874 -0.05809623 0.06315875 -0.02975147 -0.05239266 0.06983965 -0.03618198 -0.06248527 0.05884796 -0.030052 -0.06232297 0.05853182 -0.0299862 -0.06003791 0.06100052 -0.03590762 -0.05498641 0.06889146 -0.03576791 -0.05144357 0.07403284 -0.04202258 -0.0528506 0.07531368 -0.04217058 -0.05596518 0.06987887 -0.04828953 -0.05422514 0.07656937 -0.0484423 -0.05691277 0.07084059 -0.04187375 -0.049878 0.08078968 -0.03562641 -0.04804027 0.07924944 -0.04783171 -0.04701966 0.09378921 -0.04859495 -0.05974733 0.06512141 -0.04878515 -0.06273198 0.05941581 -0.04253888 -0.06262433 0.05914807 -0.04231756 -0.0592224 0.06448823 -0.02673506 0.02016377 0.09857583 -0.02677357 -0.003755748 0.1005364 -0.02730888 0.02014589 0.09835875 -0.0278241 -0.003799796 0.1000027 -0.02805757 0.02010208 0.09782701 -0.0286104 -0.003877162 0.09906351 -0.02896171 -0.003986895 0.09773212 -0.02896171 0.01993191 0.09576106 -0.02882796 0.01999866 0.09657281 -0.02875667 0.02001535 0.09677547 -0.02826064 0.02008414 0.09760874 -0.02657783 -0.009971797 0.1055778 -0.02648627 -0.01024729 0.1082264 -0.0289542 -0.006395757 0.09823429 -0.02894741 -0.007283926 0.09858566 -0.02873921 -0.00685817 0.0995236 -0.02818632 -0.006484389 0.1003395 -0.02768105 -0.006294727 0.100749 -0.02672076 -0.006102085 0.1011556 -0.02885133 -0.01190841 0.1028439 -0.02889657 -0.01049858 0.1008991 -0.02863818 -0.01107043 0.1035228 -0.02867567 -0.01014477 0.1020936 -0.02812284 -0.009438574 0.1026476 -0.02859592 -0.01170641 0.1050999 -0.02879661 -0.01283013 0.1051298 -0.02854973 -0.0120325 0.1067894 -0.02873677 -0.01316481 0.1075693 -0.02871328 -0.01313179 0.1085196 -0.02859747 -0.01230949 0.1084489 -0.02852565 -0.01209139 0.1084291 -0.02804309 -0.01084387 0.1053485 -0.02705985 -0.01046317 0.1082584 -0.02782469 -0.01100963 0.1083226 -0.02804255 -0.01124864 0.1083477 -0.02665746 -0.008719205 0.1031908 -0.02761763 -0.009080946 0.1029229 -0.027538 -0.01040858 0.1054683 -0.02667582 -0.008209824 0.1026195 -0.02763605 -0.008539319 0.1023129 -0.02814126 -0.008864641 0.1020001 -0.02869415 -0.009506583 0.1013727 -0.02893209 -0.008614718 0.09931325 -0.02626246 -0.009357511 0.1191915 -0.02709388 -0.009736657 0.1192435 -0.02732622 -0.009905636 0.1192632 -0.02775347 -0.0103262 0.1193085 -0.02827131 -0.01124101 0.1193969 -0.02843976 -0.01222836 0.1194825 -0.02812147 -0.01088839 0.119364 -0.0258904 -0.00433588 0.1253564 -0.0258727 -0.00168699 0.1256412 -0.02802628 -0.001527905 0.1275725 -0.02809298 -0.001509964 0.1277909 -0.02802801 -0.003180265 0.1275495 -0.02603513 -0.008678495 0.121589 -0.02700787 -0.009048521 0.1217862 -0.02766746 -0.009579598 0.1220505 -0.02818536 -0.01040744 0.1224493 -0.02835375 -0.0113278 0.1228821 -0.02837914 -0.0117262 0.1218914 -0.02827209 -0.009061276 0.1259943 -0.02806288 -0.006468892 0.1265566 -0.02823311 -0.007115066 0.1274048 -0.02804136 -0.004882574 0.1272082 -0.02820563 -0.004829645 0.1283261 -0.02819234 -0.002390444 0.1286605 -0.02819114 -0.001440942 0.1286274 -0.02653926 -0.001667261 0.1258816 -0.02733957 -0.00161916 0.1264654 -0.0275231 -0.004617989 0.1263282 -0.02754795 -0.001599669 0.1267018 -0.02686351 -0.004450023 0.1257594 -0.02594161 -0.006716907 0.1240925 -0.02691465 -0.006967604 0.1244283 -0.02757424 -0.007332265 0.1248961 -0.02595752 -0.007183313 0.1236804 -0.02693045 -0.007461607 0.1239939 -0.02758997 -0.007865309 0.1244285 -0.028108 -0.008497595 0.1250954 -0.02809232 -0.007904052 0.1256155 -0.02832198 -0.01064699 0.1241106 -0.0279054 0.02236658 0.1253064 -0.02819114 0.02247786 0.1266563 -0.02602887 0.02223503 0.1237108 -0.02684593 0.02226603 0.1240875 -0.02710771 0.02228206 0.1242809 -0.02750545 0.02231466 0.1246784 -0.02602922 0.02841556 0.1186978 -0.02612107 0.02870613 0.1160513 -0.02588742 0.02458614 0.1230565 -0.02686059 0.02475249 0.1234409 -0.02803844 0.02537173 0.1248202 -0.02820599 0.02581143 0.1257861 -0.02819865 0.02488648 0.1261541 -0.02752017 0.02499395 0.1239826 -0.02813762 0.0295822 0.1208879 -0.02830171 0.03039932 0.1215444 -0.02825641 0.02898943 0.1234894 -0.0281797 0.0302475 0.1193091 -0.02835649 0.03132104 0.1192587 -0.02822577 0.03060501 0.117605 -0.02841615 0.03165566 0.1168191 -0.02832305 0.03079622 0.115934 -0.02843976 0.03162264 0.1158689 -0.02678734 0.02894783 0.116048 -0.02756142 0.02950686 0.1160213 -0.02766168 0.02937221 0.1190293 -0.02776515 0.02973192 0.1160078 -0.02825433 0.03058755 0.1159495 -0.02594989 0.02715247 0.1210687 -0.02692282 0.02746742 0.1213452 -0.02700221 0.02880936 0.1188415 -0.02758228 0.02792173 0.1217266 -0.02593308 0.0266925 0.1215835 -0.02690613 0.02698028 0.1218882 -0.02756559 0.0273959 0.1223114 -0.0280838 0.02804559 0.1229613 -0.02822101 0.02710551 0.1250752 -0.02810043 0.02863115 0.1223108 -0.02653938 0.02784049 0.1050891 -0.02760446 0.02839595 0.1050699 -0.0283944 0.02937722 0.1050087 -0.02871328 0.03071928 0.104906 -0.02671778 0.0228089 0.09885782 -0.02656716 0.02725821 0.1028193 -0.02858513 0.02892482 0.1021409 -0.02868568 0.02632969 0.09872168 -0.02883112 0.0291379 0.1002779 -0.02866357 0.02713745 0.09945863 -0.02879393 0.02991235 0.1017134 -0.02877396 0.03021711 0.1024969 -0.02871477 0.02491468 0.09778922 -0.02891993 0.02560579 0.09698367 -0.02888107 0.027552 0.09839415 -0.02873629 0.02334707 0.0971415 -0.02894747 0.02332049 0.09606242 -0.02874952 0.02165687 0.09679985 -0.0289607 0.02088135 0.09572803 -0.02818334 0.02308261 0.09799915 -0.02666753 0.02518194 0.1001071 -0.02762776 0.02547514 0.09976541 -0.02767807 0.02294749 0.09842973 -0.02813297 0.02576303 0.09941786 -0.02664536 0.02582657 0.1006907 -0.02752721 0.02767944 0.1026595 -0.02760553 0.02616047 0.1003887 -0.02803236 0.02809751 0.1024892 -0.02811074 0.02648931 0.1000795 -0.02438819 0.0325517 0.2793448 -0.02438819 0.01361584 0.2809053 -0.02423125 0.03246665 0.2783134 -0.02423125 0.01353091 0.2798738 -0.02357488 0.03237676 0.2772227 -0.02252322 0.0133816 0.2780629 -0.02252322 0.03231739 0.2765025 -0.02304255 0.01340425 0.2783362 -0.02357488 0.01344096 0.2787831 -0.02222853 0.03851121 0.2713139 -0.02267575 0.03888756 0.2687399 -0.02439576 0.03496038 0.2788426 -0.0244987 0.04047322 0.2742329 -0.0244534 0.03906333 0.2761778 -0.0243377 0.03972136 0.2734529 -0.02430111 0.03881973 0.2748558 -0.0237829 0.03809857 0.2742862 -0.0246132 0.04172962 0.2695075 -0.02455329 0.04139494 0.2719472 -0.02442294 0.04067969 0.2702879 -0.02437913 0.04034972 0.2719058 -0.02386105 0.03947126 0.2716354 -0.0220794 0.03425043 0.2759163 -0.02305263 0.03439384 0.2763098 -0.02371233 0.03460156 0.2768653 -0.02423048 0.03492689 0.2777248 -0.02439802 0.03530567 0.2787177 -0.02212029 0.03645235 0.2745718 -0.02309334 0.03672146 0.2748928 -0.02375298 0.03711098 0.2753403 -0.02427113 0.03772002 0.2760285 -0.02441787 0.03717947 0.2777637 -0.02215033 0.03731644 0.2736436 -0.02312338 0.03763663 0.2739139 -0.02320146 0.03890663 0.2714536 -0.0246368 0.0416966 0.2685573 -0.02445143 0.04066151 0.268638 -0.02375835 0.03958076 0.2687098 -0.02329081 0.03919929 0.2687296 -0.02456647 0.03953313 0.2586938 -0.02488529 0.04087543 0.2585911 -0.02377653 0.03855186 0.258755 -0.02271151 0.03799653 0.2587742 -0.02315729 0.03031343 0.2521827 -0.02513277 0.03103739 0.2494131 -0.02511954 0.03347653 0.2497475 -0.02490919 0.03340882 0.2507983 -0.02473402 0.03938156 0.2566313 -0.02494603 0.04037302 0.256182 -0.02481693 0.03784823 0.2537726 -0.02500325 0.03929406 0.2539629 -0.02486139 0.03633952 0.2522916 -0.02505314 0.03770816 0.2520793 -0.02271622 0.03765714 0.2571449 -0.02279883 0.0364257 0.2548742 -0.02367627 0.03809171 0.2570269 -0.02375888 0.03678745 0.254606 -0.02418142 0.03852432 0.2568981 -0.02426409 0.0371443 0.2543296 -0.02284312 0.03522145 0.2537009 -0.02380335 0.0355072 0.2533531 -0.02430856 0.03578764 0.2529995 -0.02509206 0.03576201 0.2506688 -0.02488899 0.03494423 0.2514086 -0.02435642 0.03315383 0.2516589 -0.02385115 0.03302371 0.2520909 -0.02289086 0.03289008 0.2525206 -0.02386754 0.03028297 0.2518126 -0.02422964 0.03025805 0.2515121 -0.0249288 0.03017151 0.2504605 -0.02513378 0.03008782 0.2494462 -0.02478247 0.01126188 0.252338 -0.02513378 0.01115202 0.2510066 -0.02399617 0.01133918 0.2532771 -0.02294564 0.01138317 0.2538109 -0.0229243 0.004808247 0.2615144 -0.0249089 0.001974165 0.2608438 -0.02496874 0.002308785 0.2584042 -0.02476567 0.003408432 0.2584578 -0.02289938 0.009645342 0.2541877 -0.02385973 0.009492933 0.2537644 -0.02491796 0.009046614 0.2524916 -0.02512603 0.008709907 0.2515203 -0.02512627 0.008743345 0.2515088 -0.02436506 0.00934273 0.2533389 -0.02510422 0.006524324 0.2525877 -0.02484411 0.004887104 0.2555059 -0.0250687 0.00464046 0.2541736 -0.02480721 0.004009187 0.2569136 -0.0250234 0.003230631 0.2561185 -0.02286154 0.007399976 0.255461 -0.02282595 0.006334364 0.2565746 -0.02382183 0.007100701 0.2551249 -0.023786 0.005967259 0.2563139 -0.02432703 0.006805419 0.2547836 -0.02429127 0.005604207 0.2560458 -0.02487999 0.006223142 0.2541005 -0.02274775 0.005147695 0.2589187 -0.02370774 0.00470972 0.2588136 -0.02421301 0.004273355 0.2586979 -0.0236184 0.004445314 0.2615616 -0.02400696 0.004119515 0.2615981 -0.02469998 0.003041625 0.2617042 -0.02488529 0.002007186 0.2617941 -0.0246368 0.002828419 0.2717603 -0.02431833 0.004168391 0.2716419 -0.02395027 0.004730582 0.2715864 -0.02352315 0.005151331 0.2715411 -0.02245938 0.005699396 0.2714693 -0.02440404 0.004329741 0.2739653 -0.02457249 0.003379762 0.2743097 -0.02457594 0.003330767 0.2741694 -0.02225369 0.006130099 0.2732659 -0.02322638 0.005743741 0.273429 -0.02388614 0.00519073 0.2736439 -0.02451884 0.00440979 0.2763885 -0.02428597 0.00729078 0.2780017 -0.02446889 0.005995631 0.2782722 -0.02425789 0.008704781 0.278895 -0.02443009 0.007941901 0.2796826 -0.02217173 0.007435739 0.2754959 -0.02213501 0.008448481 0.2764562 -0.02314466 0.007131338 0.275784 -0.02310812 0.008204162 0.2767966 -0.0238043 0.006690621 0.2761813 -0.02376776 0.007848501 0.2772713 -0.02432239 0.006001353 0.2767891 -0.02438926 0.01266652 0.2809383 -0.02440249 0.01022732 0.2806039 -0.02422487 0.01187831 0.2798275 -0.02423739 0.01025825 0.279511 -0.02371925 0.01051437 0.2786285 -0.0230593 0.01067698 0.2780581 -0.02208638 0.01078718 0.2776541 -0.05568069 -0.07494711 0.0344839 -0.05602055 -0.07974129 0.02115643 -0.05584853 -0.07762902 0.0279259 -0.05607986 -0.08032596 0.0188151 -0.0565465 -0.0824995 1.57267e-4 -0.05637061 -0.08218252 0.007231473 -0.0563398 -0.0820645 0.008465826 -0.05619496 -0.08126056 0.01424652 -0.0566008 -0.08247435 -0.00203675 -0.05672115 -0.08220946 -0.006912231 -0.05685842 -0.08154588 -0.01251077 -0.0568934 -0.08131343 -0.01394188 -0.05706185 -0.07981944 -0.02085775 -0.05710858 -0.07928961 -0.02278918 -0.0572251 -0.07773768 -0.02762407 -0.05738252 -0.07508158 -0.03418999 -0.05753219 -0.07187688 -0.04049563 -0.05756932 -0.07096588 -0.04207187 -0.05767369 -0.06813782 -0.04651319 -0.05780529 -0.06390178 -0.05217987 -0.05792677 -0.05919349 -0.05746608 -0.05795359 -0.05802094 -0.05864977 -0.05803686 -0.05404663 -0.06233108 -0.05812972 -0.04880231 -0.06651693 -0.05814641 -0.04775285 -0.06727463 -0.07559734 0.0375716 -0.07159346 -0.05811703 0.0381273 -0.073161 -0.05818796 0.03302222 -0.07560276 -0.05821394 -0.04302883 -0.0703901 -0.058236 -0.04129821 -0.07141923 -0.05827283 -0.03810209 -0.07317423 -0.05841743 -0.01684647 -0.08076161 -0.05839538 -0.02234327 -0.07941675 -0.05836385 -0.02773499 -0.07769823 -0.05833274 -0.03185594 -0.07610154 -0.0583229 -0.03299611 -0.07561409 -0.0584262 1.41896e-5 -0.08249998 -0.05843281 -0.005641341 -0.08230686 -0.05842995 -0.01127052 -0.08172649 -0.05838388 0.01129853 -0.08172261 -0.05839622 0.008857309 -0.08202314 -0.05840975 0.005669713 -0.08230495 -0.05825024 0.02776169 -0.07768869 -0.05830395 0.02237069 -0.07940906 -0.05833041 0.01924473 -0.08022397 -0.05834841 0.01687437 -0.08075582 -0.05756419 0.06328773 -0.05292266 -0.07514494 0.05977231 -0.05534166 -0.07495743 0.06575387 -0.04829543 -0.05735397 0.06919896 -0.04491931 -0.05746442 0.06626981 -0.04913789 -0.05750519 0.06509214 -0.05068731 -0.05719584 0.07279044 -0.03883022 -0.05726093 0.07139158 -0.04134565 -0.05668985 0.08027577 -0.01902568 -0.05682313 0.07884442 -0.02428275 -0.05686247 0.07835102 -0.0258305 -0.05703145 0.07585126 -0.03244727 -0.05710268 0.07460409 -0.0352205 -0.05801689 0.04424977 -0.06962889 -0.0754671 0.04557621 -0.06706976 -0.05764812 0.06051141 -0.05607587 -0.05778151 0.0554862 -0.06105345 -0.07531565 0.05301284 -0.06162852 -0.05790489 0.05004733 -0.06558531 -0.05794942 0.04786169 -0.06719696 -0.03161007 0.08390992 -0.01641243 -0.04267609 -0.06583225 0.05410742 -0.04307717 -0.07453477 0.03890669 -0.04906493 -0.06838005 0.0488826 -0.03017002 -0.06621503 0.05408942 -0.03027772 -0.06935888 0.04999518 -0.04281079 -0.0688827 0.04907435 -0.03029376 -0.06979155 0.04938942 -0.03055608 -0.07592976 0.03930532 -0.0293408 -0.01796025 0.08358472 -0.0294528 -0.03000432 0.08005571 -0.02960628 -0.04140168 0.07480198 -0.02929639 0.02465087 0.08186244 -0.02926141 0.01592379 0.08399647 -0.0292496 0.007021129 0.08520323 -0.02927261 -0.005529165 0.08531296 -0.03002315 -0.0612933 0.05960804 -0.02979779 -0.05190682 0.06793677 -0.02935451 0.03310567 0.07882469 -0.02943474 0.04119503 0.07491689 -0.02953648 0.04882943 0.07018208 -0.03051871 0.08082818 0.02789276 -0.03031945 0.07745569 0.03621757 -0.03013163 0.07322806 0.04414266 -0.02965843 0.05592495 0.06467252 -0.02979946 0.06240296 0.05844908 -0.02995777 0.06819194 0.05158048 -0.03138715 0.08517098 -0.00752002 -0.03127551 0.08544933 -0.003036499 -0.03116405 0.08549165 0.001455426 -0.03094351 0.08486843 0.01041525 -0.03072756 0.08330821 0.01926022 -0.03105789 -0.08321142 0.01964932 -0.03180152 0.08206546 -0.02398961 -0.0318768 0.08114093 -0.02695173 -0.03234845 0.07252544 -0.04528027 -0.03217226 0.07634943 -0.03848379 -0.03198945 0.07953828 -0.03136724 -0.03251641 0.06809806 -0.05170011 -0.03261005 0.0652529 -0.05524766 -0.03267496 0.06310415 -0.05768972 -0.03282272 0.05758512 -0.06319952 -0.03295844 0.05158734 -0.06818348 -0.03300517 0.04926604 -0.06987917 -0.03308111 0.04516023 -0.07260024 -0.03328257 0.03123557 -0.07959008 -0.03318935 0.03835731 -0.07641303 -0.03316468 0.04002279 -0.07555413 -0.03346467 0.008558034 -0.08507061 -0.03342086 0.01627349 -0.08393698 -0.03339517 0.01975077 -0.08318746 -0.03336006 0.02385371 -0.08210504 -0.03339743 -0.03283238 -0.0789448 -0.033436 -0.0275439 -0.08094185 -0.03346067 -0.02319675 -0.08229309 -0.03348398 -0.01741421 -0.08370774 -0.03349536 -0.01259201 -0.0845676 -0.03349995 -0.007021844 -0.08521109 -0.03349602 -0.001774132 -0.08548158 -0.03349119 7.71305e-4 -0.08549648 -0.03316873 -0.05161291 -0.06816416 -0.03324836 -0.04641044 -0.0718075 -0.03329861 -0.04256331 -0.07415252 -0.0333572 -0.03725802 -0.07695502 -0.03311127 -0.05486255 -0.06557691 -0.0330097 -0.05983841 -0.06107056 -0.03294789 -0.06248742 -0.05835717 -0.03282451 -0.06709522 -0.05299496 -0.03276085 -0.0691697 -0.05025732 -0.0326156 -0.0732792 -0.04404997 -0.03255295 -0.07480865 -0.0413993 -0.03238672 -0.07827365 -0.03440177 -0.03232735 -0.07931929 -0.03191691 -0.03214138 -0.0820055 -0.02419388 -0.03208726 -0.08263355 -0.02195322 -0.03188347 -0.08441418 -0.01358276 -0.03183645 -0.08470141 -0.01165831 -0.03157866 -0.08549171 -0.001187503 -0.03131783 -0.08499258 0.009301066 -0.03080254 -0.08017528 0.02970141 0 0.02491539 -0.002053081 0 0.02433043 0.005746603 0 0 0 0 0.02306157 -0.009652018 0 0.005746603 -0.02433049 0 0.01298379 -0.02136391 0 0.01895022 -0.01630604 0 -0.01630604 -0.01895022 0 -0.009652018 -0.02306157 0 -0.002053081 -0.02491545 0 -0.02491539 0.002053081 0 -0.02433043 -0.005746603 0 -0.02136391 -0.01298385 0 -0.01298379 0.02136391 0 -0.01895022 0.01630604 0 -0.02306157 0.009652018 0 0.009652018 0.02306157 0 0.002053081 0.02491545 0 -0.005746603 0.02433049 0 0.02136391 0.01298385 0 0.01630604 0.01895022 -0.01999998 -0.006980717 -0.08471286 -0.01999998 7.36242e-4 -0.08499681 -0.01999998 0.008447587 -0.08457916 -0.01999998 0.01608991 -0.08346319 -0.01999998 0.02360039 -0.08165788 -0.01999998 0.03091746 -0.07917767 -0.01999998 0.03798043 -0.07604253 -0.01999998 0.04473137 -0.07227784 -0.01999998 0.05111426 -0.06791412 -0.01999998 0.05707579 -0.06298679 -0.01999998 0.06256675 -0.057536 -0.01999998 0.06754082 -0.05160641 -0.01999998 0.07195645 -0.04524666 -0.01999998 0.07577633 -0.03850895 -0.01999998 0.0789681 -0.03144896 -0.01999998 0.08336371 -0.0165978 -0.01999998 0.08150446 -0.02412492 -0.01999998 0.08464521 -0.007757723 -0.01999998 0.006980717 0.08471286 -0.01999998 0.01585578 0.08350801 -0.01999998 0.02455466 0.08137601 -0.01999998 0.03298068 0.0783407 -0.01999998 0.04103994 0.074436 -0.01999998 0.04864293 0.06970548 -0.01999998 0.0557053 0.06420207 -0.01999998 0.0621488 0.05798709 -0.01999998 0.06790226 0.05112993 -0.01999998 0.07290172 0.04370731 -0.01999998 0.07709228 0.03580176 -0.01999998 0.080428 0.02750152 -0.01999998 0.08287239 0.01889878 -0.01999998 0.08439904 0.01008927 -0.01999998 0.08499193 0.001170814 -0.01999998 -0.06106972 0.05912244 -0.01999998 -0.05173462 0.06744265 -0.01999998 -0.04127758 0.0743044 -0.01999998 -0.0299248 0.07955813 -0.01999998 -0.01792258 0.08308893 -0.01999998 -0.005531013 0.08481985 -0.01999998 -0.06908136 0.04952538 -0.01999998 -0.07559674 0.03886038 -0.01999998 -0.07848268 0.03264135 -0.01999998 -0.07979583 0.02928507 -0.01999998 -0.08084255 0.02625781 -0.01999998 -0.08268022 0.01972246 -0.01999998 -0.08402836 0.01281529 -0.01999998 -0.08452564 0.008967041 -0.01999998 -0.08466118 -0.007581174 -0.01999998 -0.08499622 -8.00848e-4 -0.01999998 -0.08478784 0.006001532 -0.01999998 -0.07061827 -0.04730802 -0.01999998 -0.07420414 -0.04145765 -0.01999998 -0.07488322 -0.04021817 -0.01999998 -0.07785797 -0.0341047 -0.01999998 -0.07875275 -0.03198421 -0.01999998 -0.08033078 -0.02778416 -0.01999998 -0.0822966 -0.02126652 -0.01999998 -0.08374387 -0.01455897 -0.01999998 -0.08416646 -0.01187449 -0.01999998 -0.0394923 -0.0752685 -0.01999998 -0.04537165 -0.07187771 -0.01999998 -0.04600828 -0.07147181 -0.01999998 -0.05097824 -0.06801629 -0.01999998 -0.05629849 -0.06368261 -0.01999998 -0.05734974 -0.06273752 -0.01999998 -0.06218034 -0.05795329 -0.01999998 -0.06660586 -0.05280762 -0.01999998 -0.0686236 -0.05015766 -0.01999998 -0.02560371 -0.08105212 -0.01999998 -0.0320456 -0.07872784 -0.01999998 -0.0333504 -0.078184 -0.01999998 -0.0369324 -0.07655704 -0.01999998 -0.01236498 -0.08409577 -0.01999998 -0.01903945 -0.0828402 -0.01999998 0.02433043 0.005746603 -0.01999998 0.02136391 0.01298385 -0.01999998 0.01630604 0.01895022 -0.01999998 0.009652018 0.02306157 -0.01999998 0.002053081 0.02491545 -0.01999998 -0.005746603 0.02433049 -0.01999998 -0.01298379 0.02136391 -0.01999998 -0.01895022 0.01630604 -0.01999998 -0.02306157 0.009652018 -0.01999998 -0.02491539 0.002053081 -0.01999998 -0.02433043 -0.005746603 -0.01999998 -0.02136391 -0.01298385 -0.01999998 -0.01630604 -0.01895022 -0.01999998 -0.009652018 -0.02306157 -0.01999998 -0.002053081 -0.02491545 -0.01999998 0.005746603 -0.02433049 -0.01999998 0.01298379 -0.02136391 -0.01999998 0.01895022 -0.01630604 -0.01999998 0.02306157 -0.009652018 -0.01999998 0.02491539 -0.002053081</float_array>
          <technique_common>
            <accessor source="#link_2-mesh-positions-array" count="4567" stride="3">
              <param name="X" type="float"/>
              <param name="Y" type="float"/>
              <param name="Z" type="float"/>
            </accessor>
          </technique_common>
        </source>
        <source id="link_2-mesh-normals">
          <float_array id="link_2-mesh-normals-array" count="28626">-0.4919276 0.8676835 -0.07164168 -0.4919787 0.8676654 -0.07151103 -0.4919431 0.8676896 -0.07146418 -0.4935477 0.8667841 -0.07138794 -0.4936524 0.8667212 -0.07142746 -0.4894827 0.8690659 -0.0716331 -0.4894827 0.8690659 -0.07163304 -0.4893573 0.8691363 -0.07163453 -0.4891328 0.8692611 -0.07165437 -0.1347865 0.6785191 0.7221112 0 0.1826968 0.9831693 0.00434041 0.2447116 0.9695863 -1.48668e-4 0.352684 0.9357425 3.56614e-4 0.6031606 0.7976197 3.56645e-4 0.6031606 0.7976197 3.56681e-4 0.6031606 0.7976197 0.009037375 0.5390201 0.8422445 -0.1340221 0.8235976 0.5511127 -0.1340221 0.8235976 0.5511127 -0.1339476 0.823639 0.5510689 0 0.7062089 0.7080035 0 0.884878 0.4658229 0.008104801 0.8517976 0.5238084 -0.008828938 0.9946252 0.1031637 0 0.9874464 0.1579548 -0.134213 0.7223101 -0.678421 -0.006518185 0.1569753 -0.9875811 0 0.09051966 -0.9958947 0.008283555 0.5237557 -0.8518283 0 0.46464 -0.8854997 -0.1349076 0.5509663 -0.8235511 0 0.9830744 -0.183207 0.004171848 0.9701156 -0.2426077 -3.77716e-4 0.9356998 -0.3527974 3.16154e-4 0.796837 -0.6041942 0.009040653 0.8425499 -0.5385425 -8.95924e-6 0.7077713 -0.7064417 -8.91715e-6 0.7077713 -0.7064417 -8.93663e-6 0.7077713 -0.7064417 -0.4919472 -0.8676895 0.07143527 -0.4919827 -0.8676633 0.07150816 -0.4919466 -0.8676785 0.07157295 -0.4935824 -0.8667554 0.07149553 -0.491918 -0.8677889 0.07042199 -0.4922024 -0.8676225 0.070486 -0.4885971 -0.8696433 0.07066452 -0.4885971 -0.8696433 0.07066446 -0.4885971 -0.8696433 0.07066446 -0.4919208 -0.8677035 0.0714479 -0.4918118 -0.07149046 -0.8677617 -0.4919729 -0.07150059 -0.8676696 -0.4919273 -0.07142543 -0.8677016 -0.491917 -0.0716418 -0.8676896 -0.4921589 -0.07161343 -0.8675547 -0.4932103 -0.07244932 -0.8668879 -0.4891985 -0.07261872 -0.8691441 -0.13447 -0.6785758 -0.7221168 -0.1344701 -0.6785758 -0.7221168 -0.1344152 -0.678638 -0.7220686 0 -0.1835477 -0.9830109 0.004330456 -0.2449796 -0.9695186 0.004330456 -0.2449796 -0.9695187 0.004330515 -0.2449796 -0.9695186 -9.73907e-5 -0.3530446 -0.9356065 4.14023e-4 -0.6035923 -0.7972931 4.13949e-4 -0.6035923 -0.7972931 4.14017e-4 -0.6035923 -0.7972931 0.00903505 -0.5386536 -0.8424789 -0.1349553 -0.8233942 -0.5511889 -0.1347774 -0.8234519 -0.5511463 -0.1347774 -0.823452 -0.5511462 -1.9121e-5 -0.7062128 -0.7079997 0 -0.8853946 -0.4648404 0.0082376 -0.8517971 -0.5238074 -0.008486211 -0.9944114 -0.1052342 -0.008486211 -0.9944114 -0.1052342 -0.008486211 -0.9944113 -0.1052341 0 -0.9874515 -0.1579232 0 -0.9874515 -0.1579232 0 -0.9874515 -0.1579232 -0.4921343 0.07148164 0.8675795 -0.4919483 0.07120823 0.8677076 -0.4919286 0.07124137 0.8677159 -0.4919314 0.07124131 0.8677144 -0.4919314 0.07124131 0.8677144 -0.4919223 0.07148748 0.8676993 -0.4920021 0.07146406 0.8676559 -0.4917056 0.07140481 0.8678289 -0.4917057 0.07140475 0.867829 -0.4917057 0.07140487 0.8678289 -0.4917337 0.07152861 0.8678027 -1 2.4087e-4 0 -1 -1.74808e-4 0 -1 9.44676e-5 0 -1 9.44897e-5 0 -1 9.45082e-5 0 -1 1.872e-4 0 -1 7.54102e-6 0 -1 0 0 -1 -2.14906e-5 0 -1 2.14891e-5 0 -1 -1.24701e-5 0 -0.4920086 -0.8635634 -0.1103898 -0.4919388 -0.8635983 -0.1104277 -0.4919788 -0.8635725 -0.1104517 -0.4934794 -0.8627298 -0.1103436 -0.4935294 -0.8627063 -0.110302 -0.4892915 -0.8650755 -0.1106271 -0.4891466 -0.8651545 -0.1106501 -0.1345287 -0.5133826 -0.8475497 0 0.02493339 -0.9996891 0 0.02493339 -0.9996892 0 0.02493339 -0.9996892 0.004341244 -0.0383706 -0.9992542 -1.23033e-4 -0.1503377 -0.9886348 4.10749e-4 -0.4242433 -0.9055482 0.009066283 -0.3516501 -0.9360877 -0.1343905 -0.6912118 -0.7100461 -0.1343905 -0.6912118 -0.7100461 -0.1343656 -0.6911478 -0.7101132 -9.89115e-6 -0.5437504 -0.8392471 -1.69259e-5 -0.7688245 -0.63946 0.00822097 -0.7240421 -0.6897068 0.008220374 -0.7241412 -0.6896027 0.008220374 -0.7241413 -0.6896027 -0.008762955 -0.9513731 -0.3079165 0 -0.933077 -0.3596768 -0.1343988 -0.8472461 0.5139176 -0.1343988 -0.847246 0.5139176 -0.1343988 -0.8472461 0.5139176 -0.006552815 -0.3591018 0.9332754 0 -0.2956834 0.955286 0.008244216 -0.689436 0.7242997 0.008244276 -0.689436 0.7242997 0.008244276 -0.689436 0.7242997 -1.53656e-5 -0.6387894 0.7693817 -0.1348445 -0.7101812 0.6909846 0 -0.9996834 -0.02516424 0.004193961 -0.9993506 0.03579211 -3.54487e-4 -0.9885695 0.1507655 -3.54478e-4 -0.9885695 0.1507655 -3.54432e-4 -0.9885695 0.1507655 3.44025e-4 -0.905149 0.4250943 0.00900948 -0.9360176 0.3518379 -2.64418e-5 -0.8392474 0.5437499 -0.4919358 0.8635981 0.1104436 -0.4921177 0.8635019 0.1103841 -0.4921178 0.863502 0.1103842 -0.4921174 0.8635025 0.1103805 -0.4919788 0.8635725 0.1104517 -0.4936617 0.8626295 0.1103107 -0.4919537 0.8634403 0.1115903 -0.4888325 0.8651843 0.1117997 -0.4922084 0.8634511 0.1103768 -0.4921436 -0.1105602 0.8634646 -0.4919251 -0.1104391 0.8636046 -0.4919076 -0.1107078 0.8635802 -0.4919393 -0.1105572 0.8635814 -0.4919981 -0.1105198 0.8635526 -0.4935153 -0.1092585 0.8628472 -0.4887302 -0.1096276 0.8655198 -0.4891368 -0.1097103 0.8652797 -0.4891368 -0.1097103 0.8652797 -0.1343691 0.5133633 0.8475866 -0.1343692 0.5133633 0.8475866 -0.1343692 0.5133634 0.8475867 0 -0.02545857 0.9996759 0.004390239 0.03825849 0.9992583 -1.60597e-4 0.1515098 0.9884558 4.10744e-4 0.424238 0.9055507 0.009024679 0.3518825 0.9360008 -0.1343716 0.6913216 0.7099428 1.0954e-5 0.5434295 0.8394548 1.09718e-5 0.5434296 0.8394548 1.09644e-5 0.5434296 0.8394548 0 0.7694586 0.6386967 0.008246243 0.7241675 0.6895749 0.008246779 0.7241013 0.6896444 0.008246183 0.7241675 0.6895749 -0.008482277 0.9507284 0.3099092 0 0.9330071 0.359858 -0.4920033 0.1105239 -0.8635492 -0.4919702 0.1102542 -0.8636026 -0.4919581 0.1103593 -0.8635961 -0.4920164 0.1103442 -0.8635647 -0.4920476 0.1104823 -0.8635294 -0.4921724 0.1104847 -0.863458 -0.4921724 0.1104846 -0.8634579 -0.4918041 0.1105919 -0.863654 -0.4917244 0.1106259 -0.863695 -0.4917245 0.1106259 -0.863695 -0.4921339 0.1103908 -0.8634919 -1 -2.49788e-5 0 -1 2.49626e-5 0 -1 1.24769e-5 0 -1 2.14922e-5 0 -1 4.98405e-5 0 -0.4888427 0.8694223 -0.07167822 -0.4888427 0.8694223 -0.07167816 -0.4888428 0.8694223 -0.07167816 -0.4919312 0.8676658 -0.07183229 -0.4920059 0.8676483 -0.07153159 -0.4919837 0.8676649 -0.07148307 -0.4937763 0.8666533 -0.07139539 -0.4937763 0.8666533 -0.07139533 -0.4937763 0.8666533 -0.07139539 -0.4935251 0.8667934 -0.07143032 -0.4894391 0.8690906 -0.07163023 -0.1347355 0.6786886 0.7219613 0 0.1833809 0.983042 0.004341721 0.2451495 0.9694756 -1.4483e-4 0.3526113 0.9357699 4.20019e-4 0.6033809 0.7974531 0.009071707 0.538565 0.8425352 -0.1342954 0.8235628 0.5510984 -0.1342954 0.8235628 0.5510983 -0.1342954 0.8235628 0.5510984 0 0.7063983 0.7078147 0 0.8848434 0.4658887 0.00817269 0.8516442 0.5240567 0.00817269 0.8516442 0.5240566 0.00817269 0.8516442 0.5240566 -0.008792877 0.9946281 0.1031391 0 0.9874762 0.1577679 -0.1340876 0.7222052 -0.6785575 -0.006539523 0.1572073 -0.9875441 0 0.0907467 -0.995874 0.00826478 0.524078 -0.8516302 -1.28535e-5 0.4647534 -0.8854403 5.76941e-5 0.4651731 -0.8852198 -0.1345524 0.5509527 -0.8236181 0 0.9831898 -0.1825872 0 0.9831897 -0.1825872 0 0.9831898 -0.1825872 0.004236698 0.9701979 -0.2422773 -3.58025e-4 0.9356836 -0.35284 -3.58014e-4 0.9356837 -0.3528401 -3.57947e-4 0.9356837 -0.3528401 3.19776e-4 0.7971373 -0.6037982 3.19737e-4 0.7971373 -0.6037982 3.19701e-4 0.7971373 -0.6037982 0.00905627 0.8426895 -0.5383238 -2.1918e-5 0.7078258 -0.7063871 -0.4920125 -0.8676744 0.0711686 -0.4919066 -0.8677011 0.07157284 -0.4919754 -0.8676921 0.07120919 -0.4919754 -0.8676921 0.07120919 -0.493466 -0.866838 0.0712971 -0.493466 -0.866838 0.07129704 -0.493466 -0.866838 0.07129704 -0.4921387 -0.8676531 0.07055342 -0.4921386 -0.8676531 0.07055342 -0.4921387 -0.8676531 0.07055342 -0.4889023 -0.8694836 0.07051879 -0.491945 -0.8676899 0.07144665 -0.492063 -0.07151007 -0.8676177 -0.4919276 -0.07164829 -0.867683 -0.4919673 -0.0715152 -0.8676716 -0.4917866 -0.0710929 -0.8678086 -0.4917865 -0.0710929 -0.8678087 -0.4919581 -0.07145696 -0.8676815 -0.4919559 -0.07145482 -0.8676829 -0.4935761 -0.07253444 -0.8666726 -0.4889715 -0.07276171 -0.8692598 -0.134698 -0.6785823 -0.7220683 -0.134698 -0.6785823 -0.7220683 -0.134698 -0.6785823 -0.7220683 0 -0.1832222 -0.9830716 0.004351198 -0.2449765 -0.9695193 -1.42607e-4 -0.3529537 -0.9356408 -1.42601e-4 -0.3529537 -0.9356408 -1.42592e-4 -0.3529537 -0.9356408 4.20029e-4 -0.6033809 -0.797453 0.009073138 -0.5385198 -0.842564 -0.134655 -0.8234838 -0.5511285 -0.134655 -0.8234837 -0.5511285 -0.134655 -0.8234838 -0.5511285 -1.07148e-6 -0.7063817 -0.7078311 -1.05978e-6 -0.7063817 -0.7078311 -1.02123e-6 -0.7063818 -0.707831 2.7607e-5 -0.8854132 -0.464805 0.008217275 -0.8518508 -0.5237202 0.008217275 -0.8518508 -0.5237202 0.008217275 -0.8518508 -0.5237202 -0.008480072 -0.9944009 -0.1053333 0 -0.9874386 -0.1580035 -0.491998 0.07143616 0.8676607 -0.4918915 0.0719586 0.8676778 -0.491926 0.07172137 0.8676779 -0.4918915 0.0719586 0.8676778 -0.4919695 0.07156991 0.8676657 -0.4919487 0.07147395 0.8676855 -0.491997 0.07149237 0.8676565 -0.4919506 0.07146573 0.867685 -0.4919466 0.07146239 0.8676876 -1 1.50657e-5 0 -1 9.97544e-5 0 -1 1.34305e-6 0 -1 -2.41036e-4 0 -1 -5.37265e-6 0 -1 -6.24376e-6 0 -0.4919962 -0.8421425 0.220762 -0.4919956 -0.8420904 0.2209618 -0.4919956 -0.8420904 0.2209618 -0.4919956 -0.8420904 0.2209618 -0.4919252 -0.842077 0.2211697 -0.4936341 -0.8411387 0.2209323 -0.4935901 -0.8411742 0.2208958 -0.4893635 -0.843472 0.2215364 -0.4892094 -0.8435733 0.2214911 -0.1348109 -0.7936061 -0.5933088 -0.1342445 -0.9066668 -0.3999173 0 -0.3516497 -0.9361317 0.004337072 -0.4096227 -0.9122449 -1.58115e-4 -0.5105598 -0.8598423 4.01272e-4 -0.7326672 -0.680587 0.005560159 -0.6998519 -0.7142664 -0.006826579 -0.9506655 -0.3101429 0.00484538 -0.9235646 -0.3834123 -0.003975093 -0.9968277 0.07949101 -0.003975093 -0.9968277 0.07949101 -0.003975093 -0.9968277 0.07949101 0 -0.9986968 0.05103808 -0.1343904 -0.5932946 0.7936881 -0.1343054 -0.5933359 0.7936716 -0.1343904 -0.5932946 0.7936881 -0.006548941 0.0167675 0.9998381 0 0.08335739 0.9965198 0 0.08335739 0.9965198 0 0.08335739 0.9965198 0.008227407 -0.3677802 0.9298765 0.008227407 -0.3677802 0.9298765 0.008227407 -0.3677802 0.9298765 2.3231e-5 -0.3042405 0.9525953 -0.1348658 -0.4000535 0.9065145 0 -0.9363043 0.3511897 0 -0.9363043 0.3511897 0 -0.9363043 0.3511897 0.004157125 -0.9130501 0.4078265 -3.70564e-4 -0.8603734 0.509664 -3.35825e-4 -0.8602034 0.5099512 3.22222e-4 -0.6801195 0.7331013 3.22165e-4 -0.6801195 0.7331013 3.22214e-4 -0.6801195 0.7331013 0.009065747 -0.7361636 0.676743 5.88368e-6 -0.5745119 0.8184964 -0.4919552 0.8420805 -0.22109 -0.4919626 0.8420349 -0.2212465 -0.4919546 0.8420553 -0.2211866 -0.4935309 0.8411915 -0.2209621 -0.4918362 0.8424235 -0.220045 -0.4893273 0.843784 -0.2204257 -0.492159 0.8419643 -0.2210782 -0.492159 0.8419644 -0.2210782 -0.4920204 0.2210852 0.8420435 -0.4919496 0.2210038 0.8421064 -0.4919606 0.2212345 0.8420394 -0.4919363 0.2210847 0.8420928 -0.4920252 0.2210708 0.8420445 -0.4935424 0.2218931 0.8409396 -0.4890099 0.2225471 0.8434112 -0.1344806 0.793469 0.5935671 -0.1344807 0.793469 0.5935671 -0.1344807 0.7934691 0.5935671 0 0.3513079 0.93626 0.004344344 0.4096914 0.9122139 0.004344344 0.4096913 0.9122139 0.004344403 0.4096913 0.9122139 -1.44013e-4 0.5104117 0.8599301 4.24607e-4 0.7323675 0.6809096 0.009032368 0.6766947 0.7362083 -0.134374 0.9067118 0.399772 -0.134382 0.9066721 0.3998589 -0.134382 0.9066722 0.399859 -1.66642e-5 0.8183925 0.5746598 -1.6675e-5 0.8183925 0.5746598 -1.66516e-5 0.8183924 0.5746598 -8.49243e-6 0.9527065 0.3038921 0.008270084 0.9296905 0.3682488 -0.008459508 0.9975681 -0.06918466 0 0.9998677 -0.01626592 -0.4919172 -0.2212034 -0.8420729 -0.491927 -0.2210099 -0.8421179 -0.4919336 -0.2210785 -0.842096 -0.4920421 -0.2210825 -0.8420316 -0.4920904 -0.2211157 -0.8419946 -0.4921843 -0.2210942 -0.8419454 -0.4919343 -0.2210491 -0.8421033 -1 2.49635e-5 0 -1 2.4963e-5 0 -1 2.40891e-4 0 -1 2.48138e-4 0 -1 2.48135e-4 0 -1 2.48153e-4 0 -1 -5.37282e-6 0 -1 -1.9985e-4 0 -1 3.01159e-5 0 -0.4918894 -0.8636193 -0.1104829 -0.4920389 -0.8635275 -0.1105355 -0.4920389 -0.8635275 -0.1105355 -0.4920389 -0.8635275 -0.1105355 -0.4919165 -0.8635829 -0.1106481 -0.4935116 -0.8626864 -0.1105377 -0.4936386 -0.8626278 -0.1104272 -0.4892112 -0.8651157 -0.1106684 -0.4892112 -0.8651157 -0.1106684 -0.4892112 -0.8651157 -0.1106684 -0.4892161 -0.865124 -0.1105808 -0.133742 -0.5133966 -0.8476657 -0.1337054 -0.5133743 -0.847685 -0.1337053 -0.5133743 -0.847685 0 0.0257849 -0.9996675 0.004340171 -0.03810405 -0.9992644 0.004340171 -0.03810405 -0.9992644 0.004340171 -0.03810405 -0.9992644 -1.94823e-4 -0.150354 -0.9886323 4.10761e-4 -0.4242559 -0.9055423 0.008996546 -0.3516503 -0.9360883 -0.1341635 -0.6910946 -0.7102031 -0.1342252 -0.6910365 -0.7102479 -3.57355e-5 -0.5436876 -0.8392878 -3.57342e-5 -0.5436876 -0.8392878 -3.57411e-5 -0.5436876 -0.8392877 0 -0.7689493 -0.6393098 0.008163988 -0.7242017 -0.6895399 -0.008838176 -0.9514944 -0.3075393 -0.008838176 -0.9514944 -0.3075392 -0.008838236 -0.9514944 -0.3075393 -0.1344826 -0.8472784 0.5138421 -0.006568133 -0.3590043 0.9333129 0 -0.2955908 0.9553148 0.008228719 -0.6897283 0.7240215 2.45024e-5 -0.6388784 0.7693078 2.45188e-5 -0.6388784 0.7693078 2.45392e-5 -0.6388784 0.7693078 -0.134998 -0.7103319 0.6907998 -0.1349982 -0.7103319 0.6907998 -0.1349982 -0.7103318 0.6907998 0 -0.999675 -0.0254926 0 -0.999675 -0.0254926 0 -0.999675 -0.0254926 0.004233598 -0.9993535 0.03570306 -3.59535e-4 -0.9886273 0.1503867 -3.59482e-4 -0.9886273 0.1503868 -3.59512e-4 -0.9886272 0.1503868 3.16232e-4 -0.9049896 0.4254337 0.009106397 -0.9361189 0.3515658 0 -0.8391396 0.5439162 -0.4920682 0.8635522 0.1102112 -0.4919684 0.8635486 0.1106836 -0.4919566 0.8635981 0.1103493 -0.4934677 0.8627494 0.1102411 -0.4938519 0.8625096 0.1103984 -0.4938518 0.8625095 0.1103984 -0.4920247 0.8634211 0.1114265 -0.4890877 0.8650603 0.1116416 -0.4920052 0.8635674 0.1103742 -0.4918686 -0.1105722 0.8636199 -0.4919312 -0.1104587 0.8635986 -0.4920062 -0.1103606 0.8635686 -0.4919322 -0.11058 0.8635826 -0.4921733 -0.1103335 0.8634767 -0.4921732 -0.1103335 0.8634768 -0.4921733 -0.1103335 0.8634767 -0.4935636 -0.1092612 0.8628192 -0.4887778 -0.1096312 0.8654926 -0.1344338 0.5133965 0.8475563 -0.1344341 0.5133965 0.8475562 -0.1344341 0.5133965 0.8475562 0 -0.02516615 0.9996833 0.004389524 0.03831505 0.9992561 0.004389464 0.03831505 0.9992561 0.004389405 0.03831511 0.9992561 -1.65789e-4 0.1499695 0.9886907 4.48005e-4 0.4245691 0.9053955 0.009108066 0.3516591 0.9360839 -0.134692 0.6910359 0.7101602 -0.134692 0.6910359 0.7101602 -0.134692 0.691036 0.7101601 1.72567e-5 0.5441341 0.8389983 3.39632e-5 0.7690708 0.6391637 0.008237481 0.7240054 0.6897452 0.008315443 0.7237797 0.689981 0.008348822 0.723683 0.6900821 -0.008495151 0.9509249 0.3093051 0 0.9331609 0.3594592 -0.4919456 0.1104168 -0.8635959 -0.4919939 0.1103662 -0.8635748 -0.4919365 0.110569 -0.8635815 -0.4919258 0.1105395 -0.8635913 -0.4920856 0.1104539 -0.8635113 -0.4920068 0.110435 -0.8635587 -0.4917722 0.1105782 -0.8636738 -1 6.027e-5 0 -1 -2.49651e-5 0 -1 -6.027e-5 0 -1 2.49401e-5 0 -1 -2.49601e-5 0 -1 -2.14832e-5 0 -1 5.37357e-6 0 -1 1.50385e-5 0 0 -0.08202093 -0.9966307 0 0.08217614 0.9966179 0 0.9966209 -0.08213865 0 0.9966201 -0.08214801 0 0.08201414 0.9966313 0 -0.08202093 -0.9966306 0 -0.9966143 0.08221834 0 -0.9966209 0.08213835 -0.1341014 -0.7219689 0.6788062 -0.1338753 -0.7221598 0.6786478 -0.1338753 -0.7221597 0.6786478 0 -0.0877211 0.9961451 0 -0.0877211 0.9961451 0 -0.0877211 0.9961451 0.006383419 -0.022722 0.9997215 0.006383359 -0.02272206 0.9997215 0.00638318 -0.02272206 0.9997215 -0.1347348 -0.5514652 0.8232453 -3.30703e-4 -0.1993978 0.9799185 -3.3071e-4 -0.1993978 0.9799185 -3.30758e-4 -0.1993978 0.9799186 2.30132e-4 -0.4173467 0.9087473 0.00480324 -0.4626716 0.8865168 -0.005134046 -0.7375132 0.6753132 0.003626406 -0.7986065 0.6018427 0.003626227 -0.7986065 0.6018427 0.003630161 -0.7985488 0.6019192 -0.003887653 -0.9575718 0.2881688 0 -0.9683287 0.2496792 0 -0.1268336 0.9919241 0 0.1268701 -0.9919193 0 -0.9919191 -0.1268718 0 -0.9919146 -0.1269074 0 0.1268823 -0.9919179 0 -0.1268844 0.9919176 0 0.9919164 0.126894 0 0.9919192 0.126872 -0.1341989 0.8475176 -0.5135219 0 0.2932108 -0.9560479 0.006382584 0.2300372 -0.9731609 -0.1346094 0.7102053 -0.6910056 -0.1346093 0.7102054 -0.6910055 -0.1346092 0.7102053 -0.6910057 -3.56176e-4 0.3992324 -0.9168497 1.79015e-4 0.5970026 -0.8022394 0.004812896 0.6366081 -0.7711725 -0.005149304 0.8619493 -0.5069684 0.003647923 0.9061448 -0.4229522 -0.003896176 0.9965381 -0.08304685 0 0.9990721 -0.04306977 0 -0.082152 -0.9966198 0 0.08212685 0.996622 0 0.9966135 -0.08222961 0 0.9966216 -0.08213186 0 0.08212041 0.9966225 0 -0.08214294 -0.9966205 0 -0.9966206 0.082143 0 -0.9966212 0.08213633 -0.134428 -0.7221665 0.6785313 -0.134428 -0.7221665 0.6785313 -0.1344279 -0.7221665 0.6785313 0 -0.08828431 0.9960953 0.006360828 -0.02290958 0.9997174 -0.1341028 -0.5508583 0.8237546 -3.06143e-4 -0.1995484 0.979888 2.36515e-4 -0.4175193 0.9086681 0.004743456 -0.4626695 0.8865182 0.004743456 -0.4626695 0.8865182 0.004743456 -0.4626695 0.8865182 -0.005144417 -0.7374489 0.6753833 0.003700196 -0.7986324 0.6018078 -0.003836631 -0.9574849 0.288458 0 -0.9682928 0.2498182 0 -0.9682928 0.2498182 0 -0.9682928 0.2498182 0 0.2538872 0.9672339 0 -0.2539797 -0.9672096 0 -0.9672454 0.2538432 0 -0.9672271 0.2539133 0 -0.2539795 -0.9672096 0 0.2539065 0.9672288 0 0.9672256 -0.2539188 0 0.9672256 -0.253919 -0.1344731 0.5932583 -0.7937012 0 -0.08620995 -0.996277 0.006368279 -0.1514952 -0.9884375 0.006368219 -0.1514952 -0.9884375 0.006368279 -0.1514952 -0.9884375 -0.1345297 0.3998618 -0.9066489 -0.1345297 0.3998618 -0.9066489 -0.1345297 0.3998618 -0.9066489 -3.0727e-4 0.02607387 -0.99966 2.30169e-4 0.2536658 -0.9672919 0.004776835 0.3015629 -0.9534344 0.004776895 0.3015629 -0.9534344 0.004776895 0.3015629 -0.9534344 -0.00517112 0.6088105 -0.7932989 0.003648877 0.6814732 -0.7318339 0.003648817 0.6814733 -0.7318339 0.003648877 0.6814732 -0.7318339 -0.00389409 0.892905 -0.4502283 0 0.9102257 -0.4141126 0 -0.1268951 0.9919162 0 0.1268227 -0.9919255 0 -0.9919283 -0.1268005 0 -0.9919203 -0.1268627 0 0.1268724 -0.9919191 0 -0.1268843 0.9919176 0 0.9919056 0.1269776 0 0.9919202 0.1268635 -0.1341526 0.8475665 -0.5134532 0.006387114 0.2300999 -0.9731462 0.006387114 0.2300999 -0.9731461 0.006367027 0.2301911 -0.9731247 -0.1336368 0.7104008 -0.6909935 -0.1336368 0.7104008 -0.6909935 -0.1340622 0.710211 -0.6911062 -3.16552e-4 0.3986745 -0.9170925 -3.16535e-4 0.3986745 -0.9170925 -3.16524e-4 0.3986745 -0.9170925 2.04582e-4 0.5975452 -0.8018354 0.004768252 0.6368494 -0.7709736 -0.005153059 0.8616887 -0.507411 0.003683865 0.9061939 -0.4228467 -0.003889083 0.9965437 -0.08297955 0 0.9990589 -0.04337614 0 0.9990589 -0.04337614 0 0.9990589 -0.04337614 -0.9277506 -0.06664931 0.3672011 -0.8498696 0.01607573 0.5267478 -0.9599678 -0.1811351 0.2136633 -0.9534186 -0.1849462 0.2383023 -0.9632877 -0.2053481 0.1729421 -0.9620112 -0.2012181 0.1845148 -0.9604979 -0.1950759 0.1984671 -0.9589756 -0.1877296 0.212423 -0.9570899 -0.1781709 0.2285481 -0.9521256 -0.1513609 0.2656067 -0.9567845 -0.2070037 0.2042378 -0.9152743 -0.3792356 0.1358425 -0.9317153 -0.3587541 0.05658698 -0.9277135 -0.3672901 -0.06667542 -0.8497544 -0.5269283 0.01624965 -0.8497544 -0.5269283 0.01624959 -0.8497544 -0.5269283 0.01624965 -0.9599652 -0.2136638 -0.1811478 -0.9534209 -0.2382886 -0.1849523 -0.9632118 -0.1733731 -0.2053409 -0.9632118 -0.1733731 -0.2053409 -0.9632118 -0.1733732 -0.2053409 -0.9620743 -0.184234 -0.2011737 -0.9604638 -0.1986612 -0.1950466 -0.958922 -0.2126292 -0.1877699 -0.9570772 -0.2285772 -0.1782016 -0.9317445 -0.05642265 -0.3587043 -0.9152613 -0.135854 -0.3792631 -0.9567739 -0.2043055 -0.206986 -0.9521889 -0.2653985 -0.1513277 -0.9277228 0.06666523 -0.3672684 -0.8497167 -0.01627534 -0.5269883 -0.849964 -0.01616531 -0.5265927 -0.849964 -0.01616531 -0.5265927 -0.9567737 0.1676615 -0.2376424 -0.9517993 0.2401736 -0.1907743 -0.9571002 0.1951894 -0.2141508 -0.9603052 0.1652914 -0.2247059 -0.9619794 0.1494885 -0.2285801 -0.9631795 0.1378526 -0.2308287 -0.9560332 0.1896103 -0.2237155 -0.9567793 0.2070194 -0.2042462 -0.915269 0.3792409 -0.1358638 -0.9317387 0.3587086 -0.05649185 -0.9277224 0.3672693 0.06666731 -0.8498923 0.5267076 -0.01619893 -0.9599623 0.2136809 0.1811437 -0.9534284 0.2382662 0.1849422 -0.9632623 0.1731058 0.2053294 -0.9620671 0.1842944 0.2011529 -0.9604621 0.1986054 0.1951116 -0.9589946 0.2123478 0.1877178 -0.9571019 0.2285376 0.1781194 -0.9317605 0.05653846 0.3586444 -0.9152989 0.1358323 0.3791801 -0.9567924 0.2042374 0.2069672 -0.9521823 0.2653465 0.1514603 -0.9277061 0.1415816 -0.3454215 -0.8496348 0.09371483 -0.5189782 -0.8496347 0.09371471 -0.5189782 -0.8496347 0.09371483 -0.5189782 -0.9599653 0.2216031 -0.171344 -0.9534156 0.2304655 -0.1946391 -0.9632651 0.2368798 -0.1265245 -0.9620868 0.2350205 -0.1383993 -0.96052 0.23212 -0.1533673 -0.96052 0.23212 -0.1533673 -0.96052 0.23212 -0.1533673 -0.9589015 0.2279435 -0.1689668 -0.9570969 0.2218546 -0.1864032 -0.9522123 0.2031537 -0.2280798 -0.9567705 0.2449541 -0.1568053 -0.9152708 0.3991987 -0.05403727 -0.9317287 0.3626426 0.01928961 -0.9277201 0.3453905 0.1415658 -0.8499193 0.518522 0.09366011 -0.9599643 0.1713295 0.2216183 -0.9534221 0.1946353 0.2304422 -0.9632627 0.1266663 0.2368136 -0.9620525 0.1385437 0.2350761 -0.9604747 0.1536437 0.2321248 -0.9589402 0.1689667 0.2277807 -0.9571224 0.1862208 0.2218977 -0.9317409 -0.01927763 0.362612 -0.9152734 0.05402588 0.399194 -0.9567835 0.1567891 0.2449139 -0.952174 0.2281948 0.203204 -0.927703 -0.1415938 0.3454253 -0.849685 -0.09364235 0.5189092 -0.9567905 -0.2133688 0.1975499 -0.9517974 -0.2745314 0.136801 -0.957087 -0.2355126 0.1688734 -0.9603205 -0.2083215 0.1854363 -0.9619941 -0.1939086 0.1922681 -0.961994 -0.1939086 0.1922681 -0.9619941 -0.1939086 0.1922681 -0.963162 -0.1830596 0.1969982 -0.9560298 -0.2320134 0.1793789 -0.9567846 -0.2449297 0.1567569 -0.915274 -0.3991885 0.05405473 -0.9317607 -0.3625608 -0.01927906 -0.927729 -0.3453629 -0.1415753 -0.8499087 -0.5185362 -0.09367692 -0.9599686 -0.1713246 -0.2216039 -0.953416 -0.1946551 -0.2304505 -0.9632896 -0.1264114 -0.2368403 -0.9620996 -0.1382086 -0.2350804 -0.9620996 -0.1382086 -0.2350807 -0.962086 -0.1383035 -0.2350804 -0.9604889 -0.1536246 -0.232079 -0.9589107 -0.1691309 -0.2277829 -0.9589107 -0.1691309 -0.2277829 -0.9589107 -0.1691309 -0.2277829 -0.9571058 -0.1863133 -0.2218914 -0.9571059 -0.1863133 -0.2218915 -0.9571059 -0.1863133 -0.2218915 -0.93174 0.01928108 -0.362614 -0.9152669 -0.05403095 -0.3992084 -0.9567806 -0.1567401 -0.244956 -0.9521708 -0.2281668 -0.2032501 -0.9277111 -0.06667256 0.3672967 -0.8499607 0.01605099 0.5266017 -0.9599626 -0.1811363 0.2136852 -0.9534068 -0.1849554 0.2383426 -0.9632834 -0.2054682 0.1728232 -0.9620317 -0.2011707 0.1844599 -0.9620317 -0.2011708 0.1844599 -0.960461 -0.1952287 0.1984959 -0.9589302 -0.1878147 0.2125526 -0.9589301 -0.1878148 0.2125527 -0.9589302 -0.1878148 0.2125527 -0.9571071 -0.1783391 0.2283444 -0.9521546 -0.1512005 0.2655941 -0.9567723 -0.2070754 0.2042219 -0.9152935 -0.3791843 0.1358568 -0.9317287 -0.3586897 0.0567739 -0.9277085 -0.3672986 -0.06669908 -0.8499389 -0.5266355 0.01609027 -0.9599583 -0.213705 -0.1811366 -0.95341 -0.2383335 -0.1849501 -0.9632655 -0.1730604 -0.2053529 -0.9621149 -0.1840153 -0.20118 -0.9621149 -0.1840154 -0.2011801 -0.9620888 -0.1842001 -0.2011356 -0.9604632 -0.1985824 -0.1951296 -0.9589264 -0.2126878 -0.1876809 -0.9589264 -0.2126878 -0.1876809 -0.9589264 -0.2126878 -0.1876808 -0.9571082 -0.2283419 -0.1783365 -0.9317336 -0.05654627 -0.358713 -0.9152718 -0.135847 -0.3792402 -0.9567785 -0.2042319 -0.207037 -0.9521437 -0.2656089 -0.1512432 -0.9277184 0.06666344 -0.3672803 -0.8499584 -0.0160551 -0.526605 -0.9567848 0.1675186 -0.2376984 -0.9517654 0.2403049 -0.1907777 -0.9571011 0.1952152 -0.2141228 -0.9603404 0.1649329 -0.224819 -0.9619492 0.1498697 -0.2284576 -0.9619492 0.1498697 -0.2284577 -0.9619492 0.1498697 -0.2284576 -0.9632126 0.1374832 -0.2309109 -0.9631838 0.1378092 -0.2308368 -0.9632127 0.1374832 -0.2309109 -0.9560298 0.1896448 -0.2237002 -0.9567747 0.2070358 -0.2042505 -0.9152703 0.3792405 -0.135856 -0.9316998 0.3587328 -0.05697757 -0.9316998 0.3587328 -0.05697757 -0.9316998 0.3587328 -0.05697757 -0.9277172 0.3672816 0.06667149 -0.8496994 0.5270168 -0.01625812 -0.8497985 0.5268585 -0.01621526 -0.8497985 0.5268584 -0.01621532 -0.9599702 0.2136568 0.1811298 -0.9533919 0.2383964 0.1849625 -0.9632596 0.1730129 0.20542 -0.9620656 0.1842743 0.2011786 -0.9620656 0.1842742 0.2011786 -0.9620656 0.1842743 0.2011786 -0.9604836 0.1984664 0.1951474 -0.958906 0.2126752 0.1877996 -0.9588961 0.2127595 0.187755 -0.958896 0.2127594 0.1877551 -0.9570946 0.2285218 0.1781789 -0.9317348 0.05662709 0.3586974 -0.9152922 0.1358748 0.3791815 -0.9567708 0.2042344 0.20707 -0.952144 0.2655773 0.1512961 -0.9277145 0.001870512 -0.3732858 -0.8497743 -0.107782 -0.5160104 -0.8497743 -0.1077818 -0.5160105 -0.8497743 -0.1077819 -0.5160105 -0.959972 0.1412749 -0.241858 -0.9534098 0.1407444 -0.2668348 -0.9632914 0.1722557 -0.2059071 -0.9632914 0.1722557 -0.2059071 -0.9632915 0.1722557 -0.2059071 -0.9620428 0.1660763 -0.2165467 -0.9620428 0.1660762 -0.2165467 -0.9620428 0.1660761 -0.2165467 -0.9604598 0.1577204 -0.2294366 -0.9589561 0.1478697 -0.2419458 -0.9589561 0.1478698 -0.2419459 -0.9589561 0.1478697 -0.2419458 -0.9571092 0.1358783 -0.255889 -0.9521483 0.1028168 -0.2878239 -0.9567667 0.1684681 -0.2370993 -0.9152736 0.3498762 -0.1996524 -0.9317542 0.3434038 -0.1179328 -0.9277222 0.3732668 0.001866459 -0.8498387 0.5159617 -0.1075074 -0.9599728 0.2418539 0.1412763 -0.9534034 0.2668523 0.1407551 -0.9631745 0.2065706 0.1721152 -0.9631745 0.2065706 0.1721152 -0.9631745 0.2065706 0.1721152 -0.9620969 0.2163422 0.1660294 -0.9620968 0.2163422 0.1660294 -0.9620968 0.2163422 0.1660293 -0.9602416 0.2311014 0.1566157 -0.9602066 0.2313753 0.1564251 -0.9317218 0.1181962 0.343401 -0.9153001 0.1996086 0.3498319 -0.9567744 0.2370432 0.1685038 -0.9542372 0.2727416 0.1226524 -0.9770042 0.1841053 0.1075544 -0.9770042 0.1841053 0.1075544 -0.9770043 0.1841053 0.1075544 -0.9277136 -0.001870453 0.3732882 -0.8500639 0.1070984 0.5156756 -0.956772 -0.123742 0.2632018 -0.9518069 -0.2034006 0.2295472 -0.9571454 -0.1546056 0.2448876 -0.9570913 -0.1550742 0.2448022 -0.9603279 -0.1235049 0.250034 -0.9619099 -0.1083011 0.2509988 -0.9632552 -0.09494358 0.2512471 -0.9632552 -0.09494352 0.2512471 -0.9632553 -0.09494364 0.2512471 -0.9560335 -0.1479057 0.2532273 -0.9567732 -0.1684702 0.2370714 -0.9152981 -0.3498371 0.1996085 -0.9317406 -0.3433923 0.1180741 -0.9277077 -0.3733028 -0.001867949 -0.8501393 -0.5155339 0.1071819 -0.8501394 -0.5155339 0.1071819 -0.8501394 -0.5155339 0.1071819 -0.9599681 -0.2418742 -0.1412732 -0.9534122 -0.2668222 -0.1407517 -0.9632702 -0.2060546 -0.1721978 -0.9621262 -0.2161453 -0.1661152 -0.9621264 -0.2161453 -0.166115 -0.9621263 -0.2161455 -0.1661151 -0.9604619 -0.2294541 -0.1576826 -0.9589639 -0.2418032 -0.1480519 -0.9589639 -0.2418032 -0.148052 -0.9589639 -0.2418033 -0.148052 -0.9570989 -0.2559006 -0.1359292 -0.9317741 -0.1177592 -0.3434095 -0.9317741 -0.1177591 -0.3434094 -0.9317741 -0.1177591 -0.3434095 -0.9152761 -0.199635 -0.3498796 -0.9567776 -0.2370561 -0.1684673 -0.952139 -0.2878732 -0.1027641 -0.9277302 0.1415784 -0.3453584 -0.8496797 0.09370523 -0.5189062 -0.8498557 0.09362083 -0.5186332 -0.8498557 0.09362083 -0.5186333 -0.9599679 0.2215945 -0.1713408 -0.9534208 0.230463 -0.1946173 -0.9632911 0.2368059 -0.1264648 -0.9621478 0.2348953 -0.1381879 -0.9621174 0.2349418 -0.1383205 -0.9621174 0.2349418 -0.1383205 -0.9604207 0.2323252 -0.153679 -0.9590163 0.2275952 -0.168784 -0.9571075 0.2218075 -0.1864045 -0.9521366 0.2032629 -0.2282982 -0.9567826 0.2449647 -0.1567139 -0.9152999 0.3991281 -0.05406534 -0.931759 0.3625653 0.01928091 -0.9277378 0.3453353 0.1415847 -0.8496881 0.5189195 0.09355652 -0.9599553 0.1713771 0.2216204 -0.9534254 0.1946099 0.2304499 -0.9632698 0.1265261 0.2368597 -0.962049 0.1385517 0.2350853 -0.9604852 0.1536239 0.2320949 -0.9589337 0.1688771 0.2278742 -0.957095 0.1864832 0.2217957 -0.9317466 -0.01927608 0.3625974 -0.9152717 0.05406033 0.3991933 -0.956791 0.1567339 0.2449194 -0.9521634 0.2282195 0.203226 -0.9277207 -0.1416023 0.3453739 -0.8495562 -0.09367108 0.5191149 -0.8496311 -0.09367203 0.5189921 -0.8495562 -0.09367102 0.5191149 -0.9567763 -0.2133991 0.1975855 -0.9518234 -0.2745083 0.1366654 -0.9571073 -0.235376 0.1689497 -0.9602983 -0.2084861 0.1853665 -0.9619963 -0.193529 0.1926387 -0.9631459 -0.1831977 0.1969485 -0.9560473 -0.2319556 0.1793604 -0.9567747 -0.2449626 0.1567666 -0.9152899 -0.3991523 0.05405294 -0.9317247 -0.3626573 -0.01920419 -0.9277088 -0.3454095 -0.1415931 -0.8500224 -0.5183302 -0.09378558 -0.9599515 -0.1713764 -0.2216376 -0.9534141 -0.1946447 -0.2304669 -0.9632851 -0.1264647 -0.2368302 -0.961982 -0.1389614 -0.2351183 -0.9619819 -0.1389614 -0.2351183 -0.9619819 -0.1389613 -0.2351183 -0.9604729 -0.1536434 -0.2321327 -0.9589266 -0.1690971 -0.2277411 -0.9570943 -0.1864303 -0.221843 -0.9317737 0.01927316 -0.3625276 -0.915304 -0.05405682 -0.3991197 -0.9567716 -0.1567465 -0.2449871 -0.9521508 -0.2282981 -0.2031967 -0.8147293 0.1036129 -0.5705091 -0.8147363 0.3749189 -0.4423129 -0.8145897 0.3750804 -0.4424461 -0.8145941 0.5460461 -0.1956273 -0.8146865 0.5459139 -0.1956123 -0.8146907 0.5705721 0.1035705 -0.8146623 0.570608 0.1035951 -0.8146346 0.4424116 0.3750236 -0.8145644 0.4424688 0.3751082 -0.8145145 0.1956666 0.5461509 -0.8146327 0.1956031 0.5459975 -0.8146034 -0.1036091 0.5706895 -0.8145942 -0.1035761 0.5707088 -0.8146002 -0.3750905 0.4424181 -0.8145721 -0.3751302 0.4424361 -0.8147652 -0.3749226 0.4422565 -0.8147652 -0.3749226 0.4422565 -0.8146115 -0.5460302 0.1955996 -0.8146981 -0.5459018 0.1955972 -0.8146271 -0.5706596 -0.1035885 -0.8146508 -0.5706256 -0.1035883 -0.8146416 -0.4423778 -0.3750482 -0.8146252 -0.4424209 -0.3750328 -0.8146113 -0.1956107 -0.5460265 -0.8147495 -0.195572 -0.545834 -0.81473 0.1035729 -0.5705152 -0.2428888 -0.3354993 -0.9101897 -0.2422899 -0.7400832 -0.6273536 -0.2422459 -0.7400741 -0.6273813 -0.2422724 -0.954605 -0.1733016 -0.2423507 -0.9545851 -0.1733016 -0.2423369 -0.9133529 0.3271996 -0.2422524 -0.9133723 0.3272077 -0.2423054 -0.6273639 0.7400693 -0.2423186 -0.6273412 0.7400844 -0.2422905 -0.1733721 0.9545876 -0.2425151 -0.1732963 0.9545444 -0.2420822 0.3272712 0.9133947 -0.2420822 0.3272712 0.9133947 -0.2420822 0.3272712 0.9133947 -0.2423085 0.3272113 0.9133561 -0.2424162 0.7400174 0.6273824 -0.2422431 0.7400661 0.6273918 -0.2423031 0.9546027 0.1732715 -0.2422819 0.9546064 0.1732812 -0.2423068 0.9133521 -0.3272238 -0.2424733 0.9132995 -0.3272475 -0.2425314 0.627323 -0.74003 -0.2423229 0.6273749 -0.7400543 -0.2424101 0.1733667 -0.9545582 -0.2424296 0.1733315 -0.9545596 -0.2506948 -0.088674 -0.9639965 -0.2506949 -0.08867406 -0.9639964 -0.2506948 -0.088674 -0.9639964 -0.2769951 -0.3240627 -0.9045757 -0.2769951 -0.3240627 -0.9045757 -0.5601133 -0.2794634 -0.7798547 -0.5601842 -0.2793772 -0.7798347 -0.5601461 -0.6318973 -0.5356699 -0.5600448 -0.6319525 -0.5357106 -0.5601018 -0.8151022 -0.1479676 -0.5600838 -0.8151146 -0.1479681 -0.5600544 -0.7799108 0.279425 -0.5602042 -0.7798249 0.2793645 -0.5602943 -0.5356636 0.6317713 -0.560073 -0.5356735 0.631959 -0.5604074 -0.1480919 0.8148697 -0.5604073 -0.148092 0.8148697 -0.5604074 -0.1480918 0.8148697 -0.5597823 -0.1479663 0.8153219 -0.5597824 -0.1479663 0.8153219 -0.5597824 -0.1479663 0.8153219 -0.5601233 0.279406 0.7798682 -0.5602025 0.2793719 0.7798234 -0.5601807 0.6318659 0.5356707 -0.560192 0.6318604 0.5356655 -0.5601274 0.8150827 0.1479788 -0.5600642 0.8151277 0.1479698 -0.5600661 0.7798957 -0.2794436 -0.560043 0.7799128 -0.2794423 -0.5600363 0.5357439 -0.6319319 -0.5600413 0.535729 -0.6319401 -0.5599497 0.148036 -0.8151943 -0.5601153 0.1480012 -0.8150868 -0.8146396 -0.2200153 0.5366151 -0.8146919 -0.4587641 0.354701 -0.8146768 -0.4587832 0.3547107 -0.8146398 -0.5747221 0.07782477 -0.8146572 -0.5746973 0.07782542 -0.8148676 -0.5363541 -0.2198072 -0.8148676 -0.5363541 -0.2198072 -0.8148676 -0.5363542 -0.2198072 -0.8146865 -0.5365768 -0.2199348 -0.8149943 -0.3544523 -0.458419 -0.8149387 -0.3545027 -0.4584788 -0.8149387 -0.3545027 -0.4584788 -0.8146825 -0.3547201 -0.4587658 -0.8146246 -0.07779908 -0.5747471 -0.8147501 -0.07780265 -0.5745686 -0.8147501 -0.07780277 -0.5745686 -0.8147501 -0.07780277 -0.5745686 -0.8146605 0.219974 -0.5366003 -0.8146113 0.219979 -0.5366728 -0.8145808 0.4588874 -0.3547964 -0.8146837 0.4587528 -0.3547343 -0.8146421 0.5747237 -0.07778894 -0.8146791 0.5746675 -0.07781702 -0.8146817 0.5365782 0.2199488 -0.8146615 0.536596 0.2199805 -0.8146017 0.3548004 0.4588475 -0.814635 0.354763 0.4588168 -0.8146101 0.07779765 0.5747678 -0.8147079 0.07785654 0.5746213 -0.8147332 -0.2199285 0.5365086 -0.2636409 -0.01277142 0.9645364 -0.4646744 0.1187856 0.8774781 -0.464673 -0.3358194 0.8193316 -0.2478878 -0.2717505 0.9298943 -0.2503923 -0.1138942 0.9614218 -0.2503923 -0.1138942 0.9614219 -0.2503913 -0.1138466 0.9614277 -0.4647694 -0.700474 0.5415955 -0.2477591 -0.7003588 0.6694124 -0.2477591 -0.7003588 0.6694124 -0.2477591 -0.7003589 0.6694124 -0.248903 -0.5030471 0.8276418 -0.4648095 -0.877402 0.1188192 -0.247484 -0.9412791 0.2296641 -0.2489932 -0.8494578 0.4652138 -0.4647939 -0.8192622 -0.3358215 -0.2474826 -0.9300014 -0.2717533 -0.249062 -0.9682435 -0.02174413 -0.4646649 -0.5416654 -0.7004892 -0.247185 -0.6696525 -0.7003322 -0.247185 -0.6696525 -0.7003322 -0.247185 -0.6696526 -0.7003321 -0.2490931 -0.8276283 -0.5029751 -0.4644715 -0.118795 -0.8775843 -0.2471061 -0.2296413 -0.9413838 -0.248589 -0.4652997 -0.8495292 -0.4644545 0.3358166 -0.8194568 -0.4644545 0.3358166 -0.8194568 -0.4648655 0.3358454 -0.8192118 -0.2473037 0.2716956 -0.9300659 -0.2489022 0.02173352 -0.9682847 -0.4648088 0.7004432 -0.5416015 -0.2474124 0.7003284 -0.6695724 -0.2488631 0.5031236 -0.8276074 -0.4647529 0.8774379 -0.1187751 -0.2473843 0.9413095 -0.2296465 -0.2489641 0.8494695 -0.4652081 -0.4646349 0.819344 0.3358422 -0.2474575 0.9299993 0.2717834 -0.2491044 0.9682325 0.02174741 -0.2474615 0.2299041 0.9412263 -0.2474615 0.2299041 0.9412263 -0.2474616 0.2299042 0.9412263 -0.249328 0.4653705 0.8492738 -0.4647605 0.5415626 0.7005053 -0.2473002 0.6695529 0.7003867 -0.2490245 0.8276609 0.5029556 -0.5598801 0.1112233 0.8210747 -0.5601259 0.1111371 0.8209187 -0.5600521 0.5067197 0.6554211 -0.5601829 0.5066755 0.6553436 -0.5602024 0.7664498 0.3142104 -0.5600504 0.7665655 0.3141989 -0.5600361 0.8209762 -0.1111657 -0.5600574 0.8209676 -0.111122 -0.5600328 0.6553907 -0.5067803 -0.5601161 0.6553564 -0.5067328 -0.5601403 0.3141968 -0.7665007 -0.5603587 0.3141652 -0.766354 -0.5602109 -0.1110962 -0.8208663 -0.5603383 -0.1111112 -0.8207772 -0.5602086 -0.5066978 -0.6553042 -0.560112 -0.5067434 -0.6553516 -0.5601248 -0.7665227 -0.3141707 -0.5601864 -0.766467 -0.3141968 -0.5600643 -0.820955 0.1111791 -0.5601368 -0.8209066 0.1111721 -0.560134 -0.655363 0.5067043 -0.5601221 -0.6553635 0.5067169 -0.5601941 -0.3142428 0.7664426 -0.5599579 -0.314204 0.7666311 -0.8146407 0.1035963 -0.5706385 -0.8146374 0.3750317 -0.4423993 -0.8146419 0.3750056 -0.4424132 -0.8146202 0.5460149 -0.1956061 -0.8146103 0.5460284 -0.1956101 -0.8145703 0.5707369 0.1036081 -0.8146584 0.5706171 0.1035758 -0.8146297 0.4423942 0.3750548 -0.8146274 0.4423909 0.3750635 -0.8146318 0.1956369 0.5459866 -0.8146203 0.1956325 0.5460053 -0.8146527 -0.1035839 0.5706238 -0.8146377 -0.1036059 0.5706412 -0.8146393 -0.3750326 0.4423952 -0.8146277 -0.3750398 0.4424104 -0.8146318 -0.545988 0.1956326 -0.8146096 -0.5460198 0.1956365 -0.8145573 -0.5707509 -0.1036341 -0.814639 -0.5706391 -0.1036064 -0.8146378 -0.442421 -0.3750053 -0.8146291 -0.4424107 -0.3750365 -0.8146215 -0.1955941 -0.5460172 -0.8146554 -0.1955941 -0.5459668 -0.8146393 0.1035927 -0.5706413 -0.2429663 -0.3354535 -0.910186 -0.2423639 -0.7400501 -0.627364 -0.2421174 -0.7400504 -0.6274588 -0.2420988 -0.9546412 -0.1733452 -0.2424541 -0.9545677 -0.1732528 -0.2424532 -0.9133108 0.3272305 -0.2422595 -0.9133665 0.3272184 -0.2422379 -0.6274079 0.7400541 -0.2419645 -0.6275054 0.740061 -0.2419645 -0.6275054 0.740061 -0.242304 -0.1732954 0.9545981 -0.2423193 -0.1732732 0.9545983 -0.24225 0.3271979 0.9133765 -0.2424016 0.3272477 0.9133183 -0.2423663 0.7400575 0.6273544 -0.2424387 0.7400401 0.6273469 -0.2424669 0.954559 0.1732826 -0.2422727 0.9545987 0.1733357 -0.2422134 0.9133647 -0.3272578 -0.2424183 0.9132976 -0.3272933 -0.2423653 0.6273677 -0.7400465 -0.2421768 0.6274209 -0.7400632 -0.2422839 0.1732879 -0.9546046 -0.2421852 0.1733022 -0.954627 -0.250299 -0.08850491 -0.9641148 -0.2502812 -0.08817166 -0.96415 -0.2502812 -0.08817166 -0.9641499 -0.276748 -0.3241168 -0.9046319 -0.5601515 -0.2793575 -0.7798653 -0.560104 -0.2794227 -0.7798761 -0.5600706 -0.6319378 -0.535701 -0.5602628 -0.6318098 -0.5356512 -0.560095 -0.8151201 -0.1478953 -0.560095 -0.8151201 -0.1478952 -0.560095 -0.8151201 -0.1478952 -0.56013 -0.8150933 -0.1479101 -0.5598638 -0.815253 -0.1480376 -0.5601619 -0.779839 0.2794095 -0.5602287 -0.7798167 0.2793385 -0.5602259 -0.5356184 0.6318702 -0.5601904 -0.5356627 0.6318643 -0.5602058 -0.1479674 0.8150308 -0.5601648 -0.1479575 0.8150609 -0.5601642 0.2793794 0.7798483 -0.5601989 0.2794272 0.7798061 -0.5602652 0.6317874 0.535675 -0.5600923 0.6319401 0.5356758 -0.56009 0.8151156 0.1479388 -0.5602692 0.8149839 0.1479864 -0.5603193 0.7797538 -0.2793322 -0.5600341 0.7799068 -0.2794771 -0.5600773 0.5357016 -0.6319314 -0.5601789 0.5357065 -0.6318373 -0.5601882 0.1479681 -0.8150427 -0.5601975 0.1479586 -0.8150382 -0.8146508 -0.002913773 0.5799444 -0.814614 -0.2925212 0.5008347 -0.8145996 -0.2925319 0.5008518 -0.8145864 -0.5038122 0.2874409 -0.8146797 -0.5036718 0.2874227 -0.8146534 -0.579941 -0.002901732 -0.8146574 -0.5799353 -0.002911448 -0.8146238 -0.5008311 -0.2925003 -0.814545 -0.5008923 -0.292615 -0.8145616 -0.2874802 -0.5038301 -0.8146851 -0.2874172 -0.5036662 -0.8146703 0.002902328 -0.5799173 -0.8145803 0.002941668 -0.5800435 -0.8145482 0.2925981 -0.5008969 -0.8146414 0.2924892 -0.5008089 -0.8146133 0.5037651 -0.2874475 -0.8146252 0.5037398 -0.287458 -0.8145806 0.5800431 0.002906143 -0.8146032 0.5800115 0.002906084 -0.8145748 0.5008771 0.292558 -0.8146629 0.5007661 0.2925025 -0.8146255 0.2874652 0.5037354 -0.8145743 0.2874541 0.5038245 -0.8145862 -0.002939522 0.5800352 -0.250427 0.2539426 0.9342375 -0.2767843 0.4762585 0.8346067 -0.2424237 -0.4893307 0.8377268 -0.528459 -0.4904204 0.6929784 -0.2494273 -0.3357313 0.908334 -0.2423751 -0.004890382 0.9701703 -0.5281312 -0.07823127 0.8455515 -0.5281313 -0.07823121 0.8455516 -0.5281312 -0.07823121 0.8455515 -0.2494952 0.1633722 0.9544955 -0.242321 -0.9701841 -0.004843533 -0.5286841 -0.8452029 -0.07826381 -0.2495234 -0.9545248 0.163158 -0.2495234 -0.9545248 0.163158 -0.2495234 -0.9545248 0.163158 -0.2424001 -0.8426492 0.4808166 -0.5283712 -0.7712516 0.3549576 -0.2495129 -0.7450317 0.6186042 -0.2421856 -0.4808729 -0.8426787 -0.528454 -0.3548986 -0.7712221 -0.2492963 -0.6187801 -0.7449582 -0.2424617 -0.8377141 -0.4893338 -0.2424617 -0.8377141 -0.4893338 -0.2424617 -0.8377141 -0.4893338 -0.5286087 -0.6928282 -0.4904711 -0.2494855 -0.9083073 -0.3357604 -0.2422791 0.4893672 -0.8377475 -0.5284794 0.4904446 -0.6929457 -0.2494141 0.3358077 -0.9083094 -0.2423139 0.004880249 -0.9701856 -0.5284461 0.07823538 -0.8453544 -0.2493756 -0.1633673 -0.9545277 -0.2423077 0.9701875 0.004841387 -0.5285404 0.845296 0.07822835 -0.2495194 0.9544884 -0.1633768 -0.2423877 0.8426389 -0.4808411 -0.5285879 0.771156 -0.3548427 -0.249449 0.7449114 -0.6187749 -0.5210005 0.3638594 0.7721171 -0.2493161 0.618771 0.7449591 -0.2421499 0.8377752 0.4893835 -0.5285041 0.6929083 0.4904709 -0.2494109 0.9083096 0.3358093 -0.5602111 0.4105176 0.7194713 -0.5600934 0.410594 0.7195193 -0.5601288 0.7153159 0.4178265 -0.5602095 0.7152718 0.4177938 -0.5598297 0.7155641 0.4178024 -0.5599436 0.7154765 0.4177997 -0.5601966 0.8283493 0.004149079 -0.5601835 0.8283584 0.004135251 -0.5601687 0.719483 -0.4105548 -0.560115 0.7195104 -0.41058 -0.5601353 0.4177828 -0.7153362 -0.5602843 0.4177819 -0.7152202 -0.5602247 0.0042001 -0.82833 -0.5601351 0.004171967 -0.8283908 -0.5601957 -0.4105833 -0.7194458 -0.5602459 -0.4105591 -0.7194205 -0.5602779 -0.7152099 -0.4178081 -0.5601413 -0.7153125 -0.4178157 -0.5601105 -0.8284075 -0.004157483 -0.5600562 -0.8284444 -0.004137456 -0.5600616 -0.7195349 0.4106101 -0.5601053 -0.7195346 0.410551 -0.5601273 -0.4178081 0.7153279 -0.5601773 -0.4178374 0.7152715 -0.5600999 -0.004161536 0.8284147 -0.5601547 -0.004178404 0.8283775 -0.4919676 0.8676673 -0.07156443 -0.4919841 0.8676566 -0.07157993 -0.4919872 0.8676641 -0.07146847 -0.4934886 0.8668168 -0.07139885 -0.4939554 0.8665498 -0.07141125 -0.4939554 0.8665499 -0.07141113 -0.4939554 0.8665499 -0.07141119 -0.4890699 0.8692976 -0.07163941 -0.48907 0.8692978 -0.07163941 -0.48907 0.8692978 -0.07163947 -0.4891542 0.8692573 -0.07155436 -0.134725 0.6784939 0.7221462 0 0.1830736 0.9830993 0 0.1830736 0.9830993 0 0.1830736 0.9830993 0.004386425 0.2450729 0.9694948 -1.44945e-4 0.3527145 0.935731 -1.4497e-4 0.3527145 0.9357309 -1.44943e-4 0.3527145 0.935731 3.90475e-4 0.6036015 0.7972862 3.90462e-4 0.6036015 0.7972862 3.90496e-4 0.6036015 0.7972862 0.009068191 0.538565 0.8425352 -0.134516 0.8233029 0.5514324 -0.134516 0.8233031 0.5514324 -0.134516 0.8233029 0.5514324 0 0.8850165 0.4655598 0.008142054 0.8516685 0.5240177 0.008141994 0.8516685 0.5240177 0.008142054 0.8516685 0.5240177 -0.008724927 0.9945755 0.1036515 -0.008724987 0.9945755 0.1036515 -0.008724987 0.9945755 0.1036515 0 0.9874463 0.157956 -0.1343566 0.7220577 -0.6786612 -0.1343566 0.7220578 -0.6786612 -0.1343566 0.7220578 -0.6786611 -0.006530702 0.1572176 -0.9875425 0 0.09074699 -0.995874 0.008209168 0.5236721 -0.8518804 0.008209109 0.5236721 -0.8518804 0.008209168 0.5236721 -0.8518804 -6.25394e-5 0.4646103 -0.8855153 -6.25217e-5 0.4646103 -0.8855153 2.97268e-5 0.4650268 -0.8852967 -0.134699 0.5512543 -0.8233923 0 0.9830442 -0.1833692 0 0.9830442 -0.1833692 0 0.9830442 -0.1833692 0.004217386 0.9701099 -0.2426298 -3.3786e-4 0.9357803 -0.3525835 3.30127e-4 0.7968235 -0.6042121 0.009050071 0.8423403 -0.5388702 2.22078e-5 0.7081823 -0.7060296 -0.4919914 -0.8676697 0.07137131 -0.4919643 -0.8676684 0.07157319 -0.4919738 -0.8676636 0.07156562 -0.4937972 -0.8666355 0.07146674 -0.4937972 -0.8666355 0.07146674 -0.4937972 -0.8666353 0.0714668 -0.4923182 -0.8675605 0.07044017 -0.4923182 -0.8675605 0.07044017 -0.4923181 -0.8675604 0.07044017 -0.4890984 -0.869369 0.07057034 -0.4890984 -0.869369 0.07057034 -0.4890984 -0.869369 0.07057034 -0.4919718 -0.8676825 0.07135134 -0.4920119 -0.07143723 -0.8676526 -0.4919595 -0.07139003 -0.8676863 -0.4919292 -0.07151776 -0.867693 -0.4919353 -0.07156789 -0.8676853 -0.4917336 -0.07143855 -0.8678103 -0.4917336 -0.07143849 -0.8678103 -0.4918544 -0.07147079 -0.8677392 -0.4934771 -0.0724669 -0.8667347 -0.4889374 -0.07266926 -0.8692867 -0.1351119 -0.6786038 -0.7219707 0 -0.1834204 -0.9830346 0.004341542 -0.2451967 -0.9694637 -1.41826e-4 -0.3527761 -0.9357079 4.19916e-4 -0.6031996 -0.7975901 0.00905466 -0.5385057 -0.8425733 -0.1345422 -0.8235245 -0.5510951 -0.1345422 -0.8235245 -0.5510951 -6.12978e-6 -0.7063441 -0.7078687 -6.16853e-6 -0.7063441 -0.7078687 -6.19968e-6 -0.706344 -0.7078688 2.54736e-5 -0.8853439 -0.4649369 0.008238017 -0.8517965 -0.5238081 0.008238077 -0.8517965 -0.5238081 0.008238017 -0.8517965 -0.5238081 -0.008527517 -0.994428 -0.105072 0 -0.9874414 -0.1579864 -0.4919412 0.07157504 0.8676814 -0.4919726 0.07152706 0.8676676 -0.4920149 0.07153606 0.8676428 -0.4920955 0.0715487 0.867596 -0.4919621 0.07145535 0.8676794 -0.491961 0.07147508 0.8676784 -0.4919695 0.07195699 0.8676337 -0.4919695 0.07195693 0.8676338 -0.4919696 0.07195693 0.8676337 -1 2.4108e-4 0 -1 -7.5274e-6 0 -1 2.14893e-5 0 -0.8146583 -0.2199957 0.5365947 -0.814624 -0.458824 0.3547793 -0.8146461 -0.4588094 0.3547474 -0.8146941 -0.5746464 0.07781499 -0.8146854 -0.5746582 0.07781761 -0.8146597 -0.5366049 -0.219966 -0.8147016 -0.536534 -0.2199831 -0.8147799 -0.3546214 -0.4586693 -0.8146015 -0.3547732 -0.4588689 -0.8146383 -0.07785189 -0.5747206 -0.8146383 -0.07785171 -0.5747205 -0.8146362 0.2200087 -0.536623 -0.8147335 0.2199035 -0.5365183 -0.8146885 0.4587674 -0.3547045 -0.8146494 0.4587953 -0.354758 -0.8146869 0.5746535 -0.07783865 -0.8145948 0.5747884 -0.07780599 -0.8145889 0.5366801 0.2200447 -0.8147417 0.5365123 0.2198874 -0.8146844 0.3547234 0.45876 -0.8146931 0.3546779 0.4587798 -0.8146599 0.07783824 0.5746917 -0.814607 0.07785391 0.5747644 -0.8146159 -0.2200271 0.5366461 -0.2633196 -0.01277244 0.9646242 -0.4650612 0.1188093 0.8772699 -0.4649767 0.1188054 0.8773152 -0.4649767 0.1188054 0.8773152 -0.4648762 -0.3358532 0.8192026 -0.2472019 -0.2718145 0.9300581 -0.2472019 -0.2718145 0.9300582 -0.2475262 -0.2718144 0.929972 -0.2504154 -0.11382 0.9614246 -0.2504174 -0.1139152 0.9614127 -0.2504154 -0.11382 0.9614246 -0.464753 -0.7004492 0.5416417 -0.247622 -0.7003274 0.669496 -0.2489861 -0.5030549 0.8276121 -0.4648255 -0.8773943 0.1188143 -0.4648254 -0.8773942 0.1188143 -0.4648255 -0.8773943 0.1188143 -0.2473636 -0.9413254 0.2296038 -0.248951 -0.8494248 0.4652965 -0.4646231 -0.8193337 -0.3358834 -0.2471638 -0.9300792 -0.2717772 -0.2490508 -0.9682455 -0.02178335 -0.2490508 -0.9682455 -0.02178335 -0.2490508 -0.9682455 -0.02178341 -0.4646885 -0.5416331 -0.7004986 -0.2471466 -0.6696005 -0.7003954 -0.2476108 -0.6695051 -0.7003228 -0.2487249 -0.8277092 -0.5030242 -0.4647406 -0.118772 -0.8774448 -0.2470396 -0.2296382 -0.941402 -0.2470397 -0.2296381 -0.941402 -0.2470397 -0.2296381 -0.941402 -0.2488428 -0.4653244 -0.8494413 -0.4647796 0.33581 -0.8192751 -0.2470474 0.2717762 -0.9301105 -0.2470474 0.2717762 -0.9301105 -0.2475089 0.2717953 -0.9299822 -0.2491684 0.02172446 -0.9682165 -0.4648651 0.7004379 -0.5415601 -0.2472928 0.7003395 -0.669605 -0.2493627 0.5028433 -0.8276274 -0.2493627 0.5028433 -0.8276274 -0.2493627 0.5028433 -0.8276274 -0.4648444 0.8773848 -0.1188091 -0.2472555 0.9413247 -0.2297228 -0.2472555 0.9413247 -0.2297228 -0.2491393 0.8494207 -0.4652033 -0.4647941 0.8192591 0.3358288 -0.247651 0.9299377 0.2718178 -0.2492325 0.9682009 0.02168428 -0.2471174 0.2296855 0.9413701 -0.2487452 0.4652392 0.8495165 -0.4646735 0.5416754 0.7004759 -0.2477107 0.6694223 0.7003665 -0.2488907 0.8276427 0.5030518 -0.2488907 0.8276427 0.5030518 -0.2488908 0.8276426 0.5030518 -0.5602059 0.1111888 0.8208571 -0.5602467 0.1111156 0.8208392 -0.5602249 0.5066502 0.6553272 -0.559956 0.506838 0.6554118 -0.5599958 0.766614 0.3141779 -0.5601233 0.7665086 0.3142077 -0.5600809 0.8209503 -0.111131 -0.5600157 0.8209902 -0.1111644 -0.5600372 0.6553959 -0.5067687 -0.5602027 0.6553239 -0.5066791 -0.5600377 0.3142094 -0.7665704 -0.5601292 0.314186 -0.7665132 -0.5600535 -0.111177 -0.8209627 -0.5600063 -0.1111628 -0.8209968 -0.5600063 -0.1111627 -0.8209968 -0.5601252 -0.1111444 -0.8209182 -0.5603285 -0.5066309 -0.6552535 -0.5602091 -0.5066992 -0.6553028 -0.5601954 -0.7664484 -0.314226 -0.5601038 -0.7665105 -0.3142379 -0.5601073 -0.8209266 0.1111733 -0.560127 -0.8209133 0.1111713 -0.5600258 -0.6553847 0.5067958 -0.5601748 -0.314232 0.766461 -0.5599785 -0.3142728 0.7665878 -0.06629198 -0.3450896 -0.9362258 -0.08703106 -0.09165686 -0.9919802 -0.08409225 0.1780592 -0.98042 -0.08416128 0.1780149 -0.9804221 -0.08420979 0.6443251 -0.7601013 -0.08422136 0.64429 -0.7601297 -0.08424162 0.9380628 -0.3360679 -0.08427417 0.938059 -0.3360705 -0.08427339 0.9804233 0.1779556 -0.08421277 0.9804232 0.1779851 -0.08415234 0.7600648 0.6443755 -0.08422851 0.7600697 0.64436 -0.08426576 0.3361043 0.9380475 -0.08410894 0.3360693 0.9380742 -0.08409225 -0.1780592 0.9804201 -0.08418798 -0.1780145 0.9804199 -0.08409732 -0.6443463 0.7600958 -0.08430218 -0.6443088 0.7601049 -0.08423638 -0.938063 0.3360686 -0.08424681 -0.9380617 0.3360697 -0.08417153 -0.980425 -0.1779942 -0.08422744 -0.980425 -0.1779687 -0.08432471 -0.760094 -0.6443188 -0.08417904 -0.7600941 -0.6443378 -0.0841912 -0.3360709 -0.9380663 0.03891533 0.9406843 -0.3370441 0.03891372 0.6461738 -0.7621976 -0.08602452 0.7201287 -0.6884871 -0.08665698 0.8737823 -0.4785344 0.03891324 -0.3370259 -0.9406909 -0.08611863 -0.2361118 -0.9679023 -0.08678215 0.02236187 -0.9959763 -0.08676433 0.02235078 -0.9959781 -0.08605647 0.279512 -0.9562779 -0.08592528 0.2793722 -0.9563305 -0.08653783 0.5175238 -0.8512816 0.0390287 -0.7622013 -0.6461625 -0.08617222 -0.6883848 -0.7202089 -0.08676165 -0.4785572 -0.8737594 0.03897702 -0.9831717 -0.178478 -0.08601856 -0.9563026 -0.2794392 -0.08668577 -0.8513657 -0.5173607 0.03894156 -0.940696 0.3370082 -0.0860148 -0.9678911 0.2361956 -0.0866627 -0.9959861 -0.02239555 0.0388832 -0.6462008 0.7621763 -0.08602452 -0.7201287 0.6884871 -0.08667606 -0.8737727 0.4785485 -0.08596587 -0.2794247 0.9563115 -0.08611512 -0.2794625 0.9562871 -0.0867694 -0.517436 0.8513115 0.0390836 0.3370068 0.9406906 -0.08567929 0.2362172 0.9679156 -0.08567923 0.2362172 0.9679156 -0.08567923 0.2362172 0.9679156 -0.08671802 -0.0223636 0.9959819 -0.07962155 -0.01349562 0.9967339 -0.07962155 -0.01349562 0.9967339 -0.07962155 -0.01349562 0.9967339 -0.08710008 -0.1173071 0.9892688 -0.0871002 -0.1173071 0.9892688 -0.0871002 -0.1173071 0.9892688 0.03894037 0.7622435 0.6461181 -0.08616572 0.6884421 0.7201549 -0.08669114 0.4787314 0.873671 -0.08615249 0.9678921 -0.2361413 -0.08672696 0.9959807 0.02238053 0.0389136 0.9831719 0.1784904 -0.08610087 0.9562894 0.2794587 -0.086685 0.8513576 0.517374 -0.06641399 -0.3450495 -0.9362319 -0.0871756 -0.09106367 -0.9920221 -0.08428442 0.1779716 -0.9804195 -0.08422094 0.1779966 -0.9804204 -0.08426016 0.6443478 -0.7600765 -0.08419406 0.6443676 -0.7600669 -0.08420312 0.9380565 -0.3360952 -0.08426237 0.9380456 -0.3361106 -0.08425104 0.9804212 0.1779782 -0.08412724 0.9804219 0.1780325 -0.08413028 0.7600787 0.6443621 -0.0840829 0.7600792 0.6443676 -0.08410853 0.3360608 0.9380773 -0.08416807 0.3360908 0.9380611 -0.08416444 -0.1779692 0.9804302 -0.08419823 -0.1779532 0.9804302 -0.0841462 -0.6443721 0.7600686 -0.08422881 -0.6443472 0.7600805 -0.08421766 -0.9380553 0.3360947 -0.08408093 -0.9380868 0.3360412 -0.08407521 -0.9804277 -0.1780253 -0.08422315 -0.9804276 -0.1779556 -0.08421063 -0.7600772 -0.6443535 -0.08428257 -0.7601001 -0.6443169 -0.08424562 -0.3360669 -0.9380628 -0.08423554 0.938066 -0.3360605 -0.08420532 0.6443249 -0.7601019 0.08766621 0.5754971 -0.8130915 -0.08687758 0.7663176 -0.6365608 -0.08588749 -0.4164628 -0.9050868 -0.0858466 -0.416469 -0.9050878 -0.0868228 -0.1681223 -0.9819352 -0.0869041 -0.1680439 -0.9819414 -0.08424693 0.1779838 -0.9804204 0.08780688 0.09179365 -0.9918991 -0.08681577 0.3454704 -0.9344053 -0.08417654 -0.9804177 -0.1780325 0.08786809 -0.9918888 -0.0918464 -0.08670347 -0.9344373 -0.3454121 -0.0841251 -0.7601168 -0.6443178 0.08760029 -0.8130513 -0.5755641 -0.08688402 -0.6365195 -0.7663512 -0.08419483 -0.644372 0.7600632 0.08784455 -0.5754508 0.8131051 -0.08683896 -0.7664564 0.636399 -0.08420407 -0.9380493 0.3361153 0.08773839 -0.9049143 0.4164521 -0.08679205 -0.9819284 0.1681784 -0.08683443 0.1679763 0.9819592 -0.08678573 0.1680726 0.981947 -0.08417999 -0.1779543 0.9804316 0.08771324 -0.09184151 0.9919031 -0.08682078 -0.3453817 0.9344376 -0.08413892 0.7601153 0.6443178 0.08761996 0.8130564 0.5755537 -0.08689206 0.6365422 0.7663316 -0.08588618 0.4164991 0.9050703 -0.07393538 0.4251228 0.9021109 -0.08715778 0.2616233 0.9612267 0.08770841 0.9049425 -0.4163969 -0.08685696 0.9819395 -0.1680794 -0.08425563 0.9804109 0.1780319 0.08790647 0.9918912 0.09178388 -0.08673959 0.9344146 0.3454644 0 -0.08213269 -0.9966214 0 0.08214217 0.9966206 0 0.9966207 -0.08214187 0 0.9966208 -0.08214133 0 0.08212095 0.9966225 0 -0.08212798 -0.9966219 0 -0.9966214 0.08213293 0 -0.9966216 0.08213144 -0.1346834 -0.721877 0.6787887 0 -0.08793693 0.9961261 0.006317198 -0.02304452 0.9997145 -0.134166 -0.5510841 0.8235932 -0.1342455 -0.5511217 0.8235552 -0.1342454 -0.5511217 0.8235552 -3.4066e-4 -0.1993664 0.979925 2.0454e-4 -0.4174879 0.9086824 0.004755258 -0.4623865 0.8866658 -0.00513637 -0.7374781 0.6753516 0.003671467 -0.7984668 0.6020278 -0.00387609 -0.9575602 0.2882074 0 -0.9682897 0.2498303 0.03897088 0.9407045 -0.3369815 0.03891313 0.6461709 -0.7622001 -0.08601874 0.7201043 -0.6885133 -0.08664011 0.8737754 -0.47855 0.03902703 -0.3370816 -0.9406663 -0.08677959 0.02251619 -0.9959731 -0.08687579 0.02235132 -0.9959684 -0.08687579 0.02235132 -0.9959685 -0.08687579 0.02235132 -0.9959685 -0.08596539 0.2794231 -0.956312 -0.08612096 0.2794874 -0.9562792 -0.08662754 0.5174092 -0.8513421 0.03891241 -0.7622074 -0.6461624 -0.08613348 -0.6884627 -0.720139 -0.08667403 -0.4786366 -0.8737245 0.03882759 -0.9831739 -0.178498 -0.08617329 -0.9562867 -0.2794458 -0.08671975 -0.851343 -0.5173923 0.03889787 -0.9406805 0.3370565 -0.08622246 -0.9678958 0.2361006 -0.0868178 -0.9959722 -0.02241331 0.03885698 -0.6461917 0.7621853 -0.08617341 -0.7201588 0.6884371 -0.08668804 -0.8737303 0.4786236 -0.08605402 -0.2794035 0.9563099 -0.08603125 -0.2795108 0.9562805 -0.08674573 -0.517449 0.851306 0.03885322 0.337068 0.9406784 -0.08621418 0.2361384 0.9678874 -0.0868591 -0.02251845 0.9959661 -0.07939273 -0.01319593 0.9967561 -0.08719927 -0.1172662 0.9892649 -0.08719938 -0.1172661 0.9892649 -0.08719933 -0.1172661 0.9892649 0.03902906 0.7622084 0.6461542 -0.08602756 0.6883903 0.7202208 -0.08669227 0.4785291 0.8737818 -0.08601248 0.9679132 -0.236106 -0.08664262 0.9959897 0.02230501 0.03904175 0.9831761 0.1784393 -0.08612293 0.9562648 0.2795362 -0.08646434 0.8513181 0.5174762 -0.08646434 0.851318 0.5174762 -0.08646434 0.8513181 0.5174762 -1 -7.05657e-6 0 -1 -5.54373e-6 0 -1 2.82239e-5 0 -1 7.05657e-6 0 -1 5.54324e-6 0 -1 -2.82215e-5 0 -1 2.82223e-5 0 -1 7.05577e-6 0 -1 -7.05577e-6 0 -1 1.1087e-5 0 -1 1.66293e-5 0 -1 1.82793e-5 0 -1 1.41131e-5 0 -1 -1.1087e-5 0 -1 -3.16456e-6 0 -1 1.41107e-5 0 -1 -2.77186e-6 0 -1 -6.0931e-6 0 -1 3.16488e-6 0 -1 -1.41091e-5 0 -1 -7.05537e-6 0 -1 -2.82256e-5 0 -1 2.21739e-5 0 -1 -2.82225e-5 0 -1 2.21712e-5 0 -1 -2.82179e-5 0 -1 -1.10864e-5 0 -1 7.05567e-6 0 -1 -1.10859e-5 0 -1 7.05547e-6 0 -1 -7.05452e-6 0 -1 -1.41125e-5 0 -1 -2.21747e-5 0 -1 -1.10876e-5 0 -1 -1.23101e-5 0 -1 -1.62084e-5 0 -1 7.05517e-6 0 -1 5.54361e-6 0 -1 -1.38582e-6 0 -1 1.23112e-5 0 -1 -7.05557e-6 0 -1 -5.54324e-6 0 -0.9277153 -0.06667512 0.367286 -0.8499568 0.01607269 0.5266072 -0.8497619 0.01638716 0.526912 -0.9599629 -0.1811323 0.213688 -0.9534029 -0.1849458 0.2383651 -0.9632676 -0.2054542 0.172928 -0.9620248 -0.2009067 0.1847833 -0.9604384 -0.1951843 0.1986488 -0.9589109 -0.1877684 0.2126804 -0.9589244 -0.1878004 0.2125911 -0.9589109 -0.1877684 0.2126805 -0.9571139 -0.1782707 0.2283695 -0.9521517 -0.1512568 0.265572 -0.9567742 -0.2070614 0.204227 -0.9152956 -0.3791821 0.1358495 -0.9317364 -0.3586856 0.05667454 -0.9276998 -0.3673202 -0.06670069 -0.8497382 -0.5269548 0.01623505 -0.8498116 -0.5268377 0.01619571 -0.8498116 -0.5268377 0.01619571 -0.959958 -0.2137058 -0.1811373 -0.9534158 -0.23831 -0.1849506 -0.9632627 -0.1730376 -0.2053847 -0.9620561 -0.1844177 -0.2010925 -0.9620561 -0.1844177 -0.2010925 -0.9620693 -0.1843252 -0.2011141 -0.9605241 -0.1981468 -0.1952729 -0.9605362 -0.1980206 -0.1953409 -0.9605362 -0.1980206 -0.1953408 -0.9588771 -0.2129009 -0.1876916 -0.958877 -0.2129009 -0.1876916 -0.9588771 -0.2129008 -0.1876916 -0.9570978 -0.2284681 -0.1782303 -0.9317244 -0.05671292 -0.3587108 -0.9152825 -0.1358482 -0.3792141 -0.9567774 -0.2041964 -0.2070769 -0.9521414 -0.2656109 -0.1512542 -0.9277133 0.06667941 -0.3672898 -0.8499937 -0.01601171 -0.5265496 -0.9567748 0.1675693 -0.2377024 -0.9517785 0.2402844 -0.1907382 -0.9570878 0.1952719 -0.2141308 -0.9603414 0.1649379 -0.2248108 -0.9618965 0.1502119 -0.228455 -0.9631767 0.1378785 -0.2308253 -0.9560316 0.1896258 -0.2237087 -0.9567723 0.2070541 -0.2042434 -0.9152783 0.3792208 -0.1358572 -0.9317835 0.3586266 -0.0562722 -0.9317363 0.3586981 -0.05659663 -0.9277019 0.3673147 0.06670218 -0.8499872 0.5265575 -0.01609045 -0.9599582 0.2137058 0.1811358 -0.9534043 0.2383533 0.1849541 -0.9632669 0.1730714 0.2053371 -0.9620614 0.1843737 0.2011081 -0.9620614 0.1843737 0.2011081 -0.9620754 0.1842806 0.2011261 -0.960487 0.1984602 0.1951372 -0.9589225 0.2127057 0.1876807 -0.9589124 0.2127901 0.1876364 -0.9589124 0.2127901 0.1876364 -0.9570767 0.2286069 0.1781663 -0.9317367 0.05654585 0.358705 -0.915271 0.1358636 0.3792362 -0.9567748 0.204226 0.2070596 -0.9521489 0.2655628 0.1512914 -1 7.05437e-6 0 -1 -2.77162e-6 0 -1 -1.82802e-5 0 -1 -1.41131e-5 0 -1 1.10884e-5 0 -1 6.32975e-6 0 -1 -3.39417e-5 0 -1 2.77199e-6 0 -1 6.0934e-6 0 -1 1.41084e-5 0 -1 -7.05497e-6 0 -1 -1.10884e-5 0 -1 -6.32911e-6 0 -1 3.39374e-5 0 0 0.9839203 0.1786085 0 0.7628018 0.6466324 0 0.3372889 0.9414013 0 0.3373034 0.941396 0 -0.1786099 0.98392 0 -0.1786139 0.9839193 0 -0.6466515 0.7627856 0 -0.6466702 0.7627698 0 -0.9414052 0.3372778 0 -0.9414125 0.3372575 0 -0.9839181 -0.1786202 0 -0.9839192 -0.1786144 0 -0.7627687 -0.6466715 0 -0.7627821 -0.6466556 0 -0.3372925 -0.9413999 0 -0.3373067 -0.9413949 0 0.1786099 -0.98392 0 0.1786137 -0.9839193 0 0.6466791 -0.7627622 0 0.6466789 -0.7627624 0 0.9413985 -0.3372966 0 0.9413986 -0.3372961 0 0.9839192 0.1786141 0 0.9414042 -0.3372805 0 0.6466771 -0.7627639 0 0.6466545 -0.7627831 0 0.1786317 -0.9839161 0 0.1786249 -0.9839172 0 -0.3373039 -0.9413959 0 -0.3372871 -0.9414018 0 -0.7627877 -0.6466491 0 -0.7627742 -0.6466649 0 -0.9598615 -0.2804745 0 -0.95986 -0.2804796 0 -0.9997454 -0.0225687 0 -0.9997458 -0.02254796 0 -0.9414005 0.3372908 0 -0.6466574 0.7627807 0 -0.6466426 0.7627933 0 -0.1786302 0.9839164 0 -0.1786264 0.983917 0 0.337311 0.9413933 0 0.3373039 0.9413959 0 0.7627742 0.6466649 0 0.7627608 0.6466808 0 0.9598664 0.2804582 0 0.9598705 0.2804439 0 0.999747 0.02249544 0 0.9997475 0.0224747 0 0.9414079 -0.3372703 0 0.9839197 0.1786115 0 0.7628035 0.6466304 0 0.7628015 0.6466327 0 0.3372767 0.9414056 0 0.3372638 0.9414103 0 -0.178614 0.9839192 0 -0.1786126 0.9839196 0 -0.6466531 0.7627844 0 -0.6466511 0.762786 0 -0.9414044 0.33728 0 -0.9414018 0.3372872 0 -0.9839144 -0.1786409 0 -0.9839134 -0.1786465 0 -0.7627722 -0.6466673 0 -0.3372997 -0.9413974 0 -0.3372867 -0.941402 0 0.1785992 -0.983922 0 0.1786077 -0.9839205 0 0.6466848 -0.7627575 0 0.6466827 -0.7627591 0 0.9413892 -0.3373223 0 0.941388 -0.3373258 0 0.98392 0.1786097 0 0.908415 -0.4180697 0 0.9856787 -0.1686346 0 0.9084161 -0.4180672 0 0.6466503 -0.7627868 0 0.1785995 -0.9839219 0 -0.3372882 -0.9414016 0 -0.3372869 -0.941402 0 -0.7627881 -0.6466486 0 -0.7627756 -0.6466633 0 -0.9839155 -0.178635 0 -0.9839141 -0.1786426 0 -0.9856469 0.16882 0 -0.9084343 0.4180278 0 0.9856806 -0.168623 0 0.9839144 0.1786409 0 0.983913 0.1786484 0 0.7628025 0.6466315 0 0.3372861 0.9414022 0 0.3372997 0.9413974 0 -0.1785999 0.9839219 0 -0.1786077 0.9839205 0 -0.6466689 0.7627708 0 -0.6466679 0.7627717 0 -0.9084302 0.4180368 -0.8146356 0.1036115 -0.5706431 -0.8146373 0.3750127 -0.4424155 -0.8145849 0.3750691 -0.4424643 -0.8145358 0.5461308 -0.1956342 -0.8145989 0.5460359 -0.1956362 -0.8145652 0.570737 0.1036481 -0.814665 0.5706025 0.1036052 -0.8146294 0.4424465 0.3749933 -0.8145889 0.4424326 0.3750979 -0.8146026 0.19563 0.5460327 -0.8146396 0.1956035 0.5459868 -0.8146302 -0.1035968 0.5706535 -0.8146347 -0.1035991 0.5706467 -0.8146369 -0.3750125 0.4424166 -0.8145883 -0.3750714 0.4424562 -0.8145215 -0.5461488 0.1956433 -0.8145292 -0.5461337 0.1956534 -0.8145132 -0.5708103 -0.103654 -0.8146581 -0.5706169 -0.1035804 -0.8146439 -0.4424132 -0.3750013 -0.8145796 -0.4424508 -0.3750967 -0.8145888 -0.1956266 -0.5460544 -0.8146759 -0.1955953 -0.5459356 -0.8146585 0.1035951 -0.5706135 -0.2428842 -0.3354579 -0.9102062 -0.2422081 -0.7400593 -0.6274135 -0.2424309 -0.7400411 -0.6273488 -0.2424747 -0.9545592 -0.1732711 -0.2424491 -0.9545643 -0.1732786 -0.2424421 -0.9132989 0.3272719 -0.2422417 -0.9133615 0.3272457 -0.2422621 -0.6274294 0.740028 -0.2423906 -0.6273648 0.7400407 -0.2422831 -0.1732953 0.9546034 -0.2423187 -0.1732736 0.9545984 -0.2425901 0.3272665 0.9132616 -0.2425901 0.3272665 0.9132616 -0.2425901 0.3272665 0.9132616 -0.2423316 0.3272391 0.91334 -0.2422288 0.740042 0.6274258 -0.2424081 0.7400517 0.6273452 -0.2421491 0.9546352 0.1733076 -0.2421491 0.9546352 0.1733076 -0.2424334 0.9545681 0.17328 -0.2424529 0.9133096 -0.327234 -0.2424219 0.9133147 -0.3272428 -0.2423739 0.6273899 -0.7400249 -0.2423627 0.6273724 -0.7400435 -0.2422827 0.173295 -0.9546036 -0.2422869 0.1732786 -0.9546055 -0.2502376 -0.08839362 -0.9641409 -0.276689 -0.3241075 -0.9046534 -0.5601439 -0.2794005 -0.7798552 -0.5602225 -0.2793961 -0.7798004 -0.5602598 -0.6318302 -0.5356302 -0.5602008 -0.6318849 -0.5356273 -0.5602137 -0.8150316 -0.1479333 -0.5602582 -0.814999 -0.1479445 -0.5599001 -0.7800185 0.2794334 -0.5599001 -0.7800185 0.2794334 -0.5598206 -0.7800689 0.279452 -0.5601392 -0.7798539 0.2794135 -0.5601522 -0.5356688 0.6318928 -0.5601933 -0.5356791 0.6318478 -0.5602323 -0.1479593 0.8150141 -0.5601633 -0.1479642 0.8150605 -0.5602227 0.2793931 0.7798013 -0.5601792 0.2794173 0.7798238 -0.5602384 0.6318412 0.5356395 -0.5601909 0.63189 0.5356315 -0.5602186 0.8150211 0.1479724 -0.5601527 0.8150691 0.1479572 -0.5601619 0.779839 -0.2794095 -0.5601243 0.7798706 -0.2793971 -0.5601308 0.5356782 -0.6319038 -0.5602135 0.535671 -0.6318366 -0.5602016 0.1479823 -0.8150311 -0.5601615 0.1479642 -0.8150619 0 0.941401 -0.3372895 0 0.6466268 -0.7628065 0 0.6466259 -0.7628073 0 0.1786133 -0.9839194 0 0.1786097 -0.98392 0 -0.3372278 -0.9414231 0 -0.3372213 -0.9414255 0 -0.7628155 -0.6466162 0 -0.7628011 -0.6466333 0 -0.9598731 -0.2804347 0 -0.9598752 -0.2804276 0 -0.9997474 -0.02247786 0 -0.9997473 -0.02248197 0 -0.9414169 0.3372454 0 -0.9414119 0.3372592 0 -0.6466259 0.7628073 0 -0.1786137 0.9839194 0 -0.1786091 0.9839202 0 0.3372513 0.9414147 0 0.3372436 0.9414175 0 0.762802 0.6466321 0 0.7628011 0.6466333 0 0.9598582 0.2804858 0 0.9598624 0.2804714 0 0.9997435 0.02264684 0 0.9997437 0.02264595 0 0.9414053 -0.3372775 -1 1.66309e-5 0 -1 4.15752e-6 0 -1 -3.23382e-6 0 -1 1.66306e-5 0 -1 -1.66315e-5 0 -1 1.66312e-5 0 -1 -1.34544e-5 0 -1 -1.29356e-5 0 -1 1.66301e-5 0 -1 4.1578e-6 0 -1 -3.23399e-6 0 -1 -4.1578e-6 0 -1 5.19673e-6 0 -1 1.46733e-5 0 -1 -1.34528e-5 0 -1 1.29354e-5 0 -1 3.23382e-6 0 -1 3.2339e-6 0 -1 -1.66301e-5 0 -1 6.46755e-6 0 -1 1.66308e-5 0 -1 -1.2935e-5 0 -1 -1.29357e-5 0 -1 6.4668e-6 0 -1 1.66299e-5 0 -1 -1.66299e-5 0 -1 1.66308e-5 0 -1 -8.31615e-6 0 -1 3.23386e-6 0 -1 4.15773e-6 0 -1 -7.65615e-6 0 -1 2.39436e-5 0 -1 -1.29348e-5 0 -1 -1.29338e-5 0 -1 8.31532e-6 0 -1 -4.15766e-6 0 -1 -6.4678e-6 0 -1 1.5313e-5 0 -1 -2.39426e-5 0 -0.06636506 -0.3450406 -0.9362386 -0.08712768 -0.09092259 -0.9920393 -0.08415335 0.1779768 -0.9804298 -0.08421111 0.1779546 -0.9804289 -0.08415383 0.6443743 -0.7600657 -0.08420681 0.6443445 -0.7600853 -0.08421033 0.9380553 -0.3360966 -0.08426064 0.9380437 -0.3361163 -0.08425652 0.9804211 0.1779763 -0.08413022 0.9804209 0.1780368 -0.08413493 0.760055 0.6443895 -0.08427691 0.7601013 0.6443162 -0.08424025 0.3360534 0.938068 -0.08429282 0.3360811 0.9380535 -0.08424061 -0.1779754 0.9804225 -0.08420962 -0.1779901 0.9804225 -0.0841422 -0.6443975 0.7600473 -0.0842145 -0.6443718 0.7600611 -0.08421003 -0.9380342 0.3361557 -0.08415895 -0.9380499 0.3361244 -0.08419227 -0.9804269 -0.1779739 -0.08412021 -0.9804289 -0.1779974 -0.08412772 -0.7600554 -0.6443899 -0.08422142 -0.7600931 -0.6443333 -0.08416432 -0.3360851 -0.9380636 -0.9686351 0.227988 0.09883069 -0.9543601 0.2958451 0.04089707 -0.7040026 0.6941412 0.1501614 -0.6397444 0.7011262 0.3148799 -0.7830874 0.6216041 0.01955914 -0.761149 0.6418401 0.09323906 -0.8210942 0.5485563 0.157767 -0.8754346 0.4781293 0.07075744 -0.8713731 0.4875112 0.05515271 -0.9196947 0.34918 0.1795411 -1 -1.46735e-5 0 -1 -3.23348e-6 0 -1 -2.0789e-6 0 -1 -5.19759e-6 0 -1 1.46737e-5 0 -1 -1.34532e-5 0 -1 -1.29353e-5 0 -1 1.66295e-5 0 -1 2.07876e-6 0 -0.7060903 -0.705421 -0.06178855 -0.7060312 -0.7059376 -0.05632209 -0.7060312 -0.7059376 -0.05632209 -0.7060311 -0.7059376 -0.05632209 -0.8129632 -0.5815014 -0.03077286 -0.812536 -0.5822847 -0.02701538 -0.812536 -0.5822846 -0.02701544 -0.8125361 -0.5822847 -0.02701544 -0.8975786 -0.4408538 8.48497e-4 -0.8975786 -0.4408538 8.48496e-4 -0.8975786 -0.4408538 8.48484e-4 -0.8972746 -0.4414628 0.00300002 -0.9567404 -0.289137 0.03236663 -0.9567404 -0.289137 0.03236663 -0.9567404 -0.289137 0.03236663 -0.9567176 -0.2891669 0.03277283 -0.9567176 -0.2891669 0.03277283 -0.9567176 -0.2891669 0.03277283 -6.07638e-6 -0.3551576 0.9348065 -0.009477853 -0.1786227 0.9838721 9.0589e-6 -0.519168 0.8546723 -0.01072168 -0.6466152 0.762741 -1.17033e-5 -0.7228317 0.6910242 -0.007129788 -0.9413766 0.3372824 -0.003501296 -0.9319791 0.3624951 -4.51536e-6 -0.8364281 0.5480768 -7.79637e-6 -0.891171 -0.4536676 0 -0.9522498 -0.30532 -0.01116585 -0.9838544 -0.1786221 -1.57306e-6 -0.9988211 -0.04854393 4.98826e-6 -0.9909276 0.1343964 -0.004121303 -0.7749749 -0.6319787 -0.006850779 -0.7627732 -0.6466298 1.76448e-6 -0.6078814 -0.7940279 -7.17291e-6 -0.4524948 -0.8917671 -0.01170504 -0.3372824 -0.9413307 0 -0.2062957 -0.9784897 -1.59582e-5 0.1785946 -0.9839228 -0.03306329 0.3505892 -0.9359455 0 0.1012559 -0.9948604 3.09306e-6 0.9908679 -0.1348364 -0.008085906 0.9413835 -0.3372415 -0.003938555 0.9318494 -0.3628239 0 0.8365747 -0.5478529 -1.21958e-5 0.646651 -0.7627861 -0.01953363 0.7216833 -0.6919478 1.47643e-5 0.5195008 -0.85447 -7.39221e-6 0.9988731 0.04746228 -0.01241654 0.9838444 0.1785945 4.26957e-6 0.9525508 0.3043798 -4.49995e-6 0.8913694 0.4532778 -0.004786431 0.7628017 0.6466149 -0.0077762 0.7743085 0.6327605 0 -0.1011562 0.9948707 0 0.2064111 0.9784654 -0.01169669 0.3372346 0.941348 -7.41347e-6 0.4525685 0.8917298 2.61162e-6 0.6083471 0.7936713 -3.36993e-6 0.3554825 -0.9346829 -0.01049274 0.1786215 -0.983862 0 0.5203275 -0.8539668 -0.01181566 0.6466061 -0.7627326 -1.55639e-5 0.7235834 -0.6902371 -4.56408e-6 0.8374214 -0.546558 -0.00454986 0.9413909 -0.3372871 -0.00809133 0.9338392 -0.3576019 -4.31964e-6 0.8887549 0.4583829 -3.83591e-6 0.9516199 0.3072777 -0.01172018 0.9838532 0.1785932 7.03881e-6 0.9987267 0.05044734 -1.23339e-6 0.9912047 -0.132338 -0.005149543 0.7688525 0.6394056 -0.006558537 0.7627899 0.6466132 6.64268e-6 0.6049638 0.7962529 -7.17122e-6 0.4496384 0.8932108 -0.01187229 0.33723 0.9413475 0 0.2032801 0.9791206 0 -0.1016387 0.9948214 -0.01032823 -0.1786205 0.983864 -1.04128e-5 -0.3555619 0.9346529 -1.73789e-5 -0.9414039 0.3372813 -0.04162412 -0.9897872 0.136341 -0.004496574 -0.9333587 0.3589171 2.42629e-6 -0.8376482 0.5462101 -8.46018e-6 -0.6466298 0.762804 -0.02018165 -0.7211401 0.6924953 -9.95274e-6 -0.5207286 0.8537224 -0.007546961 -0.7627694 -0.6466265 -0.00569415 -0.7698758 -0.6381683 -4.22171e-6 -0.8891972 -0.4575244 -5.47217e-6 -0.9839172 -0.1786248 -0.0268746 -0.9514693 -0.3065682 8.81014e-6 -0.9987967 -0.04904365 0 0.1014867 -0.9948369 0 -0.2041072 -0.9789485 -0.01301783 -0.3372312 -0.9413319 -1.62104e-5 -0.4503768 -0.8928387 0 -0.6057755 -0.7956357 -1 -1.74614e-6 0 -1 1.90813e-5 0 -1 5.3771e-6 0 -1 -1.46912e-5 0 -4.69468e-5 -0.1786304 0.9839162 -0.05483746 -0.3451536 0.9369428 3.49567e-6 -0.990992 0.1339215 -0.01454532 -0.9412947 0.3372727 -0.00713402 -0.9318705 0.3627209 1.63257e-6 -0.8367567 0.547575 -3.41083e-5 -0.6466577 0.7627804 -0.0336728 -0.7197088 0.693459 1.25645e-5 -0.520021 0.8541536 -1.26095e-6 -0.9988732 -0.04745936 -0.02241271 -0.9836691 -0.178586 9.76672e-6 -0.9525135 -0.3044966 -0.01255387 -0.7627414 -0.6465818 -0.008377432 -0.7728129 -0.6345788 -3.86794e-6 -0.890847 -0.4543036 -0.02044653 -0.3371915 -0.9412141 -1.14447e-5 -0.4519695 -0.8920334 7.08723e-6 -0.607337 -0.7944445 -0.01604199 0.1785873 -0.9837933 0 0.1011509 -0.9948712 0 -0.2057691 -0.9786006 -8.15371e-6 0.836894 -0.5473652 -2.21176e-5 0.7229975 -0.6908507 -0.01782196 0.6465248 -0.7626848 9.47609e-7 0.5196434 -0.8543832 -2.2955e-5 0.3550239 -0.9348573 -0.005869984 0.9324921 -0.3611428 -0.01143842 0.941344 -0.3372548 0 0.9909622 -0.1341419 0 0.9988235 0.04849469 -0.01791948 0.9837616 0.1785837 -3.68882e-7 0.9522711 0.3052538 -0.01093471 0.7627459 0.6466059 -0.006830096 0.7741153 0.633008 -6.2739e-6 0.8908152 0.454366 -6.29349e-6 0.8908152 0.454366 -6.33528e-6 0.8908151 0.4543659 0 -0.1015378 0.9948317 0 0.205931 0.9785665 -0.01914566 0.337203 0.9412373 -1.81115e-5 0.4521198 0.8919573 7.28746e-6 0.6075866 0.7942535 -5.19994e-5 0.1786105 -0.9839199 -0.05613404 0.346463 -0.9363827 8.77145e-6 0.990721 -0.1359117 -0.01447069 0.9413076 -0.3372402 -0.006688237 0.9311156 -0.3646631 4.60362e-6 0.8359166 -0.5488564 -1.79081e-5 0.6466303 -0.7628036 -0.03388214 0.720311 -0.6928232 1.07412e-5 0.5190224 -0.8547606 -1.44734e-5 0.9989287 0.04627513 -0.02163189 0.9836905 0.178564 6.38385e-6 0.9529528 0.3031188 -6.16232e-6 0.8919753 0.4520843 -0.007829606 0.7627679 0.646625 -0.01347154 0.7752769 0.6314779 -0.01942342 0.337202 0.941232 -6.28894e-6 0.4537053 0.8911519 0 0.6092568 0.7929731 -0.01538938 -0.178615 0.9837988 0 -0.1009247 0.9948941 0 0.2076489 0.9782035 -5.17965e-6 -0.8364772 0.5480018 -1.31551e-5 -0.7225908 0.6912761 -0.01721304 -0.6465349 0.7626902 5.50025e-6 -0.5189902 0.8547803 -2.07834e-5 -0.3548337 0.9349295 -0.005494534 -0.9316397 0.3633418 -0.01150083 -0.941341 0.337261 3.42473e-6 -0.9908625 0.1348761 -1.07744e-5 -0.9988501 -0.04794478 -0.01800227 -0.9837566 -0.1786029 5.63148e-7 -0.9523935 -0.3048716 -0.01123261 -0.7627442 -0.6466028 -0.006724178 -0.7749959 -0.6319305 -1.06404e-5 -0.8910576 -0.4538904 0 0.1009921 -0.9948872 0 -0.2061899 -0.978512 -0.01961219 -0.3372067 -0.9412264 -1.18645e-5 -0.4524609 -0.8917843 3.16966e-6 -0.6079064 -0.7940089 -1 9.31255e-6 0 -1 -8.06573e-6 0 -1 7.34538e-6 0 -1 5.37721e-6 0 -1 -9.31311e-6 0 -0.9883521 -0.1496433 0.02769768 -0.9853917 -0.1637355 0.04684048 -0.983384 -0.1678307 0.06920117 -0.9914355 -0.1208901 -0.04940849 -0.9898002 -0.1379714 -0.035492 -0.9893692 -0.1442236 -0.01865911 -0.9876824 -0.1551867 -0.02001667 -0.98382 -0.1790933 -0.004878461 -0.9937166 -0.09732824 -0.05526983 -0.9932118 -0.1021901 -0.05556559 -0.9940321 -0.08336293 -0.07036215 -0.9950203 -0.0631271 -0.07713329 -0.9955185 -0.05445581 -0.07731389 -0.9953828 -0.04402363 -0.08529382 -0.9954257 -0.02413922 -0.09243983 -0.9956458 -0.004515945 -0.09310764 -0.9955258 -0.002834677 -0.09444802 -0.9897657 0.1059804 -0.09556329 -0.9896177 0.1039468 -0.09925723 -0.9835261 0.1417248 -0.1122084 -0.9903597 0.08690732 -0.1078649 -0.9921779 0.06327557 -0.1076073 -0.993796 0.04848068 -0.1000961 -0.9938673 0.04008454 -0.1030589 -0.9945578 0.01810932 -0.1026006 -0.9831945 0.1787649 -0.03703683 -0.9836294 0.1736817 -0.04804199 -0.9856882 0.1574998 -0.06010574 -0.9877736 -0.1529811 0.0300014 -0.9913854 -0.1291542 0.02177947 -0.9913218 -0.1295499 0.02231305 -0.9967871 -0.07992619 0.005236804 -0.9967522 -0.08032399 0.005756437 -0.9994732 -0.03040152 -0.01136243 -0.999467 -0.03078418 -0.01087266 -0.9994238 0.01923698 -0.02796447 -0.9994445 0.0188536 -0.02748352 -0.9966385 0.06879162 -0.04448932 -0.9966861 0.06840872 -0.04401439 -0.9911422 0.1180408 -0.06085729 -0.9912144 0.1176685 -0.06040102 -0.9891002 0.1319968 -0.06525218 -0.9908749 0.1244666 -0.05172073 -1 2.21748e-5 0 -1 7.05557e-6 0 -1 5.54311e-6 0 -1 1.10867e-5 0 -1 -2.82199e-5 0 -1 -7.05547e-6 0 -1 -1.10872e-5 0 -1 2.82214e-5 0 -0.9831506 0.179371 -0.03523194 -0.9822178 -0.1712912 0.07686156 -0.983147 -0.1642115 0.0803532 -0.9831826 -0.1646236 0.07906347 -0.9823052 0.1835471 -0.03724265 -0.9826929 -0.1706715 0.07201421 -0.9907535 -0.1208854 0.06159734 -0.9914267 -0.1180197 0.0560764 -0.9965205 -0.07039898 0.044622 -0.9968293 -0.06837737 0.04069441 -0.99943 -0.01961445 0.02747869 -0.9995123 -0.01845198 0.02519893 -0.9994584 0.03127598 0.01023811 -0.9994549 0.03156971 0.00965476 -0.9966051 0.08203262 -0.007007598 -0.996657 0.0814864 -0.00590521 -0.9908946 0.1324456 -0.02421164 -0.9911434 0.1310636 -0.02138477 -0.982774 0.18032 -0.04049754 -0.9831439 0.179494 -0.03478676 -0.9990807 0.0424323 0.006117701 -0.9990807 0.04243224 0.006117761 -0.9990807 0.04243224 0.006117761 -0.9990871 0.04230511 0.005945265 -0.7470318 0.5603017 0.3577786 -0.7035893 0.6932136 0.1562595 -0.8165211 0.5408031 0.2020534 -0.8312736 0.5308947 0.1647273 -0.7061743 0.6966372 0.1265485 -0.8685795 0.4770414 0.1341692 -0.9258778 0.3594459 0.1164006 -0.926289 0.3572725 0.1197717 -0.968627 0.22799 0.09890598 -0.9688137 0.2268914 0.09960061 -0.659937 0.7356008 0.152888 -0.9594134 0.2625104 0.1030263 -0.9594134 0.2625104 0.1030263 -0.9594134 0.2625104 0.1030263 -0.8748146 0.2209199 0.431154 -0.8747701 0.2209325 0.431238 -0.8748593 0.2209072 0.43107 -0.897623 0.4259592 -0.1132773 -0.762588 0.3634117 0.5351557 -0.762588 0.3634119 0.5351555 -0.762588 0.3634118 0.5351557 -0.8265353 0.5544323 -0.09718304 -0.826443 0.5544877 -0.09765017 -0.6927967 0.54929 0.4672402 -0.7419736 0.6547357 0.1442099 -0.6595551 0.7356045 0.1545096 -0.6996539 0.6074125 0.3762109 -0.6651017 0.6872122 0.2921972 -0.9271242 0.3428572 0.1512938 -0.8330692 0.5005384 0.2354934 -0.8385658 0.4492859 0.308139 -0.7548177 0.6189004 0.217285 -0.9571396 0.2597959 0.1280235 -0.69285 0.687996 0.2159175 -0.7892295 0.4815331 0.3811075 -0.7891993 0.4815123 0.3811962 -0.7891993 0.4815123 0.3811962 -0.7396156 0.6718173 0.04037916 -0.8621152 0.3124758 0.3988937 -0.8087349 0.5816659 -0.08725124 -0.9146682 0.2237777 0.3366093 -0.9280943 0.3714218 -0.02621042 -0.9697983 0.2167072 0.1119347 -0.9824805 -0.1663038 0.08411365 -0.9882767 -0.07976931 0.1301766 -0.9859163 0.122165 0.1142139 -0.9848937 0.1332165 0.110625 -0.9845432 0.1395314 0.1058579 -0.9842486 0.1444805 0.1018827 -0.9836719 0.1476919 0.1028439 -0.979043 0.1757712 0.1028558 -0.9849844 0.1028007 0.1387 -0.9850147 0.1103807 0.1325227 -0.9857479 0.1135511 0.1241264 -0.9881849 0.05041897 0.1447365 -0.9877166 0.06552225 0.1418552 -0.9877872 0.06901812 0.139689 -0.9868888 0.07688331 0.1419144 -0.9852083 0.09183233 0.1446775 -0.9894372 0.0265184 0.1425158 -0.9898776 0.0226202 0.1401099 -0.9888256 0.0389111 0.1439101 -0.9902916 -0.01476848 0.1382191 -0.9903267 -0.01543235 0.1378946 -0.9896979 3.4183e-4 0.1431708 -0.9896497 -0.05323404 0.1332655 -0.9895749 -0.04266959 0.1375533 -0.9898893 -0.02693063 0.139262 -0.9878333 -0.08982181 0.1269552 -0.9877931 -0.09590893 0.122745 -0.9868977 -0.1042972 0.1231065 -0.9848691 -0.1350975 0.1085431 -0.9848734 -0.1286982 0.1160233 -0.9859299 -0.1152502 0.1210774 -0.981171 -0.1666221 0.09767603 -0.9816004 -0.1601614 0.1039659 -0.9825389 -0.1499307 0.1101731 -0.9827374 -0.1789155 0.04707837 -0.9823055 -0.1787089 0.05602782 -0.9826378 -0.1726024 0.06805461 -0.9835318 -0.1643943 0.07509869 -0.983702 -0.1629294 0.07605552 -0.9884727 -0.1296911 0.07811671 -0.9887207 -0.1282094 0.07741975 -0.9921109 -0.08968329 0.08759516 -0.9938632 -0.07335352 0.08279675 -0.9743812 0.1538398 0.1640569 -0.9861404 0.1198659 0.1147137 -0.9866384 0.1150861 0.1153258 -0.9904 0.09029227 0.1046671 -0.9912242 0.07437646 0.1092832 -0.9943631 0.03553783 0.09989559 -0.9943468 0.03393328 0.1006132 -0.9950547 -0.01979297 0.0973373 -0.9960037 -0.006071984 0.08910518 -0.9943505 -0.04895168 0.09418576 -0.9896717 -0.05566501 0.1321039 -0.988839 -0.06663668 0.1332557 1.54526e-4 0.7770353 -0.6294572 -0.03994864 0.6357957 -0.7708229 -0.03001135 0.6463742 -0.7624302 -1.98973e-4 0.8745951 -0.4848542 -0.03236204 0.9409112 -0.3371039 -8.21091e-5 0.9700013 -0.2430998 1.13228e-5 0.9979832 -0.06347966 1.13133e-5 0.9979832 -0.06347966 1.13597e-5 0.9979832 -0.06347966 -0.007500112 0.9838885 0.178626 -0.02167338 0.9895659 0.1424419 -0.02067792 0.7626224 0.6465135 1.23757e-4 0.8540791 0.5201434 -1.73079e-4 0.9320214 0.3624035 0 0.1404102 0.9900934 -0.01591902 0.3701226 0.9288465 -0.006029665 0.3373083 0.941375 -5.96367e-5 0.5512803 0.8343201 -1.38851e-4 0.6899974 0.7238119 0 -0.06049227 0.9981688 -0.01931571 -0.1785972 0.9837327 -0.01088052 -0.2399191 0.9707319 -5.33074e-5 -0.8317753 0.5551125 -1.06896e-5 -0.7190417 0.694967 -0.01863867 -0.6465259 0.7626643 -2.50384e-5 -0.5148023 0.8573091 2.05824e-5 -0.3535196 0.9354272 -0.003701627 -0.9218198 0.3876014 -0.01725971 -0.9412733 0.3372042 9.8812e-5 -0.9888807 0.1487113 -8.21371e-4 -0.7627991 -0.6466352 -0.09663051 -0.6566656 -0.7479658 -0.009663283 -0.7812302 -0.6241684 -3.65202e-5 -0.8923866 -0.4512719 2.12971e-4 -0.9839192 -0.1786145 -0.03833639 -0.9643774 -0.2617378 -2.44639e-4 -0.9995982 -0.02834683 -2.03877e-4 0.4651553 -0.8852291 4.73071e-4 0.3240483 -0.9460404 -0.06520843 0.1782098 -0.9818296 0 0.06715929 -0.9977423 0 -0.337263 -0.9414106 -0.08674448 -0.2506824 -0.9641752 4.00113e-4 -0.4653187 -0.8851431 -0.7065423 -0.7050206 -0.06118947 -0.7062379 -0.7056079 -0.05784058 -0.8126224 -0.5821496 -0.02732771 -0.8126224 -0.5821496 -0.02732771 -0.8126224 -0.5821496 -0.02732771 -0.812851 -0.5817795 -0.02839076 -0.8974483 -0.4411107 0.002816736 -0.8975418 -0.4409227 0.002491831 -0.8975418 -0.4409227 0.002491831 -0.8975418 -0.4409227 0.002491891 -0.9566878 -0.2892072 0.03328359 -0.9566878 -0.2892073 0.03328359 -0.9566665 -0.289256 0.03346782 -0.9567373 -0.2890606 0.03313195 -0.677449 -0.7315477 0.07681727 -0.7107653 -0.702233 0.04100877 -0.7345319 -0.6744048 0.07510793 -0.8152096 -0.5751047 0.06846827 -0.8138982 -0.5764725 0.072452 -0.8927276 -0.4465679 0.06012123 -0.8982904 -0.4375818 0.03995811 -0.952378 -0.2944718 0.07913553 -0.9569001 -0.2854018 0.0537424 -0.982917 -0.1785412 0.04468947 -0.9804649 0.1741409 0.09145247 -0.9806892 0.1731395 0.09094709 -0.9806893 0.1731394 0.09094715 -0.9806892 0.1731394 0.09094715 -0.985838 0.1479774 0.07890564 -0.9796308 0.1769796 0.09487712 -0.9796851 0.1769468 0.0943765 -0.9798511 0.1766164 0.09326559 -0.9801764 0.1753828 0.09216934 -0.980368 0.1745718 0.09167003 -0.9808486 0.1633629 0.1060597 -0.9899013 0.1158924 0.0816369 -0.9914931 0.09227389 0.09179955 -0.9950017 0.06540733 0.07545477 -0.9956067 0.03772073 0.08570009 -0.9809281 -0.1871475 0.05249565 -0.9809283 -0.1871475 0.05249565 -0.9809283 -0.1871474 0.05249565 -0.9809116 -0.1872032 0.0526067 -0.9810657 -0.1869703 0.05052006 -0.997484 0.01462578 0.06936752 -0.995522 -0.0393449 0.0859543 -0.9982263 -0.01375949 0.05792343 -0.9930424 -0.0896359 0.07636994 -0.9961199 -0.0690391 0.05457919 -0.9879553 -0.1396126 0.06672841 -0.9909443 -0.1241972 0.05103397 -0.9810898 -0.1850645 0.05669265 -0.9826934 -0.1791512 0.04710197 -0.7124963 -0.6988455 -0.06296116 -0.7088263 -0.6982461 -0.1000891 -0.8095651 -0.5870277 0.001716136 -0.8321338 -0.5481849 -0.08394384 -0.891673 -0.4494406 0.05406069 -0.9200018 -0.3858981 -0.06840789 -0.9487941 -0.2998427 0.09941887 -0.9639902 -0.2632778 0.03751963 -0.9899281 0.1218414 0.07209199 -0.9809328 -0.1871241 0.05249172 -0.9808638 -0.1872874 0.05319684 -0.9821988 -0.1774178 0.06171303 -0.982756 -0.173439 0.06410545 -0.9815037 -0.1820161 0.05933606 -0.981042 -0.1848273 0.05827105 -0.981042 -0.1848273 0.05827105 -0.981042 -0.1848273 0.05827099 -0.979849 -0.1918851 0.05546408 -0.9792144 -0.1936799 0.06022685 -0.9793764 -0.1936879 0.05750757 -0.979407 -0.1938514 0.05642259 -0.9795225 -0.1933685 0.05607545 -0.9799335 -0.1917599 0.05439245 -0.9801392 -0.1910731 0.0530886 -0.9805908 -0.1896123 0.04989087 -0.9801313 -0.1901127 0.05656808 -0.982443 -0.1775245 0.05736595 -0.9830226 -0.1743488 0.05717724 -0.984332 -0.1680215 0.05347394 -0.9841105 -0.1698233 0.05183148 -0.9841106 -0.1698233 0.05183148 -0.9840921 -0.1699502 0.05176639 -0.9851688 -0.1618989 0.05684536 -0.988235 -0.1398921 0.06182104 -0.9901066 -0.1298348 0.05321592 -0.9870254 -0.152961 0.04882639 -0.9874626 -0.1489582 0.05224138 -0.9908328 -0.1097926 0.07871514 -0.9895402 -0.1363848 0.04700517 -0.9898412 -0.1330297 0.05017566 -0.990544 -0.1236501 0.0594421 -0.9896431 -0.129123 0.06272101 -0.9892179 -0.1315293 0.06440436 -0.9885444 -0.1351985 0.06709313 -0.9876788 -0.1393785 0.07116395 -0.9894345 -0.130898 0.0623303 -0.9865686 -0.1528515 0.05760854 -0.985735 -0.1582879 0.05719727 -0.9904989 -0.1253611 0.05653822 -0.9907481 -0.1223466 0.05873376 -0.9942373 -0.08816677 0.06098306 -0.9948184 -0.07948142 0.06339776 -0.9962666 -0.06106609 0.06102293 -0.9974333 -0.03362315 0.06321686 -0.9975058 -0.02778035 0.06488806 -0.9980113 -0.006198704 0.0627315 -0.9976399 0.02073788 0.06545823 -0.9974996 0.02399557 0.06647473 -0.9967685 0.04782986 0.06453585 -0.9898822 0.1237404 0.0694378 -0.9883854 0.1381077 0.06340831 -0.9950088 0.07333695 0.06767016 -0.9947803 0.07564723 0.06848156 -0.9928078 0.09951341 0.06655603 -0.9897994 0.1241158 0.06994622 -0.9887591 0.1345328 0.06524199 -0.9865481 0.1494399 0.06626141 -0.9866423 0.1488884 0.06610095 -0.9856495 0.1548207 0.06727337 -0.9849211 0.1591039 0.0679447 -0.983974 0.1649098 0.06782215 -0.9826129 0.173554 0.06596189 -0.9829009 0.1724738 0.06448936 -0.9781534 0.1961842 0.06875914 -0.981628 0.1782671 0.06802606 -0.9809108 0.1817545 0.06913274 -0.9785657 0.1939256 0.06929671 -0.9789455 0.1945357 0.06181937 -0.9785127 0.1953671 0.0659154 -0.977647 0.1980392 0.07061785 -0.9771931 0.1997469 0.07207709 -0.9768401 0.2011555 0.07293641 -0.9776732 0.1967296 0.07384246 -0.9781021 0.1943231 0.07453161 -0.9786133 0.191321 0.0755797 -0.9790686 0.1881346 0.07765311 -0.9845639 0.1586077 0.07401013 -0.9794999 0.1847493 0.0802977 -0.9800131 0.1786435 0.0875265 -0.9801382 0.1752738 0.09278047 -0.9823753 0.1681413 0.08165383 -0.9838284 0.1620991 0.07619464 -0.9853563 0.1542642 0.07263189 -0.9858687 0.1510259 0.07248651 -0.9892957 0.1268483 0.07213592 -0.9883717 0.129755 0.0792784 -0.9892182 0.1265148 0.073767 -0.9896582 -0.1306678 0.05918264 -0.989537 -0.1321854 0.05782365 -0.9948643 -0.07943457 0.06273132 -0.9948252 -0.0809319 0.06142538 -0.997419 -0.02787643 0.06616836 -0.9974592 -0.02935004 0.0649141 -0.9973004 0.02377599 0.06947529 -0.9974177 0.02232164 0.06826311 -0.9945093 0.07533931 0.07263118 -0.9947022 0.0739054 0.071455 -0.9890691 0.1265897 0.07561469 -0.9893326 0.1251907 0.07448709 -0.9812018 0.1763619 0.07835417 -0.9818388 0.1736931 0.07631057 -0.9822306 0.165861 0.087825 -0.9810776 0.1697232 0.0931707 -0.9900359 0.1161673 0.07958686 -0.9885488 0.1220343 0.0887643 -0.995046 0.06549912 0.07478839 -0.993983 0.07098054 0.08342373 -0.9974525 0.01456236 0.06983226 -0.9967693 0.01962482 0.07788395 -0.9972373 -0.03645187 0.06472355 -0.9968854 -0.03183078 0.07215511 -0.9944016 -0.08733928 0.0594747 -0.9943295 -0.08315485 0.06628841 -0.9889658 -0.1379028 0.05412697 -0.9891229 -0.1341663 0.06029456 -0.9822885 -0.1804925 0.05031526 -0.9817876 0.1709713 0.08283632 -0.9811745 0.1735452 0.08472704 -0.9891809 0.1231303 0.07975167 -0.9889034 0.1245606 0.08096176 -0.9945417 0.07193046 0.07558381 -0.9943401 0.0733816 0.07683134 -0.9972505 0.020433 0.07123178 -0.9971262 0.02190661 0.07252234 -0.997285 -0.03117108 0.06671667 -0.9972398 -0.02965688 0.06806963 -0.9946439 -0.0826435 0.06207811 -0.994681 -0.08113139 0.06346195 -0.9893493 -0.1338057 0.0573076 -0.9894711 -0.1322753 0.05873721 -0.9817722 -0.1826194 0.05266427 -0.9818437 -0.1817715 0.05424177 -0.9821273 -0.1798803 0.05540001 -0.9822139 -0.1782761 0.05893772 -0.9836945 -0.1660421 0.06910276 -0.9268999 -0.3745043 -0.02456116 -0.9467879 -0.3080155 -0.09337717 -0.9290784 -0.3170422 -0.19052 -0.9141998 -0.2765685 -0.2962238 -0.9141999 -0.2765684 -0.2962238 -0.9141998 -0.2765685 -0.2962238 -0.876132 -0.2515875 -0.4112138 -0.8889142 -0.1530472 -0.4317502 -0.8889553 -0.1530522 -0.4316638 -0.8889142 -0.1530472 -0.4317502 -0.8909254 -9.27906e-4 0.4541491 -0.9550443 -0.1856111 0.2311685 -0.9743131 -0.2173113 0.05907499 -0.9612326 -0.2110666 0.1774338 0 -0.9839215 -0.1786017 0 -0.9839218 -0.1785998 0 -0.7627934 -0.6466425 0 -0.7627946 -0.646641 0 -0.3372531 -0.9414141 0 -0.3372545 -0.9414135 0 0.1785799 -0.9839254 0 0.1785801 -0.9839254 0 0.6466599 -0.7627785 0 0.6466595 -0.7627788 0 0.9414031 -0.3372837 0 0.9414038 -0.3372818 0 0.9839187 0.1786169 0 0.9839191 0.1786146 0 0.7627698 0.6466702 0 0.7627724 0.6466671 0 0.3372288 0.9414228 0 0.3372287 0.9414228 0 -0.1785932 0.983923 0 -0.178593 0.983923 0 -0.6466137 0.7628178 0 -0.6466138 0.7628177 0 -0.9414119 0.3372589 0 -0.9414113 0.3372606 -0.9920502 -0.111353 0.05862605 -0.9991915 -0.02156102 0.0339365 -0.998748 -0.03736019 0.03326928 -0.9992321 -0.02471816 0.03040224 -0.9990084 -0.03482401 0.02774369 -0.9991157 -0.03219866 0.02703958 -0.9990982 -0.02426999 0.03483974 -0.9988538 -0.02835911 0.03856164 -0.9990924 -0.01838171 0.03842538 -0.9984184 -0.03545039 0.04363667 -0.9975749 0.05491667 0.04276144 -0.9990946 -0.03172439 0.0283463 -0.9990966 -0.03165674 0.02835601 -0.9823164 0.1833753 -0.03779244 -0.9823101 -0.1723447 0.07324099 -0.986151 0.1658219 -0.003063797 -0.9854898 0.1696748 -0.004517555 -0.9851838 0.171413 -0.005538165 -0.9846155 0.1745706 -0.007585227 -0.9840984 0.1772445 -0.01160812 -0.981899 0.1884589 -0.01890873 -0.9801437 0.1976251 -0.01621109 -0.9788609 0.2039415 -0.01547604 -0.9780926 0.2076071 -0.01530677 -0.9770246 0.2125634 -0.01548534 -0.9760228 0.2170806 -0.01599085 -0.9760228 0.2170806 -0.01599085 -0.9760228 0.2170806 -0.01599085 -0.9742367 0.2248837 -0.01704162 -0.9728705 0.2306522 -0.01796793 -0.9756938 0.2187842 -0.01245659 -0.9764391 0.2155256 -0.01075202 -0.9770081 0.2130143 -0.008966803 -0.9772565 0.2119281 -0.007507383 -0.9777441 0.2097634 -0.003991067 -0.9777284 0.2098239 -0.0045982 -0.9793407 0.2021445 -0.005438029 -0.9803385 0.197245 -0.005564272 -0.982914 0.1840593 -0.001447737 -0.9812033 0.1929536 0.003004252 -0.9828488 0.1844137 6.21209e-5 -0.9878754 0.1552304 -0.002416193 -0.9844706 0.1753615 0.008129477 -0.9852107 0.1712315 0.006299495 -0.9861116 0.166024 0.004482626 -0.9867416 0.1622604 0.003590762 -0.9867416 0.1622604 0.003590643 -0.9867416 0.1622603 0.003590703 -0.9874735 0.1577631 0.002653896 -0.9893323 0.1456736 8.73255e-4 -0.9886429 0.1502767 0.001516461 -0.9901326 0.1401258 0.001474976 -0.9911612 0.1325263 0.006026446 -0.9940744 0.1079285 0.01294887 -0.9960796 0.08739668 0.01368802 -0.9965448 0.08129078 0.0170359 -0.9981658 0.05553156 0.02411115 -0.999103 0.03412181 0.02507871 -0.9992061 0.02823847 0.02810341 -0.9993827 0.001565515 0.0350992 -0.9991673 -0.01939296 0.03589922 -0.9988986 -0.02591258 0.03912067 -0.9975417 -0.05295383 0.04589664 -0.9962639 -0.07288134 0.04633122 -0.9955295 -0.08017468 0.04992938 -0.9864755 -0.150642 0.06459963 -0.9862079 -0.1521807 0.06507849 -0.9859995 -0.1533097 0.0655843 -0.9853829 -0.1565955 0.0670697 -0.9847331 -0.1596108 0.06946319 -0.9846899 -0.1598142 0.06960749 -0.9838409 -0.1656212 0.06802111 -0.9828153 -0.1716004 0.06802469 -0.9801121 -0.1847063 0.07255202 -0.9802116 -0.1793934 0.08368635 -0.9796791 -0.1854854 0.07631552 -0.9793249 -0.1882456 0.07407087 -0.97888 -0.1909759 0.07295346 -0.9785153 -0.1928713 0.07286024 -0.9785024 -0.1929385 0.07285523 -0.9782581 -0.194132 0.07296448 -0.980041 -0.1853459 0.07187908 -0.9781504 -0.1945691 0.0732432 -0.9782015 -0.1944124 0.07297891 -0.9783925 -0.1930227 0.0740987 -0.9791164 -0.1896499 0.0732398 -0.979407 -0.188306 0.07282143 -0.9828932 -0.1731617 0.06273722 -0.983238 -0.1707596 0.06390869 -0.981575 -0.1783431 0.06858861 -0.9808409 -0.1817065 0.07024228 -0.984131 -0.1649113 0.06550174 -0.9849695 -0.1596408 0.06595432 -0.9854562 -0.1566214 0.0659222 -0.9892594 -0.1333163 0.0599389 -0.9936227 -0.1063646 0.03742474 -0.9904974 -0.1232796 0.06096875 -0.9905872 -0.1228442 0.06038457 -0.9900281 -0.1290987 0.05637454 -0.9903297 -0.1254581 0.05922299 -0.9862925 -0.1515955 0.06516242 -0.9862925 -0.1515954 0.06516242 -0.9862925 -0.1515954 0.06516242 -0.9859719 -0.1534986 0.06555652 -0.9823327 -0.1730787 0.07117801 -0.990489 -0.1239358 0.05976176 -0.9904155 -0.1246865 0.05941832 -0.9963603 -0.07146477 0.04646492 -0.9963217 -0.07221579 0.04613161 -0.9992804 -0.01867675 0.03301465 -0.9992768 -0.0194109 0.03269785 -0.9992245 0.03422462 0.0194723 -0.9992546 0.03350764 0.01917183 -0.9961931 0.08697438 0.005904078 -0.9962558 0.08627188 0.005615115 -0.9902121 0.1393618 -0.007641673 -0.9903052 0.1386831 -0.007915556 -0.9820015 0.1877851 -0.02024871 -0.9812934 0.1917142 -0.01757967 -0.9822732 -0.1720414 0.07443851 -0.9822609 -0.172512 0.07350605 -0.9907929 -0.1213979 0.05993247 -0.9905829 -0.1235175 0.05906814 -0.9965305 -0.070535 0.04417949 -0.9964728 -0.07159894 0.04376739 -0.9994121 -0.01935857 0.02830052 -0.999412 -0.01936084 0.02829998 -0.9994137 0.03193134 0.01236116 -0.9993751 0.03298062 0.0127241 -0.9965352 0.08309692 -0.003569841 -0.9963631 0.08516108 -0.002888381 -0.9908012 0.1339237 -0.01943278 -0.9903981 0.1370055 -0.01846903 -0.9822798 0.184103 -0.03510987 -0.9817708 0.1869623 -0.03422379 -0.9825141 -0.1719647 0.07137489 -0.98236 -0.1732406 0.07040309 -0.9904019 -0.1245849 0.05985617 -0.990322 -0.1254088 0.05945682 -0.9962727 -0.07183814 0.04775017 -0.9962313 -0.07266598 0.04735982 -0.9991942 -0.01876097 0.03548485 -0.9991919 -0.01955449 0.03511995 -0.9991391 0.03443658 0.02313238 -0.9991746 0.03363925 0.02277636 -0.9961094 0.08747029 0.01073265 -0.9961798 0.08670568 0.01039916 -0.990129 0.1401495 -0.001648664 -0.9902337 0.1394035 -0.001969158 -0.9817979 0.1894602 -0.01333564 -0.9830126 0.1823433 -0.02091014 -0.9839256 0.177027 -0.02349197 -0.9822562 -0.1730431 0.07230979 -0.9824835 -0.1716314 0.07258731 -0.9905679 -0.1233391 0.05968838 -0.9904994 -0.1240298 0.05939227 -0.9964378 -0.07119399 0.04520326 -0.9964025 -0.0718612 0.04492539 -0.9993573 -0.01871258 0.03057581 -0.9993528 -0.01937645 0.0303086 -0.9993005 0.03386843 0.01585686 -0.9993262 0.03322231 0.01560395 -0.9962686 0.08629971 0.001122891 -0.9963226 0.08567726 8.83279e-4 -0.990284 0.1383954 -0.01357322 -0.9903684 0.137768 -0.01380896 -0.9820429 0.186674 -0.02728593 -0.9815299 0.1895365 -0.02598226 -0.7310373 -0.08856725 0.6765651 -0.7310373 -0.08856725 0.6765651 -0.7310373 -0.08856725 0.6765651 -0.9840231 0.0558269 0.169062 -0.9341024 0.05112886 0.3533251 -0.9693045 0.220196 0.1093734 -0.9586327 0.2370496 0.1575784 -0.9590805 0.2353109 0.15746 -0.9243011 0.07330363 0.3745586 -0.923439 0.0350117 0.3821449 -0.848118 -0.08653062 0.5226936 0 -0.9839175 -0.1786238 0 -0.9839149 -0.1786379 0 -0.7627776 -0.6466609 0 -0.7627702 -0.6466697 0 -0.3373008 -0.941397 0 -0.3373013 -0.9413968 0 0.1785857 -0.9839244 0 0.1785861 -0.9839243 0 0.6466875 -0.7627552 0 0.646688 -0.7627547 0 0.9413927 -0.3373126 0 0.9413976 -0.3372991 0 0.983917 0.1786261 0 0.9839198 0.1786113 0 0.7627997 0.6466348 0 0.3373481 0.9413801 0 -0.1787308 0.9838981 0 -0.1787284 0.9838984 0 -0.6466405 0.7627949 0 -0.6466411 0.7627944 0 -0.9414006 0.3372906 0 -0.9414054 0.3372773 -0.998741 -0.02743768 0.04199504 -0.9988045 -0.02513355 0.0419287 -0.9978165 -0.02420622 0.06145381 -0.9978752 -0.02069842 0.06178092 -0.9972923 -0.02004623 0.0707547 -0.9973004 -0.02004367 0.07064205 -0.9994731 -0.01983064 -0.02569478 -0.9934518 0.03259634 0.1095037 -0.9937928 0.07124304 0.08544236 -0.9955375 0.06284445 0.07039773 -0.9952707 0.06997293 0.06738072 -0.9951249 0.0608564 0.07760691 -0.9944733 0.07042366 0.07786715 -0.9944733 0.07042366 0.07786715 -0.9944733 0.07042366 0.07786715 -0.9953746 0.06142634 0.07386708 -0.9951047 0.06647455 0.07312881 -0.995504 0.06323617 0.07052016 -0.9948647 0.05473875 0.08513557 -0.9942958 0.06340026 0.08576917 -0.9950215 0.05916035 0.08020216 -0.9934377 0.04704207 0.1042527 -0.9924009 0.04839396 0.113131 -0.9927915 0.04682523 0.1103293 -0.9928968 0.04244267 0.1111515 -0.9930834 0.04135113 0.109889 -0.9926097 0.04139816 0.1140717 -0.9933757 0.01699912 0.1136478 -0.9927352 0.01841455 0.118903 -0.9928914 0.02062231 0.1172237 -0.9920617 0.02107673 0.1239734 -0.9920617 0.02107667 0.1239734 -0.9920617 0.02107667 0.1239734 -0.9929513 0.02378022 0.1161133 -0.9918517 0.02586174 0.1247452 -0.9929023 0.02686667 0.1158592 -0.9923099 0.02911651 0.1203054 -0.9928871 0.02989083 0.1152459 -0.9925841 0.03091615 0.1175633 -0.9925342 0.03398853 0.1171364 -0.9875853 0.1555746 -0.02172386 -0.9934905 0.1138957 -0.002117276 -0.9916178 0.1276435 -0.02003532 -0.9949365 0.1002342 -0.007393121 -0.9927166 0.1184208 -0.02214521 -0.9943987 0.1029589 -0.02389049 -0.9949713 0.09825408 -0.01944804 -0.994189 0.1007009 -0.03804957 -0.996216 0.08431822 -0.02107328 -0.9947412 0.09191483 -0.04518473 -0.9973328 0.06920105 -0.02321004 -0.9958183 0.08080208 -0.04262548 -0.9970129 0.06549644 -0.04093438 -0.9975352 0.06171745 -0.03338462 -0.9968317 0.05770409 -0.05474483 -0.9984123 0.04710316 -0.03089249 -0.996134 -0.03028351 -0.08246219 -0.9994791 -0.007460176 -0.03139948 -0.9983658 -0.004099667 -0.05700099 -0.9995058 0.006666123 -0.03072422 -0.9983146 0.008509457 -0.057406 -0.999126 0.02004468 -0.03668081 -0.9986957 0.02114474 -0.04647558 -0.9980614 0.03545069 -0.05115365 -0.9990761 0.0313735 -0.0293706 -0.9972341 0.04596364 -0.0584101 -0.9922382 0.01626878 0.1232825 -0.9932939 0.01428622 0.1147316 -0.9921537 0.009581446 0.1246571 -0.9935703 0.0111702 0.1126655 -0.9932385 0.00836575 0.1157912 -0.9936884 0.007317483 0.111937 -0.9937331 0.007592082 0.1115212 -0.9934025 8.91365e-4 0.1146772 -0.9934943 0.001497387 0.1138728 -0.9943176 4.87541e-4 0.1064537 -0.9934818 -0.006632685 0.1137979 -0.9948248 -0.001642942 0.1015934 -0.9946659 -0.003771603 0.1030805 -0.9945665 -0.01053231 0.1035705 -0.9952704 -0.002452492 0.09711343 -0.9943976 -0.01993006 0.1038086 -0.9953615 -0.008458793 0.09583318 -0.995272 -0.04870861 0.08403038 -0.9975101 0.05587714 0.04302811 -0.9917219 0.0408951 0.1217185 -0.9929652 0.0382983 0.1120421 -0.9981361 -0.03700846 -0.0485267 -0.9993519 -0.03218841 -0.01611661 -0.9982827 -0.04268735 -0.04011839 -0.9983779 -0.05052262 -0.02625548 -0.9986735 -0.04734063 -0.0202521 -0.9973244 -0.06695264 -0.02935057 -0.9984473 -0.05496394 -0.009063959 -0.992357 0.05479794 0.110566 -0.9937534 0.04898136 0.1002749 -0.9967415 -0.07716161 -0.02350771 -0.9967342 -0.0772382 -0.02356493 -0.9967415 -0.07716161 -0.02350771 -0.9979702 -0.06363219 0.002544462 -0.9967969 -0.07887029 -0.01324361 -0.9965531 -0.08295822 7.27193e-5 -0.9970401 -0.07667136 0.005705595 -0.995157 -0.09824365 0.003268361 -0.9966678 -0.07937943 0.01877242 -0.9981098 -0.02095532 0.05777305 -0.9932563 -0.09311759 0.06907433 -0.9914694 -0.1163295 0.05878657 -0.9944608 -0.08920848 0.05558294 -0.9923298 -0.1144703 0.04667299 -0.9949451 -0.09137547 0.04165315 -0.9940754 -0.1020458 0.03742802 -0.9946345 -0.1005667 0.02426397 -0.9959614 -0.08372861 0.03241086 -0.994407 -0.1048389 0.01279217 -0.9941671 0.06290245 0.08760768 -0.9941967 0.05818617 0.0904839 -0.9933778 0.06434655 0.09518498 -0.9941614 0.05417001 0.0933206 -0.9932752 0.05973017 0.09918129 -0.9939363 0.05179923 0.09699285 -0.9935281 0.05409777 0.09987723 -0.9933752 0.05256921 0.1021875 -0.9974623 0.05628627 0.04360026 -0.9974679 0.0563057 0.04344373 -0.9974681 0.05630254 0.04344648 -0.997468 0.0563057 0.04344373 0 0.9839132 0.1786475 0 0.7628085 0.6466247 0 0.7628079 0.6466252 0 0.3372876 0.9414017 0 0.3372733 0.9414069 0 -0.1785995 0.9839219 0 -0.6466503 0.7627868 0 -0.6466493 0.7627875 0 -0.9413923 0.3373139 0 -0.983913 -0.1786484 0 -0.7628064 -0.6466269 0 -0.7628045 -0.6466292 0 -0.3372733 -0.9414069 0 0.1785999 -0.9839219 0 0.1786078 -0.9839203 0 0.9413923 -0.3373139 0 0.9839142 0.1786418 -0.9980733 0.05107331 0.03523254 -0.9977815 0.0577749 0.03308153 -0.9988811 0.04225647 0.02123445 -0.9984775 0.05356615 0.01316374 -0.9990286 0.04316902 0.008853912 -0.9598354 -0.2623043 0.09956151 -0.9598746 -0.2628757 0.09765863 -0.9598675 -0.2625309 0.09865039 -0.9826529 -0.171285 0.07109761 -0.9826558 -0.1712585 0.0711202 -0.9914663 0.1302226 0.006051898 -0.9981733 -0.03434413 0.04970467 -0.9975146 0.06772607 0.01944452 -0.9991593 0.03414916 0.02268534 -0.9976111 0.06828272 0.01047474 -0.9992944 0.03356164 0.01686805 -0.9982437 0.05907696 0.004409551 -0.9990432 0.04297167 0.008146166 -0.624934 0.7642471 0.1593231 -0.6237604 0.7641298 0.1644039 -0.9567844 0.2682281 0.1123276 -0.9662652 0.2211502 0.1320013 -0.894573 0.436324 0.09675019 -0.9230898 0.3501793 0.1589965 -0.804915 0.5757195 0.1437318 -0.8303315 0.5288339 0.1757399 -0.6930117 0.6751863 0.2527021 -0.7019805 0.6847928 0.1956585 -0.6784296 0.7116973 0.1822643 -0.6984074 0.6720627 0.2460872 -0.8026795 0.5579804 0.2106265 -0.8046384 0.554715 0.2117743 -0.892953 0.4176388 0.1679666 -0.8944195 0.4140165 0.169128 -0.9564094 0.2659413 0.1206498 -0.9572973 0.2621966 0.1217983 -0.6317387 0.7655054 0.122097 -0.9488945 0.3042585 0.08382278 -0.9473389 0.3085322 0.08577233 -0.9737765 0.2150808 0.07416015 -0.6603242 0.7373495 0.1424348 -0.6860892 0.7141452 0.1388462 -0.7391394 0.6599363 0.1347483 -0.7425177 0.6561065 0.1348773 -0.8317982 0.5408847 0.1247219 -0.8345529 0.5366171 0.1247549 -0.9077935 0.4042651 0.1117174 -0.9057347 0.4088417 0.111773 -0.9066429 0.4106231 0.09688782 -0.8333445 0.5440507 0.09770315 -0.8726921 0.4768677 0.1049083 -0.7405698 0.6627815 0.1108018 -0.75849 0.641762 0.1132894 -0.6618772 0.7402119 0.1183431 -0.959128 0.2696065 0.08594012 -0.9586267 0.2686251 0.09420979 -0.953835 0.2838329 0.09817236 -0.9596118 0.2627822 0.1004528 -0.6241441 0.7659434 0.1541916 -0.6238347 0.7658718 0.1557902 -0.7688791 -0.6391801 0.01655018 -0.7689278 -0.6391201 0.01660716 -0.7689034 -0.6391502 0.01657891 -0.7936015 -0.6084083 -0.006001293 -0.7936014 -0.6084085 -0.006001591 -0.7935789 -0.6084377 -0.00603342 -0.5178009 -0.7063007 -0.4827231 -0.5178009 -0.7063006 -0.4827234 -0.5178008 -0.7063006 -0.4827235 -0.7808046 -0.03715932 0.6236693 -0.7808047 -0.03715926 0.6236692 -0.780882 -0.03722643 0.6235685 -0.5657767 -0.8124023 -0.1410651 -0.5657767 -0.8124023 -0.1410651 -0.5657767 -0.8124023 -0.141065 -0.5618197 -0.8138353 -0.1484278 -0.7195153 -0.6559625 -0.2280591 -0.7284948 -0.6505303 -0.2147227 -0.6831617 -0.7100296 -0.1707281 -0.575068 -0.7590371 -0.3052204 -0.6485834 -0.746295 -0.1496111 -0.6289222 -0.765776 -0.1343278 -0.2149565 -0.7616105 -0.6113454 -0.1515771 -0.7357115 -0.660116 -0.1884158 -0.7010485 -0.6877722 -0.1884158 -0.7010485 -0.6877722 -0.1518403 -0.6887844 -0.7088868 -0.1518403 -0.6887844 -0.7088869 -0.1518403 -0.6887844 -0.7088869 -0.221049 -0.6669416 -0.7115662 -0.1832618 -0.6585516 -0.72988 -0.1548984 -0.5585432 -0.8148841 -0.1548984 -0.5585432 -0.8148841 -0.1548984 -0.5585432 -0.8148841 -0.9345656 -0.3472987 -0.07727158 -0.764424 -0.5033085 -0.40291 -0.7985067 -0.4816992 -0.3610442 -0.4587753 -0.5794424 -0.6736259 -0.1899676 -0.5938144 -0.7818548 -0.1899677 -0.5938144 -0.7818548 -0.9491113 -0.2172727 0.2279919 -0.9491167 -0.2173299 0.2279152 -0.9491058 -0.2172158 0.228069 -0.2099421 -0.6125503 -0.7620411 -0.2098486 -0.6125577 -0.7620609 -0.2098487 -0.6125576 -0.762061 -0.4479678 -0.8248078 -0.3449882 -0.4000934 -0.8226984 -0.4038475 -0.4601764 -0.7656189 -0.4495168 -0.4464831 -0.7657533 -0.4628983 -0.4937168 -0.705682 -0.5081896 -0.4806151 -0.7066709 -0.5192546 -0.5189499 -0.6408624 -0.5656735 -0.7684113 -0.5716671 -0.2876474 -0.7604692 -0.5766232 -0.2986508 -0.7480427 -0.5831059 -0.3168908 -0.7478636 -0.5831877 -0.3171626 -0.9409193 -0.1371273 0.3096242 -0.3577569 -0.4428404 -0.8221329 0.04155069 -0.4739696 -0.8795604 -0.166952 -0.5079519 -0.8450515 -0.1669521 -0.5079517 -0.8450516 -0.1669987 -0.507954 -0.8450409 -0.5256553 -0.2016191 -0.8264601 0.1618012 -0.2030304 -0.9657117 -0.5090004 -0.2844766 -0.8123989 0.1122456 -0.2900855 -0.9503954 -0.5111605 -0.3627945 -0.7791632 -0.3093527 -0.3807576 -0.8713924 0.0812118 -0.3859403 -0.9189423 0.0812118 -0.3859403 -0.9189423 0.08111631 -0.3859387 -0.9189514 -0.4815964 -0.02766293 -0.8759564 0.1205474 -0.03607219 -0.992052 -0.5159619 -0.1161271 -0.8487036 0.01129412 -0.1236063 -0.9922671 -0.4110496 -0.1935167 -0.8908364 -0.4110497 -0.1935167 -0.8908365 -0.4111365 -0.1935195 -0.8907958 -0.2535433 0.3258652 -0.9107841 -0.1793189 0.255888 -0.9499296 -0.1793189 0.2558879 -0.9499296 -0.1793189 0.2558879 -0.9499295 -0.482686 0.2343382 -0.8438601 -0.4826022 0.2343452 -0.8439062 -0.4826021 0.2343451 -0.8439062 -0.1806376 0.2083623 -0.961226 -0.3203169 0.1546322 -0.9346047 -0.3206344 0.1545999 -0.9345012 7.73568e-4 0.1415145 -0.989936 -0.4173048 0.06328165 -0.9065607 -0.2259103 0.05999857 -0.9722988 -0.2166409 0.01133239 -0.9761856 -0.2166409 0.01133239 -0.9761856 -0.2166409 0.01133251 -0.9761856 -0.5261365 0.527791 -0.6667963 0.248499 0.4445634 -0.860588 -0.470943 0.4698679 -0.7466169 -0.470943 0.469868 -0.746617 -0.03621953 0.4298964 -0.9021515 -0.03621953 0.4298964 -0.9021515 -0.03574877 0.429984 -0.9021286 -0.5121927 0.391559 -0.7644215 -0.3260103 0.396286 -0.8582977 -0.3260104 0.396286 -0.8582976 -0.3260104 0.396286 -0.8582977 -0.009382426 0.3224553 -0.9465382 -0.009382486 0.3224553 -0.9465382 -0.009382426 0.3224553 -0.9465382 -0.1444073 0.7013104 -0.6980761 -0.5322604 0.63885 -0.5554904 -0.5321055 0.6389613 -0.5555109 -0.5321055 0.6389613 -0.5555109 0.3080238 0.5673449 -0.7637024 0.3079341 0.5673763 -0.7637152 0.3078444 0.5674077 -0.7637279 -0.5364625 0.5850464 -0.6082177 -0.5364624 0.5850464 -0.6082178 -0.5364624 0.5850464 -0.6082177 -0.1151982 0.6013989 -0.7906002 -0.2237564 0.5676198 -0.7923011 -0.4461076 0.6599139 -0.6045674 -0.456922 0.6579859 -0.5985623 -0.4713217 0.5990513 -0.6472971 -0.4817389 0.5972943 -0.6412233 -0.4817389 0.5972942 -0.6412233 -0.4817389 0.5972942 -0.6412233 -0.4950504 0.533341 -0.68591 -0.5048154 0.531924 -0.6798664 -0.5168617 0.4629342 -0.7201013 -0.5168616 0.462935 -0.7201008 -0.5171456 0.4628847 -0.7199293 -0.5254676 0.4618021 -0.7145787 -0.5362039 0.388041 -0.7496063 -0.5438854 0.387193 -0.7444933 -0.5439659 0.3871682 -0.7444474 -0.5438855 0.387193 -0.7444934 -0.5522762 0.3092918 -0.7741639 -0.5584632 0.3087492 -0.7699304 -0.565218 0.2271599 -0.7930492 -0.5652179 0.2271599 -0.7930492 -0.565218 0.2271599 -0.7930492 -0.5696979 0.2269511 -0.7898972 -0.5738915 0.1425771 -0.8064246 -0.5770245 0.1424775 -0.8042033 -0.5782935 0.05643373 -0.8138746 -0.5792837 0.05643272 -0.8131703 -0.5774441 -0.03021442 -0.815871 -0.5774441 -0.03021442 -0.815871 -0.5774441 -0.03021442 -0.815871 -0.5770624 -0.03022944 -0.8161405 -0.5770624 -0.03022938 -0.8161405 -0.5769841 -0.03023386 -0.8161957 -0.5726778 -0.1163021 -0.8114887 -0.5726778 -0.116302 -0.8114888 -0.57046 -0.1163856 -0.8130374 -0.5634561 -0.2007022 -0.8013963 -0.5587661 -0.2010488 -0.8045867 -0.5587662 -0.2010488 -0.8045867 -0.5587663 -0.2010488 -0.8045868 -0.5496217 -0.2825875 -0.7861683 -0.5437558 -0.2830717 -0.7900633 -0.5321586 -0.3610896 -0.7657817 -0.5244944 -0.3618925 -0.7706747 -0.5244944 -0.3618925 -0.7706748 -0.5244944 -0.3618925 -0.7706748 -0.5109679 -0.4357364 -0.7409762 -0.5015933 -0.4369786 -0.7466284 -0.5015933 -0.4369786 -0.7466284 -0.4872279 -0.5060219 -0.7117239 -0.4763659 -0.5076022 -0.7179244 -0.7632215 0.5307567 -0.3684974 -0.7630135 0.5309041 -0.3687157 -0.7707769 0.5257086 -0.3599078 -0.7819187 0.4800527 -0.3976843 -0.7888019 0.4757436 -0.3891783 -0.7993757 0.4255279 -0.4241753 -0.8057146 0.4219257 -0.4156957 -0.8153505 0.3673829 -0.4474746 -0.8212923 0.3642617 -0.4390812 -0.8298556 0.3054821 -0.4669265 -0.8343766 0.303624 -0.4600306 -0.8417587 0.2407504 -0.4831993 -0.8417588 0.2407504 -0.4831992 -0.8417587 0.2407504 -0.4831993 -0.8456367 0.2394491 -0.4770354 -0.8509107 0.1736307 -0.4957856 -0.8537902 0.172893 -0.4910707 -0.8570502 0.1045901 -0.5045056 -0.8587889 0.1043099 -0.5015985 -0.8597958 0.03443074 -0.509476 -0.8607702 0.03438186 -0.5078313 -0.8595539 -0.03605681 -0.5097716 -0.8590067 -0.03609675 -0.5106904 -0.8554677 -0.1060739 -0.5068762 -0.8540753 -0.1062992 -0.5091717 -0.8483145 -0.1747273 -0.4998328 -0.845573 -0.1754084 -0.5042205 -0.8379757 -0.2413173 -0.4894516 -0.8340916 -0.2426714 -0.4953806 -0.8248568 -0.3053284 -0.4758003 -0.8196397 -0.3075162 -0.4833474 -0.8090017 -0.3663671 -0.4596646 -0.8026542 -0.3694217 -0.468267 -0.7912538 -0.4238787 -0.4407315 -0.783815 -0.4279896 -0.4499543 -0.9441525 0.319472 -0.08070784 -0.9472209 0.3125192 -0.0714451 -0.9534533 0.2870156 -0.0924614 -0.9561461 0.2809256 -0.0828585 -0.9621623 0.2523226 -0.102845 -0.9645853 0.2469114 -0.09279078 -0.9702234 0.2151278 -0.1112954 -0.9720118 0.211283 -0.1027261 -0.9771498 0.1762291 -0.1188346 -0.9771242 0.1762819 -0.1189659 -0.9771243 0.1762819 -0.1189659 -0.9787089 0.1732009 -0.1101377 -0.9828904 0.1356849 -0.1245638 -0.9828904 0.1356849 -0.1245638 -0.9828904 0.1356849 -0.1245638 -0.9840452 0.1336815 -0.117407 -0.9872578 0.09385234 -0.1285063 -0.9872578 0.09385228 -0.1285063 -0.9872578 0.09385228 -0.1285063 -0.988053 0.09265738 -0.1231501 -0.9900133 0.05095571 -0.1314432 -0.990533 0.05049002 -0.1276524 -0.9911568 0.007578253 -0.1324796 -0.9913774 0.007515192 -0.1308228 -0.9905936 -0.03583782 -0.1320603 -0.9905443 -0.03584921 -0.1324269 -0.9882643 -0.07891505 -0.1307906 -0.9882643 -0.07891511 -0.1307906 -0.9882643 -0.07891511 -0.1307906 -0.987826 -0.07927006 -0.133851 -0.9844334 -0.1210433 -0.1274341 -0.9844188 -0.1210654 -0.1275262 -0.9844335 -0.1210433 -0.1274341 -0.9835474 -0.1222209 -0.1330294 -0.9835627 -0.1221969 -0.1329378 -0.9835474 -0.1222209 -0.1330294 -0.9790039 -0.1621214 -0.1235642 -0.9777997 -0.1640828 -0.1303254 -0.9722549 -0.2016543 -0.1185577 -0.970409 -0.2049703 -0.1276463 -0.9641739 -0.2397215 -0.1135882 -0.9619621 -0.2438939 -0.1230641 -0.9553224 -0.275434 -0.1072155 -0.9523181 -0.2812919 -0.1181749 -0.1391075 0.7219005 -0.6778709 -0.897832 0.1607813 0.4099355 -0.8978626 0.1606969 0.4099017 -0.8978626 0.1606969 0.4099017 -0.5192781 0.8199459 -0.240913 -0.6796551 0.7326866 -0.03520399 -0.939493 0.3365132 -0.06412523 -0.2020449 0.7394282 -0.6422023 -0.1953868 0.8432629 -0.5007312 -0.1953869 0.843263 -0.5007312 -0.1953868 0.8432629 -0.5007312 -0.1651886 0.8360049 -0.5232672 -0.3778486 0.8565698 -0.3514524 -0.3775945 0.856739 -0.3513131 -0.3778485 0.8565698 -0.3514524 -0.440514 0.8489843 -0.2918441 -0.5063081 0.8341763 -0.218637 -0.3100073 0.8579133 -0.4097323 -0.5983229 0.801253 0.001857042 -0.25086 0.729121 -0.6367511 -0.4332183 0.7062459 -0.5599454 -0.4332183 0.7062458 -0.5599453 -0.4332183 0.7062459 -0.5599454 -0.5282346 0.6876692 -0.4980757 -0.5282346 0.6876692 -0.4980757 -0.5282346 0.6876692 -0.4980757 -0.749398 0.5784946 -0.3220971 -0.7888854 0.5504645 -0.2732194 -0.89773 0.4254548 -0.1143202 -0.9541711 0.1255925 0.2716325 -0.3251107 0.7844436 -0.5281583 -0.3252466 0.7844077 -0.528128 -0.3251107 0.7844436 -0.5281584 -0.7603328 0.6313518 -0.1526077 -0.7452988 0.6437823 -0.1734191 -0.5165705 0.7569279 -0.4002691 -0.4943732 0.7620235 -0.4182289 -0.2115653 0.7799714 -0.5889692 -0.1858831 0.7769488 -0.6014966 -0.001317083 0.8212064 -0.5706298 -0.1442076 0.8784937 -0.4554702 -0.1336702 0.9020001 -0.4105219 -0.1338118 0.9019891 -0.4104999 -0.2712692 0.9157006 -0.2964887 -0.2520786 0.914947 -0.3151643 -0.2520784 0.9149469 -0.3151645 -0.2520785 0.9149469 -0.3151644 -0.3152205 0.9144943 -0.2536461 -0.4890114 0.8702316 -0.0597068 -0.4915146 0.8690561 -0.05616956 -0.5710716 0.8204659 0.0267015 -0.5016258 0.8620571 -0.07231289 -0.4394536 0.8843285 -0.1576197 -0.3181889 0.9000649 -0.2977233 -0.3184997 0.8999883 -0.2976225 -0.7333014 -0.671029 0.1094951 -0.8208826 -0.1581693 0.5487572 -0.9592508 -0.2017429 0.1978328 -0.6335597 0.08222734 0.769312 -0.6395031 0.6851968 0.3486276 -0.6807272 0.6374036 0.3610087 -0.6370279 0.6373836 0.4335179 -0.6542171 0.337853 0.6766502 -0.6803294 0.4016803 0.6130293 -0.6346295 0.4034841 0.6591253 -0.6893993 0.4466916 0.570259 -0.6552078 0.4491226 0.6074469 -0.6730748 0.4863116 0.5571996 -0.6772767 0.4869184 0.5515494 -0.6527043 0.5375508 0.5338692 -0.6726194 0.5347529 0.5114908 -0.6662124 0.5602391 0.4922329 -0.6732424 0.5751368 0.4647177 -0.660794 0.5890571 0.4651483 -0.6765195 0.6170423 0.4019704 -0.6776525 0.1442423 0.7210972 -0.6551335 0.1880242 0.7317425 -0.6763825 0.2084741 0.7064314 -0.6633042 0.2441035 0.7074186 -0.6765523 0.270437 0.6849386 -0.6687988 0.2818059 0.6879634 -0.6644743 0.3395826 0.6657009 -0.6840755 3.95222e-4 0.7294112 -0.6622372 0.04296451 0.7480615 -0.6879083 0.1066321 0.7179219 -0.5933326 -0.05267989 0.8032318 -0.5083684 -0.06438845 0.8587292 -0.5083684 -0.06438845 0.8587292 -0.5083684 -0.06438845 0.8587293 -0.6124516 -0.09657752 0.7845864 -0.5965267 -0.112553 0.7946621 -0.6131739 -0.1170039 0.7812349 -0.6131739 -0.1170038 0.7812349 -0.6132864 -0.1169716 0.7811514 -0.5976543 -0.155993 0.7864322 -0.5897421 -0.1558713 0.7924068 -0.6355323 -0.1595597 0.7554069 -0.6777558 -0.4197353 0.603713 -0.6624651 -0.3839188 0.6432312 -0.6766626 -0.3660407 0.6388599 -0.6154184 -0.6986835 0.3648309 -0.7308425 -0.5541571 0.3984711 -0.5563002 -0.7016659 0.4451912 -0.7474652 -0.5032715 0.4336055 -0.6798647 -0.5722101 0.4586498 -0.6691774 -0.537505 0.5131179 -0.6970578 -0.6648886 0.2683907 -0.6673032 -0.6747177 0.3153768 -0.7009711 -0.6208347 0.351004 -0.6674714 -0.6861559 0.2892612 -0.6799011 -0.6964365 0.229588 -0.6435195 -0.7317443 0.2245731 -0.694314 -0.6992369 0.170282 -0.6408453 -0.7533159 0.1477588 -0.6945573 -0.7103252 0.1141415 -0.6768945 -0.7297201 0.09655302 -0.9584848 -0.2283889 0.1707207 -0.9531757 -0.296255 0.06073927 -0.9524307 -0.2979573 0.06401205 -0.9546124 -0.287246 0.07877099 -0.9536255 -0.2896343 0.08191829 -0.9531987 -0.282961 0.1065154 -0.9564524 -0.2751559 0.09740614 -0.9521585 -0.2781558 0.1265848 -0.9547466 -0.2733579 0.1171943 -0.9547207 -0.2644313 0.1363244 -0.9550613 -0.2639484 0.1348676 -0.9562083 -0.2500842 0.152065 -0.9566774 -0.2494775 0.1500974 -0.9568698 -0.2400861 0.1635813 -0.9546201 -0.2343441 0.1838027 -0.9616441 -0.1797285 0.2072159 -0.9658902 -0.08647346 0.2440875 -0.9648039 -0.09758138 0.2441956 -0.967141 -0.1040628 0.2319683 -0.9635737 -0.1222984 0.2378425 -0.9642176 -0.1273893 0.2325008 -0.963465 -0.1540835 0.2190743 -0.9534757 -0.159545 0.255792 -0.9618774 -0.1661232 0.2172442 -0.9762361 -0.0593748 0.2084172 -0.9762384 -0.06008982 0.2082017 -0.9819204 -0.03949207 0.1851296 -0.9848738 -0.03155916 0.1703752 -0.9837371 -0.02944326 0.177185 -0.9837654 -0.02148228 0.1781694 -0.9840566 -0.01885545 0.1768534 -0.9823408 -0.01684182 0.1863412 -0.9792881 -0.007577717 0.2023307 -0.978794 1.48939e-4 0.2048471 -0.969179 0.008741259 0.2462025 -0.9594227 0.02661055 0.2807139 -0.9685342 0.03055167 0.2469981 -0.9641632 0.06201374 0.2579609 -0.9655901 0.0570895 0.2537251 -0.9654303 0.07806175 0.2486985 -0.9642917 0.08275949 0.2515798 -0.9651212 0.1013063 0.2414085 -0.9637024 0.1067909 0.2446905 -0.9636076 0.1187681 0.2394886 -0.9613708 0.1396736 0.2371867 -0.9661242 0.1248647 0.2258602 -0.9607102 0.1538035 0.231042 -0.9548004 0.2555107 0.1518904 -0.9567037 0.2399294 0.1647787 -0.9565228 0.2401396 0.165521 -0.9565367 0.2319387 0.1767543 -0.9562484 0.2287276 0.1824085 -0.9591921 0.2154472 0.1831204 -0.9571024 0.2128258 0.1966221 -0.958671 0.2033766 0.1989676 -0.958724 0.1937162 0.2081404 -0.9594771 0.1905819 0.2075628 -0.9602625 0.1734428 0.2186632 -0.9610272 0.1703975 0.2176956 -0.961257 0.1569823 0.2265869 -0.9763601 0.2146672 -0.02528035 -0.924578 0.3168732 0.211535 -0.9695447 0.2126342 0.1215318 -0.9013169 -0.1369673 0.4109354 -0.9244342 -0.1043771 0.3667793 -0.9659793 -0.06994581 0.2489809 -0.9559508 -0.1082919 0.2728205 -0.9679931 -0.08049154 0.2377195 -0.9679931 -0.08049154 0.2377195 -0.9679931 -0.08049154 0.2377195 -0.7365594 -0.1712406 0.654337 -0.7590627 -0.06995964 0.6472477 -0.7590627 -0.06995964 0.6472477 -0.7590626 -0.06995964 0.6472477 -0.6696255 -0.3440322 0.6582124 -0.67348 -0.296271 0.6772358 -0.6487348 -0.3178396 0.6914632 -0.6802817 -0.2436212 0.6912782 -0.6773847 -0.2477262 0.6926628 -0.6624695 -0.2080696 0.7196119 -0.6781893 -0.1845976 0.7113248 -0.6803461 -0.1895341 0.7079591 0.2292433 -0.8409065 0.4902283 0.2292457 -0.840907 0.4902263 0.2292445 -0.8409069 0.4902272 -0.7740626 0.05494672 0.6307202 -0.7571775 -0.0496661 0.6513183 -0.6707204 -0.00128746 0.7417092 -0.6721743 0.001265227 0.740392 -0.6467597 -0.02935683 0.7621287 -0.6719753 0.0125541 0.7404673 -0.800439 0.01085889 0.5993158 -0.7690201 0.2398138 0.5925348 -0.9061045 0.03173768 0.4218619 -0.7049135 0.6506474 0.2824096 -0.7721155 0.5604391 0.2995762 -0.7716749 0.5530673 0.3140616 -0.7733743 0.5502793 0.3147776 -0.7730023 0.5250109 0.3561334 -0.774956 0.5217675 0.356654 -0.7748422 0.49286 0.3958648 -0.7770262 0.4892194 0.3960996 -0.7771587 0.4567674 0.4328831 -0.779446 0.4529449 0.4327872 -0.7797818 0.4170296 0.4669332 -0.7821408 0.4131191 0.4664638 -0.7826122 0.3739675 0.4976609 -0.7849269 0.3701705 0.4968537 -0.7855005 0.3279972 0.5247922 -0.7877317 0.3244011 0.523682 -0.7883378 0.2794627 0.5481097 -0.7903985 0.2762345 0.5467766 -0.7909961 0.2286232 0.5675005 -0.7928102 0.2258856 0.5660634 -0.793367 0.1758239 0.5827991 -0.7948563 0.1736666 0.5814151 -0.7953121 0.1216917 0.5938603 -0.7964965 0.1200423 0.5926073 -0.7968276 0.06648105 0.6005381 -0.7975864 0.06547272 0.599641 -0.7976682 0.007329165 0.6030523 -0.8766506 0.01109904 0.4809997 -0.8334141 0.5081143 0.2173499 -0.880887 0.4111123 0.234574 -0.8808301 0.4101745 0.2364221 -0.8820868 0.4070728 0.2370964 -0.8818241 0.3896228 0.2656694 -0.8832704 0.3860273 0.2661136 -0.8832055 0.3659738 0.2932766 -0.8848111 0.361976 0.2933987 -0.8849103 0.3393774 0.3189936 -0.886617 0.3351435 0.3187308 -0.8868417 0.3100188 0.342637 -0.8885777 0.3057592 0.3419666 -0.8889139 0.2781693 0.3639425 -0.8906378 0.2739874 0.3628987 -0.8910413 0.2440735 0.3827186 -0.8926808 0.240174 0.3813627 -0.8931165 0.2080456 0.3988231 -0.8945857 0.2046284 0.3972954 -0.8950235 0.1703143 0.4122209 -0.8963726 0.1672946 0.4105226 -0.8967724 0.1310653 0.4226362 -0.8978725 0.1287115 0.4210205 -0.8982051 0.09074795 0.4301075 -0.8990607 0.08900678 0.4286813 -0.899285 0.04968833 0.4345316 -0.8998503 0.04862093 0.4334809 -0.9000868 0.02483338 0.4350025 -0.9265329 0.007032036 0.3761482 -0.925527 -0.05731171 0.3743199 -0.9514141 0.006143033 0.3078533 -0.9667206 0.01253885 0.2555272 -0.9663907 0.03598338 0.2545474 -0.7811216 -0.1661921 0.6018549 -0.7963272 -0.1766474 0.5784969 -0.7956605 -0.2077219 0.5690133 -0.7945372 -0.2068965 0.5708807 -0.7937898 -0.2590824 0.550249 -0.7923805 -0.2582553 0.5526639 -0.7915222 -0.3084009 0.5276188 -0.7898143 -0.3076248 0.5306227 -0.7888979 -0.3552846 0.5014111 -0.7869485 -0.3547115 0.504868 -0.8606607 -0.1289344 0.4925841 -0.8987384 -0.1415509 0.4150093 -0.8984212 -0.1544396 0.4110813 -0.8976373 -0.153631 0.413092 -0.8970735 -0.192678 0.3976613 -0.8960142 -0.191833 0.4004483 -0.8953732 -0.2293629 0.3817061 -0.9043645 -0.2347176 0.3564165 -0.8920738 -0.2657296 0.3655028 -0.9571389 -0.2034911 0.2060983 -0.8999484 -0.2981364 0.3181316 -0.8913819 -0.297096 0.3423047 -0.7839379 -0.3991388 0.4755309 -0.7860316 -0.3994559 0.4717937 -0.6817513 -0.4679643 0.5623387 -0.655651 -0.4471829 0.6083989 -0.7792841 -0.4915395 0.3887224 -0.7753194 -0.4935976 0.3940066 -0.7752816 -0.5361418 0.3339019 -0.7731622 -0.53698 0.3374503 -0.7729703 -0.5635917 0.2913445 -0.7709698 -0.564662 0.2945548 -0.7710636 -0.5869648 0.246847 -0.7692809 -0.5881434 0.2495886 -0.7696838 -0.6060658 0.2006765 -0.7681464 -0.6072703 0.2029135 -0.7688815 -0.6207712 0.1531812 -0.7676311 -0.6218922 0.1548959 -0.7685543 -0.6278672 0.1229113 -0.8146725 -0.5734785 0.08620393 -0.8919464 -0.4443988 0.08331561 -0.8783662 -0.4670178 0.1018207 -0.8777906 -0.4634481 0.1212424 -0.8787137 -0.4621633 0.1194456 -0.8781843 -0.4525134 0.1549969 -0.8793224 -0.4511141 0.1526047 -0.8790367 -0.4381991 0.1878193 -0.8803651 -0.4367942 0.1848462 -0.8802993 -0.4206213 0.2194329 -0.8817841 -0.4193189 0.2159368 -0.8819239 -0.3999046 0.2495731 -0.8835214 -0.3988149 0.245635 -0.8836169 -0.3678603 0.2896549 -0.8865167 -0.3653766 0.2838808 -0.8876171 -0.3297732 0.3215363 -0.7808976 -0.4405406 0.4428576 -0.783079 -0.440547 0.4389826 -0.6830269 -0.5133364 0.5195768 -0.6528126 -0.5087113 0.561292 -0.6997026 -0.7137394 0.03150314 -0.7039879 -0.7095065 -0.03164839 -0.7107961 -0.7023116 0.03908222 -0.814922 -0.5783813 0.03711265 -0.8079731 -0.5876395 0.04312032 -0.8982495 -0.4375262 0.04145914 -0.8945233 -0.4446609 0.04587817 -0.9572066 -0.2859272 0.04473406 -0.9557725 -0.2902691 0.04735809 -0.7116234 -0.7021365 -0.02442216 -0.8108966 -0.5851691 -0.004878103 -0.8105921 -0.5855926 -0.004683852 -0.8962932 -0.4431489 0.01666766 -0.896125 -0.4434835 0.01681202 -0.956361 -0.2897573 0.03760761 -0.9563158 -0.2898983 0.0376712 -0.6417257 -0.7619795 -0.08703732 -0.6417257 -0.7619795 -0.08703732 -0.6411285 -0.7640368 -0.07212573 -0.6411287 -0.7640367 -0.07212573 -0.6410834 -0.7640432 -0.07245814 -0.6388323 -0.7655641 -0.07619136 -0.6410421 -0.7617991 -0.09341943 -0.6407311 -0.7642015 -0.07388955 -0.6407311 -0.7642015 -0.07388955 -0.6407311 -0.7642017 -0.07388955 -0.9518847 -0.3023751 0.04984915 -0.71158 -0.7006663 -0.05216056 -0.624324 -0.7811234 -0.008107423 -0.6394612 -0.7688213 0.00179702 -0.7567999 -0.6533718 0.01894813 -0.7180148 -0.6960022 0.005982518 -0.6897083 -0.7240766 0.003953874 -0.9618801 -0.2690926 0.04874461 -0.955033 -0.2937695 0.04014396 -0.9168379 -0.3967563 0.0446394 -0.865965 -0.4995876 0.02274101 -0.8468125 -0.5310994 0.02901643 -0.8021755 -0.5967643 0.01966744 -0.769558 -0.6383584 0.01670479 -0.6841357 -0.7277511 -0.04834043 -0.8283113 -0.5598322 -0.02210038 -0.7938965 -0.6078318 -0.0164051 -0.9166829 -0.3995987 0.003656387 -0.8752989 -0.4833217 0.01588433 -0.9648866 -0.2613485 0.02628439 -0.9378384 -0.3454129 0.03389871 -0.9689799 -0.2432613 0.04361224 -0.9705122 -0.236183 0.04820513 -0.963801 -0.2631512 0.04288542 -0.9273779 -0.3728225 0.03120386 -0.9382568 -0.3447331 0.02887207 -0.8610786 -0.5083733 0.01001274 -0.8759977 -0.4822534 0.007731974 -0.7750186 -0.6318377 -0.01129198 -0.7936534 -0.6082183 -0.01359176 -0.6609266 -0.7496981 -0.03359901 -0.6832246 -0.7292681 -0.03704285 -0.9657532 -0.2552632 0.04649382 -0.9175005 -0.3961452 0.03552299 -0.9272583 -0.3729838 0.03279238 -0.8475233 -0.5304181 0.01900213 -0.8606023 -0.5090155 0.01634371 -0.7580104 -0.6522391 0.002128064 -0.7742093 -0.6329295 -5.1565e-4 -0.6407101 -0.7676204 -0.01579934 -0.6598534 -0.751145 -0.01935678 -0.516586 -0.8488937 -0.1118867 -0.5165859 -0.8488937 -0.1118867 -0.5165859 -0.8488936 -0.1118867 -0.5162817 -0.8490554 -0.1120638 -0.3996377 -0.8598509 -0.3177202 0.006811261 -0.6799218 -0.7332531 -0.1833907 -0.8084214 -0.5593056 -0.3818035 -0.8652914 -0.3248032 -0.3815088 -0.8653685 -0.324944 -0.3818035 -0.8652913 -0.3248033 -0.5075878 -0.8522001 -0.1269245 -0.5075398 -0.8522766 -0.1266013 -0.5064221 -0.8526123 -0.1287985 -0.5064222 -0.8526123 -0.1287986 -0.5064221 -0.8526123 -0.1287986 -0.3831356 -0.8654367 -0.3228412 -0.3923738 -0.8591861 -0.3283934 -0.3923738 -0.8591861 -0.3283934 -0.2227869 -0.8056224 -0.5489432 -0.1885796 -0.7797558 -0.5970082 -0.1885796 -0.7797558 -0.5970082 -1 -1.71438e-6 0 -1 8.91711e-6 0 -1 -3.39747e-6 0 -1 -2.2724e-6 0 -1 -4.66105e-6 0 -1 6.46212e-6 0 -0.9999999 -5.0223e-4 1.53237e-4 -1 -8.27343e-5 0 -1 -8.27809e-5 0 -1 -8.27529e-5 0 -1 -2.13035e-5 0 -1 3.15531e-5 0 -1 2.96678e-6 0 -1 -1.33795e-6 0 -1 1.70996e-6 0 -1 -1.75524e-5 0 -1 -3.50387e-7 0 -1 3.84848e-6 0 -1 -1.20979e-5 0 -0.9999997 8.19637e-4 -4.48365e-4 -0.9999997 8.19633e-4 -4.48373e-4 -0.9999997 8.19627e-4 -4.48388e-4 -1 -8.11393e-6 0 -1 1.56323e-5 0 -1 -1.34674e-5 0 -1 1.28806e-6 0 -1 2.06107e-6 0 -1 -9.81383e-6 0 -1 4.28328e-6 0 -1 4.6204e-5 0 -1 1.06077e-4 2.03818e-5 -1 -2.83015e-4 5.17615e-5 -1 -2.83016e-4 5.17921e-5 -1 -2.83019e-4 5.17723e-5 -1 5.0655e-6 0 -1 -1.4001e-6 0 -0.9823346 0.1822763 -0.04235821 -0.9836294 0.1789187 -0.02148145 -0.981391 0.1895269 -0.03084462 -0.9834631 0.1761289 -0.04217737 -0.983224 0.1824002 8.73445e-4 -0.9815889 0.1906817 -0.01113694 -0.9818067 0.188995 -0.01834946 -0.9829908 0.1836555 2.379e-4 -0.9615479 0.2733702 -0.02635151 -0.9664949 0.2561211 -0.01702582 -0.9583585 0.2740315 -0.08034789 -0.9564483 0.2815563 -0.07702416 -0.9556028 0.2846596 -0.07610607 -0.961426 0.2684801 -0.05982154 -0.9566922 0.2866559 -0.05068254 -0.9568323 0.2862361 -0.05040729 -0.9619359 0.2709501 -0.03557235 -0.9582607 0.2757721 -0.07540786 -0.9577506 0.2802329 -0.06467872 -0.9580762 0.2757557 -0.07777374 -0.98226 0.1833654 -0.03927391 -0.9821124 0.1833076 -0.04305392 -0.9858896 0.02072685 -0.1661089 -0.973636 0.2229049 0.04844188 -0.9564095 0.2844551 -0.06607818 -0.9564095 0.284455 -0.06607812 -0.9564095 0.2844551 -0.06607818 -0.7954415 -0.5739948 0.1944295 -0.7754455 -0.6234359 0.1000604 -0.7754455 -0.623436 0.1000604 -0.7754455 -0.6234359 0.1000604 -0.8785784 -0.4482613 0.1648086 -0.8785784 -0.4482614 0.1648088 -0.8785784 -0.4482614 0.1648087 -0.9566029 -0.2835227 0.06727319 -0.956603 -0.2835227 0.06727319 -0.956603 -0.2835227 0.06727319 -0.9204595 -0.3779853 -0.09940576 -0.9867244 -0.04337638 0.1565044 -0.3677443 0.6509999 0.6640507 -0.367744 0.6510001 0.6640506 -0.3677442 0.6510001 0.6640505 -0.1876631 0.7438049 0.6415114 -0.2109193 0.7161041 0.6653631 -0.3107289 0.672984 0.6712228 -0.1868835 0.7061358 0.6829691 -0.4537723 0.6123159 0.6474257 -0.4537722 0.612316 0.6474258 -0.4537723 0.6123158 0.6474258 -0.5602875 0.5541223 0.6156514 -0.6916079 0.4545714 0.5612873 -0.8550889 0.2823437 0.4348623 -0.8909485 0.2255537 0.3941275 -0.9633461 0.0557844 0.2623977 -0.9878382 -0.0918101 0.125486 -0.9651058 0.05295658 0.2564496 -0.9761913 -0.08640593 0.1989591 -0.9761852 -0.08633279 0.1990208 -0.9761914 -0.08640593 0.1989591 -0.9780707 -0.148752 0.145776 -0.9467873 0.07163709 0.3137864 -0.9467865 0.07164114 0.3137882 -0.9467913 0.07163429 0.3137753 -0.8526116 0.2737508 0.4451001 -0.8687507 0.2462211 0.4297063 -0.5639734 0.5671722 0.6002081 -0.5957137 0.5428709 0.5919598 -0.2243471 0.7335204 0.6415733 -0.8082517 0.3978612 0.4340918 -0.1848127 0.6994815 0.6903405 -0.1848127 0.6994815 0.6903405 -0.1849066 0.6994749 0.690322 -0.1301783 0.7108629 0.6911784 -0.9676727 0.2328854 0.09681904 -0.970035 0.1214256 0.2104468 -0.9745596 0.110943 0.1947439 -0.9980589 -0.02643066 0.05639111 -0.36813 0.6520699 0.6627859 -0.3681298 0.6520703 0.6627857 -0.3681301 0.65207 0.6627858 -0.4547312 0.6154713 0.6437506 -0.5035926 0.5880901 0.632886 -0.6990368 0.498794 0.5123984 -0.8938093 0.2418044 0.3776714 -0.893775 0.24189 0.3776979 -0.893775 0.2418899 0.3776979 -0.9429813 0.2821034 0.1766467 -0.7451914 0.5280681 0.407227 -0.807218 0.4549187 0.376096 -0.4166796 0.6814541 0.6016631 -0.5032722 0.6319214 0.5894002 -0.1761282 0.7129436 0.6787417 -0.1763561 0.6997949 0.6922324 -0.1350512 0.6892382 0.7118371 0.1853572 0.6403263 0.7454026 -0.420126 0.6189766 0.6635978 0.2560073 0.5625767 0.7861092 -0.477382 0.55789 0.6788705 -0.4770997 0.5579125 0.6790505 0.2496457 0.5028321 0.8275489 -0.3953948 0.5182849 0.7583163 -0.3953949 0.5182849 0.7583165 -0.2063823 0.511811 0.8339401 -0.1164966 0.4732552 0.8731884 -0.1695867 0.4751327 0.8634172 -0.2233411 0.4116421 0.8835551 0.06909388 0.3949226 0.9161127 -0.3354796 0.3501155 0.87457 -0.3354796 0.3501155 0.87457 -0.3354795 0.3501155 0.87457 -0.4725123 0.3256182 0.8189657 0.08262026 0.31414 0.9457749 -0.474721 0.2596703 0.8409586 0.1559089 0.2419867 0.9576717 -0.4151237 0.1989973 0.8877345 -0.2199994 0.1907534 0.956668 -0.1638451 0.1497104 0.9750598 -0.2253775 0.1477255 0.9630069 -0.1900792 0.07934898 0.9785569 0.03967374 0.08706533 0.9954123 -0.3215675 0.009164154 0.9468423 -0.4724869 -0.0155484 0.8812006 0.07321596 0.001859068 0.9973144 0.07321596 0.001859009 0.9973144 0.07321596 0.001859009 0.9973144 -0.4729026 -0.08440488 0.8770627 0.2160022 -0.0519964 0.9750074 -0.4084743 -0.1470839 0.9008414 -0.1870858 -0.1513689 0.9706113 -0.1743366 -0.1917327 0.9658393 -0.1730088 -0.1916201 0.9661003 -0.1730088 -0.1916201 0.9661003 -0.1766892 -0.2575128 0.9499832 -0.1765957 -0.2575049 0.9500027 -0.1698391 -0.2568696 0.9514057 -0.4740289 -0.2805717 0.8346114 -0.4828194 -0.2812265 0.8293355 -0.4931683 -0.2183429 0.8420876 -0.4931683 -0.2183429 0.8420876 -0.4931683 -0.2183429 0.8420876 -0.5007486 -0.2190174 0.837426 -0.5097276 -0.1542044 0.8464034 -0.5160498 -0.1548362 0.8424479 -0.5236788 -0.08844989 0.8473117 -0.528472 -0.08902412 0.8442702 -0.5348516 -0.02147644 0.844673 -0.5384693 -0.02199459 0.8423581 -0.5432937 0.04616469 0.8382726 -0.5448796 0.04589581 0.8372575 -0.5480042 0.1140964 0.8286576 -0.5486271 0.1139682 0.828263 -0.5500081 0.1816185 0.8151723 -0.548966 0.1817966 0.8158349 -0.5485088 0.2483536 0.7984101 -0.5459045 0.2489098 0.8000202 -0.5437516 0.3137665 0.7783861 -0.5401224 0.3145685 0.780586 -0.5363516 0.3773 0.7549648 -0.5314725 0.3784179 0.7578504 -0.5262548 0.4384655 0.7285629 -0.51976 0.4400557 0.7322572 -0.5130829 0.497271 0.6996196 -0.505924 0.4990908 0.7035264 -0.4981235 0.5530373 0.6678494 -0.4900982 0.5551314 0.6720364 -0.4813356 0.6057168 0.6335797 -0.4723805 0.6081019 0.6380195 -0.462585 0.6549614 0.5975289 -0.462585 0.6549614 0.5975288 -0.4201616 0.665643 0.6167525 -0.7683806 -0.2699434 0.5802774 -0.7747595 -0.2694479 0.5719666 -0.7831241 -0.2173771 0.5826352 -0.7883776 -0.2172852 0.5755416 -0.7959262 -0.1632674 0.5829626 -0.8002902 -0.1634579 0.5769032 -0.8068023 -0.1078682 0.5808913 -0.8101927 -0.1082397 0.5760835 -0.8154749 -0.05150479 0.5764963 -0.8178302 -0.05192804 0.5731121 -0.8218318 0.005422949 0.5697044 -0.8230773 0.005102157 0.5679065 -0.8256713 0.06256377 0.5606717 -0.825902 0.06250286 0.5603386 -0.8270434 0.1194731 0.5492954 -0.8264172 0.1197022 0.5501874 -0.8260747 0.1756651 0.5354833 -0.8245505 0.1763845 0.5375918 -0.822489 0.2309033 0.5198032 -0.8224892 0.2309034 0.5198032 -0.822489 0.2309034 0.5198032 -0.8200033 0.2322249 0.5231313 -0.8168194 0.2847407 0.5017259 -0.8132643 0.2867583 0.5063309 -0.8088926 0.3368515 0.4818964 -0.8047986 0.3393793 0.4869506 -0.7992979 0.3868501 0.4598588 -0.7943133 0.3900589 0.4657474 -0.7943132 0.3900588 0.4657474 -0.7940221 0.3902902 0.4660499 -0.7875993 0.4348249 0.4365944 -0.7819548 0.4387291 0.4427907 -0.7747521 0.4802395 0.4112532 -0.76825 0.4848988 0.4179297 -0.7604601 0.5231654 0.3847056 -0.7437593 0.5352618 0.4003962 -0.9425448 -0.2207759 0.2507339 -0.94545 -0.2192925 0.2409051 -0.94545 -0.2192925 0.240905 -0.94545 -0.2192925 0.2409051 -0.9510095 -0.1851375 0.2475987 -0.9534001 -0.1842997 0.2388761 -0.9583839 -0.1485261 0.2438039 -0.9601331 -0.1482626 0.2369869 -0.9644709 -0.1111235 0.2396823 -0.9659363 -0.111246 0.2336487 -0.969511 -0.07314187 0.2338777 -0.9703318 -0.073421 0.2303597 -0.9730218 -0.03471374 0.228087 -0.9736574 -0.03509646 0.2252985 -0.9735832 -0.03506481 0.2256242 -0.9753148 0.003726422 0.2207876 -0.9753149 0.003726422 0.2207877 -0.9753148 0.003726422 0.2207876 -0.9754547 0.003618299 0.2201704 -0.9761995 0.04206317 0.2127569 -0.9758865 0.04240858 0.214119 -0.9756386 0.08011418 0.2042326 -0.9749994 0.08099621 0.20692 -0.9737815 0.1175858 0.194739 -0.9728677 0.118996 0.1984149 -0.9727908 0.1191222 0.1987162 -0.9706879 0.1541141 0.1844289 -0.9706576 0.154139 0.1845673 -0.9706878 0.1541141 0.1844289 -0.9693094 0.1565273 0.1895744 -0.966385 0.1898369 0.1733844 -0.9646213 0.1930621 0.1795349 -0.9608839 0.2244324 0.1622724 -0.9608839 0.2244324 0.1622724 -0.9608839 0.2244324 0.1622724 -0.9587863 0.2286217 0.1687047 -0.9546002 0.2576344 0.1495431 -0.9519998 0.2628365 0.1568864 -0.947393 0.2894476 0.136626 -0.9443004 0.2956575 0.1445114 -0.9393464 0.319993 0.1234217 -0.93518 0.3283569 0.1327413 -0.93518 0.3283569 0.1327413 -0.93518 0.3283569 0.1327413 -0.23632 -0.2726315 0.9326441 -0.1648192 -0.2856247 0.9440621 -0.4747375 -0.2759162 0.8357599 -0.5094407 -0.2845253 0.8121057 -0.5098448 -0.2845365 0.8118481 -0.5094407 -0.2845253 0.8121056 -0.773577 -0.2329555 0.5893306 -0.8059141 -0.2386192 0.5418149 -0.8059141 -0.2386192 0.5418149 -0.8059141 -0.2386192 0.5418149 -0.9506964 -0.1578632 0.2669375 -0.9672947 -0.1580123 0.1984266 -0.2214443 -0.2713439 0.9366617 -0.5104626 -0.2025421 0.8357062 -0.5104625 -0.2025422 0.8357062 -0.5104625 -0.2025421 0.8357061 -0.5763961 -0.2052018 0.7909865 -0.8079104 -0.1057004 0.5797485 -0.8516474 -0.1044495 0.5136019 -0.9694582 0.003840684 0.2452269 -0.9857163 0.007959306 0.1682263 -0.2198411 -0.260313 0.9401633 -0.1180167 -0.3111506 0.9430044 -0.2198227 -0.3261209 0.9194147 -0.3292317 -0.2472774 0.911296 -0.5712892 -0.1667626 0.8036286 -0.547507 -0.1748384 0.8183323 -0.841931 -0.02570116 0.5389729 -0.8424101 -0.02542811 0.5382367 -0.972948 0.1139619 0.2009599 -0.9768541 0.1223456 0.1754643 -0.2828457 -0.3025026 0.9102146 -0.5511956 -0.1916144 0.812076 -0.5847612 -0.1763375 0.7918078 -0.8384216 -0.007563829 0.5449699 -0.8586462 0.009301304 0.5124844 -0.9662529 0.1701377 0.1934127 -0.970384 0.1856202 0.1545969 -0.9703839 0.1856202 0.154597 -0.970384 0.1856203 0.154597 -0.745503 -0.4665895 0.4759408 -0.7769114 -0.6288146 0.03163748 -0.7769377 -0.6287891 0.03149843 -0.7769376 -0.6287891 0.03149843 -0.6418937 -0.6874648 0.3396538 -0.9867536 -0.1130861 0.1163143 -0.9867535 -0.1130863 0.1163142 -0.986779 -0.1130563 0.1161266 -0.9656171 -0.1326616 0.2235725 -0.9656171 -0.1326616 0.2235725 -0.9656171 -0.1326616 0.2235725 -0.9867516 0.148378 0.06561601 -0.9860871 0.1128664 0.1220394 -0.8751066 -0.05779641 0.4804666 -0.8746091 -0.05790293 0.4813587 -0.8859856 -0.213987 0.411387 -0.8859747 -0.2140256 0.4113901 -0.8601683 -0.3853832 0.3340516 -0.9123732 -0.354784 0.2042147 -0.9123732 -0.3547839 0.2042146 -0.9123731 -0.3547839 0.2042146 -0.2386135 -0.3910177 0.8889144 -0.1927039 -0.3893482 0.9007071 -0.2901629 -0.5027712 0.8142644 -0.1664976 -0.4476937 0.8785495 -0.2408133 -0.5774189 0.780126 -0.2407892 -0.5773894 0.7801553 -0.2408133 -0.5774188 0.780126 -0.2152817 -0.5481579 0.8081935 -0.5150557 -0.6673236 0.5379562 -0.4945033 -0.6505702 0.5763895 -0.5874125 -0.4881022 0.6455252 -0.5874125 -0.4881023 0.6455252 -0.5874125 -0.4881023 0.6455252 -0.5846131 -0.4875477 0.6484788 -0.607874 -0.3413172 0.7169323 -0.506996 -0.3215057 0.7997431 -0.60073 -0.2342751 0.7643551 -1 -4.998e-5 8.73369e-6 -1 -6.33136e-6 0 -0.9999983 0.001272678 0.001319169 -1 -3.27274e-6 0 -1 -8.19023e-6 0 -1 -3.69099e-6 0 -1 -3.40307e-6 0 -1 -5.51828e-7 0 -1 8.95191e-6 0 -1 -1.68185e-6 0 -1 2.50516e-6 0 -1 2.26774e-6 0 -1 1.77664e-5 0 -1 -2.96388e-6 0 -1 -8.07995e-7 0 -1 -2.26787e-5 0 -1 -9.04773e-6 0 -1 6.42991e-5 -1.12105e-4 -1 3.71749e-5 -1.37524e-4 -0.9999997 5.79316e-4 5.39306e-4 -0.9999997 5.79255e-4 5.39352e-4 -0.9999997 5.79316e-4 5.39298e-4 -0.9999999 -5.21551e-4 -3.65347e-4 -0.9999998 -5.2153e-4 -3.65376e-4 -0.9999999 -5.21535e-4 -3.65372e-4 -1 -3.7319e-4 2.25925e-4 -1 -4.71431e-5 -3.36626e-5 -0.9999994 0.001011729 -5.28566e-4 -0.9999998 -6.07655e-4 3.1738e-4 -1 9.00194e-7 0 -1 -1.8364e-6 0 -1 -8.25069e-6 0 -0.9999987 -0.001482307 -7.29149e-4 -0.9999986 -0.001482307 -7.29206e-4 -0.9999986 -0.001482367 -7.29054e-4 -0.9999999 4.92682e-4 1.95286e-4 -1 -8.44252e-6 0 -0.9999998 -4.74739e-4 -3.20383e-4 -0.9999998 -4.74743e-4 -3.20375e-4 -0.9999998 -4.74732e-4 -3.20394e-4 -1 -3.84914e-6 0 -0.9529007 0.3021897 0.02572309 -0.9552403 0.2952879 0.01792234 -0.9791135 0.2008354 0.03165155 -0.9789075 0.2017086 0.03246247 -0.9541112 0.2978204 -0.03122437 -0.9567407 0.2885578 -0.03717064 -0.9813274 0.1919397 -0.01248049 -0.9811586 0.1928418 -0.01182705 -0.9748027 0.213653 0.064125 -0.9777877 0.2025358 0.05394899 -0.9777877 0.2025358 0.05394899 -0.9761918 0.2042926 0.07289779 -0.9515878 0.3007025 0.06370848 -0.9507648 0.3045511 0.05740284 -0.9469813 0.3009126 0.1125977 -0.9454321 0.3084966 0.1048244 -0.9467509 0.3116691 0.08077913 -0.9436303 0.2909312 0.1578637 -0.9421849 0.2982923 0.1526741 -0.9429188 0.3068918 0.1293123 -0.9400893 0.275121 0.2013471 -0.9391186 0.2801074 0.1989879 -0.9393672 0.2934935 0.1773436 -0.9336212 0.2361408 0.2694233 -0.9341213 0.2445744 0.2600015 -0.9374577 0.2505095 0.2416985 -0.9368746 0.253327 0.2410221 -0.9360085 0.2721507 0.2232086 -0.9342757 0.2218008 0.2791656 -0.934961 0.2185423 0.2794407 -0.931738 0.2098109 0.2963848 -0.9298007 0.159172 0.331866 -0.9300024 0.1698098 0.3259758 -0.9330288 0.1806218 0.3111799 -0.9320625 0.185093 0.3114485 -0.9313808 0.2001067 0.3041171 -0.9304892 0.1441376 0.3367705 -0.9313033 0.1405588 0.3360319 -0.929093 0.1278337 0.3470519 -0.9290733 0.07070076 0.3630761 -0.9289679 0.08225947 0.3609046 -0.9310327 0.09727305 0.3517331 -0.9304038 0.09962958 0.3527362 -0.9290308 0.1166147 0.351145 -0.9306581 0.05383849 0.3619076 -0.931493 0.05109965 0.3601524 -0.929718 0.03533506 0.3665733 -0.9328626 0.004342615 0.3602063 -0.9317902 0.007287383 0.3629243 -0.9299908 0.02359306 0.3668252 -0.9342213 -0.04216253 0.3541935 -0.9317857 -0.02335733 0.362257 -0.9313502 -0.01168286 0.3639373 -0.9357962 -0.07755422 0.3439056 -0.9333357 -0.06319379 0.3533993 -0.9353458 -0.0378496 0.3517041 -0.939737 -0.1346544 0.314265 -0.9389455 -0.1240965 0.3209073 -0.9402294 -0.1086224 0.3227539 -0.9380701 -0.1057352 0.3299162 -0.9349774 -0.08572214 0.3441933 -0.9420073 -0.1462464 0.3020505 -0.9441136 -0.1475524 0.2947508 -0.9429517 -0.1630123 0.2902913 -0.9438164 -0.1724866 0.281885 -0.9471086 -0.1843077 0.262709 -0.9485976 -0.1768448 0.2624664 -0.9467868 -0.2023735 0.2502794 -0.9506155 -0.2100449 0.2284982 -0.9499413 -0.2145754 0.2270879 -0.972506 -0.09818565 0.2111678 -0.9732031 -0.1064141 0.2038424 -0.9727447 -0.1165372 0.2004672 -0.974665 -0.1184088 0.1897567 -0.9754912 -0.1327488 0.1754846 -0.9758219 -0.1327709 0.1736186 -0.9766412 -0.1383689 0.1643961 -0.9705534 -0.0890212 0.2238335 -0.9713086 -0.0894643 0.2203535 -0.9703469 -0.0671401 0.2322049 -0.9687761 -0.06351596 0.2396634 -0.9692687 -0.05249071 0.2403393 -0.9687644 -0.04344248 0.2441486 -0.9682393 -0.04008889 0.2467911 -0.9685146 -0.02818053 0.2473566 -0.9663968 -0.01836073 0.2563986 -0.9672057 -0.01040416 0.2537814 -0.9656624 0.05982089 0.2528193 -0.9657389 0.04934287 0.2547817 -0.9647517 0.04122817 0.2599126 -0.9661602 0.03349888 0.2557587 -0.9660404 0.01156622 0.2581322 -0.9653969 0.01359981 0.2604305 -0.9668448 4.86328e-4 0.2553642 -0.9641171 0.07510828 0.2546313 -0.9653312 0.06983774 0.2515125 -0.9657977 0.09244072 0.2422596 -0.964933 0.09799236 0.2435197 -0.9659413 0.1058752 0.2361103 -0.9681289 0.1628047 0.1903184 -0.9677255 0.1559962 0.1979207 -0.96626 0.1505147 0.2090144 -0.9669262 0.1457038 0.2093423 -0.9664074 0.1226615 0.2258557 -0.9644411 0.1327738 0.2285268 -0.9661083 0.1143949 0.2314062 -0.9671909 0.1766651 0.1825685 -0.9680182 0.1711612 0.1834248 -0.9699361 0.1815052 0.1621108 -0.9691415 0.1895347 0.1576119 -0.9705657 0.1901811 0.1477618 -0.9748982 0.2081966 0.07891643 -0.9742382 0.2073031 0.08879989 -0.9727158 0.2099789 0.09865605 -0.9732919 0.204553 0.1042165 -0.9715138 0.1993662 0.128118 -0.9705697 0.2058246 0.1250228 -0.9711878 0.194711 0.1374121 -1 -6.4673e-6 0 -1 8.3149e-6 0 -1 -1.29354e-5 0 -1 -4.15773e-6 0 -1 -3.23394e-6 0 -1 -6.46722e-6 0 -1 -1.66304e-5 0 -1 1.29357e-5 0 -0.9825015 -0.1691418 0.07798641 -0.9528753 -0.2419769 0.1829645 -0.958028 -0.2140309 0.1907176 -0.9803999 -0.1662952 0.105651 -0.9581862 -0.2492581 0.1405334 -0.9525574 -0.2728179 0.1349258 -0.98198 -0.1620881 0.09717422 -0.9783856 -0.1438725 0.1485338 -0.9778885 -0.1498615 0.1458615 -0.9810715 -0.1789525 0.07399177 -0.9810715 -0.1789525 0.07399177 -0.9810715 -0.1789525 0.07399177 -0.9729393 -0.2310374 0.00331521 -0.9980702 -0.03408437 0.05190646 -0.9980702 -0.03408437 0.05190646 -0.9980702 -0.03408437 0.05190646 -0.994099 0.06536227 -0.08657342 -0.969426 0.2273504 0.09233158 -0.969426 0.2273504 0.09233158 -0.969426 0.2273503 0.09233158 -0.9446126 0.3033771 -0.1251775 -0.9445958 0.3032952 -0.1255024 -0.9445958 0.3032952 -0.1255024 -0.8387121 0.5234525 -0.1501982 -0.749753 0.6486067 0.1310724 -0.749753 0.6486067 0.1310723 -0.7497156 0.6486328 0.1311566 -0.8856977 0.4584043 -0.07352077 -0.8856198 0.4584797 -0.07398772 -0.9810392 0.01106137 0.1934939 -0.9749523 -0.2157271 0.05412828 -0.952511 -0.2859271 0.104731 -0.9918996 -0.08149826 0.09743356 -0.9663869 0.2220618 -0.1295571 -0.975127 0.2156538 0.05119276 -0.8162058 0.5197541 -0.2523168 -0.8386992 0.5236854 -0.1494569 -0.929935 0.3563339 -0.09081345 -0.9317574 0.3526094 -0.0865733 -0.7905172 0.6020826 -0.1121569 -0.7632866 0.6319022 -0.1345108 -0.9948992 0.09796833 0.02404069 -0.9951491 -0.09749859 0.01312702 -0.9811551 -0.1770608 0.07735866 -0.981155 -0.1770607 0.07735866 -0.9810912 -0.177382 0.07743167 -0.9594277 -0.2640678 0.09882706 -0.9594479 -0.2640194 0.09875953 -0.9597603 -0.2633407 0.09752869 -0.959888 -0.2631866 0.09668475 -0.9836633 -0.1641805 0.07383286 -0.9817285 -0.1733688 0.0784375 -0.9826366 -0.1702963 0.07365119 -0.9823219 -0.1722845 0.07322508 -0.982662 -0.1714385 0.0706011 -0.9830507 -0.1692276 0.07052278 -0.9624047 -0.2547342 0.09427529 -0.9624571 -0.2545178 0.09432488 -0.9664496 -0.2393416 0.0932253 -0.9637423 -0.2508189 0.09105294 -0.9702455 -0.2246913 0.09020847 -0.8056064 0.5762005 0.1378094 -0.6467351 0.7622346 -0.02706217 -0.6469817 0.7620224 -0.02714449 -0.2351908 0.8554663 0.4613708 -0.1912881 0.8636741 0.4663432 -0.5590525 0.8050767 0.1982718 -0.5197539 0.8274633 0.2125098 -0.6623419 0.7481151 0.0403369 -0.7150914 0.6988422 -0.01624906 -0.9976853 0.01137369 0.06704336 -0.9976853 0.01137363 0.06704342 -0.9976679 0.01163089 0.06725817 -0.972568 0.1567962 0.1718327 -0.9725244 0.1571247 0.1717802 -0.9609462 0.2762927 0.01564395 -0.9609331 0.2763383 0.01564294 -0.9609333 0.2763381 0.015643 -0.8759216 0.4580588 0.1514715 -0.826313 0.5549953 0.09584879 -0.5870792 0.7407381 0.3265657 -0.5903737 0.7387576 0.3251096 -0.2258344 0.8200739 0.5258115 -0.228995 0.8195904 0.5251981 -0.9687966 0.169799 0.1805592 -0.9687902 0.1697179 0.18067 -0.9687889 0.1697207 0.1806738 -0.8930959 0.335271 0.2999554 -0.8913273 0.3385896 0.3014844 -0.6200202 0.6115071 0.491563 -0.615652 0.6150032 0.4926904 -0.2392376 0.7716808 0.5892996 -0.2370385 0.7724187 0.5892217 -0.6262572 0.7313628 0.2700194 -0.6247054 0.7337201 0.2672042 -0.6281371 0.7495206 0.2089566 -0.6228949 0.7556018 0.2026527 -0.6182951 0.7731339 0.1413339 -0.6262411 0.7661567 0.1443128 -0.6238865 0.7664937 0.1524903 -0.6241674 0.765727 0.1551687 -0.6239188 0.7659004 0.1553127 -0.6241674 0.7657269 0.1551687 -0.6223399 0.7730134 0.1230591 -0.6203708 0.7743583 0.1245371 -0.627129 0.7692602 0.1222619 -0.5348527 0.8146654 0.2241713 -0.5328649 0.8150132 0.2276152 -0.007724344 0.8628045 -0.5054788 -0.03304558 -0.7095422 -0.7038878 -0.03488653 0.5937216 -0.803914 -0.03490471 0.7115423 -0.7017759 -0.02423262 0.6496094 -0.7598819 0.01805013 0.6853889 -0.7279535 -0.01873445 0.646736 -0.7624838 -0.03489673 0.3864465 -0.9216514 -0.03487849 0.4298542 -0.9022245 -0.01908338 0.4910986 -0.870895 -0.02190732 0.4954422 -0.8683647 -0.03489571 0.5554621 -0.8308094 -0.0246582 0.3237909 -0.9458073 -0.01954895 0.3141222 -0.9491814 -0.03488022 0.250487 -0.9674915 -0.03490108 0.01592761 -0.9992639 -0.0348832 0.06249815 -0.9974354 -0.01927417 0.1253718 -0.9919227 -0.02711451 0.1421965 -0.9894671 -0.03489577 0.2045296 -0.9782382 -0.02926552 -0.04319363 -0.998638 -0.01825624 -0.06808406 -0.9975126 -0.03487759 -0.1271082 -0.9912756 -0.03489732 -0.3575847 -0.9332286 -0.03487455 -0.3120046 -0.9494404 -0.01650106 -0.2589828 -0.965741 -0.03087782 -0.227391 -0.9733139 -0.03489542 -0.1734957 -0.9842162 -0.03183722 -0.4049087 -0.9138028 -0.01371055 -0.440211 -0.8977898 -0.03557258 -0.4872972 -0.8725115 2.07797e-4 -0.612162 -0.7907324 -0.03914284 -0.6045205 -0.7956272 0.02396637 -0.6262814 -0.7792286 0.01383423 -0.6218233 -0.7830355 -0.01438069 -0.5957357 -0.8030518 -0.02883207 -0.5694618 -0.8215121 -0.03464323 -0.5394188 -0.8413248 -0.03490382 0.7224833 -0.6905069 -0.03322321 0.7501407 -0.6604434 -0.00503385 0.7840597 -0.6206653 -0.003246009 0.7825117 -0.6226274 -0.04867911 0.8455847 -0.5316174 -0.5809273 -0.8091803 -0.08803933 -0.5814118 -0.8094033 -0.08262479 -0.5796198 -0.8139617 -0.03882479 -0.586782 -0.8082756 -0.04875916 -0.5804709 -0.8140873 0.01776605 -0.5828686 -0.8125014 0.01028305 -0.5817585 -0.8115994 0.05351096 -0.5830682 -0.8109073 0.04960757 -0.5802448 -0.8086255 0.09716427 -0.5760273 -0.8102026 0.1084631 -0.5825103 -0.8006224 0.1403059 -0.5800327 -0.798489 0.1611756 -0.5793059 -0.7569882 0.3022808 -0.5725528 -0.7738822 0.270721 -0.5732882 -0.7738898 0.2691378 -0.581587 -0.7816244 0.2254328 -0.578157 -0.7911271 0.1996305 -0.5801855 -0.7918288 0.1907665 -0.5807812 -0.7962267 0.1694594 -0.5777892 -0.6960697 0.4262003 -0.5715262 -0.7114514 0.4088945 -0.5780945 -0.7177695 0.3880898 -0.5783134 -0.7406628 0.3420123 -0.5751353 -0.7394822 0.3498364 -0.5788225 -0.748988 0.3224617 -0.5674425 -0.1026331 0.8169918 -0.5759494 -0.660671 0.4814521 -0.5819789 -0.6631064 0.470734 -0.5708595 -0.6179136 0.54065 -0.5762169 -0.6218684 0.5303338 -0.5754836 -0.5858207 0.5706425 -0.570327 -0.571859 0.5896648 -0.580722 -0.5406963 0.6086128 -0.5711696 -0.5169273 0.6376139 -0.5743929 -0.4994192 0.6485779 -0.5741497 -0.4850288 0.6596206 -0.5753632 -0.4636417 0.6737905 -0.5692327 -0.4505147 0.6877577 -0.577827 -0.3995977 0.7116443 -0.5736308 -0.3914105 0.7195454 -0.5703307 -0.3231647 0.7551738 -0.570319 -0.3231154 0.7552037 -0.5723317 -0.256563 0.778853 -0.5717 -0.2547689 0.7799052 -0.5713952 -0.2146385 0.7921097 -0.5721771 -0.2178734 0.7906608 -0.5688965 -0.1569936 0.8072856 -0.5636263 -0.1483418 0.8126009 -0.5748802 -0.07690238 0.8146159 -0.5622984 0.2732127 0.7804969 -0.566655 -0.04627084 0.822655 -0.5449784 -0.02688199 0.8380191 -0.5658594 0.01637476 0.8243393 -0.5658398 0.05989515 0.8223369 -0.5223935 0.1318479 0.8424495 -0.5683147 0.1009157 0.8165994 -0.5552604 0.2146456 0.8035007 -0.5376378 0.2316576 0.8107283 -0.5559769 0.2736824 0.7848489 -0.5625908 0.3140851 0.7647497 -0.5591297 0.3092563 0.7692428 -0.5528364 0.31088 0.7731271 -0.551538 0.3085645 0.77498 -0.593942 0.2049896 0.7779539 -0.5685832 0.2258117 0.7910261 -0.5690045 0.1344801 0.8112638 -0.5956286 0.09843325 0.7972061 -0.5732506 0.06995123 0.8163888 -0.5730137 -0.006612181 0.8195191 -0.5943033 -0.02573949 0.803829 -0.5747956 -0.07092964 0.8152172 -0.5330633 0.7906244 0.3012586 -0.5230814 0.8030912 0.2853602 -0.556251 0.4027064 0.7269198 -0.544408 0.3468069 0.7637703 -0.5521079 0.360469 0.7518237 -0.5595476 0.3660485 0.7435827 -0.5404627 0.7694481 0.3403673 -0.5071474 0.7460759 0.4314769 -0.5601572 0.7427591 0.3667873 -0.500819 0.6981918 0.5115746 -0.56703 0.7005085 0.4333184 -0.4947192 0.6416186 0.5861558 -0.5750906 0.651761 0.4944477 -0.50114 0.5881905 0.6347367 -0.5580645 0.611104 0.5613521 -0.5250535 0.5438082 0.654669 -0.5446893 0.5616185 0.6228149 -0.5393315 0.4853662 0.6881433 -0.5521963 0.4974805 0.6690235 -0.5439131 0.4353963 0.7173485 -0.6497616 -0.7458554 0.1466618 -0.6462589 -0.759113 0.07808333 -0.6467429 -0.758943 0.07569169 -0.645913 -0.7570037 0.09870105 -0.6442262 -0.7574082 0.106328 -0.6491498 -0.7466237 0.1454568 -0.6418616 -0.7438753 0.1861811 -0.6476098 -0.7283278 0.2239204 -0.6474893 -0.7284968 0.223719 -0.6383252 -0.7227872 0.2648014 -0.6414882 -0.7120093 0.2855445 -0.6362954 -0.7092651 0.3034327 -0.6382927 -0.6976947 0.3252763 -0.5970271 -0.2228958 0.7706336 -0.5976419 -0.2665919 0.7561436 -0.5944899 -0.2794749 0.7539733 -0.6089569 -0.3180055 0.7266665 -0.594418 -0.3458074 0.7260059 -0.6029853 -0.3696642 0.7069351 -0.6074493 -0.4166829 0.6762993 -0.5970948 -0.4112988 0.6887025 -0.6152427 -0.4652299 0.6364257 -0.6166272 -0.4663952 0.634229 -0.6106191 -0.5009654 0.6133335 -0.6217966 -0.526113 0.5801501 -0.6098784 -0.5499238 0.570642 -0.620818 -0.5673858 0.5409791 -0.6200817 -0.6016083 0.5035538 -0.6124439 -0.6001206 0.514556 -0.6359256 -0.6295148 0.4464414 -0.6336246 -0.6291472 0.4502152 -0.6284856 -0.6574861 0.4155936 -0.6387541 -0.6704816 0.3774225 -0.637918 -0.671947 0.3762284 -0.6338177 -0.6940081 0.3415082 -0.6069674 -0.2355815 0.7590073 -0.5858801 -0.1837624 0.7892884 -0.5989336 -0.1558067 0.7854953 -0.5936892 -0.1299884 0.794126 -0.5936019 -0.1128638 0.7968053 -0.5834437 -0.06065064 0.8098859 -0.6110668 -0.08553361 0.7869444 -0.57848 2.82908e-4 0.8156966 -0.5860573 -0.01030385 0.8102042 -0.595817 0.0459485 0.8018047 -0.5828838 0.07729882 0.8088704 -0.601606 0.1172207 0.7901453 -0.5950099 0.135324 0.7922441 -0.5900185 0.2008768 0.7820019 -0.6096067 0.1753854 0.7730587 -0.5803164 0.2656172 0.7698573 -0.5944811 0.2459501 0.7655723 -0.5985167 0.3036881 0.7413173 -0.5977179 0.3059255 0.7410418 -0.6002302 0.3444892 0.7218385 -0.6102499 0.360084 0.7056449 -0.5983061 0.3914238 0.6991548 -0.6099911 0.4345977 0.6625978 -0.5993028 0.4535148 0.659667 -0.6109272 0.488709 0.6228415 -0.609079 0.4949142 0.6197441 -0.6095201 0.5217786 0.596852 -0.60725 0.5282797 0.5934375 -0.6183615 0.5579425 0.5534703 -0.6070435 0.5786154 0.544704 -0.6150675 0.5928876 0.5197848 -0.6189272 0.6169423 0.4861188 -0.6111755 0.6305534 0.4784004 -0.6268624 0.6535353 0.424188 -0.6255304 0.6559488 0.4224252 -0.620185 0.6810547 0.3892753 -0.6312559 0.691364 0.351471 -0.6178848 0.712363 0.3328023 -0.6253955 0.7187246 0.3038346 -0.6398904 -0.7668522 -0.04978001 -0.6455577 -0.7627118 -0.03906267 -0.6447367 -0.7639608 0.02605432 -0.6474128 -0.7615475 0.03003668 -0.569337 -0.822008 -0.01258301 -0.5499733 -0.8341468 -0.04157525 -0.5548425 -0.8310558 -0.03867948 -0.5651848 -0.8244636 -0.02874344 -0.5913031 -0.8045606 -0.05516487 -0.5960447 -0.8015015 -0.04823207 -0.6394416 -0.7637377 -0.0884267 -0.61571 -0.7850717 -0.06755644 -0.6126117 -0.7866716 -0.07651638 -0.6087152 -0.7903156 -0.06976401 -0.9023255 -0.4127916 -0.1241443 -0.9084054 -0.3909773 -0.14811 -0.6571521 -0.1462405 -0.7394356 -0.6711924 -0.1846844 -0.7179085 -0.8382737 -0.2236374 -0.4972763 -0.8406547 -0.2712709 -0.4687342 -0.8825024 -0.3475529 -0.3168544 -0.8825024 -0.3475528 -0.3168543 -0.8824794 -0.3474935 -0.3169834 -0.4096151 -0.2787091 -0.8686408 -0.409615 -0.2787089 -0.8686408 -0.4096151 -0.278709 -0.8686408 -0.3910955 -0.2562026 -0.883971 -0.5461462 -0.3551633 -0.7586721 -0.5468642 -0.3564018 -0.7575735 -0.8098424 -0.5732721 -0.1245579 -0.8098424 -0.573272 -0.1245579 -0.8098422 -0.5732721 -0.1245579 -0.7998794 -0.5448027 -0.2517601 -0.7999482 -0.5447561 -0.2516427 -0.799948 -0.5447561 -0.2516426 -0.7586456 -0.5175683 -0.3957019 -0.7565273 -0.5124188 -0.4063169 -0.7565314 -0.5125043 -0.4062013 -0.7565315 -0.5125043 -0.4062013 -0.6694394 -0.4504908 -0.5906853 -0.6838789 -0.4769897 -0.5520784 -0.6437509 -0.4330387 -0.6309219 -0.1858212 -0.1972941 -0.9625724 -0.1826241 -0.06642365 -0.9809365 -0.2775071 -0.1577143 -0.9476899 -0.3472756 -0.1116284 -0.9310955 -0.3472753 -0.1116284 -0.9310956 -0.3472752 -0.1116286 -0.9310956 -0.4598273 -0.1455872 -0.8759928 -0.4633161 -0.1346089 -0.8759102 -0.4633161 -0.1346089 -0.8759103 -0.4633161 -0.1346089 -0.8759103 -0.6235376 -0.2323128 -0.7464795 -0.6235376 -0.2323129 -0.7464795 -0.6180058 -0.2190712 -0.7550343 -0.7375424 -0.3431043 -0.5816449 -0.7433026 -0.4051251 -0.5323297 -0.8334494 -0.3973927 -0.3839809 -0.8642753 -0.4886106 -0.119531 -0.812829 -0.5499855 -0.1918986 -0.8340409 -0.5516914 0.003510713 -0.6607237 0.09434545 0.7446766 -0.6607237 0.09434551 0.7446766 -0.6607237 0.09434545 0.7446766 -0.7980925 -0.4850593 0.3574437 -0.8152649 -0.5495154 0.1826909 -0.8388384 -0.4620403 0.2878698 -0.6176869 0.01285928 0.786319 -0.568486 0.1098722 0.8153231 -0.5550187 0.01579129 0.831688 -0.3478922 0.1327321 0.9280912 -0.3478923 0.132732 0.9280912 -0.3478922 0.1327322 0.9280912 -0.3669267 0.1549594 0.9172527 -0.8549771 -0.09241402 0.5103664 -0.07102853 0.07045996 0.9949827 -0.3861303 -0.2208631 0.8956131 -0.4713537 -0.2168135 0.8548787 -0.2597733 -0.009108245 0.9656268 -0.8026675 -0.2144161 0.5565524 -0.8019498 -0.1487975 0.5785635 -0.8240092 -0.1021231 0.5572968 -0.8248913 0.06178867 0.5619043 -0.5534051 -0.256717 0.7923631 -0.6336224 -0.3220922 0.7034054 -0.7116723 -0.425823 0.5587462 -0.6659708 -0.4350626 0.6059733 -0.7603951 -0.4559267 0.4625262 0.007104277 0.1929666 0.9811797 -0.1543278 0.007483541 0.9879914 -0.2270324 0.1468388 0.9627537 -0.532945 -0.1220868 0.837296 -0.5213088 -0.04648882 0.852101 -0.7687758 -0.3395209 0.5419496 -0.7728281 -0.2694274 0.5745831 -0.8562769 -0.4568178 0.2410551 -0.8958143 -0.389778 0.2135182 -0.9180433 -0.2826344 0.2780544 -0.9342178 -0.2806053 0.2202223 -0.4172244 -0.5010614 0.7581961 -0.149227 -0.1844481 0.9714475 -0.1701967 -0.2759758 0.945976 -0.3161497 -0.6639826 0.6776257 -0.3529472 -0.6725106 0.6505058 -0.6154686 -0.5920663 0.5202462 -0.4422206 -0.7512051 0.4900328 -0.5072889 -0.8204839 0.2635606 -0.5291329 -0.7705973 0.3552441 -0.5771715 -0.8119908 -0.08685672 -0.5449706 -0.7467372 0.3813014 -0.1663469 -0.4629029 0.8706606 -0.1289576 -0.4452419 0.8860754 -0.2396619 -0.5605159 0.7927069 -0.4822305 -0.3305462 0.811291 -0.4086765 -0.4171746 0.8117568 -0.6070501 -0.6580554 0.445481 -0.4981234 -0.3329756 0.800625 -0.3579199 -0.257836 0.8974486 -0.2091928 -0.115343 0.9710482 -0.1860747 -0.109941 0.9763653 -0.02983701 0.01403385 0.9994564 -0.02983695 0.01403385 0.9994564 -0.02983695 0.01403391 0.9994564 -0.7318678 -0.5745946 0.3663479 -0.7047674 -0.5313757 0.4700456 -0.6938141 -0.4977548 0.5204444 -0.6288539 -0.4827377 0.6095139 -0.5605945 -0.42107 0.7130455 -0.1419086 -0.3030971 0.9423344 -0.3824873 -0.6125267 0.6917474 -0.3805297 -0.5362764 0.7533956 -0.5565589 -0.7484769 0.3605893 -0.57015 -0.6933823 0.4406246 -0.6263082 -0.7562406 0.18931 -0.6952358 -0.7038126 0.1459283 -0.7190868 -0.6230097 0.3078526 -0.7735387 -0.6052793 0.1878164 -0.7735386 -0.6052793 0.1878163 -0.7735387 -0.6052793 0.1878163 -0.02611207 -0.9982399 0.0532484 -0.03580218 0.007931828 0.9993275 -0.09845435 0.0457971 0.9940873 -0.1574621 0.05839824 0.9857968 -0.02651649 -0.4785495 0.8776602 -0.03262943 -0.4157271 0.9089039 -0.06201976 -0.3038581 0.9506966 -0.0779643 -0.3394842 0.9373752 -0.02097928 -0.09941178 0.9948252 -0.02503937 -0.597416 0.8015406 -0.04633659 -0.6967452 0.7158206 -0.04240071 -0.7115388 0.7013664 -0.02615731 -0.9859163 0.1651816 -0.03240519 -0.9659603 0.2566525 -0.04054915 -0.9432083 0.3297178 -0.03250527 -0.924605 0.379538 -0.02069014 -0.8017805 0.5972604 -0.03108739 -0.8829599 -0.4684182 -0.02646631 -0.9173092 -0.3972951 -0.02385622 -0.9917542 -0.1259147 -0.06418311 -0.9627314 -0.2627335 -0.03496617 -0.9938203 -0.1053507 -0.03571647 -0.4959988 -0.8675884 -0.08241611 -0.4647379 -0.8816045 -0.02625775 -0.5793415 -0.814662 -0.02493518 -0.831318 -0.5552376 -0.07809865 -0.7545046 -0.6516315 -0.04699176 -0.8124949 -0.5810714 -0.1340557 -0.1489863 -0.9797103 -0.0585612 -0.1738016 -0.983038 -0.02394229 -0.2447276 -0.9692962 -0.343268 -0.6724922 -0.6556839 -0.7133678 -0.6506858 -0.2602201 -0.7247122 -0.6789656 -0.1174646 -0.7325001 -0.68067 0.01148843 -0.4656676 -0.4615501 -0.7550665 -0.4692043 -0.4754827 -0.744153 -0.3263359 -0.3859832 -0.8628569 -0.528026 -0.7880032 -0.3166062 -0.5822873 -0.7716677 -0.2558721 -0.553422 -0.5508815 -0.6247029 -0.5532411 -0.5507691 -0.6249622 -0.6011427 -0.5834749 -0.5460627 -0.6795678 -0.5991846 -0.4232795 -0.6811808 -0.6121271 -0.4016132 -0.7177628 -0.6514341 -0.2458665 -0.09043067 -0.4758136 -0.874885 -0.2848699 -0.6063176 -0.7424475 -0.170921 -0.5690901 -0.8043149 -0.2835624 -0.7135438 -0.640662 -0.137898 -0.2571792 -0.9564743 -0.2049046 -0.2704441 -0.9406775 -0.1201658 -0.360203 -0.9251022 -0.4114419 -0.6782224 -0.608876 -0.3104884 -0.7530654 -0.5800772 -0.3144636 -0.7784492 -0.5432584 -0.4736528 -0.8515186 -0.2248758 -0.47341 -0.8393535 -0.2671492 -0.4210401 -0.7972834 -0.4325096 -0.1965422 -0.3827294 -0.9027123 -0.3718218 -0.5784078 -0.7260806 -0.4431746 -0.583662 -0.6803933 -0.573006 -0.7131409 -0.4038492 -0.628711 -0.6985624 -0.3416622 -0.6785354 -0.7340448 -0.02771592 -0.6172432 -0.7852867 -0.04832899 -0.5280559 -0.8101966 -0.2544377 -0.5283289 -0.8101411 -0.2540476 -0.5280559 -0.8101966 -0.2544377 -0.5579002 -0.8274441 -0.06390428 -0.9563379 -0.2875714 0.05215859 -0.7812725 -0.6185895 0.08342885 -0.780523 -0.6194752 0.0838713 -0.8853068 -0.4598301 0.06919729 -0.8847429 -0.4608449 0.06965768 -0.9564279 -0.2871685 0.05272662 -0.9555256 -0.2899075 0.05407857 -0.654317 -0.7497362 0.09881854 -0.7038354 -0.7045291 0.09085428 -0.7037511 -0.7042987 0.09326201 -0.7801274 -0.6176425 0.09959495 -0.8298661 -0.5524733 0.07807463 -0.8844282 -0.4593985 0.08209711 -0.9165807 -0.3949963 0.06211221 -0.9598729 -0.2737119 0.06104063 -0.9646348 -0.2583771 0.05216342 -0.211094 -0.5311163 0.820582 -0.1109573 -0.796397 -0.5945085 -0.3631951 -0.7099452 -0.6033799 -0.2384724 -0.801514 0.5483669 -0.02376508 -0.7721384 0.6350099 0.01098632 -0.6371226 0.7706842 0.1137945 -0.8660353 -0.4868611 -0.4376156 -0.8797478 -0.1858398 -0.09337699 -0.9487603 -0.3018856 0.03643095 -0.9989898 -0.02631038 -0.2046229 -0.9684289 0.1423904 -0.0630905 -0.9777224 0.2001966 0.04292595 -0.9004572 0.4328213 -0.967503 0.2511792 -0.02910351 -0.967503 0.2511792 -0.02910357 -0.967503 0.2511792 -0.02910357 -0.9335973 -0.3255663 0.1496753 -0.7416769 -0.6254553 0.2423244 -0.7668235 -0.5983286 0.2323462 -0.8181921 -0.532144 0.2176798 -0.9992908 0.01417869 0.03488576 -0.9992446 0.0209878 0.0327056 -0.9703693 -0.2146241 0.1109948 -0.9678347 0.2487525 -0.03766053 -0.9986311 -0.027251 0.04464793 -0.9729512 0.2274196 -0.04057329 -0.9893547 0.1446108 0.0162816 -0.9893547 0.1446108 0.0162816 -0.9893547 0.1446108 0.01628166 -0.9970186 0.06845331 0.03561073 -0.9985921 0.0188629 0.04958027 -0.9906032 -0.1049928 0.08764725 -0.9336109 -0.3257376 0.1492176 -0.9259198 -0.3444942 0.1549072 -0.7422598 -0.629417 0.2299668 -0.7249509 -0.6474079 0.2351794 -0.04659366 -0.4684665 0.8822519 -0.04655778 -0.4683887 0.882295 -0.04655772 -0.4683887 0.882295 -0.4590277 -0.7657858 0.4504061 -0.4260335 -0.7557839 0.4972791 -0.4260335 -0.7557839 0.497279 -0.4260334 -0.7557839 0.4972791 -0.2342383 -0.6517416 0.7213636 -0.1664741 -0.6094031 0.7751866 -0.1796399 -0.5779581 0.7960491 -0.4288775 -0.7454941 0.5101988 -0.4359648 -0.7492181 0.4986051 -0.5404502 -0.7840237 0.3053207 -0.7931153 -0.5657023 0.2257189 -0.7931116 -0.5657246 0.2256758 -0.7931102 -0.5657088 0.225721 -0.9549471 0.2861481 -0.07871025 -0.9731142 0.2258844 -0.04500222 -0.9969561 0.07055997 -0.03316819 -0.9996933 0.01607716 0.01883685 -0.9594741 -0.2580899 0.1131336 -0.959474 -0.2580899 0.1131335 -0.9594741 -0.25809 0.1131335 -0.9709023 -0.2291963 0.06941121 -0.7920105 -0.5533002 0.2580277 -0.8183947 -0.5346283 0.2107192 -0.981033 0.1847697 -0.05860376 -0.9871454 -0.04773283 0.1525306 -0.9958388 0.05657273 -0.07144665 -0.9177591 -0.3328389 0.2166488 -0.959524 -0.2678019 0.08715474 -0.7682865 -0.5818108 0.2668936 -0.7929512 -0.5637087 0.2312163 -0.7738666 -0.5917626 0.2257157 -0.7695708 -0.5969006 0.2268716 -0.9214163 -0.3603672 0.1453534 -0.9219366 -0.3592406 0.1448415 -0.9949837 -0.08709526 0.04921275 -0.9951153 -0.08589351 0.04866188 -0.9808672 0.1883347 -0.04929089 -0.9806618 0.1892777 -0.04976457 -0.7774947 -0.5952611 0.2028949 -0.7752864 -0.5973058 0.2053211 -0.9797759 0.1951913 -0.04404103 -0.9959334 -0.07906496 0.04319238 -0.9959384 -0.07902443 0.04315108 -0.9257091 -0.3553683 0.1295235 -0.9394181 -0.3133669 0.138906 -0.8789415 -0.4497976 0.1585686 -0.7741432 -0.5989404 0.204873 -0.9221228 -0.3630895 0.1336252 -0.9257474 -0.3564162 0.1263303 -0.9952078 -0.08788353 0.0428729 -0.9960372 -0.08130949 0.03603833 -0.9806484 0.1893433 -0.04977875 -0.9816051 0.1853671 -0.04572331 -0.795625 -0.5768023 0.1851487 -0.7684779 -0.6143044 0.1790863 -0.7840976 -0.5907532 0.1902676 -0.9563899 -0.2709287 0.1091603 -0.9180189 -0.3689733 0.1452589 -0.9967921 0.07812213 0.01738882 -0.9933401 -0.08215838 0.08078169 -0.9554256 0.2928344 -0.03755283 -0.9793263 0.2022066 -0.005717456 -0.03508311 0.8741694 0.4843522 -0.03490501 -0.2947365 0.9549409 -0.05417209 -0.521111 0.851768 -0.05417215 -0.5211112 0.8517678 -0.05417263 -0.5211111 0.8517679 -0.01654958 -0.4905249 0.87127 -0.04387354 -0.466162 0.883611 -0.03470194 -0.3822411 0.9234109 0.0385096 -0.3413921 0.9391318 -0.008384585 -0.3830574 0.9236866 -0.0223878 -0.4079232 0.9127418 -0.02516508 -0.4142033 0.9098364 -0.02573883 -0.4157546 0.9091126 -0.02573877 -0.4157546 0.9091125 -0.02573883 -0.4157546 0.9091126 -0.0349031 -0.1332638 0.9904658 -0.03487634 -0.17409 0.984112 -0.003836572 -0.2234483 0.9747083 -0.01545345 -0.2355424 0.9717413 -0.03139919 -0.277805 0.9601242 -0.02801674 -0.08270978 0.9961798 -0.009022235 -0.05820047 0.9982641 -0.03487724 -0.008142471 0.9993585 -0.0348975 0.1982718 0.9795257 -0.03487658 0.1575288 0.9868984 -0.01112562 0.1086569 0.9940171 -0.02900367 0.08303487 0.9961245 -0.03490239 0.03333288 0.9988347 -0.02999466 0.2454629 0.9689419 -0.01126712 0.2724862 0.9620938 -0.03487735 0.3185718 0.9472569 -0.03490042 0.5072404 0.8610977 -0.0348826 0.4710196 0.8814329 -0.009722948 0.4287264 0.9033821 -0.03053146 0.4015319 0.9153361 -0.03489506 0.3577054 0.9331824 -0.04269921 0.5725285 0.8187723 0.02929472 0.6080996 0.7933201 -0.0306611 0.5475597 0.8362047 -0.03486049 0.777569 0.6278306 -0.03489869 0.7536372 0.6563636 -0.03123629 0.735136 0.6771997 -0.01568073 0.7177904 0.6960827 7.85122e-4 0.7013827 0.7127845 0.01109939 0.7080798 0.7060452 -0.03075319 0.6771551 0.7351974 -0.03433483 0.8096968 0.5858433 -0.003767371 0.801518 0.5979589 -0.01402688 0.8020928 0.5970348 -0.01325994 0.8027318 0.5961928 0.006144821 0.8174049 0.5760309 -0.9345008 0.3184472 -0.1590589 -0.9345014 0.3184417 -0.1590662 -0.9345008 0.3184471 -0.1590588 -0.9595536 0.2726077 -0.07029873 -0.9594846 0.2727777 -0.07057964 -0.9491211 0.285362 -0.1331828 -0.6308209 -0.4200726 -0.6523834 -0.6308209 -0.4200728 -0.6523833 -0.630821 -0.4200726 -0.6523833 -0.9492365 0.2403544 -0.2029286 -0.940244 0.2004595 -0.2752406 -0.9402224 0.2003483 -0.2753953 -0.9402224 0.2003483 -0.2753953 -0.9070698 0.1036465 -0.4080219 -0.9339251 0.1106486 -0.3399132 -0.8313777 0.005444288 -0.5556814 -0.8313776 0.005444347 -0.5556814 -0.8313775 0.005444347 -0.5556814 -0.408697 0.06980574 -0.9099967 -0.6005175 0.06018555 -0.7973434 -0.1433099 -0.00229603 -0.9896752 -0.2006698 -0.07008302 -0.977149 -0.1871614 -0.168555 -0.9677602 -0.3081119 -0.2575147 -0.9158348 -0.27946 -0.2089557 -0.9371444 -0.4778642 -0.02710103 -0.8780157 -0.425869 -0.1610875 -0.8903294 -0.4901671 -0.06759244 -0.8690038 -0.5381455 -0.1356464 -0.8318651 -0.6501779 -0.02102911 -0.759491 -0.6526877 -0.09678578 -0.7514196 -0.8632071 0.1908445 -0.4673885 -0.8399596 0.3524414 -0.4126175 -0.8474854 0.5077477 -0.1547929 -0.9006069 0.3795633 -0.2117524 -0.8049914 0.5603865 -0.1948223 -0.79523 0.5571818 -0.239077 -0.7860639 0.4841794 -0.3842839 -0.758533 0.4682921 -0.4531338 -0.7197371 0.3758634 -0.5836997 -0.2255508 0.01875668 -0.9740509 -0.3766024 0.2118288 -0.9018312 -0.4697911 0.1007974 -0.8770041 -0.558537 0.2166529 -0.8006859 -0.6506062 0.08529382 -0.7546103 -0.7289118 0.2032729 -0.6537337 -0.7911237 0.1002842 -0.6033793 -0.7753663 0.01540678 -0.6313239 -0.8522416 -0.04231262 -0.5214346 -0.8522416 -0.04231262 -0.5214345 -0.8522417 -0.04231262 -0.5214345 -0.4367203 0.2462149 -0.8652477 -0.5145744 0.3595653 -0.7784125 -0.5145743 0.3595653 -0.7784126 -0.5145307 0.3592751 -0.7785754 -0.611056 0.2441167 -0.7530058 -0.6785022 0.3534938 -0.6439542 -0.7678111 0.2262662 -0.5993912 -0.8144412 0.3329567 -0.4752113 -0.8850064 0.2120623 -0.4144797 -0.9026497 0.3801404 -0.2017847 -0.7287212 0.675766 -0.1109308 -0.7282857 0.6760511 -0.1120483 -0.7268934 0.5994951 -0.3350099 -0.6986162 0.5882944 -0.4072409 -0.6661229 0.5085645 -0.5455662 -0.6661814 0.508657 -0.5454086 -0.6661814 0.5086569 -0.5454087 -0.6250953 0.4886507 -0.6086677 -0.5942911 0.4330935 -0.6776785 -0.5341429 0.3699696 -0.7601407 -0.4722022 0.5513989 -0.6877387 -0.4722021 0.5513989 -0.6877387 -0.4722022 0.5513989 -0.6877387 -0.1071153 0.1365634 -0.9848232 -0.1470833 0.1675403 -0.9748317 -0.2593449 0.2926771 -0.9203697 -0.3750087 0.4344069 -0.8189379 -0.430821 0.4712696 -0.7696092 -0.3135741 0.3670579 -0.8757511 -0.5487601 0.623831 -0.5565046 -0.5437963 0.6215584 -0.5638713 -0.6022844 0.7189171 -0.3470039 -0.6430851 0.7400881 -0.1967518 -0.6396013 0.7593023 -0.1198766 -0.02711701 0.6794345 0.733235 -0.02505981 0.9412822 0.3366895 -0.1069304 -0.1640672 -0.9806365 -0.0385096 -0.1241977 -0.99151 -0.01480239 -0.002219796 -0.999888 -0.07184529 0.1927514 -0.978614 -0.05434292 0.221067 -0.9737434 -0.02857637 0.7034168 -0.7102029 -0.04578578 0.6003448 -0.7984297 -0.04074364 0.6138571 -0.7883651 -0.02297538 0.4254806 -0.904676 -0.03212141 0.3035409 -0.9522768 -0.02463197 0.79978 -0.5997877 -0.03668993 0.9032291 -0.4275876 -0.03514754 0.9066669 -0.4203807 -0.02712035 0.9893813 0.1427912 -0.04516351 0.998083 -0.04231703 -0.03245711 0.9991613 0.02496427 -0.02611994 0.9845573 -0.1731033 -0.02619636 0.9648376 -0.2615383 -0.02256786 0.8811339 0.472328 -0.06405627 0.8044906 0.5905013 -0.04150003 0.8707417 0.4899864 -0.1124625 0.08445656 0.9900603 0.05302208 0.1438145 0.9881833 -0.05580115 -0.2136731 0.9753103 -0.06328356 0.1669786 0.9839275 -0.03346461 0.2339438 0.9716742 -0.007876694 0.5741816 0.8186901 -0.07507055 0.4747301 0.8769241 -0.04332262 0.5773367 0.815356 -0.1167687 0.2552884 0.959788 -0.1211335 0.2305071 0.9655016 -0.2330077 0.3742284 0.897586 -0.2330077 0.3742285 0.8975859 -0.2330075 0.3742284 0.897586 -0.240611 0.3862082 0.8904771 -0.2406111 0.3862082 0.8904771 -0.2406831 0.3862569 0.8904367 -0.3458555 0.4929334 0.7983738 -0.3458555 0.4929334 0.7983738 -0.3458555 0.4929333 0.7983739 -0.3414811 0.5116575 0.7884145 -0.4220838 0.6102075 0.6704418 -0.4220837 0.6102076 0.6704418 -0.4220839 0.6102074 0.6704418 -0.4425476 0.6433616 0.62469 -0.5290212 0.6715237 0.5188378 -0.5148941 0.7198272 0.4655459 -0.5148941 0.7198272 0.4655459 -0.5830371 0.7900651 0.1893803 -0.6241148 0.7399993 0.2507627 -0.5957978 0.7997598 0.07354629 -0.2752731 0.8128197 -0.5133702 0.1176756 0.9149709 -0.3859804 -0.1217113 0.9785206 -0.166385 -0.357468 0.9284496 -0.1009861 -0.1288922 0.9613457 -0.2433134 -0.3733369 0.7293884 0.5732471 -0.2675811 0.7695971 0.5797591 0.03058773 0.8291618 0.5581712 -0.05684125 0.9618948 0.2674464 -0.3522894 0.8860795 0.3012564 0.05713492 0.992107 0.1116206 -0.5312782 -0.2314178 0.8149782 -0.5312783 -0.2314178 0.8149781 -0.5312782 -0.2314177 0.8149782 -0.5293068 -0.2276656 0.8173143 -0.5293068 -0.2276656 0.8173144 -0.5293068 -0.2276656 0.8173144 -0.6560054 -0.09658098 0.7485514 -0.1200923 -0.2959812 0.9476144 -0.07918953 -0.2261418 0.9708702 -0.1542206 -0.1195232 0.9807804 -0.06782978 -0.05705475 0.9960643 -0.1875057 0.1862291 0.9644482 -0.4593533 0.1398481 0.8771758 -0.4089425 0.03893142 0.9117295 -0.5963763 0.2793529 0.7525272 -0.5596361 0.1817515 0.8085629 -0.7023488 0.4058965 0.5847687 -0.6820718 0.316353 0.6593171 -0.7684941 0.509292 0.3873481 -0.7662402 0.4313437 0.4762548 -0.9396641 0.2809231 0.1952272 -0.9203692 0.3491079 0.1761941 -0.8869934 0.1142982 0.4474132 -0.8921784 0.1474507 0.4269381 -0.8119412 -0.01055186 0.5836439 -0.813202 -0.007222831 0.5819368 -0.6413968 -0.1935169 0.7424026 -0.6386082 -0.2040787 0.7419781 -0.6386083 -0.2040787 0.7419781 -0.6386082 -0.2040787 0.7419782 -0.6637378 0.6970783 0.2711718 -0.6314449 0.7717918 0.0749318 -0.6222014 0.7221819 0.30219 -0.6071689 0.7541285 0.2502723 -0.5588864 0.6504632 0.5143382 -0.5507363 0.6917889 0.4670308 -0.5507363 0.6917889 0.4670308 -0.5507362 0.6917889 0.4670309 -0.4657957 0.5402008 0.7008692 -0.4608036 0.6292279 0.6258853 -0.4607863 0.6291338 0.6259925 -0.4607863 0.6291338 0.6259926 -0.3778187 0.3756211 0.8462635 -0.3709117 0.4887233 0.7896671 -0.2838417 0.3518176 0.8919968 -0.2838417 0.3518177 0.8919968 -0.2838417 0.3518176 0.8919968 -0.4065862 0.3488038 0.8444072 -0.3673732 0.2463631 0.8968513 -0.5276378 0.4833374 0.698558 -0.5012336 0.389661 0.7726119 -0.620796 0.5933473 0.5123977 -0.6097565 0.5131728 0.6040289 -0.6786093 0.6700698 0.3008254 -0.6840721 0.6068274 0.4047294 -0.7017143 0.7021878 0.1205381 -0.7932449 0.5791058 0.1881462 -0.7986307 0.5612556 0.2172127 -0.8916067 0.374952 0.2538671 -0.8648249 0.4688152 0.1796953 -0.8337843 0.2559908 0.4891551 -0.8388159 0.3248141 0.4369026 -0.7441414 0.1222313 0.6567443 -0.7633364 0.1967064 0.6153244 -0.6127033 -0.01993978 0.7900615 -0.6446775 0.0560798 0.7623949 -0.4405419 -0.1686078 0.8817563 -0.4898798 -0.08088314 0.8680299 -0.3268939 -0.2252904 0.9178152 -0.2434346 -0.100903 0.9646545 -0.3037948 -0.001229524 0.9527368 -0.2203022 0.09526002 0.9707691 -0.2690823 0.2020924 0.9416759 -0.2036743 0.260861 0.9436464 -0.1816791 0.1824936 0.9662758 -0.7662514 -0.6246515 0.1505632 -0.7701434 -0.6197786 0.1508435 -0.9193488 -0.3730638 0.1249844 -0.9198531 -0.3719166 0.1246928 -0.9929546 -0.08100289 0.08648586 -0.9930557 -0.08003383 0.08622753 -0.9764513 0.2117701 0.04118549 -0.976256 0.2127253 0.04089355 -0.9631434 0.1012851 0.2491911 -0.9720654 -0.07912105 0.2209724 -0.7704238 -0.6297124 0.09954631 -0.6539967 -0.7516983 0.08507674 -0.7748296 -0.6309757 0.03884601 -0.6289041 -0.777483 2.26979e-4 -0.7838805 -0.6207212 -0.01538467 -0.6461451 -0.7594766 -0.07544469 -0.7808493 -0.6206789 -0.07093888 -0.6420595 -0.7509286 -0.1544861 -0.7596831 -0.6364533 -0.1334499 -0.6916409 -0.6884868 -0.2182176 -0.7355723 -0.6488846 -0.1946336 -0.7336091 -0.6296736 -0.2555955 -0.7696426 -0.5954369 -0.2304459 -0.6841642 -0.6467224 -0.3371489 -0.7210996 -0.6181822 -0.3128358 -0.7468284 -0.5643687 -0.3517605 -0.7202584 -0.5845267 -0.3735725 -0.7513865 -0.5273092 -0.3966904 -0.6761176 -0.5753987 -0.460197 -0.7729646 -0.4724308 -0.4234797 -0.6732833 -0.5247544 -0.5208863 -0.7764342 -0.4293576 -0.4613049 -0.6742708 -0.4669271 -0.5721345 -0.7719843 -0.3881598 -0.5033609 -0.6538645 -0.3987132 -0.6430312 -0.7520191 -0.3611729 -0.5513817 -0.7292465 -0.3127843 -0.6085767 -0.7534714 -0.2968471 -0.5866539 -0.7382808 -0.2761477 -0.6153731 -0.7508447 -0.2412872 -0.6148276 -0.701641 -0.2498676 -0.6672825 -0.7668853 -0.1767088 -0.6169772 -0.7336886 -0.1785555 -0.6556059 -0.7426595 -0.1408135 -0.6546972 -0.7753772 -0.1147246 -0.62099 -0.6741147 -0.1049308 -0.7311353 -0.77824 -0.05384725 -0.6256541 -0.676631 -0.02340716 -0.7359501 -0.772429 0.006633281 -0.6350666 -0.6674699 0.07152938 -0.7411933 -0.7597323 0.05654919 -0.6477723 -0.7207746 0.1348981 -0.6799166 -0.7152371 0.1363999 -0.6854422 -0.7573323 0.1906065 -0.6245935 -0.6791923 0.2207515 -0.6999762 -0.7770673 0.2421896 -0.5809568 -0.6625631 0.3012165 -0.6857688 -0.7836381 0.2928011 -0.5478859 -0.6536479 0.3776147 -0.6558595 -0.777196 0.3458667 -0.5256829 -0.6533236 0.4556502 -0.6046084 -0.7712165 0.3867951 -0.5055837 -0.706839 0.4795465 -0.5200134 -0.7284042 0.4651893 -0.5030171 -0.7476179 0.4956694 -0.4420175 -0.6723097 0.5501939 -0.495264 -0.7804828 0.5043695 -0.3694025 -0.770475 0.5140819 -0.376946 -0.7168586 0.5780311 -0.3898637 -0.8002355 0.5141464 -0.3086693 -0.7558367 0.5616754 -0.3364995 -0.7167212 0.6116116 -0.3350254 -0.8006094 0.5374262 -0.2649489 -0.7406437 0.6049031 -0.2924708 -0.9791747 -0.1156111 0.166886 -0.9787777 -0.1171374 0.1681465 -0.9774582 -0.1078394 0.1815114 -0.9771266 -0.1089769 0.1826136 -0.9758281 -0.09873068 0.1949662 -0.9754191 -0.09994703 0.1963886 -0.9745717 -0.09231728 0.2041753 -0.9707489 -0.09913235 0.2186767 -0.9735841 -0.08770167 0.2108141 -0.9734808 -0.08801847 0.2111587 -0.9724566 -0.07823711 0.2195615 -0.960954 -0.001725852 0.2767032 -0.9649372 -0.003932237 0.2624514 -0.9653867 -0.01401072 0.2604463 -0.9656648 -0.0138939 0.2594195 -0.9664494 -0.02805197 0.2553211 -0.9667727 -0.027803 0.2541213 -0.9676665 -0.04170656 0.2487617 -0.9680372 -0.04131191 0.247381 -0.9690281 -0.05480086 0.2407932 -0.9694044 -0.05425167 0.2393991 -0.9704884 -0.06735235 0.2315512 -0.9655019 -0.07601279 0.249055 -0.9713193 -0.07075214 0.2270088 -0.9594922 0.02966439 0.2801695 -0.9634564 0.02506178 0.2666903 -0.9637352 0.01482987 0.2664481 -0.963919 0.01478129 0.2657852 -0.9643769 0.003128767 0.2645137 -0.9586536 0.06149512 0.2778521 -0.9586536 0.06149506 0.2778521 -0.962718 0.05455029 0.2649496 -0.9628219 0.04422032 0.2664931 -0.9628683 0.04417169 0.2663333 -0.9631304 0.03237378 0.26708 -0.9629832 0.101624 0.2496718 -0.9628371 0.09039896 0.2545048 -0.9587926 0.09247291 0.2686366 -0.9627074 0.08340007 0.2573698 -0.9626263 0.07332563 0.2607184 -0.9625574 0.07343548 0.2609418 -0.9626131 0.06180274 0.2637358 -0.9642637 0.1274535 0.2322741 -0.9641087 0.1278615 0.2326928 -0.9636579 0.1145756 0.2413212 -0.9584809 0.1262755 0.2556734 -0.9633833 0.1101695 0.2444487 -0.9659869 0.1505704 0.2102335 -0.9657082 0.1514641 0.2108708 -0.9650424 0.1394998 0.2218855 -0.9590283 0.1561514 0.2363929 -0.9646682 0.1358966 0.2257152 -0.9746788 0.2148554 0.06195509 -0.9777598 0.1992971 0.06531739 -0.9777598 0.1992971 0.06531745 -0.9777598 0.1992971 0.06531739 -0.9767176 0.1991733 0.07970452 -0.9765443 0.2000669 0.07958954 -0.9765443 0.2000669 0.0795896 -0.9765443 0.2000669 0.0795896 -0.9753604 0.1994253 0.09434896 -0.9751728 0.2003575 0.09431308 -0.974099 0.1978799 0.1094289 -0.9738916 0.1988734 0.1094748 -0.9728289 0.1950681 0.1247091 -0.9726113 0.1960672 0.1248401 -0.9715563 0.1909204 0.1400995 -0.9713357 0.1918848 0.1403112 -0.9703142 0.185413 0.1552814 -0.9701509 0.1860783 0.1555065 -0.9691656 0.1783569 0.1700206 -0.9689477 0.1792043 0.1703713 -0.9680309 0.1702277 0.184225 -0.9678142 0.1709811 0.1846653 -0.9677405 0.1712942 0.1847611 -0.9678142 0.1709811 0.1846653 -0.9668928 0.1611574 0.1978549 -0.9604282 0.1822061 0.2106626 -0.9665293 0.1581299 0.2020299 -0.99378 -0.0810551 0.07636404 -0.9870494 -0.1344953 0.08743357 -0.9883906 -0.1347041 0.07027709 -0.9885292 -0.1337353 0.07017862 -0.9895294 -0.132757 0.05663263 -0.9896771 -0.1316602 0.05661237 -0.9905892 -0.1296242 0.04394 -0.9907097 -0.1286781 0.0440042 -0.9915385 -0.1257669 0.0321567 -0.9916531 -0.1248241 0.03229671 -0.9924153 -0.1210823 0.02123862 -0.9925177 -0.1202047 0.02143847 -0.9932239 -0.1156951 0.01101195 -0.9933407 -0.1146525 0.01136124 -0.9940045 -0.1093288 0.001516699 -0.9941042 -0.1084129 0.001907527 -0.9947231 -0.1023249 -0.007458746 -0.9948176 -0.101435 -0.006999194 -0.9953951 -0.09452241 -0.01594465 -0.9954746 -0.09376215 -0.01546537 -0.9960098 -0.08597511 -0.02393621 -0.9960831 -0.08527004 -0.02340131 -0.9965682 -0.07657891 -0.03142446 -0.9966388 -0.07590204 -0.03082263 -0.9970659 -0.06628501 -0.03828722 -0.9971283 -0.06569284 -0.03768038 -0.9974819 -0.05522823 -0.0444954 -0.9975178 -0.05490118 -0.04409158 -0.997793 -0.04346293 -0.05020231 -0.9978218 -0.04321563 -0.04984182 -0.998 -0.03100925 -0.05508786 -0.9980231 -0.03082787 -0.05476862 -0.9980939 -0.01789718 -0.0590626 -0.998107 -0.01781147 -0.05886572 -0.9980607 -0.004299461 -0.06210047 -0.998056 -0.004330277 -0.06217437 -0.9978873 0.009561061 -0.06426221 -0.9978744 0.009501039 -0.06447213 -0.9975794 0.02370917 -0.06537091 -0.9975499 0.02363365 -0.06584626 -0.9971287 0.03797829 -0.06551378 -0.9970796 0.03791749 -0.06629234 -0.996537 0.05220127 -0.06472444 -0.9964838 0.05220305 -0.06553691 -0.9958297 0.06621152 -0.06276398 -0.9957485 0.06631588 -0.06393116 -0.9949964 0.07989042 -0.05999886 -0.9948995 0.08012026 -0.06128424 -0.9940639 0.09311348 -0.05627518 -0.9939472 0.09347623 -0.05771565 -0.9930464 0.1057523 -0.05172336 -0.9929161 0.1062769 -0.05313175 -0.9919717 0.1176857 -0.04628586 -0.9918114 0.1184156 -0.04783165 -0.9908373 0.1289339 -0.0402168 -0.9906304 0.129951 -0.04200255 -0.9896422 0.1395294 -0.03376495 -0.9894771 0.1403841 -0.03503572 -0.9884997 0.1489111 -0.02634245 -0.9882575 0.150222 -0.02794224 -0.9872986 0.1577539 -0.01884573 -0.9870511 0.1591231 -0.02024525 -0.9861268 0.1656388 -0.01085853 -0.9859145 0.1668251 -0.01191765 -0.9228955 -0.3759663 0.08314633 -0.8812599 -0.4616583 0.1012553 -0.8851519 -0.4623388 0.05243092 -0.8857215 -0.4612578 0.05233317 -0.8887633 -0.4582272 0.01130008 -0.8892019 -0.4573756 0.01129555 -0.8920673 -0.4510063 -0.02844876 -0.8925355 -0.4500834 -0.02837634 -0.8952202 -0.4406132 -0.06663948 -0.8956348 -0.4397907 -0.06650233 -0.8981793 -0.4273281 -0.1032702 -0.8986181 -0.4264554 -0.1030602 -0.9010173 -0.4111342 -0.1383349 -0.9014281 -0.4103267 -0.1380561 -0.9036831 -0.3922233 -0.1718073 -0.9041185 -0.3913756 -0.1714499 -0.9062373 -0.3705127 -0.2036038 -0.9066211 -0.3697865 -0.203215 -0.9085906 -0.3461889 -0.2337018 -0.9090855 -0.3452739 -0.2331299 -0.9108905 -0.3190167 -0.2617383 -0.9112224 -0.3184344 -0.2612919 -0.9128285 -0.2895537 -0.2879282 -0.9131701 -0.2889667 -0.2874348 -0.9145641 -0.2575643 -0.3118223 -0.9148227 -0.2571774 -0.3113829 -0.915966 -0.2234537 -0.3332789 -0.9162788 -0.223008 -0.332717 -0.9171406 -0.1871155 -0.3519106 -0.9173307 -0.1868713 -0.3515448 -0.9178833 -0.1490907 -0.3677803 -0.9180209 -0.1489437 -0.3674963 -0.9182382 -0.1094872 -0.3805931 -0.9182795 -0.109438 -0.3805077 -0.9181384 -0.06873756 -0.3902525 -0.9181287 -0.0687558 -0.3902723 -0.9176225 -0.02712666 -0.3965265 -0.9174843 -0.02721172 -0.3968403 -0.9166096 0.01500707 -0.3995019 -0.9164227 0.0149241 -0.3999335 -0.9151769 0.05729353 -0.3989598 -0.9149859 0.0572462 -0.3994042 -0.9133869 0.0993902 -0.3947736 -0.9129876 0.09937137 -0.3957007 -0.9110465 0.1408902 -0.3874847 -0.9106007 0.1409484 -0.3885099 -0.9083523 0.1814267 -0.3768029 -0.9078488 0.1815821 -0.3779397 -0.905333 0.220672 -0.3628718 -0.9047209 0.2209746 -0.3642121 -0.9019812 0.2582942 -0.3459972 -0.9013119 0.2587692 -0.3473839 -0.8983961 0.2940225 -0.3262442 -0.8976801 0.2946199 -0.3276731 -0.8946276 0.3275939 -0.3038484 -0.893892 0.3283299 -0.3052155 -0.8907645 0.3587134 -0.2790399 -0.889912 0.3596662 -0.28053 -0.8867359 0.3873971 -0.2522358 -0.8859258 0.3883801 -0.2535676 -0.8827632 0.4132419 -0.2235183 -0.8818956 0.4143958 -0.2248032 -0.8787759 0.436396 -0.1931617 -0.8779156 0.4376071 -0.1943309 -0.7931203 0.5647709 -0.2280224 -0.7366041 0.6271613 -0.2531464 -0.8756797 0.4523874 -0.1689107 -0.9302142 0.3528216 -0.1010873 -0.9858254 0.1674217 -0.01087659 -0.9940148 0.1047075 0.03116255 -0.9810842 -0.1282847 0.1449714 -0.976511 -0.1470749 0.1574659 -0.03973805 -0.1784694 0.9831427 6.61245e-5 -0.7961031 0.6051611 -0.01219141 -0.6641924 0.7474623 -0.02096086 -0.6464869 0.7626371 -3.265e-4 -0.4795213 0.8775302 6.42998e-4 -0.326627 0.9451531 -2.01893e-4 -0.8878318 0.4601683 -0.01850742 -0.9412449 0.3372178 -4.37083e-5 -0.9763469 0.2162101 8.9276e-6 -0.9994613 0.0328198 -0.009015738 -0.9838762 -0.1786232 -0.008754432 -0.983621 -0.1800363 -4.46831e-5 -0.5991636 -0.8006267 -0.003616631 -0.7223002 -0.6915704 -0.01044797 -0.7627485 -0.646611 1.46716e-4 -0.8620965 -0.5067443 -9.4626e-5 -0.9284645 -0.3714215 -0.5933473 -0.2053874 -0.7783026 2.38723e-4 -0.3440548 -0.9389497 -0.03878152 -0.09668046 -0.9945597 -0.03878152 -0.09668052 -0.9945597 -0.03878152 -0.09668046 -0.9945597 0 -0.337274 -0.9414066 1.39274e-4 0.6466318 -0.7628023 -0.03889161 0.773303 -0.6328426 -0.007805645 0.6540539 -0.7564077 -1.03258e-4 0.4752612 -0.8798447 5.05242e-4 0.1786358 -0.9839152 -0.02294683 0.3076153 -0.9512342 0 0.06514537 -0.9978758 -0.001003503 0.9839203 0.1786054 -0.06746131 0.9442759 0.3221677 -0.01284933 0.985007 0.1720356 3.70104e-5 0.9995058 -0.03143531 -2.04181e-4 0.9414034 -0.3372826 -0.02989739 0.9699667 -0.2413937 -8.71577e-5 0.8933193 -0.4494227 0 -0.06834399 0.9976619 0 0.1843039 0.9828694 -0.04663819 0.336875 0.9403936 -0.004685819 0.4233421 0.9059579 0.007900714 0.762777 0.6466135 -0.06180709 0.6939703 0.717346 4.85115e-4 0.8458997 0.5333419 -0.7910687 0.578844 -0.1978638 -0.8305214 0.5312436 -0.1673761 -0.8191391 0.5474938 -0.1710607 -0.7936223 0.58248 -0.175729 -0.9797372 -0.1674729 0.1098544 -0.9794659 -0.168698 0.1103984 -0.995364 0.09578794 0.008678913 -0.995477 0.09454947 0.009270191 -0.9297633 0.3557177 -0.09489613 -0.9447373 0.3173779 -0.08211457 -0.8879581 0.4411992 -0.1298987 -0.9525468 -0.2862569 0.1034964 -0.8178381 0.5552672 -0.1510602 -0.7639092 0.6262459 -0.155753 -0.8177265 0.5568919 -0.1455848 -0.9663483 0.2566202 -0.01781052 -0.9317629 0.3525694 -0.08667623 -0.9937974 -0.09372925 0.05984652 -0.994709 -0.08642482 0.05554187 -0.8186503 0.5540832 -0.1510095 -0.967769 0.2455913 -0.05575007 -0.9677293 0.2457315 -0.05582332 -0.9941402 -0.0971083 0.04749035 -0.9941205 -0.09726548 0.04757928 -0.9525646 -0.2862275 0.1034151 -0.9525646 -0.2862275 0.1034152 -0.9525645 -0.2862275 0.1034151 -0.9525676 -0.2861003 0.1037391 -0.9525676 -0.2861003 0.1037391 -0.9525676 -0.2861003 0.103739 -0.6879295 0.7086799 -0.1566069 -0.6865141 0.7144505 -0.1351261 -0.808352 0.5823921 -0.08594447 -0.7159693 0.6863521 -0.1277061 -0.7903873 0.6027721 -0.1093344 -0.7408617 0.6677265 -0.07256358 -0.6747207 0.7325204 -0.09036606 -0.7161595 0.6934102 -0.07935905 -0.7942363 0.6031249 -0.07368308 -0.7678985 0.6351456 -0.08319926 -0.7718435 0.6288408 -0.09389925 -0.9809967 -0.1768198 0.07987624 -0.982229 -0.1706074 0.07822769 -0.9851966 -0.1533729 0.0765801 -0.9844329 -0.1576563 0.07769459 -0.9883733 -0.1325669 0.07445967 -0.9872438 -0.1396431 0.0764814 -0.9982915 0.002592444 0.05837261 -0.964021 0.2658066 0.003227114 -0.9887337 0.1467398 0.02955222 -0.9891471 0.1453093 0.02175587 -0.9912596 0.1294358 0.02551192 -0.9916443 0.1278262 0.0173819 -0.9932496 0.1140945 0.020922 -0.993601 0.1122422 0.0126059 -0.995204 0.09632146 0.01706743 -0.8902695 0.4546005 -0.02754592 -0.9075382 0.419555 -0.01865893 -0.9083008 0.416996 -0.03322821 -0.9149644 0.4024546 -0.02950513 -0.9156129 0.3997535 -0.04301452 -0.9212044 0.387067 -0.0395199 -0.9217581 0.3840717 -0.05339419 -0.9289968 0.3669186 -0.04833024 -0.2027493 0.9071279 0.3687977 -0.5188823 0.8512662 0.07814985 -0.5116605 0.8548164 0.08655929 -0.3073247 0.9083748 0.2835612 -0.1727066 0.9034798 0.392297 -0.2035127 0.8801434 0.428871 -0.2043543 0.880271 0.4282082 -0.5011307 0.8543586 0.1376208 -0.5344713 0.8398292 0.09501314 -0.6337626 0.7724395 -0.04101538 -0.633832 0.7723767 -0.04112446 -0.6337626 0.7724395 -0.04101538 -1 -2.74796e-5 0 -1 3.0373e-5 0 -1 -6.46392e-5 0 -1 2.54534e-5 0 -1 -2.60264e-5 0 -1 5.80343e-6 0 -1 2.63769e-5 0 -1 -1.57248e-5 0 -1 3.20595e-5 0 -1 4.3163e-5 0 -1 -2.93221e-5 0 -0.534179 0.8308779 0.1558681 -0.5383703 0.8286492 0.1532911 -0.540263 0.8227001 0.1768633 -0.9447385 0.3238496 0.05089908 -0.9582442 0.2828609 0.04192912 -0.6625854 0.7456763 0.07033729 -0.6630719 0.7461533 0.05992496 -0.6712743 0.7390596 0.0564084 -0.946819 0.3175522 0.0519092 -0.852823 0.5202593 0.04498207 -0.8879121 0.4570418 0.05220335 -0.7640297 0.6434535 0.04718285 -0.7856866 0.6165716 0.05035954 -0.6956566 0.7167305 0.04857426 -0.6634863 0.7468834 0.04417401 -0.6539912 0.7514586 0.08720988 -0.6798979 0.7289295 0.08000493 -0.6990829 0.7109925 0.07597941 -0.7628162 0.6422579 0.07494318 -0.7709602 0.6323776 0.07562357 -0.8517785 0.5192124 0.06994324 -0.8832292 0.4634404 0.07161831 -0.9439306 0.3248652 0.0588026 -0.9571106 0.2831261 0.06147301 1 3.32349e-4 -4.63707e-5 1 3.32349e-4 -4.63759e-5 1 3.32347e-4 -4.6385e-5 0.9999981 0.001935005 3.02236e-4 0.9999981 0.001935005 3.02192e-4 0.9999981 0.001935005 3.0217e-4 0.9999966 0.002622187 3.51998e-4 0.999998 -0.001993834 -2.94413e-4 0.999998 -0.001993834 -2.94406e-4 0.999998 -0.001993834 -2.94447e-4 -0.5345524 0.8255713 0.1807923 -0.5380194 0.8249735 0.1730719 1 0 0 1 0 0 1 0 0 1 0 0 1 -3.84862e-7 0 1 1.58444e-7 0 1 -1.42709e-7 0 1 0 0 1 0 0 1 0 0 1 0 0 -0.2848088 -0.9532819 -0.1006856 -0.2869676 -0.9555483 -0.0676546 -0.2858219 -0.9567377 -0.05439436 -0.2852974 -0.9578154 -0.03457176 -0.2843921 -0.9587056 0.002148628 -0.2854444 -0.9583624 -0.007941544 -0.2846249 -0.95741 0.048527 -0.2856494 -0.957603 0.03742855 -0.2844773 -0.9550939 0.08287596 -0.2865329 -0.9508317 0.1175501 -0.2854824 -0.9496776 0.1288887 -0.2841047 -0.9417409 0.1800239 -0.284654 -0.9427368 0.1738376 -0.2846975 -0.931808 0.2251248 -0.286652 -0.9074615 0.3071554 -0.286585 -0.9073275 0.307613 -0.2839184 -0.9231419 0.2592288 -0.2856991 -0.933877 0.2150576 -0.2844962 -0.8950729 0.343375 -0.2843877 -0.8864067 0.3652493 -0.2848293 -0.8741186 0.3934323 -0.2849273 -0.8744936 0.3925271 -0.2838634 -0.8552021 0.4336482 -0.2858667 -0.8351024 0.4699832 -0.2863976 -0.8372293 0.4658579 -0.2833064 -0.8150595 0.5053867 -0.2850102 -0.7865788 0.5477802 -0.2833781 -0.7780303 0.5606834 -0.2841356 -0.7504768 0.5967004 -0.2852377 -0.7344126 0.6158552 -0.2842115 -0.7280712 0.6238079 -0.2835233 -0.6979611 0.6576206 -0.2852327 -0.6724144 0.6830089 -0.2857201 -0.6756045 0.6796489 -0.2826492 -0.643414 0.7114266 -0.2846919 -0.6088508 0.7404398 -0.282866 -0.5925965 0.7541991 -0.2835408 -0.5732527 0.7687563 -0.2835425 -0.5562307 0.7811601 -0.2848001 -0.5301614 0.798635 -0.2818484 -0.5081595 0.81384 -0.2854865 -0.4287133 0.8571479 -0.2778029 -0.463833 0.8412399 -0.2874222 -0.3606928 0.8872933 -0.2834771 -0.3813659 0.8798868 -0.2827515 -0.3014355 0.9105978 -0.2847189 -0.3187729 0.9040571 -0.2813036 -0.2581853 0.9242341 -0.281633 -0.2608282 0.9233913 -0.285118 -0.1725608 0.9428311 -0.2847352 -0.1745347 0.9425835 -0.2825074 -0.1022433 0.9538007 -0.2834368 -0.0847764 0.9552364 -0.2827866 -0.05719774 0.957476 -0.2845534 -0.008615255 0.9586215 -0.2841048 -0.005382418 0.9587782 -0.282967 0.03972917 0.9583064 -0.2833174 0.08190441 0.9555224 -0.2815559 0.09720969 0.9546082 -0.2843036 0.1645233 0.9445124 -0.2834821 0.1576023 0.9459384 -0.2827688 0.2088712 0.9361703 -0.2862402 0.2737727 0.918213 -0.2800767 0.2464362 0.9278073 -0.2834126 0.3509449 0.892477 -0.2810559 0.3672241 0.8866533 -0.283638 0.3190366 0.9043037 -0.2831175 0.3925858 0.8750548 -0.2835841 0.4185539 0.862782 -0.2843282 0.4264441 0.8586634 -0.2826601 0.4588242 0.8423678 -0.2849671 0.5191044 0.8058066 -0.2807462 0.5012767 0.8184762 -0.2850027 0.5926172 0.7533779 -0.2809057 0.5764653 0.7673199 -0.284327 0.6401147 0.7137306 -0.28503 0.6457191 0.7083818 -0.2828304 0.6733945 0.6830424 -0.2851012 0.7232791 0.6289552 -0.2812983 0.7109016 0.6445853 -0.2851526 0.7792944 0.5580217 -0.2815318 0.7688847 0.57407 -0.2845019 0.8123252 0.5091036 -0.285513 0.8189984 0.4977188 -0.2831624 0.835821 0.4703426 -0.2852675 0.8701398 0.4018448 -0.2820634 0.8636854 0.4177174 -0.285322 0.9041602 0.3179399 -0.2820599 0.8990846 0.3347973 -0.2856938 0.9300267 0.2311481 -0.2826163 0.9268494 0.2471404 -1 -1.31557e-4 0 -0.9999973 -0.002313911 4.30671e-4 -0.9999973 -0.002313911 4.30782e-4 -0.9999973 -0.002313911 4.30747e-4 -0.9999933 -0.003595829 7.80937e-4 -0.9999935 -0.003632187 -1.62339e-4 -0.9999979 0.001847386 -9.46167e-4 -1 2.20957e-6 0 -1 9.46468e-6 0 -1 1.96788e-5 0 -1 -1.29166e-4 0 3.01382e-5 0.5149039 0.857248 5.25166e-6 0.5342801 0.8453075 -0.004095792 0.5627724 0.8266018 -0.01854747 0.592341 0.8054741 -0.03603065 0.6104674 0.7912214 -0.04473501 0.6155034 0.7868636 -0.02266532 0.603474 0.7970605 0.001223087 0.6687989 0.7434424 -0.00320363 0.7081844 0.7060203 -5.66083e-6 0.38652 0.922281 -0.01937848 0.4396423 0.897964 -0.01078468 0.4547986 0.890529 -0.002056419 0.4976487 0.8673764 -1.18553e-5 0.1587324 0.9873217 -1.22243e-5 0.2047855 0.9788069 -0.01757514 0.2594881 0.9655865 -0.004370391 0.2884855 0.9574743 -2.87222e-6 0.3426049 0.9394797 -0.002777993 0.1053362 0.9944329 -0.01679563 0.06970107 0.9974266 9.54471e-4 0.01322686 0.9999122 -0.001126408 -0.07912945 0.9968637 -0.01677042 -0.1226692 0.992306 -2.9404e-4 -0.1707765 0.9853098 2.56847e-4 -0.2611635 0.9652945 -0.0172773 -0.3104813 0.9504225 -0.001612186 -0.3496424 0.9368819 -6.48888e-6 -0.5632509 0.826286 -0.002964735 -0.5180125 0.855368 -0.01849728 -0.4867964 0.8733196 2.343e-6 -0.4393852 0.8982987 6.08568e-6 -0.3968907 0.9178659 -5.35945e-4 -0.737245 0.6756253 4.43145e-4 -0.6998529 0.7142869 -0.01688724 -0.6450957 0.7639153 -0.025357 -0.6542652 0.75584 -8.17137e-6 -0.6018815 0.7985855 -0.02170008 -0.8585764 0.5122263 0.01252979 -0.8378235 0.5457975 -0.03134435 -0.7792214 0.6259646 -0.03366315 -0.7803453 0.6244422 -0.01551192 -0.7655904 0.6431413 -0.971794 -0.232985 0.03653198 -0.9591261 -0.2829303 0.005257487 -0.9471558 -0.3196325 0.02703827 -0.8857061 -0.4634835 0.02660435 -0.8932663 -0.4493215 0.01362264 -0.779474 -0.6263306 0.01141774 -0.7946578 -0.6070567 -0.001118123 -0.6702764 -0.7420986 -0.00439167 -0.6455533 -0.7635462 -0.01606512 -0.5830457 -0.8122116 -0.01923507 -0.5810757 -0.8092402 -0.08649498 -0.5809093 -0.8091974 -0.08800089 1 3.44804e-5 0 0.9999994 4.02506e-7 0.001102566 0.9999994 0 0.001102566 0.9999994 0 0.001102566 1 3.5461e-4 0 1 -2.49501e-5 0 1 -4.59829e-6 0 1 1.98438e-6 0 1 2.24921e-4 0 1 1.58078e-4 0 1 1.44509e-4 0 0.9999998 -7.06539e-4 0 0.9999998 -7.06499e-4 0 0.9999998 -7.06466e-4 0 1 -6.97277e-5 0 1 1.80617e-4 0 1 1.3227e-4 0 1 2.01005e-4 0 1 2.29253e-4 0 0.9999998 5.86162e-4 0 0.9999998 5.86168e-4 0 0.9999998 5.8617e-4 0 1 3.09502e-4 0 1 -4.27184e-5 0 1 4.40141e-5 0 1 3.09636e-5 0 1 -3.4125e-5 0 1 -1.03152e-5 0 1 -1.05343e-5 0 1 5.801e-6 0 1 -2.48766e-6 0 1 1.08961e-6 0 1 2.11417e-4 0 1 -7.06115e-5 0 1 7.35646e-5 0 1 7.93273e-5 0 1 3.92465e-4 0 0.9999997 8.95328e-4 0 0.9999997 8.95364e-4 0 0.9999997 8.95396e-4 0 1 2.19106e-4 0 0.9999991 -0.001342236 0 0.9999991 -0.001342236 0 0.9999991 -0.001342236 0 0.9999997 8.60585e-4 0 -0.9577175 -0.2855836 0.03491878 -0.9580385 -0.2845269 0.03473979 -0.8847948 -0.4653117 0.024966 -0.8858153 -0.4633851 0.02461284 -0.7773699 -0.6288887 0.01396793 -0.7793662 -0.6264242 0.01345711 -0.6414705 -0.7671435 0.002555429 -0.6446656 -0.7644623 0.001899182 -0.8311818 -0.5530384 0.05731809 -0.6533814 -0.7471152 0.1221137 -0.8852851 -0.4597576 0.06995153 -0.7815956 -0.619887 0.06963109 -0.7361661 -0.6723803 0.07722854 -0.6257906 -0.7761276 0.07753789 -0.6142041 -0.7851003 0.07981902 -0.9141692 -0.4014209 0.05617702 -0.9563834 -0.2877551 0.0502792 -0.8889183 -0.4541312 0.05990928 -0.9139605 -0.4016343 0.05801868 -0.9555169 -0.2905212 0.05084258 -0.9508417 -0.3088833 0.02216553 -0.9723259 -0.2292988 0.04477214 -0.5556357 -0.8302183 0.04479557 -0.9696282 -0.2407123 0.04334622 -0.9637293 -0.2628188 0.04639244 -0.9580776 -0.283252 0.04307913 -0.9570935 -0.2867377 0.04187715 -0.957587 -0.2856537 0.03780329 -0.6346932 -0.7713522 0.04669511 -0.63028 -0.7750004 0.04606086 -0.7713149 -0.6347624 0.04637026 -0.7564665 -0.6522046 0.04886507 -0.8489173 -0.5265833 0.04527235 -0.8826298 -0.4675526 0.04857295 -0.9139384 -0.4034259 0.04432201 -0.9488645 -0.3124862 0.04481691 -0.9493631 -0.3102258 0.04969799 -0.6405665 -0.7675804 0.02224802 -0.6311799 -0.7752946 0.02302646 -0.7766832 -0.6292271 0.02892172 -0.7719684 -0.6349794 0.02943074 -0.884358 -0.4655292 0.03455048 -0.8831847 -0.4677378 0.03473144 -0.9590929 -0.2804082 0.03888744 -0.9571605 -0.2867631 0.04013663 -0.2782844 -0.8930359 -0.3536165 -0.4964271 -0.8673813 -0.0347808 -0.5379865 -0.8381865 0.08952116 -0.5379866 -0.8381865 0.08952116 -0.5379866 -0.8381864 0.08952116 -0.5381204 -0.8380937 0.08958578 -0.5381204 -0.8380937 0.08958572 -0.5264445 -0.8439484 0.102992 -0.5164569 -0.8410972 0.1607099 -0.5165773 -0.8410624 0.1605057 -0.5165774 -0.8410624 0.1605057 -0.5263298 -0.8464841 0.08026057 -0.5080973 -0.8536311 0.1146794 -0.4866523 -0.8588032 0.1600835 -0.3943213 -0.9170557 0.05932658 -0.4712437 -0.8756355 0.1057919 -0.3674248 -0.9220873 0.1214669 -0.4353276 -0.8903708 0.1331537 -0.4284084 -0.9035694 -0.005362272 -0.4311695 -0.9022565 0.005104899 -0.4313458 -0.9021707 0.005377233 -0.4384627 -0.8983594 0.02647614 -0.4281869 -0.9032352 0.02867352 -0.4584116 -0.8856782 0.07370913 -0.4912337 -0.8704901 -0.0306043 -0.4952772 -0.868733 -0.001892447 -0.3903687 -0.9053913 -0.1669696 -0.2324542 -0.7446255 -0.625698 -0.2324541 -0.7446255 -0.625698 -0.2324541 -0.7446255 -0.625698 -0.3149618 -0.7977299 -0.5142238 -0.5126098 -0.8571506 -0.05024242 -0.5131366 -0.8580623 -0.02049446 -0.4460238 -0.8567181 -0.2590302 -0.4500089 -0.8600457 -0.2404441 -0.3625069 -0.834335 -0.4152997 -0.3046754 -0.7844014 -0.5402662 -0.089212 -0.565906 0.8196291 -0.1053619 -0.5718098 0.8135923 -0.1254383 -0.7786339 0.6148126 -0.0572884 -0.8227796 0.5654662 -0.2132821 -0.8642058 0.4556962 -0.09430134 -0.9346504 0.3428349 -0.1917681 -0.9298677 0.3139604 -0.1548224 -0.9652395 0.2105773 -0.125133 -0.9722067 0.1978784 0.04675853 -0.9400697 -0.3377611 0.04675853 -0.9400697 -0.3377611 0.04675853 -0.9400697 -0.3377611 -0.06464874 -0.8249428 -0.5615068 -0.2398 -0.8791252 -0.4118676 -0.01238584 -0.8738623 -0.4860157 -0.06617665 -0.6326094 -0.7716386 -0.2672122 -0.7753162 -0.572261 0.01908057 -0.6525319 -0.757521 -0.07488143 -0.481063 0.8734822 -0.1451665 -0.5280179 0.836734 -0.1886601 -0.5947645 0.781449 -0.3009947 -0.7078217 0.6390545 -0.3961203 -0.7830424 0.479514 -0.3961203 -0.7830424 0.4795139 -0.3961202 -0.7830423 0.4795138 -0.2972142 -0.7068328 0.6419121 -0.2770473 -0.7204741 0.6357373 -0.3081773 -0.7903138 0.5295572 -0.2956459 -0.798943 0.5237209 -0.135441 -0.7158799 0.6849611 -0.1394072 -0.7175137 0.6824513 -0.3353551 -0.8498734 0.4065123 -0.2865809 -0.8825544 0.3727859 -0.4172488 -0.8735927 0.250478 -0.3953289 -0.8917086 0.2203882 -0.5301656 -0.8436454 0.08477556 -0.5301656 -0.8436454 0.0847755 -0.5301656 -0.8436454 0.0847755 -0.1855162 -0.9733911 0.1345119 -0.1541467 -0.986336 0.05813878 -0.1541467 -0.9863361 0.05813878 -0.1541467 -0.986336 0.05813878 -0.1337977 -0.9899175 0.04649156 -0.2080498 -0.9772558 -0.04106539 -0.1371644 -0.9848843 -0.1057778 -0.1977987 -0.9530863 -0.2291334 -0.4328045 -0.9013668 -0.01477754 -0.3581917 -0.9245151 -0.1302718 -0.525845 -0.8495764 0.04131734 -0.5014842 -0.8651621 0.002891838 -0.5016183 -0.8650827 0.003345131 -0.5414611 -0.8391274 0.05181962 -0.5414611 -0.8391273 0.05181968 -0.5414214 -0.8391523 0.05182945 -0.5418893 -0.8388692 0.05152362 -0.5418837 -0.8388785 0.05142831 -0.5418837 -0.8388785 0.05142831 -0.4801266 -0.8700071 -0.1120986 -0.4718692 -0.8799216 -0.0554769 -0.3590466 -0.8909438 -0.2780374 -0.3046349 -0.9232159 -0.2342432 -0.1796356 -0.904142 -0.3876318 -0.1172866 -0.9411577 -0.3169637 -0.4653962 -0.8479076 0.253888 -0.4494845 -0.8044981 0.3882612 -0.4359174 -0.8137395 0.3844529 -0.4358275 -0.813642 0.3847612 -0.4358275 -0.8136421 0.3847612 -0.4536764 -0.8521388 0.2608397 -0.4715321 -0.8397825 0.2691153 -0.4740725 -0.8601416 0.1881799 -0.4957025 -0.8514357 0.1712785 -0.4923904 -0.8538023 0.1690371 -0.1636147 -0.7659234 -0.621765 -0.2517372 -0.8363381 -0.4869979 -0.3378745 -0.8566463 -0.3898693 -0.3378745 -0.8566463 -0.3898692 -0.4136461 -0.8822329 -0.2248599 -0.4843239 -0.8673489 -0.1146135 -0.5140823 -0.8575249 -0.01925057 -0.5401203 -0.8400136 0.05145251 -0.5401203 -0.8400137 0.05145251 -0.5401203 -0.8400136 0.05145251 -0.9510657 0.2360497 0.1993857 -0.9805414 0.1158223 0.1585052 -0.9805034 0.1161556 0.1584964 -0.9721257 0.1778122 0.152822 -0.9753787 0.1744688 0.1348965 -0.9753787 0.1744688 0.1348965 -0.9754384 0.1745015 0.134422 -0.9735132 -0.2228831 0.05094373 -0.9566357 -0.2837148 0.06598579 -0.9565539 -0.2847017 0.06284642 -0.9565916 -0.2847391 0.06209892 -0.9467012 -0.3118103 0.08081537 -0.9465767 -0.3108791 0.08571404 -0.9646093 -0.2581855 0.05356556 -0.9673168 -0.2478064 0.05376064 -0.9448752 -0.3220908 0.05889338 -0.9163066 -0.3930193 0.07692986 -0.8595523 -0.5031819 0.08931863 -0.8295002 -0.5498171 0.09813594 -0.9864287 -0.1589366 0.04120075 -0.98113 -0.1893217 0.03925913 -0.9892378 0.1365597 0.05253744 -0.9789439 0.2017917 0.03080737 -0.9789036 0.2018559 -0.03165453 -0.9949762 -0.097144 0.02419835 -0.9908587 -0.1266072 0.04658108 -0.9805229 -0.1914101 0.04401046 -0.9810652 -0.1887393 0.04345929 -0.9810825 -0.1886695 0.04336994 -0.9810858 -0.1886919 0.04319733 -0.9793576 -0.1964687 0.04752767 -0.9805238 -0.1914234 0.04393488 -0.9805217 -0.1914214 0.04398995 -0.9817045 -0.1850149 0.04500895 -0.9805368 -0.1905828 0.0471791 -0.9991883 0.04020404 -0.002557635 -0.9999434 0.003088057 0.01018798 -0.9999039 0.002250134 0.01368802 -0.9998033 -0.01598775 0.01174068 -0.999136 -0.03845185 0.01577121 -0.9991287 -0.02972161 0.02930104 -0.9966568 -0.08154654 0.005045235 -0.9972317 -0.06007176 0.04382014 -0.9962478 -0.08100444 0.030474 -0.9815309 0.1884841 -0.03272712 -0.9867949 0.1601241 -0.02441775 -0.9869824 0.1591227 -0.02336513 -0.9915379 0.1282999 -0.01979142 -0.9926308 0.1205933 -0.01189249 -0.9952292 0.0963788 -0.01516586 -0.9966649 0.08159178 -0.001379251 -0.9978543 0.06479275 -0.009421885 -0.9992428 0.03763401 0.009873569 -0.9824216 0.1850484 0.02459478 -0.9793493 0.2020431 -0.00731635 -0.9810038 0.1939836 0.001430809 -0.9806858 0.1955776 0.002187252 -0.9810545 0.1935511 0.008371055 -0.9809373 0.1941376 0.008525788 -0.9814435 0.1911321 0.01540118 -0.9798612 0.1989405 0.01716679 -0.9811066 0.1924535 0.01978456 -0.9815894 0.1897339 0.02198612 -0.9829095 0.1822834 0.02572274 -0.9819195 0.1785153 0.06297934 -0.98033 0.188896 0.05719792 -0.9848495 0.1650388 0.0532329 -0.9792146 0.1970611 0.04801893 -0.9824879 0.1809476 0.04444795 -0.9813001 0.188045 0.04110139 -0.9825982 0.1818359 0.03790104 -0.982374 0.1830997 0.03762686 -0.9801313 0.1960326 0.03023076 -0.995549 0.08095401 0.04825687 -0.9983695 -0.03708273 0.04339736 -0.9955982 -0.08362931 0.04231309 -0.9942282 -0.09779602 0.04411816 -0.9870343 -0.155685 0.03906089 -0.9810742 -0.1895632 0.03948831 -0.9834583 -0.1768313 0.03924775 -0.9829868 -0.1792144 0.04024022 -0.9812783 -0.1880273 0.04169642 -0.9813917 -0.1876825 0.04056781 -0.9812141 -0.1885263 0.04094845 -0.9813356 -0.1878365 0.04120737 -0.9812329 -0.1881437 0.04223859 -0.9808338 -0.1907184 0.03989362 -0.9816066 -0.1862611 0.0418986 -0.9816699 -0.1859325 0.04187351 -0.9816066 -0.1862611 0.0418986 -0.9819478 -0.1844807 0.04177844 -0.9820727 -0.1838048 0.04182094 -0.981563 -0.1865962 0.04142653 -0.9797741 -0.1956892 0.04181623 -0.9813129 -0.1878219 0.04180914 -0.9807711 -0.1904993 0.04240298 -0.9815346 -0.1866337 0.04192781 -0.998463 -0.04044026 0.03789961 -0.9983552 -0.04041552 0.04066592 -0.9983388 -0.04122364 0.04025429 -0.9982226 -0.04125273 0.04301059 -0.9982063 -0.04210954 0.04255533 -0.9980834 -0.04219138 0.04527342 -0.9988902 -0.007533609 0.04649347 -0.9987182 0.0414198 0.02909272 -0.9986231 0.04156279 0.03200775 -0.9986613 0.04087466 0.03170114 -0.998511 0.04099965 0.03598403 -0.9985531 0.04026973 0.03564047 -0.9983891 0.04030966 0.03993058 -0.9984366 0.03951281 0.03953546 -0.9982594 0.0394653 0.04382503 -0.9983119 0.03861731 0.043383 -0.9963718 -0.07814484 0.03371763 -0.9963351 -0.07870876 0.03348666 -0.99882 -0.03811746 0.03009706 -0.9988056 -0.03866034 0.02987825 -0.9996485 0.002077281 0.02643215 -0.9996553 0.001532733 0.02621406 -0.9988468 0.04229533 0.02272206 -0.9924073 0.1220781 0.01499533 -0.9922504 0.122511 0.02074319 -0.9923276 0.1219239 0.02050399 -0.9922134 0.122139 0.02438765 -0.9922467 0.1219283 0.02408576 -0.9921206 0.1221193 0.02799677 -0.9922099 0.1214577 0.02770751 -0.9920104 0.1216277 0.03349703 -0.9921092 0.1209105 0.03316628 -0.9918918 0.1209663 0.0389623 -0.9919998 0.1201971 0.03858917 -0.9917646 0.1201384 0.04438298 -0.9918822 0.1193182 0.0439648 -0.9966298 -0.07752525 0.02681332 -0.99661 -0.07781118 0.02672296 -0.9990802 -0.03786838 0.02012383 -0.999071 -0.0381577 0.02003222 -0.9999086 0.001916706 0.01338785 -0.9999102 0.001631438 0.01329958 -0.9991065 0.04174184 0.006627857 -0.9991189 0.04145628 0.006542205 -0.9966701 0.0815404 -1.47002e-4 -0.9966928 0.08126169 -2.30796e-4 -0.9925982 0.1212466 -0.006926834 -0.9926319 0.1209661 -0.007011711 -0.9869093 0.1606943 -0.01368695 -0.9869504 0.1604351 -0.01376539 -0.9859291 -0.1620894 0.04087537 -0.9859323 -0.1620877 0.04080665 -0.9890996 -0.1411539 0.04192531 -0.9958547 -0.0814315 0.04052764 -0.9957696 -0.08145588 0.04252034 -0.9957178 -0.08233046 0.04204595 -0.9957155 -0.08233338 0.0420956 -0.9967519 -0.06641703 0.04554706 -0.9994341 5.36953e-4 0.03363287 -0.9993095 6.39938e-4 0.0371502 -0.9993229 -1.02877e-4 0.03679567 -0.9991866 -7.00323e-5 0.04032582 -0.9992023 -8.71154e-4 0.03992539 -0.9990553 -9.08804e-4 0.04345005 -0.9990735 -0.001760244 0.04300177 -0.9989843 -0.001822471 0.04502171 -0.9979745 0.03839093 0.05072706 -0.9988445 0.02297091 0.04221385 -0.9974762 0.05123651 0.04915452 -0.9812743 -0.1878405 0.04262381 -0.9812278 -0.1881285 0.04242324 -0.9864671 -0.1587347 0.04106378 -0.9864445 -0.1589606 0.04072707 -0.9961957 -0.07911008 0.03654754 -0.9961905 -0.07931619 0.03624343 -0.9986546 -0.03895872 0.03422278 -0.9810158 -0.1890811 0.04308491 -0.9809941 -0.1891989 0.04306423 -0.9866577 -0.1575996 0.0408532 -0.9864809 -0.1587585 0.04063522 -0.9921582 -0.1191292 0.03782027 -0.9921259 -0.1190718 0.03883564 -0.9921122 -0.1192927 0.03850698 -0.9920933 -0.1192633 0.03908103 -0.9961433 -0.07924884 0.03766125 -0.9923175 -0.1180537 0.03700673 -0.9920946 -0.1196062 0.0379821 -0.9962794 -0.07856184 0.03543496 -0.9962394 -0.07918733 0.03516411 -0.9987289 -0.03845459 0.03258579 -0.9987138 -0.03906095 0.03232687 -0.9995575 0.001792907 0.02969163 -0.9963761 0.08174109 0.02351921 -0.9962751 0.08192646 0.02690756 -0.9962995 0.08172482 0.0266183 -0.9961889 0.08189231 0.03002095 -0.9962521 0.08122837 0.02972728 -0.9960769 0.08137643 0.0347681 -0.9961482 0.08064568 0.03442734 -0.9959573 0.08069097 0.03947407 -0.9960353 0.07991033 0.0390892 -0.995829 0.07985413 0.04413521 -0.9959146 0.0790205 0.04370415 -0.9956905 0.07886266 0.04879599 -0.9915326 0.11908 0.0517987 -0.9941325 0.09903973 0.04349339 -0.9925943 0.1114462 0.04833543 -0.9805173 -0.1914445 0.0439881 -0.9807201 -0.1903499 0.04421907 -0.9868092 -0.1567452 0.04047977 -0.9866709 -0.1576474 0.04034781 -0.9922962 -0.1185534 0.03596419 -0.99234 -0.118137 0.03612732 -0.9964516 -0.07785397 0.03198546 -0.9964205 -0.0783267 0.03180229 -0.9989018 -0.03785961 0.02760207 -0.9988877 -0.03837275 0.0274052 -0.9997295 0.002217113 0.0231536 -0.9997346 0.001747786 0.02297693 -0.9989275 0.04236751 0.01868391 -0.9989506 0.04189509 0.01850837 -0.9964908 0.0824927 0.01417952 -0.9868061 0.1618307 0.004946112 -0.9866513 0.1624471 0.01140844 -0.9867381 0.1619328 0.01121073 -0.9865629 0.1624209 0.0176987 -0.9866632 0.1618357 0.017461 -0.9865369 0.1620766 0.02181851 -0.9865752 0.1618804 0.02154535 -0.9864344 0.162095 0.02593266 -0.9865478 0.1614482 0.02565091 -0.986325 0.1616398 0.03218173 -0.9864516 0.1609299 0.03185611 -0.9862087 0.1609909 0.03839778 -0.9863478 0.1602247 0.03802913 -0.9860851 0.1601556 0.04456859 -0.986235 0.1593443 0.04415696 -0.9858961 0.1591086 0.05189955 -0.9849638 0.1643642 0.05320489 -0.9830201 0.1833911 0.006257712 -0.9830201 0.1833912 0.006257772 -0.9830202 0.1833912 0.006257772 -0.9846889 0.1660432 0.05307948 -0.9805915 -0.1903555 0.04695862 -0.980611 -0.1906386 0.045376 -0.986914 -0.1561806 0.04010415 -0.9868177 -0.1568052 0.04003876 -0.9924877 -0.1175236 0.03400433 -0.9924663 -0.1173666 0.03515273 -0.9965223 -0.07764196 0.030254 -0.9964932 -0.07807356 0.030097 -0.9989718 -0.0377596 0.02509272 -0.9989599 -0.03816664 0.02494966 -0.9997994 0.002259016 0.01989799 -0.9998034 0.00182712 0.01974558 -0.9989976 0.04229778 0.01465463 -0.9990171 0.04188507 0.0145114 -0.99656 0.08234161 0.009389936 -0.9965957 0.08192455 0.009246051 -0.9924886 0.1222681 0.004105925 -0.9925709 -0.1170173 0.03331553 -0.9923561 -0.1185075 0.03442829 -0.9965817 -0.07752943 0.02853059 -0.9965571 -0.07789134 0.0284065 -0.9990312 -0.03776097 0.02260214 -0.9990203 -0.03811824 0.02248167 -0.9998595 0.002150952 0.01662963 -0.9998621 0.00179702 0.01651269 -0.9990572 0.04209476 0.01062887 -0.9990735 0.04173642 0.01051151 -0.9966205 0.08201479 0.00460273 -0.996649 0.08167517 0.004492819 -0.9925493 0.1218361 -0.001425802 -0.9925897 0.1215054 -0.001532196 -0.9868575 0.1614221 -0.007441818 -0.9810804 -0.1892497 0.04081696 -0.9861855 -0.1604016 0.04134809 -0.9862051 -0.1604077 0.04085177 -0.9918907 -0.1206675 0.03990536 -0.9918745 -0.1207883 0.03994029 -0.9960281 -0.07988834 0.03931856 -0.9960999 -0.07994401 0.0373373 -0.9985935 -0.03908026 0.03583079 -0.9986569 -0.03917264 0.03390908 -0.9994925 0.001318454 0.03182929 -0.999566 0.001186072 0.02943575 -0.9987568 0.04206365 0.02674931 -0.9988747 0.04174864 0.02250653 -0.9964115 0.08248895 0.01897299 -0.9965327 0.08201491 0.01400351 -0.992418 0.1225296 0.009645879 -0.9925382 0.12187 0.003970563 -0.9867984 0.1619499 -0.001167714 -0.9869128 0.1610785 -0.007549345 -0.9913274 -0.1245138 0.04202747 -0.9916181 -0.122363 0.04148316 -0.9916148 -0.1223673 0.04154831 -0.9916458 -0.1221356 0.04149246 -0.9918577 -0.12066 0.04073822 -0.9959026 -0.08063477 0.04093909 -0.9959813 -0.08065295 0.03894329 -0.9984793 -0.03969442 0.03825813 -0.9985775 -0.03977388 0.03551167 -0.999423 0.001224756 0.03394341 -0.9995024 0.001103341 0.0315234 -0.9987008 0.04162955 0.02939033 -0.9987884 0.04146939 0.0265007 -0.9963209 0.08234077 0.02376639 -0.9964587 0.0819633 0.01876753 -0.9923393 0.1226049 0.01519942 -0.9924777 0.1220589 0.009475588 -0.9867299 0.16229 0.005111038 -0.9868641 0.161548 -0.001303195 -0.9788977 0.2042375 -0.006812751 -0.9799303 0.1989046 -0.01317435 -0.9787371 0.2043009 -0.01829844 -0.980436 0.1958464 -0.0197339 -0.9807538 0.1934639 -0.02633732 -0.9869813 0.1595926 -0.01995331 -0.986948 0.1598056 -0.01989424 -0.9926627 0.1202726 -0.01245915 -0.9926369 0.1204915 -0.01239806 -0.9967268 0.08069306 -0.004929542 -0.9967098 0.08090674 -0.004870474 -0.9991546 0.04102885 0.002595663 -0.9991461 0.04123139 0.002653181 -0.9999482 0.001339673 0.01010555 -0.9999471 0.001556694 0.01016855 -0.9991106 -0.0383169 0.0175997 -0.9991186 -0.03807669 0.0176683 -0.9966511 -0.0778383 0.02506119 -0.9966671 -0.07761108 0.02512842 -0.9925813 -0.1171687 0.03246653 -0.9923611 -0.1191832 0.03185504 -0.9869085 -0.1561012 0.04054933 -0.9885067 -0.1452727 0.04184037 -0.9862754 -0.1599287 0.0410307 -0.5939909 -0.7446111 0.3045147 -0.5948206 -0.7543662 0.2777053 -0.6229998 -0.7183983 0.3094757 -0.6263644 -0.7279968 0.2787263 -0.6522017 -0.6879941 0.3182723 -0.5927232 -0.7516528 0.2893049 -0.5586399 -0.7854315 0.2664936 -0.5570306 -0.786635 0.2663128 -0.6572532 -0.7011694 0.276369 -0.6574614 -0.7032214 0.2705997 -0.6574612 -0.7032216 0.2705997 -0.6574639 -0.7031678 0.270733 -0.655088 -0.682587 0.3239366 -0.6507361 -0.7110077 0.2664781 -0.6673417 -0.7054574 0.2387152 -0.6663565 -0.7039085 0.2459306 -0.6665207 -0.6982448 0.2611601 -0.6574816 -0.6947954 0.2915086 -0.66238 -0.7313364 0.1624805 -0.6734756 -0.7132527 0.1941685 -0.6639029 -0.7213392 0.1972379 -0.6635217 -0.716211 0.2162891 -0.6679044 -0.7162656 0.2021569 -0.6675448 -0.7072247 0.2328458 -1 -1.89232e-5 0 -1 9.48983e-7 0 -1 -3.12237e-5 0 -1 3.49479e-5 0 -1 1.84618e-5 0 -1 -5.38126e-5 0 -0.9754706 -0.2076295 0.07312512 -0.9804841 -0.1813199 0.07598686 -0.9794939 -0.1889503 0.06992435 -0.9752772 -0.2070553 0.07721704 -0.9756106 -0.2062946 0.07501119 -0.9803463 -0.18761 0.0610215 -0.9683684 -0.2405691 0.06625014 -0.968596 -0.2397571 0.06586682 -0.9580043 -0.2752193 0.08051216 -0.9856197 -0.1203911 0.1185752 -0.9721205 -0.1806793 0.149455 -0.9861099 -0.0763266 0.1475186 -0.9571072 -0.2154561 0.1937124 -0.9814612 0.1049555 0.1603693 -0.7400756 -0.6128785 0.2768902 -0.7400756 -0.6128785 0.2768903 -0.7400756 -0.6128785 0.2768902 -0.9803988 -0.1830844 0.07279044 -0.9803987 -0.1830849 0.07279002 -0.9803988 -0.1830844 0.07278972 -0.9805923 -0.1820067 0.07288616 -0.98055 -0.1815584 0.07455456 -0.9812217 -0.1700825 0.0909726 -0.9900264 -0.1204929 0.07300186 -0.9757232 -0.1868309 0.1142743 -0.9177341 0.3969935 -0.01266866 -0.9778754 0.2091028 -0.005995035 -0.9778696 0.2091292 -0.005998015 -0.9778745 0.2091066 -0.0059942 -0.9833124 0.1818179 -0.006250619 -0.9523124 0.305041 -0.007155358 -0.9660041 0.2583479 -0.009611785 -0.9812183 0.1927801 -0.006815135 -0.643552 0.7653769 -0.006249368 -0.6581164 0.752875 -0.007883429 -0.7585312 0.6516214 -0.004481792 -0.9027286 0.4301967 0.003471791 -0.9027078 0.4302403 0.003471255 -0.9027285 0.4301968 0.003471732 -0.8704627 0.4922274 0.002651154 -0.8326154 0.553848 -0.002007663 -0.7915534 0.6110962 -0.0021981 -0.7253223 0.6883549 -0.008675038 -0.9578691 0.2870443 0.009615719 -0.9432103 0.3320953 0.008197546 -0.9432103 0.3320954 0.008197486 -0.9432103 0.3320953 0.008197546 -0.9234687 0.383619 0.006480515 -0.9069522 0.4212185 0.003580749 -0.9071589 0.4206678 -0.01007759 -0.8328246 0.5533137 -0.0157302 -0.8403063 0.5419479 -0.0133357 -0.7388005 0.6736781 -0.01821517 -0.9765008 0.2148587 0.01679408 -0.9459197 0.3242538 0.009776949 -0.9600138 0.2798981 0.005532562 -0.9601104 0.2796182 -0.001381516 -0.3812603 0.6391379 0.6679397 -0.3812602 0.6391379 0.6679397 -0.3812604 0.6391379 0.6679397 -0.1844095 0.4085656 0.8939057 -0.1844095 0.4085658 0.8939056 -0.1844097 0.4085658 0.8939056 -0.05935209 0.2296717 -0.9714568 -0.5706064 0.8163205 0.08960568 -0.5767481 0.816325 0.03123015 -0.5406304 0.8189911 -0.192282 -0.5678312 0.8196234 -0.07606071 -0.5691523 0.8186821 -0.07632303 -0.5691525 0.8186821 -0.07632303 -0.5691523 0.8186823 -0.07632315 -0.5596371 0.8252648 -0.07579284 -0.5605175 0.8184355 -0.1264267 -0.564767 0.8154169 -0.1270182 -0.5719134 0.8197125 -0.03141236 -0.5719134 0.8197125 -0.0314123 -0.5719134 0.8197125 -0.03141236 -0.5807095 0.8136622 -0.02702873 -0.5138591 0.8561158 -0.0549066 -0.4456113 0.8951335 -0.0129162 -0.5101308 0.8598647 -0.01998221 -0.4644711 0.8848602 0.03590518 -0.4944871 0.8689598 0.01978468 -0.4744397 0.8772875 0.07262045 -0.4787928 0.8749263 0.07253521 -0.4667466 0.8772837 0.1118983 -0.5698701 0.820128 0.05136346 -0.5460538 0.8336073 0.08321297 -0.5468667 0.8331354 0.08259713 -0.546868 0.8331156 0.08278787 -0.546868 0.8331156 0.08278787 -0.5310683 0.8336522 0.1516265 -0.5712956 0.8149285 0.09753477 -0.5567658 0.8252799 0.09447234 -0.5580802 0.8082635 0.1877676 -0.1794615 0.3500853 -0.9193661 -0.1794615 0.3500853 -0.9193661 -0.1794615 0.3500853 -0.9193661 -0.5251936 0.8292266 -0.1911936 -0.5442261 0.8150688 -0.1986979 -0.4732646 0.8191862 -0.3239673 -0.5160977 0.7885478 -0.3344184 -0.4593976 0.7812315 -0.4226478 -0.5070046 0.7473393 -0.4294537 -0.4229211 0.7121068 -0.5603942 -0.3750951 0.8854883 -0.2742522 -0.4273663 0.8469577 -0.3162609 -0.3461873 0.8561224 -0.3836781 -0.406485 0.8117671 -0.4192904 -0.3137579 0.796594 -0.5167148 -0.3835467 0.7461416 -0.5442101 -0.295888 0.7110237 -0.6378837 -0.3646041 0.6620627 -0.65478 -0.291457 0.6273917 -0.7221028 -0.3602813 0.5783582 -0.7319148 -0.2694486 0.5111669 -0.8161532 -0.1664391 0.3397641 -0.9256665 -0.0894699 0.3944309 -0.9145597 -0.1693677 0.4502823 -0.8766759 -0.08434915 0.5109393 -0.8554685 -0.1817399 0.5779511 -0.7955773 -0.08777415 0.6458907 -0.7583674 -0.1911488 0.6983419 -0.6897687 -0.1033815 0.763048 -0.6380205 -0.1935135 0.785316 -0.5880744 -0.1113001 0.8458097 -0.5217455 -0.2041153 0.8550381 -0.4767043 -0.109032 0.9233511 -0.3681507 -0.2229338 0.9204856 -0.3209469 -0.5234006 0.830958 -0.1885756 -0.5154505 0.8417702 -0.1604173 -0.534069 0.8342651 -0.1370116 -0.5411954 0.8365342 -0.08554619 -0.5386055 0.8380021 -0.08750218 -0.4583049 0.8621864 -0.2158505 -0.4315849 0.8828176 -0.1853855 -0.4782033 0.8737301 -0.0889793 -0.4240342 0.9023984 -0.07663059 -0.1654014 0.9670467 -0.1935535 -0.1578412 0.966817 -0.2008758 -0.2014033 0.9723474 -0.1182255 -0.1845554 0.9823259 -0.03122723 -0.1955481 0.980066 -0.0350961 -0.2046824 0.9740393 0.09670948 -0.1736698 0.977416 0.1204029 -0.2091906 0.9509761 0.2277802 -0.1468959 0.9428617 0.2990542 -0.190527 0.9112094 0.3652355 -0.1460464 0.8821321 0.4477874 -0.1764723 0.8594266 0.479837 -0.1394825 0.8130983 0.5651689 -0.1691592 0.7908203 0.588208 -0.1272854 0.7205951 0.6815726 -0.1578049 0.6979939 0.6984999 -0.1233204 0.6129117 0.7804687 -0.1593809 0.586186 0.7943449 -0.1075498 0.4577687 0.8825423 -0.1519043 0.4255827 0.8920788 -0.1005958 0.266831 0.9584789 -0.4692385 0.8743501 0.1238028 -0.467574 0.8755907 0.1213082 -0.4309725 0.8751872 0.2197955 -0.4273627 0.8778952 0.216012 -0.4000897 0.8606312 0.3150272 -0.3997615 0.8608844 0.3147521 -0.3693965 0.8238047 0.4299908 -0.372592 0.8214528 0.4317297 -0.3493494 0.765927 0.5397323 -0.3590258 0.758773 0.5434739 -0.3218789 0.6650998 0.6738222 -0.3422464 0.6503496 0.6781687 -0.3069142 0.5214865 0.7961505 -0.5491564 0.8243848 0.1371753 -0.5162521 0.8379853 0.1768172 -0.5287362 0.8250789 0.1992056 -0.5166119 0.8338353 0.1945016 -0.5051417 0.7817301 0.3656913 -0.4894239 0.7932052 0.3623393 -0.4791509 0.7095906 0.5166195 -0.9132255 0.4062644 0.03112274 -0.8709138 0.4903255 0.03301942 -0.8887884 0.4573389 0.02994012 -0.7865552 0.6168743 0.02823424 -0.7911357 0.6109536 0.0289871 -0.5991839 0.8003307 0.02119928 -0.6817739 0.7311759 0.02379572 -0.6642173 0.7471243 0.02491509 -0.8378892 0.544847 0.03291702 -0.9300913 0.3665109 0.02449154 -0.9301084 0.3664678 0.02449357 -0.9301083 0.3664679 0.02449363 -0.9583976 0.2829129 0.03787416 -0.9323672 0.3601571 0.03127861 -0.9559181 0.2918035 0.03273338 -0.9541605 0.2975381 0.03238743 -0.9760651 0.2153771 0.03016072 -0.9838505 0.1764018 0.03033971 -0.9838506 0.1764019 0.03033959 -0.9838505 0.1764018 0.03033959 -0.6757329 -0.7198234 0.1588695 -0.6890147 0.6651746 -0.2877525 -0.6851816 0.6576201 -0.3131486 -0.6841641 0.6525949 -0.325637 -0.6791954 0.641727 -0.3562026 -0.6793459 0.6408005 -0.3575807 -0.6753828 0.6166436 -0.4044859 -0.6744308 0.6262193 -0.3911427 -0.672912 0.5987798 -0.4343413 -0.6716726 0.6103069 -0.419978 -0.666722 0.5725972 -0.4770894 -0.6620995 0.5931481 -0.4580389 -0.6647331 0.5264829 -0.5300432 -0.6544563 0.5603362 -0.5076518 -0.6554059 0.4794824 -0.5835578 -0.6478081 0.5085766 -0.5671813 -0.6468035 0.4265795 -0.6321988 -0.6413254 0.4504552 -0.6211215 -0.6386962 0.368467 -0.6754993 -0.6356729 0.3835024 -0.6699597 -0.6305914 0.3059574 -0.7132633 -0.6300319 0.3093963 -0.7122737 -0.6032794 -0.1092242 -0.7900153 -0.5993308 -0.1199044 -0.7914705 -0.6227626 -0.1103982 -0.7745832 -0.6170693 -0.102342 -0.7802255 -0.6238009 0.2392552 -0.7440629 -0.6319358 0.1669507 -0.7568255 -0.6096349 0.2327233 -0.75775 -0.6242581 0.09600025 -0.7752974 -0.6083586 0.1470255 -0.7799253 -0.617792 0.02308452 -0.7860028 -0.6073893 0.05951237 -0.7921721 -0.6128707 -0.05088317 -0.7885434 -0.6067664 -0.0277996 -0.794394 -0.6090998 -0.08902996 -0.7880808 -0.6106937 -0.09224152 -0.7864761 -0.6251557 -0.1617377 -0.7635584 -0.629211 -0.1156486 -0.7685825 -0.6350817 -0.1193064 -0.7631759 -0.6164804 -0.1129364 -0.7792287 -0.6237269 -0.1654406 -0.7639335 -0.6234234 -0.1748919 -0.7620737 -0.6237895 -0.1843625 -0.7595375 -0.650582 -0.1995644 -0.7327463 -0.6597857 -0.1948954 -0.7257401 -0.6364187 -0.2129265 -0.7413728 -0.6364187 -0.2129264 -0.7413729 -0.6364187 -0.2129265 -0.7413728 -0.6252477 -0.2209374 -0.7484999 -0.6119053 -0.2761541 -0.7411551 -0.6417655 -0.2597573 -0.72157 -0.6331326 -0.2670153 -0.7265301 -0.6253069 -0.2747058 -0.7304301 -0.5942643 -0.3258991 -0.735282 -0.6206422 -0.2886897 -0.7290141 -0.6016971 -0.3179638 -0.732707 -0.6157305 -0.4000938 -0.6788232 -0.5971829 -0.3627276 -0.715403 -0.6123186 -0.4271267 -0.6653035 -0.6102409 -0.4513904 -0.6510397 -0.6124727 -0.4970194 -0.6146942 -0.6124572 -0.4970883 -0.614654 -0.6144155 -0.5511738 -0.5645362 -0.6164431 -0.5560188 -0.5575314 -0.6170656 -0.599904 -0.5092596 -0.621253 -0.6091734 -0.4929022 -0.6199416 -0.6429219 -0.4498043 -0.6245324 -0.6529694 -0.4284744 -0.6237869 -0.6794292 -0.3863494 -0.6296038 -0.688729 -0.3595158 -0.6273779 -0.7099179 -0.3200213 -0.6317626 -0.7163772 -0.2961077 -0.6320407 -0.7232675 -0.2782242 -0.6341392 -0.7369125 -0.2341527 -0.6349567 -0.7349552 -0.2380568 -0.6372411 -0.7517564 -0.1696646 -0.6410133 -0.7517614 -0.1547797 -0.6407929 -0.7614567 -0.09781658 -0.6458197 -0.7597469 -0.0755102 -0.6451855 -0.7636011 -0.02547806 -0.651487 -0.7586544 0.002895414 -0.649813 -0.7586579 0.0467028 -0.6576175 -0.7485197 0.08519142 -0.6552076 -0.7462027 0.1178336 -0.6625452 -0.7318983 0.1592447 -0.6169729 -0.3421131 -0.7087336 -0.604872 -0.3256885 -0.7266753 -0.6138051 -0.3355827 -0.7145822 -0.6026433 -0.2948294 -0.7415503 -0.5984581 -0.2820256 -0.7498731 -0.5940253 -0.2733615 -0.7565761 -0.5898244 -0.2660903 -0.7624324 -0.5948408 -0.2722076 -0.7563515 -0.5958609 -0.2357439 -0.7677074 -0.593383 -0.2184397 -0.7747133 -0.5907844 -0.210982 -0.7787557 -0.5933073 -0.2017025 -0.7792963 -0.595727 -0.1855202 -0.7814677 -0.5955125 -0.1735537 -0.7843749 -0.5964518 -0.1681344 -0.7848415 -0.5987291 -0.1261563 -0.7909539 -0.5880499 -0.1426528 -0.7961455 -0.5944913 -0.1316292 -0.7932552 -0.7067794 0.6781513 -0.2014294 -0.6946461 0.6839239 -0.2229688 -0.694572 0.6869609 -0.2136694 -0.69357 0.685258 -0.2222213 -0.693942 0.6835079 -0.2264105 -0.6936998 0.6673099 -0.2710687 -0.6860638 0.6840083 -0.2478898 -0.7067732 0.678576 -0.200016 -0.6878404 0.7032976 -0.1795773 -0.6929042 0.7073364 -0.1398536 -0.6870577 0.6993683 -0.1970679 -0.6927902 0.7001027 -0.1729108 -0.6938771 0.6940545 -0.1918932 -0.6569917 0.7480919 -0.09338277 -0.6642521 0.7420116 -0.09048813 -0.6601252 0.7452184 -0.09425657 -0.6660443 0.7380451 -0.1080486 -0.6671014 0.7379183 -0.1022368 -0.6674567 0.734799 -0.1207148 -0.6725447 0.7321042 -0.1082 -0.6724575 0.7269959 -0.138845 -0.6861783 0.7172652 -0.1212024 -0.6182776 0.7811311 0.08698987 -0.605659 0.788391 0.1077829 -0.6186836 0.779594 0.09728336 -0.6077227 0.786126 0.1126019 -0.6014435 0.7902405 0.1174129 -0.6184157 0.7817978 0.07971346 -0.6209093 0.7784975 0.09172493 -0.6208887 0.7785028 0.09181821 -0.6208887 0.7785029 0.09181833 -0.6167361 0.7840486 0.07003134 -0.6225188 0.7789305 0.07574868 -0.624726 0.7785624 0.0596497 -0.620291 0.7834534 0.03794729 -0.6060598 0.7947386 0.03289425 -0.6212416 0.7823941 0.04379916 -0.6242274 0.779228 0.05606919 -0.5406156 0.8225048 0.176694 -0.5405769 0.8225288 0.1767003 -0.5405771 0.8225287 0.1767004 -0.5943525 0.7964617 0.1113283 -0.5986993 0.7926051 0.115483 -0.5981784 0.7891632 0.1392987 -0.5769553 0.8071912 0.1247607 -0.5985068 0.785326 0.1582807 -0.539905 0.8296853 0.1418628 -0.5406783 0.8265439 0.1564998 -0.5342025 0.8314716 0.1525872 -0.2665705 0.9570267 0.1141929 -0.2729566 0.9452624 0.1788119 -0.2843601 0.9381386 0.197574 -0.2806493 0.9471896 0.1551383 -0.2793117 0.9404153 0.1939175 -0.2723382 0.8926507 0.3591752 -0.2848895 0.9388369 0.1934511 0 0.9971991 0.07479315 0 0.9252811 0.3792822 0 0.9252816 0.3792809 0 0.7627884 0.6466483 0 0.5256344 0.8507107 0 0.2370216 0.9715045 0 -0.07479435 0.997199 0 -0.07479435 0.997199 0 -0.3792747 0.9252842 0 -0.6466493 0.7627876 0 -0.6466494 0.7627875 0 -0.8507118 0.5256325 0 -0.850712 0.5256324 0 -0.9715033 0.2370263 0 -0.9715033 0.2370262 0 -0.9971991 -0.07479345 0 -0.9971991 -0.07479363 0 -0.9252793 -0.3792866 0 -0.9252792 -0.3792867 0 -0.7627947 -0.6466408 0 -0.7627948 -0.6466408 0 -0.525642 -0.8507059 0 -0.5256419 -0.8507061 0 -0.2370216 -0.9715045 0 0.0747931 -0.9971991 0 0.3792936 -0.9252765 0 0.3792934 -0.9252765 0 0.6466321 -0.762802 0 0.6466325 -0.7628017 0 0.8507147 -0.5256278 0 0.9715034 -0.2370257 0 0.9971989 0.07479465 0.08294498 0.03299325 0.9960079 0.08293092 0.032983 0.9960094 0.08277887 -0.04910337 0.9953575 0.0951935 -0.06475841 0.9933502 0.08265215 -0.09790563 0.9917576 0.0822454 -0.162021 0.9833539 0.082246 -0.1620216 0.9833537 0.08153069 -0.2576961 0.9627801 0.08156841 -0.2576629 0.9627858 0.08091914 -0.3296605 0.9406254 0.09454125 -0.3504303 0.931805 0.08046191 -0.3754249 0.9233538 0.07955783 -0.4406878 0.894128 0.07965636 -0.440618 0.8941536 0.07828789 -0.5262876 0.8466951 0.07847607 -0.5261524 0.8467616 0.07745349 -0.5831292 0.8086788 0.08986181 -0.6061561 0.7902531 0.07687157 -0.6221061 0.77915 0.07544142 -0.6815313 0.7278899 0.07573604 -0.6813185 0.7280585 0.07385289 -0.7496933 0.6576517 0.07425802 -0.7494205 0.6579169 0.07307541 -0.7887015 0.6104179 0.08210307 -0.8100202 0.5806259 0.07248818 -0.8177128 0.571044 0.07097315 -0.8557308 0.5125306 0.08148944 -0.86307 0.4984673 0.07049089 -0.8798599 0.4699764 0.06892752 -0.9086208 0.4118947 0.06962394 -0.9082946 0.4124968 0.06727689 -0.9447181 0.3209075 0.06511831 -0.9891579 0.1316298 0.06413948 -0.9893561 0.1306167 0.06598937 -0.9772038 0.2017875 0.07755112 -0.9708791 0.2266708 0.06633156 -0.9661143 0.2494461 0.06810671 -0.9443947 0.3216835 -0.1953789 0.4699447 0.8608015 -0.1897608 -0.9617678 -0.1974678 -0.1966428 -0.9787577 -0.05800884 -0.1964015 -0.9790049 -0.05455267 -0.1963351 -0.979815 -0.03762036 -0.1963351 -0.9798149 -0.03762048 -0.201398 -0.964783 -0.169212 -0.1963265 -0.9677844 -0.157637 -0.1891229 -0.9762557 -0.1056284 -0.1980308 -0.9707386 -0.1358327 -0.1959276 -0.9775635 -0.07734328 -0.1952921 -0.9806888 -0.01052159 -0.1975587 -0.9800031 -0.02375727 -0.1946321 -0.9802199 0.0358811 -0.1934409 -0.9801599 0.04321354 -0.1969519 -0.9769418 0.08243006 -0.1941058 -0.9723937 0.1295124 -0.1930027 -0.9717621 0.1357514 -0.196762 -0.964617 0.1754962 -0.1945491 -0.9564121 0.2177762 -0.1965205 -0.9589156 0.2045988 -0.1949471 -0.9449178 0.2629184 -0.1971627 -0.9476137 0.2513074 -0.1945186 -0.9298816 0.3122223 -0.192737 -0.9268087 0.3223014 -0.1956405 -0.916426 0.349125 -0.1926112 -0.8909115 0.4113122 -0.1946968 -0.8957791 0.3995912 -0.1958223 -0.9075448 0.3715053 -0.1954481 -0.6926997 0.6942387 -0.1952751 -0.7334879 0.6510477 -0.1879872 -0.7162219 0.6720767 -0.1952083 -0.7460342 0.6366528 -0.1956441 -0.7721045 0.6046305 -0.1952225 -0.7689055 0.608829 -0.1962488 -0.800626 0.5661133 -0.1947853 -0.7969324 0.571802 -0.196104 -0.8381776 0.5089222 -0.1946987 -0.834726 0.515097 -0.1960725 -0.8620701 0.4673231 -0.1951693 -0.8581087 0.4749299 -0.1961334 -0.8755484 0.4415276 -0.1922648 -0.6595585 0.7266476 -0.1948382 -0.6665617 0.7195371 -0.1955424 -0.6071541 0.7701475 -0.1957962 -0.6082566 0.7692126 -0.1950589 -0.5701366 0.7980579 -0.1950454 -0.570098 0.7980887 -0.1958407 -0.5205438 0.831072 -0.1940416 -0.5143396 0.8353459 -0.1961253 -0.439757 0.876441 -0.1936952 -0.430532 0.8815467 -0.1959635 -0.3703085 0.9080033 -0.1954156 -0.3665333 0.9096516 -0.1949765 -0.3270835 0.9246624 -0.1944035 -0.3218266 0.9266257 -0.1966338 -0.2672932 0.9433397 -0.1930887 -0.2514513 0.948414 -0.1968672 -0.1771182 0.964299 -0.1928386 -0.1578905 0.9684441 -0.1960454 -0.1049503 0.9749625 -0.1951801 -0.09512412 0.9761435 -0.1950104 -0.05881965 0.9790359 -0.1937203 -0.04744476 0.9799089 -0.1964941 -0.005712389 0.9804884 -0.1909426 0.04056251 0.9807628 -0.1924297 0.03281182 0.9807621 -0.1974498 0.09935683 0.975265 -0.1906608 0.1369446 0.972057 -0.1950058 0.1685245 0.9662155 -0.1949298 0.4288705 0.8820841 -0.19127 0.4025192 0.8952062 -0.1885535 0.3887914 0.9018253 -0.1950046 0.359563 0.9125173 -0.1947283 0.2591992 0.9459899 -0.1862301 0.28126 0.9413879 -0.1951497 0.2138848 0.9571676 -0.1852616 0.5332427 0.8254275 -0.1955637 0.5096854 0.8378399 -0.1944772 0.6075066 0.7701393 -0.1896942 0.6220539 0.759648 -0.1949647 0.6559401 0.7291992 -0.1902234 0.8071705 0.55883 -0.19403 0.7986822 0.5696132 -0.196537 0.7206052 0.6649071 -0.1842779 0.742909 0.6435277 -0.195679 0.6895518 0.6973005 -0.1832195 0.8934888 0.4100105 -0.196031 0.8555264 0.4792144 -0.1951065 0.8320747 0.519216 -0.1976674 0.8756605 0.4406206 -0.1931119 0.9293226 0.3147497 -0.1899786 0.9269628 0.3234937 -0.1982851 0.9517383 0.2342593 -0.1892056 0.9648389 0.1824483 -0.1947817 0.9683058 0.1563459 -0.2715104 -0.94827 -0.1645181 -0.2851844 -0.9517516 -0.1133088 -0.2851849 -0.9519622 -0.1115248 -0.285418 -0.952993 -0.1016912 -0.2866484 -0.9518318 -0.1088538 -0.5774393 -0.8161947 -0.01975798 -0.5820668 -0.8129472 -0.01774841 -0.5860761 -0.8099391 -0.02266138 -0.5791846 -0.814958 -0.01971781 -0.597603 -0.800992 -0.03581136 -0.6137631 -0.7879681 -0.04900223 -0.5811151 -0.812959 -0.03745633 -0.5814858 -0.8119879 -0.05049908 -0.5907615 -0.8047345 -0.05833774 -0.5846465 -0.8081969 -0.07075613 -0.5917761 -0.8017874 -0.08329606 -0.578516 -0.8121458 -0.07575434 -0.5810035 -0.8095229 -0.08430832 -0.5778429 -0.8161044 -0.008442759 -0.5816503 -0.8134353 -0.002472221 -0.5556355 -0.8280914 0.07439053 -0.5456463 -0.8330336 0.09124296 -0.5480125 -0.8319698 0.08665251 -0.5541409 -0.828408 0.08165913 -0.5522153 -0.8284671 0.09327703 -0.5560701 -0.8300023 0.04338705 -0.5579712 -0.8285903 0.04589551 -0.5587362 -0.8280243 0.04679489 -0.5584779 -0.8282153 0.0464974 -0.5605548 -0.8266327 0.04956543 -0.5630295 -0.8247989 0.05200672 -0.5648061 -0.823486 0.05352365 -0.5682317 -0.8209713 0.05584877 -0.5730903 -0.8174108 0.05837154 -0.5696111 -0.8196527 0.06093043 -0.5646795 -0.822726 0.06526178 -0.5631777 -0.8236124 0.06703495 -0.5627973 -0.8238359 0.06748193 -0.5616864 -0.8244651 0.06903427 -0.5596435 -0.8255214 0.07289582 -0.5583414 -0.8259328 0.07803797 -0.5575277 -0.8260607 0.08238029 -0.5568206 -0.8259796 0.08779829 -0.5562846 -0.8260661 0.09034693 -0.5562845 -0.8260662 0.09034609 -0.5562875 -0.8260694 0.0902974 -0.5554462 -0.8251956 0.1026249 -0.5774416 -0.8164006 0.007163345 -0.563993 -0.8255518 0.01939827 -0.5636572 -0.8257958 0.01875907 -0.5701823 -0.8202875 0.04495108 -0.5502964 -0.8343107 0.03315943 -0.5516152 -0.8333116 0.03622967 -0.5549043 -0.8308742 0.04158508 1 -1.05604e-6 0 1 -1.05605e-6 0 1 3.32613e-7 0 -0.543813 -0.8309103 0.1177096 -0.5508541 -0.8282989 0.1023768 -0.5518756 -0.8272545 0.1052785 -0.9787133 0.2044849 0.01749795 -0.979394 0.1985074 0.03717732 -0.9706422 0.2396908 0.02004891 -0.9817516 0.1827505 0.05259585 -0.9776939 0.1746529 0.1166666 -0.9735695 0.1988067 0.1124207 -0.9800212 0.1772604 0.09020632 -0.9777342 0.1930998 0.08214884 -0.9800966 0.1843988 0.07353836 -0.9798191 0.1866772 0.07145845 -0.9789336 0.1944589 0.06224918 -0.9587281 0.2825049 -0.0321176 -0.9743338 0.2218132 -0.03837585 -0.9788119 0.2042443 0.01454544 -0.9755177 0.2198371 0.006075739 -0.9756251 0.2194331 0.002229571 -0.9739844 0.2265268 -0.006328105 -0.9739752 0.2265762 -0.005966067 -0.9711357 0.2376068 -0.02093672 -0.9812352 0.1854293 -0.05285596 -0.004307687 -0.8766078 -0.4811864 0.003403425 -0.8447353 -0.5351738 -0.0349639 -0.8121424 -0.5824106 -0.018063 -0.8036416 -0.5948393 -0.004600644 -0.7308948 -0.6824747 1.37663e-6 -0.7571356 -0.6532577 -2.3816e-5 -0.7809208 -0.6246303 -0.07648068 -0.6656479 -0.7423366 -0.002367496 -0.704647 -0.7095541 0.001128911 -0.6134994 -0.7896945 -0.02800798 -0.5768885 -0.8163426 -0.001564383 -0.5459777 -0.8377982 0.001381933 -0.4757304 -0.8795901 -0.02447867 -0.4334352 -0.9008523 -0.002441883 -0.4019905 -0.9156407 0.001999557 -0.3262858 -0.9452691 -0.02299797 -0.2779294 -0.9603262 -0.003671765 -0.2481676 -0.9687101 -8.65415e-6 -0.03902035 -0.9992385 -0.005197048 -0.08789885 -0.9961159 -0.02306795 -0.1146871 -0.9931339 -7.78401e-6 -0.1627959 -0.9866598 -8.07162e-6 -0.2028383 -0.9792124 -1.47157e-5 0.0016945 -0.9999986 -0.02496755 0.05173057 -0.998349 -0.007530272 0.07494294 -0.9971595 1.32262e-5 0.2845956 -0.9586477 -0.01475667 0.2322757 -0.9725381 -0.02954024 0.2166805 -0.9757956 -1.3649e-5 0.1661514 -0.9861003 -3.66678e-6 0.1257556 -0.9920613 -0.006565511 0.4841057 -0.8749849 0.004490911 0.4385473 -0.898697 -0.02290999 0.3756866 -0.9264636 -0.0248112 0.3776598 -0.925612 -2.56767e-5 0.3178635 -0.9481365 -0.6766507 -0.6465602 0.3522836 -0.6733843 -0.6680973 0.3165434 -0.6633623 -0.683373 0.30488 1 -2.23078e-4 4.09231e-5 1 -1.89297e-4 -2.70717e-5 1 -1.78332e-4 -6.3729e-6 1 -3.75604e-4 -3.02709e-5 0.9999999 -4.61189e-4 2.83458e-5 0.9999996 -9.24828e-4 -2.32559e-4 1 2.44922e-4 9.67937e-6 0.9999275 0.01147425 0.003681242 0.9999275 0.01147431 0.00368154 0.9999275 0.01147419 0.003681361 0.9999957 0.002698421 0.001160383 0.9999989 0.001507163 5.08928e-5 0.9999989 0.00150752 5.11255e-5 0.9999989 0.001507222 5.11481e-5 1 -6.92989e-5 1.66654e-5 0.9999998 -6.74292e-4 3.0024e-4 0.9999993 -0.001091659 4.57462e-4 1 1.16344e-4 6.05713e-5 1 -1.21727e-4 -6.07336e-5 1 -2.71665e-4 4.49108e-5 1 -6.35454e-5 4.09056e-5 1 -4.37794e-6 0 1 -2.12643e-5 0 1 2.36883e-5 0 1 -4.38892e-4 7.03798e-5 1 -3.12251e-4 1.33324e-4 1 8.76981e-5 4.5404e-6 0.9999188 -0.00951457 0.00849229 0.9999188 -0.00951457 0.008492112 0.9999181 -0.009556651 0.008515536 0.9999905 -0.004051387 0.00161004 0.9999917 -0.003801405 0.00157231 0.9999876 -0.004602432 0.001953601 -0.9999998 6.52355e-4 2.35271e-4 -0.9999998 6.68974e-4 3.19893e-4 -1 3.14105e-4 2.36783e-4 -1 4.4606e-5 6.14279e-5 -1 -3.17204e-5 0 -1 -6.83737e-5 0 -0.9999997 4.6127e-4 8.1727e-4 -0.9999997 4.61214e-4 8.17276e-4 -0.9999997 4.61269e-4 8.17261e-4 -1 2.95007e-4 3.07342e-4 -0.9999997 6.5483e-4 6.13918e-4 -1 2.30732e-4 3.90413e-4 -0.9999994 8.46945e-4 7.23437e-4 -0.9999994 8.46938e-4 7.23439e-4 -0.9999994 8.46952e-4 7.23438e-4 -0.7960962 0.5960273 -0.1047971 -0.7361415 0.6729817 -0.07205164 -0.5840814 0.8115822 0.01353514 -0.6042436 0.7965151 0.02129298 -0.6061137 0.7947531 0.03152602 -0.5954046 0.8034023 0.00618267 -0.602608 0.7979924 0.008486807 -0.6048135 0.7963461 -0.005800366 -0.5935158 0.8048046 0.005358457 -0.5927034 0.8054054 0.004979431 -0.6209021 0.7836594 0.01894116 -0.5886359 0.808266 0.01463109 -0.5868709 0.8095554 0.0142461 -0.5817168 0.8133677 -0.006193339 -0.5816047 0.8134477 -0.006234705 -0.5816422 0.8134211 -0.006220936 -0.5804184 0.8142919 -0.006591439 -0.5873162 0.8093529 -0.002740859 -0.5880055 0.8088507 -0.003190875 -0.6018835 0.7984841 -0.01263076 -0.590031 0.8073682 -0.004501461 -0.5930085 0.8051753 -0.005808353 -0.5944926 0.8040771 -0.006235063 -0.593463 0.8048386 -0.006053268 -0.5947349 0.8038981 -0.006200194 -0.6056032 0.7957669 1.5317e-4 -0.6052325 0.7960488 -1.06116e-4 -0.6051953 0.7960771 -1.60327e-4 -0.6050283 0.7962039 -5.43601e-4 -0.6046583 0.7964845 -9.21635e-4 -0.6046583 0.7964845 -9.21629e-4 -0.6046582 0.7964845 -9.21609e-4 -0.6048402 0.7963451 -0.001703381 -0.5736841 0.8185148 -0.03033173 -0.563157 0.8259506 -0.02568906 -0.5535928 0.8324227 -0.02464675 -0.5364039 0.8436065 -0.0244714 -0.5963413 0.8026911 -0.008015632 -0.577265 0.8165278 -0.006902694 -0.5741843 0.8177413 -0.04014372 -0.5683609 0.8215667 -0.04465734 -0.5856291 0.8089122 -0.05195885 -0.6018795 0.7959982 -0.06425052 -0.5847277 0.8077933 -0.07459002 -0.5870898 0.80717 -0.06166219 -0.6597462 0.7470937 -0.08115369 -0.6530923 0.7483375 -0.1160236 -0.655224 0.7470697 -0.1121096 -0.6135232 0.7835796 -0.0979402 -0.6138129 0.7833912 -0.0976327 -0.6137857 0.7848587 -0.08522915 -0.7226637 0.6837881 -0.1009505 -0.7204815 0.6836376 -0.1163876 -0.7225513 0.6815199 -0.1159753 -0.790993 0.600694 -0.1161761 -0.634742 0.7682273 -0.08324414 -0.672541 0.7378433 -0.05723685 -0.6875777 0.7207665 -0.08793574 -0.7359175 0.6742705 -0.06152027 -0.7359878 0.673765 -0.06605076 -0.7359878 0.673765 -0.06605076 -0.5919432 0.8055549 -0.02616417 -0.5932635 0.8047074 -0.02200841 -0.5891091 0.807828 -0.01909369 -0.5887337 0.8083145 -0.004519701 -0.58511 0.8109532 -0.001135706 -0.8040194 0.5890182 -0.08130407 -0.7269223 0.6802062 -0.09435826 -0.7269257 0.6801184 -0.09496277 0.1494472 0.9811981 -0.1221314 -0.6598742 0.7450447 -0.09733659 -0.6900271 0.7151556 -0.1114236 -0.6655858 0.7384665 -0.1079949 -0.5919927 0.8054625 -0.02783519 -0.5921391 0.8050793 -0.03491175 -0.6067587 0.7937445 -0.0425896 -0.6067956 0.7935952 -0.04478543 -0.6243941 0.778585 -0.06275063 -0.6342148 0.7715765 -0.04941082 -0.6342532 0.7713148 -0.05288261 1 1.16056e-5 0 1 1.12081e-4 -1.45652e-4 1 -4.83103e-5 0 0.9999994 -9.50221e-4 6.88639e-4 0.9999932 -0.002630949 0.00263375 0.9999997 6.24631e-4 -4.31691e-4 0.9999997 6.24601e-4 -4.31709e-4 0.9999997 6.24663e-4 -4.31673e-4 0.9999973 0.001272499 -0.001986205 0.9999973 0.001272678 -0.001986026 0.9999973 0.001272916 -0.001985967 1 -1.57463e-5 0 1 4.87508e-5 3.87047e-5 1 1.54684e-4 -4.9512e-5 1 6.97703e-5 -3.62757e-5 1 -1.70026e-5 0 1 3.35448e-4 -8.11184e-5 0.9999997 6.98291e-4 -3.35556e-4 0.9999997 8.20517e-4 -4.37895e-4 0.9999845 -0.0036152 0.004248499 0.9999675 -0.004587173 0.006644725 0.9999674 -0.004587113 0.006644666 0.9999675 -0.004587113 0.006644666 1 8.40471e-5 0 0.9999999 -2.38713e-4 4.29699e-4 0.9999999 -2.38774e-4 4.29678e-4 0.9999999 -2.38702e-4 4.2972e-4 1 1.03661e-5 0 1 1.37809e-5 0 1 -1.29302e-4 -3.07544e-4 1 -1.29342e-4 -3.07525e-4 1 -1.29313e-4 -3.07537e-4 1 -9.41331e-5 -3.14023e-4 1 -9.40862e-5 -3.14036e-4 1 -9.41216e-5 -3.14018e-4 1 -5.81801e-5 0 1 2.01903e-5 0 1 -1.6798e-5 0 1 -6.53882e-5 0 1 -6.50961e-6 0 1 -1.40213e-4 -4.01834e-4 0.9999998 -1.50639e-4 -6.9028e-4 0.9999998 -1.37481e-4 -7.28265e-4 0.9999996 -1.6353e-4 -0.001010119 0.9999992 -3.44704e-5 -0.001269698 0.9999998 -3.58564e-5 -5.78182e-4 0.9999998 7.54668e-5 -7.98778e-4 1 4.87272e-6 0 -0.04866659 0.9826673 -0.1788758 -0.05218529 0.9837518 -0.1717828 -0.08468437 0.9844082 -0.1541719 -0.08478212 0.9837826 -0.1580626 -0.08631443 0.9827928 -0.163304 -0.1699262 0.9838041 -0.0570501 -0.1774309 0.9839038 -0.02125495 -0.1697338 0.9843431 -0.04753094 -0.1696634 0.9844396 -0.04575037 -0.1700077 0.9843062 -0.04731547 -0.1735653 0.9841352 -0.0367856 -0.1728324 0.9843313 -0.03494256 -0.1726762 0.9845291 -0.02975565 -0.1726746 0.984528 -0.02980351 -0.1726763 0.9845291 -0.02975577 -0.1725791 0.9846941 -0.02437138 -0.1727468 0.9846751 -0.023952 -0.1605766 0.9869455 -0.01240319 -0.1603961 0.9870405 -0.004906117 -0.08761435 0.9855608 -0.1448912 -0.1106917 0.985636 -0.1275503 -0.1139268 0.9844416 -0.1337744 -0.07463085 0.98585 -0.1501002 -0.06542724 0.9864545 -0.1504227 -0.1015102 0.9862942 -0.1300749 -0.1544941 0.9857877 -0.06598728 -0.1518679 0.985288 -0.07838338 -0.1519972 0.9848421 -0.08356511 -0.1443369 0.9856085 -0.08799362 -0.1332007 0.985512 -0.1049933 -0.1533559 0.983607 -0.0948649 -0.1446255 0.9820171 -0.121351 -0.1132042 0.9878754 -0.1062414 -0.1301991 0.985849 -0.1055945 -0.1200896 0.9845835 -0.1271772 -0.1011117 0.9882505 -0.1146188 -0.1013083 0.9874553 -0.1211149 -0.1013126 0.9874373 -0.1212575 -0.1013126 0.9874373 -0.1212574 -0.1787568 0.983887 -0.003522634 -0.1683917 0.9857187 0.001725554 -0.1611434 0.9869298 0.001542568 -0.1507598 0.9885441 0.007227838 -0.1531277 0.9846598 -0.08364838 -0.1530129 0.9850244 -0.07946133 -0.1566996 0.98412 -0.08338463 -0.1691689 0.9830981 -0.06999999 -0.1687955 0.9840311 -0.05648916 -0.209564 0.9747625 0.07694917 -0.1885792 0.9795936 0.06953042 -0.1779142 0.9799041 0.09019249 -0.2668355 0.9582154 0.1030646 -0.2703086 0.9577848 0.09788584 -0.2453318 0.9627487 0.1136991 -0.2068638 0.9742923 0.08923041 -0.2071207 0.9748345 0.08245432 -0.2526422 0.9547363 0.1570054 -0.2277161 0.9657412 0.1244565 -0.2274815 0.9649379 0.1309463 -0.2003304 0.9738169 0.1074644 -0.1503098 0.9883068 0.02562856 -0.1540749 0.9876237 0.02933406 -0.1871345 0.9782273 0.08973342 -0.2151023 0.9706581 0.1074902 -0.2149117 0.9699841 0.1137713 -0.2486948 0.9605696 0.1243267 -0.2745111 0.9512215 0.140788 -0.2505927 0.9577499 0.1411337 -0.2860607 0.941307 0.1791942 -0.167717 0.9853903 0.02961403 -0.1724904 0.9844689 0.03268438 -0.1648969 0.9842215 0.06416594 -0.1872546 0.9790028 0.08055597 -0.1869725 0.9782095 0.09026354 -0.1954897 0.9754793 0.1011143 -0.1953803 0.9755103 0.1010257 -0.1954531 0.9754897 0.1010848 -0.2003283 0.9738177 0.1074602 -0.1701769 0.9833185 0.06422311 -0.1702547 0.9834958 0.06123262 -0.1697824 0.9833859 0.06423497 -0.1485185 0.9876691 0.04951745 -0.1501466 0.9880148 0.03581863 -0.2018187 0.9727215 0.1143773 -0.1942282 0.9656815 0.1724377 -0.1895301 0.9761087 0.1062558 0.08290058 0.1394174 0.9867575 0.05951607 0.5212681 0.8513152 0.0568605 0.947461 0.3147768 0.06789153 0.9860489 0.1519811 0.04509258 0.9826307 0.1800103 0.07750773 0.9686461 0.2360454 0.05173367 0.9463227 0.3190564 0.0519331 0.8237545 0.5645631 0.06925654 0.8324568 0.549745 0.08051091 0.8930608 0.4426745 0.02343124 0.8785495 0.4770764 0.07901966 0.9137282 0.3985682 0.06778001 0.5267909 0.8472882 0.08707034 0.5968802 0.7975919 0.05093187 0.6354042 0.7704981 0.08311563 0.663547 0.7435033 0.06849658 0.7362815 0.6731997 0.04716098 0.726782 0.6852472 0.08595788 0.7810431 0.6185329 0.06210511 0.1247463 0.9902431 0.09281051 0.2090331 0.9734944 0.05440992 0.2649873 0.9627157 0.08333379 0.292299 0.9526892 0.08014965 0.3966052 0.9144837 0.03928685 0.3742308 0.9265031 0.09152626 0.4510563 0.88779 1 0 0 1 0 0 1 3.14624e-7 0 1 -1.91645e-7 0 1 1.64279e-7 0 1 -2.18482e-7 0 1 3.14705e-7 0 1 -2.11629e-7 0 1 0 0 1 0 0 1 0 0 1 0 0 1 0 0 1 3.14632e-7 0 1 0 0 1 0 0 1 -1.36956e-7 0 1 0 0 1 -2.41384e-7 0 1 1.73607e-7 0 1 -1.75034e-7 0 1 -3.99361e-7 0 1 -1.24166e-7 0 1 0 0 1 0 0 1 0 0 1 0 0 1 0 0 1 0 0 1 0 0 1 -1.48532e-7 0 1 0 0 1 0 0 1 1.75583e-7 0 1 0 0 1 -1.31156e-7 0 1 1.31712e-7 0 0.06201946 -0.9961499 -0.06196051 0.05732798 -0.8818022 -0.4681222 0.08057695 -0.8940289 -0.4407036 0.05730015 -0.9152449 -0.3988026 0.06144189 -0.9944766 -0.08509576 0.07514476 -0.9866009 -0.1448175 0.07886314 -0.9857786 -0.1483951 0.06767517 -0.9972313 -0.03082406 0.08878266 -0.9960386 0.004980504 0.0627799 -0.997322 0.03752011 0.06009292 -0.9765647 -0.2066645 0.05949831 -0.9689784 -0.2398772 0.07575356 -0.9514859 -0.2982216 0.07391822 -0.9510926 -0.2999317 0.05833858 -0.9324706 -0.3565042 -0.02154761 -0.917925 -0.3961685 -0.03176856 -0.9483029 -0.3157729 -0.0325936 -0.987425 -0.1546923 -0.1072205 -0.9679283 -0.2271975 -0.1099146 -0.9512664 -0.2881168 -0.1572136 -0.9734074 -0.1666195 -0.1587321 -0.9570682 -0.2425383 -0.2020028 -0.961069 -0.1885242 -0.09330838 -0.880874 -0.4640631 -0.1044211 -0.9131482 -0.3940262 -0.1488096 -0.9275678 -0.3427444 -0.1489347 -0.925289 -0.3487963 -0.1667321 -0.9419975 -0.2912754 -0.02560567 -0.948428 -0.3159567 -0.1042149 -0.9138303 -0.3924967 -0.1006646 -0.9521431 -0.2886003 -0.1549572 -0.9267301 -0.3422861 -0.1514576 -0.9581328 -0.2429862 -0.1982022 -0.9433869 -0.2659646 -0.1905509 -0.9543061 -0.2301963 -0.2706624 -0.9521992 -0.1416283 -0.2245267 -0.966558 -0.1239086 -0.2267748 -0.9629287 -0.1460878 -0.2323167 -0.965203 -0.1200506 -0.2469828 -0.9555019 -0.1612941 -0.2484578 -0.9507508 -0.1853151 -0.2253521 -0.968833 -0.1028551 -0.2074417 -0.9765805 -0.0570842 -0.2037234 -0.9750471 -0.08820372 -0.234475 -0.9619405 -0.1403277 -0.2367147 -0.9641638 -0.11981 -0.2618005 -0.9617469 -0.0806443 -0.2642531 -0.9539347 -0.1420525 -0.2861083 -0.9531164 -0.09854584 -0.2033827 -0.9762905 -0.07411187 -0.1945611 -0.9802255 -0.03611326 -0.1675732 -0.9798147 0.1090059 -0.1528521 -0.9787856 0.1364366 -0.1637295 -0.9823677 0.09025758 -0.1511361 -0.9824109 0.109667 -0.1516569 -0.9843419 0.08984005 -0.1511694 -0.9855956 0.07582384 -0.1505672 -0.9855052 0.07816022 -0.1487746 -0.9872283 0.0569778 -0.1481842 -0.9872547 0.05804991 -0.1512576 -0.9875649 0.04285591 -0.1512639 -0.9875729 0.04264885 -0.1522323 -0.9878045 0.03267264 -0.1517875 -0.9880481 0.0268622 -0.1578511 -0.9873117 0.0172832 -0.1599141 -0.9870834 0.00968796 -0.1654706 -0.9862084 -0.003551721 -0.1660908 -0.985997 -0.01495707 -0.165816 -0.9861465 -0.004508614 -0.1953238 -0.9787192 -0.06290698 -0.1864988 -0.982192 -0.02274054 -0.1830506 -0.9819986 -0.0465967 -0.1781219 -0.9836773 -0.0255239 -0.1611778 -0.9518792 0.2606678 -0.1706926 -0.9561077 0.2381642 -0.1710307 -0.9591872 0.2251853 -0.1746767 -0.9603422 0.2173272 -0.1773824 -0.9647953 0.1941791 -0.1664904 -0.973582 0.1562658 -0.1687564 -0.9740591 0.1507651 -0.1767978 -0.9682353 0.1768134 -0.1762899 -0.9644405 0.1969174 0 -0.08212512 -0.996622 0 -0.08212435 -0.9966222 -9.91383e-6 -0.2506598 -0.9680753 0.002921044 -0.2535629 -0.9673145 -0.001218497 -0.4777424 -0.8784992 0.05971926 -0.6033215 -0.7952589 -0.01172924 -0.6693735 -0.7428336 0.0072788 -0.8270406 -0.5620952 0.0689677 -0.8827645 -0.464726 0.01096218 -0.9185138 -0.395237 -0.009947836 -0.9861273 -0.1656932 0.0427308 -0.9948739 -0.09165185 0 -0.9997652 0.02167087 0 -0.9966226 0.0821194 2.59029e-5 -0.9966222 0.08212399 0.008041799 -0.5640736 0.8256854 -0.003509879 -0.9673232 0.2535223 1.82734e-5 -0.9666526 0.2560915 -0.01985889 -0.7965024 0.6043093 0.1205128 -0.7415929 0.6599369 0.001422822 -0.8757826 0.4827036 0.1475898 -0.3939722 0.9071952 0.02578222 -0.4657155 0.8845589 -0.01453918 -0.1672489 0.9858076 0.05662274 -0.09159404 0.9941854 -2.12212e-6 0.02155703 0.9997677 1.14661e-5 0.08213013 0.9966217 0 0.08212935 0.9966217 0.009045362 0.8265969 0.5627219 -0.01430618 0.6680133 0.7440118 0.08431953 0.6022886 0.7938129 -6.04364e-4 0.4794237 0.8775835 0.001363813 0.2534934 0.9673361 0 0.2525536 0.9675829 0.1475872 0.910182 0.387023 0.02313572 0.8846119 0.465754 -0.01300007 0.9858303 0.1672412 0.05016118 0.9945295 0.09162431 2.21265e-6 0.9997652 -0.02167069 8.18001e-6 0.9966225 -0.08212047 -2.98739e-6 0.9966226 -0.08211803 -9.97908e-6 0.9694905 -0.2451289 0.008718848 0.967287 -0.2535353 -0.003785848 0.8812731 -0.4725925 0.06230014 0.7951236 -0.603239 -0.01318037 0.7421209 -0.6701365 0.008269548 0.5602256 -0.8282989 0.06717956 0.4647734 -0.8828775 0.009881138 0.3941218 -0.9190052 -0.008929014 0.1656923 -0.9861372 0.03903329 0.09171688 -0.9950199 4.99611e-6 -0.021564 -0.9997675 0.7478592 0.6208375 0.2350904 0.7478592 0.6208375 0.2350904 0.7478592 0.6208375 0.2350904 5.14211e-7 0.9967046 -0.08111768 4.99771e-7 0.9967046 -0.08111763 0 0.9967085 -0.08107 0.01132506 0.9977289 0.06639999 0.01132535 0.9977286 0.06640398 0.01132535 0.9977286 0.06640404 0.01587152 0.9976878 0.06608635 -0.003781199 0.9688891 0.2474666 -2.26061e-5 0.9966222 -0.08212435 0 0.9966224 -0.08212178 0.06628835 0.5493233 -0.8329765 -0.1010016 0.7330527 -0.672631 0.27772 0.7673022 -0.5780303 -0.1184101 0.898335 -0.4230521 0.2014715 0.9477577 -0.2473149 -4.60293e-5 0.9801817 -0.1981006 0.4428315 0.3422954 -0.8286943 0.02219754 0.4710626 -0.8818205 -0.01180452 0.1601969 -0.9870145 -0.01180446 0.1601969 -0.9870146 -0.0119459 0.1602225 -0.9870087 0.1547105 0.09425204 -0.9834538 0 -0.02155858 -0.9997677 0 -0.08213007 -0.9966217 0 -0.08213096 -0.9966216 0.06026172 -0.8301717 -0.5542414 -0.09236079 -0.6750369 -0.7319801 0.2336129 -0.585023 -0.7766423 -0.07733982 -0.4363459 -0.896449 0.1323906 -0.2502778 -0.9590796 -5.24864e-5 -0.2058305 -0.9785878 0.4420726 -0.8202615 -0.3629644 0.03648573 -0.8814409 -0.470883 0.03615409 -0.881475 -0.4708448 -0.02034044 -0.9868178 -0.1605517 0.2315425 -0.968387 -0.09281593 0 -0.9997652 0.02167016 3.59349e-4 -0.9966218 0.08212751 2.37809e-5 -0.9966219 0.08212798 2.378e-5 -0.9966219 0.08212792 0 -0.9966222 0.08212429 5.2982e-5 -0.8645193 0.5025997 5.3001e-5 -0.8645193 0.5025997 5.29681e-5 -0.8645192 0.5025997 4.30531e-4 -0.9735931 0.2282901 1.91277e-4 -0.9735906 0.228301 1 -1.72603e-4 -2.65442e-4 0.9999996 -4.99892e-4 -8.60481e-4 0.9999998 -3.54886e-4 -4.87586e-4 1 3.30636e-4 -3.60053e-4 1 -8.34203e-5 -3.33606e-5 1 -4.45414e-4 1.77725e-4 1 -5.83785e-6 0 1 -3.11364e-6 0 1 1.72382e-6 0 1 7.93045e-5 -9.52583e-5 1 0 0 1 -9.06947e-7 0 -0.663387 -0.6827449 0.3062306 -0.5459759 -0.7961467 0.2608848 -0.5463901 -0.7946302 0.2646145 -0.560402 -0.7796074 0.2795745 -0.7183044 -0.6541515 0.2369066 -0.5311599 -0.8145644 0.2331402 -0.5288977 -0.814373 0.2388807 -0.5331113 -0.8070297 0.2539595 -0.536197 -0.8223092 0.1905269 -0.5174452 -0.8296977 0.2094094 -0.5242673 -0.8206177 0.2274434 -0.5329105 -0.8304783 0.1622112 -0.5313875 -0.8285792 0.1763064 -0.5546829 -0.8222254 0.1275637 -0.5342975 -0.8342901 0.1359639 -0.5216938 -0.839606 0.151319 -0.5789847 -0.7504003 0.3188669 -0.6581299 -0.6975488 0.2833561 -0.4789621 -0.818063 0.3183837 -0.6634775 -0.7018269 0.2593 -0.6634776 -0.7018269 0.2593001 -0.6634776 -0.7018269 0.2593001 -0.5199863 -0.8301302 0.2012417 -0.5492091 -0.8242506 0.1377698 -0.5433434 -0.8290374 0.1321932 -0.6730552 -0.6513326 0.3503749 -0.6673233 -0.6800185 0.3037343 -0.6640012 -0.68264 0.3051315 -0.6197216 -0.6973366 0.3600928 -0.5312999 -0.8285952 0.1764948 -0.5305293 -0.8250628 0.1944484 -0.5395792 -0.8173843 0.2018348 -0.543098 -0.8072704 0.2309963 -0.5435249 -0.8069043 0.2312709 -0.5546284 -0.7907674 0.2589871 -0.5648395 -0.7819668 0.2635989 -0.567366 -0.772504 0.2851904 -0.5953497 -0.7456177 0.2993543 -0.5943813 -0.7439883 0.3052742 -0.6270161 -0.707974 0.324998 -0.6265738 -0.6990652 0.3445477 -0.705605 -0.6728044 0.2223869 -0.6982638 -0.6635234 0.2686347 -0.6978334 -0.6668456 0.2614302 -0.6770085 -0.6607007 0.3242441 -0.705449 -0.6681194 0.236555 -0.7122677 -0.6774443 0.1836953 -0.7155066 -0.6711256 0.1940125 -0.7173254 -0.6794716 0.1541515 -0.7043465 -0.6958802 -0.1401673 -0.6941342 -0.6947565 -0.1883913 -0.6957205 -0.6915394 -0.1942843 -0.6874781 -0.6844985 -0.2425607 -0.6874359 -0.6851631 -0.2407972 -0.6773253 -0.6674854 -0.3093439 -0.6644514 -0.687785 -0.2923288 -0.6722624 -0.6461326 -0.3613529 -0.6673202 -0.6671803 -0.3309898 -0.6690055 -0.6311039 -0.3926061 -0.6524763 -0.6624015 -0.3681018 -0.6618206 -0.6046081 -0.4432185 -0.6479581 -0.6321799 -0.4248518 -0.644037 -0.5718893 -0.5080935 -0.626634 -0.6013897 -0.4956414 -0.6353759 -0.5365918 -0.5553078 -0.6265741 -0.5638172 -0.538066 -0.6280769 -0.5139936 -0.5842347 -0.6171241 -0.5422536 -0.570192 -0.6248914 -0.469676 -0.6236307 -0.6023592 -0.5081469 -0.6155893 -0.6085628 -0.4708938 -0.6386787 -0.7029507 -0.7030681 -0.1074965 -0.7058435 -0.6979627 -0.1209673 -0.713153 -0.6983776 -0.06067681 -0.7148781 -0.6960381 -0.06693524 -0.7155691 -0.6976745 -0.03480195 -0.7185409 -0.6954839 0.001120269 -0.717581 -0.69646 0.004589021 -0.721095 -0.6910662 0.04949456 -0.7211263 -0.691047 0.04930555 -0.7203028 -0.6890217 0.08008211 -0.7201794 -0.6890677 0.08079206 -0.7210891 -0.6819795 0.122207 -0.7175222 -0.6838552 0.132303 -0.6092782 -0.4254122 -0.6691821 -0.5990527 -0.4480189 -0.6636377 -0.6036839 -0.3738037 -0.7041567 -0.5930488 -0.2586845 -0.7624799 -0.6001357 -0.2461659 -0.761078 -0.5804181 -0.327256 -0.7456663 -0.5942958 -0.3064544 -0.7435714 -0.5942639 -0.3571759 -0.7206079 -0.5887598 -0.3976692 -0.7037194 -0.7095206 0.3287734 -0.6232886 -0.6968349 0.2853328 -0.6580322 -0.6966336 0.2869396 -0.6575465 -0.6844788 0.2590556 -0.6814537 -0.6789715 0.2381147 -0.6944775 -0.679021 0.229554 -0.697306 -0.6669865 0.2091763 -0.7151045 -0.6559255 0.1601628 -0.7376379 -0.6527488 0.1692443 -0.7384276 -0.6418161 0.1075797 -0.7592752 -0.64291 0.1012461 -0.7592208 -0.6321142 0.07365733 -0.7713665 -0.6243433 0.02479946 -0.7807565 -0.6211951 0.03161633 -0.783018 -0.6122531 -0.04668354 -0.7892824 -0.609035 -0.04062813 -0.7921021 -0.6029161 -0.1190747 -0.7888684 -0.5996295 -0.1136963 -0.7921602 -0.5964835 -0.1911588 -0.7795292 -0.5932274 -0.1865467 -0.783123 -0.7164493 0.3085491 -0.6256979 -0.7082291 0.3550375 -0.6102131 -0.8096443 0.5282379 -0.2558141 -0.8047014 0.5424992 -0.2411438 -0.8034696 0.5238759 -0.2828266 -0.8032678 0.5201291 -0.2902183 -0.7911231 0.5159947 -0.3284415 -0.7925552 0.5020143 -0.3461765 -0.7736741 0.4788143 -0.4149283 -0.7711401 0.4871705 -0.4098877 -0.7635409 0.4332411 -0.4788607 -0.7577707 0.4573335 -0.4654349 -0.7491049 0.4082077 -0.5217359 -0.7523375 0.372949 -0.5430447 -0.7319282 0.4302474 -0.5283638 -0.7324871 0.3387624 -0.5905106 -0.7129678 0.3895663 -0.5830223 -0.8090139 0.5430372 -0.2249606 -0.8113108 0.5522376 -0.1918555 -0.8089932 0.5582506 -0.1840829 -0.8103961 0.56261 -0.1634873 -0.8100737 0.567141 -0.1487675 -0.8101232 0.5684389 -0.1434494 -0.8074436 0.5755781 -0.1294015 -0.8038408 0.5906993 -0.07010245 -0.8070709 0.5829519 -0.09382855 -0.7959577 0.6003873 -0.07737374 -0.8071727 0.5791954 -0.1140388 -0.7907961 0.5988175 -0.1267247 -0.0653935 0.9866449 -0.1491835 -0.04875814 0.9819974 -0.1824933 -0.04877376 0.9819367 -0.1828154 -0.05835425 0.9592302 -0.2765363 -0.1456168 -0.9347832 0.3240002 -0.1609834 -0.9499781 0.2676307 -0.1470879 -0.9413229 0.3037702 -0.1431946 -0.9466214 0.2887966 -0.1461476 -0.9417261 0.3029736 -0.1405816 -0.9272387 0.3470813 -0.1362566 -0.9245684 0.3558194 -0.1382094 -0.9195589 0.3678447 -0.1397812 -0.8978551 0.4175135 -0.1354124 -0.9068319 0.3991484 -0.1378663 -0.9109104 0.3888897 -0.1383058 -0.9157192 0.3772665 -0.1385817 -0.8949806 0.424034 -0.1388386 -0.8866482 0.441111 -0.141541 -0.8815643 0.4503451 0.05438697 0.9967585 0.0592845 0.04884707 0.9970361 0.05943983 -0.112646 0.9784814 -0.1728729 -0.1139236 0.9841482 -0.1359182 -0.09223061 0.9914735 -0.0920543 0.1231788 0.9845241 0.1246571 0.1221978 0.9882011 0.09233778 0.1949182 0.9647021 0.1770788 0.04725921 0.9974141 0.05414593 -0.03275769 0.9994391 0.006975054 0.05282127 0.9985925 0.004805624 -0.04033529 0.9978693 -0.05128461 0.04477643 0.9975662 -0.0534482 -0.04776954 0.9929372 -0.1086004 -0.1253218 0.975758 -0.1794179 -0.1046669 0.9827628 -0.152388 -0.1237122 0.9806733 -0.1515766 -0.1063718 0.9785072 -0.1766602 0.03496366 0.986258 -0.161471 0.03671586 0.993166 -0.1107854 -0.05482876 0.984862 -0.1644405 0.03799396 0.9867682 -0.1576233 0.1609591 0.9830674 -0.08758258 0.164047 0.9826377 -0.08667039 0.1656664 0.9823644 -0.08668988 0.167057 0.9821279 -0.08669954 0.04499167 0.9978935 -0.04673731 0.1754527 0.9844494 -0.008715271 0.1035764 0.9945936 -0.007458806 0.1853657 0.9785646 0.08972686 0.1885754 0.9779574 0.08965915 -0.03319907 0.9993851 -0.01128625 -0.07681405 0.9952958 -0.05904233 -0.04002177 0.9985029 -0.03728479 -0.09243118 0.9906264 -0.1005772 -0.04764318 0.9936401 -0.1020275 -0.1056994 0.9849166 -0.1369929 -0.05517596 0.9836061 -0.1716828 0.7669774 0.6413404 -0.02069896 0.1892021 0.9764025 0.1041184 0.6968841 0.7166787 -0.02691143 0.694301 0.7173722 -0.05764871 0.166447 0.9835961 -0.06952804 0.1664472 0.9835963 -0.06952434 0.1664473 0.9835964 -0.06952434 0.2165668 0.9756602 -0.0344398 0.5648856 0.8197571 -0.09435397 0.6561792 0.749273 -0.08954828 0.7170435 0.6814639 -0.1464772 0.5127645 0.84996 -0.1209988 0.7689061 0.6372469 -0.05196106 0.7018631 0.7119143 -0.02379983 0.3941823 0.918443 0.03290951 0.75525 0.6543465 -0.03779226 0.7697812 0.6362233 -0.05154681 0.7741928 0.6313902 -0.04440933 0.7725992 0.6327316 -0.05235683 0.7696298 0.6368473 -0.04577809 0.7692428 0.6370776 -0.04896754 0.7577838 0.6476923 -0.07910978 0.7524933 0.6545011 -0.07336372 0.7476947 0.6608098 -0.06544572 0.5335535 0.8358134 -0.1293706 0.3770586 0.9207327 -0.1003908 0.375962 0.9201945 -0.1090626 0.1560667 0.9763478 -0.1496275 0.7665876 0.635545 -0.09179407 0.7494981 0.6587824 -0.06525701 0.494809 0.8521453 -0.170331 0.516669 0.8253509 -0.2277041 0.5172083 0.8407049 -0.160346 0.5765126 0.7893974 -0.210915 0.5769557 0.7938974 -0.1919617 0.3492736 0.9179447 -0.18811 0.4414687 0.860405 -0.2545755 0.4417654 0.8635523 -0.243148 0.7551064 0.6549335 -0.0296064 0.7332329 0.6783331 -0.0472626 0.7041589 0.7084269 -0.04787081 0.7050856 0.7045572 -0.08033299 0.7113503 0.6982796 -0.07991558 0.6567339 0.7444778 -0.1202225 0.6709873 0.7318895 -0.118802 0.2238363 0.9717676 -0.07460039 0.4367289 0.8924586 -0.1130741 0.429861 0.896114 -0.1104512 0.428193 0.9007054 -0.07335191 0.5710444 0.8145782 -0.1018372 0.5650693 0.8190637 -0.09915328 0.2120966 0.9772354 0.005089461 0.4170982 0.9088613 -5.88515e-4 0.4149024 0.9095396 0.02436709 0.4983958 0.8659529 -0.0415579 0.5494423 0.8354214 0.01358205 0.5543391 0.8310967 -0.0445705 0.6378188 0.7701855 0.001303136 0.6908501 0.7228516 -0.01455605 0.6457802 0.7621185 -0.04629969 0.6480694 0.7601742 -0.04627621 0.6479486 0.7604042 -0.04413789 0.5617897 0.8217749 -0.09528118 0.5588521 0.8282179 -0.04170775 0.4250903 0.9021716 -0.07338136 0.4229154 0.9054026 -0.03726553 0.2207792 0.9724683 -0.07457822 0.1769133 0.9841024 0.01562273 0.2939999 0.9553177 -0.03053504 0.3974372 0.9176116 0.005709409 0.3938677 0.9185705 -0.03311419 0.5448055 0.8385539 -0.003797113 0.5442454 0.8388652 -0.01011848 0.6368482 0.7707495 -0.01922869 0.6352851 0.7714042 -0.03672289 0.5355724 0.8421414 -0.06292825 0.5386897 0.841778 -0.03497731 0.3872047 0.9195626 -0.06691223 0.3908773 0.9198794 -0.03220212 0.1683188 0.9832746 -0.06956964 0.1922797 0.9758117 0.1040202 0.5591337 0.8280044 0.04217034 0.5620277 0.8196819 0.1106646 0.5329796 0.8442454 0.05641359 0.4972051 0.8585558 0.1251758 0.4948556 0.8663393 0.06763255 0.4161685 0.8976829 0.1448081 0.4136192 0.9067392 0.08211725 0.3160751 0.9335901 0.168838 0.3164373 0.9306557 0.1837049 0.7123335 0.7012129 0.02969032 0.7127695 0.6998908 0.04596376 0.6907662 0.722875 0.01714134 0.6540483 0.7537025 0.06444877 0.6544703 0.7515141 0.08303707 0.7175315 0.6848269 -0.1271246 0.7311308 0.6725595 -0.1145057 0.7112701 0.6906261 -0.1308838 0.7495436 0.6581009 -0.07132774 0.7685469 0.6359543 -0.06998437 0.7616756 0.6447358 -0.06454539 0.7617012 0.6452879 -0.05843693 0.7798842 0.6232752 -0.05752253 0.7787585 0.6251996 -0.05158203 0.7823592 0.6202836 -0.05623477 0.7852439 0.6175225 -0.04536616 0.7835187 0.6201132 -0.03947508 0.7587218 0.6501982 -0.03979647 0.7703095 0.6376663 0.002279877 0.75383 0.6562073 -0.03365373 0.7590169 0.6502005 -0.03365522 0.7327836 0.6783052 -0.05413395 0.6882052 0.7234023 -0.05534368 0.6879726 0.7234298 -0.05781996 0.6184243 0.7793118 -0.1011162 0.5986189 0.7986291 -0.06202548 0.5253683 0.8429212 -0.1160689 0.5320951 0.8441089 -0.06599235 0.3801467 0.919467 -0.1003446 0.3836575 0.9207431 -0.07098704 0.1622567 0.9805834 -0.1101329 0.7464915 0.6652803 0.01235777 0.7461648 0.6657589 0.001828134 0.7031329 0.7105458 -0.02699685 0.7056287 0.7083998 0.01606327 0.6430955 0.7655408 -0.01937443 0.6467173 0.7619072 0.03541558 0.5489066 0.8358208 -0.01025515 0.5536347 0.830956 0.05478149 0.4853619 0.8743115 -0.001804709 0.4069417 0.9104543 0.07396954 0.402094 0.9155817 0.005550742 0.3066868 0.9476378 0.08902698 0.3017791 0.9533055 0.01174604 0.1860048 0.9770003 0.1042724 0.229984 0.9521728 -0.2011824 0.2361963 0.9506837 -0.2010269 0.3482731 0.8953434 -0.277608 0.341758 0.93267 -0.1154479 0.3416665 0.9330644 -0.1124936 0.4360702 0.8811094 -0.1830001 0.4344049 0.8943104 -0.1072441 0.5110505 0.8427767 -0.1689823 0.5094736 0.8544734 -0.1015482 0.5709594 0.8061068 -0.155555 0.5708616 0.8083773 -0.1436775 0.6630046 0.7364631 -0.1343396 0.6625742 0.7302774 -0.1664044 0.2191625 0.9754323 -0.02235001 -0.1024553 0.9914183 0.08119642 -0.09938418 0.9921793 0.07551878 0.02988713 0.9993675 0.0192722 0.02944856 0.9995596 -0.003682971 0.1163742 0.9912188 0.06278824 0.2099719 0.9763537 0.05143332 0.116434 0.9915232 0.05766278 0.1879693 0.9819349 -0.02171623 0.2126998 0.9755465 0.05538904 -0.1710285 0.9852144 -0.01010143 0.2244645 0.9691032 -0.1022488 0.1230996 0.9905851 -0.05989807 0.1230592 0.9894041 -0.07704585 0.03559088 0.9993592 -0.003831803 0.03471475 0.99816 -0.04971671 -0.04789716 0.9986286 0.02113944 -0.100057 0.9947855 -0.01975983 0.2354805 0.9339597 -0.2688275 0.134399 0.9733123 -0.1860113 0.1337836 0.9665591 -0.2187816 -0.1778306 0.980971 0.07792419 -0.1997516 0.9749549 0.09778696 -0.202113 0.9739248 0.1030576 0.03489971 0.9882479 -0.1488227 0.02734571 0.9934033 -0.1113654 -0.005656838 0.9897068 -0.1429984 -0.08910864 0.9935468 -0.07017517 -0.08952242 0.9922814 -0.08581066 -0.1198782 0.9927224 -0.01146298 -0.1653209 0.9856708 -0.03349983 -0.1640935 0.9862285 0.02065783 -0.1684374 0.9826356 0.07782083 -0.1903108 0.9793145 0.06874042 -0.1947172 0.9783073 0.07071161 -0.1021522 0.9908612 0.08808684 -0.1785749 0.9822645 0.05716341 -0.09864181 0.9949001 0.02106899 -0.09244501 0.9954978 0.02093118 -0.09383624 0.9953883 -0.0199263 -0.03486317 0.9968136 -0.07174396 -0.03419697 0.9982588 -0.04806172 0.03963768 0.9929611 -0.1116124 0.04038852 0.9963214 -0.07558077 0.1287049 0.9802857 -0.1499165 0.1291261 0.9863985 -0.1017082 0.229996 0.9554509 -0.1849743 0.06573569 0.9972537 -0.03411644 0.0667054 0.9925775 0.1016875 0.07268279 0.9954499 0.06161886 0.06671386 0.9963141 0.05392342 0.06454712 0.9973776 -0.03273797 0.06249386 0.9853198 -0.1588698 0.06444489 0.9849709 -0.1602469 0.06060677 0.948134 -0.3120397 0.06249403 0.9475805 -0.3133461 0.0587967 0.8873021 -0.4574253 0.0605663 0.8865801 -0.4585931 0.05710333 0.8043526 -0.591402 0.05872994 0.8035132 -0.5923827 0.05558979 0.7013621 -0.7106343 0.05702173 0.7004789 -0.7113915 0.05427014 0.5808959 -0.8121667 0.05548775 0.5800474 -0.8126907 0.05319273 0.4459696 -0.8934661 0.05414694 0.4452412 -0.8937721 0.05238854 0.2999504 -0.9525153 0.05306613 0.2993946 -0.9526526 0.0518729 0.1464637 -0.9878551 0.05223172 0.1461601 -0.9878812 0.05164337 -0.01066952 -0.9986087 0.05169993 -0.01071256 -0.9986053 0.05172938 -0.1675295 -0.984509 0.0514512 -0.1673048 -0.9845618 0.05209857 -0.3202137 -0.9459118 0.05153274 -0.3197742 -0.9460914 0.05278205 -0.4649413 -0.8837668 0.05189251 -0.4643199 -0.884146 0.05371952 -0.5980952 -0.7996227 0.05254518 -0.5973752 -0.8002387 0.05490028 -0.7163516 -0.6955763 0.05347824 -0.7156276 -0.6964319 0.05630731 -0.8167765 -0.5742 0.05465728 -0.8161204 -0.5752914 0.2437213 -0.9325047 -0.2665238 -0.03178459 -0.948154 -0.3162179 0.237591 -0.9339765 -0.2669053 0.1069127 -0.9869309 -0.1205703 -0.03178536 -0.9907574 -0.1318696 0.04525554 -0.8651806 -0.4994143 -0.01971387 -0.9456256 -0.3246593 -0.02562063 -0.948247 -0.3164985 0.2246541 -0.9694783 -0.09819632 0.1663468 -0.9706008 -0.1739623 0.163208 -0.9445238 -0.2850231 0.233123 -0.9305235 -0.2824533 0.1145478 -0.9229581 -0.3674606 0.2475629 -0.8990622 -0.3611093 0.247563 -0.8990622 -0.3611092 0.2476556 -0.8990409 -0.3610985 0.1207914 -0.922014 -0.3678312 0.2495237 -0.8598505 -0.4454157 0.1189776 -0.8689454 -0.480394 0.04749852 -0.9199484 -0.3891516 0.1148118 -0.9464808 -0.3016496 -0.01921999 -0.9534925 -0.3008035 0.1083024 -0.9697043 -0.2189617 0.08965146 -0.9716088 -0.2189502 0.1017934 -0.9883585 -0.1130735 0.243345 -0.936955 -0.2507957 0.2372286 -0.938455 -0.2510477 0.6816429 -0.6852545 0.2564944 0.6822415 -0.6832517 0.2602185 0.6353888 -0.7042424 0.3167394 0.6362883 -0.6885293 0.3479434 0.6676282 -0.7177878 0.1976193 0.6666628 -0.7214927 0.1871076 0.6174647 -0.7484605 0.2419592 0.6155314 -0.7557585 0.2234955 0.5450462 -0.7855751 0.2929102 0.5815469 -0.8125732 -0.03909176 0.5029261 -0.8589153 -0.09659171 0.5048229 -0.8544604 -0.1226835 0.380949 -0.9228109 -0.05742859 0.382485 -0.9210621 -0.0731436 0.3091705 -0.9472563 -0.08437496 0.3154447 -0.9368977 -0.1507232 0.3946992 -0.9068152 -0.147982 0.39324 -0.9105753 -0.1273378 0.5143077 -0.8369119 -0.1872598 0.5091621 -0.8552574 -0.09637761 0.5950993 -0.7901727 -0.1465743 0.5912039 -0.8036183 -0.06838059 0.6513729 -0.7507085 -0.1102284 0.650553 -0.755277 -0.0796076 0.6868494 -0.7252166 -0.04794573 0.6867936 -0.7254026 -0.0458877 0.6396983 -0.7686067 -0.005456626 0.6436984 -0.7623555 -0.06683146 0.5807302 -0.8138333 -0.02068847 0.5816382 -0.8128892 -0.03013753 0.2482234 -0.9092828 -0.334051 0.2502794 -0.8748443 -0.4147383 0.3381325 -0.8826525 -0.326483 0.3379157 -0.8668538 -0.3665754 0.3318768 -0.8849624 -0.3266487 0.3317466 -0.8926733 -0.305088 0.4540447 -0.8420986 -0.2910556 0.4801706 -0.8389742 -0.2560442 0.5269525 -0.795403 -0.2994247 0.5274227 -0.8236918 -0.2082242 0.609428 -0.7529021 -0.2484674 0.6006032 -0.7836115 -0.1588358 0.6628868 -0.723472 -0.1927934 0.6568503 -0.7498403 -0.07929235 0.6577649 -0.7377865 -0.1517118 0.6002428 -0.7916201 -0.1142206 0.6018931 -0.773629 -0.1980484 0.5191894 -0.8407924 -0.1533319 0.5215602 -0.8157026 -0.2502088 0.4036819 -0.8935298 -0.1965848 0.404788 -0.8868324 -0.222879 0.3237105 -0.9181356 -0.2285576 0.320711 -0.9327301 -0.1648002 0.2281911 -0.9591723 -0.1670851 0.6617895 -0.7212827 0.2044162 0.6558431 -0.7403272 0.1475986 0.6089829 -0.7671425 0.2015748 0.6034795 -0.7779333 0.1750214 0.532607 -0.8106932 0.2431179 0.5650905 -0.7232009 0.3970557 0.6058681 -0.7263968 0.324456 0.5586511 -0.7568122 0.3393292 0.5556802 -0.7585897 0.3402373 0.71175 -0.702427 0.002876639 0.7132585 -0.7008295 0.01001858 0.7140195 -0.6998814 -0.01850199 0.7319028 -0.6811359 0.01929152 0.7320007 -0.6812389 0.009410262 0.7426699 -0.6688932 0.03198915 0.7426938 -0.66863 0.03660696 0.7442209 -0.6667502 0.03974199 0.7532721 -0.6547042 0.06279766 0.7442328 -0.6658012 0.05316245 0.7457008 -0.6599379 0.09171849 0.7353149 -0.6737974 0.07286304 0.7404776 -0.6611843 0.1205337 0.719483 -0.6887139 0.08954024 0.7238102 -0.6728641 0.1528162 0.6940106 -0.7116296 0.1092364 0.6959941 -0.7073228 0.1236398 0.626273 -0.7315217 0.2695521 0.627014 -0.7271184 0.2795575 0.6760696 -0.7018693 0.2242978 0.6779906 -0.6872689 0.2607493 0.7133274 -0.6762593 0.1839496 0.7146307 -0.6660004 0.2138843 0.7237768 -0.6728978 0.1528258 0.7403072 -0.6439567 0.1930416 0.7205147 -0.6819983 0.1254474 0.7509187 -0.6415995 0.1564331 0.7500523 -0.6551163 0.09079843 0.7536801 -0.6499984 0.09730523 0.7607949 -0.6460691 0.06153076 0.758385 -0.6496843 0.05256092 0.7597736 -0.649267 0.03459149 0.755091 -0.655225 0.02276009 0.7548136 -0.6558927 0.007839024 0.7477214 -0.6639823 -0.006357014 0.7455888 -0.6661298 -0.01919758 0.7245585 -0.687348 -0.05067306 0.7243036 -0.6878635 -0.04720538 0.6998358 -0.7070413 -0.1015996 0.699667 -0.7055332 -0.1126452 0.6749336 -0.7251685 -0.1363645 0.6638599 -0.7305114 -0.1601353 0.3147676 -0.906874 0.2801802 0.3262118 -0.8967785 0.2989553 0.4793554 -0.750388 0.4551224 0.4150728 -0.7511631 0.5132919 0.4811104 -0.7630579 0.4315967 0.4694589 -0.7683628 0.4350023 0.140666 -0.7548219 0.6406693 0.05436527 -0.7335211 0.677489 0.2883469 -0.7921026 0.5379867 0.2089586 -0.8509149 0.4819545 0.2780653 -0.836654 0.4719003 0.1975826 -0.8894884 0.4120334 0.1850007 -0.9230675 0.3372258 0.3036771 -0.865655 0.3980224 0.2935743 -0.8767622 0.380923 0.2705924 -0.8827174 0.3841743 0.3452868 -0.8287119 0.4404699 0.2828316 -0.8461782 0.451651 0.3557648 -0.787113 0.5038698 0.5284882 -0.8213978 0.2144899 0.4430724 -0.8478277 0.2913336 0.54251 -0.7953566 0.2703531 0.4562949 -0.8183776 0.3493611 0.5544325 -0.7663359 0.3245522 0.4675441 -0.7857916 0.4048879 0.5613226 -0.7364986 0.3774744 0.5613226 -0.7364986 0.3774743 0.5613226 -0.7364986 0.3774744 0.5642518 -0.7347878 0.3764399 0.1086942 -0.9213477 0.3732348 0.1094358 -0.9164494 0.3848954 0.02907603 -0.8861112 0.4625597 0.03509062 -0.8860217 0.462314 0.1235991 -0.8392469 0.5295166 0.0437228 -0.8434144 0.5354816 0.132909 -0.7883784 0.600662 0.1027574 -0.7908211 0.6033598 0.141204 -0.7378278 0.6600542 0.4371044 -0.8641887 0.2492343 0.4286338 -0.8410314 0.3300595 0.4536145 -0.8298766 0.3248671 0.3428639 -0.8442184 0.4119947 0.4194979 -0.8167306 0.3961979 0.3546494 -0.7999914 0.4839812 0.3800451 -0.791756 0.4782137 0.3755971 -0.7808291 0.4992324 0.2868179 -0.7597907 0.5834839 0.2531634 -0.7998098 0.5442541 0.2446065 -0.7873957 0.5658408 0.2138692 -0.7928567 0.5706473 0.1288818 -0.8503031 0.5102687 0.2039846 -0.8403465 0.5022032 0.1187283 -0.8909099 0.4383872 0.1929527 -0.8811922 0.4315897 0.105617 -0.9254208 0.363925 0.1297923 -0.08143037 -0.9881919 0.1363224 -0.08114624 -0.9873356 0.3549134 -0.07693928 -0.931728 0.4541532 -0.07074302 -0.8881106 0.580356 -0.06819921 -0.8115023 0.9671182 -0.02088731 -0.2534683 0.986757 -0.007912337 -0.1620132 0.943784 -0.02578097 -0.3295559 0.7677937 -0.05641686 -0.6382084 0.8600162 -0.03530192 -0.5090442 0.7331764 -0.05453914 -0.6778481 0.1265007 -0.9097538 -0.3954057 0.1280442 -0.9916234 0.01696163 0.9667247 -0.04931616 -0.2510206 0.9800391 -0.06655353 -0.1873339 0.9793748 -0.07146799 -0.1889905 0.8462001 -0.1167899 -0.5199093 0.7613802 -0.1808353 -0.6225745 0.659285 -0.1805297 -0.7298989 0.4482412 -0.2324913 -0.8631498 0.4176796 -0.2230426 -0.8807927 0.1343434 -0.2500244 -0.9588742 0.126645 -0.2479021 -0.9604716 0.980991 -0.1455433 -0.1283513 0.9775035 -0.1644107 -0.1321209 0.8511139 -0.4301745 -0.3009237 0.9795315 -0.1774592 -0.09500795 0.9790944 -0.1969063 -0.05101066 0.9898046 -0.1410745 -0.01961684 0.9867691 -0.1621267 0.001333415 0.9488195 -0.3148089 -0.02523976 0.9823076 -0.1770496 -0.06103491 0.8512273 -0.5104636 -0.1218156 0.9066631 -0.4208966 -0.02843004 0.5741633 -0.8140494 -0.08752208 0.7313442 -0.6758618 -0.09135919 0.8627266 -0.5011057 -0.06779432 0.1309514 -0.8180073 -0.5601035 -0.03093123 -0.8854872 -0.4636332 0.421045 -0.7973172 -0.4324426 0.4139281 -0.8017385 -0.431137 0.6619704 -0.6558696 -0.3628089 0.1301724 -0.4720181 -0.8719255 -0.01468616 -0.5706076 -0.8210915 0.4199776 -0.5116505 -0.749555 0.4159438 -0.5142384 -0.7500331 0.6613547 -0.4198219 -0.6215782 0.6579774 -0.4224522 -0.6233779 0.8485709 -0.2918269 -0.4413216 0.8462012 -0.2952961 -0.443558 0.9799226 -0.1026608 -0.1709164 0.987459 -0.06683677 -0.1430303 0.227836 -0.6479831 -0.7267797 0.1288515 -0.7381172 -0.662254 0.424394 -0.6690304 -0.6101541 0.4227685 -0.6712827 -0.6088073 0.6661351 -0.5476116 -0.5063454 0.6647641 -0.5495624 -0.5060335 0.8514189 -0.3802362 -0.361257 0.8505042 -0.3827993 -0.3607041 0.9621734 -0.1912794 -0.1939967 0.982819 -0.1076838 -0.149904 0.980458 -0.1719349 -0.09560704 0.9067847 -0.3820133 -0.1783469 0.8445241 -0.4644429 -0.2665933 0.6561153 -0.6613584 -0.3634803 0.6646756 -0.7360317 -0.128311 0.4209071 -0.9026482 -0.0897966 0.3448759 -0.9323092 -0.1089046 0.1318824 -0.985465 -0.1070783 -0.08441483 -0.9830782 -0.1625779 0.1298104 -0.9884497 0.07820832 0.1382399 -0.9873773 0.07730448 0.3548142 -0.9324299 0.06842309 0.4172793 -0.9067109 0.06126606 0.5834498 -0.8102574 0.05540257 0.5904242 -0.8052608 0.05435431 0.7405731 -0.6711164 0.03397512 0.7031774 -0.7098203 0.04119145 0.8681923 -0.4958704 0.01883369 0.985557 -0.1690087 -0.01066148 0.8376451 -0.5454422 0.02904486 0.9205633 -0.3904914 0.008934557 0.9498606 -0.3126657 0.002221167 0.9899187 -0.1407591 -0.01574921 0.1124687 -0.3952577 0.9116591 0.1140176 0.02117753 0.993253 0.9561976 -0.005078673 0.2926781 0.1082298 -0.9619359 0.2509294 0.1404771 -0.9560272 0.2574455 0.3852157 -0.8968353 0.2174747 0.4158965 -0.8812825 0.2244362 0.5878944 -0.7856414 0.1927375 0.6580296 -0.7343624 0.1664601 0.7006514 -0.6937034 0.1669229 0.9860455 -0.1616631 0.03974193 0.8360548 -0.5354557 0.1195816 0.8638578 -0.4946929 0.09501963 0.9200584 -0.3837559 0.07889258 0.9884643 -0.1508633 0.01336526 0.9858604 -0.167267 0.01006275 0.9874269 -0.1052545 0.1179396 0.9870777 -0.072187 0.1430613 0.9863387 -0.071653 0.14833 0.9884339 -0.03722727 0.1470122 0.9857627 -0.02809846 0.1657781 0.9909544 0.01938384 0.1327923 0.9932077 0.002862393 0.11632 0.5848997 -0.07275104 0.8078365 0.7449871 -0.07591271 0.6627454 0.8733919 -0.05275082 0.484153 0.6649647 -0.1099186 0.7387422 0.389807 -0.08567816 0.9169023 0.3347797 -0.1029398 0.9366568 0.1138105 -0.1069552 0.9877287 -0.1218311 -0.1650847 0.9787259 0.114792 -0.5623652 0.8188823 0.114792 -0.5623652 0.8188824 0.114792 -0.5623653 0.8188823 -0.07038927 -0.4665259 0.8817023 0.3920384 -0.4378991 0.8090429 0.387443 -0.4370514 0.8117107 0.66391 -0.3600391 0.6554353 0.6600965 -0.3602182 0.659178 0.1154167 -0.8717127 0.476231 -0.04543077 -0.8118627 0.5820782 0.3934913 -0.7547202 0.5249401 0.386553 -0.7552512 0.5293133 0.665295 -0.617088 0.4202202 0.6595647 -0.6197536 0.4252998 0.869386 -0.4138307 0.2700227 0.8655607 -0.4177528 0.2762019 0.9865534 -0.1448571 0.07568943 0.2125572 -0.7317309 0.6476027 0.1134074 -0.6599833 0.7426714 0.395657 -0.6155817 0.6815533 0.3942151 -0.6139518 0.6838551 0.6686808 -0.5029488 0.5476391 0.6675291 -0.5020956 0.5498228 0.8711528 -0.3381275 0.3560376 0.8703733 -0.3373157 0.358704 0.9214619 -0.006373703 0.3884167 0.8703582 -0.1033458 0.4814524 0.8657302 -0.2462121 0.4357646 0.9220997 -0.1576901 0.353364 0.8707103 -0.2820345 0.4028897 0.984842 -0.1087704 0.1351123 0.9872758 -0.1187565 0.1057527 0.9858288 -0.1402851 0.09198886 0.9924075 -0.1166551 0.03897452 0.9784562 0.01695626 0.2057569 0.1142283 0.08159267 0.9900983 0.140913 0.08054512 0.9867402 0.3403102 0.07783889 0.9370861 0.4198554 0.07319307 0.9046348 0.5905961 0.06784564 0.8041102 0.595807 0.06735211 0.8002986 0.595807 0.06735211 0.8002986 0.595807 0.06735211 0.8002986 0.7516782 0.05278468 0.6574145 0.7516781 0.05278474 0.6574145 0.7516782 0.05278468 0.6574145 0.708032 0.0582894 0.7037706 0.8771415 0.03894215 0.4786506 0.8443276 0.04635512 0.5338184 0.9565042 0.02274507 0.2908306 0.9565042 0.02274501 0.2908306 0.9565041 0.02274507 0.2908306 0.9932159 0.004286289 0.1162072 0.1160725 0.9136434 0.3895934 0.1154816 0.9929795 -0.02561175 0.1139048 0.2515851 0.9611091 0.1386598 0.2577676 0.9562057 0.3909987 0.224865 0.8924998 0.4145501 0.2313196 0.8801361 0.9877657 0.06430488 0.1420701 0.5895634 0.2065349 0.7808703 0.6628525 0.1807531 0.7266051 0.7024265 0.182523 0.6879553 0.8682879 0.1291562 0.4789517 0.8417116 0.122345 0.5258834 0.9874685 0.06684422 0.1429614 0.9780567 0.0454427 0.2033227 0.9876251 0.1370127 0.07631695 0.9854891 0.1642962 0.0426374 0.9866261 0.1628293 0.00745207 0.9839226 0.1785954 4.11607e-4 0.9880428 0.1487764 -0.04046225 0.9900661 0.1375118 -0.02931851 0.5832948 0.8103474 0.05571776 0.7387121 0.6717985 0.05469298 0.8668457 0.4976986 0.02957576 -0.1156333 0.9787031 0.1696153 0.1123329 0.8230041 0.5568174 -0.06961935 0.8794673 0.4708401 0.3857122 0.8195776 0.4236965 0.3929026 0.8156313 0.4247037 0.6587148 0.6716418 0.3391049 0.1132498 0.4777723 0.8711534 -0.05006635 0.5716228 0.8189877 0.388071 0.5337931 0.7513095 0.3922681 0.5313594 0.7508549 0.6607854 0.4382234 0.6093627 0.6642502 0.4353513 0.607652 0.866239 0.2962877 0.4022981 0.8685776 0.2927199 0.3998599 0.9868786 0.1031194 0.124246 0.9938039 0.06215554 0.09214472 0.2223345 0.6551281 0.7220628 0.1149278 0.7426134 0.6597856 0.3940578 0.6916973 0.6052053 0.3956192 0.6896009 0.6065773 0.6674174 0.56436 0.4858519 0.6686528 0.562312 0.4865272 0.8702089 0.3784482 0.3154576 0.8710982 0.3758721 0.3160827 0.9699432 0.192659 0.1486359 0.9855995 0.1636201 0.04268848 0.8709089 0.4607491 0.170962 0.8687736 0.4888609 0.07904237 0.9176902 0.3967918 -0.02002507 0.9501695 0.3111123 -0.01967978 0.1079586 0.9886165 0.1047971 0.3392347 0.9362877 0.09102368 0.3836905 0.9204017 0.07511585 0.6609839 0.74525 0.08776587 0.6647363 0.6659574 0.3385653 0.8998002 0.3947563 0.1858151 0.8690918 0.4214426 0.2589703 0.9836968 0.1603329 0.08144915 0.9897046 0.1025992 0.0997923 0.11421 0.9898641 -0.0844109 0.1388819 0.9868059 -0.0832225 0.3401414 0.9363489 -0.08691775 0.4620888 0.8833259 -0.07879972 0.5853033 0.8064406 -0.08410596 0.9727494 0.2278285 -0.04304313 0.9901446 0.1379107 -0.02437931 0.950019 0.3087388 -0.04630655 0.950019 0.3087388 -0.04630661 0.950019 0.3087388 -0.04630655 0.7789314 0.6221394 -0.0787934 0.8685073 0.4933946 -0.0475068 0.7417079 0.6669996 -0.07057553 0.1300581 0.3889495 -0.9120326 0.1295877 -0.02165502 -0.9913315 0.1318945 0.9598768 -0.2474681 0.7748283 0.6144904 -0.1484686 0.9625557 0.167805 -0.2129038 0.9886944 0.1197635 -0.09022223 0.9799994 0.1511859 -0.1293995 0.9815624 0.1683563 -0.09050631 0.9813736 0.168712 -0.09188264 0.9716442 0.2253906 -0.07146054 0.9813404 0.09960103 -0.1644712 0.9789286 0.06609058 -0.1932122 0.9807572 0.03127533 -0.1927107 0.977517 0.0234242 -0.2095517 0.98382 -0.02219653 -0.1777796 0.9867503 -0.006748557 -0.1621062 0.5747881 0.07133579 -0.815187 0.727371 0.07011795 -0.6826528 0.8567823 0.04478353 -0.5137302 -0.07875895 0.1657841 -0.983012 0.128045 0.5534216 -0.8230001 -0.02986127 0.4661261 -0.8842143 0.4150371 0.4169241 -0.8086523 0.4195683 0.4175609 -0.8059811 0.6570371 0.3419482 -0.6718435 0.1275613 0.8720535 -0.4724944 -0.01832771 0.8299432 -0.5575469 0.414442 0.7480296 -0.5183527 0.4215217 0.7469598 -0.5141699 0.6566131 0.61625 -0.4348508 0.662492 0.612936 -0.4305972 0.2368691 0.7163277 -0.656329 0.1305268 0.6629611 -0.7371875 0.4223973 0.6003343 -0.6791018 0.4244561 0.6016048 -0.6766896 0.664406 0.4909146 -0.5635315 0.6660665 0.4910537 -0.5614461 0.1328578 0.9596617 -0.2477868 0.4228182 0.8765377 -0.230014 0.4522151 0.8587913 -0.2407885 0.663429 0.7227635 -0.1935842 0.8514814 0.4858257 -0.1973652 0.8449953 0.4317186 -0.3155977 0.8492294 0.4276118 -0.3097702 0.8501614 0.3401103 -0.4019336 0.8514333 0.3405202 -0.3988829 0.9790476 0.06613701 -0.1925923 0.8507722 0.190678 -0.489723 0.8499104 0.09799706 -0.5177342 0.903187 0.002405822 -0.4292408 0.9434 7.85089e-4 -0.3316564 0.1259099 0.104345 -0.9865388 0.3495469 0.09705132 -0.9318788 0.4152526 0.07768571 -0.906383 0.6612275 0.1059479 -0.7426663 0.660848 0.3413571 -0.6683976 0.8820323 0.2073679 -0.4231048 0.8495636 0.2779873 -0.4482909 0.976163 0.1051065 -0.189891 0.9839975 0.1225963 -0.1293028 0.988696 0.01231449 0.1494281 0.9886981 0.01231241 0.1494141 0.8576177 0.0422365 0.5125504 0.2107722 0.08028233 0.974233 0.2107007 0.08028388 0.9742484 0.4667987 0.07263016 0.8813762 0.5663179 0.06411433 0.8216894 0.6443279 0.06280708 0.762166 0.8575871 0.04224193 0.5126012 0.1159975 0.9172831 0.3809678 0.1754982 0.980728 -0.08586663 0.1754981 0.9807282 -0.08586364 0.1754981 0.9807283 -0.08586394 0.9884648 0.03388231 0.1476125 0.9881361 0.1343652 0.07438522 0.9823719 0.1678779 0.08223444 0.8691173 0.4260916 0.2511597 0.9839302 0.1785532 3.56705e-4 0.9864141 0.1641384 0.006765723 0.8689349 0.4890239 0.07620841 0.1759474 0.9826009 0.05948251 0.2083933 0.2245079 0.9519289 0.2087157 0.2244308 0.9518764 0.2088539 0.2243977 0.9518539 0.1507816 0.2550254 0.9551059 0.3916248 0.183511 0.9016396 0.5598231 0.2169501 0.7997068 0.6646775 0.1583524 0.7301564 0.8539832 0.133541 0.5028713 0.8693883 0.1147186 0.4806285 0.9888061 0.03442424 0.145181 0.9877857 0.05883532 0.1442838 0.09999305 0.5029579 0.8585073 0.02955037 0.5213172 0.8528513 0.3882715 0.4854994 0.7832852 0.3920164 0.4833703 0.7827365 0.660825 0.3986829 0.635895 0.664013 0.3961519 0.6341534 0.8664419 0.2694727 0.4203131 0.8685057 0.2664712 0.4179607 0.9869596 0.09380775 0.1308081 0.9925915 0.06331408 0.1036999 0.1808838 0.7089787 0.681638 0.1388621 0.727078 0.6723652 0.3924989 0.6794931 0.619866 0.3952804 0.6770219 0.6208018 0.6658689 0.5550786 0.4985041 0.6681335 0.5523338 0.4985229 0.869331 0.3727352 0.3245491 0.8707911 0.3695471 0.3242806 0.9757952 0.1713612 0.1358646 0.9757952 0.1713611 0.1358646 0.9904363 0.0992906 0.09579801 0.9857904 0.1626397 0.04202026 0.984975 0.1675829 0.04171687 0.8709375 0.4629614 0.164726 0.898563 0.3999407 0.1806433 0.6649225 0.6710721 0.3279335 0.6591179 0.6765865 0.3283206 0.3932111 0.8220539 0.4118403 0.3859527 0.8260537 0.4107016 -0.05792653 0.887516 0.4571213 0.1028256 0.8351634 0.5403048 0.9842929 0.173891 -0.03049045 0.9861658 0.1646875 -0.01884329 0.8422192 0.5387461 -0.0204789 0.8839596 0.4650489 0.04842692 0.6300448 0.7748756 0.05110436 0.6585542 0.7502169 0.05900031 0.4495258 0.8896025 0.08083307 0.3839691 0.9208449 0.06791573 0.03030407 0.9897675 0.1394352 0.1132441 0.9636327 0.2420491 0.9727555 0.2278051 -0.04303139 0.9842833 0.1738353 -0.03111124 0.8418051 0.5351633 -0.07046121 0.7792683 0.6232231 -0.06583338 0.6321676 0.7706076 -0.08079737 0.4620426 0.8832581 -0.0798248 0.4516689 0.8884956 -0.08106058 0.1756556 0.9804841 -0.08829462 0.1389169 0.9866693 -0.08476954 0.1726694 -0.02159887 -0.9847431 0.9805984 0.02139532 -0.1948564 0.7776409 0.6192377 -0.1087181 0.9716489 0.2253682 -0.0714668 0.9814608 0.168076 -0.09211498 0.9808629 0.1583082 -0.1133431 0.985858 0.1393054 -0.09315687 0.9720967 0.1491196 -0.1810841 0.9849504 0.1184771 -0.1258407 0.01999241 0.159991 -0.9869161 0.1258408 0.8940235 -0.4299841 0.002965986 0.8790136 -0.4767877 0.4140792 0.7937627 -0.4455103 0.4216823 0.7921656 -0.4412006 0.6562939 0.6546476 -0.37512 0.6625566 0.6506965 -0.370962 0.2394996 0.7089396 -0.6633586 0.1309332 0.6893591 -0.712489 0.4193851 0.6255455 -0.6578823 0.4234315 0.626096 -0.6547593 0.6613332 0.5127861 -0.5474385 0.6613332 0.5127862 -0.5474385 0.6648699 0.511718 -0.544144 0.9820046 0.09756231 -0.1617052 0.9745196 0.1058664 -0.1977472 0.8496338 0.2699174 -0.4530642 0.850743 0.355205 -0.3873834 0.8483051 0.3562743 -0.3917234 0.8493109 0.4545531 -0.2684261 0.8448849 0.4594149 -0.2740575 0.8509375 0.4886107 -0.1927828 0.6651386 0.7302717 -0.1558652 0.4555325 0.8664619 -0.2042888 0.4240966 0.8863392 -0.1858629 0.1349925 0.9699459 -0.2024403 0.131861 0.9706901 -0.2009316 0.9792577 0.06551641 -0.191734 0.9783366 0.06518846 -0.196489 0.8508642 0.1843241 -0.4919907 0.880698 0.2020606 -0.4284186 0.6609947 0.3308126 -0.6735348 0.6575203 0.3312665 -0.676705 0.4198371 0.4047757 -0.8123383 0.4154086 0.4040783 -0.8149581 -0.01544517 0.4518781 -0.8919461 0.1284031 0.5448372 -0.8286526 0.1299676 0.3839934 -0.9141432 0.1266971 0.1160855 -0.9851254 0.4160185 0.07580882 -0.9061908 0.4574125 0.08711534 -0.8849773 0.6587975 0.07208544 -0.7488589 0.634514 0.06681907 -0.7700177 0.8481456 0.06379312 -0.5259084 0.829524 0.05298817 -0.5559516 0.9834377 0.01290822 -0.1807865 0.9802826 -0.007989823 -0.197439 0.9671157 -0.02088797 -0.2534779 0.9803039 -0.01198625 -0.1971313 0.833597 -0.04818439 -0.5502676 0.7677605 -0.05011743 -0.6387739 0.6399534 -0.06354475 -0.7657817 0.4542495 -0.07172989 -0.8879821 0.4632904 -0.07079893 -0.8833739 0.1730263 -0.08248227 -0.9814574 0.1363018 -0.08136427 -0.9873206 0.1738881 -0.9846486 0.01517277 0.9826273 -0.1790942 -0.04867082 0.1280914 -0.2035827 -0.9706424 0.1354094 -0.2064965 -0.9690324 0.4206285 -0.181537 -0.8888847 0.4506914 -0.1965327 -0.8707768 0.9800604 -0.05837386 -0.1899318 0.6621155 -0.1451333 -0.7352139 0.8514669 -0.172667 -0.4951668 0.7671977 -0.09092885 -0.6349328 0.9799821 -0.07275682 -0.1853151 0.9667195 -0.04932367 -0.2510396 0.9836609 -0.10473 -0.1464337 0.9761438 -0.1718197 -0.132745 0.9815534 -0.1432064 -0.1266691 0.01824587 -0.9866434 -0.1618708 0.2457317 -0.6517379 -0.717533 0.1271118 -0.7145854 -0.6879029 0.4235886 -0.6476525 -0.6333395 0.4204706 -0.6503704 -0.6326316 0.6650128 -0.5304744 -0.5256947 0.6623574 -0.5332289 -0.52626 0.8508505 -0.3683411 -0.374671 0.1296539 -0.4315816 -0.8927078 -0.008092164 -0.4933847 -0.8697736 0.4195679 -0.4424139 -0.7926114 0.4161495 -0.4445218 -0.793234 0.6609717 -0.3630229 -0.6567579 0.658087 -0.3650875 -0.658508 0.8483876 -0.2522799 -0.4653959 0.8463411 -0.255074 -0.4675939 0.9797981 -0.08890479 -0.1791412 0.1307359 -0.8234506 -0.5521207 -0.01712006 -0.8922895 -0.451139 0.4214308 -0.803349 -0.4207451 0.4143951 -0.8077388 -0.4193267 0.6622324 -0.6608387 -0.3531862 0.6564336 -0.6663098 -0.3537318 0.8448631 -0.4677444 -0.2596566 0.9797804 -0.1763277 -0.09454524 0.9799271 -0.1754668 -0.09462839 0.9048233 -0.3880228 -0.1753085 0.8511576 -0.4350854 -0.2936519 0.8490191 -0.371946 -0.3752637 0.9716038 -0.158604 -0.1755874 0.984847 -0.06805002 -0.1595169 0.1262817 -0.9117015 -0.3909648 0.1318536 -0.9840138 -0.119714 0.4214745 -0.9024281 -0.08934724 0.4556757 -0.88452 -0.0999214 0.6628926 -0.7429118 -0.0930351 0.6354399 -0.7673614 -0.08586478 0.8503094 -0.5188828 -0.08794724 0.8350245 -0.5445945 -0.07842969 0.9860258 -0.1621375 -0.0382719 0.9838824 -0.1778881 -0.01820254 0.9727941 -0.2316141 -0.005173742 0.9839007 -0.1778458 -0.01761478 0.837618 -0.5454493 0.0296849 0.8420721 -0.5386283 0.02818125 0.703251 -0.7098466 0.03944444 0.6444569 -0.7631429 0.04783558 0.4603903 -0.8858021 0.0582714 0.4656293 -0.8831219 0.05731725 0.1758185 -0.9811966 0.07963097 0.1382451 -0.9873288 0.07791101 0.2104682 0.03062778 0.9771208 0.9860918 -0.1631037 0.03194218 0.9860918 -0.1631036 0.03194218 0.9860918 -0.1631036 0.03194218 0.1403637 -0.9663501 0.2155585 0.3883948 -0.9052041 0.1724963 0.4594665 -0.8655212 0.1994085 0.6613186 -0.7391022 0.1280071 0.7025089 -0.6988761 0.134363 0.8672931 -0.4908787 0.08270907 0.8377712 -0.5417063 0.0685119 0.9859799 -0.1599673 0.04747831 0.9731076 -0.2291771 0.02322506 0.9892889 -0.1235325 0.07776433 0.9837874 -0.109313 0.1421723 0.9878828 -0.1035204 0.1156336 0.07269382 -0.1642581 0.9837352 0.3953117 -0.6395153 0.6593549 0.3920107 -0.6384945 0.6623084 0.6680882 -0.5226529 0.5296151 0.665333 -0.5227506 0.5329765 0.870848 -0.351228 0.3438938 0.3935853 -0.7995516 0.4536604 0.3861583 -0.8005455 0.458267 0.6653202 -0.6530895 0.3616948 0.6593285 -0.6563446 0.3667392 0.8694263 -0.4370782 0.2303491 0.8653752 -0.4418043 0.2365059 0.9863789 -0.1524718 0.06171762 0.9857583 -0.02807629 0.1658084 0.9882647 -0.03657424 0.1483075 0.8704567 -0.1008238 0.481809 0.8660233 -0.2392858 0.4390286 0.6603894 -0.3501999 0.6642634 0.6640884 -0.3501072 0.6606145 0.3878095 -0.4249215 0.817952 0.392231 -0.4258001 0.815383 0.9865622 -0.07117652 0.1470683 0.9866212 -0.07121044 0.1466549 0.9202864 -0.15468 0.3593704 0.8707116 -0.2748823 0.4078006 0.8690328 -0.3517559 0.3479221 0.9786245 -0.1548823 0.1352983 0.9903911 -0.1323665 0.04005879 0.9886652 0.004042983 0.1500834 0.9891922 -3.28024e-4 0.1466242 0.8563758 -0.01119321 0.5162318 0.8893659 -0.0677421 0.4521497 0.6383924 -0.07196605 0.7663394 0.6630416 -0.07996481 0.7442994 0.4605628 -0.09283858 0.8827587 0.3898851 -0.07891649 0.9174758 0.1757616 -0.1242751 0.976557 0.07766264 -0.4557819 0.8866969 0.01309621 -0.442077 0.8968815 0.1988478 -0.6781035 0.7075559 0.1641064 -0.6726296 0.7215529 0.04803067 -0.8627433 0.5033559 0.05847418 -0.8639808 0.5001179 0.1558883 -0.9629178 0.2202007 -0.1392953 -0.877878 0.4581779 -0.140715 -0.8866266 0.4405595 -0.1414662 -0.8799349 0.4535438 -0.1346598 -0.9449362 0.2982659 -0.1327413 -0.9162057 0.3780835 -0.1404367 -0.8965953 0.4199934 -0.1218277 -0.9274095 0.3536519 -0.1263934 -0.9418415 0.3113831 -0.1281293 -0.961443 0.243332 -0.1271098 -0.9586831 0.2544996 -0.1186996 -0.9917985 0.04739308 -0.1178584 -0.9882376 0.09744644 -0.118631 -0.9788687 0.166562 -0.1238287 -0.9824165 0.1397299 -0.1219872 -0.9717861 0.2018685 -0.1087957 -0.9897097 0.09294164 -0.1134445 -0.9923912 0.04785543 -0.1145126 -0.993385 -0.008559226 -0.1150814 -0.9932286 -0.01591068 -0.110958 -0.992506 -0.05119001 -0.1113163 -0.9911915 -0.07174986 -0.1100336 -0.987331 -0.114325 -0.1103843 -0.9869709 -0.1170642 -0.1094081 -0.9815589 -0.1567548 -0.1098352 -0.9755344 -0.1904443 -0.1071499 -0.972361 -0.207444 -0.1093438 -0.9592606 -0.2605054 -0.1111328 -0.953841 -0.2789928 -0.1080961 -0.9473279 -0.3014717 -0.1085673 -0.9305921 -0.3495877 -0.106575 -0.9226288 -0.3706724 -0.1139243 -0.8940613 -0.4332154 -0.1107827 -0.8870447 -0.4481951 -0.1110567 -0.8615822 -0.4953208 -0.1112861 -0.8594284 -0.4989974 -0.1124197 -0.8393563 -0.5318298 -0.1136822 -0.8353802 -0.5377883 -0.1136257 -0.7928521 -0.5987278 -0.1146478 -0.7969379 -0.5930818 -0.119307 -0.7341329 -0.6684421 -0.1219024 -0.74257 -0.6585816 -0.1217175 -0.7065584 -0.6971085 -0.1230334 -0.6818276 -0.7210923 -0.1227416 -0.6757792 -0.7268128 -0.1270134 -0.6477656 -0.7511774 -0.1266018 -0.6201754 -0.7741799 -0.1332258 -0.5893357 -0.7968276 -0.1330127 -0.5815564 -0.8025584 -0.09418082 0.4306315 -0.8976004 -0.1336358 -0.5256348 -0.8401485 -0.1373085 -0.5466955 -0.8259966 -0.137895 -0.50753 -0.8505282 -0.1413417 -0.4589846 -0.8771292 -0.1446097 -0.4775376 -0.866629 -0.1459711 -0.1466716 -0.9783558 -0.1491199 -0.2355599 -0.9603515 -0.1486879 -0.2333276 -0.9609632 -0.1466262 -0.3011814 -0.9422265 -0.1466364 -0.3012588 -0.9422001 -0.1462805 -0.3583594 -0.9220523 -0.1480453 -0.3728446 -0.9160073 -0.1456776 -0.3899534 -0.9092385 -0.1416037 -0.4279385 -0.8926462 -0.142885 0.02962696 -0.9892958 -0.1434367 -0.03360503 -0.9890888 -0.1474988 -0.05874663 -0.9873161 -0.1451359 -0.1015451 -0.9841871 -0.1516397 -0.1688663 -0.9739043 -0.135873 0.1352829 -0.9814465 -0.1359322 0.1217257 -0.9832118 -0.1380894 0.09127897 -0.9862046 -0.1380342 0.08780157 -0.986528 -0.1417814 0.03452891 -0.9892956 -0.11787 0.3672441 -0.9226258 -0.1185705 0.3029382 -0.9456054 -0.1238188 0.272171 -0.9542495 -0.1247563 0.2512797 -0.9598408 -0.1308852 0.2052875 -0.9699105 -0.1319798 0.2179712 -0.9669902 -0.1310949 0.1701751 -0.9766548 -0.10953 0.3148888 -0.9427875 -0.111292 0.3450706 -0.9319553 -0.110979 0.3833624 -0.9169062 -0.1119661 0.3863119 -0.9155472 -0.06356811 0.7616414 -0.6448734 -0.05159801 0.8209463 -0.5686693 -0.05252653 0.7957016 -0.603407 -0.0563358 0.7776221 -0.6262032 -0.0565235 0.8849864 -0.4621734 -0.05549103 0.8732171 -0.4841619 -0.05619144 0.8644381 -0.4995892 -0.0564267 0.9800679 -0.1904808 -0.05460786 0.9769955 -0.2061503 -0.05436325 0.96665 -0.2502652 -0.05292654 0.9638626 -0.2610893 -0.05354189 0.9572144 -0.2843835 -0.05346918 0.9517931 -0.302045 -0.05521339 0.9378786 -0.3425424 -0.05334138 0.9345853 -0.3517172 -0.05375963 0.9102509 -0.4105526 -0.05393368 0.9112043 -0.4084088 -0.05441051 0.8927953 -0.4471645 -0.09313011 0.4986837 -0.8617664 -0.08973646 0.4911279 -0.8664531 -0.05932724 0.7499965 -0.6587758 -0.05943739 0.7032816 -0.7084224 -0.07203131 0.6802534 -0.7294291 -0.06510788 0.6396571 -0.765898 -0.0821858 0.5895848 -0.8035144 -0.08312064 0.5925118 -0.801262 -0.07877123 0.5577844 -0.8262395 -0.1116489 0.4292865 -0.8962408 -0.05673408 0.851638 -0.5210508 -0.06017661 0.8383892 -0.5417402 -0.07099592 0.8269956 -0.5577078 -0.06930088 0.7614254 -0.6445376 -0.08655768 0.7381228 -0.6690909 -0.07357418 0.6801983 -0.7293265 -0.08623468 0.6538876 -0.7516613 -0.1020255 0.4906966 -0.8653368 -0.09885215 0.4834977 -0.8697461 -0.09720712 0.5889858 -0.8022758 -0.07323217 0.551034 -0.8312633 -0.08729183 0.6002258 -0.795053 -0.1128817 0.9767327 -0.1823481 -0.1207418 0.9580244 -0.2600207 -0.1253299 0.9757033 -0.1797094 0.04372483 -0.8433731 0.5355464 -0.1251246 -0.8761783 0.4654628 -0.09571957 -0.8869285 0.4518803 -0.1010513 -0.8756662 0.4722262 0.02763104 -0.9080657 0.4179152 0.05380612 -0.7517746 0.6572214 -0.0236597 -0.801124 0.5980305 -0.02338379 -0.7926353 0.6092475 -0.07046705 -0.8522288 0.5184019 -0.07348167 -0.810626 0.5809354 0.03750872 -0.8435096 0.5358028 -0.03575396 -0.8803378 0.4729977 -0.08429324 -0.8511468 0.5181159 -0.08481359 -0.8699406 0.4858089 -0.07545316 -0.8707025 0.4859877 -0.1109571 -0.8476353 0.5188477 0.9996913 -0.002036035 -0.02476668 0.9996913 -0.002043187 -0.02476066 0.9996901 -0.001834034 -0.02482575 0.9996912 -0.002032101 -0.02477014 0.9996915 -0.002083957 -0.02475202 0.9996914 -0.002038598 -0.02476096 0.9996913 -0.002045392 -0.02476644 0.9996921 -0.002036035 -0.02472907 0.9996911 -0.002048194 -0.02476972 0.9996912 -0.002048194 -0.02476876 0.9996916 -0.002049326 -0.02475392 0.9996908 -0.002016603 -0.02478438 0.9996911 -0.00202471 -0.02477222 0.9996908 -0.002052783 -0.02478134 0.9996924 -0.001986324 -0.02472019 0.9996917 -0.002003788 -0.02475118 0.9996913 -0.002036392 -0.0247628 0.9996913 -0.002043366 -0.02476495 0.9996913 -0.002043962 -0.02476471 0.9996913 -0.002039372 -0.02476274 0.9996913 -0.002039074 -0.02476191 0.9996914 -0.002035379 -0.02475941 0.9996908 -0.002052783 -0.02477973 0.9996913 -0.002038896 -0.02476364 0.9996914 -0.002035498 -0.02475577 0.9996913 -0.002040445 -0.02476596 0.9996913 -0.002040266 -0.0247634 0.9996914 -0.002038955 -0.02475875 0.9996914 -0.002039253 -0.0247578 0.9996911 -0.002042055 -0.02476996 0.9996903 -0.002037286 -0.0248034 0.9996913 -0.002040445 -0.02476572 0.9996921 -0.002050518 -0.02472871 0.9996919 -0.002048075 -0.02473843 0.9996911 -0.002040207 -0.02476924 0.9996908 -0.002090036 -0.024778 0.9996914 -0.002025067 -0.02475959 0.9996912 -0.002045512 -0.02476608 0.9996912 -0.002039611 -0.02476513 0.9996911 -0.002033948 -0.02477324 0.9996915 -0.00204873 -0.0247572 0.9996913 -0.002045989 -0.02476298 0.9996913 -0.002056121 -0.024764 0.9996913 -0.002048075 -0.02476459 0.9996913 -0.00203979 -0.02476465 0.9996907 -0.002053856 -0.0247876 0.9996917 -0.002032637 -0.02474987 0.9996913 -0.002066493 -0.02476203 0.9996914 -0.002026975 -0.02475851 0.9996913 -0.002040922 -0.02476197 0.9996908 -0.001989364 -0.02478426 0.9996912 -0.002037644 -0.02476751 0.9996913 -0.002040624 -0.02476406 0.9996912 -0.002044379 -0.02476739 0.9996912 -0.002047359 -0.02476722 0.9996912 -0.002040445 -0.0247668 0.9996919 -0.002077758 -0.02473878 0.9996912 -0.002033591 -0.02476888 0.9996786 -0.001354098 -0.02531486 0.9996786 -0.001354336 -0.02531498 0.9996786 -0.001354277 -0.02531486 0.9996947 -0.002136051 -0.02461659 0.9996896 -0.001975059 -0.0248391 0.9996917 -0.002025485 -0.02474886 0.9996915 -0.002033054 -0.02475601 0.9996908 -0.002054274 -0.0247783 0.9996912 -0.002040565 -0.02476555 0.9996914 -0.002037286 -0.02476167 0.9996914 -0.00203669 -0.02476036 0.9996903 -0.002006292 -0.02480727 0.9996917 -0.002059519 -0.02474766 0.999691 -0.002031922 -0.02477335 0.9996912 -0.002035439 -0.02476853 0.999691 -0.00202316 -0.02477592 0.9996914 -0.002044796 -0.02475953 0.9996908 -0.002249002 -0.02476501 0.9996913 -0.002042174 -0.02476537 0.9996911 -0.002038717 -0.02476924 0.9996913 -0.002035975 -0.02476114 0.9996911 -0.00204575 -0.02476745 0.9996911 -0.002045571 -0.02476739 0.9996912 -0.002049207 -0.02476811 0.9996913 -0.002042293 -0.02476221 0.9996911 -0.002044558 -0.02477335 0.9996912 -0.002032577 -0.0247668 0.9996931 -0.002020239 -0.02469366 0.999691 -0.002040147 -0.02477467 0.9996908 -0.002038717 -0.02478092 0.9996911 -0.002039849 -0.02476847 0.9996916 -0.00204426 -0.02475523 0.9996914 -0.002043604 -0.02475607 0.999691 -0.002034127 -0.02477437 0.999691 -0.002040207 -0.024773 0.9996911 -0.002037167 -0.02476978 0.9996903 -0.001974582 -0.02480739 0.9996902 -0.00199753 -0.02481281 0.9996912 -0.00204432 -0.02476483 0.9996912 -0.002041161 -0.02476441 0.9996904 -0.002039134 -0.0248003 0.9996926 -0.002064406 -0.02470469 0.9996912 -0.002040982 -0.02476549 0.9996913 -0.00203973 -0.02476334 0.9996912 -0.002039432 -0.02476739 0.9996903 -0.002065002 -0.02479863 0.9997007 -0.001802682 -0.02440023 0.9996914 -0.002099752 -0.02475368 0.9996911 -0.002123832 -0.02476245 0.999691 -0.00211054 -0.02476811 0.9996907 -0.002207696 -0.02477556 0.9996913 -0.002028286 -0.02476507 0.9996913 -0.001989543 -0.02476787 0.9996913 -0.00200051 -0.02476704 0.9996913 -0.002032995 -0.02476406 0.9996911 -0.002052187 -0.0247718 0.9996916 -0.00202161 -0.0247516 0.9996914 -0.002030611 -0.02475655 0.9996914 -0.002048611 -0.02475845 0.9996914 -0.002051234 -0.02476042 0.9996911 -0.00203371 -0.02476912 0.9996914 -0.00208193 -0.024755 0.9996913 -0.00206983 -0.02475827 0.9996914 -0.00206983 -0.02475833 0.9996913 -0.00206983 -0.02475833 0.9996912 -0.002040386 -0.02476549 0.9996899 -0.001570045 -0.02485299 0.9996899 -0.001570045 -0.02485305 0.9996899 -0.001570045 -0.02485305 0.9996913 -0.002042293 -0.02476447 0.9996913 -0.002064228 -0.02476203 0.9996914 -0.002030611 -0.02476143 0.9996913 -0.002043068 -0.02476578 0.9996913 -0.002044796 -0.02476453 0.9996913 -0.002050518 -0.02476531 0.9996912 -0.002052128 -0.02476787 0.9996913 -0.002037584 -0.02476137 0.9996907 -0.002059161 -0.02478474 0.9996909 -0.002053141 -0.02477818 0.999691 -0.002050578 -0.02477484 0.9996907 -0.002062976 -0.02478796 0.9996914 -0.002035856 -0.02475905 0.9996929 -0.002000927 -0.02470099 0.9996912 -0.002041041 -0.02476561 0.9996914 -0.002036511 -0.02475517 0.9996913 -0.002040803 -0.02476435 0.999691 -0.002043008 -0.02477347 0.9996927 -0.002010405 -0.02470797 0.9996914 -0.002037167 -0.02475959 0.9996919 -0.002014279 -0.02474254 0.9996911 -0.00204432 -0.02476906 0.9996917 -0.002030014 -0.02474856 0.9996917 -0.002023816 -0.02474611 0.9996914 -0.002009809 -0.02476447 0.9996911 -0.002057075 -0.02476614 0.9996913 -0.002041816 -0.024764 0.9996919 -0.002032041 -0.02474063 0.9996909 -0.002051711 -0.02477687 0.9996911 -0.002043843 -0.02477025 0.9996909 -0.002058804 -0.0247761 0.9996914 -0.002034127 -0.0247628 0.9996913 -0.002027273 -0.0247637 0.9996913 -0.002042949 -0.02476429 0.9996914 -0.002052843 -0.02475816 0.9996911 -0.002035915 -0.02477031 0.9996914 -0.002040565 -0.02476114 0.9996913 -0.002021968 -0.02476513 0.9996912 -0.002039849 -0.0247671 0.9996913 -0.002044916 -0.02476477 0.9996913 -0.002051472 -0.02476346 0.9996892 -0.001986742 -0.02485209 0.9996892 -0.001986742 -0.02485203 0.9996892 -0.001986801 -0.02485209 0.9996916 -0.002081632 -0.02474641 0.9996913 -0.002052247 -0.02476203 0.9996913 -0.002060174 -0.02475905 0.9996911 -0.00199455 -0.02477777 0.9996913 -0.002040743 -0.02476453 0.9996913 -0.00204575 -0.02476418 0.9996917 -0.002361357 -0.02471834 0.9996917 -0.002361357 -0.02471828 0.9996917 -0.002361357 -0.02471834 0.9996899 -0.0020473 -0.02481883 0.9996899 -0.0020473 -0.02481889 0.9996899 -0.0020473 -0.02481889 0.9996911 -0.002115726 -0.024764 0.999691 -0.002014338 -0.0247758 0.9996911 -0.002014338 -0.0247758 0.9996911 -0.002014338 -0.0247758 0.9996911 -0.001947939 -0.02477461 0.9996912 -0.001947939 -0.02477467 0.9996912 -0.001947939 -0.02477467 0.9996911 -0.002120912 -0.02476376 0.9996911 -0.002120912 -0.02476376 0.9996911 -0.002120912 -0.02476376 0.999692 -0.001915991 -0.0247451 0.9996911 -0.00208342 -0.02476978 0.999691 -0.002074897 -0.02477234 0.9996914 -0.002026081 -0.02476114 0.9996912 -0.00202775 -0.02476984 0.9996914 -0.002010703 -0.02475947 0.9996914 -0.002014458 -0.02476489 -0.1191173 -0.9625872 0.2433868 -0.1196181 0.971761 -0.2034012 -0.1157523 0.9657649 -0.2321625 -0.1203831 0.9586274 -0.2579564 -0.1186918 0.9486868 -0.2930966 -0.1202142 0.8475629 -0.5169004 -0.1160183 0.8669191 -0.4847588 -0.1169791 0.8692395 -0.4803526 -0.1202065 0.8883166 -0.44322 -0.1163678 0.9074868 -0.4036414 -0.1160711 0.9069611 -0.4049064 -0.1230111 0.9338613 -0.3358146 -0.1194443 0.929776 -0.3482096 -0.1191336 0.9468513 -0.2987974 -0.1168616 0.8172116 -0.5643658 -0.1177006 0.8189304 -0.5616936 -0.1195319 0.7919393 -0.5987857 -0.1183298 0.7741895 -0.6217947 -0.1188195 0.7761071 -0.6193057 -0.119763 0.7467127 -0.654276 -0.1198117 0.7469305 -0.6540183 -0.1182038 0.7003778 -0.7039169 -0.1194037 0.7030585 -0.701036 -0.1190599 0.6371839 -0.7614601 -0.1186712 0.6361778 -0.7623615 -0.1195729 0.5907863 -0.7979185 -0.1191484 0.5872302 -0.8006026 -0.119746 0.556029 -0.8224917 -0.1185889 0.5500528 -0.8266673 -0.1205275 0.4975486 -0.859022 -0.1160132 0.4059184 -0.906516 -0.1207091 0.4296943 -0.8948699 -0.1192389 0.4564836 -0.8817057 -0.1201633 0.4963112 -0.8597884 -0.1160659 0.1450302 -0.982596 -0.1206985 0.1703365 -0.977966 -0.1187817 0.2100591 -0.9704464 -0.1195381 0.218227 -0.9685493 -0.1192246 0.2542188 -0.95977 -0.1187681 0.2514176 -0.9605641 -0.12062 0.321273 -0.9392734 -0.1142144 0.303054 -0.9461044 -0.1213109 0.3671261 -0.9222267 -0.1196385 -0.3514987 -0.9285124 -0.1176936 -0.3595476 -0.9256749 -0.1210531 -0.2952726 -0.9477132 -0.1194389 -0.3021453 -0.9457497 -0.1193286 -0.2363862 -0.9643041 -0.1193241 -0.2364065 -0.9642997 -0.1194596 -0.1745631 -0.9773727 -0.120437 -0.1695287 -0.9781386 -0.118436 -0.1140488 -0.9863903 -0.1206611 -0.101869 -0.9874532 -0.1183354 -0.05102372 -0.9916619 -0.1210693 -0.0337333 -0.9920707 -0.1191443 -0.005586445 -0.9928613 -0.1202766 0.03456431 -0.9921386 -0.1162774 0.05463439 -0.9917131 -0.1198208 0.08793348 -0.9888937 -0.1189839 0.1219062 -0.9853841 -0.1186524 -0.5824718 -0.8041444 -0.1171633 -0.5708855 -0.8126269 -0.1211861 -0.5476929 -0.8278566 -0.1182568 -0.5179591 -0.8471918 -0.1192643 -0.5085892 -0.8527093 -0.1197369 -0.4647555 -0.8773058 -0.1158008 -0.4791032 -0.8700863 -0.1234599 -0.4078571 -0.9046604 -0.1168636 -0.4291307 -0.8956505 -0.1193718 -0.3911479 -0.9125534 -0.1210011 -0.6205503 -0.7747749 -0.121271 -0.6195722 -0.7755151 -0.1168584 -0.676195 -0.7273957 -0.1199483 -0.6677731 -0.7346371 -0.11917 -0.7067518 -0.6973525 -0.1185649 -0.7118384 -0.6922633 -0.1214228 -0.7426081 -0.6586272 -0.117524 -0.7545236 -0.6456643 -0.1211419 -0.796392 -0.5925237 -0.1226278 -0.7923821 -0.5975726 -0.1146587 -0.8391648 -0.5316539 -0.1201469 -0.8290774 -0.5460728 -0.1190233 -0.8608654 -0.4947165 -0.1189567 -0.8612194 -0.4941158 -0.1201981 -0.8861585 -0.4475215 -0.1175045 -0.8910507 -0.4384307 -0.1207782 -0.9212402 -0.3697692 -0.1240909 -0.9156445 -0.3823568 -0.1120947 -0.9469351 -0.3012458 -0.1202957 -0.9385356 -0.323543 -0.118867 -0.9582659 -0.2599946 -0.1194412 -0.9567422 -0.2652888 -0.1185048 -0.9711574 -0.2069057 -0.1175705 -0.9719079 -0.2038926 -0.1193146 -0.9804708 -0.1563369 -0.1181818 -0.9864245 -0.1140179 -0.1256591 -0.9816493 -0.1434379 -0.1091816 -0.9927002 -0.05124115 -0.1170054 -0.9905266 -0.07188105 -0.1194338 -0.9928066 -0.008419752 -0.1163427 -0.99208 0.0473476 -0.1154111 -0.9920547 0.05007886 -0.1188825 -0.9881154 0.09744203 -0.1184992 -0.9780629 0.1713214 -0.1059408 -0.9736689 0.2018551 -0.1196864 -0.9829344 0.1396971 -0.1257309 -0.8885864 0.4411417 -0.1137024 -0.9475923 0.2985642 -0.1171157 -0.9498718 0.289875 -0.1201322 -0.9178073 0.3784155 -0.1130568 -0.907679 0.4041497 -0.1138952 -0.9054054 0.4089854 0.03698754 -0.05146813 -0.9979895 0.0426948 -0.03673672 -0.9984126 0.03699487 -0.005920112 -0.9992979 0.03709757 0.05404388 -0.9978492 0.0368669 0.05444759 -0.9978359 0.0372743 0.1443922 -0.9888183 0.03689026 0.1450636 -0.9887344 0.03736644 0.2103011 -0.9769224 0.04381614 0.2334893 -0.9713717 0.037171 0.2546111 -0.966329 0.03775811 0.3207948 -0.9463958 0.03708338 0.3219238 -0.946039 0.03806722 0.4054136 -0.9133404 0.03726261 0.4067125 -0.912796 0.03803008 0.4575799 -0.8883548 0.04311543 0.4865906 -0.8725656 0.03767019 0.4976403 -0.8665652 0.03861606 0.5515217 -0.8332663 0.04448306 0.5638184 -0.8247001 0.03828048 0.5889342 -0.8072739 0.03924953 0.636586 -0.7702064 0.03810393 0.6381324 -0.7689833 0.03972494 0.7039498 -0.709138 0.03849393 0.7054738 -0.70769 0.03979587 0.7496418 -0.6606463 0.04651963 0.7653072 -0.641982 0.03936403 0.778993 -0.6257958 0.04080325 0.8207406 -0.5698422 0.03942859 0.8220928 -0.5679866 0.04139328 0.8691748 -0.4927695 0.03996789 0.870383 -0.4907504 0.04201501 0.9104021 -0.4115856 0.04187077 0.9705316 -0.2373086 0.04335957 0.9699095 -0.239574 0.04189938 0.9534401 -0.298658 0.0489037 0.9438105 -0.3268493 0.04231661 0.9388088 -0.3418294 0.04055362 0.9114345 -0.409442 0.04317504 0.9813275 -0.1874361 0.04430639 0.9831587 -0.1773024 0.05034726 0.9884005 -0.1432821 0.05304604 0.134202 0.9895333 0.0531755 0.1343331 0.9895085 0.05290102 0.2374001 0.9699705 0.05320614 0.2377064 0.9698787 0.0526641 0.3379814 0.9396781 0.05312937 0.3384346 0.939489 0.05232173 0.4348078 0.899002 0.05296248 0.4354069 0.8986744 0.05190294 0.5268452 0.8483752 0.05269443 0.5275497 0.8478884 0.05139315 0.6130473 0.7883729 0.05232197 0.6138229 0.7877081 0.05079746 0.6924721 0.7196542 0.05186742 0.6932947 0.7187854 0.05013388 0.7642493 0.6429694 0.05130016 0.7650573 0.6419156 0.04937535 0.8275704 0.5591863 0.05065399 0.8283455 0.557923 0.04856336 0.8817471 0.4692159 0.04992109 0.8824414 0.467766 0.04768645 0.9261748 0.3740674 0.04911339 0.9267547 0.3724427 0.04675894 0.9603718 0.2747718 0.0482335 0.9608027 0.273005 0.04578548 0.9839541 0.1724472 0.04729568 0.9842113 0.1705613 0.04478144 0.9966647 0.06822156 0.0463041 0.9967273 0.0662626 0.04444622 0.9989565 -0.01051443 0.05493086 0.9977382 -0.03874474 0.04471832 0.9970106 -0.06300991 0.04299318 0.9904349 -0.1311122 0.05095869 -0.6635268 0.746415 0.04927891 -0.6645528 0.7456147 0.05174785 -0.5469798 0.8355449 0.05032598 -0.5479232 0.8350136 0.05236709 -0.4186321 0.9066449 0.05123412 -0.4194277 0.9063418 0.05280089 -0.2812463 0.958182 0.051988 -0.2818375 0.9580527 0.0530529 -0.1377931 0.9890391 0.05256688 -0.1381508 0.9890152 0.05310344 0.008633553 0.9985518 0.05297583 0.008538246 0.9985594 0.04952555 -0.7223353 0.6897674 0.0551083 -0.7517384 0.6571549 0.07105761 -0.7657288 0.6392264 0.04878681 -0.8537409 0.5184075 0.05191963 -0.8522064 0.5206235 0.04846078 -0.8133884 0.5796989 0.04917532 -0.7928141 0.6074765 0.04631149 -0.9061174 0.4204837 0.0334987 -0.9144239 0.4033694 0.04670274 -0.9302436 0.3639585 0.04574376 -0.9441106 0.3264397 0.02681696 -0.9623198 0.2705948 0.0440545 -0.9566664 0.2878347 0.04583442 -0.9804483 0.1913648 0.03152459 -0.9851508 0.1687727 0.0446546 -0.9907651 0.128026 0.02954983 -0.9966734 -0.07595479 0.04434609 -0.9977989 -0.04930269 0.04115891 -0.9980713 0.04647207 0.02699798 -0.9991669 0.03060817 0.04365456 -0.9951643 0.08799076 0.03307622 -0.8330116 -0.5522659 0.04482924 -0.8517359 -0.5220502 0.03933686 -0.8650846 -0.5000813 0.03996962 -0.876298 -0.4801087 0.0364741 -0.8952103 -0.4441488 0.04063504 -0.8984562 -0.437179 0.04020881 -0.9206241 -0.3883741 0.04018747 -0.9205865 -0.3884656 0.0415591 -0.9433731 -0.3291202 0.02510833 -0.9358127 -0.3516023 0.05253851 -0.9612302 -0.2706963 0.04305344 -0.9565127 -0.2884962 0.03910315 -0.977171 -0.2088253 0.03778523 -0.9768067 -0.2107632 0.04352682 -0.9879512 -0.1485189 0.04176795 -0.9869729 -0.1553701 0.04276758 -0.9925176 -0.1143671 0.03356337 -0.4665297 -0.8838685 0.04263901 -0.4991462 -0.8654682 0.0362342 -0.5197979 -0.8535206 0.03765559 -0.5371862 -0.8426229 0.03813272 -0.5728241 -0.8187909 0.03670752 -0.570479 -0.8204916 0.03875809 -0.6219697 -0.7820816 0.04281455 -0.6309766 -0.7746196 0.03364545 -0.6705187 -0.7411294 0.03258711 -0.6682041 -0.743264 0.04714184 -0.7142049 -0.6983474 0.03882229 -0.7031533 -0.7099776 0.03829395 -0.7574521 -0.6517668 0.03842699 -0.7576074 -0.6515785 0.03919625 -0.7959743 -0.6040601 0.0387476 -0.7950204 -0.6053439 0.03950387 -0.8186028 -0.573 0.03514128 -0.3391815 -0.9400644 0.03751307 -0.3844345 -0.9223898 0.03592944 -0.4095216 -0.9115926 0.0371831 -0.4132599 -0.9098536 0.03754788 -0.4492927 -0.8925952 0.03698462 -0.1146516 -0.9927171 0.03662645 -0.1137902 -0.9928295 0.03734546 -0.1753369 -0.9837999 0.04091191 -0.1847171 -0.9819399 0.0338515 -0.2373666 -0.9708302 0.04191893 -0.2625901 -0.9639965 0.03497773 -0.2964668 -0.9544025 0.04325461 -0.3526666 -0.9347488 0 0.9971995 0.07478749 0 0.9252842 0.3792746 0 0.925284 0.3792749 0 0.7627899 0.6466465 0 0.7627903 0.6466461 0 0.5256327 0.8507117 0 0.5256329 0.8507116 0 0.2370231 0.9715041 0 0.2370231 0.971504 0 -0.07478725 0.9971995 0 -0.3792839 0.9252803 0 -0.379284 0.9252803 0 -0.6466425 0.7627932 0 -0.8507117 0.5256327 0 -0.9715058 0.237016 0 -0.9715058 0.2370157 0 -0.9971995 -0.07478708 0 -0.9971995 -0.07478749 0 -0.9252842 -0.3792746 0 -0.925284 -0.3792749 0 -0.7627899 -0.6466465 0 -0.7627903 -0.6466461 0 -0.5256327 -0.8507117 0 -0.5256329 -0.8507116 0 -0.2370231 -0.9715041 0 -0.2370231 -0.971504 0 0.07478725 -0.9971995 0 0.3792839 -0.9252803 0 0.379284 -0.9252803 0 0.6466425 -0.7627932 0 0.8507117 -0.5256327 0 0.9715058 -0.237016 0 0.9715058 -0.2370157 0 0.9971995 0.07478708 1 -7.16398e-7 0 1 5.57485e-7 0 1 -1.88289e-7 0 1 0 0 1 2.50824e-7 0 1 -2.1611e-7 0 1 0 0 1 1.25654e-7 0 1 0 0 1 3.01551e-7 0 1 0 0 1 0 0 1 -2.3945e-7 0 1 0 0 1 2.50409e-7 0 1 -2.48006e-7 0 1 0 0 1 3.1788e-7 0 1 -1.24101e-7 0 1 2.83041e-7 0 1 -5.07344e-7 0 1 5.24105e-7 0 1 1.42303e-7 0 1 -2.47181e-7 0 1 1.42708e-7 0 1 -7.29124e-7 0 1 2.85189e-7 0 1 -2.14427e-7 0 1 -1.41541e-7 0 1 0 0 1 1.41531e-7 0 1 -1.2367e-7 0 1 -2.62309e-7 0 1 0 0 1 0 0 1 -4.07561e-7 0 1 5.17234e-7 0 1 0 0 1 0 0 1 1.27263e-7 0 1 1.23399e-7 0 1 -1.37669e-7 0 1 0 0 1 0 0 1 -1.55192e-7 0 1 3.11583e-7 0 1 -1.41621e-7 0 1 0 0 1 -1.35594e-7 0 1 0 0 1 1.23595e-7 0 1 -2.16149e-7 0 1 0 0</float_array>
          <technique_common>
            <accessor source="#link_2-mesh-normals-array" count="9542" stride="3">
              <param name="X" type="float"/>
              <param name="Y" type="float"/>
              <param name="Z" type="float"/>
            </accessor>
          </technique_common>
        </source>
        <vertices id="link_2-mesh-vertices">
          <input semantic="POSITION" source="#link_2-mesh-positions"/>
        </vertices>
        <triangles count="9130">
          <input semantic="VERTEX" source="#link_2-mesh-vertices" offset="0"/>
          <input semantic="NORMAL" source="#link_2-mesh-normals" offset="1"/>
          <p>0 0 1 0 2 0 3 1 0 1 4 1 4 2 0 2 2 2 4 3 2 3 5 3 5 4 2 4 6 4 5 5 6 6 7 7 7 8 6 8 8 8 5 9 7 9 9 9 10 10 4 10 11 10 11 11 4 11 5 11 11 12 5 12 12 12 12 13 5 14 9 15 12 16 9 16 13 16 9 17 14 18 15 19 13 20 9 20 16 20 16 21 9 21 15 21 16 22 15 22 17 22 17 23 15 23 18 23 17 24 18 24 19 24 20 25 21 25 22 25 23 26 6 26 24 26 24 27 6 27 2 27 23 28 25 28 6 28 6 29 25 29 22 29 6 30 22 30 8 30 26 31 27 31 28 31 28 32 27 32 20 32 28 33 20 33 29 33 29 34 20 34 22 34 29 35 22 35 30 35 30 36 22 37 25 38 31 39 32 39 33 39 34 40 31 40 35 40 35 41 31 41 33 41 35 42 33 42 36 42 36 43 33 44 37 43 36 45 37 46 38 47 38 48 37 48 39 48 40 49 21 49 20 49 41 50 42 50 43 50 44 51 41 51 27 51 27 52 41 52 43 52 27 53 43 53 20 53 20 54 43 54 45 54 20 55 45 55 40 55 36 56 38 57 46 58 47 59 35 59 48 59 48 60 35 61 36 62 48 63 36 63 49 63 49 64 36 65 46 66 49 67 46 67 50 67 46 68 40 69 45 70 50 71 46 71 51 71 51 72 46 72 45 72 51 73 45 73 52 73 52 74 45 75 43 76 52 77 43 78 53 79 14 80 54 80 55 80 56 81 57 81 18 81 58 82 56 83 59 84 59 85 56 85 18 85 59 86 18 86 55 86 55 87 18 88 15 89 55 90 15 90 14 90 7 91 8 91 9 91 9 92 8 92 22 92 38 93 39 94 46 95 46 96 39 96 60 96 54 97 14 97 60 97 60 98 14 98 9 98 60 99 9 99 46 99 46 100 9 100 22 100 46 101 22 101 40 101 40 98 22 98 21 98 61 102 62 102 63 102 64 103 61 103 65 103 65 104 61 104 63 104 65 105 63 105 66 105 66 106 63 106 67 106 66 107 67 107 68 107 68 108 67 108 69 108 66 109 68 109 70 109 71 110 65 111 72 112 72 113 65 113 66 113 72 114 66 114 73 114 73 115 66 115 70 115 73 116 70 116 74 116 70 117 75 118 76 119 74 120 70 120 77 120 77 121 70 121 76 121 77 122 76 123 78 124 78 125 76 125 79 125 78 126 79 126 80 126 81 127 82 128 83 129 84 130 67 130 85 130 85 131 67 131 63 131 84 132 86 133 67 134 67 135 86 135 83 135 67 136 83 136 69 136 87 137 88 137 89 137 89 138 88 138 81 138 89 139 81 140 90 141 90 142 81 142 83 142 90 143 83 143 91 143 91 144 83 144 86 144 92 145 93 145 94 145 95 146 92 147 96 148 96 149 92 149 94 149 96 150 94 150 97 150 97 151 94 151 98 151 97 152 98 152 99 152 99 153 98 153 100 153 101 154 82 154 81 154 102 155 103 155 104 155 105 156 102 156 88 156 88 157 102 157 104 157 88 158 104 158 81 158 81 159 104 159 106 159 81 160 106 161 101 162 97 163 99 164 107 165 108 166 96 166 109 166 109 167 96 167 97 167 109 168 97 168 110 168 110 169 97 169 107 169 110 170 107 170 111 170 107 171 101 171 106 171 111 172 107 173 112 174 112 175 107 175 106 175 112 176 106 177 113 178 113 179 106 179 104 179 113 180 104 180 114 180 115 181 116 181 79 181 117 182 115 182 118 182 118 183 115 183 79 183 118 184 79 184 119 184 119 185 79 186 76 187 119 188 76 189 120 190 120 191 76 191 75 191 99 98 100 98 107 98 107 192 100 192 121 192 68 98 69 98 70 98 70 193 69 193 83 193 120 98 75 98 121 98 121 194 75 194 70 194 121 98 70 98 107 98 107 195 70 195 83 195 107 196 83 196 101 196 101 98 83 98 82 98 122 197 123 198 124 199 125 200 126 200 127 200 128 201 125 201 129 201 129 202 125 202 127 202 129 203 127 204 124 205 124 206 127 206 130 206 124 207 130 207 122 207 124 208 123 208 131 208 132 209 129 209 133 209 133 210 129 210 124 210 133 211 124 211 134 211 134 212 124 212 131 212 134 213 131 213 135 213 131 214 136 215 137 216 135 217 131 217 138 217 138 218 131 218 137 218 138 219 137 220 139 221 139 222 137 222 140 222 139 223 140 223 141 223 142 224 143 224 144 224 145 225 130 225 146 225 146 226 130 226 127 226 145 227 147 227 130 227 130 228 147 228 144 229 130 230 144 230 122 230 148 231 149 232 150 233 150 234 149 234 142 234 150 235 142 236 151 237 151 238 142 239 144 240 151 241 144 241 152 241 152 242 144 242 147 242 153 243 154 243 155 243 156 244 153 244 157 244 157 245 153 246 155 245 157 247 155 248 158 249 158 250 155 251 159 252 158 253 159 253 160 253 160 254 159 254 161 254 162 255 143 255 142 255 163 256 164 256 165 256 166 257 163 258 149 259 149 260 163 260 165 260 149 261 165 261 142 261 142 262 165 262 167 262 142 263 167 263 162 263 158 264 160 265 168 266 169 267 157 267 170 267 170 268 157 268 158 268 170 269 158 270 171 271 171 272 158 272 168 272 171 273 168 273 172 273 168 274 162 275 167 276 172 277 168 278 173 279 173 280 168 280 167 280 173 281 167 282 174 283 174 284 167 284 165 284 174 285 165 285 175 285 136 286 176 286 177 286 178 287 179 288 140 289 180 290 178 290 181 290 181 291 178 291 140 291 181 292 140 292 177 292 177 293 140 293 137 293 177 294 137 294 136 294 144 98 143 98 162 98 182 295 176 295 136 295 160 98 161 98 168 98 168 296 161 296 182 296 168 297 182 297 131 297 131 98 182 98 136 98 123 298 122 298 131 298 131 98 122 98 144 98 131 299 144 299 168 299 168 300 144 300 162 300 183 301 184 301 185 301 186 302 183 303 187 304 187 305 183 305 185 305 187 306 185 306 188 306 188 307 185 307 189 307 188 308 189 308 190 308 190 309 189 309 191 309 188 310 190 310 192 310 192 311 193 311 194 311 195 312 187 312 196 312 196 313 187 313 188 313 196 314 188 314 197 314 197 315 188 315 192 315 197 316 192 316 198 316 198 317 192 317 194 317 198 318 194 318 199 318 199 319 194 320 200 321 199 322 200 322 201 322 202 323 203 324 204 325 205 326 189 326 206 326 206 327 189 328 185 329 205 330 207 331 189 332 189 333 207 333 204 333 189 334 204 334 191 334 208 335 209 336 210 337 210 338 209 338 202 338 210 339 202 340 211 339 211 341 202 342 204 343 211 344 204 344 212 344 212 345 204 345 207 345 213 346 214 346 215 346 216 347 213 347 217 347 217 348 213 348 215 348 217 349 215 349 218 349 218 350 215 350 219 350 218 351 219 351 220 351 220 352 219 353 221 353 222 354 203 354 202 354 223 355 224 355 225 355 226 356 223 356 209 356 209 357 223 357 225 357 209 358 225 358 202 358 202 359 225 359 227 359 202 360 227 360 222 360 218 361 220 362 228 363 229 364 217 364 230 364 230 365 217 366 218 367 230 368 218 368 231 368 231 369 218 369 228 369 231 370 228 370 232 370 228 371 222 372 227 373 232 374 228 375 233 376 233 377 228 377 227 377 233 378 227 378 234 378 234 379 227 379 225 379 234 380 225 380 235 380 236 381 237 381 200 381 238 382 236 382 239 382 239 383 236 383 200 383 239 384 200 384 240 384 240 385 200 385 194 385 240 386 194 386 241 386 241 387 194 387 193 387 241 98 193 98 242 98 242 388 193 388 192 388 203 98 222 98 204 98 204 389 222 389 228 389 190 390 191 390 192 390 192 391 191 392 204 393 192 98 204 98 242 98 242 394 204 394 228 394 242 395 228 395 221 395 221 396 228 396 220 396 243 397 244 397 245 397 246 398 243 399 247 400 247 401 243 401 245 401 247 402 245 402 248 402 248 403 245 403 249 403 248 404 249 405 250 406 250 407 249 407 251 407 248 408 250 409 252 410 253 411 247 411 254 411 254 412 247 413 248 414 254 415 248 415 255 415 255 416 248 416 252 416 255 417 252 417 256 417 252 418 257 418 258 419 256 420 252 421 259 422 259 423 252 423 258 423 259 424 258 424 260 424 260 425 258 426 261 427 260 126 261 126 262 126 263 428 264 428 265 428 266 429 249 429 267 429 267 430 249 430 245 430 266 431 268 431 249 431 249 432 268 433 265 434 249 435 265 436 251 437 269 438 270 439 271 440 271 441 270 441 263 441 271 442 263 443 272 444 272 445 263 445 265 445 272 446 265 446 273 446 273 447 265 447 268 447 274 448 275 448 276 448 277 449 274 449 278 449 278 450 274 450 276 450 278 451 276 452 279 453 279 454 276 454 280 454 279 455 280 455 281 455 281 456 280 456 282 456 283 457 264 457 263 457 284 458 285 458 286 458 287 459 284 459 270 459 270 460 284 460 286 460 270 461 286 462 263 463 263 464 286 464 288 464 263 465 288 465 283 465 279 466 281 467 289 468 290 469 278 469 291 469 291 470 278 471 279 472 291 473 279 473 292 473 292 474 279 474 289 474 292 475 289 475 293 475 289 476 283 477 288 478 293 479 289 479 294 479 294 480 289 480 288 480 294 481 288 482 295 483 295 484 288 484 286 484 295 485 286 485 296 485 297 486 298 486 261 486 299 487 297 487 300 487 300 488 297 488 261 488 300 489 261 489 301 489 301 490 261 490 258 490 301 491 258 491 302 491 302 492 258 492 257 492 264 493 283 493 265 493 265 494 283 494 289 494 302 495 257 495 303 495 303 496 257 496 252 496 281 98 282 98 289 98 289 497 282 497 303 497 289 498 303 498 265 498 265 499 303 499 252 499 265 98 252 98 251 98 251 500 252 500 250 500 24 501 2 501 1 501 4 502 10 502 3 502 19 503 18 503 57 503 27 504 26 504 44 504 304 505 33 505 32 505 35 506 47 506 34 506 53 507 43 507 42 507 59 508 305 508 58 508 55 509 54 510 60 511 33 512 304 513 37 514 37 515 304 516 306 517 60 518 39 518 37 518 306 519 307 520 37 521 37 522 307 522 308 522 37 523 308 523 60 523 60 524 308 524 309 524 60 525 309 526 55 527 55 528 309 528 305 528 55 529 305 529 59 529 85 530 63 530 62 530 65 531 71 531 64 531 80 532 79 532 116 532 88 533 87 533 105 533 310 534 94 534 93 534 96 535 108 535 95 535 114 536 104 536 103 536 118 537 311 537 117 537 119 538 120 538 121 538 94 539 310 539 98 539 98 540 310 540 312 540 121 541 100 542 98 543 312 544 313 544 98 544 98 545 313 545 314 545 98 546 314 546 121 546 121 547 314 547 315 547 121 548 315 548 119 548 119 549 315 549 311 549 119 550 311 550 118 550 146 551 127 551 126 551 129 552 132 552 128 552 141 553 140 553 179 553 149 554 148 554 166 554 316 555 155 555 154 555 157 556 169 556 156 556 175 557 165 557 164 557 181 558 317 558 180 558 177 559 176 560 182 561 155 562 316 562 159 562 159 563 316 563 318 563 182 564 161 564 159 564 318 565 319 565 159 565 159 566 319 566 320 566 159 567 320 568 182 569 182 570 320 570 321 570 182 571 321 571 177 571 177 572 321 572 317 572 177 573 317 574 181 575 206 576 185 576 184 576 187 577 195 577 186 577 201 578 200 578 237 578 209 579 208 579 226 579 322 580 215 580 214 580 217 581 229 581 216 581 235 582 225 582 224 582 239 583 323 583 238 583 240 584 241 584 242 584 215 585 322 585 219 585 219 586 322 587 324 588 242 589 221 590 219 591 324 592 325 592 219 592 219 593 325 593 326 593 219 594 326 595 242 596 242 597 326 597 327 597 242 598 327 599 240 600 240 601 327 601 323 601 240 602 323 602 239 602 267 603 245 603 244 603 247 604 253 604 246 604 262 605 261 605 298 605 270 606 269 606 287 606 328 607 276 607 275 607 278 608 290 608 277 608 296 609 286 609 285 609 300 610 329 610 299 610 301 611 302 611 303 611 276 539 328 539 280 539 280 612 328 613 330 614 303 615 282 616 280 617 330 618 331 619 280 620 280 621 331 621 332 621 280 622 332 622 303 622 303 623 332 623 333 623 303 624 333 624 301 624 301 625 333 625 329 625 301 626 329 627 300 628 334 629 41 629 335 629 335 630 41 630 44 630 335 631 44 631 336 631 44 632 26 632 336 632 336 633 26 633 28 633 336 634 28 634 29 634 29 635 30 635 336 635 336 636 30 636 25 636 336 637 25 637 23 637 23 638 24 638 336 638 336 639 24 639 1 639 336 640 1 640 337 640 337 641 1 641 0 641 337 642 0 642 338 642 338 643 0 644 3 645 338 646 3 646 339 646 3 647 10 647 339 647 339 648 10 649 11 650 339 651 11 651 12 651 12 652 13 652 339 652 339 653 13 653 16 653 339 654 16 654 17 654 56 655 340 655 57 655 57 656 340 656 339 656 57 657 339 657 19 657 19 658 339 658 17 658 340 659 56 659 341 659 341 660 56 661 58 662 341 663 58 663 305 663 305 664 309 664 341 664 341 665 309 665 308 665 341 666 308 666 307 666 307 667 306 667 341 667 341 668 306 668 304 668 341 669 304 669 342 669 342 670 304 670 32 670 342 671 32 671 343 671 343 672 32 672 31 672 343 673 31 673 344 673 344 674 31 674 34 674 344 675 34 675 345 675 34 676 47 676 345 676 345 677 47 677 48 677 345 678 48 678 49 678 49 679 50 679 345 679 345 680 50 680 51 680 345 681 51 681 52 681 41 682 334 682 42 682 42 683 334 683 345 683 42 684 345 684 53 684 53 685 345 685 52 685 346 686 102 686 347 686 347 687 102 688 105 689 347 690 105 690 348 690 105 691 87 691 348 691 348 692 87 692 89 692 348 693 89 693 90 693 90 694 91 695 348 696 348 697 91 697 86 697 348 698 86 698 84 698 84 699 85 699 348 699 348 700 85 700 62 700 348 701 62 701 349 701 349 702 62 702 61 702 349 703 61 703 350 703 350 704 61 704 64 704 350 705 64 705 351 705 64 706 71 706 351 706 351 707 71 707 72 707 351 708 72 708 73 708 73 709 74 709 351 709 351 710 74 710 77 710 351 711 77 711 78 711 115 712 352 712 116 712 116 713 352 713 351 713 116 714 351 714 80 714 80 715 351 715 78 715 352 716 115 716 353 716 353 717 115 717 117 717 353 718 117 718 311 718 311 719 315 719 353 719 353 720 315 720 314 720 353 721 314 721 313 721 313 722 312 723 353 724 353 725 312 725 310 725 353 726 310 726 354 726 354 727 310 727 93 727 354 728 93 728 355 728 355 729 93 729 92 729 355 730 92 730 356 730 356 731 92 731 95 731 356 732 95 732 357 732 95 733 108 733 357 733 357 734 108 734 109 734 357 735 109 736 110 737 110 738 111 738 357 738 357 739 111 740 112 741 357 742 112 743 113 744 102 745 346 745 103 745 103 746 346 746 357 746 103 747 357 747 114 747 114 748 357 748 113 748 358 749 163 749 359 749 359 750 163 750 166 750 359 751 166 751 360 751 166 752 148 752 360 752 360 753 148 753 150 753 360 754 150 754 151 755 151 756 152 756 360 756 360 757 152 758 147 759 360 760 147 760 145 760 145 761 146 761 360 761 360 762 146 762 126 762 360 763 126 763 361 763 361 764 126 764 125 764 361 765 125 765 362 765 362 766 125 766 128 766 362 767 128 767 363 767 128 768 132 768 363 768 363 769 132 769 133 769 363 770 133 771 134 772 134 773 135 773 363 773 363 774 135 775 138 776 363 777 138 777 139 777 178 778 364 778 179 778 179 779 364 779 363 779 179 780 363 780 141 780 141 781 363 781 139 781 364 782 178 782 365 782 365 783 178 783 180 783 365 784 180 784 317 784 317 785 321 785 365 785 365 786 321 786 320 786 365 787 320 787 319 787 319 788 318 789 365 790 365 791 318 792 316 793 365 794 316 794 366 794 366 795 316 795 154 795 366 796 154 796 367 796 367 797 154 798 153 799 367 800 153 800 368 800 368 801 153 802 156 803 368 804 156 804 369 804 156 805 169 805 369 805 369 806 169 806 170 806 369 807 170 808 171 809 171 810 172 810 369 810 369 811 172 812 173 813 369 814 173 814 174 814 163 815 358 815 164 815 164 816 358 816 369 816 164 817 369 817 175 817 175 818 369 818 174 818 370 819 223 819 371 819 371 820 223 821 226 822 371 823 226 823 372 823 226 824 208 824 372 824 372 825 208 826 210 827 372 828 210 829 211 830 211 831 212 831 372 831 372 832 212 833 207 834 372 835 207 835 205 835 205 836 206 836 372 836 372 837 206 837 184 837 372 838 184 838 373 838 373 839 184 839 183 839 373 840 183 840 374 840 374 841 183 841 186 841 374 842 186 842 375 842 375 843 186 843 195 843 195 844 196 845 375 846 375 847 196 848 197 849 375 850 197 850 198 851 236 852 376 852 237 852 237 853 376 853 375 853 237 854 375 854 201 854 201 855 375 855 198 855 201 856 198 857 199 858 376 859 236 859 377 859 377 860 236 860 238 860 377 861 238 861 323 861 323 862 327 862 377 862 377 863 327 864 326 864 377 865 326 865 325 865 325 866 324 866 377 866 377 867 324 868 322 869 377 870 322 870 378 870 378 871 322 871 214 871 378 872 214 872 379 872 379 873 214 873 213 873 379 874 213 874 380 874 380 875 213 876 216 877 380 878 216 878 381 878 216 879 229 879 381 879 381 880 229 880 230 880 381 881 230 882 231 883 231 884 232 884 381 884 381 885 232 886 233 887 381 888 233 888 234 888 223 889 370 890 224 891 224 892 370 892 381 892 224 893 381 893 235 893 235 894 381 894 234 894 382 895 284 895 383 895 383 896 284 897 287 898 383 899 287 899 384 899 287 900 269 900 384 900 384 901 269 901 271 901 384 902 271 903 272 904 272 905 273 905 384 905 384 906 273 906 268 906 384 907 268 907 266 907 266 908 267 908 384 908 384 909 267 909 244 909 384 910 244 910 385 910 385 911 244 911 243 911 385 912 243 912 386 912 386 913 243 913 246 913 386 914 246 914 387 914 246 915 253 915 387 915 387 916 253 916 254 916 387 917 254 917 255 917 255 918 256 918 387 918 387 919 256 919 259 919 387 920 259 920 260 920 297 921 388 921 298 921 298 922 388 922 387 922 298 923 387 923 262 923 262 924 387 924 260 924 388 925 297 925 389 925 389 926 297 927 299 928 389 929 299 929 329 929 329 930 333 930 389 930 389 931 333 931 332 931 389 932 332 932 331 932 331 933 330 933 389 933 389 934 330 934 328 934 389 935 328 935 390 935 390 936 328 936 275 936 390 937 275 937 391 937 391 938 275 938 274 938 391 939 274 939 392 939 392 940 274 940 277 940 392 941 277 941 393 941 277 942 290 942 393 942 393 943 290 943 291 943 393 944 291 945 292 946 292 947 293 947 393 947 393 948 293 948 294 948 393 949 294 949 295 949 284 950 382 950 285 950 285 951 382 951 393 951 285 952 393 952 296 952 296 953 393 953 295 953 394 954 341 954 395 954 395 955 341 955 342 955 395 956 342 956 396 956 396 957 342 957 343 957 396 958 343 958 397 958 397 959 343 959 344 959 397 960 344 960 398 960 398 961 344 961 345 961 398 962 345 962 399 962 399 963 345 963 334 963 399 964 334 964 400 964 400 965 334 965 335 965 400 966 335 966 401 966 401 967 335 967 336 967 401 968 336 969 402 970 402 971 336 971 337 971 402 972 337 972 403 972 403 973 337 973 338 973 403 974 338 974 404 974 404 975 338 975 339 975 404 976 339 976 405 976 405 977 339 977 340 977 405 978 340 978 394 978 394 979 340 979 341 979 406 980 407 980 408 980 408 981 407 981 409 981 408 982 409 982 410 982 410 983 409 983 411 983 410 984 411 984 412 984 412 985 411 985 413 985 412 986 413 986 414 986 414 987 413 987 415 987 414 988 415 988 416 988 416 989 415 989 417 989 416 990 417 990 418 990 418 991 417 992 419 993 418 994 419 994 420 994 420 995 419 995 421 995 420 996 421 996 422 996 422 997 421 997 423 997 422 998 423 998 424 998 424 999 423 999 425 999 424 1000 425 1000 426 1000 426 1001 425 1001 427 1001 426 1002 427 1002 428 1002 428 1003 427 1003 429 1003 428 1004 429 1004 430 1004 430 1005 429 1006 406 1007 430 1008 406 1009 408 1008 394 1010 430 1010 405 1010 405 1011 430 1011 408 1011 405 1012 408 1012 404 1012 404 1013 408 1013 410 1013 404 1014 410 1014 403 1014 403 1015 410 1015 412 1015 403 1016 412 1016 402 1016 402 1017 412 1017 414 1017 402 1018 414 1018 401 1018 401 1019 414 1019 416 1019 401 1020 416 1021 400 1022 400 1023 416 1024 418 1025 400 1026 418 1026 399 1026 399 1027 418 1027 420 1027 399 1028 420 1028 398 1028 398 1029 420 1029 422 1029 398 1030 422 1030 397 1030 397 1031 422 1031 424 1031 397 1032 424 1032 396 1032 396 1033 424 1033 426 1033 396 1034 426 1034 395 1034 395 1035 426 1035 428 1035 395 1036 428 1036 394 1036 394 1037 428 1037 430 1037 431 1038 353 1038 432 1038 432 1039 353 1039 354 1039 432 1040 354 1040 433 1040 433 1041 354 1041 355 1041 433 1042 355 1042 434 1042 434 1043 355 1044 356 1045 434 1046 356 1046 435 1046 435 1047 356 1048 357 1049 435 1050 357 1050 436 1050 436 1051 357 1051 346 1051 436 1052 346 1053 437 1054 437 1055 346 1055 347 1055 437 1056 347 1056 438 1056 438 1057 347 1057 348 1057 438 1058 348 1058 439 1058 439 1059 348 1059 349 1059 439 1060 349 1060 440 1060 440 1061 349 1061 350 1061 440 1062 350 1062 441 1062 441 1063 350 1063 351 1063 441 1064 351 1064 442 1064 442 1065 351 1065 352 1065 442 1066 352 1066 431 1066 431 1067 352 1067 353 1067 443 1068 444 1068 445 1068 443 1069 445 1069 446 1069 447 1070 448 1070 443 1070 443 1071 448 1071 449 1071 443 1072 449 1073 444 1074 450 1075 451 1075 447 1075 447 1076 451 1077 452 1078 447 1079 452 1079 448 1079 453 1080 454 1080 450 1080 450 1081 454 1081 455 1081 450 1082 455 1082 451 1082 456 1083 457 1083 453 1083 453 1084 457 1084 458 1084 453 1085 458 1085 454 1085 459 1086 460 1086 456 1086 456 1087 460 1088 461 1089 456 1090 461 1090 457 1090 462 1091 463 1091 459 1091 459 1092 463 1092 464 1092 459 1093 464 1093 460 1093 465 1094 466 1095 462 1096 462 1097 466 1097 467 1097 462 1098 467 1098 463 1098 468 1099 469 1099 465 1099 465 1100 469 1100 470 1100 465 1101 470 1101 466 1101 471 1102 472 1102 468 1102 468 1103 472 1103 473 1103 468 1104 473 1104 469 1104 474 1105 475 1105 471 1105 471 1106 475 1106 476 1106 471 1107 476 1107 472 1107 445 1108 477 1109 446 1110 446 1111 477 1111 478 1111 446 1112 478 1112 474 1112 474 1113 478 1113 479 1113 474 1114 479 1114 475 1114 431 1115 443 1115 442 1115 442 1116 443 1116 446 1116 442 1117 446 1117 441 1117 441 1118 446 1118 474 1118 441 1119 474 1119 440 1119 440 1120 474 1120 471 1120 440 1121 471 1121 439 1121 439 1122 471 1122 468 1122 439 1123 468 1123 438 1123 438 1124 468 1124 465 1124 438 1125 465 1125 437 1125 437 1126 465 1126 462 1126 437 1127 462 1127 436 1127 436 1128 462 1128 459 1128 436 1129 459 1129 435 1129 435 1130 459 1130 456 1130 435 1131 456 1131 434 1131 434 1132 456 1132 453 1132 434 1133 453 1133 433 1133 433 1134 453 1134 450 1134 433 1135 450 1135 432 1135 432 1136 450 1136 447 1136 432 1137 447 1137 431 1137 431 1138 447 1138 443 1138 480 1139 365 1139 481 1139 481 1140 365 1140 366 1140 481 1141 366 1141 482 1141 482 1142 366 1142 367 1142 482 1143 367 1143 483 1143 483 1144 367 1144 368 1144 483 1145 368 1145 484 1145 484 1146 368 1146 369 1146 484 1147 369 1147 485 1147 485 1148 369 1148 358 1148 485 1149 358 1149 486 1149 486 1150 358 1150 359 1150 486 1151 359 1151 487 1151 487 1152 359 1152 360 1152 487 1153 360 1153 488 1153 488 1154 360 1154 361 1154 488 1155 361 1155 489 1155 489 1156 361 1156 362 1156 489 1157 362 1157 490 1157 490 1158 362 1158 363 1158 490 1159 363 1159 491 1159 491 1160 363 1160 364 1160 491 1161 364 1161 480 1161 480 1162 364 1162 365 1162 492 1163 493 1163 494 1163 494 1164 493 1164 495 1164 494 1165 495 1165 496 1165 496 1166 495 1166 497 1166 496 1167 497 1167 498 1167 498 1168 497 1168 499 1168 498 1169 499 1169 500 1169 500 1170 499 1170 501 1170 500 1171 501 1172 502 1171 502 1173 501 1173 503 1173 502 1174 503 1174 504 1174 504 1175 503 1175 505 1175 504 1176 505 1176 506 1176 506 1177 505 1177 507 1177 506 1178 507 1178 508 1178 508 1179 507 1179 509 1179 508 1180 509 1180 510 1180 510 1181 509 1181 511 1181 510 1182 511 1182 512 1182 512 1183 511 1183 513 1183 512 1184 513 1184 514 1184 514 1185 513 1185 515 1185 514 1186 515 1186 516 1186 516 1187 515 1188 492 1189 516 1190 492 1190 494 1190 480 1191 516 1191 491 1191 491 1192 516 1192 494 1192 491 1193 494 1193 490 1193 490 1194 494 1194 496 1194 490 1195 496 1196 489 1197 489 1198 496 1198 498 1199 489 1200 498 1200 488 1200 488 1201 498 1201 500 1201 488 1202 500 1202 487 1202 487 1203 500 1203 502 1203 487 1204 502 1204 486 1204 486 1205 502 1205 504 1205 486 1206 504 1206 485 1206 485 1207 504 1207 506 1207 485 1208 506 1208 484 1208 484 1209 506 1209 508 1209 484 1210 508 1210 483 1210 483 1211 508 1211 510 1211 483 1212 510 1212 482 1212 482 1213 510 1213 512 1213 482 1214 512 1214 481 1214 481 1215 512 1215 514 1215 481 1216 514 1216 480 1216 480 1217 514 1217 516 1217 517 1218 377 1218 518 1218 518 1219 377 1219 378 1219 518 1220 378 1220 519 1220 519 1221 378 1221 379 1221 519 1222 379 1222 520 1222 520 1223 379 1223 380 1223 520 1224 380 1224 521 1224 521 1225 380 1225 381 1225 521 1226 381 1226 522 1226 522 1227 381 1227 370 1227 522 1228 370 1228 523 1228 523 1229 370 1229 371 1229 523 1230 371 1230 524 1230 524 1231 371 1231 372 1231 524 1232 372 1232 525 1232 525 1233 372 1233 373 1233 525 1234 373 1234 526 1234 526 1235 373 1235 374 1235 526 1236 374 1236 527 1236 527 1237 374 1237 375 1237 527 1238 375 1238 528 1238 528 1239 375 1239 376 1239 528 1240 376 1240 517 1240 517 1241 376 1241 377 1241 529 1242 530 1242 531 1242 529 1243 531 1243 532 1243 533 1244 534 1244 535 1244 535 1245 536 1245 533 1245 533 1246 536 1246 537 1246 533 1247 537 1247 529 1247 529 1248 537 1249 538 1250 529 1251 538 1251 530 1251 539 1252 540 1252 541 1252 541 1253 542 1253 539 1253 539 1254 542 1255 543 1256 539 1257 543 1257 534 1257 534 1258 543 1258 544 1258 534 1259 544 1259 535 1259 545 1260 546 1260 547 1260 547 1261 548 1261 545 1261 545 1262 548 1262 549 1262 545 1263 549 1264 540 1265 540 1266 549 1266 550 1266 540 1267 550 1267 541 1267 551 1268 552 1268 553 1268 553 1269 554 1269 551 1269 551 1270 554 1270 555 1270 551 1271 555 1271 546 1271 546 1272 555 1272 556 1272 546 1273 556 1273 547 1273 557 1274 558 1274 559 1274 559 1275 560 1275 557 1275 557 1276 560 1276 561 1276 557 1277 561 1277 552 1277 552 1278 561 1278 562 1278 552 1279 562 1279 553 1279 531 1280 563 1280 532 1280 532 1281 563 1281 564 1281 532 1282 564 1282 558 1282 558 1283 564 1283 565 1283 558 1284 565 1284 559 1284 517 1285 529 1285 528 1285 528 1286 529 1286 532 1286 528 1287 532 1287 527 1287 527 1288 532 1289 558 1290 527 1291 558 1291 526 1291 526 1292 558 1292 557 1292 526 1293 557 1293 525 1293 525 1294 557 1294 552 1294 525 1295 552 1295 524 1295 524 1296 552 1296 551 1296 524 1297 551 1297 523 1297 523 1298 551 1298 546 1298 523 1299 546 1299 522 1299 522 1300 546 1300 545 1300 522 1301 545 1301 521 1301 521 1302 545 1302 540 1302 521 1303 540 1303 520 1303 520 1304 540 1304 539 1304 520 1305 539 1305 519 1305 519 1306 539 1306 534 1306 519 1307 534 1307 518 1307 518 1308 534 1308 533 1308 518 1309 533 1309 517 1309 517 1310 533 1310 529 1310 566 1311 567 1311 568 1311 569 1312 566 1312 570 1312 570 1313 566 1313 568 1313 570 1314 568 1314 571 1314 571 1315 568 1316 572 1317 571 1318 572 1319 573 1320 573 1321 572 1321 574 1321 571 1322 573 1322 575 1322 576 1323 570 1324 577 1325 577 1326 570 1326 571 1326 577 1327 571 1328 578 1329 578 1330 571 1331 575 1332 578 1333 575 1333 579 1333 575 1334 580 1335 581 1336 579 217 575 217 582 217 582 1337 575 1337 581 1337 582 1338 581 1339 583 1340 583 1341 581 1342 584 1343 583 1344 584 1344 585 1344 586 1345 587 1346 588 1347 589 1348 572 1348 590 1348 590 1349 572 1349 568 1349 589 1350 591 1351 572 1352 572 1353 591 1354 588 1355 572 1356 588 1356 574 1356 592 1357 593 1358 594 1359 594 1360 593 1360 586 1360 594 1361 586 1361 595 1361 595 1362 586 1362 588 1362 595 1363 588 1363 596 1363 596 1364 588 1364 591 1364 597 1365 598 1365 599 1365 600 1366 597 1366 601 1366 601 1367 597 1367 599 1367 601 1368 599 1369 602 1370 602 1371 599 1372 603 1373 602 1374 603 1375 604 1376 604 1377 603 1377 605 1377 606 1378 587 1378 586 1378 607 1379 608 1379 609 1379 610 1380 607 1380 593 1380 593 1381 607 1381 609 1381 593 1382 609 1383 586 1384 586 1385 609 1385 611 1385 586 1386 611 1386 606 1386 602 1387 604 1387 612 1387 613 1388 601 1388 614 1388 614 1389 601 1389 602 1389 614 1390 602 1390 615 1390 615 1391 602 1391 612 1391 615 1392 612 1392 616 1392 612 1393 606 1393 611 1394 616 1395 612 1396 617 1397 617 1398 612 1398 611 1398 617 1399 611 1400 618 1401 618 1402 611 1402 609 1402 618 1403 609 1403 619 1403 620 1404 621 1404 584 1404 580 1405 622 1405 581 1405 581 1406 622 1406 623 1406 581 1407 623 1407 584 1407 584 1408 623 1408 624 1408 584 1409 624 1409 620 1409 620 1410 624 1411 625 1412 612 1413 604 1413 605 1413 575 98 573 98 574 98 622 1414 580 1414 626 1414 626 98 580 98 575 98 626 1415 575 1415 588 1415 588 98 575 98 574 98 587 98 606 98 588 98 588 98 606 98 612 98 588 98 612 98 626 98 626 98 612 98 605 98 627 1416 389 1416 628 1416 628 1417 389 1417 390 1417 628 1418 390 1418 629 1418 629 1419 390 1419 391 1419 629 1420 391 1420 630 1420 630 1421 391 1421 392 1421 630 1422 392 1422 631 1422 631 1423 392 1423 393 1423 631 1424 393 1424 632 1424 632 1425 393 1425 382 1425 632 1426 382 1426 633 1426 633 1427 382 1427 383 1427 633 1428 383 1428 634 1428 634 1429 383 1429 384 1429 634 1430 384 1430 635 1430 635 1431 384 1431 385 1431 635 1432 385 1432 636 1432 636 1433 385 1433 386 1433 636 1434 386 1434 637 1434 637 1435 386 1435 387 1435 637 1436 387 1436 638 1436 638 1437 387 1437 388 1437 638 1438 388 1438 627 1438 627 1439 388 1439 389 1439 639 1440 640 1440 641 1440 639 1441 641 1442 642 1443 643 1444 644 1444 639 1444 639 1445 644 1446 645 1447 639 1448 645 1449 640 1450 646 1451 647 1451 643 1451 643 1452 647 1452 648 1452 643 1453 648 1453 644 1453 649 1454 650 1455 646 1456 646 1457 650 1457 651 1457 646 1458 651 1458 647 1458 652 1459 653 1459 649 1459 649 1460 653 1460 654 1460 649 1461 654 1462 650 1463 655 1464 656 1464 652 1464 652 1465 656 1465 657 1466 652 1467 657 1467 653 1467 658 1468 659 1468 655 1468 655 1469 659 1470 660 1471 655 1472 660 1472 656 1472 661 1473 662 1473 658 1473 658 1474 662 1475 663 1476 658 1477 663 1477 659 1477 664 1478 665 1478 661 1478 661 1479 665 1479 666 1479 661 1480 666 1481 662 1482 667 1483 668 1483 664 1483 664 1484 668 1485 669 1485 664 1486 669 1486 665 1486 670 1487 671 1487 667 1487 667 1488 671 1488 672 1488 667 1489 672 1489 668 1489 641 1490 673 1490 642 1490 642 1491 673 1491 674 1491 642 1492 674 1492 670 1492 670 1493 674 1493 675 1493 670 1494 675 1495 671 1496 627 1497 639 1497 638 1497 638 1498 639 1498 642 1498 638 1499 642 1499 637 1499 637 1500 642 1500 670 1500 637 1501 670 1501 636 1501 636 1502 670 1502 667 1502 636 1503 667 1503 635 1503 635 1504 667 1504 664 1504 635 1505 664 1505 634 1505 634 1506 664 1506 661 1506 634 1507 661 1507 633 1507 633 1508 661 1508 658 1508 633 1509 658 1509 632 1509 632 1510 658 1511 655 1512 632 1513 655 1513 631 1513 631 1514 655 1514 652 1514 631 1515 652 1515 630 1515 630 1516 652 1516 649 1516 630 1517 649 1517 629 1517 629 1518 649 1518 646 1518 629 1135 646 1135 628 1135 628 1519 646 1519 643 1519 628 1520 643 1520 627 1520 627 1521 643 1521 639 1521 407 1522 406 1522 676 1522 406 1523 429 1523 676 1523 676 1524 429 1524 427 1524 676 1525 427 1525 677 1525 677 1526 427 1526 425 1526 677 1527 425 1527 678 1527 678 1528 425 1528 423 1528 678 1529 423 1529 679 1529 679 1530 423 1530 421 1530 679 1531 421 1531 680 1531 680 1532 421 1532 419 1532 680 1533 419 1533 681 1533 681 1534 419 1534 417 1534 681 1535 417 1535 682 1535 682 1536 417 1536 415 1536 682 1537 415 1537 683 1537 683 1538 415 1538 413 1538 683 1539 413 1539 684 1539 684 1540 413 1540 411 1540 684 1541 411 1541 685 1541 685 1542 411 1542 409 1542 685 1543 409 1543 686 1543 686 1544 409 1544 407 1544 686 1545 407 1545 687 1545 687 1546 407 1546 676 1546 688 1547 689 1547 473 1547 690 1548 470 1548 689 1548 689 1549 470 1549 469 1549 689 1550 469 1550 473 1550 691 1551 464 1551 692 1551 692 1552 464 1552 463 1552 692 1553 463 1553 693 1553 693 1554 463 1554 467 1554 693 1555 467 1555 690 1555 690 1556 467 1556 466 1556 690 1557 466 1557 470 1557 694 1558 461 1558 691 1558 691 1559 461 1559 460 1559 691 1560 460 1560 464 1560 695 1561 458 1561 694 1561 694 1562 458 1562 457 1562 694 1563 457 1563 461 1563 696 1564 455 1564 695 1564 695 1565 455 1565 454 1565 695 1566 454 1566 458 1566 697 1567 452 1567 696 1567 696 1568 452 1568 451 1568 696 1569 451 1569 455 1569 698 1570 449 1570 697 1570 697 1571 449 1571 448 1571 697 1572 448 1572 452 1572 699 1573 477 1573 700 1573 700 1574 477 1575 445 1576 700 1577 445 1577 698 1577 698 1578 445 1579 444 1580 698 1581 444 1582 449 1583 701 1584 479 1584 699 1584 699 1585 479 1585 478 1585 699 1586 478 1586 477 1586 473 1587 472 1587 688 1587 688 1588 472 1588 476 1588 688 1589 476 1589 701 1589 701 1590 476 1590 475 1590 701 1591 475 1591 479 1591 493 1592 492 1592 702 1592 492 1593 515 1593 702 1593 702 1594 515 1594 513 1594 702 1595 513 1595 703 1595 703 1596 513 1596 511 1596 703 1597 511 1597 704 1597 704 1598 511 1598 509 1598 704 1599 509 1599 705 1599 705 1600 509 1600 507 1600 705 1601 507 1601 706 1601 706 1602 507 1602 505 1602 706 1603 505 1603 707 1603 707 1604 505 1604 503 1604 707 1605 503 1605 708 1605 708 1606 503 1606 501 1606 708 1607 501 1607 709 1607 709 1608 501 1608 499 1608 709 1609 499 1609 710 1609 710 1610 499 1610 497 1610 710 1611 497 1611 711 1611 711 1612 497 1612 495 1612 711 1613 495 1613 712 1613 712 1614 495 1614 493 1614 712 1615 493 1615 713 1615 713 1616 493 1616 702 1616 714 1617 715 1617 562 1617 716 1618 554 1618 715 1618 715 1619 554 1619 553 1619 715 1620 553 1620 562 1620 717 1621 548 1621 718 1621 718 1622 548 1622 547 1622 718 1623 547 1623 719 1623 719 1624 547 1624 556 1624 719 1625 556 1625 716 1625 716 1626 556 1626 555 1626 716 1627 555 1627 554 1627 720 1628 721 1628 542 1628 542 1629 541 1629 720 1629 720 1630 541 1630 550 1630 720 1631 550 1631 717 1631 717 1632 550 1632 549 1632 717 1633 549 1633 548 1633 722 1634 723 1634 536 1634 536 1635 535 1635 722 1635 722 1636 535 1636 544 1636 722 1637 544 1637 721 1637 721 1638 544 1638 543 1638 721 1639 543 1639 542 1639 724 1640 530 1640 725 1640 725 1641 530 1641 538 1641 725 1642 538 1642 723 1642 723 1643 538 1643 537 1643 723 1644 537 1644 536 1644 726 1645 727 1645 565 1645 565 1646 564 1646 726 1646 726 1647 564 1647 563 1647 726 1648 563 1648 724 1648 724 1649 563 1649 531 1649 724 1650 531 1650 530 1650 562 1651 561 1651 714 1651 714 1652 561 1652 560 1652 714 1653 560 1653 727 1653 727 1654 560 1654 559 1654 727 1655 559 1655 565 1655 590 1656 568 1656 567 1656 570 1657 576 1657 569 1657 585 1658 584 1658 621 1658 593 1659 592 1659 610 1659 728 1660 599 1660 598 1660 601 1661 613 1661 600 1661 619 1662 609 1662 608 1662 624 1663 729 1663 625 1663 623 1664 622 1664 626 1664 599 1665 728 1665 603 1665 603 1666 728 1666 730 1666 626 1667 605 1668 603 1669 730 1670 731 1670 603 1670 603 1671 731 1671 732 1671 603 1672 732 1672 626 1672 626 1673 732 1673 733 1673 626 1674 733 1674 623 1674 623 1675 733 1675 729 1675 623 1676 729 1676 624 1676 734 1677 735 1677 669 1677 736 1678 666 1678 735 1678 735 1679 666 1679 665 1679 735 1680 665 1680 669 1680 737 1681 660 1681 738 1681 738 1552 660 1552 659 1552 738 1682 659 1682 739 1682 739 1683 659 1684 663 1685 739 1686 663 1686 736 1686 736 1687 663 1687 662 1687 736 1688 662 1688 666 1688 740 1689 657 1689 737 1689 737 1690 657 1690 656 1690 737 1691 656 1691 660 1691 741 1692 654 1692 740 1692 740 1693 654 1693 653 1693 740 1694 653 1694 657 1694 742 1695 651 1695 741 1695 741 1696 651 1696 650 1696 741 1697 650 1697 654 1697 743 1698 648 1698 742 1698 742 1699 648 1699 647 1699 742 1700 647 1700 651 1700 744 1701 645 1701 743 1701 743 1702 645 1702 644 1702 743 1703 644 1703 648 1703 745 1704 673 1704 746 1704 746 1705 673 1705 641 1705 746 1706 641 1706 744 1706 744 1707 641 1707 640 1707 744 1708 640 1709 645 1710 747 1711 675 1711 745 1711 745 1712 675 1712 674 1712 745 1713 674 1713 673 1713 669 1714 668 1714 734 1714 734 1715 668 1715 672 1715 734 1716 672 1716 747 1716 747 1717 672 1717 671 1717 747 1718 671 1719 675 1720 679 98 748 98 678 98 678 98 748 98 749 98 678 1721 749 1721 677 1721 677 98 749 98 750 98 677 98 750 98 676 98 676 1722 750 1722 751 1722 676 98 751 98 687 98 687 98 751 98 752 98 687 1723 752 1723 686 1723 686 98 752 98 753 98 686 98 753 98 685 98 685 98 753 98 754 98 685 98 754 98 684 98 684 98 754 98 755 98 684 1724 755 1724 683 1724 683 98 755 98 756 98 683 98 756 98 682 98 682 1725 756 1725 757 1725 682 98 757 98 681 98 681 98 757 98 758 98 681 1726 758 1726 680 1726 680 98 758 98 759 98 680 1727 759 1727 679 1727 679 98 759 98 748 98 694 1728 691 1728 760 1728 701 1729 699 1729 761 1729 760 98 691 98 762 98 761 1730 699 1730 763 1730 761 1731 764 1731 701 1731 701 98 764 98 765 98 701 1732 765 1732 688 1732 688 98 765 98 766 98 688 1733 766 1733 689 1733 689 98 766 98 767 98 689 1729 767 1729 690 1729 690 1734 767 1734 768 1734 690 98 768 98 693 98 693 1735 768 1735 762 1735 693 98 762 98 692 98 692 1736 762 1736 691 1736 760 1737 769 1737 694 1737 694 98 769 98 770 98 694 1738 770 1738 695 1738 695 98 770 98 771 98 695 98 771 98 696 98 696 98 771 98 772 98 696 98 772 98 697 98 697 98 772 98 773 98 697 98 773 98 698 98 698 1739 773 1739 763 1739 698 98 763 98 700 98 700 1740 763 1740 699 1740 705 98 774 98 704 98 704 98 774 98 775 98 704 1728 775 1728 703 1728 703 98 775 98 776 98 703 1741 776 1741 702 1741 702 98 776 98 777 98 702 98 777 98 713 98 713 98 777 98 778 98 713 1742 778 1742 712 1742 712 1743 778 1743 779 1743 712 1744 779 1744 711 1744 711 1745 779 1745 780 1745 711 1746 780 1746 710 1746 710 98 780 98 781 98 710 98 781 98 709 98 709 1747 781 1747 782 1747 709 1748 782 1748 708 1748 708 98 782 98 783 98 708 98 783 98 707 98 707 1749 783 1749 784 1749 707 98 784 98 706 98 706 98 784 98 785 98 706 98 785 98 705 98 705 98 785 98 774 98 714 1750 727 1750 786 1750 721 1751 720 1751 787 1751 787 98 720 98 788 98 788 1752 720 1752 717 1752 788 98 717 98 789 98 786 98 727 98 790 98 790 98 727 98 726 98 790 1753 726 1753 791 1753 786 1754 792 1754 714 1754 714 98 792 98 793 98 714 1755 793 1755 715 1755 715 1756 793 1756 794 1756 715 1728 794 1728 716 1728 716 98 794 98 795 98 716 1757 795 1757 719 1757 719 1758 795 1758 789 1758 719 98 789 98 718 98 718 98 789 98 717 98 787 1759 796 1759 721 1759 721 98 796 98 797 98 721 1760 797 1760 722 1760 722 98 797 98 798 98 722 98 798 98 723 98 723 98 798 98 799 98 723 1761 799 1761 725 1761 725 1762 799 1762 791 1762 725 98 791 98 724 98 724 98 791 98 726 98 800 1763 607 1763 801 1763 801 1764 607 1765 610 1764 801 1766 610 1766 802 1766 610 1767 592 1767 802 1767 802 1768 592 1768 594 1768 802 1769 594 1769 595 1769 595 1770 596 1770 802 1770 802 1771 596 1772 591 1773 802 1774 591 1774 589 1774 589 1775 590 1775 802 1775 802 1776 590 1776 567 1776 802 1777 567 1777 803 1777 803 1778 567 1778 566 1778 803 1779 566 1779 804 1779 804 1780 566 1781 569 1782 804 1783 569 1783 805 1783 569 1784 576 1784 805 1784 805 1785 576 1785 577 1785 805 1786 577 1787 578 1788 578 1789 579 1790 805 1791 805 1792 579 1793 582 1794 805 1795 582 1795 583 1795 620 1796 806 1796 621 1796 621 1797 806 1797 805 1797 621 1798 805 1798 585 1798 585 1799 805 1799 583 1799 806 1800 620 1800 807 1800 807 1801 620 1801 625 1801 807 1802 625 1802 729 1802 729 1803 733 1803 807 1803 807 1804 733 1804 732 1804 807 1805 732 1805 731 1805 731 1806 730 1806 807 1806 807 1807 730 1807 728 1807 807 1808 728 1808 808 1808 808 1809 728 1809 598 1809 808 1810 598 1810 809 1810 809 1811 598 1812 597 1812 809 1813 597 1813 810 1813 810 1814 597 1814 600 1814 810 1815 600 1815 811 1815 600 1816 613 1816 811 1816 811 1817 613 1817 614 1817 811 1818 614 1819 615 1820 615 1821 616 1821 811 1821 811 1822 616 1823 617 1824 811 1825 617 1825 618 1825 607 1826 800 1826 608 1826 608 1827 800 1827 811 1827 608 1828 811 1828 619 1828 619 1829 811 1829 618 1829 740 1830 737 1830 812 1830 747 1741 745 1741 813 1741 813 98 745 98 814 98 812 98 737 98 815 98 812 1831 816 1831 740 1831 740 98 816 98 817 98 740 1832 817 1832 741 1832 741 98 817 98 818 98 741 1833 818 1833 742 1833 742 98 818 98 819 98 742 1728 819 1728 743 1728 743 1834 819 1834 820 1834 743 98 820 98 744 98 744 1835 820 1835 814 1835 744 1836 814 1836 746 1836 746 98 814 98 745 98 813 1837 821 1837 747 1837 747 98 821 98 822 98 747 1838 822 1838 734 1838 734 98 822 98 823 98 734 1839 823 1839 735 1839 735 98 823 98 824 98 735 1840 824 1840 736 1840 736 1841 824 1841 825 1841 736 98 825 98 739 98 739 1842 825 1842 815 1842 739 1843 815 1843 738 1843 738 98 815 98 737 98 826 1844 759 1844 827 1844 827 1845 759 1845 758 1845 827 1845 758 1845 828 1845 828 1846 758 1846 757 1846 828 1847 757 1847 829 1847 829 1848 757 1848 756 1848 829 1849 756 1849 830 1849 830 1850 756 1850 755 1850 830 1851 755 1851 831 1851 831 1852 755 1852 754 1852 831 1853 754 1853 832 1853 832 1854 754 1854 753 1854 832 1855 753 1855 833 1855 833 1856 753 1856 752 1856 833 1857 752 1857 834 1857 834 1858 752 1858 751 1858 834 1859 751 1859 835 1859 835 1860 751 1860 750 1860 835 1861 750 1861 836 1861 836 1862 750 1862 749 1862 836 1863 749 1863 837 1863 837 1864 749 1864 748 1864 837 1865 748 1865 826 1865 826 1866 748 1866 759 1866 766 1867 838 1867 767 1867 767 1868 838 1868 839 1868 767 1869 839 1869 768 1869 768 1870 839 1870 840 1870 768 1871 840 1871 762 1871 762 1872 840 1872 841 1872 762 1873 841 1873 760 1873 760 1874 841 1874 842 1874 760 1875 842 1875 769 1875 769 1876 842 1876 770 1876 770 1877 842 1877 843 1877 770 1878 843 1878 771 1878 843 1879 844 1879 771 1879 771 1880 844 1880 845 1880 771 1880 845 1880 772 1880 772 1881 845 1881 846 1881 772 1882 846 1882 773 1882 773 1883 846 1883 847 1883 773 1884 847 1884 763 1884 763 1885 847 1885 848 1885 763 1886 848 1886 761 1886 761 1887 848 1887 849 1887 761 1888 849 1888 764 1888 764 1889 849 1889 765 1889 765 1890 849 1890 850 1890 765 1891 850 1891 766 1891 766 1892 850 1892 851 1892 766 1893 851 1893 838 1893 852 1894 785 1894 853 1894 853 1895 785 1895 784 1895 853 1896 784 1896 854 1896 854 1897 784 1897 783 1897 854 1898 783 1898 855 1898 855 1899 783 1899 782 1899 855 1900 782 1900 856 1900 856 1901 782 1901 781 1901 856 1902 781 1902 857 1902 857 1903 781 1903 780 1903 857 1904 780 1904 858 1904 858 1905 780 1905 779 1905 858 1906 779 1906 859 1906 859 1907 779 1907 778 1907 859 1907 778 1907 860 1907 860 1908 778 1908 777 1908 860 1909 777 1909 861 1909 861 1910 777 1910 776 1910 861 1911 776 1911 862 1911 862 1912 776 1912 775 1912 862 1913 775 1913 863 1913 863 1914 775 1914 774 1914 863 1915 774 1915 852 1915 852 1916 774 1916 785 1916 794 1917 793 1917 864 1917 864 1918 793 1918 865 1918 864 1919 866 1919 794 1919 794 1920 866 1920 867 1920 794 1920 867 1920 795 1920 795 1911 867 1911 868 1911 795 1921 868 1921 789 1921 789 1922 868 1922 869 1922 789 1923 869 1923 788 1923 788 1924 869 1924 870 1924 788 1925 870 1925 787 1925 787 1926 870 1926 871 1926 787 1927 871 1927 796 1927 796 1928 871 1928 797 1928 797 1928 871 1928 872 1928 797 1929 872 1929 798 1929 793 1930 792 1930 865 1930 865 1931 792 1931 786 1931 865 1932 786 1932 873 1932 873 1896 786 1896 790 1896 873 1933 790 1933 874 1933 874 1934 790 1934 791 1934 874 1935 791 1935 875 1935 875 1936 791 1936 799 1936 875 1937 799 1937 876 1937 876 1938 799 1938 798 1938 876 1939 798 1939 877 1939 877 1940 798 1940 872 1940 878 1941 807 1941 879 1941 879 1942 807 1942 808 1942 879 1943 808 1943 880 1943 880 1944 808 1944 809 1944 880 1945 809 1945 881 1945 881 1946 809 1946 810 1946 881 1947 810 1947 882 1947 882 1948 810 1948 811 1948 882 1949 811 1949 883 1949 883 1950 811 1950 800 1950 883 1951 800 1951 884 1951 884 1952 800 1952 801 1952 884 1953 801 1953 885 1953 885 1954 801 1954 802 1954 885 1955 802 1955 886 1955 886 1956 802 1956 803 1956 886 1957 803 1957 887 1957 887 1958 803 1958 804 1958 887 1959 804 1959 888 1959 888 1960 804 1960 805 1960 888 1961 805 1961 889 1961 889 1962 805 1962 806 1962 889 1963 806 1963 878 1963 878 1964 806 1964 807 1964 890 1965 891 1965 892 1965 892 1966 891 1966 893 1966 892 1967 893 1967 894 1967 894 1968 893 1968 895 1968 894 1969 895 1969 896 1969 896 1970 895 1970 897 1970 896 1971 897 1971 898 1971 898 1972 897 1972 899 1972 898 1973 899 1973 900 1973 900 1974 899 1974 901 1974 900 1975 901 1975 902 1975 902 1976 901 1977 903 1978 902 1979 903 1979 904 1979 904 1980 903 1980 905 1980 904 1981 905 1981 906 1981 906 1982 905 1983 907 1983 906 1984 907 1984 908 1984 908 1985 907 1985 909 1985 908 1986 909 1986 910 1986 910 1987 909 1987 911 1987 910 1988 911 1988 912 1988 912 1989 911 1989 913 1989 912 1990 913 1990 914 1990 914 1991 913 1991 890 1991 914 1992 890 1992 892 1992 878 1993 914 1993 889 1993 889 1994 914 1994 892 1994 889 1995 892 1995 888 1995 888 1996 892 1996 894 1996 888 1997 894 1997 887 1997 887 1998 894 1998 896 1998 887 1999 896 2000 886 2001 886 2002 896 2002 898 2002 886 2003 898 2003 885 2003 885 2004 898 2004 900 2004 885 2005 900 2005 884 2005 884 2006 900 2006 902 2006 884 2007 902 2007 883 2007 883 2008 902 2008 904 2008 883 2009 904 2009 882 2009 882 2010 904 2010 906 2010 882 2011 906 2011 881 2011 881 2012 906 2012 908 2012 881 2013 908 2013 880 2013 880 2014 908 2014 910 2014 880 2015 910 2015 879 2015 879 2016 910 2016 912 2016 879 2017 912 2017 878 2017 878 2018 912 2018 914 2018 823 2019 915 2019 824 2019 824 2020 915 2020 916 2020 824 2021 916 2021 825 2021 825 2022 916 2022 917 2022 825 2023 917 2023 815 2023 815 2024 917 2024 918 2024 815 2025 918 2025 812 2025 812 2026 918 2026 919 2026 812 2027 919 2027 816 2027 816 2028 919 2028 817 2028 817 2029 919 2029 920 2029 817 2030 920 2030 818 2030 920 2031 921 2031 818 2031 818 2032 921 2032 922 2032 818 2033 922 2033 819 2033 819 2034 922 2034 923 2034 819 2034 923 2034 820 2034 820 2035 923 2035 924 2035 820 2036 924 2036 814 2036 814 2037 924 2037 925 2037 814 2038 925 2038 813 2038 813 2039 925 2039 926 2039 813 2040 926 2040 821 2040 821 2041 926 2041 822 2041 822 2042 926 2042 927 2042 822 2043 927 2043 823 2043 823 2044 927 2044 928 2044 823 2045 928 2045 915 2045 827 2046 929 2046 826 2046 826 98 929 98 930 98 826 98 930 98 837 98 837 98 930 98 931 98 837 2047 931 2047 836 2047 836 98 931 98 932 98 836 98 932 98 835 98 835 2048 932 2048 933 2048 835 98 933 98 834 98 834 98 933 98 934 98 834 2049 934 2049 833 2049 833 98 934 98 935 98 833 2050 935 2050 832 2050 832 98 935 98 936 98 832 2051 936 2051 831 2051 831 98 936 98 937 98 831 98 937 98 830 98 830 98 937 98 938 98 830 98 938 98 829 98 829 98 938 98 939 98 829 98 939 98 828 98 828 98 939 98 940 98 828 2050 940 2050 827 2050 827 98 940 98 929 98 941 98 843 98 942 98 942 2052 843 2052 842 2052 942 2053 842 2053 943 2053 943 2054 842 2054 841 2054 943 98 841 98 944 98 944 2055 841 2055 840 2055 944 2056 840 2056 945 2056 945 2057 840 2057 839 2057 945 98 839 98 946 98 946 98 839 98 838 98 946 98 838 98 947 98 838 2058 851 2058 947 2058 947 98 851 98 850 98 947 2059 850 2059 948 2059 948 2060 850 2060 849 2060 948 2061 849 2061 949 2061 949 98 849 98 848 98 949 98 848 98 950 98 950 2055 848 2055 847 2055 950 2062 847 2062 951 2062 951 2055 847 2055 846 2055 951 98 846 98 952 98 952 98 846 98 845 98 952 98 845 98 941 98 941 98 845 98 844 98 941 98 844 98 843 98 857 98 953 98 856 98 856 98 953 98 954 98 856 98 954 98 855 98 855 2063 954 2063 955 2063 855 2064 955 2064 854 2064 854 2065 955 2065 956 2065 854 2066 956 2066 853 2066 853 2067 956 2067 957 2067 853 98 957 98 852 98 852 98 957 98 958 98 852 98 958 98 863 98 863 98 958 98 959 98 863 98 959 98 862 98 862 2068 959 2068 960 2068 862 98 960 98 861 98 861 98 960 98 961 98 861 98 961 98 860 98 860 2069 961 2069 962 2069 860 98 962 98 859 98 859 98 962 98 963 98 859 2070 963 2070 858 2070 858 98 963 98 964 98 858 98 964 98 857 98 857 98 964 98 953 98 965 98 865 98 966 98 966 2071 865 2071 873 2071 966 98 873 98 967 98 967 2072 873 2072 874 2072 967 98 874 98 968 98 968 2073 874 2073 875 2073 968 2074 875 2074 969 2074 969 2075 875 2075 876 2075 969 98 876 98 970 98 970 98 876 98 877 98 970 98 877 98 971 98 877 2076 872 2076 971 2076 971 2077 872 2077 871 2077 971 98 871 98 972 98 972 2070 871 2070 870 2070 972 2078 870 2078 973 2078 973 98 870 98 869 98 973 2079 869 2079 974 2079 974 2080 869 2080 868 2080 974 98 868 98 975 98 975 2081 868 2081 867 2081 975 2082 867 2082 976 2082 976 98 867 98 866 98 976 98 866 98 965 98 965 2083 866 2083 864 2083 965 2084 864 2084 865 2084 891 2085 890 2085 977 2085 890 2086 913 2086 977 2086 977 2087 913 2087 911 2087 977 2088 911 2088 978 2088 978 2089 911 2089 909 2089 978 2090 909 2090 979 2090 979 2091 909 2091 907 2091 979 2092 907 2092 980 2092 980 2093 907 2093 905 2093 980 2094 905 2094 981 2094 981 2095 905 2095 903 2095 981 2096 903 2096 982 2096 982 2097 903 2097 901 2097 982 2098 901 2098 983 2098 983 2099 901 2099 899 2099 983 2100 899 2100 984 2100 984 2101 899 2101 897 2101 984 2102 897 2102 985 2102 985 2103 897 2103 895 2103 985 2104 895 2104 986 2104 986 2105 895 2105 893 2105 986 2106 893 2106 987 2106 987 2107 893 2107 891 2107 987 2108 891 2108 988 2108 988 2109 891 2109 977 2109 989 2110 990 2110 991 2110 989 2111 991 2111 992 2111 993 2112 994 2112 995 2112 995 2113 994 2113 996 2113 995 2114 996 2114 997 2114 997 2115 996 2115 998 2115 997 2116 998 2116 999 2116 999 2117 998 2117 992 2117 999 2118 992 2118 1000 2118 1000 2119 992 2119 991 2119 1001 2120 920 2120 1002 2120 1002 98 920 98 919 98 1002 98 919 98 1003 98 1003 98 919 98 918 98 1003 98 918 98 1004 98 1004 98 918 98 917 98 1004 2121 917 2121 1005 2121 1005 2122 917 2122 916 2122 1005 98 916 98 1006 98 1006 98 916 98 915 98 1006 98 915 98 1007 98 915 2123 928 2123 1007 2123 1007 98 928 98 927 98 1007 2124 927 2124 1008 2124 1008 2125 927 2125 926 2125 1008 2126 926 2126 1009 2126 1009 2127 926 2127 925 2127 1009 98 925 98 1010 98 1010 98 925 98 924 98 1010 98 924 98 1011 98 1011 2128 924 2128 923 2128 1011 98 923 98 1012 98 1012 98 923 98 922 98 1012 98 922 98 1001 98 1001 98 922 98 921 98 1001 98 921 98 920 98 1013 2129 1014 2129 1015 2129 1015 2130 1016 2131 1013 2132 1013 2133 1016 2133 1017 2133 1013 2134 1017 2135 1018 2136 1018 2137 1017 2138 1019 2139 1018 2140 1019 2140 1020 2140 1020 2141 1019 2142 1021 2143 1020 2144 1021 2145 1022 2146 932 2147 1023 2147 1024 2147 932 2148 1024 2148 933 2148 1023 2149 932 2149 1025 2149 1025 2150 932 2150 931 2150 1025 2151 931 2151 1026 2151 930 2152 1027 2152 931 2152 931 2153 1027 2153 1028 2153 931 2154 1028 2154 1026 2154 1029 2155 1030 2155 929 2155 929 2156 1030 2156 1031 2156 929 2157 1031 2157 930 2157 930 2158 1031 2158 1032 2158 930 2159 1032 2159 1027 2159 1029 2160 929 2160 1033 2160 1033 2161 929 2161 940 2161 1033 2162 940 2162 1034 2162 1034 2163 940 2163 1035 2163 1035 2164 940 2164 939 2164 1035 2165 939 2165 1036 2165 938 2166 1037 2166 939 2166 939 2167 1037 2167 1038 2167 939 2168 1038 2168 1036 2168 936 2169 1039 2169 1040 2169 936 2170 1040 2170 937 2170 1040 2171 1041 2171 937 2171 937 2172 1041 2172 1042 2172 937 2173 1042 2173 938 2173 938 2174 1042 2174 1043 2174 938 2175 1043 2175 1037 2175 1039 2176 936 2176 1044 2176 1044 2177 936 2177 935 2177 1044 2178 935 2178 1045 2178 1045 2179 935 2179 1046 2179 1046 2180 935 2180 934 2180 1046 2181 934 2181 1047 2181 1024 2182 1048 2182 933 2182 933 2183 1048 2183 1049 2183 933 2184 1049 2184 934 2184 934 2185 1049 2185 1050 2185 934 2186 1050 2186 1047 2186 951 2187 1051 2187 1052 2187 951 2188 1052 2188 950 2188 1051 2189 951 2189 1053 2189 1053 2190 951 2190 952 2190 1053 2191 952 2191 1054 2191 1054 2192 952 2192 1055 2192 1055 2193 952 2193 941 2193 1055 2194 941 2194 1056 2194 1057 2195 1058 2195 942 2195 942 2196 1058 2196 1059 2196 942 2197 1059 2197 941 2197 941 2198 1059 2198 1060 2198 941 2199 1060 2199 1056 2199 1057 2200 942 2200 1061 2200 1061 2201 942 2201 943 2201 1061 2202 943 2202 1062 2202 1062 2203 943 2203 1063 2203 1063 2204 943 2204 944 2204 1063 2205 944 2205 1064 2205 1064 2206 944 2206 1065 2206 1065 2207 944 2207 945 2207 1065 2208 945 2208 1066 2208 947 2209 1067 2209 946 2209 946 2210 1067 2210 1068 2210 1068 2211 1069 2211 946 2211 946 2212 1069 2212 1070 2212 946 2213 1070 2213 945 2213 945 2214 1070 2214 1071 2214 945 2215 1071 2215 1066 2215 948 2216 949 2216 1072 2216 1072 2217 1073 2217 948 2217 948 2218 1073 2218 1074 2218 948 2219 1074 2219 947 2219 947 2220 1074 2220 1075 2220 947 2221 1075 2221 1067 2221 1052 2222 1076 2222 950 2222 950 2223 1076 2223 1077 2223 950 2224 1077 2224 949 2224 949 2225 1077 2225 1078 2225 949 2226 1078 2226 1072 2226 1079 2227 1080 2227 1081 2227 1082 98 1083 98 1084 98 1085 98 1086 98 1087 98 1087 2228 1086 2228 1079 2228 1087 98 1079 98 1088 98 1088 98 1079 98 1081 98 1079 98 1089 98 1080 98 1080 2229 1089 2229 1082 2229 1080 2230 1082 2230 1090 2230 1090 98 1082 98 1084 98 960 2231 1091 2231 961 2231 961 2232 1091 2232 1092 2232 958 2233 1093 2233 1094 2233 958 2234 1094 2234 959 2234 1094 2235 1095 2235 959 2235 959 2236 1095 2236 1096 2236 959 2237 1096 2237 960 2237 960 2238 1096 2238 1097 2238 960 2239 1097 2239 1091 2239 1093 2240 958 2240 1098 2240 1098 2241 958 2241 957 2241 1098 2242 957 2242 1099 2242 956 2243 1100 2243 957 2243 957 2244 1100 2244 1101 2244 957 2245 1101 2245 1099 2245 955 2246 1102 2246 956 2246 956 2247 1102 2247 1103 2247 956 2248 1103 2248 1100 2248 954 2249 1104 2249 955 2249 955 2250 1104 2250 1105 2250 955 2251 1105 2251 1102 2251 1106 2252 1107 2252 953 2252 953 2253 1107 2253 1108 2253 953 2254 1108 2254 954 2254 954 2255 1108 2255 1109 2255 954 2256 1109 2256 1104 2256 1106 2257 953 2257 1110 2257 1110 2258 953 2258 964 2258 1110 2259 964 2259 1111 2259 1111 2260 964 2260 1112 2260 1112 2261 964 2261 963 2261 1112 2262 963 2262 1113 2262 962 2263 1114 2263 963 2263 963 2264 1114 2264 1115 2264 963 2265 1115 2266 1113 2267 1092 2268 1116 2268 961 2268 961 2269 1116 2269 1117 2269 961 2270 1117 2270 962 2270 962 2271 1117 2271 1118 2271 962 2272 1118 2272 1114 2272 969 2273 1119 2273 968 2273 968 2274 1119 2274 1120 2274 971 2275 1121 2275 1122 2275 971 2276 1122 2276 970 2276 1122 2277 1123 2277 970 2277 970 2278 1123 2278 1124 2278 970 2279 1124 2279 969 2279 969 2280 1124 2280 1125 2280 969 2281 1125 2281 1119 2281 1121 2282 971 2282 1126 2282 1126 2283 971 2283 972 2283 1126 2284 972 2284 1127 2284 1127 2285 972 2285 1128 2285 1128 2286 972 2286 973 2286 1128 2287 973 2287 1129 2287 974 2288 1130 2288 973 2288 973 2289 1130 2289 1131 2289 973 2290 1131 2290 1129 2290 975 2291 1132 2291 974 2291 974 2292 1132 2292 1133 2292 974 2293 1133 2293 1130 2293 1134 2294 1135 2294 976 2294 976 2295 1135 2295 1136 2295 976 2296 1136 2296 975 2296 975 2297 1136 2297 1137 2297 975 2298 1137 2298 1132 2298 1134 2299 976 2299 1138 2299 1138 2300 976 2300 965 2300 1138 2301 965 2301 1139 2301 1139 2302 965 2302 1140 2302 1140 2303 965 2303 966 2303 1140 2304 966 2304 1141 2304 967 2305 1142 2305 966 2305 966 2306 1142 2306 1143 2306 966 2307 1143 2307 1141 2307 1120 2308 1144 2308 968 2308 968 2309 1144 2309 1145 2309 968 2310 1145 2310 967 2310 967 2311 1145 2311 1146 2311 967 2312 1146 2312 1142 2312 1147 98 1148 98 1149 98 1149 2313 1150 2313 1151 2313 1151 2314 1150 2314 1152 2314 1152 2315 1153 2315 1151 2315 1151 98 1153 98 1154 98 1151 98 1154 98 1155 98 1156 98 1147 98 1157 98 1157 2316 1147 2316 1149 2316 1157 98 1149 98 1158 98 1158 2317 1149 2317 1151 2317 1159 2318 1160 2318 1161 2318 1161 2319 1160 2319 1162 2319 1161 2320 1162 2320 1163 2320 1164 2321 1165 2321 1166 2321 1166 2322 1165 2322 1167 2322 1166 2323 1167 2323 1168 2323 1168 2324 1167 2324 1169 2324 1168 2325 1169 2325 1159 2325 1164 2326 1166 2326 1170 2326 1170 2327 1166 2327 1171 2327 1170 2328 1171 2328 1172 2328 1172 2329 1171 2329 1173 2329 1173 2330 1171 2330 1174 2330 1173 2331 1174 2331 1175 2331 1175 2332 1174 2332 1176 2332 1176 2333 1174 2333 1177 2333 1176 2334 1177 2334 1178 2334 1179 2335 1180 2335 1181 2335 1181 2336 1180 2336 1182 2336 1181 2337 1182 2337 1183 2337 1179 2338 1184 2338 1180 2338 1180 2339 1184 2339 1185 2339 1180 2340 1185 2340 1177 2340 1177 2341 1185 2341 1186 2341 1177 2342 1186 2342 1178 2342 1187 2343 1188 2343 1189 2343 1189 2344 1188 2344 1190 2344 1189 2345 1190 2345 1191 2345 1159 2346 1161 2346 1168 2346 1168 2347 1161 2347 1192 2347 1168 2348 1192 2348 1166 2348 1166 2349 1192 2349 1193 2349 1166 2350 1193 2350 1171 2350 1171 2351 1193 2351 1194 2351 1171 2352 1194 2352 1174 2352 1174 2353 1194 2353 1195 2353 1174 2354 1195 2354 1177 2354 1177 2355 1195 2355 1196 2355 1177 2356 1196 2356 1180 2356 1180 2357 1196 2357 1189 2357 1180 2358 1189 2358 1182 2358 1182 2359 1189 2359 1191 2359 1182 2360 1191 2360 1183 2360 981 98 1197 98 980 98 980 98 1197 98 1198 98 980 98 1198 98 979 98 979 2361 1198 2361 1199 2361 979 1750 1199 1750 978 1750 978 98 1199 98 1200 98 978 2362 1200 2362 977 2362 977 2363 1200 2363 1201 2363 977 98 1201 98 988 98 988 2364 1201 2364 1202 2364 988 98 1202 98 987 98 987 98 1202 98 1203 98 987 98 1203 98 986 98 986 98 1203 98 1204 98 986 2365 1204 2365 985 2365 985 98 1204 98 1205 98 985 98 1205 98 984 98 984 98 1205 98 1206 98 984 2366 1206 2366 983 2366 983 98 1206 98 1207 98 983 98 1207 98 982 98 982 2367 1207 2367 1208 2367 982 2368 1208 2368 981 2368 981 1753 1208 1753 1197 1753 1209 2369 1187 2369 1189 2369 1210 2370 1211 2370 1212 2370 1163 2371 1213 2371 1161 2371 1161 2372 1213 2372 1210 2372 1214 2373 1215 2373 1216 2373 1210 2374 1212 2374 1161 2374 1161 2375 1212 2375 1217 2375 1161 2376 1217 2376 1192 2376 1192 2377 1217 2377 1218 2377 1192 2378 1218 2378 1193 2378 1193 2379 1218 2379 1219 2379 1193 2380 1219 2380 1194 2380 1194 2381 1219 2381 1220 2381 1194 2382 1220 2382 1195 2382 1195 2383 1220 2383 1221 2383 1195 2384 1221 2384 1196 2384 1196 2385 1221 2385 1214 2385 1196 2386 1214 2386 1189 2386 1189 2387 1214 2387 1216 2387 1189 2388 1216 2388 1209 2388 1215 2389 1222 2390 1223 2391 1223 2392 1222 2392 1224 2392 1225 2393 995 2393 997 2393 995 2394 1225 2394 993 2394 999 2395 1226 2395 997 2395 997 2396 1226 2396 1227 2396 997 2397 1227 2397 1225 2397 999 2398 1000 2398 1226 2398 1226 2399 1000 2399 991 2399 1226 2400 991 2400 1228 2400 1228 2401 991 2401 990 2401 1228 2402 990 2402 1229 2402 996 2403 994 2403 1230 2403 1231 2404 989 2405 1232 2406 1232 2407 989 2408 992 2409 1232 2410 992 2410 1233 2410 1233 2411 992 2412 998 2413 1233 2414 998 2414 1234 2415 1234 2416 998 2416 996 2416 1234 2417 996 2417 1235 2417 1235 2418 996 2418 1230 2418 1236 2419 1237 2419 1238 2419 1238 2420 1237 2420 1239 2420 1240 2421 1241 2421 1242 2421 1242 2422 1241 2422 1236 2422 1242 2423 1236 2423 1243 2423 1243 2424 1236 2424 1238 2424 1244 2425 1245 2425 1246 2425 1239 2426 1247 2426 1238 2426 1238 2427 1247 2428 1248 2429 1238 2430 1248 2430 1243 2430 1243 2431 1248 2431 1244 2431 1243 2432 1244 2432 1242 2432 1242 2433 1244 2433 1246 2433 1242 2434 1246 2434 1240 2434 1240 2435 1246 2435 1249 2435 1250 2436 1251 2436 1252 2436 1253 2437 1254 2437 1255 2437 1256 2438 1257 2438 1258 2438 1257 2439 1259 2439 1258 2439 1258 2440 1259 2440 1260 2440 1258 2441 1260 2441 1261 2441 1261 2442 1260 2442 1262 2442 1261 2443 1262 2443 1249 2443 1263 2444 1264 2444 1265 2444 1265 2445 1264 2445 1266 2445 1265 2446 1266 2446 1267 2446 1268 2447 1269 2447 1270 2447 1270 2448 1269 2448 1271 2448 1270 2449 1271 2449 1265 2449 1265 2450 1271 2450 1272 2450 1265 2451 1272 2451 1263 2451 1273 2452 1274 2452 1270 2452 1270 2453 1274 2453 1275 2453 1270 2454 1275 2454 1268 2454 1276 2455 1277 2455 1273 2455 1273 2456 1277 2456 1278 2456 1273 2457 1278 2457 1274 2457 1279 2458 1280 2458 1276 2458 1276 2459 1280 2459 1281 2459 1276 2460 1281 2460 1277 2460 1253 2461 1255 2461 1282 2461 1282 2462 1255 2462 1283 2462 1282 2463 1283 2463 1284 2463 1252 2464 1285 2464 1283 2464 1283 2465 1285 2465 1286 2465 1283 2466 1286 2466 1284 2466 1251 2467 1287 2467 1252 2467 1252 2468 1287 2468 1288 2468 1252 2469 1288 2469 1285 2469 1289 2470 1290 2470 1291 2470 1291 2471 1292 2471 1289 2471 1289 2472 1292 2472 1293 2472 1289 2473 1293 2473 1250 2473 1250 2474 1252 2474 1289 2474 1289 2475 1252 2475 1283 2475 1289 2476 1283 2476 1294 2476 1294 2477 1283 2477 1255 2477 1294 2478 1255 2478 1295 2478 1266 2479 1256 2479 1267 2479 1267 2480 1256 2480 1258 2480 1267 2481 1258 2481 1265 2481 1265 2482 1258 2482 1296 2482 1265 2483 1296 2483 1270 2483 1270 2484 1296 2484 1297 2484 1270 2485 1297 2485 1273 2485 1273 2486 1297 2486 1295 2486 1273 2487 1295 2487 1276 2487 1276 2488 1295 2488 1255 2488 1276 2489 1255 2489 1279 2489 1279 2490 1255 2490 1254 2490 1298 2491 1299 2491 1012 2491 1012 2492 1299 2492 1300 2492 1012 2493 1300 2493 1011 2493 1298 2494 1012 2494 1301 2494 1301 2495 1012 2495 1001 2495 1301 2496 1001 2496 1302 2496 1302 2497 1001 2498 1303 2499 1303 2500 1001 2500 1002 2500 1303 2501 1002 2501 1304 2501 1003 2502 1305 2502 1002 2502 1002 2503 1305 2503 1306 2503 1002 2504 1306 2504 1304 2504 1307 2505 1308 2505 1004 2505 1004 2506 1308 2506 1309 2506 1004 2507 1309 2507 1003 2507 1003 2508 1309 2508 1310 2508 1003 2509 1310 2509 1305 2509 1307 2510 1004 2510 1311 2510 1311 2511 1004 2511 1005 2511 1311 2512 1005 2512 1312 2512 1313 2513 1314 2513 1006 2513 1006 2514 1314 2514 1315 2514 1006 2515 1315 2515 1005 2515 1005 2516 1315 2516 1316 2516 1005 2517 1316 2517 1312 2517 1313 2518 1006 2518 1317 2518 1317 2519 1006 2519 1007 2519 1317 2520 1007 2520 1318 2520 1009 2521 1319 2521 1008 2521 1008 2522 1319 2522 1320 2522 1320 2523 1321 2523 1008 2523 1008 2524 1321 2524 1322 2524 1008 2525 1322 2525 1007 2525 1007 2526 1322 2526 1323 2526 1007 2527 1323 2527 1318 2527 1300 2528 1324 2528 1011 2528 1011 2529 1324 2529 1325 2529 1011 2530 1325 2530 1010 2530 1010 2531 1325 2531 1326 2531 1010 2532 1326 2532 1009 2532 1009 2533 1326 2533 1327 2533 1009 2534 1327 2534 1319 2534 1016 2535 1015 2535 1328 2535 1328 2536 1329 2536 1016 2536 1016 2537 1329 2538 1330 2539 1016 2540 1330 2540 1017 2540 1017 2541 1330 2541 1331 2541 1017 2542 1331 2543 1019 2544 1019 2545 1331 2546 1332 2547 1019 2548 1332 2548 1021 2548 1333 2549 1334 2549 1335 2549 1333 2550 1335 2550 1336 2550 1335 2551 1337 2551 1336 2551 1336 2552 1337 2552 1338 2552 1336 2553 1338 2553 1339 2553 1339 2554 1338 2554 1340 2554 1339 2555 1340 2555 1341 2555 1341 2556 1340 2556 1290 2556 1341 2557 1290 2557 1342 2557 1342 2558 1290 2558 1289 2558 990 2559 989 2559 1261 2559 1261 2560 989 2561 1231 2562 1261 2563 1231 2563 1258 2563 1249 2564 1246 2564 1261 2564 1261 2565 1246 2565 1245 2565 1245 2566 1343 2566 1261 2566 1261 2567 1343 2567 1229 2567 1261 2568 1229 2568 990 2568 1231 2569 1344 2569 1258 2569 1258 2570 1344 2570 1345 2570 1258 2571 1345 2571 1296 2571 1296 2572 1345 2572 1346 2572 1296 2573 1346 2573 1297 2573 1022 2574 1021 2575 1347 2576 1347 2577 1021 2577 1332 2577 1347 2578 1332 2578 1348 2578 1346 2579 1349 2579 1297 2579 1297 2580 1349 2580 1350 2580 1297 2581 1350 2581 1295 2581 1295 2582 1350 2582 1351 2582 1295 2583 1351 2583 1294 2583 1294 2584 1351 2584 1347 2584 1294 2585 1347 2585 1289 2585 1289 2586 1347 2586 1348 2586 1289 2587 1348 2587 1342 2587 1352 2588 1353 2588 1014 2588 1014 2589 1013 2589 1352 2589 1352 2590 1013 2590 1018 2590 1352 2591 1018 2591 1354 2591 1354 2592 1018 2592 1020 2592 1354 2593 1020 2593 1355 2593 1355 2594 1020 2594 1022 2594 1355 2595 1022 2595 1356 2595 1357 2596 1358 2596 1057 2596 1356 2597 1022 2597 1347 2597 1356 2598 1347 2598 1359 2598 1043 2599 1360 2599 1037 2599 1037 2600 1360 2600 1038 2600 1043 2601 1042 2601 1360 2601 1360 2602 1042 2603 1041 2604 1360 2605 1041 2605 1361 2605 1041 2606 1040 2606 1361 2606 1361 2607 1040 2607 1039 2607 1361 2608 1039 2608 1362 2608 1362 2609 1039 2609 1044 2609 1362 2610 1044 2610 1045 2610 1045 2611 1046 2611 1362 2611 1362 2612 1046 2612 1047 2612 1362 2613 1047 2613 1363 2613 1047 2614 1050 2614 1363 2614 1363 2615 1050 2615 1049 2615 1363 2616 1049 2616 1364 2616 1049 2617 1048 2618 1364 2619 1364 2620 1048 2620 1024 2620 1364 2621 1024 2621 1365 2621 1028 2622 1027 2622 1366 2622 1024 2623 1023 2623 1365 2623 1365 2624 1023 2624 1025 2624 1365 2625 1025 2625 1366 2625 1366 2626 1025 2626 1026 2626 1366 2627 1026 2627 1028 2627 1032 2628 1031 2628 1367 2628 1367 2629 1031 2629 1030 2629 1367 2630 1030 2630 1029 2630 1029 2631 1033 2631 1367 2631 1367 2632 1033 2632 1034 2632 1367 2633 1034 2633 1368 2633 1368 2634 1034 2634 1035 2634 1368 2635 1035 2635 1036 2635 1027 2636 1032 2636 1366 2636 1366 2637 1032 2637 1367 2637 1366 2638 1367 2638 1369 2638 1369 2639 1367 2639 1370 2639 1369 2640 1370 2640 1371 2640 1371 2641 1370 2641 1372 2641 1372 2642 1370 2642 1373 2642 1372 2643 1373 2643 1374 2643 1374 2644 1373 2644 1375 2644 1375 2645 1373 2645 1376 2645 1375 2646 1376 2646 1377 2646 1060 2647 1059 2647 1378 2647 1057 2648 1358 2648 1058 2648 1377 2649 1376 2649 1379 2649 1379 2650 1376 2650 1378 2650 1379 2651 1378 2651 1358 2651 1358 2652 1378 2652 1059 2652 1358 2653 1059 2653 1058 2653 1357 2654 1057 2654 1380 2654 1380 2655 1057 2655 1061 2655 1380 2656 1061 2656 1062 2656 1062 2657 1063 2657 1380 2657 1380 2658 1063 2658 1064 2658 1380 2659 1064 2659 1381 2659 1381 2660 1064 2660 1065 2660 1069 2661 1068 2661 1382 2661 1065 2662 1066 2662 1381 2662 1381 2663 1066 2663 1071 2663 1381 2664 1071 2664 1382 2664 1382 2665 1071 2665 1070 2665 1382 2666 1070 2666 1069 2666 1068 2667 1067 2667 1382 2667 1382 2668 1067 2668 1075 2668 1382 2669 1075 2669 1383 2669 1383 2670 1075 2670 1074 2670 1074 2671 1073 2671 1383 2671 1383 2672 1073 2672 1072 2672 1383 2673 1072 2673 1078 2673 1051 2674 1053 2674 1384 2674 1078 2675 1077 2675 1383 2675 1383 2676 1077 2676 1076 2676 1383 2677 1076 2677 1384 2677 1384 2678 1076 2678 1052 2678 1384 2679 1052 2679 1051 2679 1053 2680 1054 2680 1384 2680 1384 2681 1054 2681 1055 2681 1384 2682 1055 2682 1378 2682 1378 2683 1055 2683 1056 2683 1378 2684 1056 2684 1060 2684 1368 2685 1385 2685 1367 2685 1367 2686 1385 2686 1386 2686 1367 2687 1386 2687 1370 2687 1370 2688 1386 2688 1387 2688 1370 2689 1387 2689 1373 2689 1373 2690 1387 2690 1388 2690 1373 2691 1388 2691 1376 2691 1376 2692 1388 2692 1389 2692 1376 2693 1389 2693 1378 2693 1378 2694 1389 2694 1390 2694 1378 2695 1390 2695 1384 2695 1384 2696 1390 2696 1391 2696 1384 2697 1391 2697 1383 2697 1383 2698 1391 2698 1392 2698 1231 2699 1393 2699 1344 2699 1344 2700 1393 2700 1394 2700 1344 2701 1394 2701 1345 2701 1345 2702 1394 2702 1395 2702 1345 2703 1395 2703 1346 2703 1346 2704 1395 2704 1396 2704 1346 2705 1396 2705 1349 2705 1349 2706 1396 2706 1397 2706 1349 2707 1397 2707 1350 2707 1350 2708 1397 2708 1398 2708 1350 2709 1398 2709 1351 2709 1351 2710 1398 2710 1399 2710 1351 2711 1399 2711 1347 2711 1347 2712 1399 2712 1400 2712 1347 2713 1400 2713 1359 2713 1393 2714 1392 2714 1394 2714 1394 2715 1392 2715 1391 2715 1394 2716 1391 2716 1395 2716 1395 2717 1391 2717 1390 2717 1395 2718 1390 2718 1396 2718 1396 2719 1390 2719 1389 2719 1396 2720 1389 2720 1397 2720 1397 2721 1389 2721 1388 2721 1397 2722 1388 2722 1398 2722 1398 2723 1388 2723 1387 2723 1398 2724 1387 2724 1399 2724 1399 2725 1387 2725 1386 2725 1399 2726 1386 2726 1400 2726 1400 2727 1386 2727 1385 2727 1400 2728 1385 2728 1359 2728 1359 2729 1385 2729 1368 2729 1359 2730 1368 2730 1360 2730 1360 2731 1368 2731 1036 2731 1360 2732 1036 2732 1038 2732 1401 2733 1402 2733 1403 2733 1403 2734 1402 2734 1404 2734 1403 2735 1404 2735 1405 2735 1405 2736 1404 2737 1406 2738 1405 2739 1406 2739 1407 2739 1407 2740 1406 2741 1408 2742 1409 2743 1410 2743 1411 2743 1412 98 1411 98 1413 98 1413 2744 1411 2744 1410 2744 1413 2745 1410 2745 1414 2745 1414 2746 1410 2746 1415 2746 1416 2747 1085 2747 1417 2747 1417 2748 1085 2748 1087 2748 1417 2749 1087 2749 1418 2749 1418 2750 1087 2750 1088 2750 1418 2751 1088 2751 1419 2751 1419 2752 1088 2752 1081 2752 1419 2753 1081 2753 1420 2753 1420 2754 1081 2754 1080 2754 1420 2755 1080 2755 1421 2755 1421 2756 1080 2756 1090 2756 1421 2757 1090 2757 1422 2757 1422 2758 1090 2758 1084 2758 1422 2759 1084 2759 1423 2759 1423 2760 1084 2760 1083 2760 1423 2761 1083 2761 1424 2761 1424 2762 1083 2762 1082 2762 1424 2763 1082 2763 1425 2763 1425 2764 1082 2764 1089 2764 1425 2765 1089 2765 1426 2765 1426 2766 1089 2766 1079 2766 1426 2767 1079 2767 1427 2767 1427 2768 1079 2768 1086 2768 1427 2769 1086 2769 1416 2769 1416 2770 1086 2770 1085 2770 1428 2771 1429 2771 1430 2771 1431 2772 1432 2772 1433 2772 1433 2773 1432 2773 1434 2773 1433 2774 1434 2774 1435 2774 1435 2775 1434 2775 1436 2775 1435 2776 1436 2776 1437 2776 1433 2777 1438 2777 1431 2777 1431 2778 1438 2778 1439 2778 1431 2779 1439 2779 1430 2779 1430 2780 1439 2780 1440 2780 1430 2781 1440 2781 1428 2781 1436 2782 1211 2782 1437 2782 1437 2783 1211 2783 1441 2783 1222 2784 1215 2784 1214 2784 1436 2785 1434 2785 1442 2785 1111 2786 1112 2786 1443 2786 1443 2787 1112 2787 1113 2787 1113 2788 1115 2788 1443 2788 1443 2789 1115 2789 1114 2789 1443 2790 1114 2790 1118 2790 1117 2791 1116 2791 1444 2791 1444 2792 1116 2792 1092 2792 1092 2793 1091 2793 1444 2793 1444 2794 1091 2794 1097 2794 1444 2795 1097 2795 1096 2795 1096 2796 1095 2797 1444 2798 1444 2799 1095 2799 1094 2799 1444 2800 1094 2800 1445 2800 1094 2801 1093 2801 1445 2801 1445 2802 1093 2802 1098 2802 1445 2803 1098 2803 1099 2803 1099 2804 1101 2804 1445 2804 1445 2805 1101 2805 1100 2805 1445 2806 1100 2806 1446 2806 1100 2807 1103 2807 1446 2807 1446 2808 1103 2808 1102 2808 1446 2809 1102 2809 1447 2809 1102 2810 1105 2810 1447 2810 1447 2811 1105 2811 1104 2811 1447 2812 1104 2812 1448 2812 1104 2813 1109 2813 1448 2813 1448 2814 1109 2814 1108 2814 1448 2815 1108 2815 1107 2815 1107 2816 1106 2817 1448 2818 1448 2819 1106 2819 1110 2819 1448 2820 1110 2820 1111 2820 1111 2821 1443 2821 1448 2821 1448 2822 1443 2822 1449 2822 1448 2823 1449 2823 1450 2823 1450 2824 1449 2824 1451 2824 1451 2825 1449 2825 1452 2825 1451 2826 1452 2826 1453 2826 1453 2827 1452 2827 1454 2827 1454 2828 1452 2828 1455 2828 1454 2829 1455 2829 1456 2829 1456 2830 1455 2830 1457 2830 1457 2831 1455 2831 1458 2831 1457 2832 1458 2832 1459 2832 1459 2833 1458 2833 1460 2833 1460 2834 1458 2834 1461 2834 1460 2835 1461 2835 1462 2835 1139 2836 1140 2836 1463 2836 1463 2837 1140 2837 1141 2837 1463 2838 1141 2838 1143 2838 1143 2839 1142 2839 1463 2839 1463 2840 1142 2840 1146 2840 1463 2841 1146 2841 1464 2841 1146 2842 1145 2842 1464 2842 1464 2843 1145 2843 1144 2843 1464 2844 1144 2844 1429 2844 1429 2845 1144 2845 1120 2845 1120 2846 1119 2846 1429 2846 1429 2847 1119 2847 1125 2847 1429 2848 1125 2848 1124 2848 1124 2849 1123 2849 1429 2849 1429 2850 1123 2850 1122 2850 1429 2851 1122 2851 1430 2851 1128 2852 1129 2852 1431 2852 1122 2853 1121 2853 1430 2853 1430 2854 1121 2854 1126 2854 1430 2855 1126 2855 1431 2855 1431 2856 1126 2856 1127 2856 1431 2857 1127 2857 1128 2857 1133 2858 1465 2858 1130 2858 1130 2859 1465 2859 1431 2859 1130 2860 1431 2860 1131 2860 1131 2861 1431 2861 1129 2861 1133 2862 1132 2862 1465 2862 1465 2863 1132 2863 1137 2863 1465 2864 1137 2864 1136 2864 1463 2865 1466 2865 1139 2865 1139 2866 1466 2866 1462 2866 1139 2867 1462 2867 1138 2867 1138 2868 1462 2868 1461 2868 1138 2869 1461 2869 1134 2869 1134 2870 1461 2870 1465 2870 1134 2871 1465 2872 1135 2873 1135 2874 1465 2874 1136 2874 1467 2875 1432 2875 1431 2875 1467 2876 1468 2876 1469 2876 1469 2877 1468 2877 1470 2877 1469 2878 1470 2878 1471 2878 1471 2879 1470 2879 1472 2879 1471 2880 1472 2880 1473 2880 1473 2881 1472 2881 1474 2881 1473 2882 1474 2882 1475 2882 1475 2883 1474 2883 1476 2883 1475 2884 1476 2884 1477 2884 1477 2885 1476 2885 1478 2885 1477 2886 1478 2886 1479 2886 1479 2887 1478 2887 1480 2887 1479 2888 1480 2888 1481 2888 1481 2889 1480 2889 1444 2889 1211 2890 1436 2890 1212 2890 1212 2891 1436 2891 1442 2891 1212 2892 1442 2892 1217 2892 1217 2893 1442 2893 1482 2893 1217 2894 1482 2894 1218 2894 1218 2895 1482 2895 1483 2895 1218 2896 1483 2896 1219 2896 1219 2897 1483 2897 1484 2897 1219 2898 1484 2898 1220 2898 1220 2899 1484 2899 1485 2899 1220 2900 1485 2900 1221 2900 1221 2901 1485 2901 1486 2901 1221 2902 1486 2902 1214 2902 1214 2903 1486 2903 1487 2903 1214 2904 1487 2904 1222 2904 1222 2905 1487 2905 1488 2905 1467 2906 1431 2906 1468 2906 1468 2907 1431 2907 1465 2907 1468 2908 1465 2908 1470 2908 1470 2909 1465 2909 1461 2909 1470 2910 1461 2910 1472 2910 1472 2911 1461 2911 1458 2911 1472 2912 1458 2912 1474 2912 1474 2913 1458 2913 1455 2913 1474 2914 1455 2914 1476 2914 1476 2915 1455 2915 1452 2915 1476 2916 1452 2916 1478 2916 1478 2917 1452 2917 1449 2917 1478 2918 1449 2918 1480 2918 1480 2919 1449 2919 1443 2919 1480 2920 1443 2920 1444 2920 1444 2921 1443 2921 1118 2921 1444 2922 1118 2922 1117 2922 1434 2923 1432 2923 1442 2923 1442 2924 1432 2924 1467 2924 1442 2925 1467 2925 1482 2925 1482 2926 1467 2926 1469 2926 1482 2927 1469 2927 1483 2927 1483 2928 1469 2928 1471 2928 1483 2929 1471 2929 1484 2929 1484 2930 1471 2930 1473 2930 1484 2931 1473 2931 1485 2931 1485 2932 1473 2932 1475 2932 1485 2933 1475 2933 1486 2933 1486 2934 1475 2934 1477 2934 1486 2935 1477 2935 1487 2935 1487 2936 1477 2936 1479 2936 1487 2937 1479 2937 1488 2937 1488 2938 1479 2938 1481 2938 1489 98 1490 98 1491 98 1492 2939 1493 2940 1494 2941 1494 2942 1493 2942 1489 2942 1494 2943 1489 2943 1495 2943 1495 2944 1489 2944 1491 2944 1491 2945 1496 2945 1495 2945 1495 2946 1496 2946 1497 2946 1495 2947 1497 2947 1494 2947 1494 2948 1497 2948 1498 2948 1494 2949 1498 2949 1492 2949 1499 2950 1156 2950 1500 2950 1500 2951 1156 2951 1157 2951 1500 2952 1157 2952 1501 2952 1501 2953 1157 2953 1158 2953 1501 2954 1158 2954 1502 2954 1502 2955 1158 2955 1151 2955 1502 2956 1151 2956 1503 2956 1503 2957 1151 2957 1155 2957 1503 2958 1155 2958 1504 2958 1504 2959 1155 2959 1154 2959 1504 2960 1154 2960 1505 2960 1505 2961 1154 2961 1153 2961 1505 2962 1153 2962 1506 2962 1506 2963 1153 2963 1152 2963 1506 2964 1152 2964 1507 2964 1507 2964 1152 2964 1150 2964 1507 2965 1150 2965 1508 2965 1508 2965 1150 2965 1149 2965 1508 2966 1149 2966 1509 2966 1509 2967 1149 2967 1148 2967 1509 2968 1148 2968 1510 2968 1510 2969 1148 2969 1147 2969 1510 2970 1147 2970 1499 2970 1499 2971 1147 2971 1156 2971 1441 2972 1211 2972 1210 2972 1441 2973 1210 2973 1511 2973 1511 2974 1210 2974 1213 2974 1511 2975 1213 2975 1512 2975 1512 2976 1213 2976 1513 2976 1513 2977 1213 2977 1163 2977 1173 2978 1175 2978 1514 2978 1515 2979 1514 2979 1516 2979 1517 2980 1518 2980 1519 2980 1520 2981 1521 2981 1522 2981 1521 2982 1520 2982 1513 2982 1518 2983 1517 2983 1523 2983 1523 2984 1517 2985 1524 2986 1523 2987 1524 2987 1522 2987 1522 2988 1524 2988 1525 2988 1522 2989 1525 2989 1520 2989 1526 2990 1527 2990 1519 2990 1519 2991 1527 2991 1528 2991 1519 2992 1528 2992 1517 2992 1529 2993 1530 2993 1531 2993 1531 2994 1530 2994 1532 2994 1531 2995 1532 2995 1533 2995 1533 2996 1532 2996 1534 2996 1534 2997 1532 2997 1535 2997 1534 2998 1535 2998 1536 2998 1537 2999 1538 2999 1539 2999 1539 3000 1538 3000 1540 3000 1539 3001 1540 3001 1541 3001 1541 3002 1540 3003 1542 3004 1541 3005 1542 3005 1543 3005 1543 3006 1542 3006 1544 3006 1543 3007 1544 3007 1545 3007 1545 3008 1544 3008 1546 3008 1545 3009 1546 3009 1516 3009 1516 3010 1546 3010 1547 3010 1516 3011 1547 3011 1515 3011 1187 3012 1548 3012 1188 3012 1188 3013 1548 3013 1190 3013 1548 3014 1549 3014 1190 3014 1190 3015 1549 3015 1550 3015 1190 3016 1550 3016 1191 3016 1191 3017 1550 3017 1551 3017 1191 3018 1551 3018 1183 3018 1183 3019 1551 3019 1552 3019 1183 3020 1552 3020 1181 3020 1552 3021 1553 3021 1181 3021 1181 3022 1553 3022 1554 3022 1181 3023 1554 3023 1179 3023 1179 3024 1554 3024 1555 3024 1179 3025 1555 3025 1184 3025 1184 3026 1555 3026 1556 3026 1184 3027 1556 3027 1185 3027 1514 3028 1175 3028 1516 3028 1516 3029 1175 3029 1176 3029 1516 3030 1176 3030 1545 3030 1545 3031 1176 3031 1178 3031 1545 3032 1178 3032 1543 3032 1543 3033 1178 3033 1186 3033 1543 3034 1186 3034 1541 3034 1541 3035 1186 3035 1185 3035 1541 3036 1185 3036 1539 3036 1539 3037 1185 3037 1556 3037 1539 3038 1556 3038 1537 3038 1537 3039 1556 3039 1555 3039 1537 3040 1555 3040 1557 3040 1557 3041 1555 3041 1554 3041 1557 3042 1554 3042 1558 3042 1558 3043 1554 3043 1553 3043 1558 3044 1553 3044 1559 3044 1559 3045 1553 3045 1552 3045 1559 3046 1552 3046 1560 3046 1560 3047 1552 3047 1551 3047 1560 3048 1551 3048 1561 3048 1561 3049 1551 3049 1550 3049 1561 3050 1550 3050 1562 3050 1562 3051 1550 3051 1549 3051 1562 3052 1549 3052 1563 3052 1563 3053 1549 3053 1548 3053 1563 3054 1548 3054 1564 3054 1564 3055 1548 3055 1187 3055 1564 3056 1187 3056 1565 3056 1515 3057 1536 3057 1514 3057 1514 3058 1536 3058 1535 3058 1514 3059 1535 3059 1173 3059 1173 3060 1535 3060 1532 3060 1173 3061 1532 3061 1172 3061 1172 3062 1532 3062 1530 3062 1172 3063 1530 3063 1170 3063 1170 3064 1530 3064 1529 3064 1170 3065 1529 3065 1164 3065 1531 3066 1566 3066 1529 3066 1529 3067 1566 3067 1567 3067 1529 3068 1567 3069 1164 3070 1164 3071 1567 3071 1568 3071 1164 3072 1568 3072 1165 3072 1165 3073 1568 3073 1569 3073 1165 3074 1569 3074 1167 3074 1167 3075 1569 3075 1570 3075 1167 3076 1570 3076 1169 3076 1513 3077 1163 3077 1521 3077 1521 3078 1163 3078 1162 3078 1521 3079 1162 3079 1522 3079 1522 3080 1162 3080 1160 3080 1522 3081 1160 3081 1523 3081 1523 3082 1160 3082 1159 3082 1523 3083 1159 3083 1518 3083 1518 3084 1159 3084 1169 3084 1518 3085 1169 3085 1519 3085 1519 3086 1169 3086 1570 3086 1519 3087 1570 3087 1526 3087 1526 3088 1570 3088 1569 3088 1526 3089 1569 3089 1571 3089 1571 3090 1569 3090 1568 3090 1571 3091 1568 3091 1572 3091 1572 3092 1568 3092 1567 3092 1572 3093 1567 3093 1573 3093 1573 3094 1567 3094 1566 3094 1565 3095 1187 3095 1574 3095 1574 3096 1187 3097 1209 3098 1575 3099 1197 3099 1576 3099 1576 3100 1197 3100 1208 3100 1576 3101 1208 3101 1577 3101 1577 3102 1208 3102 1207 3102 1577 3103 1207 3103 1578 3103 1578 3104 1207 3104 1206 3104 1578 1937 1206 1937 1579 1937 1579 3105 1206 3105 1205 3105 1579 3106 1205 3106 1580 3106 1580 3107 1205 3107 1204 3107 1580 3107 1204 3107 1581 3107 1581 3108 1204 3108 1203 3108 1581 3108 1203 3108 1582 3108 1582 3109 1203 3109 1202 3109 1582 3110 1202 3110 1583 3110 1583 3111 1202 3111 1201 3111 1583 1923 1201 1923 1584 1923 1584 3112 1201 3112 1200 3112 1584 3113 1200 3113 1585 3113 1585 1912 1200 1912 1199 1912 1585 1912 1199 1912 1586 1912 1586 3114 1199 3114 1198 3114 1586 3114 1198 3114 1575 3114 1575 3115 1198 3115 1197 3115 1209 3116 1216 3116 1574 3116 1574 3117 1216 3117 1587 3117 1587 3118 1216 3118 1588 3118 1588 3119 1216 3119 1215 3119 1588 3120 1215 3120 1223 3120 1589 3121 1590 3121 1591 3121 1592 3122 1589 3122 1593 3122 1593 3123 1589 3123 1591 3123 1593 3124 1591 3124 1224 3124 1224 3125 1591 3125 1223 3125 1444 3126 1445 3126 1594 3126 1594 3127 1595 3127 1444 3127 1444 3128 1595 3128 1596 3128 1444 3129 1596 3129 1481 3129 1481 3130 1596 3130 1597 3130 1481 3131 1597 3131 1488 3131 1488 3132 1597 3132 1224 3132 1488 3133 1224 3133 1222 3133 1598 3134 1599 3134 1225 3134 1225 3135 1599 3135 993 3135 1229 3136 1343 3136 1600 3136 1229 3137 1600 3137 1228 3137 1228 3138 1600 3138 1601 3138 1228 3139 1601 3139 1226 3139 1226 3140 1601 3140 1602 3140 1226 3141 1602 3141 1227 3141 1247 3142 1239 3142 1603 3142 1225 3143 1227 3143 1603 3143 1603 3144 1227 3144 1602 3144 1603 3145 1602 3145 1247 3145 1247 3146 1602 3146 1601 3146 1247 3147 1601 3147 1248 3147 1248 3148 1601 3148 1600 3148 1248 3149 1600 3149 1244 3149 1244 3150 1600 3150 1343 3150 1244 3151 1343 3151 1245 3151 1604 3152 1605 3152 1606 3152 1607 3153 1608 3153 1383 3153 1383 3154 1608 3154 1609 3154 1383 3155 1609 3155 1382 3155 1235 3156 1230 3156 1605 3156 1605 3157 1604 3157 1235 3157 1235 3158 1604 3158 1610 3158 1235 3159 1610 3159 1234 3159 1234 3160 1610 3160 1611 3160 1234 3161 1611 3161 1233 3161 1232 3162 1233 3162 1607 3162 1607 3163 1233 3163 1611 3163 1607 3164 1611 3164 1608 3164 1608 3165 1611 3165 1610 3165 1608 3166 1610 3166 1612 3166 1612 3167 1610 3167 1604 3167 1612 3168 1604 3168 1613 3168 1613 3169 1604 3169 1606 3169 1383 3170 1392 3170 1607 3170 1607 3171 1392 3171 1393 3171 1607 3172 1393 3172 1232 3172 1232 3173 1393 3173 1231 3173 1599 3174 1614 3174 993 3174 993 3175 1614 3175 994 3175 1615 3176 1616 3177 1617 3178 1617 3179 1616 3180 1618 3181 1617 3182 1618 3183 1619 3184 1619 3185 1618 3186 1620 3187 1621 3188 1622 3189 1623 3190 1623 3191 1622 3191 1624 3191 1619 3192 1625 3192 1617 3192 1617 3193 1625 3193 1626 3193 1617 3194 1626 3194 1615 3194 1615 3195 1626 3195 1623 3195 1615 3196 1623 3196 1627 3196 1627 3197 1623 3197 1624 3197 1628 3198 1629 3198 1630 3198 1630 3199 1629 3199 1631 3199 1630 3200 1631 3201 1632 3201 1632 3202 1631 3203 1633 3204 1632 3205 1633 3205 1634 3205 1634 3206 1633 3206 1635 3206 1636 3207 1637 3208 1638 3209 1362 3210 1639 3210 1640 3210 1640 3211 1639 3211 1641 3211 1640 3212 1641 3212 1642 3212 1642 3213 1641 3213 1636 3213 1642 3214 1636 3214 1635 3215 1635 3216 1636 3217 1638 3218 1635 3219 1638 3220 1634 3221 1629 3222 1621 3222 1631 3222 1631 3223 1621 3223 1623 3223 1631 3224 1623 3224 1633 3224 1633 3225 1623 3225 1626 3225 1633 3226 1626 3226 1635 3226 1635 3227 1626 3227 1625 3227 1635 3228 1625 3228 1642 3228 1642 3229 1625 3229 1619 3229 1642 3230 1619 3230 1640 3230 1640 3231 1619 3232 1620 3232 1640 3233 1620 3233 1362 3233 1643 3234 1644 3234 1645 3234 1645 3235 1644 3235 1637 3235 1645 3236 1637 3237 1636 3238 1646 3239 1647 3239 1648 3239 1648 3240 1647 3240 1649 3240 1648 3241 1649 3241 1650 3241 1650 3242 1649 3242 1651 3242 1650 3243 1651 3243 1643 3243 1643 3244 1651 3244 1652 3244 1643 3245 1652 3246 1644 3247 1653 3248 1654 3248 1655 3248 1655 3249 1654 3249 1656 3249 1655 3250 1656 3250 1646 3250 1646 3251 1656 3251 1657 3251 1646 3252 1657 3253 1647 3254 1658 3255 1659 3255 1660 3255 1660 3256 1659 3257 1661 3258 1660 3259 1661 3260 1662 3261 1662 3262 1661 3262 1663 3262 1662 3263 1663 3264 1664 3264 1664 3265 1663 3265 1665 3265 1664 3266 1665 3266 1653 3266 1653 3267 1665 3267 1666 3267 1653 3268 1666 3269 1654 3270 1667 3271 1668 3271 1669 3271 1669 3272 1668 3272 1670 3272 1669 3273 1670 3273 1671 3274 1671 3275 1670 3276 1672 3277 1671 3278 1672 3278 1658 3278 1658 3279 1672 3280 1673 3281 1658 3282 1673 3283 1659 3284 1674 3285 1675 3285 1676 3285 1674 3286 1676 3287 1677 3288 1677 3289 1676 3290 1678 3291 1677 3292 1678 3293 1667 3294 1667 3295 1678 3295 1679 3295 1667 3296 1679 3296 1668 3296 1680 3297 1674 3297 1681 3297 1681 3298 1674 3298 1677 3298 1681 3299 1677 3299 1682 3299 1682 3300 1677 3301 1667 3302 1682 3303 1667 3303 1683 3303 1683 3304 1667 3304 1669 3304 1683 3305 1669 3306 1684 3307 1684 3308 1669 3308 1671 3308 1684 3309 1671 3309 1685 3309 1685 3310 1671 3311 1658 3312 1685 3313 1658 3313 1686 3313 1686 3314 1658 3314 1660 3314 1686 3315 1660 3316 1687 3317 1687 3318 1660 3318 1662 3318 1687 3319 1662 3319 1688 3319 1688 3320 1662 3320 1664 3320 1688 3321 1664 3321 1689 3321 1689 3322 1664 3322 1653 3322 1689 3323 1653 3324 1690 3325 1690 3326 1653 3327 1655 3328 1690 3329 1655 3330 1691 3330 1691 3331 1655 3331 1646 3331 1691 3332 1646 3332 1692 3332 1692 3333 1646 3334 1648 3335 1692 3336 1648 3336 1693 3336 1693 3337 1648 3337 1650 3337 1693 3338 1650 3338 1694 3338 1694 3339 1650 3340 1643 3341 1694 3342 1643 3342 1695 3342 1695 3343 1643 3344 1645 3343 1695 3345 1645 3345 1641 3345 1641 3346 1645 3346 1636 3346 1696 3347 1680 3348 1697 3348 1697 3349 1680 3349 1681 3349 1697 3350 1681 3350 1698 3350 1698 3351 1681 3351 1682 3351 1698 3352 1682 3352 1699 3352 1699 3353 1682 3353 1683 3353 1699 3354 1683 3354 1700 3354 1700 3355 1683 3355 1684 3355 1700 3356 1684 3356 1701 3356 1701 3357 1684 3357 1685 3357 1701 3358 1685 3359 1702 3360 1702 3361 1685 3361 1686 3361 1702 3362 1686 3362 1703 3362 1703 3363 1686 3363 1687 3363 1703 3364 1687 3364 1704 3364 1704 3365 1687 3365 1688 3365 1704 3366 1688 3366 1705 3366 1705 3367 1688 3367 1689 3367 1705 3368 1689 3368 1706 3368 1706 3369 1689 3369 1690 3369 1706 3370 1690 3370 1707 3370 1707 3371 1690 3371 1691 3371 1707 3372 1691 3372 1708 3372 1708 3373 1691 3373 1692 3373 1708 3374 1692 3374 1709 3374 1709 3375 1692 3375 1693 3375 1709 3376 1693 3376 1710 3376 1710 3377 1693 3377 1694 3377 1710 3378 1694 3378 1711 3378 1711 3379 1694 3379 1695 3379 1711 3380 1695 3380 1639 3380 1639 3381 1695 3381 1641 3381 1382 3382 1696 3382 1381 3382 1381 3383 1696 3383 1697 3383 1381 3384 1697 3384 1380 3384 1380 3385 1697 3385 1698 3385 1380 3386 1698 3386 1357 3386 1357 3387 1698 3387 1699 3387 1357 3388 1699 3388 1358 3388 1358 3389 1699 3389 1700 3389 1358 3390 1700 3391 1379 3392 1379 3393 1700 3393 1701 3393 1379 3394 1701 3395 1377 3396 1377 3397 1701 3397 1702 3397 1377 3398 1702 3399 1375 3400 1375 3401 1702 3401 1703 3401 1375 3402 1703 3402 1374 3402 1374 3403 1703 3403 1704 3403 1374 3404 1704 3404 1372 3404 1372 3405 1704 3405 1705 3405 1372 3406 1705 3406 1371 3406 1371 3407 1705 3407 1706 3407 1371 3408 1706 3409 1369 3410 1369 3411 1706 3411 1707 3411 1369 3412 1707 3413 1366 3414 1366 3415 1707 3416 1708 3417 1366 3418 1708 3418 1365 3418 1365 3419 1708 3419 1709 3419 1365 3420 1709 3420 1364 3420 1364 3421 1709 3421 1710 3421 1364 3422 1710 3422 1363 3422 1363 3423 1710 3423 1711 3423 1363 3424 1711 3424 1362 3424 1362 3425 1711 3425 1639 3425 1712 3426 1675 3426 1674 3426 1608 3427 1612 3428 1713 3429 1713 3430 1612 3430 1613 3430 1713 3431 1613 3431 1714 3431 1696 3432 1382 3432 1609 3432 1715 3433 1716 3433 1712 3433 1717 3434 1718 3435 1719 3436 1719 3437 1718 3437 1720 3437 1717 3438 1719 3439 1721 3440 1721 3441 1719 3441 1714 3441 1721 3442 1714 3442 1722 3442 1722 3443 1714 3443 1613 3443 1722 3444 1613 3444 1606 3444 1712 3445 1674 3445 1715 3445 1715 3446 1674 3447 1680 3448 1715 3449 1680 3450 1723 3451 1723 3452 1680 3452 1696 3452 1723 3453 1696 3453 1724 3453 1724 3454 1696 3454 1609 3454 1724 3455 1609 3455 1608 3455 1608 3456 1713 3457 1724 3458 1724 3459 1713 3459 1714 3459 1724 3460 1714 3460 1723 3460 1723 3461 1714 3461 1719 3461 1723 3462 1719 3462 1715 3462 1715 3463 1719 3463 1720 3463 1715 3464 1720 3464 1716 3464 1725 3465 1726 3465 1717 3465 1717 3466 1726 3466 1718 3466 1727 3467 1726 3468 1728 3467 1728 3469 1726 3469 1725 3469 1728 3470 1725 3471 1729 3472 1729 3473 1725 3473 1730 3473 1730 3474 1725 3474 1731 3474 1730 3475 1731 3475 1732 3475 1606 3476 1731 3476 1722 3476 1722 3477 1731 3477 1725 3477 1722 3478 1725 3478 1721 3478 1721 3479 1725 3480 1717 3480 1337 3481 1335 3481 1733 3481 1302 3482 1303 3482 1734 3482 1286 3483 1285 3483 1735 3483 1736 3484 1737 3484 1738 3484 1237 3485 1739 3485 1740 3485 1740 3486 1739 3486 1741 3486 1740 3487 1741 3487 1742 3487 1743 3488 1744 3488 1745 3488 1745 3489 1744 3489 1746 3489 1745 3490 1746 3490 1747 3490 1747 3491 1746 3491 1748 3491 1747 3492 1748 3492 1749 3492 1749 3493 1748 3493 1750 3493 1749 3494 1750 3494 1751 3494 1751 3495 1750 3495 1752 3495 1751 3496 1752 3496 1753 3496 1753 3497 1752 3497 1754 3497 1753 3498 1754 3498 1742 3498 1742 3499 1754 3499 1755 3499 1742 3500 1755 3500 1740 3500 1737 3501 1736 3501 1756 3501 1756 3502 1736 3502 1757 3502 1756 3503 1757 3503 1758 3503 1758 3504 1757 3504 1759 3504 1758 3505 1759 3505 1743 3505 1743 3506 1759 3506 1760 3506 1743 3507 1760 3507 1744 3507 1761 3508 1762 3508 1738 3508 1738 3509 1762 3509 1763 3509 1738 3510 1763 3510 1736 3510 1761 3511 1327 3511 1326 3511 1761 3512 1326 3513 1764 3514 1764 3515 1326 3515 1325 3515 1764 3516 1325 3516 1765 3516 1765 3517 1325 3518 1324 3519 1765 3520 1324 3520 1766 3520 1766 3521 1324 3521 1300 3521 1766 3522 1300 3522 1299 3522 1767 3523 1768 3523 1769 3523 1769 3524 1768 3524 1770 3524 1769 3525 1770 3525 1771 3525 1772 3526 1773 3526 1774 3526 1774 3527 1773 3527 1775 3527 1774 3528 1775 3528 1776 3528 1776 3529 1775 3529 1777 3529 1776 3530 1777 3530 1778 3530 1778 3531 1777 3531 1779 3531 1780 3532 1781 3532 1772 3532 1772 3533 1781 3533 1782 3533 1772 3534 1782 3534 1773 3534 1772 3535 1783 3535 1780 3535 1780 3536 1783 3536 1784 3536 1780 3537 1784 3537 1785 3537 1785 3538 1784 3538 1733 3538 1785 3539 1733 3539 1786 3539 1786 3540 1733 3540 1335 3540 1786 3541 1335 3541 1334 3541 1735 3542 1285 3542 1787 3542 1290 3543 1340 3543 1291 3543 1291 3544 1340 3544 1788 3544 1291 3545 1788 3545 1292 3545 1292 3546 1788 3546 1789 3546 1292 3547 1789 3547 1293 3547 1293 3548 1789 3548 1790 3548 1293 3549 1790 3549 1250 3549 1250 3550 1790 3550 1791 3550 1250 3551 1791 3551 1251 3551 1251 3552 1791 3552 1792 3552 1251 3553 1792 3553 1287 3553 1287 3554 1792 3554 1787 3554 1287 3555 1787 3555 1288 3555 1288 3556 1787 3556 1285 3556 1793 3557 1284 3557 1286 3557 1794 3558 1280 3558 1279 3558 1794 3559 1279 3559 1795 3559 1795 3560 1279 3560 1254 3560 1795 3561 1254 3561 1796 3561 1796 3562 1254 3562 1253 3562 1796 3563 1253 3563 1793 3563 1793 3564 1253 3564 1282 3564 1793 3565 1282 3565 1284 3565 1281 3566 1280 3566 1309 3566 1309 3567 1308 3567 1281 3567 1281 3568 1308 3568 1307 3568 1281 3569 1307 3569 1277 3569 1307 3570 1311 3570 1277 3570 1277 3571 1311 3571 1312 3571 1277 3572 1312 3572 1278 3572 1312 3573 1316 3573 1278 3573 1278 3574 1316 3574 1315 3574 1278 3575 1315 3575 1274 3575 1274 3576 1315 3576 1314 3576 1274 3577 1314 3577 1313 3577 1797 3578 1798 3578 1275 3578 1275 3579 1798 3579 1268 3579 1268 3580 1798 3580 1799 3580 1268 3581 1799 3581 1269 3581 1269 3582 1799 3582 1800 3582 1269 3583 1800 3583 1271 3583 1271 3584 1800 3584 1801 3584 1271 3585 1801 3585 1272 3585 1272 3586 1801 3586 1263 3586 1263 3587 1801 3587 1802 3587 1263 3588 1802 3588 1803 3588 1804 3589 1262 3589 1805 3589 1805 3590 1262 3590 1260 3590 1805 3591 1260 3591 1806 3591 1806 3592 1260 3592 1259 3592 1806 3593 1259 3593 1807 3593 1807 3594 1259 3594 1257 3594 1807 3595 1257 3595 1808 3595 1808 3596 1257 3596 1256 3596 1808 3597 1256 3597 1809 3597 1809 3598 1256 3598 1266 3598 1809 3599 1266 3599 1803 3599 1803 3600 1266 3600 1264 3600 1803 3601 1264 3601 1263 3601 1804 3602 1241 3602 1262 3602 1262 3603 1241 3603 1240 3603 1262 3604 1240 3604 1249 3604 1304 3605 1306 3605 1794 3605 1794 3606 1306 3606 1305 3606 1794 3607 1305 3607 1280 3607 1280 3608 1305 3608 1310 3608 1280 3609 1310 3610 1309 3611 1810 3612 1811 3612 1301 3612 1301 3613 1811 3614 1298 3615 1770 3616 1812 3616 1771 3616 1771 3617 1812 3617 1813 3617 1771 3618 1813 3618 1814 3618 1814 3619 1813 3619 1815 3619 1814 3620 1815 3620 1810 3620 1810 3621 1815 3621 1766 3621 1810 3622 1766 3622 1811 3622 1811 3623 1766 3623 1299 3623 1811 3624 1299 3625 1298 3626 1322 3627 1321 3627 1816 3627 1816 3628 1321 3628 1320 3628 1816 3629 1320 3629 1761 3629 1761 3630 1320 3630 1319 3630 1761 3631 1319 3631 1327 3631 1761 3632 1738 3632 1816 3632 1816 3633 1738 3633 1323 3633 1816 3634 1323 3634 1322 3634 1317 3635 1318 3635 1817 3635 1237 3636 1236 3636 1739 3636 1739 3637 1236 3637 1818 3637 1739 3638 1818 3638 1741 3638 1741 3639 1818 3639 1819 3639 1741 3640 1819 3640 1742 3640 1742 3641 1819 3641 1820 3641 1742 3642 1820 3642 1753 3642 1753 3643 1820 3643 1821 3643 1753 3644 1821 3644 1751 3644 1751 3645 1821 3645 1822 3645 1751 3646 1822 3646 1749 3646 1749 3647 1822 3647 1823 3647 1749 3648 1823 3648 1747 3648 1747 3649 1823 3649 1824 3649 1747 3650 1824 3650 1745 3650 1745 3651 1824 3651 1825 3651 1745 3652 1825 3652 1743 3652 1743 3653 1825 3653 1826 3653 1743 3654 1826 3654 1758 3654 1758 3655 1826 3655 1827 3655 1758 3656 1827 3656 1756 3656 1756 3657 1827 3657 1828 3657 1756 3658 1828 3658 1737 3658 1737 3659 1828 3659 1829 3659 1737 3660 1829 3660 1738 3660 1738 3661 1829 3661 1817 3661 1738 3662 1817 3662 1323 3662 1323 3663 1817 3663 1318 3663 1236 3664 1241 3664 1818 3664 1818 3665 1241 3665 1804 3665 1818 3666 1804 3666 1819 3666 1819 3667 1804 3667 1805 3667 1819 3668 1805 3668 1820 3668 1820 3669 1805 3669 1806 3669 1820 3670 1806 3670 1821 3670 1821 3671 1806 3671 1807 3671 1821 3672 1807 3672 1822 3672 1822 3673 1807 3673 1808 3673 1822 3674 1808 3674 1823 3674 1823 3675 1808 3675 1809 3675 1823 3676 1809 3676 1824 3676 1824 3677 1809 3677 1803 3677 1824 3678 1803 3678 1825 3678 1825 3679 1803 3679 1802 3679 1825 3680 1802 3680 1826 3680 1826 3681 1802 3681 1801 3681 1826 3682 1801 3682 1827 3682 1827 3683 1801 3683 1800 3683 1827 3684 1800 3684 1828 3684 1828 3685 1800 3685 1799 3685 1828 3686 1799 3686 1829 3686 1829 3687 1799 3687 1798 3687 1829 3688 1798 3688 1817 3688 1817 3689 1798 3689 1797 3689 1817 3690 1797 3690 1317 3690 1317 3691 1797 3691 1830 3691 1317 3692 1830 3692 1313 3692 1313 3693 1830 3693 1797 3693 1313 3694 1797 3694 1274 3694 1274 3695 1797 3695 1275 3695 1301 3696 1302 3696 1810 3696 1810 3697 1302 3697 1734 3697 1810 3698 1734 3698 1814 3698 1814 3699 1734 3699 1831 3699 1814 3700 1831 3700 1771 3700 1771 3701 1831 3701 1832 3701 1771 3702 1832 3702 1769 3702 1769 3703 1832 3703 1833 3703 1769 3704 1833 3704 1767 3704 1767 3705 1833 3705 1834 3705 1303 3706 1304 3706 1734 3706 1734 3707 1304 3707 1794 3707 1734 3708 1794 3708 1831 3708 1831 3709 1794 3709 1795 3709 1831 3710 1795 3710 1832 3710 1832 3711 1795 3711 1796 3711 1832 3712 1796 3712 1833 3712 1833 3713 1796 3713 1793 3713 1833 3714 1793 3714 1834 3714 1286 3715 1735 3715 1793 3715 1793 3716 1735 3716 1835 3716 1793 3717 1835 3717 1834 3717 1834 3718 1835 3718 1836 3718 1834 3719 1836 3719 1767 3719 1767 3720 1836 3720 1837 3720 1767 3721 1837 3721 1768 3721 1778 3722 1838 3722 1776 3722 1776 3723 1838 3723 1839 3723 1776 3724 1839 3724 1774 3724 1774 3725 1839 3725 1840 3725 1774 3726 1840 3726 1772 3726 1772 3727 1840 3727 1841 3727 1772 3728 1841 3728 1783 3728 1783 3729 1841 3729 1842 3729 1783 3730 1842 3730 1784 3730 1784 3731 1842 3731 1843 3731 1784 3732 1843 3732 1733 3732 1733 3733 1843 3733 1844 3733 1733 3734 1844 3734 1337 3734 1337 3735 1844 3735 1338 3735 1340 3736 1338 3736 1788 3736 1788 3737 1338 3737 1844 3737 1788 3738 1844 3738 1789 3738 1789 3739 1844 3739 1843 3739 1789 3740 1843 3740 1790 3740 1790 3741 1843 3741 1842 3741 1790 3742 1842 3742 1791 3742 1791 3743 1842 3743 1841 3743 1791 3744 1841 3744 1792 3744 1792 3745 1841 3745 1840 3745 1792 3746 1840 3746 1787 3746 1787 3747 1840 3747 1839 3747 1787 3748 1839 3748 1735 3748 1735 3749 1839 3749 1838 3749 1735 3750 1838 3750 1835 3750 1835 3751 1838 3751 1778 3751 1835 3752 1778 3752 1836 3752 1836 3753 1778 3753 1779 3753 1836 3754 1779 3754 1837 3754 1845 3755 1846 3755 1333 3755 1329 3756 1328 3756 1846 3756 1333 3757 1336 3757 1845 3757 1845 3758 1336 3758 1339 3758 1845 3759 1339 3759 1847 3759 1847 3760 1339 3760 1341 3760 1847 3761 1341 3761 1848 3761 1848 3762 1341 3762 1342 3762 1848 3763 1342 3763 1348 3763 1846 3764 1845 3764 1329 3764 1329 3765 1845 3765 1847 3765 1329 3766 1847 3766 1330 3766 1330 3767 1847 3767 1848 3767 1330 3768 1848 3768 1331 3768 1331 3769 1848 3769 1348 3769 1331 3770 1348 3770 1332 3770 1849 3771 1850 3772 1015 3771 1015 3773 1850 3774 1328 3775 1353 3776 1851 3776 1014 3776 1014 3777 1851 3777 1849 3777 1014 3778 1849 3779 1015 3780 1361 3781 1362 3781 1620 3781 1852 3782 1353 3782 1352 3782 1622 3783 1853 3783 1624 3783 1624 3784 1853 3784 1854 3784 1855 3785 1615 3785 1854 3785 1854 3786 1615 3786 1627 3786 1854 3787 1627 3787 1624 3787 1360 3788 1361 3788 1856 3788 1856 3789 1361 3789 1620 3789 1856 3790 1620 3790 1857 3790 1857 3791 1620 3791 1618 3791 1857 3792 1618 3792 1855 3792 1855 3793 1618 3793 1616 3793 1855 3794 1616 3794 1615 3794 1852 3795 1352 3795 1858 3795 1858 3796 1352 3796 1354 3796 1858 3797 1354 3797 1859 3797 1859 3798 1354 3798 1355 3798 1859 3799 1355 3799 1860 3799 1860 3800 1355 3800 1356 3800 1860 3801 1356 3801 1861 3801 1861 3802 1356 3802 1359 3802 1861 3803 1359 3803 1360 3803 1360 3804 1862 3804 1861 3804 1861 3805 1862 3805 1863 3805 1861 3806 1863 3806 1860 3806 1860 3807 1863 3807 1864 3807 1860 3808 1864 3808 1859 3808 1859 3809 1864 3809 1865 3809 1859 3810 1865 3810 1858 3810 1858 3811 1865 3811 1866 3811 1858 3812 1866 3812 1852 3812 1360 3813 1856 3813 1862 3813 1862 3814 1856 3814 1857 3814 1862 3815 1857 3815 1863 3815 1863 3816 1857 3816 1855 3816 1863 3817 1855 3817 1864 3817 1864 3818 1855 3818 1854 3818 1864 3819 1854 3819 1865 3819 1865 3820 1854 3820 1853 3820 1865 3821 1853 3821 1866 3821 1867 3822 1622 3823 1868 3824 1868 3825 1622 3825 1621 3825 1868 3826 1621 3826 1629 3826 1869 3827 1870 3827 1871 3827 1871 3828 1870 3828 1872 3828 1871 3829 1872 3830 1873 3831 1874 3832 1867 3833 1873 3833 1873 3834 1867 3835 1868 3836 1873 3837 1868 3837 1871 3837 1871 3838 1868 3838 1629 3839 1871 3840 1629 3840 1869 3840 1869 3841 1629 3841 1628 3842 1425 98 1875 98 1424 98 1424 3843 1875 3843 1876 3843 1424 98 1876 98 1423 98 1423 98 1876 98 1877 98 1423 3844 1877 3844 1422 3844 1422 3845 1877 3845 1878 3845 1422 3846 1878 3846 1421 3846 1421 98 1878 98 1879 98 1421 3847 1879 3847 1420 3847 1416 3848 1417 3848 1880 3848 1881 3849 1882 3849 1418 3849 1427 98 1403 98 1426 98 1426 3850 1403 3851 1405 3852 1426 3853 1405 3853 1407 3853 1883 3854 1884 3854 1401 3854 1401 98 1403 98 1883 98 1883 98 1403 98 1427 98 1883 98 1427 98 1885 98 1885 3855 1427 3855 1416 3855 1885 3856 1416 3856 1886 3856 1886 98 1416 98 1880 98 1887 98 1880 98 1414 98 1414 98 1880 98 1413 98 1879 98 1888 98 1420 98 1420 3857 1888 3857 1889 3857 1420 3858 1889 3858 1419 3858 1419 3859 1889 3859 1890 3859 1419 98 1890 98 1418 98 1418 3860 1890 3860 1891 3860 1418 3861 1891 3861 1881 3861 1882 3862 1892 3863 1418 3864 1418 3865 1892 3865 1409 3865 1418 3866 1409 3866 1417 3866 1417 3867 1409 3867 1411 3867 1417 3868 1411 3868 1880 3868 1880 3869 1411 3869 1412 3869 1880 3870 1412 3870 1413 3870 1407 98 1408 98 1426 98 1426 3871 1408 3871 1893 3871 1426 3872 1893 3872 1894 3872 1894 3873 1895 3873 1426 3873 1426 3874 1895 3875 1896 3876 1426 98 1896 98 1425 98 1425 3877 1896 3877 1897 3877 1425 3878 1897 3878 1875 3878 1437 3879 1898 3879 1899 3879 1900 3880 1433 3880 1899 3880 1899 3881 1433 3881 1435 3881 1899 3882 1435 3882 1437 3882 1440 3883 1439 3883 1900 3883 1900 3884 1439 3884 1438 3884 1900 3885 1438 3885 1433 3885 1440 3886 1900 3886 1901 3886 1901 3887 1900 3887 1902 3887 1901 3888 1902 3888 1903 3888 1904 3889 1905 3889 1898 3889 1898 3890 1905 3890 1906 3890 1898 3891 1906 3891 1899 3891 1899 3892 1906 3892 1907 3892 1899 3893 1907 3893 1900 3893 1900 3894 1907 3894 1908 3894 1900 3895 1908 3895 1902 3895 1909 3896 1904 3896 1898 3896 1910 3897 1911 3897 1909 3897 1909 3898 1898 3898 1910 3898 1910 3899 1898 3899 1437 3899 1910 3900 1437 3900 1441 3900 1912 3901 1913 3901 1914 3901 1914 3902 1913 3902 1909 3902 1914 3903 1909 3904 1911 3905 1915 3906 1916 3906 1917 3906 1917 3907 1918 3908 1915 3909 1915 3910 1918 3911 1919 3912 1915 3913 1919 3914 1912 3915 1912 3916 1919 3916 1920 3916 1912 3917 1920 3917 1913 3917 1921 3918 1922 3919 1923 3920 1923 3921 1924 3921 1925 3921 1924 3922 1923 3922 1926 3922 1926 3923 1923 3923 1922 3923 1926 3924 1922 3924 1927 3924 1921 3925 1923 3926 1928 3927 1928 3928 1923 3928 1929 3928 1928 3929 1929 3929 1930 3929 1930 3930 1929 3930 1931 3930 1930 3931 1931 3931 1932 3931 1933 3932 1595 3932 1931 3932 1931 3933 1595 3933 1934 3933 1931 3934 1934 3934 1932 3934 1935 3935 1933 3936 1936 3937 1936 3938 1933 3938 1931 3938 1936 3939 1931 3940 1937 3941 1937 3942 1931 3942 1929 3942 1937 3943 1929 3943 1938 3943 1938 3944 1929 3944 1923 3944 1938 3945 1923 3945 1939 3945 1939 3946 1923 3946 1925 3946 1932 3947 1940 3947 1941 3947 1927 3948 1922 3949 1942 3950 1943 3951 1944 3951 1945 3951 1940 3952 1594 3952 1445 3952 1940 3953 1932 3953 1594 3953 1594 3954 1932 3954 1934 3954 1594 3955 1934 3955 1595 3955 1922 3956 1921 3957 1942 3958 1942 3959 1921 3959 1928 3959 1942 3960 1928 3960 1941 3960 1941 3961 1928 3961 1930 3961 1941 3962 1930 3963 1932 3964 1445 3965 1946 3965 1940 3965 1940 3966 1946 3966 1947 3966 1940 3967 1947 3967 1941 3967 1941 3968 1947 3968 1943 3968 1941 3969 1943 3969 1942 3969 1942 3970 1943 3970 1945 3970 1942 3971 1945 3971 1927 3971 1944 3972 1943 3972 1948 3972 1944 3973 1948 3973 1949 3973 1949 3974 1948 3974 1950 3974 1949 3975 1950 3975 1951 3975 1951 3976 1950 3977 1952 3976 1951 3978 1952 3978 1953 3978 1953 3979 1952 3980 1954 3979 1953 3981 1954 3981 1955 3981 1955 3982 1954 3982 1956 3982 1955 3983 1956 3983 1957 3983 1957 3984 1956 3984 1958 3984 1957 3985 1958 3985 1959 3985 1959 3986 1958 3987 1960 3988 1960 3989 1958 3989 1961 3989 1960 3990 1961 3990 1962 3990 1962 3991 1961 3991 1963 3991 1962 3992 1963 3992 1964 3992 1964 3993 1963 3993 1965 3993 1964 3994 1965 3994 1966 3994 1966 3995 1965 3995 1967 3995 1966 3996 1967 3996 1968 3996 1968 3997 1967 3997 1969 3997 1968 3998 1969 3998 1970 3998 1970 3999 1969 3999 1971 3999 1971 4000 1969 4000 1972 4000 1971 4001 1972 4002 1973 4003 1973 4004 1972 4004 1974 4004 1973 4005 1974 4005 1975 4005 1975 4006 1974 4006 1976 4006 1975 4007 1976 4007 1977 4007 1977 4008 1976 4008 1978 4008 1977 4009 1978 4009 1979 4010 1979 4011 1978 4012 1980 4012 1979 4013 1980 4013 1981 4013 1982 4014 1980 4014 1983 4014 1983 4015 1980 4015 1978 4015 1983 4016 1978 4017 1984 4018 1984 4019 1978 4019 1976 4019 1984 4020 1976 4020 1985 4020 1985 4021 1976 4021 1974 4021 1985 4022 1974 4022 1986 4022 1986 4023 1974 4023 1972 4023 1986 4024 1972 4024 1987 4024 1987 4025 1972 4025 1969 4025 1987 4026 1969 4026 1988 4026 1988 4027 1969 4027 1967 4027 1988 4028 1967 4028 1989 4028 1989 4029 1967 4029 1965 4029 1989 4030 1965 4030 1990 4030 1990 4031 1965 4031 1963 4031 1990 4032 1963 4032 1991 4032 1991 4033 1963 4033 1961 4033 1991 4034 1961 4034 1992 4034 1992 4035 1961 4035 1958 4035 1992 4036 1958 4036 1993 4036 1993 4037 1958 4037 1956 4037 1993 4038 1956 4038 1994 4038 1994 4039 1956 4039 1954 4039 1994 4040 1954 4040 1995 4040 1995 4041 1954 4041 1952 4041 1995 4042 1952 4042 1996 4042 1996 4043 1952 4043 1950 4043 1996 4044 1950 4044 1997 4044 1997 4045 1950 4045 1948 4045 1997 4046 1948 4047 1947 4046 1947 4048 1948 4048 1943 4048 1998 4049 1982 4049 1999 4049 1999 4050 1982 4050 1983 4050 1999 4051 1983 4051 2000 4051 2000 4052 1983 4052 1984 4052 2000 4053 1984 4053 2001 4053 2001 4054 1984 4054 1985 4054 2001 4055 1985 4055 2002 4055 2002 4056 1985 4056 1986 4056 2002 4057 1986 4057 2003 4057 2003 4058 1986 4058 1987 4058 2003 4059 1987 4059 2004 4059 2004 4060 1987 4060 1988 4060 2004 4061 1988 4061 2005 4061 2005 4062 1988 4062 1989 4062 2005 4063 1989 4063 2006 4063 2006 4064 1989 4064 1990 4064 2006 4065 1990 4065 2007 4065 2007 4066 1990 4066 1991 4066 2007 4067 1991 4068 2008 4069 2008 4070 1991 4070 1992 4070 2008 4071 1992 4071 2009 4071 2009 4072 1992 4072 1993 4072 2009 4073 1993 4073 2010 4073 2010 4074 1993 4074 1994 4074 2010 4075 1994 4075 2011 4075 2011 4076 1994 4077 1995 4078 2011 4079 1995 4079 2012 4079 2012 4080 1995 4080 1996 4080 2012 4081 1996 4081 2013 4081 2013 4082 1996 4082 1997 4082 2013 4083 1997 4083 1946 4083 1946 4084 1997 4084 1947 4084 1429 4085 1998 4085 1464 4085 1464 4086 1998 4087 1999 4088 1464 4089 1999 4089 1463 4089 1463 4090 1999 4090 2000 4090 1463 4091 2000 4091 1466 4091 1466 4092 2000 4092 2001 4092 1466 4093 2001 4093 1462 4093 1462 4094 2001 4094 2002 4094 1462 4095 2002 4095 1460 4095 1460 4096 2002 4096 2003 4096 1460 4097 2003 4097 1459 4097 1459 4098 2003 4099 2004 4098 1459 4100 2004 4101 1457 4102 1457 4103 2004 4103 2005 4103 1457 4104 2005 4104 1456 4104 1456 4105 2005 4105 2006 4105 1456 4106 2006 4106 1454 4106 1454 4107 2006 4107 2007 4107 1454 4108 2007 4108 1453 4108 1453 4109 2007 4110 2008 4109 1453 4111 2008 4112 1451 4113 1451 4114 2008 4114 2009 4114 1451 4115 2009 4115 1450 4115 1450 4116 2009 4116 2010 4116 1450 4117 2010 4118 1448 4119 1448 4120 2010 4120 2011 4120 1448 4121 2011 4121 1447 4121 1447 4122 2011 4122 2012 4122 1447 4123 2012 4123 1446 4123 1446 4124 2012 4124 2013 4124 1446 4125 2013 4125 1445 4125 1445 4126 2013 4127 1946 4128 2014 4129 1981 4129 2015 4129 1981 4130 1980 4130 2015 4130 2015 4131 1980 4131 1982 4131 2015 4132 1982 4133 2016 4134 2016 4135 1982 4135 1998 4135 2016 4136 1998 4137 2017 4138 2017 4139 1998 4139 1429 4139 2017 4140 1429 4140 1428 4140 2014 4141 2015 4141 2018 4141 2018 4142 2015 4143 2016 4144 2018 4145 2016 4145 2019 4145 2019 4146 2016 4146 2017 4146 2019 4147 2017 4147 2020 4147 2020 4148 2017 4148 1428 4148 2020 4149 1428 4149 1440 4149 2021 4150 2014 4150 2018 4150 2022 4151 2023 4151 2021 4151 2024 4152 2025 4152 2023 4152 2021 4153 2018 4153 2022 4153 2022 4154 2018 4154 2019 4154 2022 4155 2019 4155 2026 4155 2026 4156 2019 4156 2020 4156 2026 4157 2020 4157 2027 4157 2027 4158 2020 4158 1440 4158 2027 4159 1440 4159 1901 4159 2023 4160 2022 4160 2024 4160 2024 4161 2022 4161 2026 4161 2024 4162 2026 4162 2028 4162 2028 4163 2026 4163 2027 4163 2028 4164 2027 4164 2029 4164 2029 4165 2027 4165 1901 4165 2029 4166 1901 4167 1903 4168 2030 4169 2031 4169 2032 4169 2032 4170 2031 4171 2033 4172 2032 4173 2033 4173 2034 4173 2035 4174 2036 4175 2037 4176 2035 4177 2038 4178 2036 4179 2036 4180 2038 4180 2029 4180 2036 4181 2029 4181 1903 4181 2028 4182 2029 4182 2039 4182 2039 4183 2029 4183 2038 4183 2039 4184 2038 4184 2030 4184 2030 4185 2038 4185 2035 4185 2030 4186 2035 4186 2031 4186 2031 4187 2035 4188 2037 4189 2025 4190 2024 4190 2040 4190 2040 4191 2024 4191 2041 4191 2040 4192 2041 4192 2042 4192 2042 4193 2041 4193 2043 4193 2042 4194 2043 4195 2044 4196 2044 4197 2043 4197 2045 4197 2034 4198 2045 4198 2032 4198 2032 4199 2045 4199 2043 4199 2032 4200 2043 4201 2030 4202 2030 4203 2043 4203 2041 4203 2030 4204 2041 4204 2039 4204 2039 4205 2041 4205 2024 4205 2039 4206 2024 4206 2028 4206 2046 4207 2047 4207 2048 4207 1505 4208 1506 4208 2048 4208 2046 4209 2048 4209 2049 4209 2050 4210 1507 4210 1508 4210 2050 98 2051 98 1507 98 1507 4211 2051 4211 2052 4211 1507 4212 2052 4212 2053 4212 1501 98 2054 98 1500 98 1500 4213 2054 4213 2055 4213 1500 98 2055 98 1499 98 1499 98 2055 98 2056 98 1499 4214 2056 4214 1510 4214 1510 98 2056 98 2057 98 1510 4215 2057 4215 1509 4215 1509 4216 2057 4216 2058 4216 1509 98 2058 98 1508 98 1508 4217 2058 4217 2059 4217 1508 4218 2059 4218 2050 4218 1503 4219 2060 4219 1502 4219 1502 4220 2060 4220 2061 4220 1502 98 2061 98 1501 98 1501 4221 2061 4221 2062 4221 1501 98 2062 98 2054 98 2063 98 1491 98 2064 98 2064 4222 1491 4222 1490 4222 2064 4223 1490 4223 1489 4223 1506 4224 2065 4224 2048 4224 2048 4225 2065 4225 2066 4225 2048 4226 2066 4227 2049 4228 1493 98 1492 98 1504 98 1504 4229 1492 4230 2067 4231 2053 98 2068 98 1507 98 1507 4232 2068 4232 2069 4232 1507 4233 2069 4233 1506 4233 1506 4234 2069 4234 2070 4234 1506 4235 2070 4235 2065 4235 2048 4236 2071 4236 1505 4236 1505 4237 2071 4237 2064 4237 1505 98 2064 98 1504 98 1504 98 2064 98 1489 98 1504 4238 1489 4238 1493 4238 2067 4239 2072 4240 1504 4241 1504 4242 2072 4242 2073 4242 1504 4243 2073 4243 1503 4243 1503 4244 2073 4245 2074 4246 1503 4247 2074 4247 2060 4247 2075 4248 2076 4248 2077 4248 2077 4249 2076 4249 2078 4249 2077 4250 2078 4250 1512 4250 1512 4251 2078 4251 1511 4251 2076 4252 1911 4252 2078 4252 2078 4253 1911 4253 1910 4253 2078 4254 1910 4254 1511 4254 1511 4255 1910 4255 1441 4255 1513 4256 1520 4256 2079 4256 2077 4257 1512 4258 1513 4257 1513 4259 2079 4259 2077 4259 2077 4260 2079 4260 2080 4260 2077 4261 2080 4261 2075 4261 2081 4262 2082 4262 2079 4262 2079 4263 2082 4263 2083 4263 2079 4264 2083 4264 2080 4264 2084 4265 2085 4265 2081 4265 2081 4266 2085 4266 2086 4266 2081 4267 2086 4267 2082 4267 2087 4268 2088 4268 2084 4268 2084 4269 2088 4269 2089 4269 2084 4270 2089 4270 2085 4270 2090 4271 2091 4271 2092 4271 2092 4272 2091 4272 2093 4272 2092 4273 2093 4273 2087 4273 2087 4274 2093 4274 2094 4274 2087 4275 2094 4275 2088 4275 2090 4276 2092 4276 2095 4276 2095 4277 2092 4277 2096 4277 2095 4278 2096 4278 2097 4278 2098 4279 2099 4279 2100 4279 2100 4280 2099 4280 2101 4280 2100 4281 2101 4281 2096 4281 2096 4282 2101 4282 2102 4282 2096 4283 2102 4283 2097 4283 2098 4284 2100 4284 2103 4284 2103 4285 2100 4285 2104 4285 2103 4286 2104 4286 2105 4286 2106 4287 2107 4287 2108 4287 2108 4288 2107 4288 2109 4288 2108 4289 2109 4289 2104 4289 2104 4290 2109 4290 2110 4290 2104 4291 2110 4291 2105 4291 2106 4292 2108 4292 2111 4292 2111 4293 2108 4293 2112 4293 2111 4294 2112 4294 2113 4294 2114 4295 2115 4295 2112 4295 2112 4296 2115 4296 2116 4296 2112 4297 2116 4297 2113 4297 2117 4298 2118 4298 2114 4298 2114 4299 2118 4299 2119 4299 2114 4300 2119 4300 2115 4300 2120 4301 2121 4301 2117 4301 2117 4302 2121 4302 2122 4302 2117 4303 2122 4303 2118 4303 2123 4304 2124 4304 2125 4304 2125 4305 2124 4305 2126 4305 2125 4306 2126 4306 2120 4306 2120 4307 2126 4307 2127 4307 2120 4308 2127 4308 2121 4308 2123 4309 2125 4309 2128 4309 2128 4310 2125 4310 2129 4310 2128 4311 2129 4311 2130 4311 2130 4312 2129 4312 2131 4312 2131 4313 2129 4313 2132 4313 2131 4314 2132 4314 2133 4314 2133 4315 2132 4315 2134 4315 2134 4316 2132 4316 2135 4316 2134 4317 2135 4317 2136 4317 1561 4318 1562 4318 2129 4318 2129 4319 1562 4319 1563 4319 2129 4320 1563 4320 2132 4320 2132 4321 1563 4321 1564 4321 2132 4322 1564 4322 2135 4322 2135 4323 1564 4323 1565 4323 2135 4324 1565 4324 1574 4324 1561 4325 2129 4325 1560 4325 1560 4326 2129 4326 2125 4326 1560 4327 2125 4327 1559 4327 1559 4328 2125 4328 2120 4328 1559 4329 2120 4329 1558 4329 1558 4330 2120 4330 1557 4330 1557 4331 2120 4331 2117 4331 1557 4332 2117 4332 1537 4332 1537 4333 2117 4333 2114 4333 1537 4334 2114 4334 1538 4334 1547 4335 1546 4335 2108 4335 2108 4336 1546 4336 1544 4336 2108 4337 1544 4337 2112 4337 2112 4338 1544 4338 1542 4338 2112 4339 1542 4339 2114 4339 2114 4340 1542 4340 1540 4340 2114 4341 1540 4341 1538 4341 1547 4342 2108 4342 1515 4342 1515 4343 2108 4343 2104 4343 1515 4344 2104 4344 1536 4344 1536 4345 2104 4345 2100 4345 1536 4346 2100 4346 1534 4346 1572 4347 1573 4347 2092 4347 2092 4348 1573 4348 1566 4348 2092 4349 1566 4349 2096 4349 2096 4350 1566 4350 1531 4350 2096 4351 1531 4351 2100 4351 2100 4352 1531 4352 1533 4352 2100 4353 1533 4353 1534 4353 1572 4354 2092 4354 1571 4354 1571 4355 2092 4355 2087 4355 1571 4356 2087 4356 1526 4356 1526 4357 2087 4357 2084 4357 1526 4358 2084 4358 1527 4358 1520 4359 1525 4359 2079 4359 2079 4360 1525 4360 1524 4360 2079 4361 1524 4361 2081 4361 2081 4362 1524 4362 1517 4362 2081 4363 1517 4363 2084 4363 2084 4364 1517 4364 1528 4364 2084 4365 1528 4365 1527 4365 1579 98 2137 98 1578 98 1578 98 2137 98 2138 98 1578 98 2138 98 1577 98 1577 4366 2138 4366 2139 4366 1577 98 2139 98 1576 98 1576 98 2139 98 2140 98 1576 98 2140 98 1575 98 1575 98 2140 98 2141 98 1575 98 2141 98 1586 98 1586 98 2141 98 2142 98 1586 4367 2142 4367 1585 4367 1585 4368 2142 4368 2143 4368 1585 4369 2143 4369 1584 4369 1584 4370 2143 4370 2144 4370 1584 98 2144 98 1583 98 1583 4371 2144 4371 2145 4371 1583 4372 2145 4372 1582 4372 1582 98 2145 98 2146 98 1582 98 2146 98 1581 98 1581 98 2146 98 2147 98 1581 98 2147 98 1580 98 1580 98 2147 98 2148 98 1580 98 2148 98 1579 98 1579 4373 2148 4373 2137 4373 1588 4374 1223 4374 1591 4374 2135 4375 2149 4375 2136 4375 2136 4376 2149 4376 2150 4376 1588 4377 1591 4377 1587 4377 1590 4378 2150 4378 1591 4378 1591 4379 2150 4379 2149 4379 1591 4380 2149 4380 1587 4380 1587 4381 2149 4381 2135 4381 1587 4382 2135 4382 1574 4382 2151 4383 1590 4384 1589 4385 1589 4386 2152 4386 2151 4386 2151 4387 2152 4388 2153 4389 2151 4390 2153 4390 2154 4390 2154 4391 2153 4392 2155 4393 2154 4394 2155 4395 2156 4396 2157 4397 2158 4397 2155 4397 2155 4398 2158 4399 2159 4400 2155 4401 2159 4401 2156 4402 2153 4403 2152 4403 2160 4403 2160 4404 2152 4404 1589 4404 2160 4405 1589 4405 1592 4405 2160 4406 2161 4406 2153 4406 2153 4407 2161 4407 2162 4407 2153 4408 2162 4408 2155 4408 2155 4409 2162 4409 2163 4409 2155 4410 2163 4410 2157 4410 2164 4411 2165 4411 2166 4411 2164 4412 2166 4412 2167 4412 2167 4413 2166 4413 2168 4413 2167 4414 2168 4414 2169 4414 2165 4415 2164 4415 2170 4415 2170 4416 2164 4416 2171 4416 2170 4417 2171 4418 2172 4419 2173 4420 2172 4420 1593 4420 2172 4421 2171 4421 1593 4421 1593 4422 2171 4422 2174 4422 1593 4423 2174 4423 1592 4423 1596 4424 1595 4424 1933 4424 1933 4425 2175 4425 1596 4425 1596 4426 2175 4426 2176 4426 1596 4427 2176 4427 1597 4427 1224 4428 1597 4428 1593 4428 1593 4429 1597 4429 2176 4429 1593 4430 2176 4430 2173 4430 2173 4431 2176 4431 2175 4431 2173 4432 2175 4432 2177 4432 2177 4433 2175 4433 1933 4433 2177 4434 1933 4434 1935 4434 2178 4435 2179 4435 2180 4435 2181 4436 2182 4436 2183 4437 2184 4438 2185 4438 2186 4438 2184 4439 2186 4439 2187 4439 2187 4440 2186 4440 2181 4440 2187 4441 2181 4441 2178 4441 2178 4442 2181 4442 2183 4442 2178 4443 2183 4443 2179 4443 1935 4444 1936 4445 2188 4446 2188 4447 1936 4447 2189 4448 2188 4449 2189 4450 2180 4451 2180 4452 2189 4452 2190 4452 2180 4453 2190 4453 2178 4453 2178 4454 2190 4454 2191 4454 2178 4455 2191 4455 2187 4455 2187 4456 2191 4456 2192 4456 2187 4457 2192 4457 2184 4457 1936 4458 1937 4459 2189 4460 2189 4461 1937 4461 1938 4461 2189 4462 1938 4462 2190 4462 2190 4463 1938 4463 1939 4463 2190 4464 1939 4464 2191 4464 2191 4465 1939 4465 1925 4465 2191 4466 1925 4466 2192 4466 1239 4467 2193 4467 1603 4467 1603 4468 2193 4468 2194 4468 1603 4469 2194 4469 1225 4469 1225 4470 2194 4470 1598 4470 2195 4471 1605 4471 2196 4471 2196 4472 1605 4472 1230 4472 2196 4473 1230 4473 1614 4473 1614 4474 1230 4475 994 4476 2195 4477 1732 4477 1605 4477 1605 4478 1732 4478 1731 4478 1605 4479 1731 4479 1606 4479 2197 4480 2198 4480 2199 4480 2199 4481 2198 4481 2200 4481 1726 4482 1727 4482 2201 4482 1869 4483 2202 4483 1870 4483 2203 4484 1679 4484 1678 4484 1712 4485 2204 4485 1675 4485 1675 4486 2204 4486 2203 4486 1675 4487 2203 4487 1676 4487 1676 4488 2203 4488 1678 4488 1673 4489 1672 4489 2205 4489 2205 4490 1672 4490 1670 4490 2205 4491 1670 4491 2203 4491 2203 4492 1670 4492 1668 4492 2203 4493 1668 4493 1679 4493 1673 4494 2205 4494 1659 4494 1659 4495 2205 4495 2206 4495 1659 4496 2206 4496 1661 4496 1654 4497 1666 4497 2207 4497 2207 4498 1666 4498 1665 4498 2207 4499 1665 4499 2206 4499 2206 4500 1665 4500 1663 4500 2206 4501 1663 4501 1661 4501 1654 4502 2207 4502 1656 4502 1656 4503 2207 4503 2208 4503 1656 4504 2208 4504 1657 4504 1652 4505 1651 4505 2209 4505 2209 4506 1651 4506 1649 4506 2209 4507 1649 4507 2208 4507 2208 4508 1649 4508 1647 4508 2208 4509 1647 4509 1657 4509 1652 4510 2209 4510 1644 4510 1644 4511 2209 4511 2210 4511 1644 4512 2210 4512 1637 4512 1630 4513 1632 4513 2210 4513 2202 4514 1869 4514 2210 4514 2210 4515 1869 4515 1628 4515 2210 4516 1628 4516 1630 4516 1632 4517 1634 4517 2210 4517 2210 4518 1634 4518 1638 4518 2210 4519 1638 4519 1637 4519 1712 4520 1716 4520 2204 4520 2204 4521 1716 4521 1720 4521 2204 4522 1720 4522 2201 4522 2201 4523 1720 4523 1718 4523 2201 4524 1718 4524 1726 4524 2211 4525 2212 4525 2213 4525 2213 4526 2212 4526 2214 4526 2214 4527 2212 4527 2215 4527 2215 4528 2212 4528 2216 4528 2215 4529 2216 4529 2217 4529 2217 4530 2216 4530 2218 4530 2217 4531 2218 4531 2219 4531 2219 4532 2218 4532 2220 4532 2219 4533 2220 4533 2221 4533 2221 4534 2220 4534 2222 4534 2221 4535 2222 4535 2223 4535 2223 4536 2222 4536 2224 4536 2225 4537 2226 4537 2227 4537 2225 4538 2227 4538 2228 4538 2227 4539 2229 4539 2228 4539 2228 4540 2229 4540 2230 4540 2228 4541 2230 4541 2224 4541 2224 4542 2230 4542 2231 4542 2224 4543 2231 4543 2223 4543 2232 4544 2233 4544 2234 4544 2232 4545 2234 4545 2235 4545 2235 4546 2234 4546 2236 4546 2235 4547 2236 4547 2225 4547 2225 4548 2236 4548 2237 4548 2225 4549 2237 4549 2226 4549 2238 4550 2239 4550 2240 4550 2233 4551 2232 4551 2241 4551 2241 4552 2232 4552 2242 4552 2241 4553 2242 4553 2243 4553 2243 4554 2242 4554 2244 4554 2243 4555 2244 4555 2245 4555 2245 4556 2244 4556 2246 4556 2245 4557 2246 4557 2247 4557 2247 4558 2246 4558 2248 4558 2247 4559 2248 4559 2249 4559 2249 4560 2248 4560 2250 4560 2249 4561 2250 4561 2251 4561 2251 4562 2250 4562 2252 4562 2251 4563 2252 4563 2253 4563 2253 4564 2252 4564 2254 4564 2253 4565 2254 4565 2255 4565 2255 4566 2254 4566 2256 4566 2255 4567 2256 4567 2257 4567 2257 4568 2256 4568 2258 4568 2257 4569 2258 4569 2259 4569 2259 4570 2258 4570 2260 4570 2259 4571 2260 4571 2240 4571 2240 4572 2260 4572 2261 4572 2240 4573 2261 4573 2238 4573 2262 4574 2263 4574 2264 4574 2239 4575 2238 4575 2265 4575 2265 4576 2238 4576 2266 4576 2265 4577 2266 4577 2267 4577 2267 4578 2266 4578 2268 4578 2268 4579 2266 4579 2269 4579 2269 4580 2266 4580 2270 4580 2269 4581 2270 4581 2271 4581 2271 4582 2270 4582 2264 4582 2271 4583 2264 4583 2272 4583 2263 4584 2273 4584 2264 4584 2264 4585 2273 4585 2274 4585 2264 4586 2274 4586 2272 4586 2272 4587 2274 4587 2275 4587 2262 4588 2264 4588 2276 4588 2276 4589 2264 4589 2270 4589 2276 4590 2270 4590 2277 4590 2277 4591 2270 4591 2266 4591 2277 4592 2266 4592 2278 4592 2278 4593 2266 4593 2279 4593 2279 4594 2266 4594 2238 4594 2279 4595 2238 4595 2261 4595 2197 4596 2199 4596 2280 4596 2280 4597 2199 4597 2281 4597 2282 4598 2283 4598 2284 4598 2283 4599 2275 4599 2284 4599 2284 4600 2275 4600 2274 4600 2284 4601 2274 4601 2273 4601 2281 4602 2285 4602 2280 4602 2280 4603 2285 4603 2286 4603 2280 4604 2286 4604 2287 4604 2287 4605 2286 4605 2288 4605 2287 4606 2288 4606 2289 4606 2289 4607 2288 4607 2290 4607 2289 4608 2290 4608 2291 4608 2291 4609 2290 4609 2292 4609 2291 4610 2292 4610 2293 4610 2293 4611 2292 4611 2294 4611 2293 4612 2294 4612 2295 4612 2295 4613 2294 4613 2282 4613 2295 4614 2282 4614 2296 4614 2296 4615 2282 4615 2284 4615 2297 4616 1785 4616 1786 4616 1333 4617 2298 4617 1334 4617 1334 4618 2298 4618 2299 4618 1334 4619 2299 4619 1786 4619 1786 4620 2299 4620 2300 4620 1786 4621 2300 4621 2297 4621 2297 4622 2301 4622 1785 4622 1785 4623 2301 4623 2302 4623 1785 4624 2302 4624 1780 4624 1780 4625 2302 4625 2303 4625 1780 4626 2303 4626 1781 4626 1781 4627 2303 4627 2304 4627 1781 4628 2304 4628 1782 4628 1766 4629 1815 4629 2305 4629 2305 4630 1815 4630 1813 4630 2305 4631 1813 4631 2306 4631 2306 4632 1813 4632 1812 4632 2306 4633 1812 4633 2307 4633 2307 4634 1812 4634 1770 4634 2307 4635 1770 4635 2308 4635 2308 4636 1770 4636 1768 4636 2308 4637 1768 4637 2309 4637 2309 4638 1768 4638 1837 4638 2309 4639 1837 4639 2310 4639 2310 4640 1837 4640 1779 4640 2310 4641 1779 4641 2311 4641 2311 4642 1779 4642 1777 4642 2311 4643 1777 4643 2312 4643 2312 4644 1777 4644 1775 4644 2312 4645 1775 4645 2313 4645 2313 4646 1775 4646 1773 4646 2313 4647 1773 4647 2314 4647 2314 4648 1773 4648 1782 4648 2314 4649 1782 4649 2315 4649 2315 4650 1782 4650 2304 4650 2305 4651 2316 4651 1766 4651 1766 4652 2316 4652 2317 4652 1766 4653 2317 4653 1765 4653 1765 4654 2317 4654 2318 4654 1765 4655 2318 4655 1764 4655 1764 4656 2318 4656 1761 4656 1761 4657 2318 4657 2319 4657 1761 4658 2319 4658 1762 4658 1762 4659 2319 4659 2320 4659 1762 4660 2320 4660 1763 4660 1763 4661 2320 4661 2321 4661 1763 4662 2321 4662 1736 4662 1736 4663 2321 4663 2322 4663 1736 4664 2322 4664 1757 4664 1757 4665 2322 4665 2323 4665 1757 4666 2323 4666 1759 4666 1759 4667 2323 4667 2324 4667 1759 4668 2324 4668 1760 4668 2324 4669 2325 4669 1760 4669 1760 4670 2325 4670 2283 4670 1760 4671 2283 4671 1744 4671 1744 4672 2283 4672 2326 4672 1744 4673 2326 4673 1746 4673 1746 4674 2326 4674 2327 4674 1746 4675 2327 4675 1748 4675 1748 4676 2327 4676 2328 4676 1748 4677 2328 4677 1750 4677 1750 4678 2328 4678 2329 4678 1750 4679 2329 4679 1752 4679 1752 4680 2329 4680 2330 4680 1752 4681 2330 4681 1754 4681 1754 4682 2330 4682 1755 4682 1755 4683 2330 4683 2331 4683 1755 4684 2331 4684 1740 4684 2331 4685 2332 4685 1740 4685 1740 4686 2332 4686 2333 4686 1740 4687 2333 4687 1237 4687 1237 4688 2333 4688 2193 4688 1237 4689 2193 4689 1239 4689 1328 4690 1850 4690 2334 4690 1328 4691 2334 4691 1846 4691 1846 4692 2334 4692 2298 4692 1846 4693 2298 4693 1333 4693 1853 4694 1622 4694 2335 4694 2335 4695 1622 4695 1867 4695 2335 4696 1867 4696 1874 4696 1853 4697 2335 4697 1866 4697 1866 4698 2335 4698 2336 4698 1866 4699 2336 4699 1852 4699 1851 4700 1353 4700 2337 4700 2337 4701 1353 4701 1852 4701 2337 4702 1852 4702 2338 4702 2338 4703 1852 4703 2336 4703 1402 4704 2339 4704 1404 4704 1404 4705 2339 4705 2340 4705 1894 4706 1893 4706 2341 4706 2341 4707 1893 4707 1408 4707 2341 4708 1408 4708 2340 4708 2340 4709 1408 4709 1406 4709 2340 4710 1406 4711 1404 4712 2342 4713 2343 4714 2344 4715 2344 4716 2343 4716 2345 4716 2344 4717 2345 4717 2346 4717 2346 4718 2345 4718 2347 4718 2348 4719 2349 4720 2350 4721 2350 4722 2349 4723 2351 4724 2350 4725 2351 4725 2352 4725 2352 4726 2351 4727 2353 4728 2352 4729 2353 4729 2347 4729 2347 4730 2353 4730 2354 4730 2347 4731 2354 4731 2346 4731 2355 4732 1897 4732 2342 4732 2342 4733 1897 4733 1896 4733 2342 4734 1896 4734 2343 4734 2343 4735 1896 4736 1895 4737 2343 4738 1895 4738 2345 4738 2345 4739 1895 4740 1894 4741 2345 4742 1894 4743 2347 4742 2347 4744 1894 4744 2341 4744 2347 4745 2341 4745 2352 4745 2352 4746 2341 4746 2340 4746 2352 4747 2340 4747 2350 4747 2350 4748 2340 4748 2339 4748 2350 4749 2339 4749 2348 4749 2348 4750 2339 4750 2356 4750 1882 4751 2357 4752 1892 4753 2358 4754 2359 4754 2360 4754 2360 4755 2359 4755 2361 4755 2360 4756 2361 4756 2362 4756 2357 4757 1882 4757 2363 4757 2363 4758 1882 4758 1881 4758 2363 4759 1881 4759 2364 4759 2364 4760 1881 4761 1891 4762 2364 4763 1891 4763 1890 4763 2365 4764 1410 4764 1409 4764 2366 4765 2367 4765 2368 4765 2369 4766 2370 4766 2371 4766 2371 4767 2370 4767 2372 4767 2371 4768 2372 4768 2368 4768 2363 4769 2373 4769 2357 4769 2357 4770 2373 4770 2365 4770 2357 4771 2365 4771 1892 4771 1892 4772 2365 4772 1409 4772 2369 4773 2374 4773 2370 4773 2370 4774 2374 4774 2375 4774 2370 4775 2375 4775 2360 4775 2360 4776 2375 4776 2376 4776 2360 4777 2376 4777 2358 4777 2366 4778 2368 4778 1890 4778 1890 4779 2368 4779 2372 4779 1890 4780 2372 4780 2364 4780 2364 4781 2372 4781 2370 4781 2364 4782 2370 4782 2363 4782 2363 4783 2370 4783 2360 4783 2363 4784 2360 4784 2373 4784 2373 4785 2360 4785 2362 4785 2373 4786 2362 4786 2365 4786 2365 4787 2362 4787 1415 4787 2365 4788 1415 4788 1410 4788 2377 4789 2378 4789 2379 4789 2379 4790 2378 4790 2380 4790 2379 4791 2380 4791 2381 4791 2382 4792 2383 4792 2384 4792 2384 4793 2383 4793 2385 4793 2386 4794 2387 4794 2388 4794 2385 4795 2389 4795 2384 4795 2384 4796 2389 4796 2390 4796 2384 4797 2390 4797 2391 4797 2391 4798 2390 4798 2392 4798 2391 4799 2392 4799 2393 4799 2381 4800 2394 4800 2382 4800 2382 4801 2394 4801 2395 4801 2382 4802 2395 4802 2383 4802 2374 4803 2378 4803 2388 4803 2388 4804 2378 4804 2377 4804 2388 4805 2377 4805 2386 4805 2374 4806 2369 4806 2378 4806 2378 4807 2369 4807 2371 4807 2378 4808 2371 4808 2380 4808 2380 4809 2371 4809 2368 4809 2380 4810 2368 4811 2367 4812 2359 4813 2358 4813 2387 4813 2387 4814 2358 4814 2376 4814 2387 4815 2376 4815 2388 4815 2388 4816 2376 4816 2375 4816 2388 4817 2375 4817 2374 4817 2381 4818 2382 4818 2379 4818 2379 4819 2382 4819 2384 4819 2379 4820 2384 4820 2377 4820 2377 4821 2384 4821 2391 4821 2377 4822 2391 4822 2386 4822 2386 4823 2391 4823 2393 4823 2386 4824 2393 4824 2387 4824 2387 4825 2393 4825 2361 4825 2387 4826 2361 4827 2359 4828 2396 4829 2397 4829 1878 4829 2380 4830 2367 4830 1889 4830 1889 4831 2367 4831 2366 4831 1889 4832 2366 4832 1890 4832 2398 4833 2399 4833 1888 4833 1888 4834 2399 4834 2394 4834 1888 4835 2394 4835 1889 4835 1889 4836 2394 4836 2381 4836 1889 4837 2381 4837 2380 4837 2398 4838 1888 4838 2400 4838 2400 4839 1888 4839 1879 4839 2400 4840 1879 4840 2401 4840 2397 4841 2402 4841 1878 4841 1878 4842 2402 4842 2403 4842 1878 4843 2403 4843 1879 4843 1879 4844 2403 4844 2404 4844 1879 4845 2404 4845 2401 4845 2405 4846 2406 4846 1877 4846 1877 4847 2406 4847 2407 4847 1877 4848 2407 4848 1878 4848 1878 4849 2407 4849 2408 4849 1878 4850 2408 4850 2396 4850 1876 4851 1875 4851 2409 4851 2409 4852 2410 4852 1876 4852 1876 4853 2410 4853 2411 4853 1876 4854 2411 4854 1877 4854 1877 4855 2411 4855 2412 4855 1877 4856 2412 4856 2405 4856 1897 4857 2355 4857 1875 4857 1875 4858 2355 4858 2413 4858 1875 4859 2413 4859 2409 4859 2414 4860 2415 4860 2416 4860 2417 4861 2349 4861 2418 4861 2418 4862 2349 4862 2348 4862 2418 4863 2348 4863 2356 4863 2346 4864 2419 4864 2344 4864 2344 4865 2419 4865 2420 4865 2344 4866 2420 4866 2342 4866 2416 4867 2421 4867 2422 4867 2422 4868 2421 4868 2423 4868 2346 4869 2354 4870 2419 4870 2419 4871 2354 4871 2353 4871 2419 4872 2353 4872 2417 4872 2417 4873 2353 4873 2351 4873 2417 4874 2351 4874 2349 4874 2409 4875 2415 4875 2410 4875 2410 4876 2415 4876 2414 4876 2410 4877 2414 4877 2424 4877 2424 4878 2414 4878 2425 4878 2355 4879 2342 4879 2413 4879 2413 4880 2342 4880 2420 4880 2413 4881 2420 4881 2409 4881 2416 4882 2422 4882 2414 4882 2414 4883 2422 4883 2426 4883 2414 4884 2426 4884 2425 4884 2423 4885 2427 4885 2422 4885 2422 4886 2427 4886 2428 4886 2422 4887 2428 4887 2426 4887 2409 4888 2420 4888 2415 4888 2415 4889 2420 4889 2419 4889 2415 4890 2419 4890 2416 4890 2416 4891 2419 4891 2417 4891 2416 4892 2417 4892 2421 4892 2421 4893 2417 4893 2418 4893 2421 4894 2418 4894 2423 4894 2423 4895 2418 4896 2429 4897 2423 4898 2429 4898 2427 4898 2430 4899 2431 4899 2432 4899 2433 4900 2434 4900 2435 4900 2433 4901 2435 4901 2436 4901 2436 4902 2435 4902 2430 4902 2436 4903 2430 4903 2437 4903 2437 4904 2430 4904 2432 4904 2437 4905 2432 4905 2438 4905 2439 4906 2434 4906 2440 4906 2440 4907 2434 4907 2433 4907 2440 4908 2433 4908 2441 4908 2441 4909 2433 4909 2436 4909 2441 4910 2436 4910 2442 4910 2442 4911 2436 4911 2437 4911 2442 4912 2437 4912 2443 4912 2443 4913 2437 4913 2438 4913 2443 4914 2438 4914 2444 4914 2445 4915 1884 4915 1883 4915 2446 4916 1880 4916 2447 4916 2447 4917 1880 4917 1887 4917 1885 4918 2448 4918 1883 4918 1883 4919 2448 4919 2449 4919 1883 4920 2449 4920 2445 4920 2446 4921 2450 4921 1880 4921 1880 4922 2450 4922 2451 4922 1880 4923 2451 4923 1886 4923 1886 4924 2451 4924 2452 4924 1886 4925 2452 4925 1885 4925 1885 4926 2452 4926 2453 4926 1885 4927 2453 4927 2448 4927 1902 4928 1908 4929 2454 4930 2455 4931 2456 4931 2457 4931 2458 4932 2456 4932 2459 4932 2459 4933 2456 4933 2455 4933 2459 4934 2455 4934 2460 4934 2454 4935 2461 4935 2457 4935 2457 4936 2461 4936 2462 4936 2457 4937 2462 4937 2455 4937 1908 4938 1907 4938 2454 4938 2454 4939 1907 4939 1906 4939 2454 4940 1906 4940 2461 4940 2036 4941 1903 4942 1902 4943 1902 4944 2454 4944 2036 4944 2036 4945 2454 4945 2457 4945 2036 4946 2457 4946 2037 4946 2037 4947 2457 4947 2456 4947 2037 4948 2456 4948 2031 4948 2031 4949 2456 4949 2458 4949 2031 4950 2458 4950 2033 4950 2463 4951 2464 4952 2044 4953 2465 4954 2466 4954 2463 4954 2463 4955 2466 4956 2467 4957 2463 4958 2467 4958 2464 4958 2464 4959 2467 4959 2468 4959 2044 4960 2045 4960 2463 4960 2463 4961 2045 4961 2034 4961 2463 4962 2034 4962 2465 4962 2465 4963 2034 4963 2033 4963 2469 4964 2470 4965 2471 4966 2472 4967 1906 4967 1905 4967 1906 4968 2472 4968 2461 4968 2461 4969 2472 4969 2473 4969 2461 4970 2473 4970 2462 4970 2462 4971 2473 4972 2471 4973 2462 4974 2471 4974 2455 4974 2455 4975 2471 4975 2470 4975 2455 4976 2470 4976 2460 4976 1905 4977 2474 4977 2472 4977 2472 4978 2474 4978 2475 4978 2472 4979 2475 4979 2473 4979 2473 4980 2475 4980 2476 4980 2473 4981 2476 4981 2471 4981 2471 4982 2476 4982 2477 4982 2471 4983 2477 4983 2469 4983 2478 4984 2479 4984 2477 4984 2477 4985 2476 4985 2478 4985 2478 4986 2476 4986 2475 4986 2478 4987 2475 4987 2480 4987 2480 4988 2475 4988 2474 4988 2480 4989 2474 4989 2481 4989 2481 4990 2474 4990 1905 4990 2481 4991 1905 4991 1904 4991 1918 4992 1917 4992 2482 4992 2482 4993 1917 4993 2479 4993 1909 4994 1913 4994 2483 4994 2483 4995 1913 4995 1920 4995 2483 4996 1920 4996 2484 4996 2484 4997 1920 4997 2482 4997 2482 4998 1920 4998 1919 4998 2482 4999 1919 4999 1918 4999 2479 5000 2478 5000 2482 5000 2482 5001 2478 5001 2480 5001 2482 5002 2480 5002 2484 5002 2484 5003 2480 5003 2481 5003 2484 5004 2481 5004 2483 5004 2483 5005 2481 5005 1904 5005 2483 5006 1904 5006 1909 5006 2485 5007 1916 5007 1915 5007 2486 5008 2487 5008 2485 5008 2485 5009 1915 5009 2486 5009 2486 5010 1915 5010 1912 5010 2486 5011 1912 5011 2488 5011 2488 5012 1912 5012 1914 5012 2488 5013 1914 5013 2489 5013 2489 5014 1914 5014 1911 5014 2489 5015 1911 5015 2076 5015 2490 5016 2491 5016 2492 5016 2014 5017 2021 5017 2493 5017 2468 5018 2494 5019 2464 5020 2464 5021 2494 5021 2495 5021 2464 5022 2495 5022 2044 5022 2493 5023 2021 5023 2495 5023 2495 5024 2021 5024 2023 5024 2495 5025 2023 5025 2025 5025 2025 5026 2040 5026 2495 5026 2495 5027 2040 5027 2042 5027 2495 5028 2042 5029 2044 5030 1975 5031 1977 5031 2496 5031 2496 5032 1977 5032 1979 5032 2496 5033 1979 5033 2493 5033 2493 5034 1979 5034 1981 5034 2493 5035 1981 5035 2014 5035 1975 5036 2496 5036 1973 5036 1973 5037 2496 5037 2497 5037 1973 5038 2497 5038 1971 5038 1964 5039 1966 5039 2498 5039 2498 5040 1966 5040 1968 5040 2498 5041 1968 5041 2497 5041 2497 5042 1968 5042 1970 5042 2497 5043 1970 5043 1971 5043 1964 5044 2498 5044 1962 5044 1962 5045 2498 5045 2499 5045 1962 5046 2499 5046 1960 5046 1953 5047 1955 5047 2500 5047 2500 5048 1955 5048 1957 5048 2500 5049 1957 5049 2499 5049 2499 5050 1957 5050 1959 5050 2499 5051 1959 5051 1960 5051 2501 5052 1949 5052 2500 5052 2500 5053 1949 5053 1951 5053 2500 5054 1951 5054 1953 5054 1925 5055 1924 5055 2502 5055 2502 5056 1924 5056 1926 5056 1926 5057 1927 5057 2502 5057 2502 5058 1927 5058 1945 5058 2502 5059 1945 5059 2501 5059 2501 5060 1945 5060 1944 5060 2501 5061 1944 5061 1949 5061 2491 5062 2490 5062 2502 5062 2192 5063 1925 5063 2184 5063 2184 5064 1925 5064 2502 5064 2184 5065 2502 5065 2185 5065 2185 5066 2502 5066 2490 5066 2503 5067 2504 5068 2505 5069 2046 5070 2503 5070 2047 5071 2047 5072 2503 5072 2505 5072 2047 5073 2505 5074 2506 5075 2046 5076 2049 5076 2503 5076 2503 5077 2049 5078 2066 5079 2503 5080 2066 5080 2507 5080 2507 5081 2066 5081 2065 5081 2507 5082 2065 5083 2070 5084 2508 5085 2509 5085 2510 5085 2511 5086 2512 5086 2508 5086 2510 5087 2513 5087 2514 5087 2513 5088 2510 5088 2050 5088 2050 5089 2510 5089 2509 5089 2050 5090 2509 5090 2051 5090 2051 5091 2509 5091 2052 5091 2052 5092 2509 5092 2508 5092 2052 5093 2508 5093 2053 5093 2053 5094 2508 5094 2512 5094 2053 5095 2512 5095 2068 5095 2068 5096 2512 5096 2511 5096 2068 5097 2511 5097 2069 5097 2503 5098 2507 5098 2515 5098 2516 5099 2517 5099 2518 5099 2518 5100 2517 5100 2519 5100 2518 5101 2519 5101 2504 5101 2520 5102 2519 5102 2521 5102 2521 5103 2519 5103 2517 5103 2521 5104 2517 5104 2522 5104 2522 5105 2517 5105 2516 5105 2522 5106 2516 5106 2523 5106 2514 5107 2524 5107 2510 5107 2510 5108 2524 5108 2525 5108 2510 5109 2525 5109 2508 5109 2508 5110 2525 5110 2526 5110 2508 5111 2526 5111 2511 5111 2511 5112 2526 5112 2515 5112 2511 5113 2515 5113 2069 5113 2069 5114 2515 5114 2507 5114 2069 5115 2507 5116 2070 5117 2524 5118 2527 5118 2525 5118 2525 5119 2527 5120 2523 5121 2525 5122 2523 5122 2526 5122 2526 5123 2523 5123 2516 5123 2526 5124 2516 5124 2515 5124 2515 5125 2516 5125 2518 5125 2515 5126 2518 5126 2503 5126 2503 5127 2518 5127 2504 5127 2528 5128 2520 5128 2529 5128 2529 5129 2520 5129 2521 5129 2529 5130 2521 5130 2530 5130 2530 5131 2521 5131 2522 5131 2530 5132 2522 5133 2531 5134 2531 5135 2522 5135 2523 5135 2531 5136 2523 5136 2532 5136 2532 5137 2523 5137 2527 5137 2531 5138 2532 5139 2533 5140 2514 5141 2534 5141 2524 5141 2524 5142 2534 5142 2535 5142 2524 5143 2535 5143 2536 5143 2533 5144 2532 5144 2536 5144 2536 5145 2532 5145 2527 5145 2536 5146 2527 5146 2524 5146 2531 5147 2533 5147 2530 5147 2530 5148 2533 5148 2537 5148 2530 5149 2537 5149 2529 5149 2529 5150 2537 5150 2538 5150 2529 5151 2538 5151 2528 5151 2539 5152 2540 5152 2054 5152 2541 5153 2542 5153 2055 5153 2050 5154 2059 5154 2513 5154 2513 5155 2059 5155 2514 5155 2514 5156 2059 5156 2534 5156 2534 5157 2059 5157 2058 5157 2534 5158 2058 5158 2543 5158 2544 5159 2545 5159 2057 5159 2057 5160 2545 5160 2546 5160 2057 5161 2546 5161 2058 5161 2058 5162 2546 5162 2547 5162 2058 5163 2547 5163 2543 5163 2544 5164 2057 5164 2548 5164 2548 5165 2057 5165 2056 5165 2548 5166 2056 5166 2549 5166 2542 5167 2550 5167 2055 5167 2055 5168 2550 5168 2551 5168 2055 5169 2551 5169 2056 5169 2056 5170 2551 5170 2552 5170 2056 5171 2552 5171 2549 5171 2054 5172 2540 5172 2055 5172 2055 5173 2540 5173 2553 5173 2055 5174 2553 5174 2541 5174 2554 5175 2062 5175 2555 5175 2555 5176 2062 5176 2061 5176 2555 5177 2061 5177 2060 5177 2554 5178 2556 5178 2062 5178 2062 5179 2556 5179 2557 5179 2062 5180 2557 5180 2054 5180 2054 5181 2557 5181 2558 5181 2054 5182 2558 5182 2539 5182 2556 5183 2554 5183 2559 5183 2559 5184 2554 5184 2560 5184 2559 5185 2560 5186 2561 5187 2561 5188 2560 5189 2562 5190 2561 5191 2562 5192 2563 5193 2563 5194 2562 5194 2564 5194 2563 5195 2564 5196 2565 5197 2565 5198 2564 5198 2566 5198 2565 5199 2566 5199 2567 5199 2567 5200 2566 5201 2568 5200 2567 5202 2568 5202 2569 5202 2569 5203 2568 5203 2570 5203 2569 5204 2570 5204 2571 5204 2063 5205 2064 5205 2572 5205 2572 5206 2064 5206 2573 5206 2071 5207 2574 5207 2064 5207 2064 5208 2574 5208 2575 5208 2064 5209 2575 5209 2573 5209 2048 5210 2047 5210 2506 5210 2506 5211 2576 5211 2048 5211 2048 5212 2576 5212 2577 5212 2048 5213 2577 5213 2071 5213 2071 5214 2577 5214 2578 5214 2071 5215 2578 5215 2574 5215 2074 5216 2073 5217 2579 5218 2579 5219 2073 5220 2072 5221 2579 5222 2072 5222 2580 5222 2074 5223 2581 5223 2060 5223 2060 5224 2581 5224 2582 5224 2060 5225 2582 5225 2555 5225 2555 5226 2582 5226 2583 5226 2555 5227 2583 5227 2554 5227 2584 5228 2585 5228 2586 5228 2586 5229 2585 5229 2587 5229 2586 5230 2587 5230 2588 5230 2588 5231 2587 5231 2589 5231 2588 5232 2589 5232 2590 5232 2590 5233 2589 5233 2591 5233 2590 5234 2591 5234 2592 5234 2592 5235 2591 5235 2593 5235 1496 5236 2594 5236 1497 5236 1497 5237 2594 5237 2595 5237 1497 5238 2595 5238 1498 5238 1498 5239 2595 5239 2596 5239 1498 5240 2596 5240 1492 5240 1492 5241 2596 5241 2580 5241 1492 5242 2580 5242 2067 5242 2067 5243 2580 5244 2072 5245 2597 5246 2571 5246 2598 5246 2598 5247 2571 5247 2570 5247 2598 5248 2570 5248 2599 5248 2599 5249 2570 5249 2568 5249 2599 5250 2568 5250 2600 5250 2600 5251 2568 5252 2566 5253 2600 5254 2566 5254 2601 5254 2601 5255 2566 5256 2564 5257 2601 5258 2564 5258 2602 5258 2602 5259 2564 5259 2562 5259 2602 5260 2562 5261 2560 5262 2602 5263 2584 5263 2601 5263 2601 5264 2584 5264 2586 5264 2601 5265 2586 5265 2600 5265 2600 5266 2586 5266 2588 5266 2600 5267 2588 5267 2599 5267 2599 5268 2588 5268 2590 5268 2599 5269 2590 5269 2598 5269 2598 5270 2590 5270 2592 5270 2598 5271 2592 5271 2597 5271 2597 5272 2592 5272 2593 5272 2597 5273 2593 5273 2603 5273 2594 5274 2603 5274 2595 5274 2595 5275 2603 5275 2593 5275 2595 5276 2593 5276 2596 5276 2596 5277 2593 5277 2591 5277 2596 5278 2591 5278 2580 5278 2580 5279 2591 5279 2589 5279 2580 5280 2589 5280 2579 5280 2579 5281 2589 5281 2587 5281 2579 5282 2587 5282 2074 5282 2074 5283 2587 5283 2585 5283 2074 5284 2585 5284 2581 5284 2581 5285 2585 5285 2584 5285 2581 5286 2584 5286 2582 5286 2582 5287 2584 5287 2602 5287 2582 5288 2602 5288 2583 5288 2583 5289 2602 5289 2560 5289 2583 5290 2560 5290 2554 5290 2604 5291 2605 5291 2487 5291 2487 5292 2486 5292 2604 5292 2604 5293 2486 5293 2488 5293 2604 5294 2488 5294 2606 5294 2606 5295 2488 5295 2489 5295 2606 5296 2489 5296 2607 5296 2607 5297 2489 5297 2076 5297 2607 5298 2076 5298 2075 5298 2608 5299 2609 5299 2098 5299 2610 5300 2611 5300 2123 5300 2605 5301 2604 5301 2612 5301 2605 5302 2612 5302 2613 5302 2613 5303 2612 5303 2614 5303 2613 5304 2614 5304 2615 5304 2615 5305 2614 5305 2616 5305 2615 5306 2616 5306 2617 5306 2617 5307 2616 5307 2618 5307 2617 5308 2618 5308 2619 5308 2618 5309 2620 5309 2619 5309 2619 5310 2620 5310 2621 5310 2619 5311 2621 5311 2622 5311 2622 5312 2621 5312 2623 5312 2622 5313 2623 5313 2624 5313 2624 5314 2623 5314 2625 5314 2624 5315 2625 5315 2626 5315 2626 5316 2625 5316 2627 5316 2626 5317 2627 5317 2628 5317 2628 5318 2627 5318 2629 5318 2628 5319 2629 5319 2630 5319 2630 5320 2629 5320 2631 5320 2630 5321 2631 5321 2632 5321 2632 5322 2631 5322 2633 5322 2632 5323 2633 5323 2634 5323 2633 5324 2635 5324 2634 5324 2634 5325 2635 5325 2636 5325 2634 5326 2636 5326 2637 5326 2637 5327 2636 5327 2638 5327 2638 5328 2636 5328 2639 5328 2638 5329 2639 5329 2640 5329 2640 5330 2639 5330 2641 5330 2640 5331 2641 5331 2642 5331 2642 5332 2641 5332 2643 5332 2642 5333 2643 5333 2644 5333 2644 5334 2643 5334 2645 5334 2645 5335 2643 5335 2646 5335 2645 5336 2646 5336 2647 5336 2647 5337 2646 5337 2648 5337 2647 5338 2648 5338 2649 5338 2648 5339 2650 5339 2649 5339 2649 5340 2650 5340 2651 5340 2649 5341 2651 5341 2652 5341 2652 5342 2651 5342 2653 5342 2652 5343 2653 5343 2654 5343 2654 5344 2653 5344 2655 5344 2654 5345 2655 5345 2656 5345 2656 5346 2655 5346 2657 5346 2656 5347 2657 5347 2658 5347 2658 5348 2657 5348 2659 5348 2658 5349 2659 5349 2660 5349 2659 5350 2661 5350 2660 5350 2660 5351 2661 5351 2662 5351 2660 5352 2662 5352 2663 5352 2663 5353 2662 5353 2664 5353 2663 5354 2664 5354 2665 5354 2665 5355 2664 5355 2666 5355 2665 5356 2666 5356 2667 5356 2667 5357 2666 5357 2668 5357 2667 5358 2668 5358 2669 5358 2669 5359 2668 5359 2670 5359 2670 5360 2668 5360 2671 5360 2670 5361 2671 5361 2672 5361 2672 5362 2671 5362 2673 5362 2673 5363 2671 5363 2674 5363 2673 5364 2674 5364 2675 5364 2136 5365 2676 5365 2134 5365 2134 5366 2676 5366 2677 5366 2134 5367 2677 5367 2133 5367 2133 5368 2677 5368 2678 5368 2133 5369 2678 5369 2131 5369 2131 5370 2678 5370 2679 5370 2131 5371 2679 5371 2130 5371 2130 5372 2679 5372 2610 5372 2130 5373 2610 5374 2128 5374 2128 5375 2610 5375 2123 5375 2680 5376 2119 5376 2681 5376 2681 5377 2119 5377 2118 5377 2681 5378 2118 5378 2682 5378 2682 5379 2118 5379 2122 5379 2682 5380 2122 5380 2683 5380 2683 5381 2122 5381 2121 5381 2683 5382 2121 5382 2684 5382 2684 5383 2121 5383 2127 5383 2684 5384 2127 5384 2685 5384 2685 5385 2127 5385 2126 5385 2685 5386 2126 5386 2611 5386 2611 5387 2126 5387 2124 5387 2611 5388 2124 5388 2123 5388 2686 5389 2113 5389 2687 5389 2687 5390 2113 5390 2116 5390 2687 5391 2116 5391 2680 5391 2680 5392 2116 5392 2115 5392 2680 5393 2115 5393 2119 5393 2688 5394 2107 5395 2689 5395 2689 5396 2107 5396 2106 5396 2689 5397 2106 5397 2686 5397 2686 5398 2106 5398 2111 5398 2686 5399 2111 5399 2113 5399 2098 5400 2103 5400 2608 5400 2608 5401 2103 5401 2105 5401 2608 5402 2105 5402 2690 5402 2690 5403 2105 5403 2110 5403 2690 5404 2110 5404 2688 5404 2688 5405 2110 5405 2109 5405 2688 5406 2109 5406 2107 5406 2691 5407 2102 5407 2692 5407 2692 5408 2102 5408 2101 5408 2692 5409 2101 5409 2609 5409 2609 5410 2101 5410 2099 5410 2609 5411 2099 5411 2098 5411 2693 5412 2090 5412 2694 5412 2694 5413 2090 5413 2095 5413 2694 5414 2095 5414 2691 5414 2691 5415 2095 5415 2097 5415 2691 5416 2097 5416 2102 5416 2607 5417 2075 5417 2695 5417 2695 5418 2075 5419 2080 5420 2695 5421 2080 5421 2696 5421 2696 5422 2080 5423 2083 5424 2696 5425 2083 5425 2697 5425 2697 5426 2083 5426 2082 5426 2697 5427 2082 5427 2698 5427 2698 5428 2082 5428 2086 5428 2698 5429 2086 5429 2699 5429 2699 5430 2086 5430 2085 5430 2699 5431 2085 5431 2700 5431 2700 5432 2085 5432 2089 5432 2700 5433 2089 5433 2701 5433 2701 5434 2089 5434 2088 5434 2701 5435 2088 5435 2702 5435 2702 5436 2088 5436 2094 5436 2702 5437 2094 5437 2703 5437 2703 5438 2094 5439 2093 5440 2703 5441 2093 5441 2693 5441 2693 5442 2093 5442 2091 5442 2693 5443 2091 5443 2090 5443 2606 5444 2607 5444 2704 5444 2704 5445 2607 5445 2695 5445 2704 5446 2695 5446 2705 5446 2705 5447 2695 5447 2696 5447 2705 5448 2696 5448 2706 5448 2706 5449 2696 5449 2697 5449 2706 5450 2697 5450 2707 5450 2707 5451 2697 5451 2698 5451 2707 5452 2698 5452 2708 5452 2708 5453 2698 5453 2699 5453 2708 5454 2699 5454 2709 5454 2709 5455 2699 5455 2700 5455 2709 5456 2700 5456 2710 5456 2710 5457 2700 5457 2701 5457 2710 5458 2701 5458 2711 5458 2711 5459 2701 5459 2702 5459 2711 5460 2702 5460 2712 5460 2712 5461 2702 5461 2703 5461 2712 5462 2703 5462 2713 5462 2713 5463 2703 5463 2693 5463 2713 5464 2693 5464 2714 5464 2714 5465 2693 5465 2694 5465 2714 5466 2694 5466 2715 5466 2715 5467 2694 5467 2691 5467 2715 5468 2691 5468 2716 5468 2716 5469 2691 5469 2692 5469 2716 5470 2692 5470 2717 5470 2717 5471 2692 5471 2609 5471 2717 5472 2609 5472 2718 5472 2718 5473 2609 5473 2608 5473 2718 5474 2608 5474 2719 5474 2719 5475 2608 5475 2690 5475 2719 5476 2690 5476 2720 5476 2720 5477 2690 5477 2688 5477 2720 5478 2688 5478 2721 5478 2721 5479 2688 5479 2689 5479 2721 5480 2689 5480 2722 5480 2722 5481 2689 5481 2686 5481 2722 5482 2686 5482 2723 5482 2723 5483 2686 5483 2687 5483 2723 5484 2687 5484 2724 5484 2724 5485 2687 5485 2680 5485 2724 5486 2680 5486 2725 5486 2725 5487 2680 5487 2681 5487 2725 5488 2681 5488 2726 5488 2726 5489 2681 5489 2682 5489 2726 5490 2682 5490 2727 5490 2727 5491 2682 5491 2683 5491 2727 5492 2683 5492 2728 5492 2728 5493 2683 5493 2684 5493 2728 5494 2684 5494 2729 5494 2729 5495 2684 5495 2685 5495 2729 5496 2685 5496 2730 5496 2730 5497 2685 5497 2611 5497 2730 5498 2611 5498 2731 5498 2731 5499 2611 5499 2610 5499 2731 5500 2610 5500 2732 5500 2732 5501 2610 5501 2679 5501 2732 5502 2679 5502 2733 5502 2733 5503 2679 5503 2678 5503 2733 5504 2678 5504 2734 5504 2734 5505 2678 5505 2677 5505 2734 5506 2677 5506 2735 5506 2735 5507 2677 5507 2676 5507 2604 5508 2606 5508 2612 5508 2612 5509 2606 5509 2704 5509 2612 5510 2704 5510 2614 5510 2614 5511 2704 5511 2705 5511 2614 5512 2705 5512 2616 5512 2616 5513 2705 5513 2706 5513 2616 5514 2706 5514 2618 5514 2618 5515 2706 5515 2707 5515 2618 5516 2707 5516 2620 5516 2620 5517 2707 5517 2708 5517 2620 5518 2708 5518 2621 5518 2621 5519 2708 5519 2709 5519 2621 5520 2709 5520 2623 5520 2623 5521 2709 5521 2710 5521 2623 5522 2710 5522 2625 5522 2625 5523 2710 5523 2711 5523 2625 5524 2711 5524 2627 5524 2627 5525 2711 5525 2712 5525 2627 5526 2712 5526 2629 5526 2629 5527 2712 5527 2713 5527 2629 5528 2713 5528 2631 5528 2631 5529 2713 5529 2714 5529 2631 5530 2714 5530 2633 5530 2633 5531 2714 5531 2715 5531 2633 5532 2715 5532 2635 5532 2635 5533 2715 5533 2716 5533 2635 5534 2716 5534 2636 5534 2636 5535 2716 5535 2717 5535 2636 5536 2717 5536 2639 5536 2639 5537 2717 5537 2718 5537 2639 5538 2718 5538 2641 5538 2641 5539 2718 5539 2719 5539 2641 5540 2719 5540 2643 5540 2643 5541 2719 5541 2720 5541 2643 5542 2720 5542 2646 5542 2646 5543 2720 5543 2721 5543 2646 5544 2721 5544 2648 5544 2648 5545 2721 5545 2722 5545 2648 5546 2722 5546 2650 5546 2650 5547 2722 5547 2723 5547 2650 5548 2723 5548 2651 5548 2651 5549 2723 5549 2724 5549 2651 5550 2724 5550 2653 5550 2653 5551 2724 5551 2725 5551 2653 5552 2725 5552 2655 5552 2655 5553 2725 5553 2726 5553 2655 5554 2726 5554 2657 5554 2657 5555 2726 5555 2727 5555 2657 5556 2727 5556 2659 5556 2659 5557 2727 5557 2728 5557 2659 5558 2728 5558 2661 5558 2661 5559 2728 5559 2729 5559 2661 5560 2729 5560 2662 5560 2662 5561 2729 5561 2730 5561 2662 5562 2730 5562 2664 5562 2664 5563 2730 5563 2731 5563 2664 5564 2731 5564 2666 5564 2666 5565 2731 5565 2732 5565 2666 5566 2732 5566 2668 5566 2668 5567 2732 5567 2733 5567 2668 5568 2733 5568 2671 5568 2671 5569 2733 5569 2734 5569 2671 5570 2734 5570 2674 5570 2674 5571 2734 5571 2735 5571 2736 5572 2737 5572 2675 5572 2675 5573 2674 5573 2736 5573 2736 5574 2674 5574 2735 5574 2736 5575 2735 5575 2738 5575 2738 5576 2735 5576 2676 5576 2738 5577 2676 5577 2739 5577 2739 5578 2676 5578 2136 5578 2739 5579 2136 5579 2150 5579 2144 5580 2143 5580 2740 5580 2741 5581 2742 5581 2142 5581 2142 5582 2742 5582 2743 5582 2142 5583 2743 5583 2143 5583 2143 5584 2743 5584 2744 5584 2143 5585 2744 5585 2740 5585 2741 5586 2142 5586 2745 5586 2745 5587 2142 5587 2141 5587 2745 5588 2141 5588 2746 5588 2746 5589 2141 5589 2747 5589 2747 5590 2141 5590 2140 5590 2747 5591 2140 5591 2748 5591 2749 5592 2750 5592 2139 5592 2139 5593 2750 5593 2751 5593 2139 5594 2751 5594 2140 5594 2140 5595 2751 5595 2752 5595 2140 5596 2752 5596 2748 5596 2753 5597 2749 5597 2754 5597 2754 5598 2749 5598 2139 5598 2754 5599 2139 5600 2755 5601 2755 5602 2139 5602 2138 5602 2148 5603 2756 5603 2137 5603 2137 5604 2756 5604 2757 5604 2757 5605 2758 5605 2137 5605 2137 5606 2758 5606 2759 5606 2137 5607 2759 5607 2138 5607 2138 5608 2759 5608 2760 5608 2138 5609 2760 5609 2755 5609 2146 5610 2761 5610 2147 5610 2147 5611 2761 5611 2762 5611 2762 5612 2763 5612 2147 5612 2147 5613 2763 5613 2764 5613 2147 5614 2764 5614 2148 5614 2148 5615 2764 5615 2765 5615 2148 5616 2765 5616 2756 5616 2740 5617 2766 5617 2144 5617 2144 5618 2766 5618 2767 5618 2144 5619 2767 5619 2145 5619 2145 5620 2767 5620 2768 5620 2145 5621 2768 5621 2146 5621 2146 5622 2768 5622 2769 5622 2146 5623 2769 5623 2761 5623 2737 5624 2736 5624 2770 5624 2770 5625 2736 5625 2159 5625 2770 5626 2159 5626 2771 5626 2771 5627 2159 5627 2158 5627 2150 5628 1590 5628 2151 5628 2150 5629 2151 5629 2739 5629 2739 5630 2151 5630 2154 5630 2739 5631 2154 5631 2738 5631 2738 5632 2154 5632 2736 5632 2736 5633 2154 5633 2156 5633 2736 5634 2156 5634 2159 5634 2160 5635 1592 5635 2174 5635 2772 5636 2773 5636 2163 5636 2167 5637 2169 5637 2773 5637 2773 5638 2772 5638 2167 5638 2167 5639 2772 5639 2774 5639 2167 5640 2774 5640 2164 5640 2164 5641 2774 5641 2775 5641 2164 5642 2775 5642 2171 5642 2163 5643 2162 5643 2772 5643 2772 5644 2162 5644 2161 5644 2772 5645 2161 5645 2774 5645 2774 5646 2161 5646 2160 5646 2774 5647 2160 5647 2775 5647 2775 5648 2160 5649 2174 5650 2775 5651 2174 5652 2171 5653 2169 5654 2168 5654 2776 5654 2776 5655 2168 5655 2777 5655 2778 5656 2779 5656 2780 5656 2780 5657 2779 5657 2168 5657 2780 5658 2168 5658 2166 5658 2781 5659 2179 5659 2183 5659 2183 5660 2182 5660 2781 5660 2781 5661 2182 5661 2782 5661 2781 5662 2782 5662 2778 5662 2778 5663 2782 5663 2783 5663 2778 5664 2783 5664 2779 5664 2170 5665 2172 5665 2784 5665 2784 5666 2172 5666 2173 5666 2784 5667 2173 5667 2785 5667 2785 5668 2173 5668 2177 5668 2785 5669 2177 5669 2786 5669 2786 5670 2177 5670 1935 5670 2786 5671 1935 5671 2188 5671 2188 5672 2180 5672 2786 5672 2786 5673 2180 5673 2787 5673 2786 5674 2787 5674 2785 5674 2785 5675 2787 5675 2788 5675 2785 5676 2788 5676 2784 5676 2784 5677 2788 5677 2789 5677 2784 5678 2789 5678 2170 5678 2170 5679 2789 5679 2165 5679 2180 5680 2179 5680 2787 5680 2787 5681 2179 5681 2781 5681 2787 5682 2781 5682 2788 5682 2788 5683 2781 5683 2778 5683 2788 5684 2778 5684 2789 5684 2789 5685 2778 5685 2780 5685 2789 5686 2780 5686 2165 5686 2165 5687 2780 5687 2166 5687 2790 5688 2490 5688 2492 5688 2791 5689 2792 5689 2793 5689 2793 5690 2792 5690 2790 5690 2793 5691 2790 5691 2794 5691 2794 5692 2790 5692 2492 5692 2185 5693 2490 5693 2186 5693 2186 5694 2490 5694 2790 5694 2186 5695 2790 5695 2181 5695 2181 5696 2790 5696 2792 5696 2181 5697 2792 5698 2182 5699 2194 5700 2193 5700 2281 5700 2281 5701 2193 5701 2285 5701 1614 98 1599 98 2795 98 2795 5702 1599 5702 1598 5702 2795 5703 1598 5703 2200 5703 2200 98 1598 98 2194 98 2200 5704 2194 5704 2199 5704 2199 98 2194 98 2281 98 2193 5705 2333 5705 2285 5705 2285 5706 2333 5706 2332 5706 2285 5707 2332 5707 2286 5707 2286 98 2332 98 2331 98 2286 5708 2331 5708 2288 5708 2288 98 2331 98 2330 98 2288 98 2330 98 2290 98 2290 98 2330 98 2329 98 2290 98 2329 98 2292 98 2292 98 2329 98 2328 98 2292 98 2328 98 2294 98 2294 98 2328 98 2327 98 2294 5709 2327 5709 2282 5709 2282 98 2327 98 2326 98 2282 98 2326 98 2283 98 2795 5710 2796 5710 1614 5710 1614 98 2796 98 2797 98 1614 98 2797 98 2196 98 2196 98 2797 98 2195 98 2796 5711 2795 5711 2798 5711 2798 5712 2795 5712 2799 5712 2798 5713 2799 5713 2800 5713 2801 5714 2802 5714 2803 5714 2804 5715 2805 5715 2801 5715 2806 5716 2807 5716 2808 5716 2808 5717 2807 5717 2809 5717 2808 5718 2809 5718 2810 5718 2801 5719 2803 5719 2804 5719 2804 5720 2803 5720 2811 5720 2804 5721 2811 5721 2812 5721 2812 5722 2811 5722 2808 5722 2812 5723 2808 5723 2813 5723 2813 5724 2808 5724 2810 5724 2813 5725 2810 5725 2814 5725 2815 5726 2816 5726 2817 5726 2817 5727 2816 5727 2806 5727 2806 5728 2808 5728 2817 5728 2817 5729 2808 5729 2811 5729 2817 5730 2811 5730 2818 5730 2818 5731 2811 5731 2803 5731 2818 5732 2803 5732 2819 5732 2819 5733 2803 5733 2802 5733 2819 5734 2802 5734 2820 5734 1732 5735 2195 5736 2821 5737 1728 5738 1729 5739 2821 5740 2821 5741 1729 5741 1730 5741 2821 5742 1730 5743 1732 5744 2198 5745 2799 5745 2200 5745 2200 5746 2799 5746 2795 5746 2822 5747 2823 5747 2824 5747 2825 5747 2826 5747 2824 5747 2824 5748 2826 5748 2827 5748 2824 5749 2827 5749 2822 5749 2823 5747 2828 5747 2824 5747 2824 5750 2828 5750 2829 5750 2824 5747 2829 5747 2830 5747 2830 5747 2831 5747 2824 5747 2824 5747 2831 5747 2832 5747 2824 5751 2832 5751 2833 5751 2825 5752 2834 5752 2826 5752 2826 5753 2834 5753 2835 5753 2826 5754 2835 5754 2836 5754 2836 5755 2835 5755 2837 5755 2836 5756 2837 5756 2838 5756 2839 5747 2840 5747 2838 5747 2838 5747 2840 5747 2841 5747 2838 5757 2841 5757 2836 5757 2842 5758 2843 5758 2212 5758 2212 5759 2843 5759 2216 5759 2843 5760 2844 5760 2216 5760 2216 5761 2844 5761 2845 5761 2216 5762 2845 5762 2218 5762 2218 5763 2845 5763 2846 5763 2218 5764 2846 5764 2220 5764 2846 5765 2847 5765 2220 5765 2220 5766 2847 5766 2848 5766 2220 5767 2848 5767 2222 5767 2222 5768 2848 5768 2849 5768 2222 5769 2849 5769 2224 5769 2224 5770 2849 5770 2850 5770 2224 5771 2850 5771 2228 5771 2851 5772 2225 5772 2852 5772 2852 5773 2225 5773 2228 5773 2852 5774 2228 5774 2853 5774 2853 5775 2228 5775 2850 5775 2851 5776 2854 5776 2225 5776 2225 5777 2854 5777 2855 5777 2225 5778 2855 5778 2235 5778 2855 5779 2856 5779 2235 5779 2235 5780 2856 5780 2857 5780 2235 5781 2857 5781 2232 5781 2857 5782 2858 5782 2232 5782 2232 5783 2858 5783 2859 5783 2232 5784 2859 5784 2242 5784 2859 5785 2860 5785 2242 5785 2242 5786 2860 5786 2861 5786 2242 5787 2861 5787 2244 5787 2861 5788 2862 5788 2244 5788 2244 5789 2862 5789 2863 5789 2244 5790 2863 5790 2246 5790 2863 5791 2864 5791 2246 5791 2246 5792 2864 5792 2865 5792 2246 5793 2865 5793 2248 5793 2248 5794 2865 5794 2866 5794 2248 5795 2866 5795 2250 5795 2250 5796 2866 5796 2867 5796 2250 5797 2867 5797 2252 5797 2867 5798 2868 5798 2252 5798 2252 5799 2868 5799 2869 5799 2252 5800 2869 5800 2254 5800 2254 5801 2869 5801 2870 5801 2254 5802 2870 5802 2256 5802 2256 5803 2870 5803 2258 5803 2258 5804 2870 5804 2871 5804 2258 5805 2871 5805 2260 5805 2871 5806 2872 5806 2260 5806 2260 5807 2872 5807 2873 5807 2260 5808 2873 5808 2261 5808 2261 5809 2873 5809 2874 5809 2261 5810 2874 5810 2279 5810 2279 5811 2874 5811 2875 5811 2279 5812 2875 5812 2278 5812 2875 5813 2876 5813 2278 5813 2278 5814 2876 5814 2877 5814 2278 5815 2877 5815 2277 5815 2877 5816 2878 5816 2277 5816 2277 5817 2878 5817 2879 5817 2277 5818 2879 5818 2276 5818 2879 5819 2880 5819 2276 5819 2276 5820 2880 5820 2881 5820 2276 5821 2881 5821 2262 5821 2882 5822 2273 5822 2881 5822 2881 5823 2273 5823 2263 5823 2881 5824 2263 5824 2262 5824 2882 5825 2883 5825 2273 5825 2273 5826 2883 5826 2884 5826 2273 5827 2884 5827 2284 5827 2884 5828 2885 5828 2284 5828 2284 5829 2885 5829 2886 5829 2284 5830 2886 5830 2296 5830 2296 5831 2886 5831 2887 5831 2296 5832 2887 5832 2295 5832 2295 5833 2887 5833 2888 5833 2295 5834 2888 5834 2293 5834 2888 5835 2889 5835 2293 5835 2293 5836 2889 5836 2890 5836 2293 5837 2890 5837 2291 5837 2291 5838 2890 5838 2891 5838 2291 5839 2891 5839 2289 5839 2289 5840 2891 5840 2892 5840 2289 5841 2892 5841 2287 5841 2892 5842 2893 5842 2287 5842 2287 5843 2893 5843 2894 5843 2287 5844 2894 5844 2280 5844 2280 5845 2894 5845 2895 5845 2280 5846 2895 5846 2197 5846 2197 5847 2895 5847 2896 5847 2197 5848 2896 5848 2198 5848 1874 98 2897 98 2335 98 2335 98 2897 98 2898 98 2335 5849 2898 5849 2336 5849 1874 5850 1873 5851 2897 5852 2897 5853 1873 5853 1872 5853 2897 5854 1872 5854 2899 5854 2899 5855 1872 5855 1870 5855 2899 98 1870 98 2900 98 2900 98 1870 98 2202 98 2900 98 2202 98 2901 98 2901 98 2202 98 2210 98 2901 98 2210 98 2902 98 2902 98 2210 98 2209 98 2902 98 2209 98 2903 98 2903 98 2209 98 2208 98 2903 98 2208 98 2904 98 2904 5856 2208 5856 2207 5856 2904 98 2207 98 2905 98 2905 98 2207 98 2206 98 2905 5857 2206 5857 2906 5857 2906 98 2206 98 2205 98 2906 98 2205 98 2907 98 2907 98 2205 98 2203 98 2907 98 2203 98 2908 98 2908 98 2203 98 2204 98 2908 98 2204 98 2909 98 2909 98 2204 98 2201 98 2909 98 2201 98 2910 98 2910 5858 2201 5858 1727 5858 2910 5859 1727 5859 1728 5859 2911 5860 2912 5860 2901 5860 2912 5861 2913 5861 2901 5861 2901 5862 2913 5862 2914 5862 2901 5863 2914 5863 2915 5863 2915 5864 2916 5864 2901 5864 2901 5865 2916 5865 2917 5865 2901 5866 2917 5866 2900 5866 2900 5867 2917 5867 2918 5867 2900 5868 2918 5868 2899 5868 2902 5869 2919 5869 2920 5869 2902 5870 2920 5870 2901 5870 2901 5871 2920 5871 2921 5871 2901 5872 2921 5872 2911 5872 2922 5873 2923 5873 2903 5873 2903 5874 2923 5874 2924 5874 2903 5875 2924 5875 2902 5875 2902 5876 2924 5876 2925 5876 2902 5877 2925 5877 2919 5877 2922 5878 2903 5878 2926 5878 2926 5879 2903 5879 2904 5879 2926 5880 2904 5880 2927 5880 2927 5881 2904 5881 2928 5881 2928 5882 2904 5882 2905 5882 2928 5883 2905 5883 2929 5883 2929 5884 2905 5884 2930 5884 2930 5885 2905 5885 2906 5885 2930 5886 2906 5886 2931 5886 2932 5887 2933 5887 2907 5887 2907 5888 2933 5888 2934 5888 2907 5889 2934 5889 2906 5889 2906 5890 2934 5890 2935 5890 2906 5891 2935 5891 2931 5891 2818 5892 2819 5892 2908 5892 2908 5893 2819 5893 2820 5893 2908 5894 2820 5894 2907 5894 2907 5895 2820 5895 2936 5895 2907 5896 2936 5896 2932 5896 2910 5897 2937 5897 2909 5897 2909 5898 2937 5898 2815 5898 2909 5899 2815 5899 2908 5899 2908 5900 2815 5900 2817 5900 2908 5901 2817 5901 2818 5901 2911 5902 2938 5902 2912 5902 2912 5903 2938 5903 2939 5903 2912 5904 2939 5904 2913 5904 2913 5905 2939 5905 2940 5905 2913 5906 2940 5906 2914 5906 2914 5907 2940 5907 2941 5907 2914 5908 2941 5908 2915 5908 2915 5909 2941 5909 2916 5909 2916 5910 2941 5910 2942 5910 2916 5911 2942 5911 2917 5911 2943 5912 2211 5912 2944 5912 2944 5913 2211 5913 2213 5913 2275 5747 2283 5747 2325 5747 2233 5914 2241 5914 2312 5914 2338 5915 2336 5916 2945 5917 2312 5918 2241 5918 2311 5918 2275 5747 2325 5747 2272 5747 2272 5747 2325 5747 2324 5747 2272 5919 2324 5919 2271 5919 2271 5747 2324 5747 2323 5747 2271 5920 2323 5920 2269 5920 2269 5747 2323 5747 2322 5747 2269 5921 2322 5921 2268 5921 2268 5747 2322 5747 2321 5747 2268 5747 2321 5747 2320 5747 2304 5922 2236 5922 2315 5922 2315 5747 2236 5747 2234 5747 2315 5923 2234 5923 2314 5923 2314 5924 2234 5924 2233 5924 2314 5925 2233 5926 2313 5927 2313 5747 2233 5747 2312 5747 2944 5747 2213 5747 1850 5747 1850 5928 2213 5928 2214 5928 1850 5747 2214 5747 2334 5747 2214 5747 2215 5747 2334 5747 2334 5929 2215 5929 2217 5929 2334 5930 2217 5930 2298 5930 2298 5931 2217 5931 2219 5931 2298 5747 2219 5747 2299 5747 2299 5932 2219 5932 2221 5932 2299 5933 2221 5934 2300 5935 2300 5747 2221 5747 2223 5747 2300 5936 2223 5936 2297 5936 2241 5937 2243 5937 2311 5937 2311 5747 2243 5747 2245 5747 2311 5747 2245 5747 2310 5747 2310 5747 2245 5747 2247 5747 2310 5747 2247 5747 2309 5747 2309 5938 2247 5938 2249 5938 2309 5747 2249 5747 2308 5747 2308 5939 2249 5939 2251 5939 2308 5940 2251 5940 2307 5940 2307 5747 2251 5747 2253 5747 2307 5747 2253 5747 2306 5747 2306 5747 2253 5747 2255 5747 2306 5747 2255 5747 2305 5747 2305 5747 2255 5747 2257 5747 2305 5747 2257 5747 2316 5747 2316 5941 2257 5941 2259 5941 2316 5942 2259 5942 2317 5942 2317 5747 2259 5747 2240 5747 2317 5747 2240 5747 2318 5747 2318 5747 2240 5747 2239 5747 2318 5943 2239 5943 2319 5943 2319 5747 2239 5747 2265 5747 2319 5944 2265 5944 2320 5944 2320 5945 2265 5945 2267 5945 2320 5747 2267 5747 2268 5747 1850 5946 1849 5946 2944 5946 2944 5947 1849 5947 1851 5947 2944 5948 1851 5948 2945 5948 2945 5747 1851 5747 2337 5747 2945 5747 2337 5747 2338 5747 2223 5949 2231 5949 2297 5949 2297 5950 2231 5950 2230 5950 2297 5747 2230 5747 2301 5747 2301 5747 2230 5747 2229 5747 2301 5951 2229 5952 2302 5953 2302 5954 2229 5954 2227 5954 2302 5747 2227 5747 2303 5747 2303 5747 2227 5747 2226 5747 2303 5955 2226 5956 2304 5957 2304 5958 2226 5958 2237 5958 2304 5747 2237 5747 2236 5747 2938 5959 2946 5959 2947 5959 2938 5960 2947 5960 2939 5960 2939 5961 2947 5961 2948 5961 2939 5962 2948 5962 2940 5962 2940 5963 2948 5963 2949 5963 2940 5964 2949 5964 2941 5964 2941 5965 2949 5965 2950 5965 2941 5966 2950 5966 2942 5966 2356 5967 2339 5967 2430 5967 2434 5968 2439 5968 2951 5968 2430 5969 2435 5969 2356 5969 2356 5970 2435 5970 2434 5970 2356 5971 2434 5971 2418 5971 2418 5972 2434 5972 2951 5972 2418 5973 2951 5973 2429 5973 1402 5974 1401 5974 1884 5974 2952 5975 2431 5975 2430 5975 2339 5976 1402 5976 2430 5976 2430 5977 1402 5977 1884 5977 2430 5978 1884 5978 2952 5978 2952 5979 1884 5979 2445 5979 2952 5980 2445 5980 2449 5980 2392 5981 2390 5981 2953 5981 2447 5982 1887 5982 2954 5982 2954 5983 1887 5983 2955 5983 2954 5984 2955 5984 2956 5984 2956 5985 2955 5985 2957 5985 2947 5986 2946 5986 2958 5986 2392 5987 2953 5987 2393 5987 2953 5988 2959 5988 2393 5988 2393 5989 2959 5989 2960 5989 2393 5990 2960 5990 2361 5990 2361 5991 2960 5991 2362 5991 2362 5992 2960 5992 2955 5992 2362 5993 2955 5993 1415 5993 1415 5994 2955 5994 1887 5994 1415 5995 1887 5995 1414 5995 2953 5996 2950 5996 2949 5996 2953 5997 2949 5997 2959 5997 2959 5998 2949 5998 2948 5998 2959 5999 2948 5999 2960 5999 2960 6000 2948 6000 2947 6000 2960 6001 2947 6001 2955 6001 2955 6002 2947 6002 2958 6002 2955 6003 2958 6003 2957 6003 2961 6004 2962 6004 2963 6004 2964 6005 2965 6005 2966 6005 2967 6006 2968 6007 2969 6008 2969 6009 2968 6009 2970 6010 2969 6011 2970 6011 2971 6011 2971 6012 2970 6013 2390 6014 2972 6015 2973 6015 2974 6015 2974 6016 2973 6016 2975 6016 2974 6017 2975 6017 2976 6017 2977 6018 2978 6018 2979 6018 2979 6019 2978 6019 2980 6019 2979 6020 2980 6020 2981 6020 2981 6021 2980 6021 2982 6021 2983 6022 2984 6022 2985 6022 2985 6023 2984 6024 2986 6024 2985 6025 2986 6025 2977 6025 2977 6026 2986 6026 2987 6026 2977 6027 2987 6027 2978 6027 2965 6028 2988 6028 2966 6028 2966 6029 2988 6029 2989 6029 2966 6030 2989 6030 2990 6030 2991 6031 2424 6032 2425 6033 2991 6034 2425 6034 2992 6034 2429 6035 2993 6035 2427 6035 2427 6036 2993 6036 2994 6036 2427 6037 2994 6037 2428 6037 2428 6038 2994 6038 2992 6038 2428 6039 2992 6039 2426 6039 2426 6040 2992 6040 2425 6040 2995 6041 2399 6041 2398 6041 2995 6042 2398 6042 2996 6042 2400 6043 2401 6043 2997 6043 2997 6044 2401 6044 2404 6044 2997 6045 2404 6045 2982 6045 2982 6046 2404 6046 2403 6046 2982 6047 2403 6047 2981 6047 2981 6048 2403 6048 2402 6048 2981 6049 2402 6049 2979 6049 2408 6050 2407 6051 2990 6052 2412 6053 2962 6053 2405 6053 2405 6054 2962 6054 2961 6054 2405 6055 2961 6055 2406 6055 2410 6056 2424 6056 2411 6056 2411 6057 2424 6057 2991 6057 2411 6058 2991 6058 2412 6058 2394 6059 2399 6059 2395 6059 2395 6060 2399 6060 2995 6060 2395 6061 2995 6061 2383 6061 2383 6062 2995 6062 2385 6062 2389 6063 2385 6064 2998 6065 2998 6066 2385 6066 2995 6066 2998 6067 2995 6067 2999 6067 2999 6068 2995 6068 2996 6068 2999 6069 2996 6069 2974 6069 2398 6070 2400 6070 2996 6070 2996 6071 2400 6071 2997 6071 2996 6072 2997 6072 2974 6072 2974 6073 2997 6073 2982 6073 2974 6074 2982 6074 2972 6074 2972 6075 2982 6075 2980 6075 2972 6076 2980 6077 2973 6078 2402 6079 2397 6079 2979 6079 2979 6080 2397 6081 2396 6082 2979 6083 2396 6083 2977 6083 2977 6084 2396 6084 2408 6084 2977 6085 2408 6085 2985 6085 2985 6086 2408 6086 2990 6086 2985 6087 2990 6087 2983 6087 2983 6088 2990 6088 2989 6088 2983 6089 2989 6089 3000 6089 3000 6090 2989 6091 2988 6091 3001 6092 3002 6093 3003 6094 3003 6095 3002 6096 2964 6097 3003 6098 2964 6098 2963 6098 2963 6099 2964 6099 2966 6099 2963 6100 2966 6100 2961 6100 2961 6101 2966 6101 2990 6101 2961 6102 2990 6102 2406 6102 2406 6103 2990 6103 2407 6103 2390 6104 2389 6104 2971 6104 2971 6105 2389 6105 2998 6105 2971 6106 2998 6107 2969 6108 2969 6109 2998 6109 2999 6109 2969 6110 2999 6110 2967 6110 2967 6111 2999 6111 2974 6111 2967 6112 2974 6112 3004 6112 3004 6113 2974 6113 2976 6113 2412 6114 2991 6114 2962 6114 2962 6115 2991 6115 2992 6115 2962 6116 2992 6117 2963 6117 2963 6118 2992 6118 2994 6118 2963 6119 2994 6119 3003 6119 3003 6120 2994 6120 2993 6120 3003 6121 2993 6122 3001 6123 2440 6124 3005 6124 2439 6124 3005 6125 2440 6126 3006 6126 3006 6127 2440 6127 2441 6127 3006 6128 2441 6129 3007 6130 3008 6131 3009 6131 3010 6131 3010 6132 3009 6132 3011 6132 3010 6133 3011 6133 3012 6133 3012 6134 3011 6134 3013 6134 3013 6135 3011 6135 3014 6135 3013 6136 3014 6136 3015 6136 2443 6137 2444 6137 3016 6137 3016 6138 3013 6138 2443 6138 2443 6139 3013 6139 3015 6139 2443 6140 3015 6140 2442 6140 2442 6141 3015 6141 3017 6141 2442 6142 3017 6142 2441 6142 3018 6143 3019 6143 3020 6143 2921 6144 2938 6144 2911 6144 2934 6145 2933 6145 3021 6145 2575 6146 3022 6146 3023 6146 3024 6147 3025 6147 3026 6147 3027 6148 3028 6148 3029 6148 3029 6149 3028 6149 3030 6149 3012 6150 3013 6150 3031 6150 3016 6151 2444 6151 3032 6151 3032 6152 2444 6152 2438 6152 3032 6153 2438 6153 2432 6153 3033 6154 3008 6154 3031 6154 3031 6155 3008 6155 3010 6155 3031 6156 3010 6156 3012 6156 3034 6157 3035 6157 3036 6157 3036 6158 3035 6158 3037 6158 3038 6159 3039 6159 3040 6159 3040 6160 3039 6160 3041 6160 3040 6161 3041 6161 3042 6161 3042 6162 3041 6162 3043 6162 3042 6163 3043 6163 3044 6163 3044 6164 3043 6164 3045 6164 3044 6165 3045 6165 3029 6165 3029 6166 3045 6166 3046 6166 3029 6167 3046 6167 3027 6167 3026 6168 3047 6168 3024 6168 3024 6169 3047 6169 3048 6169 3024 6170 3048 6170 3049 6170 3049 6171 3048 6171 3050 6171 3049 6172 3050 6172 3051 6172 3051 6173 3050 6173 3052 6173 3051 6174 3052 6174 3038 6174 3038 6175 3052 6175 3053 6175 3038 6176 3053 6176 3039 6176 3022 6177 2575 6177 3054 6177 3055 6178 3056 6178 3057 6178 3057 6179 3056 6179 3058 6179 3057 6180 3058 6180 3059 6180 3059 6181 3058 6181 3060 6181 3059 6182 3060 6182 3061 6182 3061 6183 3060 6183 3062 6183 3061 6184 3062 6184 2578 6184 2578 6185 3062 6185 3054 6185 2578 6186 3054 6186 2574 6186 2574 6187 3054 6187 2575 6187 2936 6188 2820 6188 3063 6188 3063 6189 2820 6189 2802 6189 3063 6190 2802 6190 3064 6190 3064 6191 2802 6191 2801 6191 3064 6192 2801 6192 3065 6192 3065 6193 2801 6193 2805 6193 3065 6194 2805 6194 3023 6194 3023 6195 2805 6195 3066 6195 3023 6196 3066 6196 2575 6196 3067 6197 2930 6197 2931 6197 3068 6198 2926 6198 2927 6198 2922 6199 3069 6199 2923 6199 2923 6200 3069 6200 2924 6200 3070 6201 2920 6201 2919 6201 2938 6202 2921 6202 2946 6202 2946 6203 2921 6203 2920 6203 2946 6204 2920 6204 2958 6204 2958 6205 2920 6205 3070 6205 2958 6206 3070 6206 2957 6206 2957 6207 3020 6207 2956 6207 2956 6208 3020 6208 2954 6208 2952 6209 2449 6209 3019 6209 3019 6210 2449 6210 2448 6210 2451 6211 3020 6212 2452 6213 2452 6214 3020 6214 3019 6214 2452 6215 3019 6215 2453 6215 2453 6216 3019 6216 2448 6216 2447 6217 2954 6217 2446 6217 2446 6218 2954 6218 3020 6218 2446 6219 3020 6219 2450 6219 2450 6220 3020 6220 2451 6220 3071 6221 3072 6221 3073 6221 3073 6222 3072 6222 3074 6222 3073 6223 3074 6223 3075 6223 3075 6224 3074 6224 3068 6224 3075 6225 3068 6225 3076 6225 3076 6226 3068 6226 2927 6226 3076 6227 2927 6227 2928 6227 3077 6228 3078 6228 3079 6228 3079 6229 3078 6229 3080 6229 3079 6230 3080 6230 3081 6230 3081 6231 3080 6231 3082 6231 3081 6232 3082 6232 3083 6232 3083 6233 3082 6233 3084 6233 3083 6234 3084 6234 3085 6234 3085 6235 3084 6235 3086 6235 3085 6236 3086 6236 3067 6236 3087 6237 3088 6237 3089 6237 3089 6238 3088 6238 3090 6238 3089 6239 3090 6239 3091 6239 3091 6240 3090 6240 3092 6240 3091 6241 3092 6241 3093 6241 3093 6242 3092 6242 3094 6242 3093 6243 3094 6243 3095 6243 3096 6244 3097 6244 3098 6244 3098 6245 3097 6245 3099 6245 3098 6246 3099 6246 3100 6246 3100 6247 3099 6247 3101 6247 3100 6248 3101 6248 3102 6248 3102 6249 3101 6249 3103 6249 3102 6250 3103 6250 3104 6250 3104 6251 3103 6251 3105 6251 3104 6252 3105 6252 3106 6252 3106 6253 3105 6253 3107 6253 3106 6254 3107 6254 3108 6254 3108 6255 3107 6255 3109 6255 3108 6256 3109 6256 3021 6256 3110 6257 3111 6257 3112 6257 3112 6258 3111 6258 3113 6258 3112 6259 3113 6259 3114 6259 3114 6260 3113 6260 3115 6260 3114 6261 3115 6261 3116 6261 3116 6262 3115 6262 3117 6262 3116 6263 3117 6263 3118 6263 3118 6264 3117 6264 3119 6264 3118 6265 3119 6265 3120 6265 3120 6266 3119 6266 3121 6266 3120 6267 3121 6267 3122 6267 3122 6268 3121 6268 3123 6268 3122 6269 3123 6269 3124 6269 3124 6270 3123 6270 3125 6270 3126 6271 3070 6271 3127 6271 3127 6272 3070 6272 2919 6272 3127 6273 2919 6273 2925 6273 3072 6274 3128 6274 3074 6274 3074 6275 3128 6275 3069 6275 3074 6276 3069 6276 3068 6276 3068 6277 3069 6277 2922 6277 3068 6278 2922 6278 2926 6278 3078 6279 3071 6279 3080 6279 3080 6280 3071 6280 3073 6280 3080 6281 3073 6281 3082 6281 3082 6282 3073 6282 3075 6282 3082 6283 3075 6283 3084 6283 3084 6284 3075 6284 3076 6284 3084 6285 3076 6285 3086 6285 3086 6286 3076 6286 2928 6286 3086 6287 2928 6287 3067 6287 3067 6288 2928 6288 2929 6288 3067 6289 2929 6289 2930 6289 2431 6290 2952 6290 3129 6290 3129 6291 2952 6291 3019 6291 3129 6292 3019 6292 3130 6292 3130 6293 3019 6293 3018 6293 3131 6294 3132 6294 3133 6294 3133 6295 3132 6295 3134 6295 3133 6296 3134 6296 3135 6296 2432 6297 2431 6297 3032 6297 3032 6298 2431 6298 3129 6298 3032 6299 3129 6299 3136 6299 3136 6300 3129 6300 3130 6300 3136 6301 3130 6301 3131 6301 3131 6302 3130 6302 3018 6302 3131 6303 3018 6303 3132 6303 3132 6304 3018 6304 3137 6304 3132 6305 3137 6305 3134 6305 3087 6306 3136 6306 3088 6306 3088 6307 3136 6307 3131 6307 3088 6308 3131 6308 3090 6308 3090 6309 3131 6309 3133 6309 3090 6310 3133 6310 3092 6310 3092 6311 3133 6311 3135 6311 3092 6312 3135 6312 3094 6312 3097 6313 3077 6313 3099 6313 3099 6314 3077 6314 3079 6314 3099 6315 3079 6315 3101 6315 3101 6316 3079 6316 3081 6316 3101 6317 3081 6317 3103 6317 3103 6318 3081 6318 3083 6318 3103 6319 3083 6319 3105 6319 3105 6320 3083 6320 3085 6320 3105 6321 3085 6321 3107 6321 3107 6322 3085 6322 3067 6322 3107 6323 3067 6323 3109 6323 3109 6324 3067 6324 2931 6324 3109 6325 2931 6325 3021 6325 3021 6326 2931 6326 2935 6326 3021 6327 2935 6327 2934 6327 3013 6328 3016 6328 3031 6328 3031 6329 3016 6329 3032 6329 3031 6330 3032 6330 3138 6330 3138 6331 3032 6331 3136 6331 3138 6332 3136 6332 3139 6332 3139 6333 3136 6333 3087 6333 3139 6334 3087 6334 3140 6334 3140 6335 3087 6335 3089 6335 3140 6336 3089 6336 3141 6336 3141 6337 3089 6337 3091 6337 3141 6338 3091 6338 3142 6338 3142 6339 3091 6339 3093 6339 3142 6340 3093 6340 3143 6340 3143 6341 3093 6341 3095 6341 3143 6342 3095 6342 3144 6342 3056 6343 3096 6343 3058 6343 3058 6344 3096 6344 3098 6344 3058 6345 3098 6345 3060 6345 3060 6346 3098 6346 3100 6346 3060 6347 3100 6347 3062 6347 3062 6348 3100 6348 3102 6348 3062 6349 3102 6349 3054 6349 3054 6350 3102 6350 3104 6350 3054 6351 3104 6351 3022 6351 3022 6352 3104 6352 3106 6352 3022 6353 3106 6353 3023 6353 3023 6354 3106 6354 3108 6354 3023 6355 3108 6355 3065 6355 3065 6356 3108 6356 3021 6356 3065 6357 3021 6357 3064 6357 3064 6358 3021 6358 2933 6358 3064 6359 2933 6359 3063 6359 3063 6360 2933 6361 2932 6362 3063 6363 2932 6363 2936 6363 3037 6364 3033 6364 3036 6364 3036 6365 3033 6365 3031 6365 3036 6366 3031 6366 3145 6366 3145 6367 3031 6367 3138 6367 3145 6368 3138 6368 3146 6368 3146 6369 3138 6369 3139 6369 3146 6370 3139 6370 3147 6370 3147 6371 3139 6371 3140 6371 3147 6372 3140 6372 3148 6372 3148 6373 3140 6373 3141 6373 3148 6374 3141 6374 3149 6374 3149 6375 3141 6375 3142 6375 3149 6376 3142 6376 3150 6376 3150 6377 3142 6377 3143 6377 3150 6378 3143 6378 3151 6378 3151 6379 3143 6379 3144 6379 3151 6380 3144 6380 3152 6380 3110 6381 3145 6381 3111 6381 3111 6382 3145 6382 3146 6382 3111 6383 3146 6383 3113 6383 3113 6384 3146 6384 3147 6384 3113 6385 3147 6385 3115 6385 3115 6386 3147 6386 3148 6386 3115 6387 3148 6387 3117 6387 3117 6388 3148 6388 3149 6388 3117 6389 3149 6389 3119 6389 3119 6390 3149 6390 3150 6390 3119 6391 3150 6391 3121 6391 3121 6392 3150 6392 3151 6392 3121 6393 3151 6393 3123 6393 3123 6394 3151 6394 3152 6394 3123 6395 3152 6395 3125 6395 2957 6396 3070 6396 3020 6396 3020 6397 3070 6397 3126 6397 3020 6398 3126 6398 3018 6398 3018 6399 3126 6399 3153 6399 3018 6400 3153 6400 3137 6400 3137 6401 3153 6401 3154 6401 3137 6402 3154 6402 3134 6402 3134 6403 3154 6403 3155 6403 3134 6404 3155 6404 3135 6404 3135 6405 3155 6405 3156 6405 3135 6406 3156 6406 3094 6406 3094 6407 3156 6407 3157 6407 3094 6408 3157 6408 3095 6408 3095 6409 3157 6409 3158 6409 3095 6410 3158 6410 3144 6410 3144 6411 3158 6411 3159 6411 3144 6412 3159 6412 3152 6412 3152 6413 3159 6413 3160 6413 3152 6414 3160 6414 3125 6414 2925 6415 2924 6415 3127 6415 3127 6416 2924 6416 3069 6416 3127 6417 3069 6417 3126 6417 3126 6418 3069 6418 3128 6418 3126 6419 3128 6419 3153 6419 3153 6420 3128 6420 3072 6420 3153 6421 3072 6421 3154 6421 3154 6422 3072 6422 3071 6422 3154 6423 3071 6423 3155 6423 3155 6424 3071 6424 3078 6424 3155 6425 3078 6425 3156 6425 3156 6426 3078 6426 3077 6426 3156 6427 3077 6427 3157 6427 3157 6428 3077 6428 3097 6428 3157 6429 3097 6429 3158 6429 3158 6430 3097 6430 3096 6430 3158 6431 3096 6431 3159 6431 3159 6432 3096 6432 3056 6432 3159 6433 3056 6433 3160 6433 3160 6434 3056 6434 3055 6434 3160 6435 3055 6435 3125 6435 3125 6436 3055 6436 3025 6436 3125 6437 3025 6437 3124 6437 3124 6438 3025 6438 3024 6438 3124 6439 3024 6439 3122 6439 3122 6440 3024 6440 3049 6440 3122 6441 3049 6441 3120 6441 3120 6442 3049 6442 3051 6442 3120 6443 3051 6443 3118 6443 3118 6444 3051 6444 3038 6444 3118 6445 3038 6445 3116 6445 3116 6446 3038 6446 3040 6446 3116 6447 3040 6447 3114 6447 3114 6448 3040 6448 3042 6448 3114 6449 3042 6449 3112 6449 3112 6450 3042 6450 3044 6450 3112 6451 3044 6451 3110 6451 3110 6452 3044 6452 3029 6452 3110 6453 3029 6453 3145 6453 3145 6454 3029 6454 3030 6454 3145 6455 3030 6455 3036 6455 3036 6456 3030 6456 3161 6456 3036 6457 3161 6457 3034 6457 3162 6458 2458 6458 3163 6458 3163 6459 2458 6459 2459 6459 3163 6460 2459 6460 3164 6460 3164 6461 2459 6461 2460 6461 3164 6462 2460 6462 3165 6462 3162 6463 2466 6463 2458 6463 2458 6464 2466 6464 2465 6464 2458 6465 2465 6465 2033 6465 2469 6466 2477 6466 3166 6466 2469 6467 3166 6468 2470 6469 2470 6470 3166 6470 3165 6470 2470 6471 3165 6471 2460 6471 1917 6472 3167 6472 2479 6472 2479 6473 3167 6473 3168 6473 2479 6474 3168 6474 2477 6474 2477 6475 3168 6475 3166 6475 3169 6476 3170 6476 3171 6476 2487 6477 3169 6477 2485 6477 2485 6478 3169 6478 3171 6478 2485 6479 3171 6479 1916 6479 1916 6480 3171 6480 3167 6480 1916 6481 3167 6481 1917 6481 3172 6482 2791 6482 3173 6482 3173 98 2791 98 2793 98 2494 98 3174 98 2495 98 2495 98 3174 98 3175 98 2495 98 3175 98 2493 98 2493 98 3175 98 3176 98 2493 98 3176 98 2496 98 2496 98 3176 98 3177 98 2496 6483 3177 6483 2497 6483 2497 98 3177 98 3178 98 2497 98 3178 98 2498 98 2498 98 3178 98 3179 98 2498 98 3179 98 2499 98 2499 98 3179 98 3180 98 2499 98 3180 98 2500 98 2500 98 3180 98 3181 98 2500 98 3181 98 2501 98 2501 98 3181 98 3182 98 2501 98 3182 98 2502 98 2502 98 3182 98 3183 98 2502 6484 3183 6484 2491 6484 2491 6485 3183 6485 3184 6485 2491 98 3184 98 2492 98 2492 98 3184 98 3173 98 2492 6486 3173 6486 2794 6486 2794 6487 3173 6487 2793 6487 3185 6488 3186 6488 3025 6488 3055 6489 3187 6489 3188 6489 3055 6490 3188 6490 3025 6490 3025 6491 3188 6491 3189 6491 3025 6492 3189 6492 3185 6492 3026 6493 3025 6493 3190 6493 3190 6494 3025 6494 3186 6494 3190 6495 3186 6495 3191 6495 3191 6496 3186 6496 3192 6496 3193 6497 3194 6497 3195 6497 3195 6498 3194 6498 3196 6498 3195 6499 3196 6499 3197 6499 3197 6500 3196 6500 3198 6500 3197 6501 3198 6501 3199 6501 3199 6502 3198 6503 3200 6504 3187 6505 3055 6506 3201 6507 3201 6508 3202 6508 3187 6508 3187 6509 3202 6509 3203 6509 3187 6510 3203 6510 3193 6510 3193 6511 3203 6511 3204 6511 3193 6512 3204 6512 3194 6512 3194 6513 3204 6513 3205 6513 3201 6514 3055 6515 3057 6516 3201 6517 3057 6517 3202 6517 3205 6518 3204 6518 3057 6518 3057 6519 3204 6519 3203 6519 3057 6520 3203 6520 3202 6520 2538 6521 3200 6521 2528 6521 2528 6522 3200 6522 3198 6522 2528 6523 3198 6523 3206 6523 2505 6524 2504 6525 3207 6526 3207 6527 2504 6527 2519 6527 3207 6528 2519 6528 3206 6528 3206 6529 2519 6529 2520 6529 3206 6530 2520 6530 2528 6530 2577 6531 2576 6531 3205 6531 3205 6532 2576 6533 2506 6534 2506 6535 2505 6535 3205 6535 3205 6536 2505 6536 3207 6536 3205 6537 3207 6537 3194 6537 3194 6538 3207 6538 3206 6538 3194 6539 3206 6539 3196 6539 3196 6540 3206 6540 3198 6540 2578 6541 2577 6541 3061 6541 3061 6542 2577 6542 3205 6542 3061 6543 3205 6543 3059 6543 3059 6544 3205 6544 3057 6544 2563 6545 2565 6546 3208 6547 2559 6548 2561 6549 3209 6550 2535 6551 2534 6551 2543 6551 3210 6552 3211 6552 3212 6552 3213 6553 3214 6553 3215 6553 2538 6554 2537 6554 3216 6554 3217 6555 3218 6555 3219 6555 3219 6556 3218 6557 3220 6558 3219 6559 3220 6559 3216 6559 3216 6560 3220 6560 3221 6560 3216 6561 3221 6561 2538 6561 3222 6562 3223 6563 3224 6564 3224 6565 3223 6565 3225 6565 3222 6566 3226 6566 3227 6566 3227 6567 3226 6567 3228 6567 3227 6568 3228 6568 3229 6568 3229 6569 3228 6569 3230 6569 3229 6570 3230 6570 3231 6570 3231 6571 3230 6571 3232 6571 3232 6572 3230 6572 3233 6572 3232 6573 3233 6573 3234 6573 3215 6574 3214 6574 3235 6574 3214 6575 3236 6575 3235 6575 3235 6576 3236 6577 3237 6578 3235 6579 3237 6579 3238 6579 3210 6580 3212 6580 3239 6580 3239 6581 3212 6581 2567 6581 3239 6582 2567 6582 2569 6582 2535 6583 2543 6584 2536 6585 3240 6586 3217 6586 3241 6586 3241 6587 3217 6587 3219 6587 3241 6588 3219 6588 3242 6588 3242 6589 3219 6589 3216 6589 3242 6590 3216 6590 3243 6590 3243 6591 3216 6591 2537 6591 3243 6592 2537 6592 2533 6592 3244 6593 3245 6593 3246 6593 3246 6594 3245 6594 3247 6594 3246 6595 3247 6595 3248 6595 3248 6596 3247 6596 3241 6596 3248 6597 3241 6597 3249 6597 3249 6598 3241 6598 3242 6598 3249 6599 3242 6599 3250 6599 3250 6600 3242 6600 3243 6600 3250 6601 3243 6601 3251 6601 3251 6602 3243 6602 2533 6602 3251 6603 2533 6603 2536 6603 2536 6604 2543 6604 3251 6604 3251 6605 2543 6605 2547 6605 3251 6606 2547 6606 3250 6606 3250 6607 2547 6607 2546 6607 3250 6608 2546 6608 3249 6608 3249 6609 2546 6609 2545 6609 3249 6610 2545 6610 3248 6610 3248 6611 2545 6611 2544 6611 3248 6612 2544 6612 3246 6612 3246 6613 2544 6613 2548 6613 3246 6614 2548 6614 3244 6614 3244 6615 2548 6615 2549 6615 3244 6616 2549 6616 3252 6616 3240 6617 3241 6617 3253 6617 3253 6618 3241 6618 3247 6618 3253 6619 3247 6619 3225 6619 3225 6620 3247 6620 3245 6620 3225 6621 3245 6621 3224 6621 3224 6622 3245 6622 3244 6622 3224 6623 3244 6623 3222 6623 3222 6624 3244 6624 3252 6624 3222 6625 3252 6625 3226 6625 3226 6626 3252 6626 2549 6626 3226 6627 2549 6627 2552 6627 2552 6628 2551 6628 3226 6628 3226 6629 2551 6629 2550 6629 3226 6630 2550 6630 3228 6630 3228 6631 2550 6631 2542 6631 3228 6632 2542 6632 3230 6632 3230 6633 2542 6633 2541 6633 3230 6634 2541 6634 3233 6634 3233 6635 2541 6635 2553 6635 3233 6636 2553 6636 3254 6636 3254 6637 2553 6637 2540 6637 3254 6638 2540 6638 3255 6638 3255 6639 2540 6639 2539 6639 3255 6640 2539 6640 3256 6640 3256 6641 2539 6641 2558 6641 3256 6642 2558 6642 3257 6642 3257 6643 2558 6643 2557 6643 3257 6644 2557 6644 3209 6644 3209 6645 2557 6645 2556 6645 3209 6646 2556 6646 2559 6646 3234 6647 3233 6647 3213 6647 3213 6648 3233 6648 3254 6648 3213 6649 3254 6649 3214 6649 3214 6650 3254 6650 3255 6650 3214 6651 3255 6651 3236 6651 3236 6652 3255 6652 3256 6652 3236 6653 3256 6653 3237 6653 3237 6654 3256 6654 3257 6654 3237 6655 3257 6655 3258 6655 3258 6656 3257 6656 3209 6656 3258 6657 3209 6657 3208 6657 3208 6658 3209 6658 2561 6658 3208 6659 2561 6659 2563 6659 3238 6660 3237 6660 3259 6660 3259 6661 3237 6661 3258 6661 3259 6662 3258 6662 3211 6662 3211 6663 3258 6663 3208 6663 3211 6664 3208 6664 3212 6664 3212 6665 3208 6665 2565 6665 3212 6666 2565 6666 2567 6666 2594 6667 1496 6667 2804 6667 2594 6668 2804 6668 2603 6668 2804 6669 2812 6669 2603 6669 2603 6670 2812 6670 2813 6670 2603 6671 2813 6671 2597 6671 3260 6672 2569 6672 2571 6672 2597 6673 2813 6673 2571 6673 2571 6674 2813 6674 2814 6674 2571 6675 2814 6675 3260 6675 1496 6676 1491 6677 2063 6678 3066 6679 2805 6679 2804 6679 1496 6680 2063 6680 2804 6680 2804 6681 2063 6681 2572 6681 2804 6682 2572 6682 3066 6682 3066 6683 2572 6683 2573 6683 3066 6684 2573 6685 2575 6686 3169 6687 2487 6687 2605 6687 2737 6688 3261 6688 2675 6688 2675 6689 3261 6689 3262 6689 2675 6690 3262 6690 2673 6690 2673 6691 3262 6691 3263 6691 2673 6692 3263 6692 2672 6692 2672 6693 3263 6693 3264 6693 2672 6694 3264 6694 2670 6694 2670 6695 3264 6695 3265 6695 2670 6696 3265 6696 2669 6696 2669 6697 3265 6697 3266 6697 2669 6698 3266 6698 2667 6698 2667 6699 3266 6699 3267 6699 2667 6700 3267 6700 2665 6700 2665 6701 3267 6701 3268 6701 2665 6702 3268 6702 2663 6702 2663 6703 3268 6703 3269 6703 2663 6704 3269 6704 2660 6704 2660 6705 3269 6705 3270 6705 2660 6706 3270 6706 2658 6706 2658 6707 3270 6707 3271 6707 2658 6708 3271 6708 2656 6708 2745 6709 3272 6709 2741 6709 2741 6710 3272 6710 2742 6710 2747 6711 2748 6711 2647 6711 2747 6712 2647 6712 2746 6712 3271 6713 3273 6713 2656 6713 2656 6714 3273 6714 3274 6714 2656 6715 3274 6715 2654 6715 2654 6716 3274 6716 3275 6716 2654 6717 3275 6717 2652 6717 2652 6718 3275 6718 3276 6718 2652 6719 3276 6719 2649 6719 2649 6720 3276 6720 3272 6720 2649 6721 3272 6721 2647 6721 2647 6722 3272 6722 2745 6722 2647 6723 2745 6723 2746 6723 2751 6724 2750 6724 2644 6724 2748 6725 2752 6725 2647 6725 2647 6726 2752 6726 2751 6726 2647 6727 2751 6727 2645 6727 2645 6728 2751 6728 2644 6728 2750 6729 2749 6729 2644 6729 2644 6730 2749 6730 2753 6730 2644 6731 2753 6731 2642 6731 2642 6732 2753 6732 2754 6732 2754 6733 2755 6734 2642 6735 2642 6736 2755 6736 2760 6736 2642 6737 2760 6737 2640 6737 2640 6738 2760 6738 2759 6738 2759 6739 2758 6739 2640 6739 2640 6740 2758 6740 2757 6740 2640 6741 2757 6741 2638 6741 2638 6742 2757 6742 2756 6742 2756 6743 3277 6743 2638 6743 2638 6744 3277 6744 3278 6744 2638 6745 3278 6745 2637 6745 2637 6746 3278 6746 2634 6746 2634 6747 3278 6747 3279 6747 2634 6748 3279 6748 2632 6748 3279 6749 3280 6749 2632 6749 2632 6750 3280 6750 3281 6750 2632 6751 3281 6751 2630 6751 2630 6752 3281 6752 3282 6752 2630 6753 3282 6753 2628 6753 2628 6754 3282 6754 3283 6754 2628 6755 3283 6755 2626 6755 2626 6756 3283 6756 3284 6756 2626 6757 3284 6757 2624 6757 2624 6758 3284 6758 3285 6758 2624 6759 3285 6759 2622 6759 2622 6760 3285 6760 3286 6760 2622 6761 3286 6761 2619 6761 3286 6762 3287 6762 2619 6762 2619 6763 3287 6763 3288 6763 2619 6764 3288 6764 2617 6764 2617 6765 3288 6765 3289 6765 2617 6766 3289 6766 2615 6766 2615 6767 3289 6767 3290 6767 2615 6768 3290 6768 2613 6768 2613 6769 3290 6769 3291 6769 2613 6770 3291 6770 2605 6770 2605 6771 3291 6771 3170 6771 2605 6772 3170 6772 3169 6772 2756 6773 2765 6773 3277 6773 3277 6774 2765 6774 2764 6774 3277 6775 2764 6775 3292 6775 3292 6776 2764 6776 2763 6776 3292 6777 2763 6777 2762 6777 2762 6778 2761 6778 3292 6778 3292 6779 2761 6779 2769 6779 3292 6780 2769 6780 3293 6780 2769 6781 2768 6781 3293 6781 3293 6782 2768 6782 2767 6782 3293 6783 2767 6783 3294 6783 2767 6784 2766 6784 3294 6784 3294 6785 2766 6785 2740 6785 3294 6786 2740 6786 3295 6786 3295 6787 2740 6787 2744 6787 3295 6788 2744 6788 3272 6788 3272 6789 2744 6789 2743 6789 3272 6790 2743 6790 2742 6790 2157 6791 3296 6791 2158 6791 2158 6792 3296 6792 3297 6792 2158 6793 3297 6793 2771 6793 2771 6794 3297 6794 3298 6794 2771 6795 3298 6795 2770 6795 2770 6796 3298 6796 3261 6796 2770 6797 3261 6797 2737 6797 3296 6798 2157 6798 2163 6798 2169 6799 2776 6799 2773 6799 2773 6800 2776 6800 3299 6800 2773 6801 3299 6801 2163 6801 2163 6802 3299 6802 3297 6802 2163 6803 3297 6803 3296 6803 2792 6804 2791 6804 3172 6804 2182 6805 2792 6805 2782 6805 2782 6806 2792 6806 3172 6806 2782 6807 3172 6807 2783 6807 2783 6808 3172 6808 3300 6808 2783 6809 3300 6809 2779 6809 2779 6810 3300 6810 3301 6810 2779 6811 3301 6811 2168 6811 2168 6812 3301 6812 2777 6812 2816 6813 2815 6813 3302 6813 3302 6814 2815 6814 2937 6814 3302 6815 2937 6815 3303 6815 3303 6816 2937 6816 2910 6816 3303 6817 2910 6817 3304 6817 2816 6818 3302 6818 2806 6818 2806 6819 3302 6820 3305 6821 2806 6822 3305 6822 2807 6822 2807 6823 3305 6823 3306 6823 2807 6824 3306 6824 2809 6824 3306 6825 3307 6825 3308 6825 3308 6826 2814 6826 3306 6826 3306 6827 2814 6827 2810 6827 3306 6828 2810 6828 2809 6828 2798 6829 2800 6830 3309 6831 2910 6832 1728 6832 3304 6832 3304 6833 1728 6833 2821 6833 3304 6834 2821 6834 3310 6834 3310 6835 2821 6835 2195 6835 3310 6836 2195 6836 3309 6836 3309 6837 2195 6837 2797 6837 3309 6838 2797 6838 2798 6838 2798 6839 2797 6839 2796 6839 3311 6840 3312 6840 3313 6840 3313 6841 3312 6841 3314 6841 2198 6842 2896 6842 2799 6842 2799 6843 2896 6843 3313 6843 2799 6844 3313 6844 2800 6844 2800 6845 3313 6845 3314 6845 2800 6846 3314 6846 3309 6846 2839 6847 3315 6847 2840 6847 2840 6848 3315 6848 3316 6848 2840 6849 3316 6849 2841 6849 2841 6850 3316 6850 3317 6850 2841 6850 3317 6850 2836 6850 2836 6851 3317 6851 3318 6851 2836 6851 3318 6851 2826 6851 2826 6852 3318 6852 3319 6852 2826 6852 3319 6852 2827 6852 2827 6853 3319 6853 3320 6853 2827 6854 3320 6854 2822 6854 2822 6855 3320 6855 3321 6855 2822 6855 3321 6855 2823 6855 2823 6856 3321 6856 3322 6856 2823 6857 3322 6857 2828 6857 2828 6858 3322 6858 3323 6858 2828 6859 3323 6859 2829 6859 2829 6860 3323 6860 3324 6860 2829 6861 3324 6861 2830 6861 2830 6862 3324 6862 3325 6862 2830 6863 3325 6863 2831 6863 2831 6864 3325 6864 3326 6864 2831 6865 3326 6865 2832 6865 2832 6866 3326 6866 3327 6866 2832 6867 3327 6867 2833 6867 2833 6868 3327 6868 3328 6868 2833 6869 3328 6869 2824 6869 2824 6870 3328 6870 3329 6870 2824 6870 3329 6870 2825 6870 2825 6871 3329 6871 3330 6871 2825 6871 3330 6871 2834 6871 2834 6872 3330 6872 3331 6872 2834 6873 3331 6873 2835 6873 2835 6874 3331 6874 3332 6874 2835 6875 3332 6875 2837 6875 2837 6876 3332 6876 3333 6876 2837 6876 3333 6876 2838 6876 2838 6877 3333 6877 3334 6877 2838 6877 3334 6877 2839 6877 2839 6878 3334 6878 3315 6878 3335 6879 3336 6879 3337 6879 3337 6880 3338 6880 3335 6880 3335 6881 3338 6881 3339 6881 3335 6882 3339 6882 3340 6882 3340 6883 3339 6883 3341 6883 3340 6884 3341 6884 3342 6884 3342 6885 3341 6885 3343 6885 3342 6886 3343 6886 3344 6886 3343 6887 3345 6887 3344 6887 3344 6888 3345 6888 3346 6888 3344 6889 3346 6889 3347 6889 3347 6890 3346 6890 3348 6890 3347 6891 3348 6891 3349 6891 3349 6892 3348 6892 3350 6892 3349 6893 3350 6893 3351 6893 3350 6894 3352 6894 3351 6894 3351 6895 3352 6895 3353 6895 3351 6896 3353 6896 3354 6896 3354 6897 3353 6897 3355 6897 3354 6898 3355 6898 3356 6898 3356 6899 3355 6899 3357 6899 3356 6900 3357 6900 3358 6900 3357 6901 3359 6901 3358 6901 3358 6902 3359 6902 3360 6902 3358 6903 3360 6903 3361 6903 3360 6904 3362 6904 3361 6904 3361 6905 3362 6905 3363 6905 3361 6906 3363 6906 3364 6906 3364 6907 3363 6907 3365 6907 3364 6908 3365 6908 3366 6908 3366 6909 3365 6909 3367 6909 3366 6910 3367 6910 3368 6910 3369 6911 3370 6911 3371 6911 3371 6912 3370 6912 3372 6912 3371 6913 3372 6913 3373 6913 3373 6914 3372 6914 3368 6914 3373 6915 3368 6915 3374 6915 3374 6916 3368 6916 3367 6916 2885 6917 2884 6917 3375 6917 3376 6918 3377 6918 3378 6918 2843 6919 3379 6919 2844 6919 2844 6920 3379 6920 3380 6920 2844 6921 3380 6921 2845 6922 3381 6923 3376 6923 2842 6923 2842 6924 3376 6924 3378 6924 2842 6925 3378 6925 2843 6925 2843 6926 3378 6926 3382 6926 2843 6927 3382 6927 3379 6927 2845 6928 3380 6928 2846 6928 2846 6929 3380 6929 3383 6929 2846 6930 3383 6930 2847 6930 2847 6931 3383 6931 3369 6931 2847 6932 3369 6932 2848 6932 2848 6933 3369 6933 2849 6933 2849 6934 3369 6934 3371 6934 2849 6935 3371 6935 2850 6935 2850 6936 3371 6936 2853 6936 2853 6937 3371 6937 3373 6937 2853 6938 3373 6938 2852 6938 2852 6939 3373 6939 3374 6939 2852 6940 3374 6940 2851 6940 2851 6941 3374 6941 3367 6941 2851 6942 3367 6942 2854 6942 3365 6943 2856 6943 3367 6943 3367 6944 2856 6944 2855 6944 3367 6945 2855 6945 2854 6945 3357 6946 2864 6946 2863 6946 3357 6947 2863 6947 3359 6947 2863 6948 2862 6948 3359 6948 3359 6949 2862 6949 2861 6949 3359 6950 2861 6950 3360 6950 3360 6951 2861 6951 2860 6951 3360 6952 2860 6952 3362 6952 3362 6953 2860 6953 2859 6953 3362 6954 2859 6954 3363 6954 3363 6955 2859 6955 2858 6955 3363 6956 2858 6956 3365 6956 3365 6957 2858 6957 2857 6957 3365 6958 2857 6958 2856 6958 2864 6959 3357 6959 2865 6959 2865 6960 3357 6960 3355 6960 2865 6961 3355 6961 2866 6961 2866 6962 3355 6962 3353 6962 2866 6963 3353 6963 2867 6963 2867 6964 3353 6964 3352 6964 2867 6965 3352 6965 2868 6965 2868 6966 3352 6966 3350 6966 2868 6967 3350 6967 2869 6967 2869 6968 3350 6968 3348 6968 2869 6969 3348 6969 2870 6969 2870 6970 3348 6970 3346 6970 2870 6971 3346 6971 2871 6971 2871 6972 3346 6972 3345 6972 2871 6973 3345 6973 2872 6973 2872 6974 3345 6974 3343 6974 2872 6975 3343 6975 2873 6975 2873 6976 3343 6976 3341 6976 2873 6977 3341 6977 2874 6977 2874 6978 3341 6978 3339 6978 2874 6979 3339 6979 2875 6979 2875 6980 3339 6980 3338 6980 2875 6981 3338 6981 2876 6981 2876 6982 3338 6982 2877 6982 2877 6983 3338 6983 3337 6983 2877 6984 3337 6984 2878 6984 2878 6985 3337 6985 3384 6985 2878 6986 3384 6986 2879 6986 2884 6987 2883 6987 3375 6987 3375 6988 2883 6988 2882 6988 3375 6989 2882 6989 3385 6989 3385 6990 2882 6990 2881 6990 3385 6991 2881 6991 3384 6991 3384 6992 2881 6992 2880 6992 3384 6993 2880 6993 2879 6993 2885 6994 3375 6994 2886 6994 2886 6995 3375 6995 3386 6995 2886 6996 3386 6996 2887 6996 2887 6997 3386 6997 3387 6997 2887 6998 3387 6998 2888 6998 3388 6999 2891 6999 3389 6999 3389 7000 2891 7000 2890 7000 3389 7001 2890 7001 3387 7001 3387 7002 2890 7002 2889 7002 3387 7003 2889 7003 2888 7003 2894 7004 2893 7004 3388 7004 3388 7005 2893 7005 2892 7005 3388 7006 2892 7006 2891 7006 3388 7007 3390 7007 2894 7007 2894 7008 3390 7008 3391 7008 2894 7009 3391 7009 2895 7009 2895 7010 3391 7010 2896 7010 2896 7011 3391 7011 3392 7011 2896 7012 3392 7012 3313 7012 3393 7013 3381 7013 2842 7013 2212 7014 2211 7014 2842 7014 2842 7015 2211 7015 2943 7015 2842 7016 2943 7016 3393 7016 3393 7017 2943 7017 3394 7017 2917 7018 2942 7018 2918 7018 2918 7019 2942 7019 3395 7019 2918 7020 3395 7020 2899 7020 2899 7021 3395 7021 3396 7021 2899 7022 3396 7022 2897 7022 2897 7023 3396 7023 2898 7023 2898 7024 3396 7024 3397 7024 2898 7025 3397 7025 2336 7025 2336 7026 3397 7026 3398 7026 2336 7027 3398 7027 2945 7027 2945 7028 3398 7028 2944 7028 2944 7029 3398 7029 3394 7029 2944 7030 3394 7030 2943 7030 3399 7031 3395 7031 2950 7031 2950 7032 3395 7032 2942 7032 3400 7033 2993 7033 3401 7033 3401 7034 2993 7034 2429 7034 3401 7035 2429 7035 3402 7035 3402 7036 2429 7036 2951 7036 3402 7037 2951 7037 2439 7037 2968 7038 2967 7038 3403 7038 2967 7039 3004 7039 3403 7039 3403 7040 3004 7040 2976 7040 3403 7041 2976 7041 3404 7041 3404 7042 2976 7042 2975 7042 3404 7043 2975 7043 2973 7043 2973 7044 2980 7044 3404 7044 3404 7045 2980 7045 2978 7045 3404 7046 2978 7046 3400 7046 3400 7047 2978 7047 2987 7047 3400 7048 2987 7048 2986 7048 2986 7049 2984 7049 3400 7049 3400 7050 2984 7050 2983 7050 3400 7051 2983 7051 3000 7051 3000 7052 2988 7052 3400 7052 3400 7053 2988 7053 2965 7053 3400 7054 2965 7054 2964 7054 2964 7055 3002 7055 3400 7055 3400 7056 3002 7057 3001 7058 3400 7059 3001 7059 2993 7059 3399 7060 2950 7060 3405 7060 3405 7061 2950 7061 2953 7061 3405 7062 2953 7062 3406 7062 3406 7063 2953 7063 2390 7063 3406 7064 2390 7064 3403 7064 3403 7065 2390 7065 2970 7065 3403 7066 2970 7066 2968 7066 3407 5747 3408 5747 3409 5747 3407 5747 3410 5747 3411 5747 3411 5747 3410 5747 3412 5747 3413 5747 3414 5747 3415 5747 3412 5747 3416 5747 3417 5747 3409 5747 3418 5747 3407 5747 3407 7067 3418 7067 3419 7067 3407 5747 3419 5747 3410 5747 3410 5747 3419 5747 3413 5747 3410 5747 3413 5747 3420 5747 3420 5747 3413 5747 3415 5747 3421 5747 3422 5747 3423 5747 3417 5747 3424 5747 3412 5747 3412 7068 3424 7068 3425 7068 3412 7069 3425 7069 3411 7069 3411 5747 3425 5747 3421 5747 3411 5747 3421 5747 3426 5747 3426 5747 3421 5747 3423 5747 3006 7070 3427 7070 3005 7070 3005 7071 3427 7071 3402 7071 3005 7072 3402 7072 2439 7072 3009 7073 3008 7073 3428 7073 3009 7074 3428 7074 3011 7074 3011 7075 3428 7075 3429 7075 3011 7076 3429 7076 3430 7076 3007 7077 2441 7077 3431 7077 3431 7078 2441 7078 3017 7078 3431 7079 3017 7079 3432 7079 3432 7080 3017 7080 3015 7080 3432 7081 3015 7081 3430 7081 3430 7082 3015 7082 3014 7082 3430 7083 3014 7083 3011 7083 3433 7084 3434 7084 3435 7084 3433 7085 3435 7085 3436 7085 3428 7086 3008 7086 3437 7086 3437 7087 3008 7087 3033 7087 3437 7088 3033 7088 3438 7088 3438 7089 3033 7089 3037 7089 3438 7090 3037 7090 3435 7090 3435 7091 3037 7091 3035 7091 3435 7092 3035 7092 3436 7092 3173 7093 3184 7093 3439 7093 3439 7094 3184 7094 3440 7094 3440 7095 3184 7095 3183 7095 3440 7096 3183 7096 3192 7096 3026 7097 3190 7097 3183 7097 3183 7098 3190 7098 3191 7098 3183 7099 3191 7099 3192 7099 3026 7100 3183 7100 3047 7100 3047 7101 3183 7101 3182 7101 3047 7102 3182 7102 3048 7102 3048 7103 3182 7103 3181 7103 3048 7104 3181 7104 3050 7104 3050 7105 3181 7105 3052 7105 3052 7106 3181 7106 3180 7106 3052 7107 3180 7107 3053 7107 3053 7108 3180 7108 3039 7108 3039 7109 3180 7109 3179 7109 3039 7110 3179 7110 3041 7110 3027 7111 3046 7111 3178 7111 3178 7112 3046 7112 3045 7112 3178 7113 3045 7113 3179 7113 3179 7114 3045 7114 3043 7114 3179 7115 3043 7115 3041 7115 3027 7116 3178 7116 3028 7116 3028 7117 3178 7117 3177 7117 3028 7118 3177 7118 3030 7118 3436 7119 3035 7119 3176 7119 3176 7120 3035 7120 3034 7120 3176 7121 3034 7121 3177 7121 3177 7122 3034 7122 3161 7122 3177 7123 3161 7123 3030 7123 3174 7124 3441 7124 3175 7124 3175 7125 3441 7125 3434 7125 3175 7126 3434 7126 3176 7126 3176 7127 3434 7127 3433 7127 3176 7128 3433 7128 3436 7128 3442 7129 3443 7129 3444 7129 3444 7130 3443 7130 3445 7130 3444 7131 3445 7131 3446 7131 3447 7132 3448 7132 3288 7132 3288 5747 3448 5747 3289 5747 3289 7133 3448 7133 3449 7133 3289 7134 3449 7134 3290 7134 3290 7135 3449 7135 3450 7135 3290 7136 3450 7136 3291 7136 3447 7137 3288 7137 3451 7137 3451 5747 3288 5747 3287 5747 3451 7138 3287 7138 3452 7138 3452 7139 3287 7140 3286 7141 3452 7142 3286 7142 3285 7142 3453 7143 2494 7144 2468 7145 3166 5747 3446 5747 3165 5747 3165 7146 3446 7146 3454 7146 3165 7147 3454 7147 3164 7147 3164 7148 3454 7148 3453 7148 3450 7149 3455 7149 3291 7149 3291 7150 3455 7150 3456 7150 3291 7151 3456 7151 3170 7151 3170 7152 3456 7152 3457 7152 3170 7153 3457 7153 3171 7153 3171 7154 3457 7154 3458 7154 3171 7155 3458 7155 3167 7155 3167 5747 3458 5747 3459 5747 3167 5747 3459 5747 3168 5747 3168 7156 3459 7156 3460 7156 3168 7157 3460 7157 3166 7157 3166 7158 3460 7158 3444 7158 3166 5747 3444 5747 3446 5747 2467 7159 2466 7160 2468 7161 2468 5747 2466 5747 3162 5747 2468 7162 3162 7162 3453 7162 3453 7163 3162 7163 3163 7163 3453 7164 3163 7164 3164 7164 3283 98 3461 98 3284 98 3284 7165 3461 7165 3462 7165 3284 7166 3462 7166 3285 7166 3281 7167 3463 7167 3282 7167 3282 7168 3463 7168 3464 7168 3282 7169 3464 7169 3283 7169 3283 98 3464 98 3465 98 3283 98 3465 98 3461 98 3278 7170 3466 7170 3279 7170 3279 98 3466 98 3467 98 3279 98 3467 98 3280 98 3280 7171 3467 7172 3468 7173 3280 7174 3468 7174 3281 7174 3281 7175 3468 7176 3469 7175 3281 7177 3469 7178 3463 7179 3470 7180 3471 7180 3472 7180 3473 7181 3474 7181 3475 7181 3239 7182 2569 7182 3308 7182 3308 7183 2569 7183 3260 7183 3308 7184 3260 7184 2814 7184 3238 7185 3307 7185 3235 7185 3235 7186 3307 7186 3476 7186 3235 7187 3476 7187 3215 7187 3238 7188 3259 7188 3307 7188 3307 7189 3259 7189 3211 7189 3307 7190 3211 7190 3308 7190 3308 7191 3211 7191 3210 7191 3308 7192 3210 7192 3239 7192 3218 7193 3477 7194 3220 7195 3220 7196 3477 7196 3221 7196 3217 7197 3240 7197 3478 7197 3478 7198 3240 7198 3253 7198 3478 7199 3253 7199 3479 7199 3479 7200 3253 7200 3225 7200 3479 7201 3225 7201 3223 7201 3223 7202 3222 7202 3479 7202 3479 7203 3222 7203 3227 7203 3479 7204 3227 7204 3476 7204 3227 7205 3229 7205 3476 7205 3476 7206 3229 7206 3231 7206 3476 7207 3231 7207 3232 7207 3232 7208 3234 7208 3476 7208 3476 7209 3234 7210 3213 7211 3476 7212 3213 7212 3215 7212 3480 7213 3195 7213 3197 7213 3197 7214 3199 7214 3480 7214 3480 7215 3199 7215 3200 7215 3480 7216 3200 7216 3477 7216 3477 7217 3200 7217 2538 7217 3477 7218 2538 7218 3221 7218 3195 7219 3480 7219 3193 7219 3193 7220 3480 7220 3481 7220 3193 7221 3481 7221 3187 7221 3482 7222 3189 7222 3481 7222 3481 7223 3189 7223 3188 7223 3481 7224 3188 7224 3187 7224 3482 7225 3483 7225 3484 7225 3440 7226 3192 7226 3484 7226 3484 7227 3192 7227 3186 7227 3484 7228 3186 7228 3482 7228 3482 7229 3186 7229 3185 7229 3482 7230 3185 7230 3189 7230 3472 7231 3172 7231 3173 7231 3172 7232 3472 7232 3485 7232 3485 7233 3472 7233 3471 7233 3485 7234 3471 7234 3486 7234 3482 7235 3487 7235 3483 7235 3483 7236 3487 7236 3488 7236 3483 7237 3488 7237 3473 7237 3473 7238 3488 7238 3489 7238 3473 7239 3489 7239 3474 7240 3490 7241 3480 7241 3491 7241 3491 7242 3480 7242 3477 7242 3491 7243 3477 7243 3478 7243 3478 7244 3477 7244 3218 7244 3478 7245 3218 7245 3217 7245 3475 7246 3470 7246 3473 7246 3473 7247 3470 7247 3472 7247 3473 7248 3472 7248 3483 7248 3483 7249 3472 7249 3173 7249 3483 7250 3173 7250 3484 7250 3484 7251 3173 7251 3439 7251 3484 7252 3439 7252 3440 7252 3490 7253 3492 7253 3480 7253 3480 7254 3492 7254 3493 7254 3480 7255 3493 7255 3481 7255 3481 7256 3493 7256 3494 7256 3481 7257 3494 7257 3482 7257 3482 7258 3494 7258 3495 7258 3482 7259 3495 7259 3487 7259 3264 7260 3263 7260 3496 7260 3496 7261 3263 7261 3497 7261 3264 5747 3496 5747 3265 5747 3265 5747 3496 5747 3498 5747 3265 7262 3498 7262 3266 7262 3266 7263 3498 7263 3499 7263 3266 7264 3499 7264 3267 7264 3267 7265 3499 7266 3500 7267 3267 7268 3500 7269 3268 7270 3300 5747 3172 5747 3485 5747 3501 7271 3502 7271 3297 7271 3297 7272 3502 7272 3503 7272 3297 7273 3503 7273 3298 7273 3298 7274 3503 7274 3504 7274 3298 7275 3504 7275 3261 7275 3261 7276 3504 7276 3497 7276 3261 7277 3497 7277 3262 7277 3262 7278 3497 7278 3263 7278 3500 7279 3505 7279 3268 7279 3268 7280 3505 7281 3506 7282 3268 7283 3506 7283 3269 7283 3269 5747 3506 5747 3507 5747 3269 5747 3507 5747 3270 5747 3507 7284 3508 7285 3270 7286 3270 5747 3508 5747 3509 5747 3270 7287 3509 7287 3271 7287 3271 7288 3509 7288 3510 7288 3271 5747 3510 5747 3273 5747 3273 5747 3510 5747 3511 5747 3512 7289 3513 7290 3292 7291 3292 5747 3513 5747 3514 5747 3292 7292 3514 7293 3277 7294 3277 7295 3514 7295 3515 7295 3277 5747 3515 5747 3278 5747 3297 7296 3299 7296 3501 7296 3501 5747 3299 5747 2776 5747 3501 7297 2776 7297 3486 7297 3486 5747 2776 5747 2777 5747 3486 5747 2777 5747 3485 5747 3485 7298 2777 7298 3301 7298 3485 5747 3301 5747 3300 5747 3292 7299 3293 7299 3512 7299 3512 5747 3293 5747 3294 5747 3512 7300 3294 7300 3516 7300 3516 7301 3294 7301 3295 7301 3516 7302 3295 7302 3517 7302 3517 7303 3295 7303 3272 7303 3517 7304 3272 7304 3518 7304 3518 7305 3272 7305 3276 7305 3518 7306 3276 7306 3519 7306 3519 5747 3276 5747 3275 5747 3519 5747 3275 5747 3511 5747 3511 7307 3275 7307 3274 7307 3511 5747 3274 5747 3273 5747 3520 7308 3521 7308 3522 7308 3520 7309 3522 7309 3523 7309 3524 7310 3525 7310 3526 7310 3526 7311 3525 7311 3527 7311 3526 7312 3527 7312 3523 7312 3492 7313 3528 7313 3529 7313 3479 7314 3476 7314 3530 7314 3492 7315 3490 7315 3528 7315 3528 7316 3490 7316 3491 7316 3528 7317 3491 7317 3531 7317 3531 7318 3491 7318 3478 7318 3531 7319 3478 7319 3532 7319 3532 7320 3478 7321 3479 7322 3532 7323 3479 7323 3533 7323 3533 7324 3479 7324 3530 7324 3533 7325 3530 7325 3534 7325 3534 7326 3530 7326 3535 7326 3524 7327 3526 7327 3536 7327 3536 7328 3526 7328 3537 7328 3536 7329 3537 7329 3538 7329 3523 7330 3522 7330 3526 7330 3526 7331 3522 7331 3475 7331 3526 7332 3475 7332 3474 7332 3528 7333 3539 7333 3529 7333 3529 7334 3539 7334 3540 7334 3529 7335 3540 7335 3541 7335 3541 7336 3540 7336 3542 7336 3541 7337 3542 7337 3543 7337 3488 7338 3487 7338 3541 7338 3543 7339 3538 7339 3541 7339 3541 7340 3538 7340 3537 7340 3541 7341 3537 7341 3488 7341 3488 7342 3537 7342 3526 7342 3488 7343 3526 7343 3489 7343 3489 7344 3526 7345 3474 7346 3476 7347 3307 7347 3530 7347 3530 7348 3307 7348 3544 7348 3530 7349 3544 7349 3535 7349 3535 7350 3544 7350 3545 7350 3487 7351 3495 7351 3541 7351 3541 7352 3495 7352 3494 7352 3541 7353 3494 7353 3529 7353 3529 7354 3494 7354 3493 7354 3529 7355 3493 7355 3492 7355 3546 7356 3547 7356 3548 7356 3548 7357 3549 7357 3550 7357 3550 7358 3549 7358 3551 7358 3311 7359 3552 7359 3312 7359 3312 7360 3552 7360 3553 7360 3312 7361 3553 7361 3546 7361 3546 7362 3553 7362 3554 7362 3546 7363 3554 7363 3547 7363 3310 7364 3555 7364 3304 7364 3304 7365 3555 7365 3556 7365 3304 7366 3556 7366 3303 7366 3303 7367 3556 7367 3550 7367 3545 7368 3544 7368 3557 7368 3557 7369 3544 7369 3558 7369 3548 7370 3550 7370 3546 7370 3546 7371 3550 7371 3556 7371 3546 7372 3556 7372 3312 7372 3312 7373 3556 7373 3555 7373 3312 7374 3555 7374 3314 7374 3314 7375 3555 7375 3310 7375 3314 7376 3310 7376 3309 7376 3544 7377 3307 7377 3558 7377 3558 7378 3307 7378 3306 7378 3558 7379 3306 7379 3551 7379 3551 7380 3306 7380 3305 7380 3551 7381 3305 7381 3550 7381 3550 7382 3305 7383 3302 7384 3550 7385 3302 7385 3303 7385 3549 7386 3559 7386 3551 7386 3551 7387 3559 7387 3560 7387 3551 7388 3560 7388 3558 7388 3558 7389 3560 7389 3561 7389 3558 7390 3561 7390 3557 7390 3311 7391 3313 7391 3562 7391 3562 7392 3313 7392 3392 7392 3562 7393 3392 7393 3563 7393 3384 7394 3337 7394 3336 7394 3386 7395 3375 7395 3564 7395 3391 7396 3390 7396 3565 7396 3566 7397 3392 7397 3567 7397 3567 7398 3392 7398 3391 7398 3567 7399 3391 7399 3568 7399 3568 7400 3391 7400 3565 7400 3389 7401 3569 7401 3388 7401 3388 7402 3569 7402 3570 7402 3388 7403 3570 7403 3390 7403 3390 7404 3570 7404 3571 7404 3390 7405 3571 7405 3565 7405 3564 7406 3572 7406 3386 7406 3386 7407 3572 7407 3573 7407 3386 7408 3573 7408 3387 7408 3387 7409 3573 7409 3574 7409 3387 7410 3574 7410 3389 7410 3389 7411 3574 7411 3575 7411 3389 7412 3575 7412 3569 7412 3336 7413 3576 7413 3384 7413 3384 7414 3576 7414 3577 7414 3384 7415 3577 7415 3385 7415 3385 7416 3577 7416 3578 7416 3385 7417 3578 7417 3375 7417 3375 7418 3578 7418 3579 7418 3375 7419 3579 7419 3564 7419 3330 5747 3329 5747 3580 5747 3574 5747 3573 5747 3317 5747 3334 7420 3333 7420 3581 7420 3332 5747 3582 5747 3333 5747 3333 5747 3582 5747 3583 5747 3333 5747 3583 5747 3581 5747 3331 5747 3584 5747 3332 5747 3332 5747 3584 5747 3585 5747 3332 7421 3585 7421 3582 7421 3580 5747 3586 5747 3330 5747 3330 5747 3586 5747 3587 5747 3330 7422 3587 7422 3331 7422 3331 7423 3587 7423 3588 7423 3331 7424 3588 7424 3584 7424 3342 5747 3344 5747 3320 5747 3320 7425 3344 7425 3347 7425 3320 7426 3347 7426 3321 7426 3342 5747 3320 5747 3340 5747 3340 7427 3320 7427 3319 7427 3340 5747 3319 5747 3335 5747 3578 5747 3577 5747 3318 5747 3318 7428 3577 7428 3576 7428 3318 5747 3576 5747 3319 5747 3319 7429 3576 7429 3336 7429 3319 7430 3336 7430 3335 7430 3315 5747 3567 5747 3568 5747 3328 5747 3589 5747 3329 5747 3329 7431 3589 7431 3590 7431 3329 7432 3590 7432 3580 7432 3327 7433 3591 7433 3328 7433 3328 7434 3591 7434 3592 7434 3328 5747 3592 5747 3589 5747 3326 5747 3593 5747 3327 5747 3327 7435 3593 7435 3594 7435 3327 7436 3594 7436 3591 7436 3581 7437 3595 7437 3334 7437 3334 5747 3595 5747 3596 5747 3334 5747 3596 5747 3315 5747 3315 5747 3596 5747 3566 5747 3315 5747 3566 5747 3567 5747 3325 5747 3597 5747 3326 5747 3326 5747 3597 5747 3598 5747 3326 5747 3598 5747 3593 5747 3347 5747 3349 5747 3321 5747 3321 7438 3349 7438 3351 7438 3321 5747 3351 5747 3322 5747 3322 7439 3351 7439 3354 7439 3322 7440 3354 7440 3356 7440 3573 7441 3572 7441 3317 7441 3317 7442 3572 7442 3564 7442 3317 5747 3564 5747 3318 5747 3318 7443 3564 7443 3579 7443 3318 7444 3579 7444 3578 7444 3568 5747 3565 5747 3315 5747 3315 5747 3565 5747 3571 5747 3315 5747 3571 5747 3316 5747 3372 7445 3370 7445 3324 7445 3324 7446 3370 7446 3599 7446 3324 7447 3599 7447 3325 7447 3325 5747 3599 5747 3600 5747 3325 7448 3600 7448 3597 7448 3571 5747 3570 5747 3316 5747 3316 7449 3570 7449 3569 7449 3316 5747 3569 5747 3317 5747 3317 7450 3569 7450 3575 7450 3317 7451 3575 7451 3574 7451 3372 5747 3324 5747 3368 5747 3368 7452 3324 7452 3323 7452 3368 5747 3323 5747 3366 5747 3356 7453 3358 7453 3322 7453 3322 7454 3358 7454 3361 7454 3322 5747 3361 5747 3323 5747 3323 7455 3361 7455 3364 7455 3323 7456 3364 7456 3366 7456 3380 7457 3379 7457 3599 7457 3601 7458 3598 7458 3602 7458 3602 7459 3598 7459 3597 7459 3602 7460 3597 7460 3603 7460 3379 7461 3382 7461 3599 7461 3599 7462 3382 7462 3378 7462 3599 7463 3378 7463 3600 7463 3380 7464 3599 7464 3383 7464 3383 7465 3599 7465 3370 7465 3383 7466 3370 7466 3369 7466 3378 7467 3377 7467 3600 7467 3600 7468 3377 7468 3604 7468 3600 7469 3604 7469 3597 7469 3597 7470 3604 7470 3605 7470 3597 7471 3605 7471 3603 7471 3606 7472 3607 7472 3601 7472 3608 7473 3609 7473 3610 7473 3611 7474 3612 7474 3608 7474 3608 7475 3610 7475 3611 7475 3611 7476 3610 7476 3613 7476 3611 7477 3613 7477 3614 7477 3614 7478 3613 7478 3376 7478 3614 7479 3376 7479 3381 7479 3601 7480 3602 7480 3606 7480 3606 7481 3602 7481 3603 7481 3606 7482 3603 7482 3615 7482 3615 7483 3603 7483 3605 7483 3615 7484 3605 7484 3604 7484 3609 7485 3607 7485 3610 7485 3610 7486 3607 7486 3606 7486 3610 7487 3606 7487 3613 7487 3613 7488 3606 7488 3615 7488 3613 7489 3615 7489 3376 7489 3376 7490 3615 7490 3604 7490 3376 7491 3604 7491 3377 7491 3381 7492 3393 7492 3616 7492 3617 7493 3612 7493 3618 7493 3618 7494 3612 7494 3611 7494 3618 7495 3611 7495 3616 7495 3616 7496 3611 7496 3614 7496 3616 7497 3614 7497 3381 7497 3617 7498 3397 7498 3619 7498 3619 7499 3397 7499 3396 7499 3619 7500 3396 7500 3620 7500 3617 7501 3618 7501 3397 7501 3397 7502 3618 7502 3616 7502 3397 7503 3616 7503 3398 7503 3398 7504 3616 7504 3393 7504 3398 7505 3393 7505 3394 7505 3620 7506 3396 7506 3621 7506 3621 7507 3396 7507 3395 7507 3427 7508 3622 7508 3402 7508 3402 7509 3622 7509 3623 7509 3402 7510 3623 7510 3401 7510 3623 7511 3624 7511 3401 7511 3401 7512 3624 7512 3625 7512 3401 7513 3625 7513 3400 7513 3400 7514 3625 7514 3626 7514 3400 7515 3626 7515 3404 7515 3626 7516 3627 7516 3404 7516 3404 7517 3627 7517 3628 7517 3404 7518 3628 7518 3403 7518 3403 7519 3628 7519 3629 7519 3403 7520 3629 7520 3406 7520 3406 7521 3629 7521 3630 7521 3406 7522 3630 7522 3405 7522 3630 7523 3631 7523 3405 7523 3405 7524 3631 7524 3632 7524 3405 7525 3632 7525 3399 7525 3621 7526 3395 7526 3633 7526 3633 7527 3395 7527 3399 7527 3633 7528 3399 7528 3634 7528 3634 7529 3399 7529 3632 7529 3635 7530 3636 7530 3637 7530 3637 7531 3636 7531 3638 7531 3637 7532 3638 7532 3639 7532 3639 7533 3638 7533 3640 7533 3639 7534 3640 7534 3641 7534 3622 7535 3427 7535 3642 7535 3642 7536 3427 7536 3641 7536 3642 7537 3641 7537 3643 7537 3643 7538 3641 7538 3640 7538 3644 7539 3412 7539 3645 7539 3645 7540 3412 7540 3410 7540 3645 7541 3410 7541 3646 7541 3646 7542 3410 7542 3420 7542 3646 7543 3420 7543 3647 7543 3647 7544 3420 7544 3415 7544 3647 7545 3415 7545 3648 7545 3648 7546 3415 7546 3649 7546 3649 7547 3415 7547 3414 7547 3649 7548 3414 7548 3650 7548 3650 7549 3414 7549 3651 7549 3651 7550 3414 7550 3413 7550 3651 7551 3413 7551 3652 7551 3652 7552 3413 7552 3653 7552 3653 7553 3413 7553 3419 7553 3654 7554 3655 7554 3409 7554 3418 7555 3656 7555 3419 7555 3419 7556 3656 7556 3653 7556 3409 7557 3655 7557 3418 7557 3418 7558 3655 7558 3657 7558 3418 7559 3657 7559 3656 7559 3654 7560 3409 7560 3658 7560 3658 7561 3409 7561 3408 7561 3658 7562 3408 7562 3659 7562 3659 7563 3408 7563 3407 7563 3659 7564 3407 7564 3660 7564 3660 7565 3407 7565 3661 7565 3661 7566 3407 7566 3411 7566 3662 7567 3663 7567 3423 7567 3423 7568 3663 7568 3664 7568 3423 7569 3664 7569 3426 7569 3426 7570 3664 7570 3665 7570 3426 7571 3665 7571 3411 7571 3411 7572 3665 7572 3661 7572 3662 7573 3423 7573 3666 7573 3666 7574 3423 7574 3422 7574 3666 7575 3422 7575 3667 7575 3667 7576 3422 7576 3421 7576 3667 7577 3421 7577 3668 7577 3668 7578 3421 7578 3669 7578 3669 7579 3421 7579 3425 7579 3669 7580 3425 7580 3670 7580 3670 7581 3425 7581 3424 7581 3670 7582 3424 7582 3671 7582 3671 7583 3424 7583 3417 7583 3671 7584 3417 7584 3672 7584 3672 7585 3417 7585 3673 7585 3673 7586 3417 7586 3416 7586 3673 7587 3416 7587 3674 7587 3674 7588 3416 7588 3675 7588 3675 7589 3416 7589 3412 7589 3675 7590 3412 7590 3644 7590 3676 7591 3677 7592 3678 7593 3679 7594 3680 7595 3681 7596 3679 7597 3681 7598 3678 7599 3678 7600 3681 7600 3682 7600 3678 7601 3682 7601 3676 7601 3683 7602 3684 7602 3679 7602 3679 7603 3684 7603 3680 7603 3685 7604 3686 7604 3687 7604 3687 7605 3686 7605 3688 7605 3687 7606 3688 7606 3689 7606 3689 7607 3688 7607 3690 7607 3689 7608 3690 7608 3683 7608 3683 7609 3690 7609 3684 7609 3685 7610 3687 7610 3691 7610 3691 7611 3687 7611 3692 7611 3691 7612 3692 7613 3693 7614 3693 7615 3692 7615 3694 7615 3693 7616 3694 7616 3695 7616 3696 7617 3697 7617 3694 7617 3694 7618 3697 7618 3695 7618 3698 7619 3699 7619 3700 7619 3700 7620 3699 7620 3701 7620 3700 7621 3701 7621 3702 7621 3702 7622 3701 7622 3703 7622 3702 7623 3703 7623 3696 7623 3696 7624 3703 7624 3697 7624 3698 7625 3700 7625 3704 7625 3704 7626 3700 7627 3705 7626 3704 7628 3705 7628 3706 7628 3706 7629 3705 7629 3707 7629 3706 7630 3707 7630 3708 7630 3709 7631 3710 7632 3707 7633 3707 7634 3710 7634 3708 7634 3711 7635 3712 7636 3713 7637 3713 7638 3712 7638 3710 7638 3713 7639 3710 7639 3709 7639 3683 5747 3696 5747 3694 5747 3707 5747 3705 5747 3700 5747 3677 7640 3714 7640 3715 7640 3715 7641 3714 7641 3716 7641 3715 7642 3716 7642 3717 7642 3709 7643 3718 7643 3719 7643 3719 7644 3720 7644 3709 7644 3709 7645 3720 7645 3711 7645 3709 7646 3711 7646 3713 7646 3700 7647 3702 7647 3707 7647 3707 7648 3702 7648 3696 7648 3707 5747 3696 5747 3709 5747 3709 5747 3696 5747 3721 5747 3709 7649 3721 7649 3718 7649 3692 5747 3687 5747 3694 5747 3694 5747 3687 5747 3689 5747 3694 5747 3689 5747 3683 5747 3696 5747 3683 5747 3721 5747 3721 7650 3683 7650 3679 7650 3721 5747 3679 5747 3715 5747 3715 5747 3679 5747 3678 5747 3715 7651 3678 7651 3677 7651 3454 7652 3446 7652 3445 7652 3434 7653 3722 7653 3723 7653 3434 7654 3441 7654 3722 7654 3722 7655 3441 7655 3174 7655 3722 7656 3174 7656 3724 7656 3725 7657 3438 7657 3723 7657 3723 7658 3438 7658 3435 7658 3723 7659 3435 7659 3434 7659 3429 7660 3428 7660 3725 7660 3725 7661 3428 7661 3437 7661 3725 7662 3437 7662 3438 7662 3432 7663 3430 7663 3641 7663 3641 7664 3430 7664 3639 7664 3006 7665 3007 7665 3726 7665 3726 7666 3007 7666 3431 7666 3726 7667 3431 7667 3432 7667 3454 7668 3727 7668 3453 7668 3453 7669 3727 7669 3724 7669 3453 7670 3724 7670 2494 7670 2494 7671 3724 7672 3174 7673 3432 7674 3641 7674 3726 7674 3726 7675 3641 7675 3427 7675 3726 7676 3427 7676 3006 7676 3445 7677 3443 7677 3728 7677 3454 7678 3445 7678 3727 7678 3727 7679 3445 7679 3728 7679 3727 7680 3728 7680 3729 7680 3430 7681 3429 7681 3639 7681 3639 7682 3429 7682 3725 7682 3639 7683 3725 7683 3637 7683 3637 7684 3725 7684 3723 7684 3637 7685 3723 7685 3635 7685 3635 7686 3723 7686 3722 7686 3635 7687 3722 7687 3730 7687 3730 7688 3722 7688 3724 7688 3730 7689 3724 7689 3731 7689 3731 7690 3724 7690 3727 7690 3731 7691 3727 7691 3732 7691 3732 7692 3727 7692 3729 7692 3459 7693 3733 7693 3460 7693 3460 7694 3733 7694 3734 7694 3460 7695 3734 7695 3444 7695 3444 7696 3734 7696 3442 7696 3733 7697 3459 7697 3735 7697 3735 7698 3459 7698 3458 7698 3735 7699 3458 7699 3736 7699 3736 7700 3458 7700 3457 7700 3737 7701 3447 7701 3451 7701 3737 7702 3451 7702 3738 7702 3738 7703 3451 7703 3452 7703 3738 7704 3452 7704 3739 7704 3739 7705 3452 7705 3285 7705 3739 7706 3285 7706 3740 7706 3740 7707 3285 7707 3462 7707 3740 7708 3462 7708 3741 7708 3741 7709 3462 7709 3461 7709 3741 7710 3461 7710 3742 7710 3742 7711 3461 7711 3465 7711 3742 7712 3465 7712 3743 7712 3743 7713 3465 7713 3464 7713 3743 7714 3464 7714 3744 7714 3744 7715 3464 7715 3463 7715 3744 7716 3463 7716 3745 7716 3745 7717 3463 7717 3469 7717 3745 7718 3469 7718 3746 7718 3746 7719 3469 7719 3468 7719 3746 7720 3468 7720 3747 7720 3747 7721 3468 7721 3467 7721 3747 7722 3467 7722 3466 7722 3447 7723 3737 7723 3448 7723 3448 7724 3737 7724 3748 7724 3448 7725 3748 7725 3449 7725 3748 7726 3749 7726 3449 7726 3449 7727 3749 7727 3750 7727 3449 7728 3750 7728 3450 7728 3450 7729 3750 7729 3751 7729 3450 7730 3751 7730 3455 7730 3455 7731 3751 7731 3752 7731 3455 7732 3752 7732 3456 7732 3456 7733 3752 7733 3753 7733 3456 7734 3753 7734 3457 7734 3457 7735 3753 7735 3736 7735 3747 7736 3466 7736 3754 7736 3754 7737 3466 7737 3278 7737 3754 7738 3278 7738 3755 7738 3512 7739 3756 7739 3513 7739 3513 7740 3756 7740 3757 7740 3513 7741 3757 7741 3514 7741 3514 7742 3757 7742 3755 7742 3514 7743 3755 7743 3515 7743 3515 7744 3755 7744 3278 7744 3507 7745 3758 7745 3508 7745 3508 7746 3758 7746 3759 7746 3508 7747 3759 7747 3509 7747 3759 7748 3760 7748 3509 7748 3509 7749 3760 7749 3761 7749 3509 7750 3761 7750 3510 7750 3761 7751 3762 7751 3510 7751 3510 7752 3762 7752 3763 7752 3510 7753 3763 7753 3511 7753 3511 7754 3763 7754 3764 7754 3511 7755 3764 7755 3519 7755 3764 7756 3765 7756 3519 7756 3519 7757 3765 7757 3766 7757 3519 7758 3766 7758 3518 7758 3518 7759 3766 7759 3767 7759 3518 7760 3767 7760 3517 7760 3517 7761 3767 7761 3768 7761 3517 7762 3768 7762 3516 7762 3516 7763 3768 7763 3756 7763 3516 7764 3756 7764 3512 7764 3769 7765 3758 7765 3506 7765 3506 7766 3758 7766 3507 7766 3504 7767 3770 7767 3771 7767 3504 7768 3771 7768 3497 7768 3497 7769 3771 7769 3772 7769 3497 7770 3772 7770 3496 7770 3496 7771 3772 7771 3773 7771 3496 7772 3773 7772 3498 7772 3498 7773 3773 7773 3774 7773 3498 7774 3774 7774 3499 7774 3499 7775 3774 7775 3775 7775 3499 7776 3775 7776 3500 7776 3775 7777 3776 7777 3500 7777 3500 7778 3776 7778 3777 7778 3500 7779 3777 7779 3505 7779 3505 7780 3777 7780 3769 7780 3505 7781 3769 7781 3506 7781 3770 7782 3504 7782 3778 7782 3778 7783 3504 7783 3503 7783 3778 7784 3503 7784 3779 7784 3779 7785 3503 7785 3502 7785 3779 7786 3502 7786 3780 7786 3780 7787 3502 7787 3501 7787 3780 7788 3501 7788 3781 7788 3475 7789 3782 7789 3470 7789 3470 7790 3782 7790 3781 7790 3470 7791 3781 7791 3471 7791 3471 7792 3781 7792 3501 7792 3471 7793 3501 7793 3486 7793 3782 7794 3475 7794 3522 7794 3521 7795 3783 7795 3522 7795 3522 7796 3783 7796 3784 7796 3522 7797 3784 7797 3782 7797 3785 7798 3786 7798 3730 7798 3636 7799 3635 7799 3787 7799 3787 7800 3635 7800 3730 7800 3787 7801 3730 7801 3788 7801 3788 7802 3730 7802 3786 7802 3785 7803 3730 7803 3789 7803 3789 7804 3730 7804 3731 7804 3789 7805 3731 7805 3790 7805 3732 7806 3791 7806 3792 7806 3732 7807 3792 7807 3731 7807 3731 7808 3792 7808 3793 7808 3731 7809 3793 7809 3790 7809 3732 7810 3729 7810 3791 7810 3791 7811 3729 7811 3728 7811 3791 7812 3728 7812 3794 7812 3795 7813 3796 7813 3797 7813 3796 7814 3795 7814 3798 7814 3799 7815 3800 7815 3801 7815 3799 7816 3801 7816 3802 7816 3803 7817 3804 7817 3802 7817 3798 7818 3795 7818 3805 7818 3805 7819 3795 7819 3806 7819 3805 7820 3806 7820 3807 7820 3798 7821 3808 7821 3796 7821 3796 7822 3808 7822 3809 7822 3796 7823 3809 7823 3797 7823 3797 7824 3809 7824 3810 7824 3797 7825 3810 7825 3811 7825 3811 7826 3810 7826 3812 7826 3801 7827 3783 7827 3521 7827 3802 7828 3801 7828 3803 7828 3803 7829 3801 7829 3521 7829 3803 7830 3521 7830 3520 7830 3525 7831 3811 7831 3527 7831 3527 7832 3811 7832 3812 7832 3527 7833 3812 7833 3523 7833 3525 7834 3524 7834 3811 7834 3811 7835 3524 7835 3813 7835 3811 7836 3813 7836 3814 7836 3814 7837 3815 7837 3811 7837 3811 7838 3815 7838 3816 7838 3811 7839 3816 7839 3797 7839 3797 7840 3816 7840 3817 7840 3797 7841 3817 7841 3795 7841 3795 7842 3817 7842 3818 7842 3795 7843 3818 7843 3806 7843 3808 7844 3819 7844 3809 7844 3809 7845 3819 7845 3804 7845 3809 7846 3804 7846 3810 7846 3810 7847 3804 7847 3803 7847 3810 7848 3803 7848 3812 7848 3812 7849 3803 7849 3520 7849 3812 7850 3520 7850 3523 7850 3820 7851 3821 7851 3822 7851 3806 7852 3818 7852 3823 7852 3824 7853 3825 7853 3826 7853 3826 7854 3825 7854 3827 7854 3815 7855 3814 7856 3828 7857 3829 7858 3830 7858 3831 7858 3832 7859 3833 7859 3834 7859 3834 7860 3833 7860 3835 7860 3836 7861 3837 7861 3838 7861 3538 7862 3543 7862 3839 7862 3840 7863 3841 7863 3842 7863 3534 7864 3535 7864 3843 7864 3844 7865 3561 7865 3560 7865 3533 7866 3842 7866 3532 7866 3532 7867 3842 7867 3841 7867 3532 7868 3841 7868 3531 7868 3531 7869 3841 7869 3528 7869 3528 7870 3841 7870 3845 7870 3528 7871 3845 7871 3846 7871 3542 7872 3540 7872 3846 7872 3846 7873 3540 7873 3539 7873 3846 7874 3539 7874 3528 7874 3538 7875 3839 7875 3536 7875 3839 7876 3847 7876 3536 7876 3536 7877 3847 7877 3813 7877 3536 7878 3813 7878 3524 7878 3848 7879 3849 7879 3850 7879 3850 7880 3849 7880 3851 7880 3852 7881 3853 7881 3854 7881 3854 7882 3853 7882 3855 7882 3854 7883 3855 7883 3856 7883 3856 7884 3855 7884 3857 7884 3856 7885 3857 7885 3858 7885 3859 7886 3860 7886 3852 7886 3852 7887 3860 7887 3861 7887 3852 7888 3861 7888 3853 7888 3533 7889 3534 7889 3842 7889 3842 7890 3534 7890 3843 7890 3842 7891 3843 7891 3862 7891 3862 7892 3843 7892 3834 7892 3862 7893 3834 7893 3838 7893 3838 7894 3834 7894 3835 7894 3838 7895 3835 7895 3836 7895 3863 7896 3864 7896 3865 7896 3865 7897 3866 7897 3863 7897 3863 7898 3866 7898 3867 7898 3863 7899 3867 7899 3832 7899 3832 7900 3867 7900 3868 7900 3832 7901 3868 7901 3833 7901 3560 7902 3829 7902 3844 7902 3844 7903 3829 7903 3831 7903 3844 7904 3831 7904 3561 7904 3561 7905 3831 7905 3869 7905 3561 7906 3869 7906 3557 7906 3557 7907 3869 7907 3870 7907 3557 7908 3870 7908 3545 7908 3535 7909 3545 7909 3843 7909 3843 7910 3545 7910 3870 7910 3843 7911 3870 7911 3834 7911 3834 7912 3870 7912 3869 7912 3834 7913 3869 7913 3832 7913 3832 7914 3869 7914 3831 7914 3832 7915 3831 7915 3863 7915 3863 7916 3831 7916 3830 7916 3863 7917 3830 7917 3864 7917 3817 7918 3816 7918 3871 7918 3871 7919 3816 7919 3872 7919 3871 7920 3872 7920 3873 7920 3873 7921 3872 7921 3874 7921 3873 7922 3874 7922 3875 7922 3875 7923 3874 7923 3876 7923 3825 7924 3876 7924 3827 7924 3827 7925 3876 7925 3874 7925 3827 7926 3874 7926 3877 7926 3877 7927 3874 7927 3872 7927 3877 7928 3872 7928 3828 7928 3828 7929 3872 7929 3816 7929 3828 7930 3816 7930 3815 7930 3806 7931 3823 7931 3807 7931 3878 7932 3879 7932 3880 7932 3880 7933 3879 7933 3881 7933 3880 7934 3881 7934 3882 7934 3882 7935 3881 7935 3883 7935 3882 7936 3883 7936 3884 7936 3884 7937 3883 7937 3885 7937 3884 7938 3885 7938 3823 7938 3823 7939 3885 7939 3886 7939 3823 7940 3886 7940 3807 7940 3887 7941 3888 7941 3889 7941 3889 7942 3888 7942 3890 7942 3889 7943 3890 7943 3878 7943 3878 7944 3890 7944 3891 7944 3878 7945 3891 7945 3879 7945 3837 7946 3892 7946 3838 7946 3838 7947 3892 7947 3850 7947 3838 7948 3850 7948 3862 7948 3862 7949 3850 7949 3851 7949 3862 7950 3851 7950 3842 7950 3842 7951 3851 7951 3849 7951 3842 7952 3849 7952 3840 7952 3840 7953 3849 7953 3848 7953 3840 7954 3848 7954 3841 7954 3841 7955 3848 7955 3820 7955 3841 7956 3820 7956 3845 7956 3845 7957 3820 7957 3822 7957 3845 7958 3822 7958 3846 7958 3821 7959 3893 7959 3822 7959 3822 7960 3893 7960 3824 7960 3822 7961 3824 7961 3846 7961 3846 7962 3824 7962 3826 7962 3846 7963 3826 7963 3542 7963 3542 7964 3826 7964 3827 7964 3542 7965 3827 7965 3543 7965 3543 7966 3827 7966 3877 7966 3543 7967 3877 7967 3839 7967 3839 7968 3877 7968 3828 7968 3839 7969 3828 7969 3847 7969 3847 7970 3828 7970 3814 7970 3847 7971 3814 7971 3813 7971 3893 7972 3887 7972 3824 7972 3824 7973 3887 7973 3889 7973 3824 7974 3889 7974 3825 7974 3825 7975 3889 7975 3878 7975 3825 7976 3878 7976 3876 7976 3876 7977 3878 7977 3880 7977 3876 7978 3880 7978 3875 7978 3875 7979 3880 7979 3882 7979 3875 7980 3882 7980 3873 7980 3873 7981 3882 7981 3884 7981 3873 7982 3884 7982 3871 7982 3871 7983 3884 7983 3823 7983 3871 7984 3823 7984 3817 7984 3817 7985 3823 7985 3818 7985 3865 7986 3894 7986 3859 7986 3859 7987 3894 7987 3895 7987 3859 7988 3895 7988 3860 7988 3866 7989 3865 7989 3859 7989 3866 7990 3859 7990 3867 7990 3867 7991 3859 7991 3852 7991 3867 7992 3852 7992 3868 7992 3868 7993 3852 7993 3854 7993 3868 7994 3854 7994 3833 7994 3833 7995 3854 7995 3856 7995 3833 7996 3856 7996 3835 7996 3835 7997 3856 7997 3858 7997 3835 7998 3858 7998 3836 7998 3864 7999 3830 7999 3896 7999 3547 8000 3554 8000 3897 8000 3547 8001 3897 8001 3548 8001 3897 8002 3898 8002 3548 8002 3548 8003 3898 8003 3896 8003 3548 8004 3896 8004 3549 8004 3829 8005 3560 8005 3559 8005 3549 8006 3896 8006 3559 8006 3559 8007 3896 8007 3830 8007 3559 8008 3830 8008 3829 8008 3899 8009 3900 8009 3901 8009 3865 8010 3864 8010 3902 8010 3902 8011 3864 8011 3896 8011 3902 8012 3896 8012 3903 8012 3903 8013 3896 8013 3898 8013 3903 8014 3898 8014 3904 8014 3904 8015 3898 8015 3897 8015 3904 8016 3897 8016 3905 8016 3895 8017 3894 8017 3906 8017 3906 8018 3894 8018 3907 8018 3906 8019 3907 8019 3908 8019 3899 8020 3553 8020 3562 8020 3562 8021 3553 8021 3552 8021 3562 8022 3552 8022 3311 8022 3907 8023 3909 8023 3908 8023 3908 8024 3909 8024 3910 8024 3908 8025 3910 8025 3911 8025 3911 8026 3910 8026 3901 8026 3911 8027 3901 8027 3912 8027 3912 8028 3901 8028 3900 8028 3912 8029 3900 8029 3913 8029 3913 8030 3900 8030 3914 8030 3899 8031 3562 8031 3900 8031 3900 8032 3562 8032 3563 8032 3900 8033 3563 8033 3914 8033 3554 8034 3553 8034 3897 8034 3897 8035 3553 8035 3899 8035 3897 8036 3899 8036 3905 8036 3905 8037 3899 8037 3901 8037 3905 8038 3901 8038 3904 8038 3904 8039 3901 8039 3910 8039 3904 8040 3910 8040 3903 8040 3903 8041 3910 8041 3909 8041 3903 8042 3909 8042 3902 8042 3902 8043 3909 8043 3907 8043 3902 8044 3907 8044 3865 8044 3865 8045 3907 8045 3894 8045 3596 8046 3595 8046 3915 8046 3392 8047 3566 8047 3563 8047 3563 8048 3566 8048 3596 8048 3563 8049 3596 8049 3916 8049 3916 8050 3596 8050 3915 8050 3915 8051 3595 8051 3917 8051 3917 8052 3595 8052 3581 8052 3917 8053 3581 8053 3918 8053 3918 8054 3581 8054 3583 8054 3918 8055 3583 8055 3919 8055 3919 8056 3583 8056 3582 8056 3919 8057 3582 8057 3920 8057 3920 8058 3582 8058 3585 8058 3920 8059 3585 8059 3921 8059 3921 8060 3585 8060 3584 8060 3921 8061 3584 8061 3922 8061 3922 8062 3584 8062 3588 8062 3922 8063 3588 8063 3923 8063 3923 8064 3588 8064 3587 8064 3923 8065 3587 8065 3924 8065 3924 8066 3587 8066 3586 8066 3924 8067 3586 8067 3925 8067 3925 8068 3586 8068 3580 8068 3925 8069 3580 8069 3926 8069 3926 8070 3580 8070 3590 8070 3926 8071 3590 8071 3927 8071 3927 8072 3590 8072 3589 8072 3927 8073 3589 8073 3928 8073 3928 8074 3589 8074 3592 8074 3928 8075 3592 8075 3929 8075 3929 8076 3592 8076 3591 8076 3929 8077 3591 8077 3930 8077 3930 8078 3591 8078 3594 8078 3930 8079 3594 8079 3931 8079 3931 8080 3594 8080 3593 8080 3931 8081 3593 8081 3601 8081 3601 8082 3593 8082 3598 8082 3932 8083 3933 8083 3934 8083 3935 8084 3609 8084 3608 8084 3933 8085 3932 8085 3936 8085 3937 8086 3938 8086 3619 8086 3608 8087 3612 8087 3617 8087 3939 8088 3601 8088 3935 8088 3935 8089 3601 8089 3607 8089 3935 8090 3607 8090 3609 8090 3620 8091 3936 8091 3619 8091 3619 8092 3936 8092 3932 8092 3619 8093 3932 8093 3937 8093 3937 8094 3932 8094 3934 8094 3937 8095 3934 8095 3940 8095 3940 8096 3934 8097 3941 8098 3940 8099 3941 8099 3942 8099 3942 8100 3941 8100 3943 8100 3942 8101 3939 8101 3940 8101 3940 8102 3939 8102 3935 8102 3940 8103 3935 8103 3937 8103 3937 8104 3935 8104 3608 8104 3937 8105 3608 8105 3938 8105 3938 8106 3608 8106 3617 8106 3938 8107 3617 8107 3619 8107 3934 8108 3933 8108 3944 8108 3944 8109 3933 8109 3936 8109 3945 8110 3946 8110 3947 8110 3947 8111 3946 8111 3948 8111 3947 8112 3948 8112 3949 8112 3949 8113 3948 8113 3950 8113 3951 8114 3952 8114 3953 8114 3953 8115 3952 8115 3954 8115 3953 8116 3954 8116 3955 8116 3955 8117 3954 8117 3956 8117 3955 8118 3956 8118 3957 8118 3634 8119 3632 8119 3958 8119 3958 8120 3959 8120 3634 8120 3634 8121 3959 8121 3960 8121 3634 8122 3960 8122 3633 8122 3633 8123 3960 8123 3621 8123 3620 8124 3621 8124 3961 8124 3961 8125 3621 8125 3960 8125 3961 8126 3960 8126 3962 8126 3962 8127 3960 8127 3959 8127 3962 8128 3959 8128 3963 8128 3963 8129 3959 8129 3958 8129 3963 8130 3958 8130 3964 8130 3964 8131 3958 8131 3965 8131 3964 8132 3965 8132 3966 8132 3966 8133 3965 8133 3967 8133 3968 8134 3967 8134 3629 8134 3629 8135 3967 8135 3965 8135 3629 8136 3965 8136 3630 8136 3630 8137 3965 8137 3958 8137 3630 8138 3958 8138 3631 8138 3631 8139 3958 8139 3632 8139 3969 8140 3941 8140 3934 8140 3943 8141 3941 8141 3970 8141 3970 8142 3941 8142 3969 8142 3970 8143 3969 8143 3971 8143 3934 8144 3944 8144 3969 8144 3969 8145 3944 8145 3972 8145 3969 8146 3972 8146 3971 8146 3971 8147 3972 8147 3973 8147 3971 8148 3973 8148 3974 8148 3974 8149 3973 8149 3975 8149 3974 8150 3975 8150 3976 8150 3976 8151 3975 8151 3977 8151 3976 8152 3977 8152 3978 8152 3967 8153 3977 8153 3966 8153 3966 8154 3977 8154 3975 8154 3966 8155 3975 8155 3964 8155 3964 8156 3975 8156 3973 8156 3964 8157 3973 8157 3963 8157 3963 8158 3973 8158 3972 8158 3963 8159 3972 8159 3962 8159 3962 8160 3972 8160 3944 8160 3962 8161 3944 8161 3961 8161 3961 8162 3944 8162 3936 8162 3961 8163 3936 8163 3620 8163 3951 8164 3640 8164 3952 8164 3952 8165 3640 8165 3638 8165 3952 8166 3638 8166 3954 8166 3954 8167 3638 8167 3636 8167 3954 8168 3636 8168 3956 8168 3979 8169 3950 8169 3980 8169 3980 8170 3950 8170 3948 8170 3980 8171 3948 8171 3981 8171 3981 8172 3948 8172 3957 8172 3629 8173 3628 8173 3968 8173 3968 8174 3628 8174 3627 8174 3968 8175 3627 8175 3982 8175 3982 8176 3627 8176 3626 8176 3982 8177 3626 8177 3983 8177 3983 8178 3626 8178 3625 8178 3983 8179 3625 8179 3984 8179 3984 8180 3625 8180 3624 8180 3984 8181 3624 8181 3985 8181 3985 8182 3624 8182 3623 8182 3985 8183 3623 8183 3986 8183 3986 8184 3623 8184 3622 8184 3986 8185 3622 8185 3987 8185 3987 8186 3622 8186 3642 8186 3987 8187 3642 8187 3951 8187 3951 8188 3642 8188 3643 8188 3951 8189 3643 8189 3640 8189 3957 8190 3948 8190 3955 8190 3955 8191 3948 8191 3946 8191 3955 8192 3946 8192 3953 8192 3953 8193 3946 8193 3945 8193 3953 8194 3945 8194 3951 8194 3951 8195 3945 8195 3988 8195 3951 8196 3988 8196 3987 8196 3987 8197 3988 8197 3989 8197 3987 8198 3989 8198 3986 8198 3986 8199 3989 8199 3990 8199 3986 8200 3990 8200 3985 8200 3985 8201 3990 8201 3991 8201 3985 8202 3991 8202 3984 8202 3984 8203 3991 8203 3992 8203 3984 8204 3992 8204 3983 8204 3983 8205 3992 8205 3993 8205 3983 8206 3993 8206 3982 8206 3982 8207 3993 8207 3994 8207 3982 8208 3994 8208 3968 8208 3968 8209 3994 8209 3995 8209 3968 8210 3995 8210 3967 8210 3967 8211 3995 8211 3996 8211 3967 8212 3996 8212 3977 8212 3977 8213 3996 8213 3997 8213 3977 8214 3997 8214 3978 8214 3788 8215 3786 8215 3998 8215 3998 8216 3786 8216 3785 8216 3999 8217 4000 8217 3979 8217 4001 8218 4000 8218 4002 8218 4002 8219 4000 8219 3999 8219 4002 8220 3999 8220 4003 8220 4004 8221 4005 8221 4006 8221 4007 8222 4008 8222 4009 8222 4010 8223 4011 8223 4012 8223 4010 8224 4012 8224 4013 8224 4013 8225 4012 8225 4014 8225 4013 8226 4014 8226 4015 8226 3789 8227 4015 8227 3785 8227 3785 8228 4015 8228 4014 8228 3785 8229 4014 8229 3998 8229 3998 8230 4014 8230 4012 8230 3998 8231 4012 8231 4016 8231 4016 8232 4012 8232 4011 8232 4016 8233 4011 8233 4017 8233 3636 8234 3787 8234 3956 8234 3956 8235 3787 8235 4018 8235 3956 8236 4018 8236 3957 8236 3957 8237 4018 8237 4003 8237 3957 8238 4003 8238 3981 8238 3981 8239 4003 8239 3999 8239 3981 8240 3999 8241 3980 8242 3980 8243 3999 8243 3979 8243 3790 8244 3793 8244 4019 8244 4019 8245 3793 8245 3792 8245 3792 8246 4020 8246 4019 8246 4019 8247 4020 8247 4021 8247 4019 8248 4021 8248 4022 8248 4022 8249 4021 8249 4007 8249 4022 8250 4007 8250 4004 8250 4004 8251 4007 8251 4009 8251 4004 8252 4009 8252 4005 8252 3787 8253 3788 8253 4018 8253 4018 8254 3788 8254 3998 8254 4018 8255 3998 8255 4003 8255 4003 8256 3998 8256 4016 8256 4003 8257 4016 8257 4002 8257 4002 8258 4016 8258 4017 8258 4002 8259 4017 8259 4001 8259 4001 8260 4017 8260 4011 8260 4001 8261 4011 8261 4006 8261 4006 8262 4011 8262 4010 8262 4006 8263 4010 8263 4004 8263 4004 8264 4010 8264 4013 8264 4004 8265 4013 8265 4022 8265 4022 8266 4013 8266 4015 8266 4022 8267 4015 8267 4019 8267 4019 8268 4015 8268 3789 8268 4019 8269 3789 8269 3790 8269 3644 8270 3645 8270 4023 8270 4023 8271 3645 8271 4024 8271 4023 8272 4024 8272 4025 8272 4025 8273 4024 8273 4026 8273 4025 8274 4026 8274 4027 8274 4028 8275 4029 8275 4030 8275 4030 8276 4031 8276 4028 8276 4028 8277 4031 8277 4032 8277 4028 8278 4032 8278 4026 8278 4026 8279 4032 8279 4033 8279 4026 8280 4033 8280 4027 8280 3649 8281 3650 8281 4034 8281 3651 8282 3652 8282 4035 8282 4036 8283 4029 8283 4028 8283 4037 8284 4036 8284 4038 8284 4038 8285 4036 8285 4028 8285 4038 8286 4028 8286 4039 8286 4039 8287 4028 8287 4026 8287 4039 8288 4026 8288 4040 8288 4040 8289 4026 8289 4024 8289 4040 8290 4024 8290 4041 8290 4041 8291 4024 8291 3645 8291 4041 8292 3645 8292 3646 8292 4042 8293 4043 8293 4044 8293 4044 8294 4043 8294 4045 8294 4044 8295 4045 8295 4046 8295 4047 8296 4048 8296 4042 8296 4049 8297 4050 8297 4048 8297 4051 8298 4050 8298 4052 8298 4052 8299 4050 8299 4049 8299 4052 8300 4049 8300 4053 8300 4048 8301 4047 8301 4049 8301 4049 8302 4047 8302 4054 8302 4049 8303 4054 8303 4053 8303 4055 8304 4056 8304 4054 8304 4054 8305 4056 8305 4057 8305 4054 8306 4057 8306 4053 8306 3648 8307 3649 8307 4058 8307 4058 8308 3649 8308 4034 8308 4058 8309 4034 8309 4059 8309 4059 8310 4034 8310 4060 8310 4059 8311 4060 8311 4046 8311 3646 8312 3647 8312 4041 8312 4041 8313 3647 8313 4061 8313 4041 8314 4061 8314 4040 8314 4040 8315 4061 8315 4062 8315 4040 8316 4062 8316 4039 8316 4039 8317 4062 8317 4063 8317 4039 8318 4063 8318 4038 8318 4038 8319 4063 8319 4064 8319 4038 8320 4064 8320 4037 8320 4037 8321 4064 8321 4065 8321 3647 8322 3648 8322 4061 8322 4061 8323 3648 8323 4058 8323 4061 8324 4058 8324 4062 8324 4062 8325 4058 8325 4059 8325 4062 8326 4059 8326 4063 8326 4063 8327 4059 8327 4046 8327 4063 8328 4046 8328 4064 8328 4064 8329 4046 8329 4045 8329 4064 8330 4045 8330 4065 8330 4065 8331 4045 8331 4043 8331 4042 8332 4044 8332 4047 8332 4047 8333 4044 8333 4046 8333 4047 8334 4046 8334 4054 8334 4054 8335 4046 8335 4060 8335 4054 8336 4060 8336 4055 8336 4055 8337 4060 8337 4034 8337 4055 8338 4034 8338 4035 8338 4035 8339 4034 8339 3650 8339 4035 8340 3650 8340 3651 8340 3652 8341 3653 8341 4035 8341 4035 8342 3653 8342 4066 8342 4035 8343 4066 8343 4055 8343 4055 8344 4066 8344 4067 8344 4055 8345 4067 8345 4056 8345 4056 8346 4067 8346 4068 8346 4056 8347 4068 8347 4057 8347 4057 8348 4068 8348 4069 8348 4057 8349 4069 8349 4053 8349 4070 8350 4071 8350 4051 8350 4069 8351 4072 8351 4053 8351 4053 8352 4072 8352 4070 8352 4053 8353 4070 8353 4052 8353 4052 8354 4070 8354 4051 8354 3654 8355 3658 8355 4073 8355 3659 8356 3660 8356 4074 8356 4075 8357 4076 8357 4077 8357 3653 8358 3656 8358 4078 8358 3653 8359 4078 8359 4066 8359 4066 8360 4078 8360 4079 8360 4066 8361 4079 8361 4067 8361 4067 8362 4079 8362 4068 8362 4068 8363 4079 8363 4080 8363 4068 8364 4080 8364 4069 8364 4081 8365 4082 8365 4083 8365 4069 8366 4080 8366 4072 8366 4072 8367 4080 8367 4081 8367 4072 8368 4081 8368 4070 8368 4070 8369 4081 8369 4083 8369 4070 8370 4083 8370 4071 8370 4084 8371 4085 8371 4086 8371 4086 8372 4085 8372 4087 8372 4086 8373 4087 8373 4088 8373 4088 8374 4087 8374 4077 8374 4088 8375 4077 8375 4089 8375 4089 8376 4077 8376 4076 8376 4089 8377 4076 8377 4090 8377 4091 8378 4092 8378 4093 8378 4093 8379 4092 8379 4094 8379 4093 8380 4094 8380 4075 8380 4093 8381 4095 8381 4091 8381 4091 8382 4095 8382 4073 8382 4091 8383 4073 8383 4074 8383 4074 8384 4073 8384 3658 8384 4074 8385 3658 8385 3659 8385 3655 8386 3654 8387 4096 8388 4096 8389 3654 8389 4073 8389 4096 8390 4073 8390 4097 8390 4097 8391 4073 8391 4095 8391 4097 8392 4095 8392 4098 8392 4098 8393 4095 8393 4093 8393 3656 8394 3657 8394 4078 8394 4078 8395 3657 8395 4099 8395 4078 8396 4099 8396 4079 8396 4079 8397 4099 8397 4100 8397 4079 8398 4100 8398 4080 8398 4080 8399 4100 8399 4101 8399 4080 8400 4101 8400 4081 8400 4081 8401 4101 8401 4102 8401 4081 8402 4102 8402 4082 8402 3657 8403 3655 8403 4099 8403 4099 8404 3655 8404 4096 8404 4099 8405 4096 8405 4100 8405 4100 8406 4096 8406 4097 8406 4100 8407 4097 8407 4101 8407 4101 8408 4097 8408 4098 8408 4101 8409 4098 8409 4102 8409 4102 8410 4098 8410 4103 8410 4075 8411 4077 8411 4093 8411 4093 8412 4077 8412 4087 8412 4093 8413 4087 8413 4098 8413 4098 8414 4087 8414 4085 8414 4098 8415 4085 8415 4103 8415 4103 8416 4085 8416 4084 8416 4103 8417 4084 8417 4102 8417 4102 8418 4084 8418 4104 8418 4102 8419 4104 8419 4082 8419 4105 8420 4106 8420 4090 8420 3660 8421 3661 8421 4074 8421 4074 8422 3661 8422 4107 8422 4074 8423 4107 8423 4091 8423 4091 8424 4107 8424 4108 8424 4091 8425 4108 8425 4092 8425 4092 8426 4108 8427 4109 8428 4092 8429 4109 8430 4094 8431 4094 8432 4109 8432 4110 8432 4094 8433 4110 8433 4075 8433 4075 8434 4110 8434 4105 8434 4075 8435 4105 8436 4076 8437 4076 8438 4105 8438 4090 8438 3662 8439 3666 8439 4111 8439 3667 8440 3668 8440 4112 8440 3661 8441 3665 8441 4113 8441 3661 8442 4113 8442 4107 8442 4107 8443 4113 8443 4114 8443 4107 8444 4114 8444 4108 8444 4115 8445 4116 8445 4117 8445 4108 8446 4114 8446 4109 8446 4109 8447 4114 8447 4118 8447 4109 8448 4118 8448 4110 8448 4110 8449 4118 8449 4115 8449 4110 8450 4115 8450 4105 8450 4105 8451 4115 8451 4117 8451 4105 8452 4117 8452 4106 8452 4119 8453 4120 8453 4121 8453 4120 8454 4122 8454 4123 8454 4123 8455 4122 8455 4124 8455 4123 8456 4124 8456 4125 8456 4125 8457 4124 8457 4126 8457 4125 8458 4126 8458 4127 8458 4128 8459 4129 8459 4130 8459 4130 8460 4129 8460 4131 8460 4130 8461 4131 8461 4132 8461 3667 8462 4112 8462 3666 8462 3663 8463 3662 8463 4133 8463 4133 8464 3662 8464 4111 8464 4133 8465 4111 8465 4134 8465 4134 8466 4111 8466 4135 8466 4134 8467 4135 8467 4136 8467 3665 8468 3664 8468 4113 8468 4113 8469 3664 8469 4137 8469 4113 8470 4137 8470 4114 8470 4114 8471 4137 8471 4138 8471 4114 8472 4138 8472 4118 8472 4118 8473 4138 8473 4139 8473 4118 8474 4139 8474 4115 8474 4115 8475 4139 8475 4140 8475 4115 8476 4140 8476 4116 8476 4116 8477 4140 8477 4141 8477 3664 8478 3663 8478 4137 8478 4137 8479 3663 8479 4133 8479 4137 8480 4133 8480 4138 8480 4138 8481 4133 8481 4134 8481 4138 8482 4134 8482 4139 8482 4139 8483 4134 8483 4136 8483 4139 8484 4136 8484 4140 8484 4140 8485 4136 8485 4142 8485 4140 8486 4142 8486 4141 8486 4120 8487 4119 8487 4122 8487 4122 8488 4119 8488 4130 8488 4122 8489 4130 8489 4124 8489 4124 8490 4130 8490 4132 8490 4124 8491 4132 8491 4126 8491 3666 8492 4112 8492 4111 8492 4111 8493 4112 8493 4128 8493 4111 8494 4128 8494 4135 8494 4135 8495 4128 8495 4130 8495 4135 8496 4130 8496 4136 8496 4136 8497 4130 8497 4119 8497 4136 8498 4119 8498 4142 8498 4142 8499 4119 8499 4121 8499 4142 8500 4121 8500 4141 8500 3668 8501 3669 8501 4112 8501 4112 8502 3669 8502 4143 8502 4112 8503 4143 8503 4128 8503 4128 8504 4143 8504 4144 8504 4128 8505 4144 8505 4129 8505 4145 8506 4146 8506 4127 8506 4127 8507 4126 8507 4145 8507 4145 8508 4126 8509 4132 8510 4145 8511 4132 8511 4144 8511 4144 8512 4132 8512 4131 8512 4144 8513 4131 8513 4129 8513 3673 8514 3674 8514 4147 8514 3675 8515 3644 8515 4023 8515 3669 8516 3670 8516 4148 8516 4149 8517 4145 8517 4144 8517 4150 8518 4151 8518 4152 8518 4152 8519 4151 8519 4153 8519 4152 8520 4153 8520 4149 8520 4149 8521 4153 8521 4154 8521 4149 8522 4154 8522 4145 8522 4145 8523 4154 8523 4146 8523 4155 8524 4156 8524 4157 8524 4156 8525 4158 8525 4159 8525 4159 8526 4158 8526 4160 8526 4159 8527 4160 8527 4161 8527 4161 8528 4160 8528 4031 8528 4161 8529 4031 8529 4030 8529 4025 8530 4027 8530 4162 8530 4162 8531 4027 8531 4033 8531 4162 8532 4033 8532 4032 8532 3675 8533 4023 8533 3674 8533 3672 8534 3673 8534 4163 8534 4163 8535 3673 8535 4147 8535 4163 8536 4147 8536 4164 8536 4164 8537 4147 8537 4165 8537 4164 8538 4165 8538 4166 8538 3670 8539 3671 8539 4148 8539 4148 8540 3671 8540 4167 8540 4148 8541 4167 8541 4168 8541 4168 8542 4167 8542 4169 8542 4168 8543 4169 8543 4170 8543 4170 8544 4169 8544 4171 8544 3671 8545 3672 8545 4167 8545 4167 8546 3672 8546 4163 8546 4167 8547 4163 8547 4169 8547 4169 8548 4163 8548 4164 8548 4169 8549 4164 8549 4171 8549 4171 8550 4164 8550 4166 8550 3669 8551 4148 8551 4143 8551 4143 8552 4148 8552 4168 8552 4143 8553 4168 8553 4144 8553 4144 8554 4168 8554 4170 8554 4144 8555 4170 8555 4149 8555 4149 8556 4170 8556 4171 8556 4149 8557 4171 8557 4152 8557 4152 8558 4171 8558 4166 8558 4152 8559 4166 8559 4150 8559 4156 8560 4155 8560 4158 8560 4158 8561 4155 8561 4162 8561 4158 8562 4162 8562 4160 8562 4160 8563 4162 8563 4032 8563 4160 8564 4032 8564 4031 8564 3674 8565 4023 8565 4147 8565 4147 8566 4023 8566 4025 8566 4147 8567 4025 8567 4165 8567 4165 8568 4025 8568 4162 8568 4165 8569 4162 8569 4166 8569 4166 8570 4162 8570 4155 8570 4166 8571 4155 8571 4150 8571 4150 8572 4155 8572 4157 8572 4150 8573 4157 8573 4151 8573 4172 8574 4173 8574 4174 8574 4174 8575 4173 8575 4175 8575 4174 8576 4175 8576 4176 8576 3721 8577 3715 8577 4177 8577 4177 8578 3715 8578 4178 8578 4177 8579 4178 8579 4179 8579 4179 8580 4178 8580 4176 8580 4179 8581 4176 8581 4180 8581 4180 8582 4176 8582 4175 8582 3677 8583 3676 8583 4181 8583 3681 8584 3680 8585 4182 8586 4183 8587 4172 8587 4174 8587 4184 8588 4185 8588 4186 8588 4186 8589 4185 8589 4187 8589 4186 8590 4187 8590 4188 8590 4189 8591 4190 8591 4191 8591 4191 8592 4190 8592 4192 8592 4191 8593 4192 8593 4193 8593 3681 8594 4182 8594 3682 8594 4178 8595 3715 8596 3717 8597 3717 8598 4194 8598 4178 8598 4178 8599 4194 8599 4195 8599 4178 8600 4195 8600 4176 8600 4176 8601 4195 8601 4196 8601 4176 8602 4196 8602 4174 8602 4174 8603 4196 8603 4197 8603 4174 8604 4197 8604 4183 8604 4183 8605 4197 8605 4198 8605 3717 8606 3716 8606 4194 8606 4194 8607 3716 8607 4199 8607 4194 8608 4199 8608 4195 8608 4195 8609 4199 8609 4200 8609 4195 8610 4200 8610 4196 8610 4196 8611 4200 8611 4201 8611 4196 8612 4201 8612 4197 8612 4197 8613 4201 8613 4202 8613 4197 8614 4202 8614 4198 8614 4198 8615 4202 8615 4203 8615 3716 8616 3714 8616 4199 8616 4199 8617 3714 8617 4204 8617 4199 8618 4204 8618 4200 8618 4200 8619 4204 8619 4205 8619 4200 8620 4205 8620 4201 8620 4201 8621 4205 8621 4188 8621 4201 8622 4188 8622 4202 8622 4202 8623 4188 8623 4187 8623 4202 8624 4187 8624 4203 8625 4203 8626 4187 8626 4185 8626 4190 8627 4184 8627 4192 8627 4192 8628 4184 8628 4186 8628 4192 8629 4186 8629 4193 8629 4193 8630 4186 8630 4188 8630 4193 8631 4188 8631 4206 8631 4206 8632 4188 8632 4205 8632 4206 8633 4205 8633 4181 8633 4181 8634 4205 8634 4204 8634 4181 8635 4204 8635 3677 8635 3677 8636 4204 8636 3714 8636 4207 8637 4189 8637 4208 8637 4208 8638 4189 8638 4191 8638 4208 8639 4191 8639 4209 8639 4209 8640 4191 8640 4193 8640 4209 8641 4193 8641 4210 8641 4210 8642 4193 8642 4206 8642 4210 8643 4206 8643 4182 8643 4182 8644 4206 8644 4181 8644 4182 8645 4181 8645 3682 8645 3682 8646 4181 8646 3676 8646 4211 8647 4212 8647 4207 8647 4207 8648 4208 8648 4211 8648 4211 8649 4208 8649 4209 8649 4211 8650 4209 8650 4213 8650 4213 8651 4209 8651 4210 8651 4213 8652 4210 8652 4214 8652 4210 8653 4182 8653 4214 8653 4214 8654 4182 8654 3680 8654 4214 8655 3680 8655 3684 8655 3693 8656 3695 8656 4215 8656 4216 8657 4217 8657 4218 8657 4219 8658 4211 8658 4213 8658 4220 8659 4212 8659 4211 8659 4211 8660 4219 8660 4220 8660 4220 8661 4219 8661 4221 8661 4220 8662 4221 8662 4222 8662 4222 8663 4221 8663 4223 8663 4222 8664 4223 8664 4224 8664 3693 8665 4215 8665 3691 8665 3690 8666 3688 8666 4225 8666 4225 8667 3688 8667 4226 8667 4225 8668 4226 8668 4227 8668 4227 8669 4226 8669 4228 8669 4227 8670 4228 8670 4229 8670 4229 8671 4228 8671 4230 8671 3688 8672 3686 8672 4226 8672 4226 8673 3686 8673 4231 8673 4226 8674 4231 8674 4228 8674 4228 8675 4231 8675 4232 8675 4228 8676 4232 8677 4230 8676 4230 8678 4232 8678 4233 8678 4234 8679 4224 8679 4235 8679 4235 8680 4224 8680 4223 8680 4235 8681 4223 8681 4233 8681 4233 8682 4223 8682 4221 8682 4233 8683 4221 8683 4230 8683 4230 8684 4221 8684 4219 8684 4230 8685 4219 8685 4229 8685 4229 8686 4219 8686 4213 8686 4229 8687 4213 8687 4227 8687 4227 8688 4213 8688 4214 8688 4227 8689 4214 8689 4225 8689 4225 8690 4214 8690 3684 8690 4225 8691 3684 8691 3690 8691 4217 8692 4234 8692 4218 8692 4218 8693 4234 8693 4235 8693 4218 8694 4235 8694 4236 8694 4236 8695 4235 8695 4233 8695 4236 8696 4233 8696 4237 8696 4237 8697 4233 8697 4232 8697 4237 8698 4232 8698 4238 8698 4238 8699 4232 8699 4231 8699 4238 8700 4231 8700 3685 8700 3685 8701 4231 8701 3686 8701 3685 8702 3691 8702 4238 8702 4238 8703 3691 8703 4215 8703 4238 8704 4215 8704 4237 8704 4237 8705 4215 8705 4239 8705 4237 8706 4239 8706 4236 8706 4236 8707 4239 8707 4240 8707 4236 8708 4240 8708 4218 8708 4218 8709 4240 8709 4241 8709 4218 8710 4241 8710 4216 8710 4216 8711 4241 8711 4242 8711 4243 8712 4244 8712 4242 8712 4242 8713 4241 8713 4243 8713 4243 8714 4241 8714 4240 8714 4243 8715 4240 8715 4245 8715 4245 8716 4240 8716 4239 8716 4245 8717 4239 8717 4246 8717 4239 8718 4215 8718 4246 8718 4246 8719 4215 8719 3695 8719 4246 8720 3695 8720 3697 8720 3706 8721 3708 8721 4247 8721 4248 8722 4249 8722 4250 8722 3697 8723 3703 8723 4251 8723 3697 8724 4251 8724 4246 8724 4246 8725 4251 8725 4252 8725 4246 8726 4252 8726 4245 8726 4253 8727 4254 8727 4255 8727 4252 8728 4256 8728 4245 8728 4245 8729 4256 8729 4253 8729 4245 8730 4253 8730 4243 8730 4243 8731 4253 8731 4255 8731 4243 8732 4255 8732 4244 8732 4257 8733 4258 8733 4259 8733 4259 8734 4258 8734 4260 8734 4259 8735 4260 8735 4261 8735 3706 8736 4247 8736 3704 8736 3701 8737 3699 8737 4262 8737 4262 8738 3699 8738 4263 8738 4262 8739 4263 8739 4264 8739 4264 8740 4263 8740 4265 8740 4264 8741 4265 8741 4266 8741 4266 8742 4265 8742 4267 8742 4266 8743 4267 8743 4268 8743 3703 8744 3701 8744 4251 8744 4251 8745 3701 8745 4262 8745 4251 8746 4262 8746 4252 8746 4252 8747 4262 8747 4264 8747 4252 8748 4264 8748 4256 8748 4256 8749 4264 8749 4266 8749 4256 8750 4266 8750 4253 8750 4253 8751 4266 8751 4268 8751 4253 8752 4268 8752 4254 8752 3699 8753 3698 8753 4263 8753 4263 8754 3698 8754 4269 8754 4263 8755 4269 8755 4265 8755 4265 8756 4269 8756 4270 8756 4265 8757 4270 8757 4267 8757 4267 8758 4270 8758 4271 8758 4267 8759 4271 8759 4250 8759 4249 8760 4261 8760 4250 8760 4250 8761 4261 8761 4260 8761 4250 8762 4260 8762 4267 8762 4267 8763 4260 8763 4258 8763 4267 8764 4258 8764 4268 8764 4268 8765 4258 8765 4257 8765 4268 8766 4257 8766 4254 8766 3698 8767 3704 8767 4269 8767 4269 8768 3704 8768 4247 8768 4269 8769 4247 8769 4270 8769 4270 8770 4247 8770 4272 8770 4270 8771 4272 8771 4271 8771 4271 8772 4272 8772 4273 8772 4271 8773 4273 8773 4250 8773 4250 8774 4273 8774 4274 8774 4250 8775 4274 8775 4248 8775 4248 8776 4274 8776 4275 8776 4276 8777 4275 8777 4277 8777 4277 8778 4275 8778 4274 8778 4277 8779 4274 8779 4278 8779 4278 8780 4274 8780 4273 8780 4278 8781 4273 8781 4279 8781 4279 8782 4273 8782 4272 8782 4279 8783 4272 8783 4280 8783 4272 8784 4247 8784 4280 8784 4280 8785 4247 8785 3708 8785 4280 8786 3708 8786 3710 8786 3718 8787 3721 8787 4177 8787 4281 8788 4282 8789 4283 8790 3710 8791 4284 8791 4280 8791 4280 8792 4284 8792 4285 8792 4280 8793 4285 8793 4279 8793 4279 8794 4285 8794 4286 8794 4279 8795 4286 8795 4278 8795 4278 8796 4286 8796 4281 8796 4278 8797 4281 8797 4277 8797 4277 8798 4281 8798 4283 8798 4277 8799 4283 8799 4276 8799 4287 8800 4288 8800 4289 8800 4289 8801 4288 8801 4290 8801 4289 8802 4290 8802 4291 8802 3718 8803 4177 8803 3719 8803 4292 8804 4293 8804 4294 8804 4294 8805 4293 8805 4295 8805 4294 8806 4295 8806 4296 8806 4296 8807 4295 8807 4297 8807 4296 8808 4297 8808 4298 8808 4284 8809 4292 8809 4285 8809 4285 8810 4292 8810 4294 8810 4285 8811 4294 8811 4286 8811 4286 8812 4294 8812 4296 8812 4286 8813 4296 8813 4281 8813 4281 8814 4296 8814 4298 8814 4281 8815 4298 8815 4282 8815 4299 8816 4300 8816 4301 8816 4301 8817 4300 8817 4302 8817 4301 8818 4302 8818 4303 8818 4303 8819 4302 8819 4297 8819 4303 8820 4297 8820 4304 8820 4304 8821 4297 8821 4295 8821 4304 8822 4295 8822 4305 8822 4305 8823 4295 8823 4293 8823 4300 8824 4291 8824 4302 8824 4302 8825 4291 8825 4290 8825 4302 8826 4290 8826 4297 8826 4297 8827 4290 8827 4288 8827 4297 8828 4288 8828 4298 8828 4298 8829 4288 8829 4287 8829 4298 8830 4287 8830 4282 8830 4173 8831 4299 8831 4175 8831 4175 8832 4299 8832 4301 8832 4175 8833 4301 8833 4180 8833 4180 8834 4301 8834 4303 8834 4180 8835 4303 8835 4179 8835 4179 8836 4303 8836 4304 8836 4179 8837 4304 8837 4177 8837 4177 8838 4304 8838 4305 8838 4177 8839 4305 8839 3719 8839 3719 8840 4305 8840 4293 8840 3719 8841 4293 8841 3720 8841 3720 8842 4293 8842 4292 8842 3720 8843 4292 8843 3711 8843 3711 8844 4292 8844 4284 8844 3711 8845 4284 8845 3712 8845 3712 8846 4284 8846 3710 8846 3442 8847 4306 8847 3443 8847 3443 8848 4306 8848 3794 8848 3443 8849 3794 8849 3728 8849 4307 8850 4308 8850 3734 8850 3734 8851 4308 8851 4306 8851 3734 8852 4306 8852 3442 8852 3734 8853 3733 8853 4307 8853 4307 8854 3733 8854 3735 8854 4307 8855 3735 8855 4309 8855 4309 8856 3735 8856 3736 8856 4310 8857 4311 8857 3753 8857 3753 8858 4311 8858 4312 8858 3753 8859 4312 8859 3736 8859 3736 8860 4312 8860 4313 8860 3736 8861 4313 8861 4309 8861 3753 8862 3752 8862 4310 8862 4310 8863 3752 8863 3751 8863 4310 8864 3751 8864 4314 8864 4314 8865 3751 8865 3750 8865 4314 8866 3750 8866 4315 8866 4315 8867 3750 8867 3749 8867 4315 8868 3749 8868 4316 8868 4316 8869 3749 8869 3748 8869 4316 8870 3748 8870 4317 8870 4317 8871 3748 8871 3737 8871 4317 8872 3737 8872 4318 8872 4318 8873 3737 8873 4319 8873 4319 8874 3737 8874 3738 8874 4319 8875 3738 8875 4320 8875 4320 8876 3738 8876 3739 8876 4320 8877 3739 8877 4321 8877 4321 8878 3739 8878 3740 8878 4321 8879 3740 8879 4322 8879 4322 8880 3740 8880 4323 8880 4323 8881 3740 8881 3741 8881 4323 8882 3741 8882 4324 8882 3741 8883 3742 8883 4324 8883 4324 8884 3742 8884 3743 8884 4324 8885 3743 8885 4325 8885 4325 8886 3743 8886 3744 8886 4325 8887 3744 8887 4326 8887 4326 8888 3744 8888 4327 8888 4327 8889 3744 8889 3745 8889 4327 8890 3745 8890 4328 8890 4328 8891 3745 8891 3746 8891 4328 8892 3746 8892 4329 8892 4329 8893 3746 8893 3747 8893 4329 8894 3747 8894 4330 8894 4331 8895 4332 8895 4333 8895 3747 8896 3754 8896 4330 8896 4330 8897 3754 8897 4334 8897 4334 8898 3754 8898 4335 8898 4335 8899 3754 8899 3755 8899 4335 8900 3755 8900 4336 8900 3767 8901 4337 8901 3768 8901 3768 8902 4337 8902 4338 8902 3768 8903 4338 8903 3756 8903 3756 8904 4338 8904 4339 8904 3756 8905 4339 8905 3757 8905 3757 8906 4339 8906 4340 8906 3757 8907 4340 8907 3755 8907 3755 8908 4340 8908 4341 8908 3755 8909 4341 8909 4336 8909 3765 8910 4342 8910 3766 8910 3766 8911 4342 8911 4343 8911 3766 8912 4343 8912 3767 8912 3767 8913 4343 8913 4344 8913 3767 8914 4344 8914 4337 8914 3763 8915 4345 8915 3764 8915 3764 8916 4345 8916 4346 8916 3764 8917 4346 8917 3765 8917 3765 8918 4346 8918 4347 8918 3765 8919 4347 8919 4342 8919 4333 8920 4348 8920 3761 8920 3761 8921 4348 8921 4349 8921 3761 8922 4349 8922 3762 8922 3762 8923 4349 8923 4350 8923 3762 8924 4350 8924 3763 8924 3763 8925 4350 8925 4351 8925 3763 8926 4351 8926 4345 8926 3761 8927 3760 8927 4333 8927 4333 8928 3760 8928 3759 8928 4333 8929 3759 8929 4331 8929 4331 8930 3759 8930 3758 8930 4352 8931 4353 8931 4354 8931 4355 8932 4356 8932 4354 8932 4354 8933 4356 8933 4357 8933 4354 8934 4357 8934 4352 8934 3770 8935 4358 8935 3771 8935 3771 8936 4358 8936 4359 8936 3771 8937 4359 8937 3772 8937 3782 8938 3784 8938 3781 8938 3781 8939 3784 8939 4360 8939 3781 8940 4360 8940 3780 8940 3780 8941 4360 8941 4361 8941 3780 8942 4361 8942 3779 8942 3779 8943 4361 8943 4362 8943 3779 8944 4362 8944 3778 8944 3778 8945 4362 8945 4363 8945 3778 8946 4363 8946 3770 8946 3770 8947 4363 8947 4364 8947 3770 8948 4364 8948 4358 8948 4332 8949 4331 8949 4365 8949 4365 8950 4331 8950 4366 8950 4352 8951 4367 8951 4353 8951 4353 8952 4367 8952 4368 8952 4353 8953 4368 8953 4369 8953 4369 8954 4368 8954 4370 8954 4369 8955 4370 8955 4366 8955 4366 8956 4370 8956 4371 8956 4366 8957 4371 8957 4365 8957 4331 8958 3758 8958 3769 8958 4359 8959 4355 8959 3772 8959 3772 8960 4355 8960 4354 8960 3772 8961 4354 8961 3773 8961 3773 8962 4354 8962 4353 8962 3773 8963 4353 8963 3774 8963 3774 8964 4353 8964 4369 8964 3774 8965 4369 8965 3775 8965 4331 8966 3769 8966 4366 8966 4366 8967 3769 8967 3777 8967 4366 8968 3777 8968 4369 8968 4369 8969 3777 8969 3776 8969 4369 8970 3776 8970 3775 8970 3800 8971 4372 8971 3801 8971 3801 8972 4372 8972 3784 8972 3801 8973 3784 8973 3783 8973 4007 8974 4021 8974 4373 8974 3794 8975 4374 8975 4375 8975 3794 8976 4375 8976 3791 8976 3791 8977 4375 8977 4020 8977 3791 8978 4020 8978 3792 8978 4008 8979 4007 8979 4376 8979 4376 8980 4007 8980 4373 8980 4376 8981 4373 8981 4377 8981 4377 8982 4373 8982 4378 8982 4377 8983 4378 8983 4379 8983 4021 8984 4020 8984 4373 8984 4373 8985 4020 8985 4375 8985 4373 8986 4375 8986 4378 8986 4378 8987 4375 8987 4374 8987 4378 8988 4374 8988 4379 8988 4379 8989 4374 8989 4380 8989 4086 8990 4088 8990 4242 8990 3861 8991 3860 8991 4184 8991 4082 8992 4104 8992 4242 8992 4242 8993 4104 8993 4084 8993 4242 8994 4084 8994 4086 8994 3930 8995 3931 8995 3943 8995 4217 8996 3888 8996 3887 8996 4249 8997 3978 8997 4261 8997 4261 8998 3978 8998 3997 8998 4261 8999 3997 8999 4259 8999 4259 9000 3997 9000 3996 9000 4259 9001 3996 9001 4257 9001 4257 9002 3996 9002 3995 9002 3601 9003 3939 9003 3931 9003 3931 9004 3939 9004 3942 9004 3931 9005 3942 9005 3943 9005 4217 9006 3820 9006 4234 9006 4234 9007 3820 9007 3848 9007 4234 9008 3848 9008 4224 9008 4224 9009 3848 9009 3850 9009 4224 9010 3850 9010 4222 9010 4222 9011 3850 9011 3892 9011 4222 9012 3892 9012 4220 9012 4220 9013 3892 9013 3837 9013 4220 9014 3837 9014 4212 9014 4212 9015 3837 9015 3836 9015 4212 9016 3836 9016 4207 9016 4207 9017 3836 9017 3858 9017 4207 9018 3858 9018 4189 9018 4189 9019 3858 9019 3857 9019 4189 9020 3857 9020 4190 9020 4190 9021 3857 9021 3855 9021 4190 9022 3855 9022 4184 9022 4184 9023 3855 9023 3853 9023 4184 9024 3853 9024 3861 9024 3887 9025 3893 9025 4217 9025 4217 9026 3893 9026 3821 9026 4217 9027 3821 9027 3820 9027 4381 9028 4065 9028 4382 9028 4382 9029 4065 9029 4043 9029 4382 9030 4043 9030 4383 9030 4383 9031 4043 9031 4042 9031 4141 9032 4121 9032 4217 9032 4217 9033 4121 9033 4120 9033 4217 9034 4120 9034 3888 9034 3888 9035 4120 9035 4123 9035 3888 9036 4123 9036 4125 9036 4156 9037 4159 9037 4384 9037 4384 9038 4159 9038 4161 9038 4384 9039 4161 9039 4385 9039 4385 9040 4161 9040 4030 9040 4385 9041 4030 9041 4386 9041 4386 9042 4030 9042 4029 9042 4386 9043 4029 9043 4387 9043 4387 9044 4029 9044 4036 9044 4387 9045 4036 9045 4381 9045 4381 9046 4036 9046 4037 9046 4381 9047 4037 9047 4065 9047 4008 9048 4388 9049 4009 9050 4009 9051 4388 9051 4389 9051 4009 9052 4389 9052 4005 9052 4291 9053 3943 9053 4289 9053 4289 9054 3943 9054 3970 9054 4289 9055 3970 9055 4287 9055 4287 9056 3970 9056 3971 9056 4287 9057 3971 9057 4282 9057 4282 9058 3971 9058 3974 9058 3921 9059 3922 9059 4185 9059 4185 9060 3922 9060 3923 9060 4185 9061 3923 9061 4203 9061 4203 9062 3923 9062 3924 9062 4203 9063 3924 9063 4198 9063 4198 9064 3924 9064 3925 9064 4198 9065 3925 9065 4183 9065 4185 9066 4184 9066 3921 9066 3921 9067 4184 9067 3860 9067 3921 9068 3860 9068 3920 9068 3920 9069 3860 9069 3895 9069 3920 9070 3895 9070 3919 9070 3919 9071 3895 9071 3906 9071 3919 9072 3906 9072 3918 9072 4071 9073 3947 9073 4051 9073 4051 9074 3947 9074 3949 9074 4051 9075 3949 9075 4050 9075 4050 9076 3949 9076 3950 9076 4050 9077 3950 9077 4048 9077 4048 9078 3950 9078 3979 9078 4048 9079 3979 9079 4042 9079 4042 9080 3979 9080 4000 9080 4042 9081 4000 9081 4383 9081 4383 9082 4000 9082 4001 9082 4383 9083 4001 9083 4389 9083 4389 9084 4001 9084 4006 9084 4389 9085 4006 9085 4005 9085 3992 9086 3991 9086 4244 9086 4071 9087 3990 9087 3989 9087 4249 9088 4248 9088 3978 9088 3978 9089 4248 9089 4275 9089 3978 9090 4275 9090 3976 9090 3976 9091 4275 9091 4276 9091 3976 9092 4276 9092 3974 9092 3974 9093 4276 9093 4283 9093 3974 9094 4283 9094 4282 9094 3917 9095 3913 9095 3915 9095 3915 9096 3913 9096 3914 9096 3915 9097 3914 9097 3916 9097 3916 9098 3914 9098 3563 9098 4216 9099 4117 9099 4217 9099 4217 9100 4117 9100 4116 9100 4217 9101 4116 9101 4141 9101 4384 9102 4390 9102 4156 9102 4156 9103 4390 9103 4391 9103 4156 9104 4391 9104 4157 9104 4157 9105 4391 9105 4392 9105 4393 9106 3886 9106 4394 9106 4394 9107 3886 9107 3885 9107 4394 9108 3885 9108 4395 9108 3992 9109 4244 9109 3993 9109 4082 9110 4242 9111 4083 9112 4083 9113 4242 9113 4244 9113 4083 9114 4244 9115 4071 9116 4071 9117 4244 9117 3991 9117 4071 9118 3991 9118 3990 9118 3906 9119 3908 9119 3918 9119 3918 9120 3908 9120 3911 9120 3918 9121 3911 9121 3917 9121 3917 9122 3911 9122 3912 9122 3917 9123 3912 9123 3913 9123 3885 9124 3883 9124 4157 9124 4157 9125 3883 9125 3881 9125 4157 9126 3881 9126 4151 9126 4151 9127 3881 9127 3879 9127 4151 9128 3879 9128 4153 9128 4153 9129 3879 9129 3891 9129 4153 9130 3891 9130 4154 9130 4154 9131 3891 9131 3890 9131 4154 9132 3890 9132 4146 9132 4146 9133 3890 9133 3888 9133 4146 9134 3888 9134 4127 9134 4127 9135 3888 9135 4125 9135 4392 9136 4396 9136 4157 9136 4157 9137 4396 9137 4397 9137 4157 9138 4397 9138 3885 9138 3885 9139 4397 9139 4398 9139 3885 9140 4398 9140 4395 9140 3989 9141 3988 9141 4071 9141 4071 9142 3988 9142 3945 9142 4071 9143 3945 9143 3947 9143 3930 9144 3943 9144 3929 9144 3929 9145 3943 9145 4291 9145 3929 9146 4291 9146 3928 9146 3928 9147 4291 9147 4300 9147 3928 9148 4300 9148 3927 9148 3927 9149 4300 9149 4299 9149 3927 9150 4299 9150 3926 9150 3926 9151 4299 9151 4173 9151 3926 9152 4173 9152 3925 9152 3925 9153 4173 9153 4172 9153 3925 9154 4172 9154 4183 9154 3993 9155 4244 9155 3994 9155 3994 9156 4244 9156 4255 9156 3994 9157 4255 9157 3995 9157 3995 9158 4255 9159 4254 9160 3995 9161 4254 9161 4257 9161 4088 9162 4089 9162 4242 9162 4242 9163 4089 9163 4090 9163 4242 9164 4090 9164 4216 9164 4216 9165 4090 9165 4106 9165 4216 9166 4106 9166 4117 9166 3799 9167 3802 9168 4399 9169 4399 9170 3802 9171 3804 9172 4399 9173 3804 9173 4400 9173 4400 9174 3804 9175 3819 9176 4400 9177 3819 9178 4401 9179 4401 9180 3819 9181 3808 9182 4401 9183 3808 9183 4402 9183 4402 9184 3808 9184 3798 9184 4402 9185 3798 9185 4403 9185 4403 9186 3798 9186 3805 9186 4403 9187 3805 9187 4393 9187 4393 9188 3805 9188 3807 9188 4393 9189 3807 9189 3886 9189 4307 9190 4309 9190 4404 9190 3784 9191 4372 9191 4360 9191 4360 9192 4372 9192 4405 9192 4360 9193 4405 9193 4361 9193 4361 9194 4405 9194 4406 9194 4407 9195 4355 9195 4359 9195 4407 9196 4359 9196 4408 9196 4359 9197 4358 9197 4408 9197 4408 9198 4358 9198 4364 9198 4408 9199 4364 9199 4409 9199 4409 9200 4364 9200 4363 9200 4409 9201 4363 9201 4406 9201 4406 9202 4363 9202 4362 9202 4406 9203 4362 9203 4361 9203 4355 9204 4407 9204 4356 9204 4356 9205 4407 9205 4410 9205 4356 9206 4410 9206 4357 9206 4357 9207 4410 9207 4352 9207 4352 9208 4410 9208 4411 9208 4352 9209 4411 9209 4367 9209 4367 9210 4411 9210 4412 9210 4367 9211 4412 9211 4368 9211 4368 9212 4412 9212 4413 9212 4368 9213 4413 9213 4370 9213 4370 9214 4413 9214 4414 9214 4370 9215 4414 9215 4371 9215 4371 9216 4414 9216 4415 9216 4371 9217 4415 9217 4365 9217 4365 9218 4415 9218 4416 9218 4365 9219 4416 9219 4332 9219 4417 9220 4333 9220 4418 9220 4418 9221 4333 9221 4332 9221 4418 9222 4332 9222 4419 9222 4419 9223 4332 9223 4416 9223 4420 9224 4345 9224 4421 9224 4421 9225 4345 9225 4351 9225 4421 9226 4351 9226 4422 9226 4422 9227 4351 9227 4350 9227 4422 9228 4350 9228 4423 9228 4423 9229 4350 9229 4349 9229 4423 9230 4349 9230 4417 9230 4417 9231 4349 9231 4348 9231 4417 9232 4348 9232 4333 9232 4424 9233 4340 9233 4425 9233 4425 9234 4340 9234 4339 9234 4425 9235 4339 9235 4426 9235 4426 9236 4339 9236 4338 9236 4426 9237 4338 9237 4427 9237 4427 9238 4338 9238 4337 9238 4427 9239 4337 9239 4428 9239 4428 9240 4337 9240 4344 9240 4428 9241 4344 9241 4429 9241 4429 9242 4344 9242 4343 9242 4429 9243 4343 9243 4430 9243 4430 9244 4343 9244 4342 9244 4430 9245 4342 9245 4431 9245 4431 9246 4342 9246 4347 9246 4431 9247 4347 9247 4420 9247 4420 9248 4347 9248 4346 9248 4420 9249 4346 9249 4345 9249 4432 9250 4329 9250 4330 9250 4432 9251 4330 9251 4433 9251 4433 9252 4330 9252 4334 9252 4433 9253 4334 9253 4434 9253 4434 9254 4334 9254 4335 9254 4434 9255 4335 9255 4435 9255 4435 9256 4335 9256 4336 9256 4435 9257 4336 9257 4424 9257 4424 9258 4336 9258 4341 9258 4424 9259 4341 9259 4340 9259 4329 9260 4432 9260 4328 9260 4328 9261 4432 9261 4436 9261 4328 9262 4436 9262 4327 9262 4327 9263 4436 9263 4437 9263 4327 9264 4437 9264 4326 9264 4326 9265 4437 9265 4438 9265 4326 9266 4438 9266 4325 9266 4325 9267 4438 9267 4439 9267 4325 9268 4439 9268 4324 9268 4324 9269 4439 9269 4440 9269 4324 9270 4440 9270 4323 9270 4323 9271 4440 9271 4441 9271 4323 9272 4441 9272 4322 9272 4322 9273 4441 9273 4442 9273 4322 9274 4442 9274 4321 9274 4321 9275 4442 9275 4443 9275 4321 9276 4443 9276 4320 9276 4320 9277 4443 9277 4444 9277 4320 9278 4444 9278 4319 9278 4319 9279 4444 9279 4445 9279 4319 9280 4445 9280 4318 9280 4318 9281 4445 9281 4446 9281 4318 9282 4446 9282 4317 9282 4317 9283 4446 9283 4447 9283 4317 9284 4447 9284 4316 9284 4316 9285 4447 9285 4315 9285 4315 9286 4447 9286 4448 9286 4315 9287 4448 9287 4314 9287 4314 9288 4448 9288 4449 9288 4314 9289 4449 9289 4310 9289 4310 9290 4449 9290 4311 9290 4311 9291 4449 9291 4450 9291 4311 9292 4450 9292 4312 9292 4404 9293 4309 9293 4450 9293 4450 9294 4309 9294 4313 9294 4450 9295 4313 9295 4312 9295 4374 9296 3794 9296 4306 9296 4307 9297 4404 9297 4308 9297 4308 9298 4404 9298 4451 9298 4308 9299 4451 9299 4306 9299 4306 9300 4451 9300 4380 9300 4306 9301 4380 9301 4374 9301 4452 5747 4453 5747 4454 5747 4452 5747 4454 5747 4455 5747 4456 5747 4457 5747 4454 5747 4454 5747 4457 5747 4458 5747 4454 5747 4458 5747 4455 5747 4459 5747 4460 5747 4454 5747 4454 5747 4460 5747 4461 5747 4454 5747 4461 5747 4456 5747 4462 5747 4463 5747 4454 5747 4454 5747 4463 5747 4464 5747 4454 5747 4464 5747 4459 5747 4465 5747 4466 5747 4454 5747 4454 5747 4466 5747 4467 5747 4454 5747 4467 5747 4462 5747 4468 5747 4469 5747 4454 5747 4454 5747 4469 5747 4470 5747 4454 5747 4470 5747 4465 5747 4453 5747 4471 5747 4454 5747 4454 5747 4471 5747 4472 5747 4454 5747 4472 5747 4468 5747 4473 9302 4429 9302 4430 9302 4473 9303 4430 9303 4474 9303 4474 9304 4430 9304 4431 9304 4474 9305 4431 9305 4475 9305 4475 9306 4431 9306 4420 9306 4475 9307 4420 9307 4476 9307 4420 9308 4421 9308 4476 9308 4476 9309 4421 9309 4422 9309 4476 9310 4422 9310 4477 9310 4477 9311 4422 9311 4423 9311 4477 9312 4423 9312 4478 9312 4478 9313 4423 9313 4417 9313 4478 9314 4417 9314 4479 9314 4417 9315 4418 9315 4479 9315 4479 9316 4418 9316 4419 9316 4479 9317 4419 9317 4480 9317 4419 9318 4416 9318 4480 9318 4480 9319 4416 9319 4415 9319 4480 9320 4415 9320 4481 9320 4481 9321 4415 9321 4414 9321 4481 9322 4414 9322 4482 9322 4482 9323 4414 9323 4413 9323 4482 9324 4413 9324 4483 9324 4413 9325 4412 9325 4483 9325 4483 9326 4412 9326 4411 9326 4483 9327 4411 9327 4484 9327 4484 9328 4411 9328 4410 9328 4484 9329 4410 9329 4485 9329 4485 9330 4410 9330 4407 9330 4485 9331 4407 9331 4486 9331 4486 9332 4407 9332 4408 9332 4486 9333 4408 9333 4487 9333 4372 9334 4488 9334 4405 9334 4405 9335 4488 9335 4489 9335 4405 9336 4489 9336 4406 9336 4406 9337 4489 9337 4487 9337 4406 9338 4487 9338 4409 9338 4409 9339 4487 9339 4408 9339 4372 9340 3800 9340 4488 9340 4488 9341 3800 9341 3799 9341 4488 9342 3799 9342 4490 9342 4386 9343 4491 9343 4385 9343 4385 9344 4491 9344 4492 9344 4385 9345 4492 9345 4384 9345 4384 9346 4492 9346 4493 9346 4384 9347 4493 9347 4390 9347 4390 9348 4493 9348 4494 9348 4390 9349 4494 9349 4391 9349 4391 9350 4494 9350 4495 9350 4391 9351 4495 9351 4392 9351 4392 9352 4495 9352 4496 9352 4392 9353 4496 9353 4396 9353 4396 9354 4496 9354 4497 9354 4396 9355 4497 9355 4397 9355 4397 9356 4497 9356 4498 9356 4397 9357 4498 9357 4398 9357 4398 9358 4498 9358 4499 9358 4398 9359 4499 9359 4395 9359 4395 9360 4499 9360 4500 9360 4395 9361 4500 9361 4394 9361 4394 9362 4500 9362 4501 9362 4394 9363 4501 9363 4393 9363 4393 9364 4501 9364 4502 9364 4393 9365 4502 9365 4403 9365 4403 9366 4502 9366 4503 9366 4403 9367 4503 9367 4402 9367 4402 9368 4503 9368 4504 9368 4402 9369 4504 9369 4401 9369 4401 9370 4504 9370 4505 9370 4401 9371 4505 9371 4400 9371 4400 9372 4505 9372 4490 9372 4400 9373 4490 9373 4399 9373 4399 9374 4490 9374 3799 9374 4388 9375 4506 9375 4389 9375 4389 9376 4506 9376 4507 9376 4389 9377 4507 9377 4383 9377 4383 9378 4507 9378 4508 9378 4383 9379 4508 9379 4382 9379 4382 9380 4508 9380 4509 9380 4382 9381 4509 9381 4381 9381 4381 9382 4509 9382 4510 9382 4381 9383 4510 9383 4387 9383 4387 9384 4510 9384 4511 9384 4387 9385 4511 9385 4386 9385 4386 9386 4511 9386 4491 9386 4388 9387 4008 9387 4506 9387 4506 9388 4008 9388 4376 9388 4506 9389 4376 9389 4512 9389 4380 9390 4513 9390 4379 9390 4379 9391 4513 9391 4512 9391 4379 9392 4512 9392 4377 9392 4377 9393 4512 9393 4376 9393 4513 9394 4380 9394 4514 9394 4514 9395 4380 9395 4451 9395 4514 9396 4451 9396 4515 9396 4515 9397 4451 9397 4516 9397 4516 9398 4451 9398 4517 9398 4517 9399 4451 9399 4404 9399 4517 9400 4404 9400 4518 9400 4518 9401 4404 9401 4450 9401 4518 9402 4450 9402 4519 9402 4448 9403 4520 9403 4449 9403 4449 9404 4520 9404 4521 9404 4449 9405 4521 9405 4450 9405 4450 9406 4521 9406 4522 9406 4450 9407 4522 9407 4519 9407 4440 9408 4523 9408 4441 9408 4441 9409 4523 9409 4524 9409 4441 9410 4524 9410 4442 9410 4442 9411 4524 9411 4525 9411 4442 9412 4525 9412 4443 9412 4443 9413 4525 9413 4526 9413 4443 9414 4526 9414 4444 9414 4444 9415 4526 9415 4527 9415 4444 9416 4527 9416 4445 9416 4445 9417 4527 9417 4528 9417 4445 9418 4528 9418 4446 9418 4446 9419 4528 9419 4529 9419 4446 9420 4529 9420 4447 9420 4447 9421 4529 9421 4530 9421 4447 9422 4530 9422 4448 9422 4448 9423 4530 9423 4531 9423 4448 9424 4531 9424 4520 9424 4435 9425 4532 9425 4434 9425 4434 9426 4532 9426 4533 9426 4434 9427 4533 9427 4433 9427 4433 9428 4533 9428 4534 9428 4433 9429 4534 9429 4432 9429 4432 9430 4534 9430 4535 9430 4432 9431 4535 9431 4436 9431 4436 9432 4535 9432 4536 9432 4436 9433 4536 9433 4437 9433 4437 9434 4536 9434 4537 9434 4437 9435 4537 9435 4438 9435 4438 9436 4537 9436 4538 9436 4438 9437 4538 9437 4439 9437 4439 9438 4538 9438 4539 9438 4439 9439 4539 9439 4440 9439 4440 9440 4539 9440 4540 9440 4440 9441 4540 9441 4523 9441 4541 9442 4542 9442 4424 9442 4424 9443 4542 9443 4543 9443 4424 9444 4543 9444 4435 9444 4435 9445 4543 9445 4544 9445 4435 9446 4544 9446 4532 9446 4429 9447 4473 9447 4428 9447 4428 9448 4473 9448 4545 9448 4428 9449 4545 9449 4427 9449 4427 9450 4545 9450 4546 9450 4427 9451 4546 9451 4426 9451 4426 9452 4546 9452 4541 9452 4426 9453 4541 9453 4425 9453 4425 9454 4541 9454 4424 9454 4452 9455 4547 9455 4453 9455 4453 9456 4547 9456 4548 9456 4453 9457 4548 9457 4471 9457 4471 9458 4548 9458 4549 9458 4471 9459 4549 9459 4472 9459 4472 9460 4549 9460 4550 9460 4472 9461 4550 9461 4468 9461 4468 9462 4550 9462 4551 9462 4468 9463 4551 9463 4469 9463 4469 9464 4551 9464 4552 9464 4469 9464 4552 9464 4470 9464 4470 9465 4552 9465 4553 9465 4470 9466 4553 9466 4465 9466 4465 9467 4553 9467 4554 9467 4465 9467 4554 9467 4466 9467 4466 9468 4554 9468 4555 9468 4466 9468 4555 9468 4467 9468 4467 9469 4555 9469 4556 9469 4467 9470 4556 9470 4462 9470 4462 9471 4556 9471 4557 9471 4462 9472 4557 9472 4463 9472 4463 9473 4557 9473 4558 9473 4463 9474 4558 9474 4464 9474 4464 9475 4558 9475 4559 9475 4464 9476 4559 9476 4459 9476 4459 9477 4559 9477 4560 9477 4459 9478 4560 9478 4460 9478 4460 9479 4560 9479 4561 9479 4460 9480 4561 9480 4461 9480 4461 9481 4561 9481 4562 9481 4461 9481 4562 9481 4456 9481 4456 9482 4562 9482 4563 9482 4456 9483 4563 9483 4457 9483 4457 9484 4563 9484 4564 9484 4457 9484 4564 9484 4458 9484 4458 9485 4564 9485 4565 9485 4458 9485 4565 9485 4455 9485 4455 9486 4565 9486 4566 9486 4455 9487 4566 9487 4452 9487 4452 9488 4566 9488 4547 9488 4545 9489 4473 9489 4561 9489 4523 9490 4540 9490 4558 9490 4490 5747 4566 5747 4488 5747 4488 5747 4566 5747 4565 5747 4488 5747 4565 5747 4489 5747 4564 9491 4483 9491 4484 9491 4503 9492 4547 9492 4504 9492 4504 5747 4547 5747 4566 5747 4504 5747 4566 5747 4505 5747 4505 5747 4566 5747 4490 5747 4483 9493 4564 9493 4482 9493 4482 9494 4564 9494 4563 9494 4482 5747 4563 5747 4481 5747 4477 5747 4478 5747 4562 5747 4562 9495 4478 9495 4479 9495 4562 5747 4479 5747 4563 5747 4563 9496 4479 9496 4480 9496 4563 9497 4480 9497 4481 9497 4473 5747 4474 5747 4561 5747 4561 9498 4474 9498 4475 9498 4561 5747 4475 5747 4562 5747 4562 9499 4475 9499 4476 9499 4562 9500 4476 9500 4477 9500 4560 9501 4534 9501 4533 9501 4555 9502 4514 9502 4515 9502 4484 9503 4485 9503 4564 9503 4564 5747 4485 5747 4486 5747 4564 9504 4486 9504 4565 9504 4565 9505 4486 9505 4487 9505 4565 5747 4487 5747 4489 5747 4534 9506 4560 9506 4535 9506 4535 9507 4560 9507 4559 9507 4535 9508 4559 9508 4536 9508 4533 5747 4532 5747 4560 5747 4560 9509 4532 9509 4544 9509 4560 9510 4544 9510 4543 9510 4540 5747 4539 5747 4558 5747 4558 9511 4539 9511 4538 9511 4558 9512 4538 9512 4559 9512 4559 9513 4538 9513 4537 9513 4559 9514 4537 9514 4536 9514 4526 9515 4525 9515 4558 9515 4558 9516 4525 9516 4524 9516 4558 9517 4524 9517 4523 9517 4557 9518 4531 9518 4530 9518 4530 9519 4529 9519 4557 9519 4557 5747 4529 5747 4528 5747 4557 9520 4528 9520 4558 9520 4558 5747 4528 5747 4527 5747 4558 9521 4527 9521 4526 9521 4552 9522 4510 9522 4509 9522 4543 5747 4542 5747 4560 5747 4560 9523 4542 9523 4541 9523 4560 5747 4541 5747 4561 5747 4561 9524 4541 9524 4546 9524 4561 9525 4546 9525 4545 9525 4519 9526 4522 9526 4556 9526 4556 5747 4522 5747 4521 5747 4556 5747 4521 5747 4557 5747 4557 5747 4521 5747 4520 5747 4557 9527 4520 9527 4531 9527 4552 5747 4509 5747 4553 5747 4510 5747 4552 5747 4511 5747 4511 9528 4552 9528 4551 9528 4511 5747 4551 5747 4491 5747 4515 5747 4516 5747 4555 5747 4555 5747 4516 5747 4517 5747 4555 9529 4517 9529 4556 9529 4556 9530 4517 9530 4518 9530 4556 9531 4518 9531 4519 9531 4509 5747 4508 5747 4553 5747 4553 9532 4508 9532 4507 9532 4553 5747 4507 5747 4554 5747 4491 5747 4551 5747 4492 5747 4492 5747 4551 5747 4550 5747 4492 5747 4550 5747 4493 5747 4507 9533 4506 9533 4554 9533 4554 9534 4506 9534 4512 9534 4554 5747 4512 5747 4555 5747 4555 5747 4512 5747 4513 5747 4555 9535 4513 9535 4514 9535 4497 5747 4496 5747 4549 5747 4549 9536 4496 9536 4495 9536 4549 5747 4495 5747 4550 5747 4550 9537 4495 9537 4494 9537 4550 9538 4494 9538 4493 9538 4497 5747 4549 5747 4498 5747 4498 9539 4549 9539 4548 9539 4498 9540 4548 9540 4499 9540 4503 5747 4502 5747 4547 5747 4547 5747 4502 5747 4501 5747 4547 5747 4501 5747 4548 5747 4548 5747 4501 5747 4500 5747 4548 9541 4500 9541 4499 9541</p>
        </triangles>
      </mesh>
    </geometry>
  </library_geometries>
  <library_visual_scenes>
    <visual_scene id="Scene" name="Scene">
      <node id="link_2" name="link_2" type="NODE">
        <matrix sid="transform">10 0 0 -0.5450011 0 10 0 0.75 0 0 10 3.350002 0 0 0 1</matrix>
        <instance_geometry url="#link_2-mesh" name="link_2"/>
      </node>
    </visual_scene>
  </library_visual_scenes>
  <scene>
    <instance_visual_scene url="#Scene"/>
  </scene>
</COLLADA>