<?xml version="1.0" encoding="utf-8"?>
<COLLADA xmlns="http://www.collada.org/2005/11/COLLADASchema" version="1.4.1" xmlns:xsi="http://www.w3.org/2001/XMLSchema-instance">
  <asset>
    <contributor>
      <author>Blender User</author>
      <authoring_tool>Blender 3.6.5 commit date:2023-10-16, commit time:14:30, hash:cf1e1ed46b7e</authoring_tool>
    </contributor>
    <created>2026-02-27T17:59:16</created>
    <modified>2026-02-27T17:59:16</modified>
    <unit name="meter" meter="1"/>
    <up_axis>Z_UP</up_axis>
  </asset>
  <library_images/>
  <library_geometries>
    <geometry id="link_6-mesh" name="link_6">
      <mesh>
        <source id="link_6-mesh-positions">
          <float_array id="link_6-mesh-positions-array" count="3180">-0.02949982 0.001499891 -0.00999999 -0.03024995 0.001298964 -0.00999999 -0.03205657 0.005349278 -0.00999999 -0.03079903 7.5e-4 -0.00999999 -0.03249984 0 -0.00999999 -0.03099983 0 -0.00999999 -0.03205657 -0.005349278 -0.00999999 -0.03079903 -7.5e-4 -0.00999999 -0.03024995 -0.001298964 -0.00999999 -0.03073889 -0.0105527 -0.00999999 -0.02949982 -0.001499891 -0.00999999 0.02820092 -7.5e-4 -0.00999999 0.008262336 -0.005633175 -0.00999999 0.009555697 -0.002947509 -0.00999999 0.02949982 -0.001499891 -0.00999999 0.03024995 -0.001298964 -0.00999999 0.03205657 -0.005349278 -0.00999999 0.03079903 -7.5e-4 -0.00999999 0.03249984 0 -0.00999999 0.03099983 0 -0.00999999 0.03205657 0.005349278 -0.00999999 0.03079903 7.5e-4 -0.00999999 0.03024995 0.001298964 -0.00999999 0.03073889 0.0105527 -0.00999999 0.02949982 0.001499891 -0.00999999 0.02875 0.001298964 -0.00999999 0.02564704 0.01996189 -0.00999999 0.02858287 0.01546818 -0.00999999 0.003653407 0.009308695 -0.00999999 7.47301e-4 0.009972035 -0.00999999 0.01777577 0.02720791 -0.00999999 -0.002225041 0.009749233 -0.00999999 0.02820092 7.5e-4 -0.00999999 0.008262336 0.005633175 -0.00999999 0.006234884 0.007818281 -0.00999999 -0.02201151 0.02391088 -0.00999999 -0.01777577 0.02720791 -0.00999999 -0.02875 0.001298964 -0.00999999 -0.01305496 0.02976262 -0.00999999 -0.02820092 7.5e-4 -0.00999999 -0.00797826 0.0315054 -0.00999999 -0.002683818 0.03238898 -0.00999999 0.002683818 0.03238898 -0.00999999 0.00797826 0.0315054 -0.00999999 0.01305496 0.02976262 -0.00999999 -0.03073889 0.0105527 -0.00999999 -0.02858287 0.01546818 -0.00999999 -0.02564704 0.01996189 -0.00999999 -0.01777577 -0.02720791 -0.00999999 -0.02201151 -0.02391088 -0.00999999 -0.02875 -0.001298964 -0.00999999 -0.02564704 -0.01996189 -0.00999999 -0.02858287 -0.01546818 -0.00999999 0.01777577 -0.02720791 -0.00999999 0.01305496 -0.02976262 -0.00999999 -0.02820092 -7.5e-4 -0.00999999 0.00797826 -0.0315054 -0.00999999 0.002683818 -0.03238898 -0.00999999 -0.002683818 -0.03238898 -0.00999999 -0.00797826 -0.0315054 -0.00999999 -0.01305496 -0.02976262 -0.00999999 0.03073889 -0.0105527 -0.00999999 0.02858287 -0.01546818 -0.00999999 0.02875 -0.001298964 -0.00999999 0.02564704 -0.01996189 -0.00999999 0.02201151 -0.02391088 -0.00999999 0.02201151 0.02391088 -0.00999999 -0.02799987 0 -0.00999999 -0.004999995 0.008660197 -0.00999999 -0.007330477 0.006801724 -0.00999999 0.02799987 0 -0.00999999 0.00999999 0 -0.00999999 0.009555697 0.002947509 -0.00999999 -0.009009659 0.004338741 -0.00999999 -0.009888291 0.001490414 -0.00999999 -0.009888291 -0.001490414 -0.00999999 -0.009009659 -0.004338741 -0.00999999 -0.007330477 -0.006801724 -0.00999999 -0.004999995 -0.008660197 -0.00999999 -0.002225041 -0.009749233 -0.00999999 7.47301e-4 -0.009972035 -0.00999999 0.003653407 -0.009308695 -0.00999999 0.006234884 -0.007818281 -0.00999999 0.01305496 0.02976262 0.005999863 0.01777577 0.02720791 0.005999863 0.02201151 0.02391088 0.005999863 0.02564704 0.01996189 0.005999863 0.02858287 0.01546818 0.005999863 0.03073889 0.0105527 0.005999863 0.03205657 0.005349278 0.005999863 0.03246462 0.001515865 0.005999863 0.03249984 0 -0.00999999 0.03249984 0 0.005999863 -0.002768695 0.03238183 0.005999863 -0.002683818 0.03238898 0.005999863 0.002683818 0.03238898 0.005999863 0.002768695 0.03238183 0.005999863 0.00797826 0.0315054 0.005999863 -0.01780652 0.0271877 0.005999863 -0.01777577 0.02720791 0.005999863 -0.01305496 0.02976262 0.005999863 -0.01122593 0.03049945 0.005999863 -0.00797826 0.0315054 0.005999863 -0.003829777 0.03227353 0.005999863 -0.03073889 -0.0105527 0.005999863 -0.03205657 -0.005349278 0.005999863 -0.03249984 0 0.005999863 -0.03205657 0.005349278 0.005999863 -0.03073889 0.0105527 0.005999863 -0.02858287 0.01546818 0.005999863 -0.02564704 0.01996189 0.005999863 -0.02201151 0.02391088 0.005999863 -0.02051711 0.02520507 0.005999863 -0.01873135 0.02655911 0.005999863 -0.02564704 -0.01996189 0.005999863 -0.02714914 -0.0178653 0.005999863 -0.02858287 -0.01546818 0.005999863 -0.01777577 -0.02720791 0.005999863 -0.01780652 -0.0271877 0.005999863 -0.01873135 -0.02655911 0.005999863 -0.02051711 -0.02520507 0.005999863 -0.02201151 -0.02391088 0.005999863 0.02201151 -0.02391088 0.005999863 0.01777577 -0.02720791 0.005999863 0.01305496 -0.02976262 0.005999863 0.00797826 -0.0315054 0.005999863 0.002683818 -0.03238898 0.005999863 -0.002683818 -0.03238898 0.005999863 -0.00797826 -0.0315054 0.005999863 -0.01305496 -0.02976262 0.005999863 0.03073889 -0.0105527 0.005999863 0.02858287 -0.01546818 0.005999863 0.02714914 -0.0178653 0.005999863 0.02564704 -0.01996189 0.005999863 0.03246462 -0.001515865 0.005999863 0.03227394 -0.003825068 0.005999863 0.03205657 -0.005349278 0.005999863 0.03024995 0.001298964 4.9996e-4 0.03079903 7.5e-4 4.9996e-4 0.02949982 0 4.9996e-4 0.03099983 0 4.9996e-4 0.03079903 -7.5e-4 4.9996e-4 0.02820092 7.5e-4 4.9996e-4 0.02875 0.001298964 4.9996e-4 0.02949982 0.001499891 4.9996e-4 0.02875 -0.001298964 4.9996e-4 0.02820092 -7.5e-4 4.9996e-4 0.02799987 0 4.9996e-4 0.03024995 -0.001298964 4.9996e-4 0.02949982 -0.001499891 4.9996e-4 -0.02875 0.001298964 4.9996e-4 -0.02820092 7.5e-4 4.9996e-4 -0.02949982 0 4.9996e-4 -0.02799987 0 4.9996e-4 -0.02820092 -7.5e-4 4.9996e-4 -0.03079903 7.5e-4 4.9996e-4 -0.03024995 0.001298964 4.9996e-4 -0.02949982 0.001499891 4.9996e-4 -0.03024995 -0.001298964 4.9996e-4 -0.03079903 -7.5e-4 4.9996e-4 -0.03099983 0 4.9996e-4 -0.02875 -0.001298964 4.9996e-4 -0.02949982 -0.001499891 4.9996e-4 -0.0169999 0.002165019 0.01099985 -0.01791501 0.001249969 0.01099985 -0.01574999 0 0.01099985 -0.01824986 0 0.01099985 -0.01791501 -0.001249969 0.01099985 -0.01358491 0.001249969 0.01099985 -0.01449996 0.002165019 0.01099985 -0.01574999 0.002499938 0.01099985 -0.01449996 -0.002165019 0.01099985 -0.01358491 -0.001249969 0.01099985 -0.01324999 0 0.01099985 -0.0169999 -0.002165019 0.01099985 -0.01574999 -0.002499938 0.01099985 -0.008262336 0.005633175 0.01199996 -0.009555697 0.002947509 0.01199996 0 0 0.01199996 -0.00999999 0 0.01199996 -0.009555697 -0.002947509 0.01199996 -7.47301e-4 0.009972035 0.01199996 -0.003653407 0.009308695 0.01199996 -0.006234884 0.007818281 0.01199996 0.007330477 0.006801724 0.01199996 0.004999995 0.008660197 0.01199996 0.002225041 0.009749233 0.01199996 0.009888291 -0.001490414 0.01199996 0.009888291 0.001490414 0.01199996 0.009009659 0.004338741 0.01199996 0.004999995 -0.008660197 0.01199996 0.007330477 -0.006801724 0.01199996 0.009009659 -0.004338741 0.01199996 -0.003653407 -0.009308695 0.01199996 -7.47301e-4 -0.009972035 0.01199996 0.002225041 -0.009749233 0.01199996 -0.008262336 -0.005633175 0.01199996 -0.006234884 -0.007818281 0.01199996 -0.00988692 -0.01330184 0.00999999 -0.00897181 -0.01238679 0.00999999 -0.01113677 -0.01113677 0.00999999 -0.008636891 -0.01113677 0.00999999 -0.00897181 -0.00988692 0.00999999 -0.01330184 -0.01238679 0.00999999 -0.01238679 -0.01330184 0.00999999 -0.01113677 -0.01363676 0.00999999 -0.01238679 -0.00897181 0.00999999 -0.01330184 -0.00988692 0.00999999 -0.01363676 -0.01113677 0.00999999 -0.00988692 -0.00897181 0.00999999 -0.01113677 -0.008636891 0.00999999 -0.00988692 0.00897181 0.00999999 -0.00897181 0.00988692 0.00999999 -0.01113677 0.01113677 0.00999999 -0.008636891 0.01113677 0.00999999 -0.00897181 0.01238679 0.00999999 -0.01330184 0.00988692 0.00999999 -0.01238679 0.00897181 0.00999999 -0.01113677 0.008636891 0.00999999 -0.01238679 0.01330184 0.00999999 -0.01330184 0.01238679 0.00999999 -0.01363676 0.01113677 0.00999999 -0.00988692 0.01330184 0.00999999 -0.01113677 0.01363676 0.00999999 0.01238679 0.00897181 0.00999999 0.01330184 0.00988692 0.00999999 0.01113677 0.01113677 0.00999999 0.01363676 0.01113677 0.00999999 0.01330184 0.01238679 0.00999999 0.00897181 0.00988692 0.00999999 0.00988692 0.00897181 0.00999999 0.01113677 0.008636891 0.00999999 0.00988692 0.01330184 0.00999999 0.00897181 0.01238679 0.00999999 0.008636891 0.01113677 0.00999999 0.01238679 0.01330184 0.00999999 0.01113677 0.01363676 0.00999999 0.01238679 -0.01330184 0.00999999 0.01330184 -0.01238679 0.00999999 0.01113677 -0.01113677 0.00999999 0.01363676 -0.01113677 0.00999999 0.01330184 -0.00988692 0.00999999 0.00897181 -0.01238679 0.00999999 0.00988692 -0.01330184 0.00999999 0.01113677 -0.01363676 0.00999999 0.00988692 -0.00897181 0.00999999 0.00897181 -0.00988692 0.00999999 0.008636891 -0.01113677 0.00999999 0.01238679 -0.00897181 0.00999999 0.01113677 -0.008636891 0.00999999 -0.01824986 0 0.01749998 -0.01791501 -0.001249969 0.01749998 -0.0169999 -0.002165019 0.01749998 -0.01574999 -0.002499938 0.01749998 -0.01449996 -0.002165019 0.01749998 -0.01358491 -0.001249969 0.01749998 -0.01324999 0 0.01749998 -0.01358491 0.001249969 0.01749998 -0.01449996 0.002165019 0.01749998 -0.01574999 0.002499938 0.01749998 -0.0169999 0.002165019 0.01749998 -0.01791501 0.001249969 0.01749998 -0.00999999 0 0.01199996 -0.00999999 0 0.01799988 -0.009555697 -0.002947509 0.01799988 -0.008262336 -0.005633175 0.01799988 -0.006234884 -0.007818281 0.01799988 -0.003653407 -0.009308695 0.01799988 -7.47301e-4 -0.009972035 0.01799988 0.002225041 -0.009749233 0.01799988 0.004999995 -0.008660197 0.01799988 0.007330477 -0.006801724 0.01799988 0.009009659 -0.004338741 0.01799988 0.009888291 -0.001490414 0.01799988 0.009888291 0.001490414 0.01799988 0.009009659 0.004338741 0.01799988 0.007330477 0.006801724 0.01799988 0.004999995 0.008660197 0.01799988 0.002225041 0.009749233 0.01799988 -7.47301e-4 0.009972035 0.01799988 -0.003653407 0.009308695 0.01799988 -0.006234884 0.007818281 0.01799988 -0.008262336 0.005633175 0.01799988 -0.009555697 0.002947509 0.01799988 -0.008636891 -0.01113677 0.01799988 -0.00897181 -0.01238679 0.01799988 -0.00988692 -0.01330184 0.01799988 -0.01113677 -0.01363676 0.01799988 -0.01238679 -0.01330184 0.01799988 -0.01330184 -0.01238679 0.01799988 -0.01363676 -0.01113677 0.01799988 -0.01330184 -0.00988692 0.01799988 -0.01238679 -0.00897181 0.01799988 -0.01113677 -0.008636891 0.01799988 -0.00988692 -0.00897181 0.01799988 -0.00897181 -0.00988692 0.01799988 -0.008636891 0.01113677 0.01799988 -0.00897181 0.00988692 0.01799988 -0.00988692 0.00897181 0.01799988 -0.01113677 0.008636891 0.01799988 -0.01238679 0.00897181 0.01799988 -0.01330184 0.00988692 0.01799988 -0.01363676 0.01113677 0.01799988 -0.01330184 0.01238679 0.01799988 -0.01238679 0.01330184 0.01799988 -0.01113677 0.01363676 0.01799988 -0.00988692 0.01330184 0.01799988 -0.00897181 0.01238679 0.01799988 0.01363676 0.01113677 0.01799988 0.01330184 0.00988692 0.01799988 0.01238679 0.00897181 0.01799988 0.01113677 0.008636891 0.01799988 0.00988692 0.00897181 0.01799988 0.00897181 0.00988692 0.01799988 0.008636891 0.01113677 0.01799988 0.00897181 0.01238679 0.01799988 0.00988692 0.01330184 0.01799988 0.01113677 0.01363676 0.01799988 0.01238679 0.01330184 0.01799988 0.01330184 0.01238679 0.01799988 0.01363676 -0.01113677 0.01799988 0.01330184 -0.01238679 0.01799988 0.01238679 -0.01330184 0.01799988 0.01113677 -0.01363676 0.01799988 0.00988692 -0.01330184 0.01799988 0.00897181 -0.01238679 0.01799988 0.008636891 -0.01113677 0.01799988 0.00897181 -0.00988692 0.01799988 0.00988692 -0.00897181 0.01799988 0.01113677 -0.008636891 0.01799988 0.01238679 -0.00897181 0.01799988 0.01330184 -0.00988692 0.01799988 -0.01834791 -0.001499891 0.01799988 -0.01724994 -0.002598047 0.01799988 -0.01574999 -0.002999961 0.01799988 -0.01424998 -0.002598047 0.01799988 -0.01315194 -0.001499891 0.01799988 -0.01324999 0 0.01749998 -0.01274991 0 0.01799988 -0.01315194 0.001499891 0.01799988 -0.01424998 0.002598047 0.01799988 -0.01574999 0.002999961 0.01799988 -0.01724994 0.002598047 0.01799988 -0.01834791 0.001499891 0.01799988 -0.01824986 0 0.01749998 -0.01874995 0 0.01799988 0.01181834 -0.005818367 0.01799988 0.01618021 -0.0117557 0.01799988 0.01827085 -0.008134722 0.01799988 0.0195629 -0.004158139 0.01799988 0.01999998 0 0.01799988 0.01181834 0.005818367 0.01799988 0.0195629 0.004158139 0.01799988 0.01338261 -0.01486289 0.01799988 0 -0.01181834 0.01799988 -0.002090454 -0.0198903 0.01799988 0.002090454 -0.0198903 0.01799988 0.00999999 -0.01732051 0.01799988 0.006180286 -0.01902109 0.01799988 -0.006180286 -0.01902109 0.01799988 -0.01618021 -0.0117557 0.01799988 -0.01338261 -0.01486289 0.01799988 -0.00999999 -0.01732051 0.01799988 -0.01619333 -0.005818367 0.01799988 -0.01827085 -0.008134722 0.01799988 -0.0195629 -0.004158139 0.01799988 -0.01999998 0 0.01799988 -0.01874995 0 0.01799988 -0.0195629 0.004158139 0.01799988 -0.01618021 0.0117557 0.01799988 -0.01619333 0.005818367 0.01799988 -0.01827085 0.008134722 0.01799988 0 0.01181834 0.01799988 0.002090454 0.0198903 0.01799988 -0.002090454 0.0198903 0.01799988 -0.01338261 0.01486289 0.01799988 -0.00999999 0.01732051 0.01799988 -0.006180286 0.01902109 0.01799988 0.006180286 0.01902109 0.01799988 -0.01137501 -0.005818367 0.01799988 -0.00999999 0 0.01799988 -0.01137501 0.005818367 0.01799988 0.01338261 0.01486289 0.01799988 0.01618021 0.0117557 0.01799988 0.01827085 0.008134722 0.01799988 0.00999999 0.01732051 0.01799988 0.01999998 0 0.01199996 0.0195629 -0.004158139 0.01199996 0.01827085 -0.008134722 0.01199996 0.01618021 -0.0117557 0.01199996 0.01338261 -0.01486289 0.01199996 0.00999999 -0.01732051 0.01199996 0.006180286 -0.01902109 0.01199996 0.002090454 -0.0198903 0.01199996 -0.002090454 -0.0198903 0.01199996 -0.006180286 -0.01902109 0.01199996 -0.00999999 -0.01732051 0.01199996 -0.01338261 -0.01486289 0.01199996 -0.01618021 -0.0117557 0.01199996 -0.01827085 -0.008134722 0.01199996 -0.0195629 -0.004158139 0.01199996 -0.01999998 0 0.01199996 -0.0195629 0.004158139 0.01199996 -0.01827085 0.008134722 0.01199996 -0.01618021 0.0117557 0.01199996 -0.01338261 0.01486289 0.01199996 -0.00999999 0.01732051 0.01199996 -0.006180286 0.01902109 0.01199996 -0.002090454 0.0198903 0.01199996 0.002090454 0.0198903 0.01199996 0.006180286 0.01902109 0.01199996 0.00999999 0.01732051 0.01199996 0.01338261 0.01486289 0.01199996 0.01618021 0.0117557 0.01199996 0.01827085 0.008134722 0.01199996 0.0195629 0.004158139 0.01199996 0.02677261 -0.01687175 0.008999943 0.02766937 -0.01597487 0.008999943 0.02554774 -0.01475 0.008999943 0.02799773 -0.01475 0.008999943 0.02766937 -0.01352483 0.008999943 0.02342581 -0.01597487 0.008999943 0.02432262 -0.01687175 0.008999943 0.02554774 -0.01719999 0.008999943 0.02432262 -0.01262807 0.008999943 0.02342581 -0.01352483 0.008999943 0.02309775 -0.01475 0.008999943 0.02677261 -0.01262807 0.008999943 0.02554774 -0.01229995 0.008999943 0.01597487 -0.02766937 0.008999943 0.01687175 -0.02677261 0.008999943 0.01475 -0.02554774 0.008999943 0.01719999 -0.02554774 0.008999943 0.01687175 -0.02432262 0.008999943 0.01262807 -0.02677261 0.008999943 0.01352483 -0.02766937 0.008999943 0.01475 -0.02799773 0.008999943 0.01352483 -0.02342581 0.008999943 0.01262807 -0.02432262 0.008999943 0.01229995 -0.02554774 0.008999943 0.01597487 -0.02342581 0.008999943 0.01475 -0.02309775 0.008999943 -0.01352483 -0.02766937 0.008999943 -0.01262807 -0.02677261 0.008999943 -0.01475 -0.02554774 0.008999943 -0.01229995 -0.02554774 0.008999943 -0.01262807 -0.02432262 0.008999943 -0.01687175 -0.02677261 0.008999943 -0.01597487 -0.02766937 0.008999943 -0.01475 -0.02799773 0.008999943 -0.01597487 -0.02342581 0.008999943 -0.01687175 -0.02432262 0.008999943 -0.01719999 -0.02554774 0.008999943 -0.01352483 -0.02342581 0.008999943 -0.01475 -0.02309775 0.008999943 -0.02432262 -0.01687175 0.008999943 -0.02342581 -0.01597487 0.008999943 -0.02554774 -0.01475 0.008999943 -0.02309775 -0.01475 0.008999943 -0.02342581 -0.01352483 0.008999943 -0.02766937 -0.01597487 0.008999943 -0.02677261 -0.01687175 0.008999943 -0.02554774 -0.01719999 0.008999943 -0.02677261 -0.01262807 0.008999943 -0.02766937 -0.01352483 0.008999943 -0.02799773 -0.01475 0.008999943 -0.02432262 -0.01262807 0.008999943 -0.02554774 -0.01229995 0.008999943 -0.02432262 0.01262807 0.008999943 -0.02342581 0.01352483 0.008999943 -0.02554774 0.01475 0.008999943 -0.02309775 0.01475 0.008999943 -0.02342581 0.01597487 0.008999943 -0.02766937 0.01352483 0.008999943 -0.02677261 0.01262807 0.008999943 -0.02554774 0.01229995 0.008999943 -0.02677261 0.01687175 0.008999943 -0.02766937 0.01597487 0.008999943 -0.02799773 0.01475 0.008999943 -0.02432262 0.01687175 0.008999943 -0.02554774 0.01719999 0.008999943 -0.01352483 0.02342581 0.008999943 -0.01262807 0.02432262 0.008999943 -0.01475 0.02554774 0.008999943 -0.01229995 0.02554774 0.008999943 -0.01262807 0.02677261 0.008999943 -0.01687175 0.02432262 0.008999943 -0.01597487 0.02342581 0.008999943 -0.01475 0.02309775 0.008999943 -0.01597487 0.02766937 0.008999943 -0.01687175 0.02677261 0.008999943 -0.01719999 0.02554774 0.008999943 -0.01352483 0.02766937 0.008999943 -0.01475 0.02799773 0.008999943 0.01597487 0.02342581 0.008999943 0.01687175 0.02432262 0.008999943 0.01475 0.02554774 0.008999943 0.01719999 0.02554774 0.008999943 0.01687175 0.02677261 0.008999943 0.01262807 0.02432262 0.008999943 0.01352483 0.02342581 0.008999943 0.01475 0.02309775 0.008999943 0.01352483 0.02766937 0.008999943 0.01262807 0.02677261 0.008999943 0.01229995 0.02554774 0.008999943 0.01597487 0.02766937 0.008999943 0.01475 0.02799773 0.008999943 0.02677261 0.01262807 0.008999943 0.02766937 0.01352483 0.008999943 0.02554774 0.01475 0.008999943 0.02799773 0.01475 0.008999943 0.02766937 0.01597487 0.008999943 0.02342581 0.01352483 0.008999943 0.02432262 0.01262807 0.008999943 0.02554774 0.01229995 0.008999943 0.02432262 0.01687175 0.008999943 0.02342581 0.01597487 0.008999943 0.02309775 0.01475 0.008999943 0.02677261 0.01687175 0.008999943 0.02554774 0.01719999 0.008999943 -0.006410062 0.0263729 0.008999943 -0.00551337 0.02726978 0.008999943 -0.007634997 0.02849477 0.008999943 -0.005185127 0.02849477 0.008999943 -0.00551337 0.02971971 0.008999943 -0.009756922 0.02726978 0.008999943 -0.008860111 0.0263729 0.008999943 -0.007634997 0.02604478 0.008999943 -0.008860111 0.03061652 0.008999943 -0.009756922 0.02971971 0.008999943 -0.01008504 0.02849477 0.008999943 -0.006410062 0.03061652 0.008999943 -0.007634997 0.03094476 0.008999943 0.02971971 -0.009756922 0.008999943 0.03061652 -0.008860111 0.008999943 0.02849477 -0.007634997 0.008999943 0.03094476 -0.007634997 0.008999943 0.03061652 -0.006410062 0.008999943 0.0263729 -0.008860111 0.008999943 0.02726978 -0.009756922 0.008999943 0.02849477 -0.01008504 0.008999943 0.02726978 -0.00551337 0.008999943 0.0263729 -0.006410062 0.008999943 0.02604478 -0.007634997 0.008999943 0.02971971 -0.00551337 0.008999943 0.02849477 -0.005185127 0.008999943 -0.0196346 -0.0229814 0.008999943 -0.01873785 -0.02208465 0.008999943 -0.02085947 -0.02085947 0.008999943 -0.01840955 -0.02085947 0.008999943 -0.01873785 -0.0196346 0.008999943 -0.0229814 -0.02208465 0.008999943 -0.02208465 -0.0229814 0.008999943 -0.02085947 -0.02330952 0.008999943 -0.02208465 -0.01873785 0.008999943 -0.0229814 -0.0196346 0.008999943 -0.02330952 -0.02085947 0.008999943 -0.0196346 -0.01873785 0.008999943 -0.02085947 -0.01840955 0.008999943 0.01939886 -0.0176844 0.01199996 0.02231818 -0.0138188 0.01199996 0.02447736 -0.009482562 0.01199996 0.02580291 -0.004823327 0.01199996 0.01999998 0 0.01199996 0.02625 0 0.01199996 0.02580291 0.004823327 0.01199996 0.02447736 0.009482562 0.01199996 -0.01939886 -0.0176844 0.01199996 -0.01581913 -0.02094793 0.01199996 -0.01170063 -0.02349787 0.01199996 -0.007183611 -0.02524787 0.01199996 -0.002421975 -0.02613788 0.01199996 0.002421975 -0.02613788 0.01199996 0.007183611 -0.02524787 0.01199996 0.01170063 -0.02349787 0.01199996 0.01581913 -0.02094793 0.01199996 0.02231818 0.0138188 0.01199996 0.01939886 0.0176844 0.01199996 0.01581913 0.02094793 0.01199996 0.01170063 0.02349787 0.01199996 0.007183611 0.02524787 0.01199996 0.002421975 0.02613788 0.01199996 -0.002421975 0.02613788 0.01199996 -0.007183611 0.02524787 0.01199996 -0.01170063 0.02349787 0.01199996 -0.01581913 0.02094793 0.01199996 -0.01939886 0.0176844 0.01199996 -0.02231818 0.0138188 0.01199996 -0.02447736 0.009482562 0.01199996 -0.02580291 0.004823327 0.01199996 -0.02625 0 0.01199996 -0.02580291 -0.004823327 0.01199996 -0.02447736 -0.009482562 0.01199996 -0.02231818 -0.0138188 0.01199996 0.0013749 0.02711838 0.008999943 0.002381563 0.02812486 0.008999943 0 0.02949982 0.008999943 0.002749979 0.02949982 0.008999943 0.002381563 0.03087484 0.008999943 -0.002381563 0.02812486 0.008999943 -0.0013749 0.02711838 0.008999943 0 0.02674984 0.008999943 -0.0013749 0.03188157 0.008999943 -0.002381563 0.03087484 0.008999943 -0.002749979 0.02949982 0.008999943 0.0013749 0.03188157 0.008999943 0 0.03224986 0.008999943 0.03087484 -0.002381563 0.008999943 0.03188157 -0.0013749 0.008999943 0.02949982 0 0.008999943 0.03224986 0 0.008999943 0.03188157 0.0013749 0.008999943 0.02711838 -0.0013749 0.008999943 0.02812486 -0.002381563 0.008999943 0.02949982 -0.002749979 0.008999943 0.02812486 0.002381563 0.008999943 0.02711838 0.0013749 0.008999943 0.02674984 0 0.008999943 0.03087484 0.002381563 0.008999943 0.02949982 0.002749979 0.008999943 0.0013749 -0.03188157 0.008999943 0.002381563 -0.03087484 0.008999943 0 -0.02949982 0.008999943 0.002749979 -0.02949982 0.008999943 0.002381563 -0.02812486 0.008999943 -0.002381563 -0.03087484 0.008999943 -0.0013749 -0.03188157 0.008999943 0 -0.03224986 0.008999943 -0.0013749 -0.02711838 0.008999943 -0.002381563 -0.02812486 0.008999943 -0.002749979 -0.02949982 0.008999943 0.0013749 -0.02711838 0.008999943 0 -0.02674984 0.008999943 -0.02812486 -0.002381563 0.008999943 -0.02711838 -0.0013749 0.008999943 -0.02949982 0 0.008999943 -0.02674984 0 0.008999943 -0.02711838 0.0013749 0.008999943 -0.03188157 -0.0013749 0.008999943 -0.03087484 -0.002381563 0.008999943 -0.02949982 -0.002749979 0.008999943 -0.03087484 0.002381563 0.008999943 -0.03188157 0.0013749 0.008999943 -0.03224986 0 0.008999943 -0.02812486 0.002381563 0.008999943 -0.02949982 0.002749979 0.008999943 0.02829772 -0.01475 0.008699893 0.0279293 -0.01612496 0.008699893 0.0269227 -0.01713144 0.008699893 0.02554774 -0.01749998 0.008699893 0.02417272 -0.01713144 0.008699893 0.02316612 -0.01612496 0.008699893 0.0227977 -0.01475 0.008699893 0.02316612 -0.01337498 0.008699893 0.02417272 -0.01236838 0.008699893 0.02554774 -0.01199996 0.008699893 0.0269227 -0.01236838 0.008699893 0.0279293 -0.01337498 0.008699893 0.01749998 -0.02554774 0.008699893 0.01713144 -0.0269227 0.008699893 0.01612496 -0.0279293 0.008699893 0.01475 -0.02829772 0.008699893 0.01337498 -0.0279293 0.008699893 0.01236838 -0.0269227 0.008699893 0.01199996 -0.02554774 0.008699893 0.01236838 -0.02417272 0.008699893 0.01337498 -0.02316612 0.008699893 0.01475 -0.0227977 0.008699893 0.01612496 -0.02316612 0.008699893 0.01713144 -0.02417272 0.008699893 -0.01199996 -0.02554774 0.008699893 -0.01236838 -0.0269227 0.008699893 -0.01337498 -0.0279293 0.008699893 -0.01475 -0.02829772 0.008699893 -0.01612496 -0.0279293 0.008699893 -0.01713144 -0.0269227 0.008699893 -0.01749998 -0.02554774 0.008699893 -0.01713144 -0.02417272 0.008699893 -0.01612496 -0.02316612 0.008699893 -0.01475 -0.0227977 0.008699893 -0.01337498 -0.02316612 0.008699893 -0.01236838 -0.02417272 0.008699893 -0.0227977 -0.01475 0.008699893 -0.02316612 -0.01612496 0.008699893 -0.02417272 -0.01713144 0.008699893 -0.02554774 -0.01749998 0.008699893 -0.0269227 -0.01713144 0.008699893 -0.0279293 -0.01612496 0.008699893 -0.02829772 -0.01475 0.008699893 -0.0279293 -0.01337498 0.008699893 -0.0269227 -0.01236838 0.008699893 -0.02554774 -0.01199996 0.008699893 -0.02417272 -0.01236838 0.008699893 -0.02316612 -0.01337498 0.008699893 -0.0227977 0.01475 0.008699893 -0.02316612 0.01337498 0.008699893 -0.02417272 0.01236838 0.008699893 -0.02554774 0.01199996 0.008699893 -0.0269227 0.01236838 0.008699893 -0.0279293 0.01337498 0.008699893 -0.02829772 0.01475 0.008699893 -0.0279293 0.01612496 0.008699893 -0.0269227 0.01713144 0.008699893 -0.02554774 0.01749998 0.008699893 -0.02417272 0.01713144 0.008699893 -0.02316612 0.01612496 0.008699893 -0.01199996 0.02554774 0.008699893 -0.01236838 0.02417272 0.008699893 -0.01337498 0.02316612 0.008699893 -0.01475 0.0227977 0.008699893 -0.01612496 0.02316612 0.008699893 -0.01713144 0.02417272 0.008699893 -0.01749998 0.02554774 0.008699893 -0.01713144 0.0269227 0.008699893 -0.01612496 0.0279293 0.008699893 -0.01475 0.02829772 0.008699893 -0.01337498 0.0279293 0.008699893 -0.01236838 0.0269227 0.008699893 0.01749998 0.02554774 0.008699893 0.01713144 0.02417272 0.008699893 0.01612496 0.02316612 0.008699893 0.01475 0.0227977 0.008699893 0.01337498 0.02316612 0.008699893 0.01236838 0.02417272 0.008699893 0.01199996 0.02554774 0.008699893 0.01236838 0.0269227 0.008699893 0.01337498 0.0279293 0.008699893 0.01475 0.02829772 0.008699893 0.01612496 0.0279293 0.008699893 0.01713144 0.0269227 0.008699893 0.02829772 0.01475 0.008699893 0.0279293 0.01337498 0.008699893 0.0269227 0.01236838 0.008699893 0.02554774 0.01199996 0.008699893 0.02417272 0.01236838 0.008699893 0.02316612 0.01337498 0.008699893 0.0227977 0.01475 0.008699893 0.02316612 0.01612496 0.008699893 0.02417272 0.01713144 0.008699893 0.02554774 0.01749998 0.008699893 0.0269227 0.01713144 0.008699893 0.0279293 0.01612496 0.008699893 -0.004885137 0.02849477 0.008699893 -0.005253553 0.02711981 0.008699893 -0.006260097 0.02611321 0.008699893 -0.007634997 0.02574479 0.008699893 -0.009010136 0.02611321 0.008699893 -0.01001662 0.02711981 0.008699893 -0.01038503 0.02849477 0.008699893 -0.01001662 0.02986979 0.008699893 -0.009010136 0.03087621 0.008699893 -0.007634997 0.03124481 0.008699893 -0.006260097 0.03087621 0.008699893 -0.005253553 0.02986979 0.008699893 0.03124481 -0.007634997 0.008699893 0.03087621 -0.009010136 0.008699893 0.02986979 -0.01001662 0.008699893 0.02849477 -0.01038503 0.008699893 0.02711981 -0.01001662 0.008699893 0.02611321 -0.009010136 0.008699893 0.02574479 -0.007634997 0.008699893 0.02611321 -0.006260097 0.008699893 0.02711981 -0.005253553 0.008699893 0.02849477 -0.004885137 0.008699893 0.02986979 -0.005253553 0.008699893 0.03087621 -0.006260097 0.008699893 -0.01810956 -0.02085947 0.008699893 -0.01847803 -0.02223449 0.008699893 -0.01948451 -0.02324122 0.008699893 -0.02085947 -0.02360951 0.008699893 -0.02223449 -0.02324122 0.008699893 -0.02324122 -0.02223449 0.008699893 -0.02360951 -0.02085947 0.008699893 -0.02324122 -0.01948451 0.008699893 -0.02223449 -0.01847803 0.008699893 -0.02085947 -0.01810956 0.008699893 -0.01948451 -0.01847803 0.008699893 -0.01847803 -0.01948451 0.008699893 -0.01787924 -0.01921939 0.005999863 -0.01639997 -0.02049612 0.005999863 -0.01581913 -0.02094793 0.005999863 -0.01170063 -0.02349787 0.005999863 -0.007183611 -0.02524787 0.005999863 -0.002421975 -0.02613788 0.005999863 0.002421975 -0.02613788 0.005999863 0.007183611 -0.02524787 0.005999863 0.01170063 -0.02349787 0.005999863 0.01581913 -0.02094793 0.005999863 0.01927769 -0.0178166 0.005999863 0.01939886 -0.0176844 0.005999863 0.02231818 -0.0138188 0.005999863 0.02447736 -0.009482562 0.005999863 0.02580291 -0.004823327 0.005999863 0.02625 0 0.005999863 0.02580291 0.004823327 0.005999863 0.02447736 0.009482562 0.005999863 0.02231818 0.0138188 0.005999863 0.01939886 0.0176844 0.005999863 0.01581913 0.02094793 0.005999863 0.01170063 0.02349787 0.005999863 0.007183611 0.02524787 0.005999863 0.002421975 0.02613788 0.005999863 -0.002421975 0.02613788 0.005999863 -0.007183611 0.02524787 0.005999863 -0.01170063 0.02349787 0.005999863 -0.01581913 0.02094793 0.005999863 -0.01939886 0.0176844 0.005999863 -0.02231818 0.0138188 0.005999863 -0.02447736 0.009482562 0.005999863 -0.02580291 0.004823327 0.005999863 -0.02625 0 0.005999863 -0.02625 0 0.01199996 -0.02580291 -0.004823327 0.005999863 -0.02447736 -0.009482562 0.005999863 -0.02231818 -0.0138188 0.005999863 -0.01939886 -0.0176844 0.005999863 -0.01927769 -0.0178166 0.005999863 0.002749979 0.02949982 0.005999863 0.002381563 0.02812486 0.005999863 0.0013749 0.02711838 0.005999863 0 0.02674984 0.008999943 0 0.02674984 0.005999863 -0.0013749 0.02711838 0.005999863 -0.002381563 0.02812486 0.005999863 -0.002749979 0.02949982 0.005999863 -0.002381563 0.03087484 0.005999863 -0.0013749 0.03188157 0.005999863 0 0.03224986 0.008999943 0 0.03224986 0.005999863 0.0013749 0.03188157 0.005999863 0.002381563 0.03087484 0.005999863 0.03224986 0 0.005999863 0.03188157 -0.0013749 0.005999863 0.03087484 -0.002381563 0.005999863 0.02949982 -0.002749979 0.005999863 0.02812486 -0.002381563 0.005999863 0.02711838 -0.0013749 0.005999863 0.02674984 0 0.005999863 0.02711838 0.0013749 0.005999863 0.02812486 0.002381563 0.005999863 0.02949982 0.002749979 0.005999863 0.03087484 0.002381563 0.005999863 0.03188157 0.0013749 0.005999863 0.002749979 -0.02949982 0.005999863 0.002381563 -0.03087484 0.005999863 0.0013749 -0.03188157 0.005999863 0 -0.03224986 0.008999943 0 -0.03224986 0.005999863 -0.0013749 -0.03188157 0.005999863 -0.002381563 -0.03087484 0.005999863 -0.002749979 -0.02949982 0.005999863 -0.002381563 -0.02812486 0.005999863 -0.0013749 -0.02711838 0.005999863 0 -0.02674984 0.008999943 0 -0.02674984 0.005999863 0.0013749 -0.02711838 0.005999863 0.002381563 -0.02812486 0.005999863 -0.02674984 0 0.005999863 -0.02711838 -0.0013749 0.005999863 -0.02812486 -0.002381563 0.005999863 -0.02949982 -0.002749979 0.005999863 -0.03087484 -0.002381563 0.005999863 -0.03188157 -0.0013749 0.005999863 -0.03224986 0 0.005999863 -0.03188157 0.0013749 0.005999863 -0.03087484 0.002381563 0.005999863 -0.02949982 0.002749979 0.005999863 -0.02812486 0.002381563 0.005999863 -0.02711838 0.0013749 0.005999863 0.02316612 -0.01612496 0.005999863 0.02417272 -0.01713144 0.005999863 0.02554774 -0.01749998 0.005999863 0.0269227 -0.01713144 0.005999863 0.0279293 -0.01612496 0.005999863 0.02829772 -0.01475 0.005999863 0.0279293 -0.01337498 0.005999863 0.0269227 -0.01236838 0.005999863 0.02554774 -0.01199996 0.005999863 0.02417272 -0.01236838 0.005999863 0.02316612 -0.01337498 0.005999863 0.0227977 -0.01475 0.005999863 0.01236838 -0.0269227 0.005999863 0.01337498 -0.0279293 0.005999863 0.01475 -0.02829772 0.005999863 0.01612496 -0.0279293 0.005999863 0.01713144 -0.0269227 0.005999863 0.01749998 -0.02554774 0.005999863 0.01713144 -0.02417272 0.005999863 0.01612496 -0.02316612 0.005999863 0.01475 -0.0227977 0.005999863 0.01337498 -0.02316612 0.005999863 0.01236838 -0.02417272 0.005999863 0.01199996 -0.02554774 0.005999863 -0.01713144 -0.0269227 0.005999863 -0.01612496 -0.0279293 0.005999863 -0.01475 -0.02829772 0.005999863 -0.01337498 -0.0279293 0.005999863 -0.01236838 -0.0269227 0.005999863 -0.01199996 -0.02554774 0.005999863 -0.01236838 -0.02417272 0.005999863 -0.01337498 -0.02316612 0.005999863 -0.01475 -0.0227977 0.005999863 -0.01612496 -0.02316612 0.005999863 -0.01713144 -0.02417272 0.005999863 -0.01749998 -0.02554774 0.005999863 -0.0279293 -0.01612496 0.005999863 -0.0269227 -0.01713144 0.005999863 -0.02554774 -0.01749998 0.005999863 -0.02417272 -0.01713144 0.005999863 -0.02316612 -0.01612496 0.005999863 -0.0227977 -0.01475 0.005999863 -0.02316612 -0.01337498 0.005999863 -0.02417272 -0.01236838 0.005999863 -0.02554774 -0.01199996 0.005999863 -0.0269227 -0.01236838 0.005999863 -0.0279293 -0.01337498 0.005999863 -0.02829772 -0.01475 0.005999863 -0.0279293 0.01337498 0.005999863 -0.0269227 0.01236838 0.005999863 -0.02554774 0.01199996 0.005999863 -0.02417272 0.01236838 0.005999863 -0.02316612 0.01337498 0.005999863 -0.0227977 0.01475 0.005999863 -0.02316612 0.01612496 0.005999863 -0.02417272 0.01713144 0.005999863 -0.02554774 0.01749998 0.005999863 -0.0269227 0.01713144 0.005999863 -0.0279293 0.01612496 0.005999863 -0.02829772 0.01475 0.005999863 -0.01713144 0.02417272 0.005999863 -0.01612496 0.02316612 0.005999863 -0.01475 0.0227977 0.005999863 -0.01337498 0.02316612 0.005999863 -0.01236838 0.02417272 0.005999863 -0.01199996 0.02554774 0.005999863 -0.01236838 0.0269227 0.005999863 -0.01337498 0.0279293 0.005999863 -0.01475 0.02829772 0.005999863 -0.01612496 0.0279293 0.005999863 -0.01713144 0.0269227 0.005999863 -0.01749998 0.02554774 0.005999863 0.01236838 0.02417272 0.005999863 0.01337498 0.02316612 0.005999863 0.01475 0.0227977 0.005999863 0.01612496 0.02316612 0.005999863 0.01713144 0.02417272 0.005999863 0.01749998 0.02554774 0.005999863 0.01713144 0.0269227 0.005999863 0.01612496 0.0279293 0.005999863 0.01475 0.02829772 0.005999863 0.01337498 0.0279293 0.005999863 0.01236838 0.0269227 0.005999863 0.01199996 0.02554774 0.005999863 0.02316612 0.01337498 0.005999863 0.02417272 0.01236838 0.005999863 0.02554774 0.01199996 0.005999863 0.0269227 0.01236838 0.005999863 0.0279293 0.01337498 0.005999863 0.02829772 0.01475 0.005999863 0.0279293 0.01612496 0.005999863 0.0269227 0.01713144 0.005999863 0.02554774 0.01749998 0.005999863 0.02417272 0.01713144 0.005999863 0.02316612 0.01612496 0.005999863 0.0227977 0.01475 0.005999863 -0.01001662 0.02711981 0.005999863 -0.009010136 0.02611321 0.005999863 -0.007634997 0.02574479 0.005999863 -0.006260097 0.02611321 0.005999863 -0.005253553 0.02711981 0.005999863 -0.004885137 0.02849477 0.005999863 -0.005253553 0.02986979 0.005999863 -0.006260097 0.03087621 0.005999863 -0.007634997 0.03124481 0.005999863 -0.009010136 0.03087621 0.005999863 -0.01001662 0.02986979 0.005999863 -0.01038503 0.02849477 0.005999863 0.02611321 -0.009010136 0.005999863 0.02711981 -0.01001662 0.005999863 0.02849477 -0.01038503 0.005999863 0.02986979 -0.01001662 0.005999863 0.03087621 -0.009010136 0.005999863 0.03124481 -0.007634997 0.005999863 0.03087621 -0.006260097 0.005999863 0.02986979 -0.005253553 0.005999863 0.02849477 -0.004885137 0.005999863 0.02711981 -0.005253553 0.005999863 0.02611321 -0.006260097 0.005999863 0.02574479 -0.007634997 0.005999863 -0.02324122 -0.02223449 0.005999863 -0.02223449 -0.02324122 0.005999863 -0.02085947 -0.02360951 0.005999863 -0.01948451 -0.02324122 0.005999863 -0.01847803 -0.02223449 0.005999863 -0.01810956 -0.02085947 0.005999863 -0.01847803 -0.01948451 0.005999863 -0.01948451 -0.01847803 0.005999863 -0.02085947 -0.01810956 0.005999863 -0.02223449 -0.01847803 0.005999863 -0.02324122 -0.01948451 0.005999863 -0.02360951 -0.02085947 0.005999863 -0.003817558 0.02977114 0.005999863 -0.01119256 -0.02649986 0.005999863 -0.0178048 -0.02045369 0.005999863 -0.02045369 -0.0178048 0.005999863 -0.02649986 0.007374942 0.005999863 -0.0178048 0.02014887 0.005999863 0.007374942 0.02649986 0.005999863 0.02014887 0.02014887 0.005999863 -0.01119256 0.02977114 0.005999863 -0.02045369 0.02014887 0.005999863 -0.02649986 -0.0178048 0.005999863 0.02649986 -0.0178048 0.005999863 0.02977114 -0.01119256 0.005999863 0.02977114 -0.003817558 0.005999863 0.02014887 -0.02045369 0.005999863 0.02014887 -0.0178048 0.005999863 0 -0.03224986 0.005999863 0.007374942 -0.02649986 0.005999863 -0.003817558 -0.02649986 0.005999863 0 -0.02674984 0.005999863 -0.0178048 -0.02649986 0.005999863 -0.02649986 -0.01119256 0.005999863 -0.02649986 -0.003817558 0.005999863 -0.03249984 0 0.005999863 -0.02674984 0 0.005999863 -0.0178048 0.02649986 0.005999863 0.007374942 0.02977114 0.005999863 0.02977114 0.007374942 0.005999863 0.02649986 0.007374942 0.005999863 0.02625 0 0.005999863 0.02649986 -0.003817558 0.005999863 -0.003817558 0.02649986 0.005999863 -0.01119256 0.02649986 0.005999863 0.02649986 -0.01119256 0.005999863 0 0.02674984 0.005999863 0 0.03224986 0.005999863 0.00999999 0 0 0.00999999 0 -0.00999999 0.009555697 -0.002947509 0 0.008262336 -0.005633175 0 0.006234884 -0.007818281 0 0.003653407 -0.009308695 0 7.47301e-4 -0.009972035 0 -0.002225041 -0.009749233 0 -0.004999995 -0.008660197 0 -0.007330477 -0.006801724 0 -0.009009659 -0.004338741 0 -0.009888291 -0.001490414 0 -0.009888291 0.001490414 0 -0.009009659 0.004338741 0 -0.007330477 0.006801724 0 -0.004999995 0.008660197 0 -0.002225041 0.009749233 0 7.47301e-4 0.009972035 0 0.003653407 0.009308695 0 0.006234884 0.007818281 0 0.008262336 0.005633175 0 0.009555697 0.002947509 0 0 0 0</float_array>
          <technique_common>
            <accessor source="#link_6-mesh-positions-array" count="1060" stride="3">
              <param name="X" type="float"/>
              <param name="Y" type="float"/>
              <param name="Z" type="float"/>
            </accessor>
          </technique_common>
        </source>
        <source id="link_6-mesh-normals">
          <float_array id="link_6-mesh-normals-array" count="3891">0 0 -1 -1.97978e-6 0 -1 7.2627e-7 0 -1 3.89713e-6 0 -1 5.81419e-7 0 -1 0 0 -1 1.97978e-6 0 -1 -7.2627e-7 0 -1 -3.89713e-6 0 -1 -5.81419e-7 0 -1 3.94492e-7 0 -1 -1.91723e-7 0 -1 7.91259e-7 0 -1 -5.78843e-7 0 -1 -1.20369e-7 0 -1 4.76818e-7 0 -1 -3.54834e-7 0 -1 0 0 -1 7.91896e-7 0 -1 -3.56251e-7 0 -1 1.30875e-7 0 -1 3.9563e-7 0 -1 -3.94492e-7 0 -1 -2.07969e-6 0 -1 3.72647e-7 0 -1 -7.91896e-7 0 -1 3.56251e-7 0 -1 -1.30875e-7 0 -1 -1.00414e-6 0 -1 2.87438e-6 0 -1 -4.94537e-7 0 -1 0 0 -1 6.83489e-7 0 -1 -1.07355e-5 0 -1 4.83724e-7 0 -1 2.52189e-7 0 -1 0 0 -1 -3.68522e-7 0 -1 1.44714e-7 0 -1 2.73858e-7 0 -1 0 0 -1 4.42152e-7 0 -1 1.77795e-7 0 -1 -7.91259e-7 0 -1 0 0 -1 8.00651e-7 0 -1 -5.02071e-7 0 -1 0.3246875 0.9458214 0 0.475943 0.8794763 0 0.4759428 0.8794763 0 0.6142272 0.7891293 0 0.6142269 0.7891296 0 0.7357125 0.677294 0 0.7357129 0.6772935 0 0.8371714 0.5469406 0 0.9157772 0.4016869 0 0.9157774 0.4016863 0 0.9694007 0.2454838 0 0.9943838 0.1058352 0 0.9965683 0.08258342 -0.005626499 0.9997292 0.02327316 0 -0.08391374 0.9964731 0 0 1 0 0.08391374 0.9964731 0 0.1646114 0.9863584 -4.3309e-4 0.1659045 0.9861418 0 0.3246875 0.9458214 0 -0.5477998 0.8366096 0 -0.5477998 0.8366095 0 -0.5477998 0.8366096 0 -0.4759428 0.8794763 0 -0.475943 0.8794763 0 -0.3736969 0.9275509 0 -0.3246808 0.9458018 -0.006443619 -0.2958561 0.9552325 0 -0.1646114 0.9863585 0 -0.1820611 0.9832693 -0.005944907 -0.1015418 0.9948313 -9.42301e-5 -0.9157774 -0.4016863 0 -0.9694007 -0.2454838 0 -0.996584 -0.08258605 0 -0.9965841 -0.08258467 0 -0.9965841 0.08258467 0 -0.996584 0.08258605 0 -0.9694007 0.2454838 0 -0.9157774 0.4016863 0 -0.9157772 0.4016869 0 -0.8371714 0.5469406 0 -0.7357129 0.6772935 0 -0.7357125 0.677294 0 -0.6546244 0.7559543 0 -0.614214 0.7891131 -0.006456315 -0.6041923 0.7968297 -0.003773391 -0.5621517 0.8270341 -3.80252e-5 -0.7357129 -0.6772935 0 -0.8128948 -0.5824107 0 -0.8371511 -0.5469279 -0.006926774 -0.8582146 -0.5132912 0 -0.9157772 -0.4016869 0 -0.547501 -0.8363572 -0.02737516 -0.547501 -0.8363572 -0.0273751 -0.547501 -0.8363572 -0.0273751 -0.5620248 -0.8268376 -0.02162879 -0.6041756 -0.7968109 -0.008016765 -0.6546244 -0.7559543 0 -0.7357125 -0.677294 0 0.7357125 -0.677294 0 0.6142269 -0.7891296 0 0.6142272 -0.7891293 0 0.4759428 -0.8794763 0 0.475943 -0.8794763 0 0.3246875 -0.9458214 0 0.3246875 -0.9458214 0 0.1646114 -0.9863585 0 0.1646115 -0.9863586 0 0 -1 0 -0.1646115 -0.9863586 0 -0.1646114 -0.9863585 0 -0.3246875 -0.9458214 0 -0.3246875 -0.9458214 0 -0.475943 -0.8794763 0 -0.4759428 -0.8794763 0 -0.6142272 -0.7891293 0 0.9694007 -0.2454838 0 0.9157774 -0.4016863 0 0.9157772 -0.4016869 0 0.8582146 -0.5132912 0 0.8371511 -0.5469279 -0.006926774 0.8128948 -0.5824107 0 0.7357129 -0.6772935 0 0.9997292 -0.02327316 0 0.9965948 -0.08226537 -0.005596458 0.996568 -0.08258336 -0.005672574 0.9899822 -0.1411926 0 0 0 -1 0 0 -1 -0.9659599 0.258692 0 -0.9659581 0.2586987 0 -0.7070296 0.707184 0 -0.7070332 0.7071805 0 -0.2587537 0.9659435 0 -0.2587554 0.9659429 0 0.2588161 0.9659267 0 0.7070332 0.7071805 0 0.9659171 0.258852 0 0.9659153 0.2588586 0 0.9659153 -0.2588586 0 0.9659171 -0.258852 0 0.7070332 -0.7071805 0 0.2588161 -0.9659267 0 -0.2587554 -0.9659429 0 -0.2587537 -0.9659435 0 -0.7070332 -0.7071805 0 -0.7070296 -0.707184 0 -0.9659581 -0.2586987 0 -0.9659599 -0.258692 0 0 0 -1 0 0 -1 -0.9659153 0.2588586 0 -0.9659171 0.258852 0 -0.2588161 0.9659267 0 0.2587554 0.9659429 0 0.2587537 0.9659435 0 0.7070296 0.707184 0 0.9659581 0.2586987 0 0.9659599 0.258692 0 0.9659599 -0.258692 0 0.9659581 -0.2586987 0 0.7070296 -0.707184 0 0.2587537 -0.9659435 0 0.2587554 -0.9659429 0 -0.2588161 -0.9659267 0 -0.9659171 -0.258852 0 -0.9659153 -0.2588586 0 5.82084e-7 0 1 0 0 1 5.82077e-7 0 1 -5.82132e-7 0 1 -5.82088e-7 0 1 1.23425e-7 0 1 -4.93707e-7 0 1 3.08551e-7 0 1 0 0 1 3.70263e-7 0 1 1.45516e-7 0 1 -1.45531e-7 0 1 -5.82076e-7 0 1 -1.45535e-7 0 1 1.4552e-7 0 1 5.82074e-7 0 1 5.82076e-7 0 1 1.45535e-7 0 1 -1.4552e-7 0 1 -1.45516e-7 0 1 1.45531e-7 0 1 -5.82074e-7 0 1 0.9659298 0.2588042 0 0.965929 0.2588075 0 0.7070842 0.7071294 0 0.7070832 0.7071304 0 0.258824 0.9659245 0 0.2588232 0.9659247 0 -0.2588007 0.9659308 0 -0.7071067 0.7071069 0 -0.7071066 0.707107 0 -0.9659277 0.2588123 0 -0.9659273 0.258814 0 -0.9659273 -0.2588139 0 -0.9659277 -0.2588124 0 -0.7071067 -0.7071069 0 -0.7071066 -0.707107 0 -0.2588007 -0.9659308 0 0.2588232 -0.9659247 0 0.258824 -0.9659245 0 0.7070834 -0.7071303 0 0.7070841 -0.7071295 0 0.965929 -0.2588074 0 0.9659298 -0.2588043 0 0.9888296 0.1490513 0 0.9888296 0.1490514 0 0.9009673 0.433887 0 0.9009671 0.4338873 0 0.7330571 0.6801672 0 0.7330569 0.6801674 0 0.4999995 0.8660257 0 0.4999995 0.8660258 0 0.2225338 0.9749251 0 -0.07474726 0.9972025 0 -0.07474726 0.9972025 0 -0.3653325 0.9308772 0 -0.3653324 0.9308772 0 -0.6234848 0.7818356 0 -0.6234847 0.7818356 0 -0.826247 0.5633081 0 -0.8262467 0.5633085 0 -0.9555691 0.2947672 0 -0.9555691 0.2947673 0 -1 0 0 -0.9555691 -0.2947672 0 -0.9555691 -0.2947673 0 -0.8262469 -0.5633084 0 -0.8262469 -0.5633082 0 -0.6234848 -0.7818354 0 -0.6234846 -0.7818356 0 -0.3653325 -0.9308772 0 -0.3653324 -0.9308772 0 -0.07474726 -0.9972025 0 -0.07474726 -0.9972025 0 0.2225338 -0.9749251 0 0.4999997 -0.8660258 0 0.4999994 -0.8660258 0 0.7330571 -0.6801672 0 0.7330569 -0.6801674 0 0.9009671 -0.4338873 0 0.9009673 -0.433887 0 0.9888296 -0.1490513 0 0.9888296 -0.1490514 0 -0.9659307 0.2588012 0 -0.965931 0.2587999 0 -0.7070838 0.7071298 0 -0.7070845 0.7071291 0 -0.2588259 0.965924 0 -0.2588263 0.965924 0 0.2588009 0.9659307 0 0.2588006 0.9659308 0 0.707107 0.7071066 0 0.9659307 0.2588012 0 0.965924 -0.2588264 0 0.9659239 -0.2588263 0 0.7071295 -0.707084 0 0.7071297 -0.707084 0 0.2588006 -0.9659308 0 0.258801 -0.9659307 0 -0.2588263 -0.965924 0 -0.2588259 -0.965924 0 -0.7071071 -0.7071066 0 -0.7071065 -0.7071072 0 -0.9659243 -0.2588251 0 -0.9659239 -0.2588263 0 -0.965924 0.2588264 0 -0.9659243 0.258825 0 -0.7071064 0.7071073 0 -0.7071071 0.7071065 0 0.7071295 0.707084 0 0.7071297 0.707084 0 0.965924 0.2588264 0 0.9659239 0.2588263 0 0.9659307 -0.2588012 0 0.707107 -0.7071066 0 -0.7070845 -0.7071291 0 -0.7070838 -0.7071298 0 -0.965931 -0.2587999 0 -0.9659307 -0.2588012 0 -0.9659239 0.2588263 0 -0.7071295 0.707084 0 -0.7071297 0.707084 0 -0.2588006 0.9659308 0 -0.258801 0.9659307 0 0.2588263 0.965924 0 0.2588259 0.965924 0 0.7071071 0.7071066 0 0.7071065 0.7071072 0 0.9659243 0.2588251 0 0.965931 -0.2587999 0 0.7070838 -0.7071298 0 0.7070845 -0.7071291 0 0.2588259 -0.965924 0 0.2588263 -0.965924 0 -0.2588009 -0.9659307 0 -0.2588006 -0.9659308 0 -0.707107 -0.7071066 0 -0.707107 0.7071066 0 0.7070845 0.7071291 0 0.7070838 0.7071298 0 0.965931 0.2587999 0 0.9659243 -0.258825 0 0.7071064 -0.7071073 0 0.7071071 -0.7071065 0 -0.7071295 -0.707084 0 -0.7071297 -0.707084 0 -0.965924 -0.2588264 0 0.5086029 0.5086373 0.6947023 0.5085852 0.5085245 0.6947978 0.1861476 0.6947013 0.6947944 0.1861472 0.6947041 0.6947917 -0.1861329 0.6947061 0.6947935 -0.1861419 0.6947153 0.6947819 -0.5085735 0.5085715 0.694772 -0.5086361 0.5085831 0.6947176 -0.6947647 0.1861572 0.6947284 -0.6946587 0.1861953 0.6948242 -0.6946679 -0.1861303 0.6948323 -0.6947394 -0.1862178 0.6947376 -0.508614 -0.508613 0.694712 -0.5086037 -0.5085481 0.694767 -0.1861349 -0.6947174 0.6947816 -0.18614 -0.6947059 0.6947919 0.1861497 -0.6947044 0.6947908 0.1861457 -0.6947017 0.6947944 0.508533 -0.5085654 0.6948061 0.5086423 -0.508585 0.6947118 0.6947747 -0.1861518 0.6947198 0.6946941 -0.1861829 0.6947922 0.6947013 0.1861322 0.6947985 0.6947552 0.1861993 0.6947267 3.86918e-7 0 1 2.44835e-6 0 1 -1.01553e-6 0 1 -2.95747e-7 0 1 6.52065e-7 0 1 -1.43422e-7 0 1 -6.45951e-7 0 1 3.25213e-7 0 1 7.52688e-7 0 1 1.64993e-7 0 1 5.88432e-7 0 1 -3.23259e-7 0 1 1.17686e-6 0 1 -1.83626e-6 0 1 6.45951e-7 0 1 -3.25213e-7 0 1 1.09612e-6 0 1 -1.64993e-7 0 1 -4.41746e-7 0 1 7.57278e-7 0 1 -5.78428e-7 0 1 3.52558e-7 0 1 -8.27262e-7 0 1 1.93113e-7 0 1 -2.35658e-7 0 1 6.71642e-7 0 1 -6.76805e-7 0 1 -7.10517e-7 0 1 1.68219e-6 0 1 8.28168e-7 0 1 -7.27302e-7 0 1 -3.79396e-6 0 1 4.82521e-7 0 1 2.53415e-7 0 1 6.07389e-7 0 1 -1.2743e-6 0 1 2.78178e-7 0 1 0 0 1 5.4734e-7 0 1 -3.76344e-7 0 1 4.41746e-7 0 1 -1.49403e-6 0 1 1.89617e-7 0 1 -5.99006e-7 0 1 1.76871e-6 0 1 1.60197e-6 0 1 -7.9245e-7 0 1 5.2302e-7 0 1 8.55388e-7 0 1 4.12874e-7 0 1 -3.03874e-7 0 1 -4.49196e-7 0 1 3.55521e-7 0 1 -5.56321e-7 0 1 -1.65312e-6 0 1 0.9945209 -0.1045385 0 0.951058 -0.3090127 0 0.951058 -0.3090125 0 0.8660246 -0.5000015 0 0.7431529 -0.6691217 0 0.5877856 -0.8090168 0 0.5877856 -0.8090168 0 0.4067243 -0.9135511 0 0.4067246 -0.9135509 0 0.2079001 -0.9781501 0 0.2079002 -0.9781501 0 -0.2079001 -0.9781501 0 -0.2079001 -0.97815 0 -0.4067243 -0.9135509 0 -0.4067245 -0.913551 0 -0.5877852 -0.8090172 0 -0.587786 -0.8090165 0 -0.7431529 -0.6691217 0 -0.8660246 -0.5000015 0 -0.951058 -0.3090127 0 -0.951058 -0.3090125 0 -0.9945209 -0.1045385 0 -0.9945209 -0.1045379 0 -0.9945209 0.1045379 0 -0.9945209 0.1045385 0 -0.951058 0.3090127 0 -0.951058 0.3090125 0 -0.8660246 0.5000015 0 -0.7431529 0.6691217 0 -0.5877856 0.8090168 0 -0.5877856 0.8090168 0 -0.4067243 0.9135511 0 -0.4067246 0.9135509 0 -0.2079001 0.9781501 0 -0.2079002 0.9781501 0 0.2079001 0.9781501 0 0.2079001 0.97815 0 0.4067243 0.9135509 0 0.4067245 0.913551 0 0.5877852 0.8090172 0 0.587786 0.8090165 0 0.7431529 0.6691217 0 0.8660246 0.5000015 0 0.951058 0.3090127 0 0.951058 0.3090125 0 0.9945209 0.1045385 0 0.9945209 0.1045379 0 0.9945209 -0.1045379 0 -6.06083e-7 0 1 -4.54538e-7 0 1 4.54586e-7 0 1 -6.0603e-7 0 1 1.21216e-6 0 1 -9.09148e-7 0 1 9.09053e-7 0 1 -1.51505e-7 0 1 1.51528e-7 0 1 3.03058e-7 0 1 -3.0301e-7 0 1 -1.51528e-7 0 1 1.51505e-7 0 1 3.0301e-7 0 1 -3.03058e-7 0 1 -6.06033e-7 0 1 -4.54586e-7 0 1 4.54538e-7 0 1 -6.06079e-7 0 1 1.21206e-6 0 1 -9.09053e-7 0 1 9.09148e-7 0 1 6.0603e-7 0 1 -1.21216e-6 0 1 6.06083e-7 0 1 6.06079e-7 0 1 -1.21206e-6 0 1 6.06033e-7 0 1 -6.06087e-7 0 1 1.21205e-6 0 1 -3.03027e-7 0 1 3.03041e-7 0 1 4.54562e-7 0 1 -4.5454e-7 0 1 1.51518e-7 0 1 -1.51524e-7 0 1 -4.54593e-7 0 1 4.54575e-7 0 1 -3.03003e-7 0 1 3.0305e-7 0 1 3.03059e-7 0 1 -3.03012e-7 0 1 -2.44575e-7 0 1 2.4397e-7 0 1 -2.42891e-7 0 1 -2.83403e-7 0 1 2.44695e-7 0 1 -2.73826e-7 0 1 2.44337e-7 0 1 -2.74689e-7 0 1 1.21744e-7 0 1 -5.52493e-7 0 1 2.42178e-7 0 1 2.38222e-7 0 1 0 0 1 2.32649e-7 0 1 -2.44695e-7 0 1 0 0 1 2.73826e-7 0 1 -2.44337e-7 0 1 2.74689e-7 0 1 -1.21744e-7 0 1 5.52493e-7 0 1 -2.42178e-7 0 1 -2.38222e-7 0 1 0 0 1 -4.65299e-7 0 1 2.44575e-7 0 1 -2.4397e-7 0 1 2.42891e-7 0 1 2.83403e-7 0 1 -2.34179e-7 0 1 8.41913e-7 0 1 -8.41913e-7 0 1 2.40542e-7 0 1 -2.40542e-7 0 1 4.81006e-7 0 1 3.60805e-7 0 1 -3.60788e-7 0 1 -4.81054e-7 0 1 4.81054e-7 0 1 3.60788e-7 0 1 -3.60805e-7 0 1 -4.81006e-7 0 1 0.6947139 -0.1861467 0.694782 0.5085895 -0.5085483 0.6947773 0.5086306 -0.508659 0.6946662 0.186196 -0.6948548 0.6946278 0.1862031 -0.6948078 0.694673 -0.1861672 -0.6948148 0.6946756 -0.1862118 -0.6948721 0.6946064 -0.5086932 -0.5086863 0.6946003 -0.5086362 -0.5086646 0.6946579 -0.6948809 -0.1861367 0.6946178 -0.6947465 -0.1861576 0.6947465 -0.6947575 0.1860752 0.6947575 -0.6949006 0.1861907 0.6945835 -0.5087109 0.5087436 0.6945455 -0.5086903 0.508688 0.6946012 -0.1861538 0.6948949 0.6945991 -0.1861675 0.6948141 0.6946763 0.1861533 0.6948176 0.6946766 0.186186 0.6948586 0.6946269 0.5086448 0.5086448 0.6946662 0.5086482 0.5086482 0.6946611 0.6947438 0.186178 0.6947438 0.694815 0.1861662 0.6946756 0.6948055 -0.1862241 0.6946697 0.6948482 -0.1862133 0.6946299 0.5086292 -0.5086705 0.6946587 0.5085859 -0.5085569 0.6947736 0.1861927 -0.6946884 0.6947951 0.1861754 -0.6948131 0.6946752 -0.1861963 -0.6948118 0.6946708 -0.1861511 -0.6947528 0.694742 -0.5086491 -0.5086508 0.6946585 -0.5086472 -0.5086464 0.6946632 -0.6948675 -0.1861658 0.6946233 -0.6948131 -0.1861754 0.6946752 -0.6948167 0.1861338 0.6946826 -0.6948837 0.1861854 0.6946018 -0.508704 0.5086678 0.694606 -0.5087261 0.5087269 0.6945464 -0.1861195 0.6949278 0.6945754 -0.1861491 0.6947469 0.6947484 0.1861023 0.6947522 0.6947556 0.1861877 0.6948615 0.6946234 0.5086445 0.5086531 0.6946602 0.5087016 0.508671 0.6946054 0.6948838 0.1861853 0.6946018 0.6948096 0.1861954 0.6946732 0.6948098 -0.1861857 0.6946757 0.6948595 -0.1861865 0.6946258 0.5086467 -0.5086485 0.694662 0.5086488 -0.5086488 0.6946603 0.1861787 -0.6947445 0.6947428 0.1861665 -0.6948119 0.6946787 -0.1862248 -0.694808 0.694667 -0.1861475 -0.6947088 0.6947869 -0.5085462 -0.5085892 0.6947791 -0.5086594 -0.508628 0.6946676 -0.6948531 -0.1861964 0.6946296 -0.6948093 -0.1862035 0.6946714 -0.6948157 0.186167 0.6946747 -0.6948695 0.1862114 0.6946091 -0.5086864 0.5086899 0.6946027 -0.5086641 0.5086358 0.6946586 -0.1861353 0.6948785 0.6946206 -0.186158 0.6947479 0.6947449 0.1860739 0.694756 0.6947594 0.18619 0.6949007 0.6945836 0.5087451 0.5087125 0.6945431 0.5086894 0.5086894 0.6946008 0.6948949 0.1861538 0.6945991 0.6948134 0.1861673 0.6946771 0.6948142 -0.1861533 0.69468 0.6948586 -0.186187 0.6946265 0.5086528 -0.5086442 0.6946607 0.5084521 -0.5083761 0.6950038 0.5086731 -0.5087014 0.6946039 0.1861848 -0.6948855 0.6946001 0.1861963 -0.6948102 0.6946724 -0.1861853 -0.6948115 0.694674 -0.1862128 -0.6948471 0.6946311 -0.5086705 -0.5086292 0.6946587 -0.5085579 -0.5085878 0.6947715 -0.6946952 -0.1861936 0.6947881 -0.6948125 -0.1861737 0.6946762 -0.6948118 0.1861963 0.6946708 -0.6947544 0.18615 0.6947407 -0.5086476 0.5086476 0.694662 -0.5086478 0.5086455 0.6946635 -0.1861658 0.6948675 0.6946233 -0.1861751 0.6948146 0.6946737 0.1861344 0.6948175 0.6946817 0.186185 0.6948835 0.6946021 0.5086687 0.5087031 0.694606 0.5087266 0.5087251 0.6945475 0.6949293 0.1861212 0.6945734 0.6947476 0.1861497 0.6947476 0.6947546 -0.1861038 0.6947528 0.6949006 -0.1861907 0.6945835 0.5087109 -0.5087436 0.6945455 0.5086903 -0.508688 0.6946012 0.1861538 -0.6948949 0.6945991 0.1861675 -0.6948141 0.6946763 -0.1861533 -0.6948176 0.6946766 -0.186186 -0.6948586 0.6946269 -0.5086448 -0.5086448 0.6946662 -0.5086482 -0.5086482 0.6946611 -0.6947438 -0.186178 0.6947438 -0.694815 -0.1861662 0.6946756 -0.6948055 0.1862241 0.6946697 -0.6947139 0.1861467 0.694782 -0.5085895 0.5085483 0.6947773 -0.5086306 0.508659 0.6946662 -0.186196 0.6948548 0.6946278 -0.1862031 0.6948078 0.694673 0.1861672 0.6948148 0.6946756 0.1862118 0.6948721 0.6946064 0.5086932 0.5086863 0.6946003 0.5086362 0.5086646 0.6946579 0.6948809 0.1861367 0.6946178 0.6947465 0.1861576 0.6947465 0.6947575 -0.1860752 0.6947575 0.6948837 -0.1861854 0.6946018 0.508704 -0.5086678 0.694606 0.5087261 -0.5087269 0.6945464 0.1861195 -0.6949278 0.6945754 0.1861491 -0.6947469 0.6947484 -0.1861023 -0.6947522 0.6947556 -0.1861877 -0.6948615 0.6946234 -0.5086445 -0.5086531 0.6946602 -0.5087016 -0.508671 0.6946054 -0.6948838 -0.1861853 0.6946018 -0.6948096 -0.1861954 0.6946732 -0.6948098 0.1861857 0.6946757 -0.6948482 0.1862133 0.6946299 -0.5086292 0.5086705 0.6946587 -0.5085859 0.5085569 0.6947736 -0.1861927 0.6946884 0.6947951 -0.1861754 0.6948131 0.6946752 0.1861963 0.6948118 0.6946708 0.1861511 0.6947528 0.694742 0.5086491 0.5086508 0.6946585 0.5086472 0.5086464 0.6946632 0.6948675 0.1861658 0.6946233 0.6948131 0.1861754 0.6946752 0.6948167 -0.1861338 0.6946826 0.6948695 -0.1862114 0.6946091 0.5086864 -0.5086899 0.6946027 0.5086641 -0.5086358 0.6946586 0.1861353 -0.6948785 0.6946206 0.186158 -0.6947479 0.6947449 -0.1860739 -0.694756 0.6947594 -0.18619 -0.6949007 0.6945836 -0.5087451 -0.5087125 0.6945431 -0.5086894 -0.5086894 0.6946008 -0.6948949 -0.1861538 0.6945991 -0.6948134 -0.1861673 0.6946771 -0.6948142 0.1861533 0.69468 -0.6948595 0.1861865 0.6946258 -0.5086467 0.5086485 0.694662 -0.5086488 0.5086488 0.6946603 -0.1861787 0.6947445 0.6947428 -0.1861665 0.6948119 0.6946787 0.1862248 0.694808 0.694667 0.1861475 0.6947088 0.6947869 0.5085462 0.5085892 0.6947791 0.5086594 0.508628 0.6946676 0.6948531 0.1861964 0.6946296 0.6948093 0.1862035 0.6946714 0.6948157 -0.186167 0.6946747 0.6947544 -0.18615 0.6947407 0.5086476 -0.5086476 0.694662 0.5086478 -0.5086455 0.6946635 0.1861658 -0.6948675 0.6946233 0.1861751 -0.6948146 0.6946737 -0.1861344 -0.6948175 0.6946817 -0.186185 -0.6948835 0.6946021 -0.5086687 -0.5087031 0.694606 -0.5087266 -0.5087251 0.6945475 -0.6949293 -0.1861212 0.6945734 -0.6947476 -0.1861497 0.6947476 -0.6947546 0.1861038 0.6947528 -0.6948586 0.186187 0.6946265 -0.5086528 0.5086442 0.6946607 -0.5084521 0.5083761 0.6950038 -0.5086731 0.5087014 0.6946039 -0.1861848 0.6948855 0.6946001 -0.1861963 0.6948102 0.6946724 0.1861853 0.6948115 0.694674 0.1862128 0.6948471 0.6946311 0.5086705 0.5086292 0.6946587 0.5085579 0.5085878 0.6947715 0.6946952 0.1861936 0.6947881 0.6948125 0.1861737 0.6946762 0.6948118 -0.1861963 0.6946708 0.6948019 -0.1861695 0.6946878 0.5086737 -0.5085981 0.6946791 0.5087033 -0.5086753 0.694601 0.1861629 -0.6948896 0.694602 0.1861754 -0.6948134 0.6946748 -0.1861343 -0.6948145 0.6946847 -0.1861716 -0.6948637 0.6946255 -0.5086512 -0.5086469 0.6946599 -0.5087398 -0.5086801 0.6945707 -0.6949468 -0.186177 0.694541 -0.6948112 -0.1862002 0.6946703 -0.6948193 0.1861529 0.6946749 -0.6948924 0.1862122 0.694586 -0.5086511 0.5086503 0.6946576 -0.5086494 0.5086525 0.6946571 -0.1861799 0.6948639 0.6946231 -0.186199 0.6947363 0.6947456 0.1861585 0.6947464 0.6947464 0.1862464 0.6948547 0.6946145 0.5087219 0.508657 0.6946008 0.5085638 0.508596 0.6947612 0.6947633 0.1861736 0.6947255 0.6948145 0.1861649 0.6946766 0.6948141 -0.1861793 0.6946731 0.6948412 -0.1862298 0.6946324 0.5086517 -0.5086483 0.6946585 0.508652 -0.5086482 0.6946582 0.1861035 -0.6945838 0.6949236 0.1861034 -0.6945839 0.6949236 0.1861035 -0.6945838 0.6949236 0.1861916 -0.6948124 0.6946715 -0.1861441 -0.6948171 0.6946796 -0.1862294 -0.6949259 0.6945478 -0.5087133 -0.5087133 0.6945658 -0.5086258 -0.5086821 0.6946526 -0.6948732 -0.1861516 0.6946214 -0.6948153 -0.1861581 0.6946775 -0.6948183 0.1861417 0.694679 -0.6948767 0.1861941 0.6946064 -0.5086549 0.5087271 0.6945985 -0.5086274 0.5086527 0.6946731 -0.1861747 0.6948001 0.6946883 -0.1861734 0.694814 0.6946747 0.1861863 0.6948123 0.6946731 0.1861538 0.6947717 0.6947223 0.50854 0.5086054 0.6947717 0.5086995 0.5086684 0.6946088 0.6948773 0.1861954 0.6946056 0.6947362 0.1862176 0.6947408 0.6947457 -0.1861509 0.6947491 0.6948109 -0.1861912 0.6946731 0.5086853 -0.5086853 0.6946069 0.5086432 -0.5085757 0.6947179 0.1861451 -0.6947886 0.6947078 0.1861407 -0.6948177 0.6946799 -0.1861262 -0.6948195 0.694682 -0.1861351 -0.6948319 0.6946672 -0.5086827 -0.5086862 0.694608 -0.508684 -0.508681 0.6946108 -0.6948379 -0.1861294 0.6946626 -0.6948179 -0.1861333 0.6946816 -0.6948159 0.1861529 0.6946783 -0.6947929 0.1861342 0.6947063 -0.5086054 0.5086072 0.6947225 -0.5086445 0.5087104 0.6946182 -0.1861906 0.6948083 0.6946759 -0.1861919 0.6948108 0.694673 0.1862204 0.6948094 0.6946668 0.1861869 0.6947644 0.6947208 0.5086054 0.5086072 0.6947225 0.5086053 0.5086045 0.6947245 0.694764 0.1862069 0.6947158 0.6948091 0.1861989 0.6946728 0.6948117 -0.1861911 0.6946724 -0.6531197 -0.7567299 0.02818703 -0.6736781 -0.7389628 0.00958538 -0.6138889 -0.7893925 0 -0.5264222 -0.8502233 0 -0.5264222 -0.8502234 0 -0.3612484 -0.9324697 0 -0.3612484 -0.9324697 0 -0.1837428 -0.9829744 0 -0.1837428 -0.9829744 0 0.1837428 -0.9829744 0 0.1837428 -0.9829744 0 0.3612483 -0.9324697 0 0.3612484 -0.9324697 0 0.5264222 -0.8502233 0 0.5264222 -0.8502234 0 0.6711677 -0.7413057 0 0.6737066 -0.7389941 0.002669811 0.7370262 -0.6758642 0 0.7980079 -0.6026471 0 0.7980078 -0.6026472 0 0.8951646 -0.4457358 0 0.8951638 -0.4457376 0 0.9618294 -0.2736499 0 0.9618291 -0.2736508 0 0.9957326 -0.0922867 0 0.9957326 -0.0922867 0 0.9957326 0.0922867 0 0.9957326 0.0922867 0 0.9618291 0.2736509 0 0.9618294 0.2736499 0 0.8951638 0.4457375 0 0.8951645 0.4457359 0 0.7980079 0.6026471 0 0.7980078 0.6026472 0 0.6737092 0.7389966 0 0.6737093 0.7389966 0 0.5264222 0.8502233 0 0.5264222 0.8502234 0 0.3612484 0.9324697 0 0.3612484 0.9324697 0 0.1837428 0.9829744 0 0.1837428 0.9829744 0 -0.1837428 0.9829744 0 -0.1837428 0.9829744 0 -0.3612483 0.9324697 0 -0.3612484 0.9324697 0 -0.5264222 0.8502233 0 -0.5264222 0.8502234 0 -0.6737092 0.7389966 0 -0.6737093 0.7389966 0 -0.7980079 0.6026471 0 -0.7980078 0.6026472 0 -0.8951646 0.4457358 0 -0.8951638 0.4457376 0 -0.9618294 0.2736499 0 -0.9618291 0.2736508 0 -0.9957326 0.0922867 0 -0.9957326 0.0922867 0 -0.9957326 -0.0922867 0 -0.9957326 -0.0922867 0 -0.9618291 -0.2736509 0 -0.9618294 -0.2736499 0 -0.8951638 -0.4457375 0 -0.8951645 -0.4457359 0 -0.7980079 -0.6026471 0 -0.7980078 -0.6026472 0 -0.7370262 -0.6758642 0 -0.7082312 -0.7059796 0.0012452 0.9659265 -0.2588167 0 0.7070637 -0.7071499 0 0.7070636 -0.70715 0 0.2588691 -0.9659125 0 -0.2588691 -0.9659125 0 -0.7070637 -0.7071499 0 -0.7070636 -0.70715 0 -0.9659265 -0.2588167 0 -0.9659265 -0.2588168 0 -0.9659293 0.2588061 0 -0.9659294 0.2588059 0 -0.7071093 0.7071042 0 -0.7071095 0.7071042 0 -0.2587836 0.9659354 0 0.2587836 0.9659354 0 0.7071093 0.7071042 0 0.7071095 0.7071042 0 0.9659294 0.2588059 0 0.9659293 0.2588061 0 0.9659265 -0.2588168 0 0.9659352 -0.2587841 0 0.7071042 -0.7071095 0 0.7071042 -0.7071093 0 0.2588063 -0.9659293 0 0.2588062 -0.9659293 0 -0.2588165 -0.9659265 0 -0.2588164 -0.9659265 0 -0.7071501 -0.7070634 0 -0.7071502 -0.7070633 0 -0.9659122 -0.25887 0 -0.9659131 -0.2588667 0 -0.965913 0.2588669 0 -0.9659122 0.2588699 0 -0.7071501 0.7070634 0 -0.7071502 0.7070633 0 -0.2588165 0.9659265 0 -0.2588164 0.9659265 0 0.2588063 0.9659293 0 0.2588062 0.9659293 0 0.7071042 0.7071095 0 0.7071042 0.7071093 0 0.9659352 0.2587842 0 0.9659352 0.2587841 0 0.9659352 -0.2587842 0 0.9659294 -0.2588059 0 0.7071093 -0.7071042 0 0.7071095 -0.7071042 0 0.2587836 -0.9659354 0 -0.2587836 -0.9659354 0 -0.7071093 -0.7071042 0 -0.7071095 -0.7071042 0 -0.9659294 -0.2588059 0 -0.9659293 -0.2588061 0 -0.9659265 0.2588168 0 -0.9659265 0.2588167 0 -0.7070637 0.7071499 0 -0.7070636 0.70715 0 -0.2588691 0.9659125 0 0.2588691 0.9659125 0 0.7070637 0.7071499 0 0.7070636 0.70715 0 0.9659265 0.2588167 0 0.9659265 0.2588168 0 0.9659293 -0.2588061 0 0.9659122 -0.2588699 0 0.7071501 -0.7070634 0 0.7071502 -0.7070633 0 0.2588165 -0.9659265 0 0.2588164 -0.9659265 0 -0.2588063 -0.9659293 0 -0.2588062 -0.9659293 0 -0.7071042 -0.7071095 0 -0.7071042 -0.7071093 0 -0.9659352 -0.2587842 0 -0.9659352 -0.2587841 0 -0.9659352 0.2587842 0 -0.9659352 0.2587841 0 -0.7071042 0.7071095 0 -0.7071042 0.7071093 0 -0.2588063 0.9659293 0 -0.2588062 0.9659293 0 0.2588165 0.9659265 0 0.2588164 0.9659265 0 0.7071501 0.7070634 0 0.7071502 0.7070633 0 0.9659122 0.25887 0 0.9659131 0.2588667 0 0.965913 -0.2588669 0 -0.9659257 -0.2588199 0 -0.707086 -0.7071276 0 -0.7070862 -0.7071275 0 -0.258848 -0.9659181 0 0.2588585 -0.9659153 0 0.2588575 -0.9659156 0 0.707086 -0.7071276 0 0.7070862 -0.7071275 0 0.9659257 -0.2588198 0 0.9659257 -0.2588199 0 0.9659285 0.2588093 0 0.707107 0.7071067 0 0.2588184 0.9659261 0 0.2588194 0.9659258 0 -0.258809 0.9659286 0 -0.7071071 0.7071066 0 -0.707107 0.7071067 0 -0.9659285 0.2588093 0 -0.9659257 -0.2588198 0 -0.9659258 -0.2588196 0 -0.707107 -0.7071067 0 -0.2588085 -0.9659287 0 -0.258809 -0.9659286 0 0.2588194 -0.9659258 0 0.7071278 -0.7070857 0 0.7071278 -0.7070859 0 0.9659153 -0.2588585 0 0.9659158 -0.2588567 0 0.9659184 0.2588466 0 0.965918 0.2588483 0 0.7071278 0.7070857 0 0.7071278 0.7070859 0 -0.2588085 0.9659287 0 -0.9659284 0.2588095 0 -0.9659289 0.2588076 0 -0.9659262 -0.2588178 0 -0.9659153 -0.2588585 0 -0.7071278 -0.7070857 0 -0.7071278 -0.7070859 0 -0.2588194 -0.9659258 0 0.258809 -0.9659286 0 0.2588085 -0.9659287 0 0.7071071 -0.7071066 0 0.707107 -0.7071067 0 0.9659258 -0.2588196 0 0.9659262 -0.2588178 0 0.9659289 0.2588077 0 0.9659285 0.2588094 0 0.2588085 0.9659287 0 0.258809 0.9659286 0 -0.2588194 0.9659258 0 -0.7071278 0.7070857 0 -0.7071278 0.7070859 0 -0.965918 0.2588484 0 -0.9659185 0.2588465 0 -0.9659158 -0.2588567 0 -0.2588575 -0.9659156 0 -0.2588585 -0.9659153 0 0.258848 -0.9659181 0 -0.2588184 0.9659261 0 -0.9659285 -0.2588093 0 -0.2588184 -0.9659261 0 0.9659285 -0.2588093 0 0.9659257 0.2588198 0 0.9659257 0.2588199 0 0.707086 0.7071276 0 0.7070862 0.7071275 0 0.258848 0.9659181 0 -0.2588585 0.9659153 0 -0.2588575 0.9659156 0 -0.707086 0.7071276 0 -0.7070862 0.7071275 0 -0.9659257 0.2588198 0 -0.9659257 0.2588199 0 -0.965918 -0.2588483 0 0.9659284 -0.2588095 0 0.9659289 -0.2588076 0 0.9659262 0.2588178 0 0.9659258 0.2588196 0 -0.9659153 0.2588585 0 -0.9659158 0.2588567 0 -0.9659184 -0.2588466 0 -0.9659285 -0.2588094 0 0.965918 -0.2588484 0 0.9659185 -0.2588465 0 0.9659158 0.2588567 0 0.9659153 0.2588585 0 -0.9659258 0.2588196 0 -0.9659262 0.2588178 0 -0.9659289 -0.2588077 0 0.2588184 -0.9659261 0 0.2588575 0.9659156 0 0.2588585 0.9659153 0 -0.258848 0.9659181 0 -0.9659171 -0.2588517 0 -0.7071478 -0.7070659 0 -0.7071471 -0.7070665 0 -0.2587983 -0.9659314 0 0.2588196 -0.9659257 0 0.2588198 -0.9659256 0 0.7071264 -0.7070872 0 0.7071259 -0.7070878 0 0.9659267 -0.2588163 0 0.9659264 -0.2588168 0 0.9659293 0.2588064 0 0.9659294 0.2588059 0 0.707084 0.7071297 0 0.7070846 0.7071291 0 0.2588992 0.9659044 0 0.258899 0.9659044 0 -0.2588776 0.9659102 0 -0.7071053 0.7071084 0 -0.7071059 0.7071078 0 -0.9659199 0.2588413 0 -0.9659197 0.2588421 0 -0.9659169 -0.2588525 0 -0.9659314 -0.2587986 0 -0.7070664 -0.7071473 0 -0.2588517 -0.9659171 0 0.2588413 -0.9659199 0 0.707108 -0.7071056 0 0.9659105 -0.2588765 0 0.9659104 -0.2588763 0 0.9659047 0.2588979 0 0.9659048 0.2588977 0 0.7071291 0.7070844 0 0.2588063 0.9659293 0 0.2588062 0.9659293 0 -0.2588167 0.9659265 0 -0.2588166 0.9659265 0 -0.7070875 0.7071261 0 -0.9659256 0.2588202 0 -0.9659256 0.25882 0 -0.9659313 -0.2587987 0 -0.9659407 -0.2587634 0 -0.7071073 -0.7071063 0 -0.7071071 -0.7071065 0 -0.2587625 -0.965941 0 0.258773 -0.9659382 0 0.7071527 -0.7070609 0 0.7071526 -0.7070611 0 0.9659194 -0.2588431 0 0.9659199 -0.2588412 0 0.9659171 0.2588516 0 0.9659166 0.2588535 0 0.7071068 0.7071068 0 0.7071069 0.7071067 0 0.2588524 0.965917 0 0.2588523 0.965917 0 -0.258842 0.9659198 0 -0.2588419 0.9659198 0 -0.7070614 0.7071523 0 -0.7070615 0.7071521 0 -0.965938 0.2587739 0 -0.9659379 0.258774 0 -0.9659407 -0.2587636 0 1.66218e-7 0 1 -2.39942e-6 0 1 3.69036e-7 0 1 5.48738e-7 0 1 5.02509e-7 0 1 0 0 1 3.99119e-7 0 1 0 0 1 -5.06221e-7 0 1 -1.6948e-7 0 1 -6.47358e-7 0 1 9.58219e-6 0 1 -4.64358e-7 0 1 -1.6204e-7 0 1 0 0 1 1.34131e-7 0 1 1.82588e-7 0 1 2.07892e-7 0 1 0 0 1 0 0 1 -2.82021e-7 0 1 1.47587e-7 0 1 -2.59799e-7 0 1 1.48553e-7 0 1 -1.36522e-7 0 1 0 0 1 5.35593e-6 0 1 1.45672e-6 0 1 -1.82961e-7 0 1 2.34252e-7 0 1 1.08437e-6 0 1 -1.46871e-6 0 1 -2.32735e-7 0 1 0 0 1 -6.7416e-7 0 1 -4.87379e-7 0 1 2.17733e-7 0 1 5.94205e-7 0 1 2.60051e-6 0 1 -2.95174e-7 0 1 6.91109e-7 0 1 -4.02784e-7 0 1 -2.49703e-7 0 1 1.38503e-6 0 1 1.23318e-6 0 1 -7.41975e-7 0 1 6.41722e-7 0 1 -1.33819e-6 0 1 7.95701e-7 0 1 -3.16111e-7 0 1 -4.76277e-7 0 1 -2.9462e-7 0 1 -1.69632e-7 0 1 -1.61404e-7 0 1 1.1203e-6 0 1 -3.84975e-7 0 1 -3.1329e-7 0 1 1.52269e-7 0 1 -2.71085e-7 0 1 1.33819e-6 0 1 -1.83535e-6 0 1 0 0 1 1.74005e-7 0 1 6.32222e-7 0 1 3.94454e-7 0 1 -2.71085e-7 0 1 2.47564e-7 0 1 -3.50046e-7 0 1 -5.81121e-7 0 1 -1.23318e-6 0 1 7.41975e-7 0 1 -4.81292e-7 0 1 -5.48738e-7 0 1 2.60113e-6 0 1 -1.24929e-6 0 1 1.53333e-7 0 1 1.24508e-6 0 1 -1.41387e-7 0 1 -1.18119e-6 0 1 -3.75838e-6 0 1 6.26581e-7 0 1 -3.8154e-7 0 1 5.77102e-7 0 1 9.36965e-7 0 1 1.55597e-7 0 1 2.05717e-7 0 1 9.40907e-7 0 1 -7.41975e-7 0 1 1.19985e-6 0 1 3.50046e-7 0 1 -8.75932e-7 0 1 1.83535e-6 0 1 1.68732e-6 0 1 -4.6136e-7 0 1 -1.1203e-6 0 1 -2.36239e-6 0 1 -3.94786e-6 0 1 3.1329e-7 0 1 -5.22996e-7 0 1 -2.95606e-7 0 1 1.58436e-6 0 1 -2.05717e-7 0 1 3.99273e-7 0 1 -1.25543e-7 0 1 4.19607e-7 0 1 1.47379e-7 0 1 -2.79337e-7 0 1 -4.99776e-7 0 1 1.35385e-6 0 1 0 0 1 -2.4316e-7 0 1 1.1207e-6 0 1 3.16111e-7 0 1 -3.9785e-7 0 1 1.33819e-6 0 1 4.38814e-7 0 1 -9.40907e-7 0 1 -1.92366e-7 0 1 -2.59798e-7 0 1 2.38493e-7 0 1 0 0 1 -1.45083e-7 0 1 1.48553e-7 0 1 -1.32459e-6 0 1 -3.17832e-7 0 1 5.04952e-7 0 1 8.71834e-7 0 1 -3.27169e-7 0 1 4.02784e-7 0 1 -1.58425e-7 0 1 1.24787e-6 0 1 5.90349e-7 0 1 -2.60051e-6 0 1 -5.94205e-7 0 1 -4.09568e-7 0 1 6.75668e-7 0 1 -2.45673e-7 0 1 -1.15081e-6 0 1 9.38491e-7 0 1 -4.12879e-7 0 1 -4.39494e-7 0 1 -5.1779e-7 0 1 -3.96514e-7 0 1 2.02167e-7 0 1 5.03149e-7 0 1 -4.92876e-7 0 1 -5.03147e-7 0 1 1.21175e-7 0 1 1.90288e-6 0 1 8.78986e-7 0 1 -4.5583e-7 0 1 2.34624e-7 0 1 -0.9888294 0.1490515 0 -0.9888296 0.149051 0 -0.9009671 0.4338876 0 -0.9009674 0.4338871 0 -0.7330569 0.6801674 0 -0.7330571 0.6801671 0 -0.4999995 0.8660258 0 -0.2225338 0.974925 0 0.07474726 0.9972026 0 0.3653325 0.9308772 0 0.3653324 0.9308772 0 0.6234847 0.7818356 0 0.6234848 0.7818356 0 0.826247 0.563308 0 0.8262469 0.5633084 0 0.955569 0.2947674 0 1 0 0 0.955569 -0.2947674 0 0.8262469 -0.5633084 0 0.826247 -0.563308 0 0.6234848 -0.7818356 0 0.6234847 -0.7818356 0 0.3653324 -0.9308772 0 0.3653325 -0.9308772 0 0.07474726 -0.9972026 0 -0.2225338 -0.974925 0 -0.4999995 -0.8660258 0 -0.7330571 -0.6801671 0 -0.7330569 -0.6801674 0 -0.9009674 -0.4338871 0 -0.9009671 -0.4338876 0 -0.9888296 -0.149051 0 -0.9888294 -0.1490515 0</float_array>
          <technique_common>
            <accessor source="#link_6-mesh-normals-array" count="1297" stride="3">
              <param name="X" type="float"/>
              <param name="Y" type="float"/>
              <param name="Z" type="float"/>
            </accessor>
          </technique_common>
        </source>
        <vertices id="link_6-mesh-vertices">
          <input semantic="POSITION" source="#link_6-mesh-positions"/>
        </vertices>
        <triangles count="2076">
          <input semantic="VERTEX" source="#link_6-mesh-vertices" offset="0"/>
          <input semantic="NORMAL" source="#link_6-mesh-normals" offset="1"/>
          <p>0 0 1 0 2 0 2 1 1 1 3 1 2 2 3 2 4 2 4 0 3 0 5 0 4 0 5 0 6 0 5 3 7 3 6 3 6 1 7 1 8 1 6 0 8 0 9 0 9 4 8 4 10 4 11 5 12 5 13 5 14 0 15 0 16 0 16 6 15 6 17 6 16 7 17 7 18 7 18 0 17 0 19 0 18 0 19 0 20 0 19 8 21 8 20 8 20 6 21 6 22 6 20 0 22 0 23 0 23 9 22 9 24 9 25 0 26 0 24 0 24 10 26 10 27 10 24 0 27 0 23 0 28 0 29 0 30 0 30 11 29 11 31 11 32 0 33 0 34 0 35 12 36 12 37 12 37 13 36 13 38 13 37 0 38 0 39 0 39 14 38 14 40 14 39 15 40 15 41 15 41 0 42 0 39 0 39 16 42 16 43 16 39 17 43 17 44 17 2 18 45 18 0 18 0 0 45 0 46 0 0 0 46 0 37 0 37 19 46 19 47 19 37 20 47 20 35 20 48 21 49 21 50 21 50 20 49 20 51 20 50 0 51 0 10 0 10 22 51 22 52 22 10 0 52 0 9 0 53 0 54 0 55 0 55 17 54 17 56 17 55 16 56 16 57 16 57 0 58 0 55 0 55 15 58 15 59 15 55 23 59 23 50 23 50 24 59 24 60 24 50 13 60 13 48 13 16 25 61 25 14 25 14 0 61 0 62 0 14 0 62 0 63 0 63 26 62 26 64 26 63 27 64 27 65 27 34 28 28 28 32 28 32 0 28 0 30 0 32 29 30 29 25 29 25 30 30 30 66 30 25 27 66 27 26 27 44 0 30 0 39 0 39 31 30 31 31 31 39 32 31 32 67 32 67 33 31 33 68 33 67 34 68 34 69 34 11 35 13 35 70 35 70 0 13 0 71 0 70 0 71 0 32 0 32 36 71 36 72 36 32 5 72 5 33 5 69 37 73 37 67 37 67 38 73 38 74 38 67 39 74 39 55 39 55 40 74 40 75 40 55 0 75 0 76 0 76 0 77 0 55 0 55 41 77 41 78 41 55 0 78 0 53 0 78 0 79 0 53 0 53 11 79 11 80 11 53 42 80 42 81 42 65 43 53 43 63 43 63 44 53 44 81 44 63 45 81 45 11 45 11 46 81 46 82 46 11 0 82 0 12 0 43 47 83 47 44 47 44 48 83 48 84 48 44 49 84 49 30 49 30 50 84 50 85 50 30 51 85 51 66 51 66 52 85 52 86 52 66 53 86 53 26 53 26 54 86 54 87 54 26 54 87 54 27 54 27 55 87 55 88 55 27 56 88 56 23 56 23 57 88 57 89 57 23 57 89 57 20 57 20 58 89 58 90 58 20 59 90 59 91 59 91 60 90 60 92 60 93 61 94 61 41 61 41 62 94 62 95 62 41 62 95 62 42 62 42 63 95 63 96 63 42 64 96 64 43 64 43 65 96 65 97 65 43 66 97 66 83 66 98 67 99 68 36 69 36 70 99 70 100 70 36 71 100 71 38 71 38 72 100 72 101 72 38 73 101 73 40 73 40 74 101 74 102 74 40 75 102 75 41 75 41 76 102 76 103 76 41 77 103 77 93 77 52 78 104 78 9 78 9 79 104 79 105 79 9 79 105 79 6 79 6 80 105 80 106 80 6 81 106 81 4 81 4 82 106 82 107 82 4 83 107 83 2 83 2 84 107 84 108 84 2 84 108 84 45 84 45 85 108 85 109 85 45 86 109 86 46 86 46 87 109 87 110 87 46 87 110 87 47 87 47 88 110 88 111 88 47 89 111 89 35 89 35 90 111 90 112 90 35 91 112 91 36 91 36 92 112 92 113 92 36 93 113 93 98 93 49 94 114 94 51 94 51 95 114 95 115 95 51 96 115 96 52 96 52 97 115 97 116 97 52 98 116 98 104 98 117 99 118 100 49 101 49 102 118 102 119 102 119 103 120 103 49 103 49 104 120 104 121 104 49 105 121 105 114 105 64 106 122 106 65 106 65 107 122 107 123 107 65 108 123 108 53 108 53 109 123 109 124 109 53 110 124 110 54 110 54 111 124 111 125 111 54 112 125 112 56 112 56 113 125 113 126 113 56 114 126 114 57 114 57 115 126 115 127 115 57 115 127 115 58 115 58 116 127 116 128 116 58 117 128 117 59 117 59 118 128 118 129 118 59 119 129 119 60 119 60 120 129 120 117 120 60 121 117 121 48 121 48 122 117 122 49 122 16 123 130 123 61 123 61 124 130 124 131 124 61 125 131 125 62 125 62 126 131 126 132 126 62 127 132 127 64 127 64 128 132 128 133 128 64 129 133 129 122 129 92 130 134 130 91 130 91 131 134 131 135 131 91 132 135 132 16 132 16 133 135 133 136 133 16 123 136 123 130 123 137 0 138 0 139 0 139 0 138 0 140 0 139 0 140 0 141 0 142 0 143 0 139 0 139 134 143 134 144 134 139 135 144 135 137 135 145 0 146 0 139 0 139 0 146 0 147 0 139 0 147 0 142 0 141 0 148 0 139 0 139 135 148 135 149 135 139 134 149 134 145 134 140 136 19 136 141 136 141 137 19 137 17 137 141 138 17 138 148 138 148 139 17 139 15 139 148 140 15 140 149 140 149 141 15 141 14 141 149 142 14 142 145 142 145 142 14 142 63 142 145 143 63 143 146 143 146 143 63 143 11 143 146 144 11 144 147 144 147 145 11 145 70 145 147 146 70 146 142 146 142 147 70 147 32 147 142 148 32 148 143 148 143 148 32 148 25 148 143 149 25 149 144 149 144 149 25 149 24 149 144 150 24 150 137 150 137 151 24 151 22 151 137 152 22 152 138 152 138 153 22 153 21 153 138 154 21 154 140 154 140 155 21 155 19 155 150 0 151 0 152 0 152 0 151 0 153 0 152 0 153 0 154 0 155 0 156 0 152 0 152 156 156 156 157 156 152 157 157 157 150 157 158 0 159 0 152 0 152 0 159 0 160 0 152 0 160 0 155 0 154 0 161 0 152 0 152 157 161 157 162 157 152 156 162 156 158 156 153 158 67 158 154 158 154 159 67 159 55 159 154 139 55 139 161 139 161 139 55 139 50 139 161 160 50 160 162 160 162 160 50 160 10 160 162 161 10 161 158 161 158 162 10 162 8 162 158 143 8 143 159 143 159 163 8 163 7 163 159 164 7 164 160 164 160 165 7 165 5 165 160 166 5 166 155 166 155 167 5 167 3 167 155 168 3 168 156 168 156 148 3 148 1 148 156 169 1 169 157 169 157 170 1 170 0 170 157 171 0 171 150 171 150 171 0 171 37 171 150 152 37 152 151 152 151 152 37 152 39 152 151 172 39 172 153 172 153 173 39 173 67 173 163 174 164 174 165 174 165 175 164 175 166 175 165 175 166 175 167 175 168 175 169 175 165 175 165 176 169 176 170 176 165 177 170 177 163 177 171 178 172 178 165 178 165 175 172 175 173 175 165 175 173 175 168 175 167 175 174 175 165 175 165 177 174 177 175 177 165 176 175 176 171 176 176 175 177 175 178 175 178 175 177 175 179 175 178 175 179 175 180 175 181 175 182 175 178 175 178 179 182 179 183 179 178 175 183 175 176 175 184 180 185 180 178 180 178 181 185 181 186 181 178 182 186 182 181 182 187 175 188 175 178 175 178 175 188 175 189 175 178 183 189 183 184 183 190 180 191 180 178 180 178 183 191 183 192 183 178 175 192 175 187 175 193 175 194 175 178 175 178 182 194 182 195 182 178 181 195 181 190 181 180 175 196 175 178 175 178 175 196 175 197 175 178 179 197 179 193 179 198 175 199 175 200 175 200 175 199 175 201 175 200 175 201 175 202 175 203 175 204 175 200 175 200 184 204 184 205 184 200 185 205 185 198 185 206 186 207 186 200 186 200 175 207 175 208 175 200 175 208 175 203 175 202 175 209 175 200 175 200 187 209 187 210 187 200 188 210 188 206 188 211 189 212 189 213 189 213 175 212 175 214 175 213 175 214 175 215 175 216 175 217 175 213 175 213 188 217 188 218 188 213 187 218 187 211 187 219 175 220 175 213 175 213 175 220 175 221 175 213 175 221 175 216 175 215 175 222 175 213 175 213 185 222 185 223 185 213 184 223 184 219 184 224 190 225 190 226 190 226 175 225 175 227 175 226 175 227 175 228 175 229 175 230 175 226 175 226 191 230 191 231 191 226 192 231 192 224 192 232 175 233 175 226 175 226 175 233 175 234 175 226 175 234 175 229 175 228 175 235 175 226 175 226 193 235 193 236 193 226 194 236 194 232 194 237 175 238 175 239 175 239 175 238 175 240 175 239 175 240 175 241 175 242 175 243 175 239 175 239 194 243 194 244 194 239 193 244 193 237 193 245 195 246 195 239 195 239 175 246 175 247 175 239 175 247 175 242 175 241 175 248 175 239 175 239 192 248 192 249 192 239 191 249 191 245 191 166 196 250 196 167 196 167 197 250 197 251 197 167 198 251 198 174 198 174 199 251 199 252 199 174 200 252 200 175 200 175 201 252 201 253 201 175 202 253 202 171 202 171 202 253 202 254 202 171 203 254 203 172 203 172 204 254 204 255 204 172 205 255 205 173 205 173 206 255 206 256 206 173 207 256 207 168 207 168 208 256 208 257 208 168 209 257 209 169 209 169 210 257 210 258 210 169 211 258 211 170 211 170 211 258 211 259 211 170 212 259 212 163 212 163 213 259 213 260 213 163 214 260 214 164 214 164 215 260 215 261 215 164 216 261 216 166 216 166 217 261 217 250 217 262 218 263 218 180 218 180 219 263 219 264 219 180 220 264 220 196 220 196 221 264 221 265 221 196 222 265 222 197 222 197 223 265 223 266 223 197 224 266 224 193 224 193 225 266 225 267 225 193 226 267 226 194 226 194 226 267 226 268 226 194 227 268 227 195 227 195 228 268 228 269 228 195 229 269 229 190 229 190 230 269 230 270 230 190 231 270 231 191 231 191 232 270 232 271 232 191 233 271 233 192 233 192 234 271 234 272 234 192 235 272 235 187 235 187 236 272 236 273 236 187 237 273 237 188 237 188 237 273 237 274 237 188 238 274 238 189 238 189 239 274 239 275 239 189 240 275 240 184 240 184 241 275 241 276 241 184 242 276 242 185 242 185 243 276 243 277 243 185 244 277 244 186 244 186 245 277 245 278 245 186 246 278 246 181 246 181 247 278 247 279 247 181 248 279 248 182 248 182 248 279 248 280 248 182 249 280 249 183 249 183 250 280 250 281 250 183 251 281 251 176 251 176 252 281 252 282 252 176 253 282 253 177 253 177 254 282 254 283 254 177 255 283 255 262 255 262 256 283 256 263 256 284 257 201 257 285 257 285 258 201 258 199 258 285 259 199 259 286 259 286 260 199 260 198 260 286 261 198 261 287 261 287 262 198 262 205 262 287 263 205 263 288 263 288 264 205 264 204 264 288 265 204 265 289 265 289 265 204 265 203 265 289 266 203 266 290 266 290 266 203 266 208 266 290 267 208 267 291 267 291 268 208 268 207 268 291 269 207 269 292 269 292 270 207 270 206 270 292 271 206 271 293 271 293 272 206 272 210 272 293 273 210 273 294 273 294 274 210 274 209 274 294 275 209 275 295 275 295 276 209 276 202 276 295 277 202 277 284 277 284 278 202 278 201 278 296 279 214 279 297 279 297 280 214 280 212 280 297 281 212 281 298 281 298 282 212 282 211 282 298 261 211 261 299 261 299 262 211 262 218 262 299 263 218 263 300 263 300 264 218 264 217 264 300 283 217 283 301 283 301 284 217 284 216 284 301 285 216 285 302 285 302 286 216 286 221 286 302 287 221 287 303 287 303 287 221 287 220 287 303 288 220 288 304 288 304 288 220 288 219 288 304 271 219 271 305 271 305 272 219 272 223 272 305 273 223 273 306 273 306 274 223 274 222 274 306 289 222 289 307 289 307 290 222 290 215 290 307 291 215 291 296 291 296 292 215 292 214 292 308 279 227 279 309 279 309 293 227 293 225 293 309 294 225 294 310 294 310 295 225 295 224 295 310 296 224 296 311 296 311 297 224 297 231 297 311 298 231 298 312 298 312 299 231 299 230 299 312 300 230 300 313 300 313 301 230 301 229 301 313 302 229 302 314 302 314 286 229 286 234 286 314 287 234 287 315 287 315 303 234 303 233 303 315 304 233 304 316 304 316 305 233 305 232 305 316 306 232 306 317 306 317 307 232 307 236 307 317 308 236 308 318 308 318 309 236 309 235 309 318 310 235 310 319 310 319 310 235 310 228 310 319 292 228 292 308 292 308 292 228 292 227 292 320 257 240 257 321 257 321 257 240 257 238 257 321 311 238 311 322 311 322 311 238 311 237 311 322 296 237 296 323 296 323 297 237 297 244 297 323 298 244 298 324 298 324 299 244 299 243 299 324 312 243 312 325 312 325 313 243 313 242 313 325 314 242 314 326 314 326 266 242 266 247 266 326 267 247 267 327 267 327 315 247 315 246 315 327 316 246 316 328 316 328 317 246 317 245 317 328 306 245 306 329 306 329 307 245 307 249 307 329 308 249 308 330 308 330 309 249 309 248 309 330 318 248 318 331 318 331 319 248 319 241 319 331 320 241 320 320 320 320 278 241 278 240 278 251 321 332 321 252 321 252 322 332 322 333 322 252 323 333 323 253 323 253 324 333 324 334 324 253 325 334 325 254 325 254 326 334 326 335 326 254 327 335 327 255 327 255 328 335 328 336 328 255 329 336 329 337 329 337 330 336 330 338 330 337 331 338 331 257 331 257 332 338 332 339 332 257 333 339 333 258 333 258 334 339 334 340 334 258 335 340 335 259 335 259 336 340 336 341 336 259 337 341 337 260 337 260 338 341 338 342 338 260 339 342 339 261 339 261 340 342 340 343 340 261 341 343 341 344 341 344 342 343 342 345 342 344 343 345 343 251 343 251 344 345 344 332 344 272 345 271 345 346 345 320 346 347 346 331 346 331 347 347 347 348 347 331 348 348 348 330 348 330 349 348 349 349 349 330 350 349 350 346 350 346 175 349 175 350 175 346 175 350 175 351 175 351 175 350 175 352 175 320 175 321 175 347 175 347 175 321 175 322 175 347 175 322 175 353 175 354 175 355 175 356 175 353 175 322 175 357 175 357 351 322 351 323 351 357 175 323 175 358 175 358 352 323 352 324 352 358 175 324 175 325 175 355 175 354 175 359 175 289 175 360 175 288 175 288 175 360 175 361 175 288 175 361 175 287 175 287 353 361 353 362 353 287 175 362 175 286 175 286 175 362 175 359 175 286 175 359 175 285 175 285 175 359 175 354 175 285 354 354 354 284 354 289 175 290 175 360 175 360 175 290 175 363 175 360 355 363 355 364 355 364 356 363 356 365 356 365 175 332 175 366 175 366 175 332 175 367 175 366 175 367 175 368 175 301 175 369 175 370 175 370 357 369 357 371 357 370 175 371 175 368 175 372 175 373 175 374 175 301 358 302 358 369 358 369 175 302 175 303 175 369 175 303 175 375 175 375 175 303 175 304 175 375 175 304 175 376 175 376 359 304 359 305 359 376 175 305 175 377 175 377 360 305 360 306 360 377 175 306 175 307 175 373 175 372 175 378 175 265 175 264 175 379 175 379 361 264 361 380 361 379 175 380 175 381 175 381 361 380 361 283 361 381 175 283 175 282 175 326 362 354 362 325 362 325 175 354 175 356 175 325 363 356 363 358 363 290 175 291 175 363 175 363 175 291 175 292 175 363 175 292 175 379 175 379 364 292 364 293 364 379 175 293 175 265 175 265 365 293 365 294 365 265 366 294 366 266 366 266 367 294 367 295 367 266 368 295 368 267 368 267 175 295 175 284 175 267 175 284 175 268 175 268 369 284 369 354 369 268 175 354 175 269 175 269 175 354 175 326 175 269 370 326 370 270 370 270 371 326 371 327 371 270 372 327 372 271 372 271 373 327 373 328 373 271 175 328 175 346 175 346 374 328 374 329 374 346 375 329 375 330 375 276 345 275 345 351 345 351 175 275 175 274 175 351 175 274 175 346 175 346 376 274 376 273 376 346 175 273 175 272 175 372 377 279 377 278 377 317 175 318 175 382 175 382 175 318 175 319 175 382 378 319 378 383 378 383 175 319 175 308 175 383 175 308 175 384 175 384 175 308 175 309 175 384 175 309 175 352 175 352 175 309 175 310 175 352 175 310 175 351 175 351 375 310 375 311 375 351 379 311 379 276 379 276 380 311 380 312 380 276 381 312 381 277 381 277 175 312 175 313 175 277 382 313 382 278 382 278 175 313 175 314 175 278 175 314 175 372 175 372 175 314 175 315 175 372 175 315 175 378 175 378 175 315 175 316 175 378 175 316 175 385 175 385 383 316 383 317 383 385 384 317 384 382 384 296 354 372 354 307 354 307 175 372 175 374 175 307 385 374 385 377 385 279 386 372 386 280 386 280 387 372 387 296 387 280 388 296 388 281 388 281 389 296 389 297 389 281 175 297 175 282 175 282 390 297 390 298 390 282 175 298 175 381 175 381 391 298 391 299 391 381 175 299 175 370 175 370 392 299 392 300 392 370 175 300 175 301 175 367 175 343 175 368 175 368 393 343 393 342 393 368 175 342 175 370 175 370 394 342 394 341 394 370 175 341 175 381 175 381 395 341 395 340 395 379 175 335 175 363 175 363 396 335 396 334 396 363 397 334 397 365 397 365 398 334 398 333 398 365 393 333 393 332 393 340 175 339 175 381 175 381 399 339 399 338 399 381 175 338 175 379 175 379 399 338 399 336 399 379 175 336 175 335 175 386 400 349 400 387 400 387 401 349 401 348 401 387 402 348 402 388 402 388 403 348 403 347 403 388 403 347 403 389 403 389 404 347 404 353 404 389 404 353 404 390 404 390 405 353 405 357 405 390 406 357 406 391 406 391 407 357 407 358 407 391 408 358 408 392 408 392 409 358 409 356 409 392 410 356 410 393 410 393 115 356 115 355 115 393 115 355 115 394 115 394 411 355 411 359 411 394 412 359 412 395 412 395 413 359 413 362 413 395 414 362 414 396 414 396 415 362 415 361 415 396 416 361 416 397 416 397 417 361 417 360 417 397 417 360 417 398 417 398 418 360 418 364 418 398 418 364 418 399 418 399 419 364 419 365 419 399 420 365 420 400 420 400 421 365 421 366 421 400 422 366 422 401 422 401 423 366 423 368 423 401 424 368 424 402 424 402 425 368 425 371 425 402 426 371 426 403 426 403 427 371 427 369 427 403 427 369 427 404 427 404 428 369 428 375 428 404 428 375 428 405 428 405 429 375 429 376 429 405 430 376 430 406 430 406 431 376 431 377 431 406 432 377 432 407 432 407 433 377 433 374 433 407 434 374 434 408 434 408 62 374 62 373 62 408 62 373 62 409 62 409 435 373 435 378 435 409 436 378 436 410 436 410 437 378 437 385 437 410 438 385 438 411 438 411 439 385 439 382 439 411 440 382 440 412 440 412 441 382 441 383 441 412 441 383 441 413 441 413 442 383 442 384 442 413 442 384 442 414 442 414 443 384 443 352 443 414 444 352 444 415 444 415 445 352 445 350 445 415 446 350 446 386 446 386 447 350 447 349 447 416 448 417 448 418 448 418 175 417 175 419 175 418 175 419 175 420 175 421 175 422 175 418 175 418 449 422 449 423 449 418 450 423 450 416 450 424 451 425 451 418 451 418 175 425 175 426 175 418 175 426 175 421 175 420 452 427 452 418 452 418 453 427 453 428 453 418 454 428 454 424 454 429 175 430 175 431 175 431 175 430 175 432 175 431 175 432 175 433 175 434 175 435 175 431 175 431 455 435 455 436 455 431 456 436 456 429 456 437 175 438 175 431 175 431 175 438 175 439 175 431 175 439 175 434 175 433 175 440 175 431 175 431 457 440 457 441 457 431 458 441 458 437 458 442 175 443 175 444 175 444 175 443 175 445 175 444 175 445 175 446 175 447 175 448 175 444 175 444 459 448 459 449 459 444 460 449 460 442 460 450 175 451 175 444 175 444 175 451 175 452 175 444 175 452 175 447 175 446 175 453 175 444 175 444 461 453 461 454 461 444 462 454 462 450 462 455 463 456 463 457 463 457 175 456 175 458 175 457 175 458 175 459 175 460 175 461 175 457 175 457 464 461 464 462 464 457 465 462 465 455 465 463 466 464 466 457 466 457 175 464 175 465 175 457 175 465 175 460 175 459 467 466 467 457 467 457 468 466 468 467 468 457 469 467 469 463 469 468 470 469 470 470 470 470 175 469 175 471 175 470 175 471 175 472 175 473 471 474 471 470 471 470 469 474 469 475 469 470 468 475 468 468 468 476 472 477 472 470 472 470 175 477 175 478 175 470 175 478 175 473 175 472 175 479 175 470 175 470 465 479 465 480 465 470 464 480 464 476 464 481 175 482 175 483 175 483 175 482 175 484 175 483 175 484 175 485 175 486 175 487 175 483 175 483 462 487 462 488 462 483 461 488 461 481 461 489 175 490 175 483 175 483 175 490 175 491 175 483 175 491 175 486 175 485 175 492 175 483 175 483 460 492 460 493 460 483 459 493 459 489 459 494 175 495 175 496 175 496 175 495 175 497 175 496 175 497 175 498 175 499 175 500 175 496 175 496 458 500 458 501 458 496 457 501 457 494 457 502 175 503 175 496 175 496 175 503 175 504 175 496 175 504 175 499 175 498 175 505 175 496 175 496 456 505 456 506 456 496 455 506 455 502 455 507 473 508 473 509 473 509 175 508 175 510 175 509 175 510 175 511 175 512 474 513 474 509 474 509 454 513 454 514 454 509 453 514 453 507 453 515 475 516 475 509 475 509 175 516 175 517 175 509 175 517 175 512 175 511 175 518 175 509 175 509 450 518 450 519 450 509 449 519 449 515 449 520 476 521 476 522 476 522 175 521 175 523 175 522 175 523 175 524 175 525 477 526 477 522 477 522 478 526 478 527 478 522 479 527 479 520 479 528 175 529 175 522 175 522 175 529 175 530 175 522 175 530 175 525 175 524 175 531 175 522 175 522 480 531 480 532 480 522 481 532 481 528 481 533 175 534 175 535 175 535 175 534 175 536 175 535 175 536 175 537 175 538 175 539 175 535 175 535 482 539 482 540 482 535 483 540 483 533 483 541 175 542 175 535 175 535 175 542 175 543 175 535 175 543 175 538 175 537 175 544 175 535 175 535 484 544 484 545 484 535 485 545 485 541 485 546 175 547 175 548 175 548 175 547 175 549 175 548 175 549 175 550 175 551 175 552 175 548 175 548 486 552 486 553 486 548 487 553 487 546 487 554 175 555 175 548 175 548 175 555 175 556 175 548 175 556 175 551 175 550 175 557 175 548 175 548 488 557 488 558 488 548 489 558 489 554 489 390 175 559 175 389 175 389 490 559 490 560 490 389 175 560 175 388 175 388 491 560 491 561 491 388 175 561 175 387 175 387 492 561 492 562 492 387 175 562 175 563 175 563 175 562 175 564 175 563 175 564 175 415 175 415 175 564 175 565 175 415 493 565 493 414 493 414 175 565 175 566 175 414 175 566 175 413 175 398 175 567 175 397 175 397 494 567 494 568 494 397 495 568 495 396 495 396 496 568 496 569 496 396 497 569 497 395 497 395 498 569 498 570 498 395 499 570 499 394 499 394 500 570 500 571 500 394 175 571 175 393 175 393 175 571 175 572 175 393 175 572 175 392 175 392 501 572 501 573 501 392 175 573 175 391 175 391 502 573 502 574 502 391 175 574 175 390 175 390 503 574 503 575 503 390 504 575 504 559 504 566 505 576 505 413 505 413 490 576 490 577 490 413 175 577 175 412 175 412 504 577 504 578 504 412 506 578 506 411 506 411 507 578 507 579 507 411 508 579 508 410 508 410 509 579 509 580 509 410 510 580 510 409 510 409 511 580 511 581 511 409 175 581 175 408 175 408 175 581 175 582 175 408 175 582 175 407 175 407 512 582 512 583 512 407 175 583 175 406 175 406 513 583 513 584 513 406 175 584 175 405 175 584 514 585 514 405 514 405 494 585 494 586 494 405 175 586 175 404 175 404 515 586 515 587 515 404 175 587 175 403 175 403 516 587 516 588 516 403 175 588 175 402 175 402 517 588 517 589 517 402 175 589 175 401 175 401 175 589 175 590 175 401 175 590 175 400 175 400 175 590 175 591 175 400 518 591 518 399 518 399 175 591 175 592 175 399 175 592 175 398 175 398 519 592 519 593 519 398 515 593 515 567 515 594 175 595 175 596 175 596 175 595 175 597 175 596 175 597 175 598 175 599 175 600 175 596 175 596 520 600 520 601 520 596 521 601 521 594 521 602 175 603 175 596 175 596 175 603 175 604 175 596 175 604 175 599 175 598 175 605 175 596 175 596 522 605 522 606 522 596 523 606 523 602 523 607 524 608 524 609 524 609 175 608 175 610 175 609 175 610 175 611 175 612 175 613 175 609 175 609 525 613 525 614 525 609 526 614 526 607 526 615 527 616 527 609 527 609 175 616 175 617 175 609 175 617 175 612 175 611 175 618 175 609 175 609 526 618 526 619 526 609 525 619 525 615 525 620 175 621 175 622 175 622 175 621 175 623 175 622 175 623 175 624 175 625 175 626 175 622 175 622 523 626 523 627 523 622 522 627 522 620 522 628 175 629 175 622 175 622 175 629 175 630 175 622 175 630 175 625 175 624 175 631 175 622 175 622 521 631 521 632 521 622 520 632 520 628 520 633 528 634 528 635 528 635 175 634 175 636 175 635 175 636 175 637 175 638 175 639 175 635 175 635 529 639 529 640 529 635 530 640 530 633 530 641 531 642 531 635 531 635 175 642 175 643 175 635 175 643 175 638 175 637 175 644 175 635 175 635 530 644 530 645 530 635 529 645 529 641 529 646 532 417 532 647 532 647 533 417 533 416 533 647 534 416 534 648 534 648 535 416 535 423 535 648 536 423 536 649 536 649 537 423 537 422 537 649 538 422 538 650 538 650 539 422 539 421 539 650 540 421 540 651 540 651 541 421 541 426 541 651 542 426 542 652 542 652 543 426 543 425 543 652 544 425 544 653 544 653 545 425 545 424 545 653 546 424 546 654 546 654 547 424 547 428 547 654 548 428 548 655 548 655 549 428 549 427 549 655 550 427 550 656 550 656 551 427 551 420 551 656 552 420 552 657 552 657 553 420 553 419 553 657 554 419 554 646 554 646 555 419 555 417 555 658 556 430 556 659 556 659 557 430 557 429 557 659 558 429 558 660 558 660 559 429 559 436 559 660 560 436 560 661 560 661 561 436 561 435 561 661 562 435 562 662 562 662 563 435 563 434 563 662 564 434 564 663 564 663 565 434 565 439 565 663 566 439 566 664 566 664 567 439 567 438 567 664 568 438 568 665 568 665 569 438 569 437 569 665 570 437 570 666 570 666 571 437 571 441 571 666 572 441 572 667 572 667 573 441 573 440 573 667 574 440 574 668 574 668 575 440 575 433 575 668 576 433 576 669 576 669 577 433 577 432 577 669 578 432 578 658 578 658 579 432 579 430 579 670 580 443 580 671 580 671 581 443 581 442 581 671 582 442 582 672 582 672 583 442 583 449 583 672 584 449 584 673 584 673 585 449 585 448 585 673 586 448 586 674 586 674 587 448 587 447 587 674 588 447 588 675 588 675 589 447 589 452 589 675 590 452 590 676 590 676 591 452 591 451 591 676 592 451 592 677 592 677 593 451 593 450 593 677 594 450 594 678 594 678 595 450 595 454 595 678 596 454 596 679 596 679 597 454 597 453 597 679 598 453 598 680 598 680 599 453 599 446 599 680 600 446 600 681 600 681 601 446 601 445 601 681 602 445 602 670 602 670 603 445 603 443 603 682 604 456 604 683 604 683 605 456 606 455 605 683 607 455 607 684 607 684 608 455 608 462 608 684 609 462 609 685 609 685 610 462 610 461 610 685 611 461 611 686 611 686 612 461 612 460 612 686 613 460 613 687 613 687 614 460 614 465 614 687 615 465 615 688 615 688 616 465 616 464 616 688 617 464 617 689 617 689 618 464 618 463 618 689 619 463 619 690 619 690 620 463 620 467 620 690 621 467 621 691 621 691 622 467 622 466 622 691 623 466 623 692 623 692 624 466 624 459 624 692 625 459 625 693 625 693 626 459 626 458 626 693 627 458 627 682 627 682 628 458 628 456 628 694 629 469 629 695 629 695 630 469 630 468 630 695 631 468 631 696 631 696 632 468 632 475 632 696 633 475 633 697 633 697 634 475 634 474 634 697 635 474 635 698 635 698 636 474 636 473 636 698 637 473 637 699 637 699 638 473 638 478 638 699 639 478 639 700 639 700 640 478 640 477 640 700 641 477 641 701 641 701 642 477 642 476 642 701 643 476 643 702 643 702 644 476 644 480 644 702 645 480 645 703 645 703 646 480 646 479 646 703 647 479 647 704 647 704 648 479 648 472 648 704 649 472 649 705 649 705 650 472 650 471 650 705 651 471 651 694 651 694 652 471 652 469 652 706 653 482 653 707 653 707 654 482 654 481 654 707 655 481 655 708 655 708 656 481 656 488 656 708 657 488 657 709 657 709 658 488 658 487 658 709 659 487 659 710 659 710 660 487 660 486 660 710 661 486 661 711 661 711 662 486 662 491 662 711 663 491 663 712 663 712 664 491 664 490 664 712 665 490 665 713 665 713 666 490 666 489 666 713 667 489 667 714 667 714 668 489 668 493 668 714 669 493 669 715 669 715 670 493 670 492 670 715 671 492 671 716 671 716 672 492 672 485 672 716 673 485 673 717 673 717 674 485 674 484 674 717 675 484 675 706 675 706 676 484 676 482 676 718 677 495 677 719 677 719 678 495 678 494 678 719 679 494 679 720 679 720 680 494 680 501 680 720 681 501 681 721 681 721 682 501 682 500 682 721 683 500 683 722 683 722 684 500 684 499 684 722 685 499 685 723 685 723 686 499 686 504 686 723 687 504 687 724 687 724 688 504 688 503 688 724 689 503 689 725 689 725 690 503 690 502 690 725 691 502 691 726 691 726 692 502 692 506 692 726 693 506 693 727 693 727 694 506 694 505 694 727 695 505 695 728 695 728 696 505 696 498 696 728 697 498 697 729 697 729 698 498 698 497 698 729 699 497 699 718 699 718 700 497 700 495 700 730 701 508 701 731 701 731 702 508 702 507 702 731 703 507 703 732 703 732 704 507 704 514 704 732 705 514 705 733 705 733 706 514 706 513 706 733 707 513 707 734 707 734 708 513 708 512 708 734 709 512 709 735 709 735 710 512 710 517 710 735 711 517 711 736 711 736 712 517 712 516 712 736 713 516 713 737 713 737 714 516 715 515 714 737 716 515 716 738 716 738 717 515 717 519 717 738 718 519 718 739 718 739 719 519 719 518 719 739 720 518 720 740 720 740 721 518 721 511 721 740 722 511 722 741 722 741 723 511 723 510 723 741 724 510 724 730 724 730 725 510 725 508 725 742 726 521 726 743 726 743 727 521 727 520 727 743 728 520 728 744 728 744 729 520 729 527 729 744 730 527 730 745 730 745 731 527 731 526 731 745 732 526 732 746 732 746 733 526 733 525 733 746 734 525 734 747 734 747 735 525 735 530 735 747 736 530 736 748 736 748 737 530 737 529 737 748 738 529 738 749 738 749 739 529 739 528 739 749 740 528 740 750 740 750 741 528 741 532 741 750 742 532 742 751 742 751 743 532 743 531 743 751 744 531 744 752 744 752 745 531 745 524 745 752 746 524 746 753 746 753 747 524 747 523 747 753 748 523 748 742 748 742 749 523 749 521 749 754 750 534 750 755 750 755 751 534 751 533 751 755 752 533 752 756 752 756 753 533 754 540 755 756 756 540 756 757 756 757 757 540 757 539 757 757 758 539 758 758 758 758 759 539 759 538 759 758 760 538 760 759 760 759 761 538 761 543 761 759 762 543 762 760 762 760 763 543 763 542 763 760 764 542 764 761 764 761 765 542 765 541 765 761 766 541 766 762 766 762 767 541 767 545 767 762 768 545 768 763 768 763 769 545 769 544 769 763 770 544 770 764 770 764 771 544 771 537 771 764 772 537 772 765 772 765 773 537 773 536 773 765 774 536 774 754 774 754 775 536 775 534 775 766 776 547 776 767 776 767 777 547 777 546 777 767 778 546 778 768 778 768 779 546 779 553 779 768 780 553 780 769 780 769 781 553 781 552 781 769 782 552 782 770 782 770 783 552 783 551 783 770 784 551 784 771 784 771 785 551 785 556 785 771 786 556 786 772 786 772 787 556 787 555 787 772 788 555 788 773 788 773 789 555 789 554 789 773 790 554 790 774 790 774 791 554 791 558 791 774 792 558 792 775 792 775 793 558 793 557 793 775 794 557 794 776 794 776 795 557 795 550 795 776 796 550 796 777 796 777 797 550 797 549 797 777 798 549 798 766 798 766 799 549 799 547 799 778 800 779 800 567 800 567 801 779 801 568 801 779 802 780 802 568 802 568 803 780 803 781 803 568 804 781 804 569 804 569 805 781 805 782 805 569 806 782 806 570 806 570 807 782 807 783 807 570 808 783 808 571 808 571 115 783 115 784 115 571 115 784 115 572 115 572 809 784 809 785 809 572 810 785 810 573 810 573 811 785 811 786 811 573 812 786 812 574 812 574 813 786 813 787 813 574 814 787 814 575 814 575 815 787 815 788 815 575 816 788 816 559 816 788 817 789 817 559 817 559 818 789 818 790 818 559 819 790 819 560 819 560 820 790 820 791 820 560 821 791 821 561 821 561 822 791 822 792 822 561 823 792 823 562 823 562 824 792 824 793 824 562 825 793 825 564 825 564 826 793 826 794 826 564 827 794 827 565 827 565 828 794 828 795 828 565 829 795 829 566 829 566 830 795 830 796 830 566 831 796 831 576 831 576 832 796 832 797 832 576 833 797 833 577 833 577 834 797 834 798 834 577 835 798 835 578 835 578 836 798 836 799 836 578 837 799 837 579 837 579 838 799 838 800 838 579 839 800 839 580 839 580 840 800 840 801 840 580 841 801 841 581 841 581 62 801 62 802 62 581 62 802 62 582 62 582 842 802 842 803 842 582 843 803 843 583 843 583 844 803 844 804 844 583 845 804 845 584 845 584 846 804 846 805 846 584 847 805 847 585 847 585 848 805 848 806 848 585 849 806 849 586 849 586 850 806 850 807 850 586 851 807 851 587 851 587 852 807 852 808 852 587 853 808 853 588 853 588 854 808 854 809 854 588 855 809 855 589 855 589 856 809 856 810 856 589 857 810 857 811 857 811 858 810 858 812 858 811 859 812 859 591 859 591 860 812 860 813 860 591 861 813 861 592 861 592 862 813 862 814 862 592 863 814 863 593 863 593 864 814 864 815 864 593 865 815 865 567 865 567 866 815 866 816 866 567 867 816 867 778 867 817 868 595 868 818 868 818 869 595 869 594 869 818 870 594 870 819 870 819 871 594 871 820 871 819 871 820 871 821 871 821 872 820 872 600 872 821 872 600 872 822 872 822 873 600 873 599 873 822 874 599 874 823 874 823 875 599 875 604 875 823 876 604 876 824 876 824 877 604 877 603 877 824 878 603 878 825 878 825 879 603 879 602 879 825 880 602 880 826 880 826 881 602 881 827 881 826 881 827 881 828 881 828 882 827 882 605 882 828 882 605 882 829 882 829 883 605 883 598 883 829 884 598 884 830 884 830 885 598 885 597 885 830 886 597 886 817 886 817 887 597 887 595 887 831 888 608 888 832 888 832 889 608 889 607 889 832 890 607 890 833 890 833 891 607 891 614 891 833 892 614 892 834 892 834 893 614 893 613 893 834 894 613 894 835 894 835 895 613 895 612 895 835 896 612 896 836 896 836 897 612 897 617 897 836 898 617 898 837 898 837 899 617 899 616 899 837 900 616 900 838 900 838 901 616 901 615 901 838 902 615 902 839 902 839 903 615 903 619 903 839 904 619 904 840 904 840 905 619 905 618 905 840 906 618 906 841 906 841 907 618 907 611 907 841 908 611 908 842 908 842 909 611 909 610 909 842 910 610 910 831 910 831 911 610 911 608 911 843 912 621 912 844 912 844 913 621 913 620 913 844 914 620 914 845 914 845 915 620 915 846 915 845 915 846 915 847 915 847 916 846 916 626 916 847 916 626 916 848 916 848 917 626 917 625 917 848 918 625 918 849 918 849 919 625 919 630 919 849 920 630 920 850 920 850 921 630 921 629 921 850 922 629 922 851 922 851 923 629 923 628 923 851 924 628 924 852 924 852 925 628 925 853 925 852 925 853 925 854 925 854 926 853 926 631 926 854 926 631 926 855 926 855 927 631 927 624 927 855 928 624 928 856 928 856 929 624 929 623 929 856 930 623 930 843 930 843 931 623 931 621 931 857 932 634 932 858 932 858 933 634 933 633 933 858 934 633 934 859 934 859 935 633 935 640 935 859 936 640 936 860 936 860 937 640 937 639 937 860 938 639 938 861 938 861 939 639 939 638 939 861 940 638 940 862 940 862 941 638 941 643 941 862 942 643 942 863 942 863 943 643 943 642 943 863 944 642 944 864 944 864 945 642 945 641 945 864 946 641 946 865 946 865 947 641 947 645 947 865 948 645 948 866 948 866 949 645 949 644 949 866 950 644 950 867 950 867 951 644 951 637 951 867 952 637 952 868 952 868 953 637 953 636 953 868 954 636 954 857 954 857 955 636 955 634 955 652 956 869 956 651 956 651 957 869 957 870 957 651 958 870 958 650 958 650 959 870 959 871 959 650 959 871 959 649 959 649 960 871 960 872 960 649 961 872 961 648 961 648 962 872 962 873 962 648 963 873 963 647 963 647 964 873 964 874 964 647 965 874 965 646 965 646 966 874 966 875 966 646 966 875 966 657 966 657 300 875 300 876 300 657 967 876 967 656 967 656 968 876 968 877 968 656 969 877 969 655 969 655 970 877 970 878 970 655 970 878 970 654 970 654 971 878 971 879 971 654 972 879 972 653 972 653 973 879 973 880 973 653 973 880 973 652 973 652 974 880 974 869 974 664 975 881 975 663 975 663 275 881 275 882 275 663 976 882 976 662 976 662 977 882 977 883 977 662 978 883 978 661 978 661 979 883 979 884 979 661 979 884 979 660 979 660 980 884 980 885 980 660 981 885 981 659 981 659 982 885 982 886 982 659 983 886 983 658 983 658 984 886 984 887 984 658 985 887 985 669 985 669 986 887 986 888 986 669 987 888 987 668 987 668 969 888 969 889 969 668 969 889 969 667 969 667 970 889 970 890 970 667 988 890 988 666 988 666 971 890 971 891 971 666 972 891 972 665 972 665 989 891 989 892 989 665 990 892 990 664 990 664 991 892 991 881 991 676 992 893 992 675 992 675 993 893 993 894 993 675 994 894 994 674 994 674 995 894 995 895 995 674 995 895 995 673 995 673 996 895 996 896 996 673 997 896 997 672 997 672 998 896 998 897 998 672 999 897 999 671 999 671 1000 897 1000 898 1000 671 1001 898 1001 670 1001 670 1002 898 1002 899 1002 670 1003 899 1003 681 1003 681 300 899 300 900 300 681 967 900 967 680 967 680 1004 900 1004 901 1004 680 1005 901 1005 679 1005 679 1006 901 1006 902 1006 679 1006 902 1006 678 1006 678 1007 902 1007 903 1007 678 1008 903 1008 677 1008 677 1009 903 1009 904 1009 677 1010 904 1010 676 1010 676 1011 904 1011 893 1011 688 956 905 956 687 956 687 957 905 957 906 957 687 958 906 958 686 958 686 1012 906 1012 907 1012 686 1013 907 1013 685 1013 685 1014 907 1014 908 1014 685 1014 908 1014 684 1014 684 962 908 962 909 962 684 963 909 963 683 963 683 964 909 964 910 964 683 965 910 965 682 965 682 966 910 966 911 966 682 966 911 966 693 966 693 300 911 300 912 300 693 967 912 967 692 967 692 1005 912 1005 913 1005 692 1005 913 1005 691 1005 691 1006 913 1006 914 1006 691 1015 914 1015 690 1015 690 971 914 971 915 971 690 972 915 972 689 972 689 973 915 973 916 973 689 973 916 973 688 973 688 974 916 974 905 974 700 1016 917 1016 699 1016 699 275 917 275 918 275 699 976 918 976 698 976 698 1017 918 1017 919 1017 698 995 919 995 697 995 697 996 919 996 920 996 697 996 920 996 696 996 696 998 920 998 921 998 696 999 921 999 695 999 695 1018 921 1018 922 1018 695 1018 922 1018 694 1018 694 1019 922 1019 923 1019 694 1020 923 1020 705 1020 705 1021 923 1021 924 1021 705 1022 924 1022 704 1022 704 1023 924 1023 925 1023 704 1023 925 1023 703 1023 703 1024 925 1024 926 1024 703 1025 926 1025 702 1025 702 1026 926 1026 927 1026 702 1027 927 1027 701 1027 701 1028 927 1028 928 1028 701 1029 928 1029 700 1029 700 1016 928 1016 917 1016 712 1030 929 1030 711 1030 711 993 929 993 930 993 711 994 930 994 710 994 710 995 930 995 931 995 710 995 931 995 709 995 709 996 931 996 932 996 709 997 932 997 708 997 708 998 932 998 933 998 708 999 933 999 707 999 707 1031 933 1031 934 1031 707 1032 934 1032 706 1032 706 1033 934 1033 935 1033 706 1034 935 1034 717 1034 717 300 935 300 936 300 717 967 936 967 716 967 716 1004 936 1004 937 1004 716 1005 937 1005 715 1005 715 1006 937 1006 938 1006 715 1006 938 1006 714 1006 714 1007 938 1007 939 1007 714 1008 939 1008 713 1008 713 1035 939 1035 940 1035 713 1036 940 1036 712 1036 712 1037 940 1037 929 1037 724 1038 941 1038 723 1038 723 275 941 275 942 275 723 976 942 976 722 976 722 977 942 977 943 977 722 978 943 978 721 978 721 979 943 979 944 979 721 979 944 979 720 979 720 980 944 980 945 980 720 981 945 981 719 981 719 1039 945 1039 946 1039 719 1040 946 1040 718 1040 718 1041 946 1041 947 1041 718 1042 947 1042 729 1042 729 986 947 986 948 986 729 987 948 987 728 987 728 969 948 969 949 969 728 969 949 969 727 969 727 970 949 970 950 970 727 988 950 988 726 988 726 971 950 971 951 971 726 972 951 972 725 972 725 1043 951 1043 952 1043 725 1044 952 1044 724 1044 724 1045 952 1045 941 1045 736 1016 953 1016 735 1016 735 275 953 275 954 275 735 976 954 976 734 976 734 978 954 978 955 978 734 978 955 978 733 978 733 979 955 979 956 979 733 1046 956 1046 732 1046 732 998 956 998 957 998 732 999 957 999 731 999 731 1018 957 1018 958 1018 731 1018 958 1018 730 1018 730 1019 958 1019 959 1019 730 1020 959 1020 741 1020 741 1021 959 1021 960 1021 741 1022 960 1022 740 1022 740 1047 960 1047 961 1047 740 1048 961 1048 739 1048 739 1049 961 1049 962 1049 739 1049 962 1049 738 1049 738 1026 962 1026 963 1026 738 1027 963 1027 737 1027 737 1028 963 1028 964 1028 737 1029 964 1029 736 1029 736 1016 964 1016 953 1016 748 1050 965 1050 747 1050 747 1051 965 1051 966 1051 747 1052 966 1052 746 1052 746 1053 966 1053 967 1053 746 1053 967 1053 745 1053 745 1054 967 1054 968 1054 745 1055 968 1055 744 1055 744 1056 968 1056 969 1056 744 1057 969 1057 743 1057 743 1058 969 1058 970 1058 743 1059 970 1059 742 1059 742 1060 970 1060 971 1060 742 1061 971 1061 753 1061 753 1062 971 1062 972 1062 753 1063 972 1063 752 1063 752 1064 972 1064 973 1064 752 1065 973 1065 751 1065 751 1066 973 1066 974 1066 751 1066 974 1066 750 1066 750 1067 974 1067 975 1067 750 1068 975 1068 749 1068 749 1069 975 1069 976 1069 749 1070 976 1070 748 1070 748 1071 976 1071 965 1071 760 1072 977 1072 759 1072 759 1073 977 1073 978 1073 759 1073 978 1073 758 1073 758 1074 978 1074 979 1074 758 1074 979 1074 757 1074 757 1075 979 1075 980 1075 757 1075 980 1075 756 1075 756 1076 980 1076 981 1076 756 1076 981 1076 755 1076 755 1077 981 1077 982 1077 755 1078 982 1078 754 1078 754 1079 982 1079 983 1079 754 1080 983 1080 765 1080 765 1081 983 1081 984 1081 765 1081 984 1081 764 1081 764 1082 984 1082 985 1082 764 1083 985 1083 763 1083 763 1084 985 1084 986 1084 763 1085 986 1085 762 1085 762 1086 986 1086 987 1086 762 1086 987 1086 761 1086 761 1087 987 1087 988 1087 761 1088 988 1088 760 1088 760 1089 988 1089 977 1089 772 1090 989 1090 771 1090 771 1091 989 1091 990 1091 771 1092 990 1092 770 1092 770 1093 990 1093 991 1093 770 1093 991 1093 769 1093 769 1094 991 1094 992 1094 769 1094 992 1094 768 1094 768 1095 992 1095 993 1095 768 1096 993 1096 767 1096 767 1097 993 1097 994 1097 767 1098 994 1098 766 1098 766 1099 994 1099 995 1099 766 1100 995 1100 777 1100 777 1101 995 1101 996 1101 777 1102 996 1102 776 1102 776 1103 996 1103 997 1103 776 1104 997 1104 775 1104 775 1105 997 1105 998 1105 775 1106 998 1106 774 1106 774 1107 998 1107 999 1107 774 1108 999 1108 773 1108 773 1109 999 1109 1000 1109 773 1110 1000 1110 772 1110 772 1111 1000 1111 989 1111 823 1112 824 1112 1001 1112 782 175 781 175 1002 175 995 1113 994 1113 1003 1113 815 1114 1004 1114 816 1114 809 1115 808 1115 1005 1115 805 1116 1006 1116 806 1116 801 175 800 175 1007 175 85 1117 1008 1117 86 1117 100 175 1009 175 101 175 113 1118 112 1118 1010 1118 114 1119 1011 1119 115 1119 132 175 1012 175 133 175 130 175 1013 175 131 175 92 175 90 175 134 175 135 1120 1014 1120 984 1120 135 1121 984 1121 136 1121 980 175 1013 175 981 175 981 1122 1013 1122 130 1122 981 1123 130 1123 982 1123 982 175 130 175 136 175 982 1124 136 1124 983 1124 983 1125 136 1125 984 1125 786 1126 785 1126 892 1126 123 175 122 175 886 175 1015 1127 888 1127 887 1127 1012 175 1016 175 133 175 133 175 1016 175 1015 175 133 1128 1015 1128 122 1128 122 175 1015 175 887 175 122 175 887 175 886 175 889 175 787 175 890 175 890 175 787 175 786 175 890 175 786 175 891 175 891 175 786 175 892 175 125 1129 124 1129 882 1129 886 175 885 175 123 175 123 175 885 175 884 175 123 175 884 175 124 175 124 175 884 175 883 175 124 175 883 175 882 175 126 175 1017 175 127 175 127 175 1017 175 848 175 127 175 848 175 128 175 882 175 881 175 125 175 125 1130 881 1130 1018 1130 125 175 1018 175 856 175 848 1131 849 1131 128 1131 128 175 849 175 850 175 128 175 850 175 1019 175 1019 175 850 175 851 175 856 1132 843 1132 125 1132 125 175 843 175 844 175 125 175 844 175 126 175 126 175 844 175 845 175 126 175 845 175 1017 175 851 1133 852 1133 1019 1133 1019 1134 852 1134 1020 1134 1019 175 1020 175 1018 175 1018 1135 1020 1135 855 1135 1018 1136 855 1136 856 1136 120 1137 119 1137 1021 1137 1021 175 119 175 118 175 1021 1138 118 1138 117 1138 129 175 895 175 894 175 1003 175 994 175 1021 175 994 1139 993 1139 1021 1139 1021 1140 993 1140 992 1140 1021 175 992 175 120 175 120 175 992 175 991 175 120 1141 991 1141 121 1141 991 1142 990 1142 121 1142 121 175 990 175 989 175 121 1143 989 1143 114 1143 114 175 989 175 1000 175 114 175 1000 175 1011 175 1022 1144 1023 1144 104 1144 104 1145 1023 1145 105 1145 861 175 862 175 105 175 105 1146 862 1146 1024 1146 866 1147 867 1147 1005 1147 862 175 863 175 1024 175 1024 175 863 175 864 175 1024 175 864 175 107 175 107 1148 864 1148 865 1148 107 175 865 175 108 175 867 175 868 175 1005 175 1005 1149 868 1149 1025 1149 1005 1150 1025 1150 1023 1150 1025 175 858 175 1023 175 1023 1151 858 1151 859 1151 1023 175 859 175 105 175 105 1152 859 1152 860 1152 105 1153 860 1153 861 1153 919 175 918 175 1005 175 1005 175 918 175 108 175 1005 1154 108 1154 866 1154 866 175 108 175 865 175 926 175 110 175 927 175 927 175 110 175 109 175 927 1155 109 1155 928 1155 928 1156 109 1156 108 1156 928 1157 108 1157 917 1157 917 1158 108 1158 918 1158 925 175 924 175 1010 175 919 175 1005 175 920 175 920 175 1005 175 808 175 920 175 808 175 921 175 921 1159 808 1159 807 1159 921 175 807 175 922 175 922 1160 807 1160 806 1160 922 1161 806 1161 923 1161 926 175 925 175 110 175 110 175 925 175 1010 175 110 175 1010 175 111 175 111 1162 1010 1162 112 1162 99 175 98 175 1026 175 1026 175 98 175 113 175 1026 175 113 175 1006 175 1006 175 113 175 1010 175 1006 175 1010 175 806 175 806 1163 1010 1163 924 1163 806 1164 924 1164 923 1164 1001 175 824 175 103 175 103 175 824 175 825 175 103 175 825 175 93 175 93 175 96 175 94 175 94 175 96 175 95 175 951 175 950 175 83 175 797 1165 1008 1165 798 1165 798 175 1008 175 944 175 950 175 949 175 83 175 83 175 949 175 948 175 83 1166 948 1166 84 1166 84 175 948 175 947 175 84 175 947 175 85 175 85 175 947 175 946 175 85 175 946 175 1008 175 1008 175 946 175 945 175 1008 1167 945 1167 944 1167 944 175 943 175 798 175 798 175 943 175 942 175 798 1168 942 1168 799 1168 799 175 942 175 941 175 799 175 941 175 800 175 800 175 941 175 952 175 800 1169 952 1169 1007 1169 1007 1170 952 1170 951 1170 1007 175 951 175 1027 175 1027 175 951 175 83 175 1027 175 83 175 97 175 953 1171 796 1171 795 1171 796 1172 953 1172 797 1172 961 175 86 175 962 175 962 1173 86 1173 1008 1173 962 175 1008 175 963 175 963 1174 1008 1174 797 1174 963 1175 797 1175 964 1175 964 175 797 175 953 175 89 1176 88 1176 1028 1176 1028 175 88 175 956 175 1028 175 956 175 1029 175 1029 1177 956 1177 955 1177 1029 1178 955 1178 795 1178 795 175 955 175 954 175 795 1179 954 1179 953 1179 961 175 960 175 86 175 86 1180 960 1180 959 1180 86 175 959 175 87 175 87 175 959 175 958 175 87 1181 958 1181 88 1181 88 1182 958 1182 957 1182 88 1183 957 1183 956 1183 795 1184 794 1184 1029 1184 1029 175 794 175 1030 175 1029 1185 1030 1185 1031 1185 1031 1186 1030 1186 792 1186 803 1187 802 1187 1032 1187 1033 1188 935 1188 934 1188 1033 175 934 175 804 175 935 175 1033 175 936 175 936 175 1033 175 1009 175 936 175 1009 175 937 175 937 1189 1009 1189 100 1189 937 175 100 175 938 175 938 175 100 175 99 175 938 175 99 175 939 175 939 175 99 175 1026 175 939 1190 1026 1190 940 1190 940 1191 1026 1191 1006 1191 940 175 1006 175 929 175 934 175 933 175 804 175 804 175 933 175 932 175 804 1192 932 1192 805 1192 805 175 932 175 931 175 805 175 931 175 1006 175 1006 1193 931 1193 930 1193 1006 1194 930 1194 929 1194 809 175 1005 175 810 175 810 175 1005 175 1023 175 810 1195 1023 1195 812 1195 812 175 1023 175 1022 175 812 1196 1022 1196 813 1196 909 1197 908 1197 1004 1197 1004 175 908 175 907 175 1004 175 907 175 1011 175 1011 175 907 175 906 175 1011 175 906 175 115 175 115 1198 906 1198 905 1198 115 175 905 175 116 175 116 175 905 175 916 175 116 1156 916 1156 104 1156 104 1199 916 1199 915 1199 104 175 915 175 1022 175 1022 1200 915 1200 914 1200 1022 175 914 175 813 175 914 175 913 175 813 175 813 175 913 175 912 175 813 1201 912 1201 911 1201 909 175 1004 175 910 175 910 1202 1004 1202 815 1202 910 175 815 175 911 175 911 1203 815 1203 814 1203 911 1159 814 1159 813 1159 1000 175 999 175 1011 175 1011 175 999 175 998 175 1011 175 998 175 1004 175 1004 1204 998 1204 997 1204 1004 175 997 175 816 175 816 1205 997 1205 996 1205 816 175 996 175 778 175 129 1206 894 1206 117 1206 117 175 894 175 893 175 117 175 893 175 1021 175 1021 1207 893 1207 904 1207 1021 1208 904 1208 1003 1208 780 1209 900 1209 781 1209 781 175 900 175 899 175 781 175 899 175 1002 175 1002 175 899 175 898 175 1002 1188 898 1188 897 1188 996 1210 995 1210 778 1210 778 175 995 175 1003 175 778 1211 1003 1211 779 1211 779 175 1003 175 780 175 904 1212 903 1212 1003 1212 1003 1213 903 1213 902 1213 1003 1214 902 1214 780 1214 780 175 902 175 901 175 780 175 901 175 900 175 783 175 782 175 1019 175 1019 175 782 175 1002 175 1019 175 1002 175 128 175 128 1215 1002 1215 897 1215 128 175 897 175 129 175 129 1216 897 1216 896 1216 129 175 896 175 895 175 783 175 1019 175 784 175 784 175 1019 175 1018 175 784 175 1018 175 785 175 785 1217 1018 1217 881 1217 785 1218 881 1218 892 1218 789 1219 788 1219 1016 1219 1016 1220 788 1220 787 1220 1016 1221 787 1221 1015 1221 1015 1222 787 1222 889 1222 1015 175 889 175 888 175 1034 175 791 175 877 175 1016 1223 869 1223 789 1223 789 1224 869 1224 880 1224 789 1225 880 1225 790 1225 790 175 880 175 879 175 790 1226 879 1226 791 1226 791 1179 879 1179 878 1179 791 175 878 175 877 175 876 175 875 175 1013 175 1013 175 875 175 874 175 1013 1227 874 1227 131 1227 131 175 874 175 873 175 131 175 873 175 132 175 132 1228 873 1228 872 1228 132 175 872 175 1012 175 1012 175 872 175 871 175 1012 175 871 175 1016 175 1016 175 871 175 870 175 1016 1229 870 1229 869 1229 1035 1230 822 1230 1032 1230 825 1231 826 1231 93 1231 93 175 826 175 1036 175 93 175 1036 175 96 175 96 175 1036 175 829 175 96 1232 829 1232 97 1232 97 1233 829 1233 830 1233 97 175 830 175 1027 175 1027 175 830 175 817 175 1027 175 817 175 1007 175 1007 175 817 175 818 175 1007 1136 818 1136 819 1136 802 175 801 175 1032 175 1032 175 801 175 1007 175 1032 175 1007 175 1035 175 1035 1234 1007 1234 819 1234 90 175 831 175 134 175 134 175 831 175 832 175 134 1235 832 1235 135 1235 135 1236 832 1236 833 1236 135 1237 833 1237 1014 1237 1014 175 833 175 834 175 1014 175 834 175 1031 175 1031 175 834 175 835 175 1029 175 839 175 1028 175 1028 1238 839 1238 840 1238 1028 1239 840 1239 89 1239 89 1240 840 1240 841 1240 89 1241 841 1241 90 1241 90 1242 841 1242 842 1242 90 175 842 175 831 175 835 1243 836 1243 1031 1243 1031 175 836 175 837 175 1031 1244 837 1244 1029 1244 1029 1245 837 1245 838 1245 1029 1246 838 1246 839 1246 971 1247 1001 1247 972 1247 972 175 1001 175 103 175 972 175 103 175 973 175 973 175 103 175 102 175 973 175 102 175 974 175 974 175 102 175 101 175 974 1248 101 1248 975 1248 975 175 101 175 1009 175 975 1249 1009 1249 976 1249 976 175 1009 175 1033 175 971 1250 970 1250 1001 1250 1001 175 970 175 1032 175 1001 175 1032 175 823 175 823 1133 1032 1133 822 1133 970 1251 969 1251 1032 1251 1032 1252 969 1252 968 1252 1032 1253 968 1253 803 1253 803 175 968 175 967 175 803 175 967 175 804 175 804 1254 967 1254 966 1254 804 1255 966 1255 1033 1255 1033 1256 966 1256 965 1256 1033 175 965 175 976 175 980 175 979 175 1013 175 1013 175 979 175 1034 175 1013 175 1034 175 876 175 876 175 1034 175 877 175 979 1257 978 1257 1034 1257 1034 1258 978 1258 977 1258 1034 1259 977 1259 791 1259 791 175 977 175 988 175 791 175 988 175 792 175 792 1260 988 1260 987 1260 792 175 987 175 1031 175 1031 1261 987 1261 986 1261 1031 175 986 175 1014 175 1014 1262 986 1262 985 1262 1014 1263 985 1263 984 1263 1037 1264 1038 1264 1039 1264 1039 1265 1038 1265 13 1265 1039 1266 13 1266 1040 1266 1040 1267 13 1267 12 1267 1040 1268 12 1268 1041 1268 1041 1269 12 1269 82 1269 1041 1270 82 1270 1042 1270 1042 1270 82 1270 81 1270 1042 1271 81 1271 1043 1271 1043 1271 81 1271 80 1271 1043 1272 80 1272 1044 1272 1044 1272 80 1272 79 1272 1044 1273 79 1273 1045 1273 1045 1274 79 1274 78 1274 1045 1275 78 1275 1046 1275 1046 1276 78 1276 77 1276 1046 1277 77 1277 1047 1277 1047 1278 77 1278 76 1278 1047 1279 76 1279 1048 1279 1048 1279 76 1279 75 1279 1048 1280 75 1280 1049 1280 1049 1280 75 1280 74 1280 1049 1281 74 1281 1050 1281 1050 1281 74 1281 73 1281 1050 1282 73 1282 1051 1282 1051 1283 73 1283 69 1283 1051 1284 69 1284 1052 1284 1052 1285 69 1285 68 1285 1052 1286 68 1286 1053 1286 1053 1287 68 1287 31 1287 1053 1288 31 1288 1054 1288 1054 1288 31 1288 29 1288 1054 1289 29 1289 1055 1289 1055 1289 29 1289 28 1289 1055 1290 28 1290 1056 1290 1056 1290 28 1290 34 1290 1056 1291 34 1291 1057 1291 1057 1292 34 1292 33 1292 1057 1293 33 1293 1058 1293 1058 1294 33 1294 72 1294 1058 1295 72 1295 1037 1295 1037 1296 72 1296 1038 1296 1057 0 1058 0 1059 0 1059 0 1058 0 1037 0 1059 0 1037 0 1039 0 1054 0 1055 0 1059 0 1059 0 1055 0 1056 0 1059 0 1056 0 1057 0 1051 0 1052 0 1059 0 1059 0 1052 0 1053 0 1059 0 1053 0 1054 0 1048 0 1049 0 1059 0 1059 0 1049 0 1050 0 1059 0 1050 0 1051 0 1045 0 1046 0 1059 0 1059 0 1046 0 1047 0 1059 0 1047 0 1048 0 1042 0 1043 0 1059 0 1059 0 1043 0 1044 0 1059 0 1044 0 1045 0 1039 0 1040 0 1059 0 1059 0 1040 0 1041 0 1059 0 1041 0 1042 0</p>
        </triangles>
      </mesh>
    </geometry>
  </library_geometries>
  <library_visual_scenes>
    <visual_scene id="Scene" name="Scene">
      <node id="link_6" name="link_6" type="NODE">
        <matrix sid="transform">10 0 0 -1.01328e-6 0 10 0 0.1497647 0 0 10 11.65767 0 0 0 1</matrix>
        <instance_geometry url="#link_6-mesh" name="link_6"/>
      </node>
    </visual_scene>
  </library_visual_scenes>
  <scene>
    <instance_visual_scene url="#Scene"/>
  </scene>
</COLLADA>