<?xml version="1.0" encoding="utf-8"?>
<COLLADA xmlns="http://www.collada.org/2005/11/COLLADASchema" version="1.4.1" xmlns:xsi="http://www.w3.org/2001/XMLSchema-instance">
  <asset>
    <contributor>
      <author>Blender User</author>
      <authoring_tool>Blender 3.6.5 commit date:2023-10-16, commit time:14:30, hash:cf1e1ed46b7e</authoring_tool>
    </contributor>
    <created>2026-02-27T17:59:08</created>
    <modified>2026-02-27T17:59:08</modified>
    <unit name="meter" meter="1"/>
    <up_axis>Z_UP</up_axis>
  </asset>
  <library_images/>
  <library_geometries>
    <geometry id="link_5_001-mesh" name="link_5.001">
      <mesh>
        <source id="link_5_001-mesh-positions">
          <float_array id="link_5_001-mesh-positions-array" count="3294">-0.02854752 -0.0342859 -0.04219979 -0.02854752 -0.03570771 -0.04489654 -0.01713556 -0.03649365 -0.04452002 -0.02854752 -0.03647339 -0.04659664 -0.02854752 -0.0375272 -0.0493794 -0.01713556 -0.03835332 -0.04910159 -0.02854752 -0.03809958 -0.05123049 -0.02854752 -0.03878635 -0.05405074 -0.01713556 -0.03964006 -0.0538758 -0.02854752 -0.03913974 -0.05603003 -0.02854752 -0.03946632 -0.05884081 -0.01713556 -0.04033499 -0.05877125 -0.02854752 -0.03957784 -0.06092137 -0.02854752 -0.03955698 -0.0636779 -0.01713556 -0.0404278 -0.06371486 -0.02854752 -0.03940695 -0.06582927 -0.02854752 -0.03905683 -0.06849002 -0.01713556 -0.03991675 -0.0686329 -0.02854752 -0.03862971 -0.07067835 -0.02854752 -0.03797382 -0.07320529 -0.01713556 -0.03880965 -0.07345187 -0.02854752 -0.03725802 -0.07539379 -0.02854752 -0.03632348 -0.07775312 -0.01713556 -0.0371232 -0.07809996 -0.02854752 -0.02638018 -0.0915237 -0.02854752 -0.0246638 -0.09297198 -0.01713556 -0.02520674 -0.09365379 -0.02854752 -0.02252221 -0.09456253 -0.02854752 -0.02070206 -0.09574896 -0.01713556 -0.0211578 -0.09649175 -0.02854752 -0.01831763 -0.09710025 -0.02854752 -0.01643121 -0.09802186 -0.01713556 -0.01679295 -0.09881484 -0.02854752 -0.01383137 -0.09909796 -0.02854752 -0.0119149 -0.09975701 -0.01713556 -0.01217722 -0.1005883 -0.02854752 -0.009132385 -0.1005248 -0.02854752 -0.007220864 -0.1009284 -0.01713556 -0.007379889 -0.1017854 -0.02854752 -0.004292786 -0.1013591 -0.02854752 -0.002418935 -0.1015185 -0.01713556 -0.002472162 -0.1023885 -0.02854752 6.12788e-4 -0.1015877 -0.02854752 0.002418935 -0.1015185 -0.01713556 0.002472281 -0.1023885 -0.02854752 0.005508959 -0.1012073 -0.02854752 0.007220864 -0.1009284 -0.01713556 0.007379889 -0.1017854 -0.02854752 0.01032042 -0.1002237 -0.02854752 0.01191496 -0.09975701 -0.01713556 0.01217722 -0.1005882 -0.02854752 0.01497304 -0.09865194 -0.02854752 0.01643127 -0.09802186 -0.01713556 0.01679295 -0.09881484 -0.02854752 0.01939535 -0.09651648 -0.02854752 0.02070212 -0.09574896 -0.01713556 0.02115786 -0.09649175 -0.02854752 0.02351915 -0.09384983 -0.02854752 0.02466386 -0.09297198 -0.01713556 0.0252068 -0.09365379 -0.02854752 0.02728128 -0.09069305 -0.02854752 0.02825731 -0.08973252 -0.01713556 0.02887934 -0.09034305 -0.02854752 0.03062361 -0.08709502 -0.02854752 0.03142881 -0.08607894 -0.01713556 0.03212064 -0.08660894 -0.02854752 0.03349477 -0.08311086 -0.02854752 0.03413105 -0.08206593 -0.01713556 0.03488224 -0.08250766 -0.02854752 0.03585064 -0.07880187 -0.02854752 0.03632348 -0.07775312 -0.01713556 0.0371232 -0.0780999 -0.02854752 0.03765475 -0.0742343 -0.02854752 0.03797382 -0.07320523 -0.01713556 0.03880965 -0.07345187 0.005746483 0.03752195 -0.07827299 0.01718336 0.03712064 -0.07809883 0.01718336 0.03488004 -0.08250629 0.0285952 -0.02984178 -0.08801287 0.0285952 -0.03142505 -0.08607625 0.01718336 -0.03211838 -0.08660733 0.0285952 0.03888136 -0.06944626 0.0285952 0.03796941 -0.07320404 0.01718336 0.03880715 -0.07345122 0.0285952 0.03950423 -0.06457263 0.0285952 0.03905236 -0.06848925 0.01718336 0.03991407 -0.06863242 -0.02635896 0.02331393 -0.02975106 -0.02854752 0.02376419 -0.03033244 -0.02854752 0.02109462 -0.02849501 -0.01438486 0.03074902 -0.03547495 -0.01274496 0.03134191 -0.03606182 -0.01713556 0.03117585 -0.03620439 0.02817159 0.02150475 -0.02871429 0.0285952 0.02104157 -0.02846705 0.0285952 0.02371501 -0.03030139 -0.01494973 -0.03052538 -0.0352599 -0.01798593 -0.02914083 -0.03399783 -0.01713556 -0.03117585 -0.03620439 -0.02811682 -0.02156347 -0.02874606 -0.02854752 -0.02109462 -0.02849495 -0.02854752 -0.02473282 -0.03108316 -0.02854752 -0.0283702 -0.03438287 -0.02352398 -0.02568536 -0.03129702 -0.02599835 -0.02364403 -0.029953 -0.02854752 -0.03050434 -0.03676003 -0.01808923 -0.02908802 -0.03395193 -0.02085101 -0.02752131 -0.03265881 -0.0141406 -0.0308426 -0.03556597 -0.01713556 -0.0340892 -0.04019945 -0.01032894 -0.03207004 -0.03681665 -0.01202774 -0.03157573 -0.0363 -0.003109335 -0.0332995 -0.0381872 -0.003748953 -0.03324472 -0.03812354 -0.005698561 -0.03445637 -0.03996473 -0.006495714 -0.03289204 -0.03771889 -0.009175479 -0.03235912 -0.03712761 0.007092654 -0.03278964 -0.03760337 0.004474401 -0.03317028 -0.03803706 0.005746483 -0.03445547 -0.03996527 0.00172162 -0.03338277 -0.03828483 -0.001018702 -0.03340679 -0.03831309 0.01718336 -0.034087 -0.04020094 0.009982347 -0.03216063 -0.03691357 0.007840216 -0.03264844 -0.03744554 0.01718336 -0.03117376 -0.03620618 0.01849621 -0.02887582 -0.03376913 0.01565045 -0.0302338 -0.03498429 0.01522159 -0.03041422 -0.03515416 0.01281541 -0.03131824 -0.03603792 0.01148229 -0.03174352 -0.03647339 0.01907348 -0.02856439 -0.0335052 0.0285952 -0.03050071 -0.03676295 0.02131026 -0.02722942 -0.03243184 0.0285952 -0.02832901 -0.03434723 0.0285952 -0.0246855 -0.03105109 0.0285952 -0.02104163 -0.02846705 0.02641367 -0.02326297 -0.02972024 0.02396368 -0.02534872 -0.03106355 0.0285952 0.02745902 -0.03348314 0.02359056 0.02563494 -0.03126168 0.02606016 0.023588 -0.02991837 0.01677978 0.02972906 -0.03451997 0.01790177 0.02918368 -0.03403508 0.0285952 0.03077983 -0.03710412 0.01805025 0.02910792 -0.03396928 0.02092069 0.02747744 -0.03262442 0.01718336 0.0311737 -0.03620612 0.01501935 0.03049731 -0.03523308 0.01565361 0.03023242 -0.03498309 0.006562829 0.03288108 -0.03770631 0.009244441 0.03234285 -0.03710991 0.01718336 0.034087 -0.04020088 0.01178169 0.03165256 -0.03637915 0.01209795 0.03155374 -0.03627735 -0.005698561 0.03445631 -0.03996473 -0.001659274 0.03338551 -0.03828805 -0.001534879 0.03339046 -0.03829389 3.21513e-4 0.03341829 -0.03832679 0.005746483 0.03445547 -0.03996521 5.58263e-4 0.03341579 -0.03832376 0.001081645 0.03340512 -0.03831118 0.003814816 0.03323853 -0.03811615 0.004476308 0.0331701 -0.03803682 -0.009911119 0.03217887 -0.03693306 -0.007022619 0.03280228 -0.0376175 -0.004409968 0.03317755 -0.03804546 -0.01713556 0.0340892 -0.04019945 -0.01066994 0.03197741 -0.03671842 -0.02854752 0.02750182 -0.03351807 -0.02390694 0.02539283 -0.03109389 -0.02125102 0.02726793 -0.03246146 -0.02854752 0.03050434 -0.03676003 -0.01843625 0.02890771 -0.03379637 -0.0155816 0.03026312 -0.03501176 0.0285952 0.03955239 -0.06367766 0.01718336 0.04042506 -0.06371468 0.0285952 0.03951871 -0.05965948 0.01718336 0.04033225 -0.05877143 0.0285952 0.03892433 -0.05478233 0.01718336 0.0396375 -0.05387628 0.0285952 0.03773063 -0.05001628 0.01718336 0.0383507 -0.04910242 0.0285952 0.03595548 -0.04543489 0.01718336 0.03649133 -0.04452115 0.0285952 0.03362673 -0.0411086 0.0285952 0.0376594 -0.07420521 0.0285952 0.03631943 -0.07775139 0.0285952 0.03585749 -0.07877612 0.0285952 0.03412699 -0.08206349 0.0285952 0.03350335 -0.08308857 0.0285952 0.03142505 -0.08607625 0.01718336 0.03211838 -0.08660733 0.0285952 0.03063309 -0.08707624 0.0285952 0.02825403 -0.08972936 0.01718336 0.02887725 -0.09034103 0.0285952 0.02729094 -0.09067773 0.0285952 0.024661 -0.09296828 0.01718336 0.02520507 -0.09365153 0.0285952 0.02352827 -0.09383738 0.0285952 0.02069962 -0.09574502 0.01718336 0.02115643 -0.09648954 0.0285952 0.01940339 -0.09650653 0.0285952 0.01642936 -0.09801781 0.01718336 0.01679182 -0.09881246 0.0285952 0.01497966 -0.09864431 0.0285952 0.01191359 -0.0997526 0.01718336 0.01217651 -0.1005856 0.0285952 0.01032513 -0.1002177 0.0285952 0.007220149 -0.1009238 0.01718336 0.007379353 -0.1017827 0.0285952 0.005511522 -0.1012024 0.0285952 0.002418756 -0.1015139 0.01718336 0.002472043 -0.1023857 0.0285952 6.13101e-4 -0.1015831 0.0285952 -0.002418637 -0.1015139 0.01718336 -0.002472043 -0.1023857 0.0285952 -0.004294753 -0.1013543 0.0285952 -0.007220089 -0.1009239 0.01718336 -0.007379353 -0.1017827 0.0285952 -0.009136557 -0.1005192 0.0285952 -0.01191353 -0.09975266 0.01718336 -0.01217651 -0.1005856 0.0285952 -0.01383745 -0.09909069 0.0285952 -0.01642936 -0.09801781 0.01718336 -0.01679182 -0.09881246 0.0285952 -0.01832538 -0.09709107 0.0285952 -0.02069962 -0.09574508 0.01718336 -0.02115637 -0.09648954 0.0285952 -0.02253109 -0.09455078 0.0285952 -0.02466094 -0.09296828 0.01718336 -0.02520507 -0.09365153 0.0285952 -0.02638953 -0.09150904 0.0285952 -0.02825403 -0.08972936 0.01718336 -0.02887725 -0.09034115 0.0285952 -0.03412693 -0.08206355 0.0285952 -0.03532075 -0.07987862 0.01718336 -0.03712064 -0.07809883 0.0285952 -0.03631937 -0.07775145 0.0285952 -0.03726345 -0.0753656 0.01718336 -0.03880709 -0.07345122 0.0285952 -0.03796941 -0.07320404 0.0285952 -0.03863209 -0.07064682 0.01718336 -0.03991407 -0.06863248 0.0285952 -0.03905236 -0.06848931 0.0285952 -0.03940564 -0.06579488 0.01718336 -0.04042506 -0.06371474 0.0285952 -0.03955239 -0.06367772 0.0285952 -0.03957211 -0.06088453 0.01718336 -0.04033225 -0.05877149 0.0285952 -0.03946173 -0.05884116 0.0285952 -0.03912919 -0.05599129 0.01718336 -0.0396375 -0.05387634 0.0285952 -0.03878188 -0.05405169 0.0285952 -0.03808367 -0.05119061 0.01718336 -0.0383507 -0.04910248 0.0285952 -0.03752291 -0.04938089 0.0285952 -0.03645128 -0.04655641 0.01718336 -0.03649133 -0.04452121 0.0285952 -0.03570348 -0.0448985 0.0285952 -0.03425765 -0.04216009 0.0285952 -0.03335124 -0.04067152 0.0285952 -0.03153622 -0.03806936 0.005746483 0.03688573 -0.0443322 0.005746483 0.03876537 -0.04896301 0.005746483 0.04006606 -0.05378848 0.005746483 0.04076844 -0.0587365 0.005746483 0.04086214 -0.06373322 0.005746483 0.03922671 -0.07357501 -0.005698561 0.0392276 -0.07357525 -0.005698561 0.03688669 -0.04433178 -0.005698561 0.03876626 -0.04896271 -0.005698561 0.04006683 -0.05378824 -0.005698561 0.04076927 -0.05873644 -0.005698561 0.04086291 -0.06373327 0.005746483 0.04034554 -0.06870412 -0.005698561 0.04034656 -0.0687043 -0.01713556 0.03991681 -0.0686329 -0.01713556 0.03649365 -0.04452002 -0.01713556 0.03835332 -0.04910159 -0.01713556 0.03964006 -0.05387574 -0.01713556 0.04033499 -0.05877119 -0.01713556 0.0404278 -0.0637148 -0.005698561 -0.03246647 -0.08687406 -0.01713556 -0.03212064 -0.086609 -0.01713556 -0.02887928 -0.09034305 -0.02854752 0.03887981 -0.06947851 -0.02854752 0.03905689 -0.06849002 -0.02854752 0.03950655 -0.06460773 -0.02854752 0.03955698 -0.06367784 -0.02854752 0.03952538 -0.05969691 -0.02854752 0.03893619 -0.05482143 -0.02854752 0.03774797 -0.05005639 -0.02854752 0.03597915 -0.04547512 -0.02854752 0.03365647 -0.04114806 -0.02854752 0.03081613 -0.03714185 0.005746483 0.03525716 -0.08272796 -0.005698561 0.03752291 -0.07827323 0.005746483 0.03246563 -0.08687341 -0.005698561 0.03525781 -0.08272832 0.005746483 0.02918946 -0.09064757 -0.005698561 0.03246647 -0.086874 0.005746483 0.02547746 -0.09399372 -0.005698561 0.02919024 -0.09064805 0.005746483 0.02138513 -0.09686231 -0.005698561 0.02547818 -0.09399455 0.005746483 0.01697337 -0.09921044 -0.005698561 0.02138561 -0.09686321 0.005746483 0.01230818 -0.1010028 -0.005698561 0.01697379 -0.09921115 0.005746483 0.007459223 -0.1022128 -0.005698561 0.01230835 -0.1010037 0.005746483 0.002498745 -0.1028223 -0.005698561 0.007459342 -0.1022137 0.005746483 -0.002498745 -0.1028223 -0.005698561 0.002498865 -0.1028233 0.005746483 -0.007459104 -0.1022128 -0.005698561 -0.002498865 -0.1028233 0.005746483 -0.01230818 -0.1010028 -0.005698561 -0.007459342 -0.1022137 0.005746483 -0.01697337 -0.0992105 -0.005698561 -0.01230829 -0.1010037 0.005746483 -0.02138513 -0.09686237 -0.005698561 -0.01697373 -0.09921121 0.005746483 -0.02547746 -0.09399378 -0.005698561 -0.02138561 -0.09686326 0.005746483 -0.02918946 -0.09064757 -0.005698561 -0.02547812 -0.09399461 0.005746483 -0.03246563 -0.08687347 -0.005698561 -0.02919024 -0.09064811 -0.02854752 -0.02825725 -0.08973258 -0.02854752 -0.0353133 -0.0799033 -0.02854752 -0.03413099 -0.08206593 -0.01713556 -0.03488224 -0.08250766 -0.005698561 -0.03525781 -0.08272838 0.005746483 -0.0352571 -0.08272802 0.01718336 -0.03487998 -0.08250629 0.0285952 -0.03283417 -0.08411604 -0.02854752 -0.03282535 -0.08413743 -0.02854752 -0.03142875 -0.08607906 -0.02854752 -0.02983224 -0.08803075 -0.005698561 -0.03752291 -0.07827329 0.005746483 -0.03752195 -0.07827305 -0.005698561 -0.0392276 -0.07357531 0.005746483 -0.03922671 -0.07357507 -0.005698561 -0.04034656 -0.0687043 0.005746483 -0.04034548 -0.06870418 -0.005698561 -0.04086291 -0.06373327 0.005746483 -0.04086214 -0.06373327 -0.005698561 -0.04076927 -0.0587365 0.005746483 -0.04076844 -0.05873656 -0.005698561 -0.04006683 -0.0537883 0.005746483 -0.04006606 -0.05378848 -0.005698561 -0.03876626 -0.04896271 0.005746483 -0.03876537 -0.04896301 -0.005698561 -0.03688669 -0.04433184 0.005746483 -0.03688573 -0.0443322 -0.02854752 -0.03335493 -0.04066902 -0.02854752 -0.03157091 -0.03810751 0.01899993 0 -0.0769999 0.01899993 0.004225969 -0.07639229 0.01899993 0 -0.06199997 0.01899993 -0.01133608 -0.07182282 0.01899993 -0.008109569 -0.07461875 0.01899993 -0.004225969 -0.07639229 0.01899993 -0.01484715 -0.05986529 0.01899993 -0.01484715 -0.06413459 0.01899993 -0.01364433 -0.0682311 0.01899993 -0.008109569 -0.04938119 0.01899993 -0.01133608 -0.05217707 0.01899993 -0.01364433 -0.05576878 0.01899993 0.004225969 -0.0476076 0.01899993 0 -0.04699999 0.01899993 -0.004225969 -0.0476076 0.01899993 0.01364433 -0.05576878 0.01899993 0.01133608 -0.05217707 0.01899993 0.008109569 -0.04938119 0.01899993 0.01364433 -0.0682311 0.01899993 0.01484715 -0.06413459 0.01899993 0.01484715 -0.05986529 0.01899993 0.008109569 -0.07461875 0.01899993 0.01133608 -0.07182282 -0.02894526 -0.01477897 -0.02130872 -0.02894526 -0.01477897 -0.01020002 -0.02899998 -0.01455152 -0.02130895 -0.02898669 -0.01466608 -0.01018577 -0.02899998 -0.01455152 -0.01014608 -0.02899998 -0.02082931 -0.02891618 -0.02897346 -0.02091503 -0.02878022 -0.0289933 -0.01934832 -0.0277853 -0.0289846 -0.01470029 -0.02168923 -0.02893853 -0.01481646 -0.02167385 -0.02892529 -0.01495456 -0.02220469 -0.02896356 -0.01517021 -0.02296519 -0.02890223 -0.01526916 -0.02291798 -0.02863883 -0.01952689 -0.02741926 -0.02871268 -0.01829493 -0.02642422 -0.0288248 -0.01812911 -0.02637088 -0.02874618 -0.01774108 -0.02592575 -0.02887451 -0.01712822 -0.02544623 -0.02882969 -0.01639091 -0.02452147 -0.02891814 -0.01620346 -0.02444607 -0.02875059 -0.019562 -0.02750641 -0.02870494 -0.02107232 -0.02853024 -0.02899998 -0.01801025 -0.02677708 -0.02899998 -0.01892387 -0.02755576 -0.02899998 -0.01929879 -0.02784985 -0.02899998 -0.01500117 -0.02304589 -0.02899998 -0.01464903 -0.02208095 -0.02886998 -0.02100861 -0.02863156 -0.02893477 -0.01944899 -0.02765387 -0.02897226 -0.01798284 -0.02652972 -0.02899998 -0.01787149 -0.02665036 -0.02899998 -0.01739019 -0.02619153 -0.0289905 -0.0169568 -0.02560609 -0.02899998 -0.01602542 -0.02466416 -0.02899932 -0.01600605 -0.02459728 -0.02899998 -0.01509529 -0.02323514 -0.02899599 -0.01550704 -0.02382183 -0.02894294 -0.01564949 -0.02373105 -0.02888834 -0.01547032 -0.02326834 -0.02898746 -0.01607406 -0.02454519 -0.02896648 -0.0170176 -0.02554947 -0.02893692 -0.0180363 -0.02647167 -0.02888572 -0.0194922 -0.02759736 -0.02882331 -0.02103263 -0.02859342 -0.02886998 -0.02463215 -0.03120923 -0.02870494 -0.02834028 -0.03441196 -0.02870494 -0.0247069 -0.03111571 -0.02870494 -0.03153765 -0.03813266 -0.02870494 -0.03424978 -0.04222059 -0.02870494 -0.03643482 -0.04661285 -0.02870494 -0.03805959 -0.05124181 -0.02870494 -0.03909868 -0.05603629 -0.02870494 -0.03953605 -0.0609225 -0.02870494 -0.03936547 -0.06582522 -0.02870494 -0.03858906 -0.07066917 -0.02870494 -0.0372188 -0.07537984 -0.02870494 -0.03527623 -0.07988458 -0.02870494 -0.03279078 -0.08411401 -0.02870494 -0.02980083 -0.08800339 -0.02870494 -0.0263524 -0.09149265 -0.02870494 -0.02249836 -0.09452825 -0.02870494 -0.01829832 -0.09706318 -0.02870494 -0.01381689 -0.0990588 -0.02870494 -0.009122788 -0.1004843 -0.02870494 -0.004288256 -0.1013176 -0.02870494 6.12143e-4 -0.1015461 -0.02870494 0.005503118 -0.1011661 -0.02870494 0.01030939 -0.1001834 -0.02870494 0.01495718 -0.0986135 -0.02870494 0.01937484 -0.09648013 -0.02870494 0.02349448 -0.09381628 -0.02870494 0.02725261 -0.09066283 -0.02870494 0.03059124 -0.08706861 -0.02870494 0.03345954 -0.08308857 -0.02870494 0.03581285 -0.07878416 -0.02870494 0.03761518 -0.07422137 -0.02870494 0.03883886 -0.06947064 -0.02870494 0.03946501 -0.06460499 -0.02870494 0.03078383 -0.03716802 -0.02870494 0.03362119 -0.04117 -0.02870494 0.03594124 -0.04549252 -0.02870494 0.0377084 -0.05006897 -0.02870494 0.03889524 -0.054829 -0.02870494 0.0394839 -0.05969935 -0.02870494 0.02747285 -0.03354805 -0.02870494 0.02373909 -0.03036582 -0.02870494 0.02107232 -0.02853024 -0.02899998 0.02082931 -0.02891618 -0.02897346 0.02091503 -0.02878022 -0.02899998 0.02193707 -0.02963995 -0.02897346 0.02356189 -0.03060209 -0.02899998 0.02461796 -0.03162968 -0.02897346 0.02726763 -0.03376054 -0.02899998 0.02711945 -0.03384095 -0.02899998 0.02942317 -0.0362575 -0.02897346 0.03055375 -0.03735345 -0.02899998 0.03151232 -0.03886187 -0.02897346 0.03336995 -0.04132556 -0.02899998 0.03337156 -0.04163491 -0.02899998 0.03498744 -0.04455655 -0.02897346 0.03567284 -0.04561579 -0.02899998 0.03634828 -0.04760539 -0.02897346 0.03742671 -0.05015808 -0.02899998 0.03744381 -0.05075919 -0.02899998 0.03826642 -0.05399495 -0.02897346 0.03860473 -0.05488258 -0.02899998 0.03880995 -0.05728912 -0.02897346 0.03918898 -0.05971652 -0.02899998 0.03907024 -0.06061768 -0.02897346 0.0391702 -0.06458556 -0.02899998 0.03904581 -0.06395614 -0.02899998 0.03873652 -0.06728053 -0.02897346 0.0385487 -0.06941485 -0.02899998 0.03814458 -0.07056635 -0.02897346 0.03733432 -0.07413017 -0.02899998 0.03727459 -0.07378965 -0.02899998 0.03613287 -0.076927 -0.02897346 0.03554528 -0.07865881 -0.02899998 0.03472745 -0.07995563 -0.02897346 0.03320962 -0.08293104 -0.02899998 0.03306871 -0.08285319 -0.02899998 0.03116887 -0.08559864 -0.02897346 0.0303629 -0.08688139 -0.02899998 0.0290417 -0.08817201 -0.02897346 0.02704906 -0.09044879 -0.02899998 0.02670288 -0.09055435 -0.02899998 0.02416902 -0.09272861 -0.02897346 0.023319 -0.09357863 -0.02899998 0.02145922 -0.09467881 -0.02897346 0.01923012 -0.09622263 -0.02899998 0.01859271 -0.09639048 -0.02899998 0.01559048 -0.09785145 -0.02897346 0.01484555 -0.09833991 -0.02899998 0.01247483 -0.09905105 -0.02897346 0.01023244 -0.09989833 -0.02899998 0.009268045 -0.09998023 -0.02897346 0.00546205 -0.1008735 -0.02899998 0.005993664 -0.1006326 -0.02899998 0.002675533 -0.1010031 -0.02897346 6.07572e-4 -0.1012507 -0.02899998 -6.61943e-4 -0.1010891 -0.02897346 -0.004256248 -0.101024 -0.02899998 -0.003994703 -0.1008901 -0.02899998 -0.007298231 -0.1004075 -0.02897346 -0.00905466 -0.1001968 -0.02899998 -0.01054871 -0.09964472 -0.02897346 -0.01371359 -0.098782 -0.02899998 -0.01372218 -0.09860742 -0.02899998 -0.01679557 -0.09730303 -0.02897346 -0.01816183 -0.0968014 -0.02899998 -0.01974648 -0.09574133 -0.02897346 -0.02233046 -0.0942853 -0.02899998 -0.02255338 -0.0939334 -0.02899998 -0.02519565 -0.09189277 -0.02897346 -0.02615553 -0.09127235 -0.02899998 -0.02765429 -0.08963394 -0.02897346 -0.02957814 -0.08780914 -0.02899998 -0.02991122 -0.0871737 -0.02899998 -0.03195005 -0.08452975 -0.02897346 -0.03254586 -0.08394896 -0.02899998 -0.03375583 -0.08172142 -0.02897346 -0.03501278 -0.07975083 -0.02899998 -0.03531551 -0.07876938 -0.02897346 -0.03694099 -0.07527989 -0.02899998 -0.03661745 -0.07569515 -0.02899998 -0.03765255 -0.07252085 -0.02897346 -0.03830081 -0.07060444 -0.02899998 -0.0384128 -0.06926989 -0.02897346 -0.03907144 -0.06579667 -0.02899998 -0.0388931 -0.06596589 -0.02899998 -0.03908962 -0.06263309 -0.02897346 -0.03924077 -0.06093055 -0.02899998 -0.03900104 -0.05929559 -0.02897346 -0.03880649 -0.05608081 -0.02899998 -0.03862822 -0.05597782 -0.02899998 -0.03797352 -0.05270391 -0.02897346 -0.03777521 -0.05132216 -0.02899998 -0.0370419 -0.04949784 -0.02897346 -0.03616285 -0.04672777 -0.02899998 -0.03584009 -0.0463829 -0.02899998 -0.0343768 -0.04338192 -0.02897346 -0.03399384 -0.04236835 -0.02899998 -0.03266286 -0.04051667 -0.02897346 -0.03130209 -0.03831094 -0.02899998 -0.03071087 -0.03780812 -0.02897346 -0.02812862 -0.03461802 -0.02899998 -0.02853477 -0.03527605 -0.02899998 -0.02615058 -0.03293883 -0.02897346 -0.02452242 -0.03134638 -0.02899998 -0.02357566 -0.03081357 -0.02886998 0.02100867 -0.02863156 -0.02886998 0.02366733 -0.03046154 -0.02886998 0.0273897 -0.03363418 -0.02886998 0.03069061 -0.03724318 -0.02886998 0.03351926 -0.04123306 -0.02886998 0.03583246 -0.04554247 -0.02886998 0.03759407 -0.05010509 -0.02886998 0.03877753 -0.05485069 -0.02886998 0.03936421 -0.05970633 -0.02886998 0.0393455 -0.06459712 -0.02886998 0.03872132 -0.06944805 -0.02886998 0.03750133 -0.07418447 -0.02886998 0.03570443 -0.0787332 -0.02886998 0.03335809 -0.08302479 -0.02886998 0.03049874 -0.08699274 -0.02886998 0.02717006 -0.09057611 -0.02886998 0.02342337 -0.09371995 -0.02886998 0.01931631 -0.09637564 -0.02886998 0.01491189 -0.09850251 -0.02886998 0.01027834 -0.1000678 -0.02886998 0.005486488 -0.1010474 -0.02886998 6.10288e-4 -0.1014263 -0.02886998 -0.004275262 -0.1011985 -0.02886998 -0.009095191 -0.1003677 -0.02886998 -0.01377511 -0.09894669 -0.02886998 -0.01824307 -0.09695714 -0.02886998 -0.02243036 -0.09442979 -0.02886998 -0.02627259 -0.0914033 -0.02886998 -0.02971059 -0.08792471 -0.02886998 -0.03269135 -0.08404719 -0.02886998 -0.03516942 -0.0798304 -0.02886998 -0.03710615 -0.07533931 -0.02886998 -0.03847223 -0.07064294 -0.02886998 -0.03924626 -0.06581366 -0.02886998 -0.03941649 -0.06092578 -0.02886998 -0.0389803 -0.05605435 -0.02886998 -0.03794425 -0.05127435 -0.02886998 -0.03632462 -0.0466594 -0.02886998 -0.03414607 -0.04228049 -0.02886998 -0.03144216 -0.03820496 -0.02886998 -0.02825438 -0.03449547 -0.02883434 0.02077257 -0.02843827 -0.02889335 0.02073812 -0.02849119 -0.02899998 0.01574516 -0.02428734 -0.02899366 0.01670831 -0.02535986 -0.02899998 0.01615661 -0.02483069 -0.02899998 0.01455497 -0.02145099 -0.02899998 0.01455152 -0.02130895 -0.02898788 0.01466095 -0.02130883 -0.0289337 0.01486045 -0.02188473 -0.02891671 0.01506626 -0.02249521 -0.0289725 0.0149607 -0.02253472 -0.02890127 0.01528352 -0.02294445 -0.02894526 0.01477897 -0.02130877 -0.02894669 0.01477617 -0.02130877 -0.02899998 0.01475352 -0.0224393 -0.02868372 0.02082341 -0.02836012 -0.02876317 0.01932293 -0.02732992 -0.02865642 0.01923859 -0.0271992 -0.02883595 0.01790893 -0.02617806 -0.02877175 0.01732575 -0.02552688 -0.02888613 0.01688629 -0.02520114 -0.02884739 0.01610618 -0.02417331 -0.02892947 0.01595366 -0.02413874 -0.02895349 0.01540631 -0.02336758 -0.02899998 0.01480782 -0.02259194 -0.02899998 0.01525133 -0.02352172 -0.02899843 0.01525706 -0.0234518 -0.02899998 0.01570105 -0.02422493 -0.02899175 0.01581871 -0.02423495 -0.02899998 0.0173757 -0.02617675 -0.02897691 0.01775699 -0.02633774 -0.02899998 0.01765376 -0.02644646 -0.02899998 0.0180096 -0.02677637 -0.02899551 0.01910084 -0.02761107 -0.02899998 0.01902419 -0.02763575 -0.02897584 0.0206533 -0.02862107 -0.02899998 0.02056932 -0.02875006 -0.02894181 0.01920437 -0.02747988 -0.0288949 0.01924937 -0.02742284 -0.02894395 0.01781219 -0.0262798 -0.02897262 0.01677083 -0.02530401 -0.02898609 0.01466852 -0.01018637 -0.02894526 0.01477897 -0.01020002 -0.02899998 0.01455152 -0.01014608 0.02542865 0.02023929 -0.02407389 0.02434271 0.02153325 -0.02489209 0.02445125 0.02140969 -0.01020002 -0.02624881 0.01916354 -0.01020002 -0.0196805 0.02586352 -0.02817547 -0.01981627 0.02575963 -0.02808564 -0.01959937 0.02592504 -0.01020002 -0.02209681 0.02383238 -0.02652311 -0.02220392 0.02373254 -0.01020002 -0.02414923 0.02175003 -0.02503573 -0.02408552 0.02182054 -0.01020002 -0.02596753 0.01954329 -0.02366119 -0.02755397 0.01723432 -0.02242249 -0.01732701 0.02749586 -0.02966773 -0.0173763 0.02746462 -0.01020002 -0.01604515 0.02826309 -0.03042626 -0.01442706 0.02912223 -0.01020002 -0.01467615 0.0289976 -0.03118997 -0.01267457 0.02992653 -0.03221273 -0.01193606 0.03022873 -0.01020002 -0.01221412 0.03011745 -0.0324313 -0.009792685 0.0309894 -0.03346943 -0.008749842 0.03129982 -0.01020002 -0.009401023 0.03111058 -0.0336188 -0.006075024 0.03192698 -0.01020002 -0.00743097 0.03163892 -0.03428763 -0.008756399 0.0312981 -0.03385305 -0.002641797 0.03239244 -0.03529024 -0.002979755 0.03236293 -0.03525 -0.002766311 0.03238201 -0.01020002 -0.005135357 0.03209155 -0.03488272 -0.006195664 0.03190392 -0.03463333 -2.31378e-4 0.03249907 -0.0354371 0 0.03249984 -0.01020002 0.002110898 0.0324313 -0.03534358 0.003313899 0.03233057 -0.01020002 0.003317534 0.03233015 -0.035205 0.004418492 0.03219819 -0.03502601 0.006075084 0.03192698 -0.01020002 0.006730139 0.03179544 -0.03449094 0.00710541 0.03171372 -0.03438442 0.009278297 0.03114742 -0.01020002 0.009070694 0.03120851 -0.03374081 0.01038056 0.0307976 -0.03323519 0.011936 0.03022873 -0.01020002 0.01145631 0.03041386 -0.03277677 0.01389402 0.02938038 -0.03160345 0.01491785 0.02887398 -0.01020002 0.01492232 0.02887165 -0.03105628 0.0163604 0.02808183 -0.03024369 0.01737624 0.02746462 -0.01020002 0.01881688 0.02649837 -0.0287373 0.0200352 0.02558976 -0.01020002 0.0200352 0.02558982 -0.02794021 0.02220386 0.02373254 -0.01020002 0.02341401 0.02253937 -0.02557688 0.02119076 0.02464145 -0.02715605 0.02624875 0.01916354 -0.01020002 0.02899992 0.01467132 -0.01020002 0.02899992 0.01467126 -0.02126467 0.02857857 0.01547598 -0.02160483 0.02719825 0.01779049 -0.0227034 0.02698081 0.0181185 -0.02287417 0.02285057 0.02454435 -0.02986359 0.02344828 0.02481943 -0.03046506 0.02169048 0.02636963 -0.03163576 0.02899992 0.01591354 -0.02415978 0.02898097 0.015877 -0.02408087 0.02899992 0.01548135 -0.02354419 0.01782685 0.02911776 -0.03395754 0.002444863 0.0329467 -0.03757977 0.004325449 0.03275406 -0.03734087 -0.02836918 0.01592588 -0.02241528 -0.02810096 0.0193836 -0.02705436 -0.02670425 0.02127122 -0.02812349 -0.0251829 0.02305561 -0.0292446 -0.02358275 0.02469158 -0.03037261 -0.02186733 0.02622336 -0.03152126 -0.02004915 0.02763736 -0.03266602 -0.01811265 0.02894127 -0.03379839 -0.01406538 0.03043603 -0.0350275 -0.01758843 0.02855014 -0.03319263 -0.01055079 0.03181988 -0.03649842 -0.007018625 0.0327745 -0.03757983 -0.006769061 0.03233957 -0.03683596 -0.00327152 0.03287529 -0.03749102 -0.001486659 0.03300344 -0.0376507 3.11382e-4 0.03303527 -0.03769069 5.40731e-4 0.03303235 -0.03768706 0.01161229 0.03144997 -0.03609418 0.008029818 0.0325433 -0.0373125 0.0152443 0.02986484 -0.03445196 0.019804 0.02781337 -0.0328145 0.02503359 0.02321755 -0.02935194 0.02650678 0.02151751 -0.02827161 0.02879923 0.01916718 -0.02720123 0.02899992 0.01710873 -0.02551299 0.02841603 0.01779586 -0.02569413 0.02899992 0.01734995 -0.02574878 0.02787166 0.01775509 -0.02498221 0.02827024 0.01610088 -0.02249515 0.02899992 0.01480591 -0.02213191 0.02899992 0.01490718 -0.02243143 0.02712219 0.0179677 -0.02341288 0.02451777 0.02138561 -0.02542173 0.02144902 0.0244624 -0.02764171 0.01598882 0.02833414 -0.03111094 0.0140019 0.02936679 -0.03219008 0.0105648 0.03077054 -0.0337814 0.00724703 0.03171598 -0.03494387 0.004029035 0.03228276 -0.03567963 2.89442e-4 0.03253185 -0.0360127 -0.006322383 0.03191322 -0.0351963 -0.003044784 0.03239053 -0.0358228 -0.009574413 0.03109294 -0.03416901 -0.01287794 0.02987653 -0.0327506 -0.01626104 0.02817881 -0.03095483 -0.0198906 0.02574563 -0.02869993 -0.02457034 0.0228213 -0.0286408 -0.02608269 0.02107381 -0.02751576 -0.02747464 0.01922065 -0.02644139 -0.02128708 0.0259124 -0.03092026 -0.01949352 0.02728652 -0.03206366 0.01730775 0.02872097 -0.03335118 0.019252 0.02745741 -0.03221184 0.02111244 0.02605468 -0.0310347 0.01981157 0.02780801 -0.03280997 0.01925945 0.02745223 -0.03220731 0.02893835 0.01790702 -0.02622014 0.02588617 0.02131509 -0.02766454 -0.02692508 0.01916199 -0.02573472 -0.02614766 0.01935881 -0.02417695 -0.02552902 0.02098757 -0.02681511 -0.02471846 0.02115327 -0.02527076 -0.02401679 0.02270394 -0.02794468 -0.02318036 0.0228284 -0.02641016 -0.02074867 0.0257256 -0.0302273 -0.01897174 0.02706217 -0.0313692 -0.01709055 0.02828705 -0.03249424 -0.01362878 0.03010559 -0.03431689 -0.0101971 0.0314309 -0.03577142 5.02652e-4 0.03252935 -0.03600925 0.002274274 0.03245353 -0.03590726 0.007748544 0.03211987 -0.03657329 0.01123136 0.03107744 -0.03537243 0.01478469 0.02955615 -0.03374606 0.01681393 0.02845203 -0.03265202 0.0187329 0.02722793 -0.03151696 0.01788365 0.02717792 -0.0299853 0.01789098 0.02717322 -0.02998083 0.02230244 0.02439057 -0.02917021 0.0205754 0.02586424 -0.03034174 0.01874023 0.02722305 -0.03151243 0.02533227 0.02122497 -0.0269646 0.02880561 0.02101856 -0.02850377 0.02899992 0.01910108 -0.02726149 0.02899992 0.02097266 -0.02857667 0.02899992 0.01875644 -0.02698743 0.02899992 0.02363759 -0.03040504 0.02899992 0.02736926 -0.03357636 0.02899992 0.03067934 -0.03718554 0.02899992 0.03351682 -0.04117691 0.02899992 0.03583794 -0.04548901 0.02899992 0.03760725 -0.0500555 0.02899992 0.03879714 -0.05480593 0.02899992 0.03938955 -0.05966717 0.02899992 0.039375 -0.06456422 0.02899992 0.03875422 -0.06942188 0.02899992 0.03753644 -0.07416516 0.02899992 0.03574025 -0.07872116 0.02899992 0.0333938 -0.08301955 0.02899992 0.03053295 -0.08699429 0.02899992 0.02720171 -0.09058398 0.02899992 0.02345138 -0.09373331 0.02899992 0.01933991 -0.09639376 0.02899992 0.01493066 -0.09852463 0.02899992 0.01029127 -0.1000928 0.02899992 0.005493462 -0.1010742 0.02899992 6.11097e-4 -0.1014537 0.02899992 -0.004280686 -0.1012256 0.02899992 -0.009106695 -0.1003932 0.02899992 -0.01379227 -0.09896951 0.02899992 -0.0182656 -0.09697633 0.02899992 -0.02245748 -0.09444427 0.02899992 -0.02630341 -0.0914126 0.02899992 -0.02974408 -0.08792793 0.02899992 -0.03272682 -0.0840438 0.02899992 -0.03520536 -0.07982003 0.02899992 -0.03714162 -0.07532191 0.02899992 -0.03850579 -0.07061856 0.02899992 -0.03927671 -0.06578242 0.02899992 -0.03944277 -0.06088817 0.02899992 -0.0390014 -0.05601096 0.02899992 -0.03795903 -0.0512259 0.02899992 -0.03633219 -0.04660689 0.02899992 -0.03414565 -0.04222494 0.02899992 -0.0314331 -0.03814756 0.02899992 -0.02460467 -0.03115224 0.02899992 -0.02097272 -0.02857667 0.02880561 -0.02101862 -0.02850371 0.02899992 -0.02823632 -0.03443765 0.02880054 -0.01915508 -0.02719229 0.02899992 -0.01910108 -0.02726149 0.02884191 -0.0187813 -0.02691256 0.02899992 -0.01908236 -0.02724695 0.02899992 -0.01734995 -0.02574884 0.02899992 -0.01942962 -0.0275132 0.02899992 -0.01493299 -0.02249789 0.02899992 -0.01482987 -0.02221 0.02871727 -0.01528912 -0.02213287 -0.001753985 -0.03245258 -0.03537291 -0.002739608 -0.03238415 -0.03527903 -0.00279951 -0.03241252 -0.03585237 -0.0287382 -0.01631307 -0.02427995 -0.02817553 -0.01817524 -0.02588659 -0.006661295 -0.03284847 -0.03766596 -0.01022344 -0.03192597 -0.03661584 0.004072427 -0.03278625 -0.03738063 0.002287864 -0.03295797 -0.03759378 0.0189085 -0.02842879 -0.03334426 0.02235829 -0.02580595 -0.03119903 0.02405333 -0.0242331 -0.03004652 0.02563112 -0.02255523 -0.02891898 0.02711498 -0.02074396 -0.02781301 0.02847325 -0.01883077 -0.02676296 0.01484417 -0.03006523 -0.03465187 0.01837074 -0.02805393 -0.03274017 0.007811069 -0.03259611 -0.03737324 0.01132732 -0.03155314 -0.03620624 4.83453e-4 -0.03303337 -0.03768813 -0.003008544 -0.03290039 -0.03752207 -0.01383721 -0.03054016 -0.03513437 -0.02314651 -0.02510118 -0.03067076 -0.02475798 -0.02351194 -0.02954941 -0.02625626 -0.02182298 -0.02845841 -0.02762967 -0.01813 -0.0251761 -0.02801835 -0.01653528 -0.0226981 -0.02408576 -0.02182012 -0.02508276 -0.0243346 -0.02154237 -0.02489793 -0.02426362 -0.02167356 -0.02561193 -0.02513617 -0.02060151 -0.02429586 -0.02687257 -0.01833891 -0.02360993 -0.01987105 -0.02571737 -0.02804929 -0.02083724 -0.0249409 -0.02739852 -0.02115017 -0.0247212 -0.02784842 -0.02094656 -0.02484929 -0.02732372 -0.02308768 -0.02287364 -0.02581405 -0.014705 -0.02898287 -0.03117436 -0.01615428 -0.02824014 -0.03101634 -0.01351833 -0.02955508 -0.03179568 -0.01266121 -0.02996909 -0.03285431 -0.01245927 -0.03001677 -0.03231573 -0.01108986 -0.03054928 -0.03293722 -0.00927025 -0.03118497 -0.03428131 -0.009011805 -0.03122556 -0.03376203 -0.005996763 -0.03197604 -0.03527748 -0.006376683 -0.0318681 -0.03458631 -0.008709967 -0.03131109 -0.03386938 -0.003001511 -0.03236103 -0.0352472 -0.004069328 -0.03224402 -0.035088 -0.005875647 -0.03196442 -0.03471332 5.94683e-4 -0.03249454 -0.03543078 4.49423e-4 -0.03253 -0.03601026 0.003007888 -0.03236043 -0.03524631 0.003792524 -0.03231137 -0.03571754 0.00311917 -0.03234988 -0.03523188 0.007558047 -0.03160876 -0.03424882 0.006908118 -0.03175729 -0.03444105 0.007046639 -0.0317611 -0.03500127 0.005256056 -0.032072 -0.03485661 0.003712356 -0.03228724 -0.03514653 0.009130537 -0.03119105 -0.033719 0.01029837 -0.03086084 -0.03388905 0.009920716 -0.03094869 -0.03341943 0.01234787 -0.03006291 -0.0323686 0.01361954 -0.02954608 -0.03238505 0.01339483 -0.02958101 -0.03183662 0.01745432 -0.02741527 -0.02959042 0.01678949 -0.02779591 -0.02997434 0.01702207 -0.02772581 -0.03050827 0.01480782 -0.02893054 -0.03111869 0.01993215 -0.02567017 -0.02800875 0.02037262 -0.02536571 -0.02837789 0.01996606 -0.02564376 -0.02798616 0.02762538 -0.0171197 -0.0223661 0.02638155 -0.01898044 -0.02334135 0.02653151 -0.01882892 -0.02387762 0.02605104 -0.01943159 -0.02359688 0.025137 -0.02065414 -0.02495384 0.02424341 -0.02164489 -0.02496588 0.02363169 -0.02236086 -0.02608001 0.02220255 -0.02373385 -0.02644836 0.02016478 -0.02548778 -0.02785348 0.02899992 -0.01467323 -0.02136313 0.02899992 -0.0146712 -0.02126467 0.02899992 -0.01545864 -0.02350854 0.02784621 -0.01867675 -0.02614831 0.0264917 -0.02055644 -0.02720391 0.02501559 -0.02233183 -0.02831423 0.02344989 -0.02397221 -0.02944451 0.0217722 -0.0255059 -0.03059804 -0.02255183 -0.02481925 -0.03006953 -0.02136427 -0.02663475 -0.03184574 -0.02079027 -0.02631253 -0.03124457 -0.01945948 -0.02805507 -0.03302049 -0.01891285 -0.02769184 -0.03241729 -0.01800066 -0.02901095 -0.03386104 -0.0174784 -0.02861768 -0.0332551 -0.02563697 -0.02161473 -0.02785205 -0.02849507 -0.01562929 -0.02167183 -0.02694529 -0.01817137 -0.02290183 -0.02672749 -0.01849031 -0.02307212 0.00753647 -0.03216993 -0.03663295 0.01095342 -0.03117609 -0.03548306 0.01439207 -0.02974903 -0.03394442 0.01786226 -0.02780658 -0.03204363 0.02123034 -0.02532947 -0.0299052 0.02289927 -0.023831 -0.02875036 0.0244615 -0.02222359 -0.02761697 0.0259388 -0.0204786 -0.02650171 0.02729845 -0.01862531 -0.02543967 0.02899992 -0.01621335 -0.02453643 -0.02025592 -0.02611523 -0.03055143 -0.01839768 -0.02745538 -0.03172188 -0.0175516 -0.02739351 -0.03018891 -0.01698213 -0.02835226 -0.03255641 -0.0134052 -0.03020548 -0.03442281 -0.009878516 -0.0315321 -0.03588724 -0.006423294 -0.0324096 -0.03692054 -0.02200525 -0.02465903 -0.02937638 -0.01939845 -0.02611839 -0.02902352 -0.01844406 -0.0267595 -0.02897495 -0.01598542 -0.02829682 -0.03046059 -0.02508282 -0.02151942 -0.02715295 -0.0243377 -0.02153885 -0.01020002 0.01737624 -0.02746462 -0.01020002 0.01480776 -0.0289306 -0.01020002 0.02899992 -0.01467126 -0.01020002 0.02624875 -0.01916354 -0.01020002 0.02441751 -0.02144831 -0.01020002 0.01996624 -0.02564352 -0.01020002 0.02220386 -0.02373254 -0.01020002 0.009124696 -0.03119266 -0.01020002 0.011936 -0.03022873 -0.01020002 0.006075084 -0.03192698 -0.01020002 0.003118455 -0.03235 -0.01020002 0 -0.03249984 -0.01020002 -0.006075024 -0.03192698 -0.01020002 -0.002998173 -0.03236126 -0.01020002 -0.01193606 -0.03022873 -0.01020002 -0.009008705 -0.03122645 -0.01020002 -0.01470011 -0.02898538 -0.01020002 -0.0173763 -0.02746462 -0.01020002 -0.02220392 -0.02373254 -0.01020002 -0.01987087 -0.02571761 -0.01020002 -0.02624881 -0.01916354 -0.01020002 -0.02608728 -0.01904577 -0.00999999 -0.02899998 -0.01422286 -0.00999999 -0.0220673 -0.02358651 -0.00999999 -0.01186257 -0.03004258 -0.00999999 -0.01726937 -0.02729558 -0.00999999 0 -0.03229987 -0.00999999 -0.006037652 -0.03173065 -0.00999999 0.01186257 -0.03004258 -0.00999999 0.006037712 -0.03173065 -0.00999999 0.02206724 -0.02358651 -0.00999999 0.01726931 -0.02729558 -0.00999999 0.02608722 -0.01904577 -0.00999999 0.02899992 -0.01422286 -0.00999999 -0.02899998 0.01422286 -0.00999999 -0.02608728 0.01904577 -0.00999999 0.02608722 0.01904577 -0.00999999 0.02899992 0.01422286 -0.00999999 0.02206724 0.02358651 -0.00999999 0.01726931 0.02729558 -0.00999999 0.01186257 0.03004258 -0.00999999 0.006037712 0.03173065 -0.00999999 0 0.03229987 -0.00999999 -0.006037652 0.03173065 -0.00999999 -0.01186257 0.03004258 -0.00999999 -0.01726937 0.02729558 -0.00999999 -0.0220673 0.02358651 -0.00999999 0.02899992 0 -0.0769999 0.02899992 -0.004225969 -0.07639229 0.02899992 -0.008109569 -0.07461875 0.02899992 -0.01133608 -0.07182282 0.02899992 -0.01364433 -0.0682311 0.02899992 -0.01484715 -0.06413459 0.02899992 -0.01484715 -0.05986529 0.02899992 -0.01364433 -0.05576878 0.02899992 -0.01133608 -0.05217707 0.02899992 -0.008109569 -0.04938119 0.02899992 -0.004225969 -0.0476076 0.02899992 0 -0.04699999 0.02899992 0.004225969 -0.0476076 0.02899992 0.008109569 -0.04938119 0.02899992 0.01133608 -0.05217707 0.02899992 0.01364433 -0.05576878 0.02899992 0.01484715 -0.05986529 0.02899992 0.01484715 -0.06413459 0.02899992 0.01364433 -0.0682311 0.02899992 0.01133608 -0.07182282 0.02899992 0.008109569 -0.07461875 0.02899992 0.004225969 -0.07639229 -0.001736402 0.009848058 -0.00999999 0.001736462 0.009848058 -0.00999999 -0.004999935 0.008660197 -0.00999999 -0.007660329 0.006427824 -0.00999999 -0.009396851 0.003420174 -0.00999999 -0.00999993 0 -0.00999999 0.004999995 0.008660197 -0.00999999 0.007660388 0.006427824 -0.00999999 -0.009396851 -0.003420174 -0.00999999 -0.007660329 -0.006427824 -0.00999999 0.00939691 0.003420174 -0.00999999 0.00999999 0 -0.00999999 0.00939691 -0.003420174 -0.00999999 0.007660388 -0.006427824 -0.00999999 0.004999995 -0.008660197 -0.00999999 0.001736462 -0.009848058 -0.00999999 -0.001736402 -0.009848058 -0.00999999 -0.004999935 -0.008660197 -0.00999999 0.00939691 -0.003420174 0 0.007660388 -0.006427824 0 0.004999995 -0.008660197 0 0.001736462 -0.009848058 0 -0.001736402 -0.009848058 0 -0.004999935 -0.008660197 0 -0.007660329 -0.006427824 0 -0.009396851 -0.003420174 0 -0.00999993 0 0 -0.009396851 0.003420174 0 -0.007660329 0.006427824 0 -0.004999935 0.008660197 0 -0.001736402 0.009848058 0 0.001736462 0.009848058 0 0.004999995 0.008660197 0 0.007660388 0.006427824 0 0.00939691 0.003420174 0 0.00999999 0 0 0 0 0</float_array>
          <technique_common>
            <accessor source="#link_5_001-mesh-positions-array" count="1098" stride="3">
              <param name="X" type="float"/>
              <param name="Y" type="float"/>
              <param name="Z" type="float"/>
            </accessor>
          </technique_common>
        </source>
        <source id="link_5_001-mesh-normals">
          <float_array id="link_5_001-mesh-normals-array" count="6804">-0.076092 -0.8820206 0.4650267 -0.07609862 -0.9324775 0.3531213 -0.07609504 -0.9687953 0.2358925 -0.07609772 -0.9904402 0.1150539 -0.07610833 -0.997071 -0.007542073 -0.07611453 -0.9885798 -0.1300643 -0.07610493 -0.9651196 -0.2505041 -0.07611823 -0.9270232 -0.3671974 -0.07612371 -0.6430068 -0.7620679 -0.07611632 -0.5444822 -0.8353116 -0.07612651 -0.4376952 -0.895895 -0.07613515 -0.3242714 -0.9428953 -0.07613325 -0.2059844 -0.9755892 -0.07612872 -0.08453822 -0.9935078 -0.07613015 0.03813272 -0.9963685 -0.07613897 0.1603203 -0.9841242 -0.0761317 0.2800878 -0.9569509 -0.07613557 0.3954926 -0.9153082 -0.07613146 0.5049825 -0.8597655 -0.07614022 0.6067969 -0.7912018 -0.07614195 0.6994081 -0.7106552 -0.0761376 0.7814695 -0.6192807 -0.07613402 0.8516342 -0.5185779 -0.07614684 0.9089535 -0.4098845 -0.07614147 0.9523848 -0.2952384 0.03815537 0.8907731 -0.452844 0.07626861 -0.7719395 -0.6311042 0.07622444 0.9689651 -0.2351526 0.07622301 0.9905221 -0.1142635 -0.1016584 0.5640306 0.8194726 -0.04978984 0.7687675 0.6375873 0.1361384 0.5604876 0.8168966 -0.06452304 -0.74585 0.6629816 -0.1540451 -0.5727538 0.8051232 -0.09543126 -0.6688327 0.7372623 -0.08360826 -0.6166961 0.7827489 -0.1099868 -0.5801578 0.8070439 -0.07835859 -0.7418299 0.6659942 -0.07763743 -0.7124729 0.6973915 -0.0897957 -0.6743755 0.7329083 -0.05334079 -0.760474 0.6471741 -0.05307042 -0.8068355 0.5883877 -0.0515362 -0.8008416 0.5966547 -0.04871755 -0.7732926 0.632175 -0.01502496 -0.8278803 0.5607036 -0.02242201 -0.8240813 0.5660278 -0.03805571 -0.8262634 0.5619969 -0.03911352 -0.8238932 0.5653939 -0.04727792 -0.8129651 0.5803902 0.02595764 -0.8238261 0.5662479 0.01343721 -0.8279062 0.5607058 8.70526e-5 -0.842794 0.5382363 0.001930654 -0.8464658 0.5324397 -0.009276628 -0.8318608 0.5549068 0.03819954 -0.8234046 0.5661677 0.05195593 -0.8314648 0.5531427 0.03762388 -0.8265917 0.5615431 0.07211381 -0.7447817 0.6634002 0.05845892 -0.7544656 0.653731 0.0500732 -0.7631122 0.6443233 0.04937481 -0.8069849 0.5885046 0.06067496 -0.8006029 0.5961156 0.05216497 -0.8075585 0.5874762 0.1082125 -0.7517417 0.6505187 0.07625955 -0.7432399 0.6646646 0.0925281 -0.713491 0.6945281 0.06341046 -0.7421638 0.6672123 0.09331351 -0.6679444 0.7383379 0.1195754 -0.5743093 0.8098584 0.0849604 -0.6081375 0.7892723 0.093791 -0.6688387 0.7374674 0.1016812 0.644221 0.7580504 0.08709305 0.6178891 0.781427 0.09496265 0.5685568 0.8171446 0.07792741 0.7471241 0.6601007 0.0810796 0.7401583 0.6675267 0.0810796 0.7401582 0.6675267 0.08107954 0.7401583 0.6675267 0.08379101 0.7343962 0.673529 0.07956075 0.7138901 0.6957234 0.08427727 0.6685838 0.7388459 0.05776005 0.7549409 0.6532442 0.03942185 0.8235095 0.5659312 0.05088007 0.8081901 0.5867197 0.05268615 0.8068425 0.5884126 0.05047154 0.7899461 0.6110957 0.05047154 0.789946 0.6110957 0.05047148 0.789946 0.6110957 0.04831796 0.7665781 0.6403309 -0.007600426 0.8343636 0.5511622 -0.007600426 0.8343636 0.5511622 -0.007600367 0.8343635 0.5511622 -0.003436744 0.8500324 0.5267193 0.002174973 0.8416693 0.539989 0.004027962 0.8389736 0.5441574 0.0108053 0.8300405 0.5575984 0.01799756 0.826436 0.562743 0.02457797 0.8242853 0.5656411 -0.04671055 0.8287587 0.5576534 -0.02560716 0.8239106 0.5661411 -0.01316559 0.8280277 0.5605326 -0.04964226 0.806977 0.5884928 -0.05774194 0.8023709 0.5940262 -0.049914 0.8100927 0.5841733 -0.06857424 0.6471431 0.7592784 -0.1143452 0.6306815 0.7675715 -0.08627909 0.6639475 0.7427851 -0.07467013 0.7316327 0.6775972 -0.08953768 0.7167109 0.6915986 -0.07610756 0.7460142 0.6615667 -0.07138675 0.7450366 0.6631926 -0.05525726 0.7568665 0.6512295 0.07621812 0.9970562 0.008358359 0.07254987 0.9971893 0.01871019 0.07992756 0.9894812 0.1205764 0.07283228 0.9874471 0.1401564 0.07965284 0.966953 0.242193 0.07310897 0.9629543 0.2595655 0.07934635 0.9295151 0.3601471 0.07341659 0.9240905 0.3750558 0.07904493 0.8777778 0.4725021 0.07372182 0.87142 0.4849662 0.07871568 0.8125019 0.5776199 0.07404512 0.805747 0.587613 0.07768893 0.7478518 0.6593043 0.06463229 0.7501276 0.6581272 0.07621687 0.9327201 -0.3524546 0.07629615 0.9090118 -0.4097273 0.07158684 0.8891349 -0.4520117 0.07623732 0.8823127 -0.4644483 0.07631301 0.8517962 -0.5182854 0.07622712 0.818536 -0.5693755 0.07629716 0.7816218 -0.6190687 0.07622313 0.742347 -0.6656658 0.07628953 0.699595 -0.7104554 0.07623815 0.6548706 -0.751886 0.0762996 0.6069518 -0.7910677 0.07624644 0.5575037 -0.8266657 0.07630431 0.5050837 -0.8596907 0.07624512 0.4516855 -0.8889134 0.07629621 0.3955698 -0.9152615 0.07625389 0.3389582 -0.9377061 0.07630127 0.280178 -0.9569109 0.07625907 0.2211077 -0.9722634 0.07630306 0.1604365 -0.9840925 0.07625412 0.09993523 -0.9920677 0.07629299 0.03817647 -0.9963544 0.07625639 -0.02274775 -0.9968287 0.07629197 -0.08455872 -0.9934936 0.07626277 -0.1451272 -0.9864696 0.07629179 -0.2060115 -0.975571 0.07627004 -0.2653 -0.9611446 0.0762946 -0.324405 -0.9428365 0.0762645 -0.3813715 -0.9212707 0.07628506 -0.4378387 -0.8958114 0.07626628 -0.4917491 -0.8673906 0.07628315 -0.5446318 -0.8351988 0.0762732 -0.5946555 -0.8003546 0.07628381 -0.64317 -0.7619141 0.07626783 -0.6884717 -0.721242 0.07627499 -0.731952 -0.6770734 0.06350022 -0.8757847 -0.4785071 0.06392341 -0.9279482 -0.3671868 0.06433326 -0.966019 -0.2503369 0.06474322 -0.9894359 -0.1297112 0.0651583 -0.9978499 -0.007066369 0.06557154 -0.9911258 0.1156293 0.0659694 -0.9693744 0.236562 0.0663914 -0.9329106 0.3539351 0.06678408 -0.8823306 0.4658678 0.07629072 -0.8516243 0.5185711 0.07616817 -0.8056231 0.5875116 0.06720042 -0.8183381 0.5707951 0.07629948 -0.7814083 0.619338 0.03820586 0.8262121 0.5620622 0.03814959 0.8731617 0.4859355 0.03814399 0.8731682 0.4859242 0.03814405 0.9259167 0.3757972 0.03815215 0.9259095 0.3758139 0.03815257 0.9648349 0.2600733 0.0381506 0.9648366 0.2600673 0.03815078 0.9893558 0.1404272 0.03815686 0.9893535 0.1404407 0.03815662 0.999096 0.01874619 0.03815203 0.9990963 0.01873487 0.07630866 0.9524827 -0.2948794 0.07181459 0.9375967 -0.3402281 0.03814959 0.9393394 -0.3408609 0.03815513 0.9393435 -0.3408489 7.98836e-5 0.9400275 -0.3410988 7.95981e-5 0.8431575 0.5376667 7.96296e-5 0.8738043 0.4862779 8.62966e-5 0.8737971 0.4862908 8.59889e-5 0.9265839 0.3760882 8.22953e-5 0.9265877 0.3760789 8.1919e-5 0.9655393 0.2602573 7.53902e-5 0.9655432 0.2602428 7.47966e-5 0.9900746 0.1405434 7.77104e-5 0.9900738 0.1405494 7.78819e-5 0.9998242 0.01874911 7.24724e-5 0.9998245 0.01873546 0.07631164 0.9815286 -0.175437 0.07204395 0.9720847 -0.2232963 0.03814959 0.9739075 -0.2237161 0.03814965 0.9739077 -0.2237149 8.49709e-5 0.9746176 -0.2238765 8.04521e-5 0.9746146 -0.2238894 -0.03799194 0.9739112 -0.2237268 -0.03804612 0.8236341 0.5658441 -0.03799653 0.8731665 0.4859391 -0.03799945 0.8731704 0.4859316 -0.0380001 0.9259186 0.3758068 -0.0379945 0.9259136 0.3758196 -0.03799438 0.9648461 0.2600545 -0.03799265 0.9648447 0.2600603 -0.03799241 0.9893589 0.140448 -0.03799462 0.9893593 0.1404443 -0.03799474 0.9991025 0.01872318 -0.03798502 0.9991026 0.01874369 -0.0379976 -0.75462 -0.6550611 -0.07615226 0.9814619 -0.175879 -0.07601636 0.9917678 -0.1030454 -0.03799217 0.9939276 -0.1032691 -0.03798526 0.9939296 -0.1032534 8.48432e-5 0.9946472 -0.1033291 7.26826e-5 0.9946447 -0.1033547 0.03814971 0.9939205 -0.1032805 0.03815197 0.993921 -0.1032749 0.07229888 0.992042 -0.1030809 0.07631123 0.9956436 -0.05357801 -0.07100939 0.9908533 -0.1147497 -0.07614886 0.9956331 -0.0539999 -0.07601261 0.9969314 0.01870679 -0.07140129 0.9974164 0.00790143 -0.08136951 0.9867915 0.1400774 -0.07099491 0.9902718 0.1196731 -0.08085334 0.9623807 0.2593961 -0.0715236 0.9678031 0.2413331 -0.08035117 0.9235873 0.3748736 -0.0720213 0.9304546 0.3592593 -0.07984238 0.8710117 0.4847308 -0.07253098 0.8787742 0.4716941 -0.07936346 0.8054257 0.5873593 -0.07302552 0.8135949 0.5768281 -0.07615023 0.772264 0.6307214 0.07138186 0.8273507 -0.5571315 0.03814905 0.8288623 -0.5581505 0.03814935 0.8907684 -0.4528536 8.14112e-5 0.8914171 -0.4531838 8.19181e-5 0.94003 -0.3410918 -0.03799784 0.9393509 -0.3408461 -0.03799825 0.9739075 -0.2237421 -0.07600629 0.9717923 -0.2232551 -0.07061672 0.9692728 -0.2356343 0.07117325 0.7532476 -0.653875 0.03815102 0.754613 -0.6550602 0.0381518 0.8288666 -0.5581439 7.0725e-5 0.8294701 -0.5585513 7.17408e-5 0.8914059 -0.4532058 -0.0379945 0.890762 -0.4528791 -0.03799456 0.9393541 -0.3408378 -0.07601404 0.9373127 -0.3400983 -0.07021987 0.9329943 -0.3529743 0.07098615 0.6678942 -0.7408633 0.03815829 0.6690956 -0.7421961 0.03815847 0.7546212 -0.6550502 8.54795e-5 0.7551715 -0.6555273 8.59874e-5 0.8294888 -0.5585235 -0.03798943 0.8288894 -0.5581211 -0.03799116 0.8907676 -0.4528686 -0.07600295 0.8888321 -0.4518861 -0.06981778 0.8825743 -0.4649605 0.07082676 0.5725531 -0.8168026 0.03814667 0.5735771 -0.8182631 0.03814548 0.669074 -0.7422163 7.73411e-5 0.6695607 -0.7427574 7.73388e-5 0.7551597 -0.6555409 -0.03799551 0.7546141 -0.6550679 -0.03799676 0.8288816 -0.5581324 -0.07600742 0.8270809 -0.5569204 -0.06942564 0.8187668 -0.5699134 0.07067394 0.4686448 -0.8805552 0.03814345 0.4694781 -0.88212 0.03814202 0.5735709 -0.8182675 8.95521e-5 0.573989 -0.818863 9.05666e-5 0.6695839 -0.7427364 -0.0379849 0.6691011 -0.7422 -0.03798627 0.7546315 -0.6550483 -0.0760107 0.7529919 -0.6536251 -0.06903696 0.7425639 -0.6662077 0.07052618 0.3577439 -0.9311527 0.03814792 0.3583762 -0.9327976 0.03814864 0.469489 -0.8821138 8.54803e-5 0.4698309 -0.8827565 8.44608e-5 0.5739797 -0.8188695 -0.03798985 0.5735655 -0.8182784 -0.03799086 0.6690912 -0.7422087 -0.07601165 0.6676371 -0.7405964 -0.06865578 0.6550979 -0.7524182 0.07038187 0.2415213 -0.9678399 0.03814798 0.2419453 -0.9695398 0.03815013 0.3583785 -0.9327965 7.42874e-5 0.3586395 -0.9334762 7.63217e-5 0.4698126 -0.8827663 -0.03799575 0.4694729 -0.882129 -0.03799533 0.5735558 -0.8182848 -0.07600373 0.5723103 -0.8165075 -0.06825715 0.5576807 -0.8272444 0.0702598 0.1216632 -0.9900817 0.03814584 0.1218759 -0.9918121 0.03815114 0.2419439 -0.96954 8.14107e-5 0.2421202 -0.9702463 7.9372e-5 0.3586503 -0.933472 -0.03798949 0.3583915 -0.9327982 -0.03799039 0.4694836 -0.8821237 -0.07600921 0.4684631 -0.8802074 -0.06785196 0.4517873 -0.8895418 0.07015645 0 -0.997536 0.03814643 0 -0.9992722 0.03814655 0.1218701 -0.9918128 8.54801e-5 0.1219589 -0.9925352 8.3444e-5 0.2421291 -0.9702441 -0.03799837 0.2419542 -0.9695434 -0.03799772 0.3583747 -0.9328043 -0.07600486 0.3575962 -0.9307783 -0.06747031 0.3390837 -0.9383338 0.07005506 -0.121665 -0.9900959 0.03814786 -0.1218758 -0.9918121 0.03814536 0 -0.9992722 8.95527e-5 0 -1 9.15847e-5 0.1219692 -0.992534 -0.03799521 0.1218811 -0.9918172 -0.03799521 0.2419584 -0.9695425 -0.07601428 0.2414326 -0.9674358 -0.06705683 0.2211819 -0.9729245 0.06997162 -0.2415139 -0.9678714 0.03814864 -0.241931 -0.9695432 0.03814905 -0.1218716 -0.9918125 8.75164e-5 -0.1219604 -0.9925351 8.95505e-5 0 -1 -0.03799569 0 -0.999278 -0.03799724 0.1218811 -0.9918171 -0.07600903 0.1216164 -0.9896627 -0.06668591 0.1000055 -0.9927497 0.06991249 -0.3577699 -0.931189 0.0381447 -0.3583868 -0.9327937 0.03814458 -0.2419412 -0.9695408 8.54803e-5 -0.2421173 -0.970247 8.75142e-5 -0.1219692 -0.992534 -0.0379973 -0.1218811 -0.9918172 -0.03799533 0 -0.999278 -0.07600861 0 -0.9971073 -0.06629496 -0.02274453 -0.9975409 0.06984728 -0.4686772 -0.8806039 0.03815311 -0.4694827 -0.882117 0.03815335 -0.3583682 -0.9328005 7.83582e-5 -0.3586291 -0.9334802 7.93745e-5 -0.242132 -0.9702433 -0.03799575 -0.241957 -0.9695428 -0.03799474 -0.1218796 -0.9918174 -0.07601493 -0.1216149 -0.9896624 -0.0658822 -0.1452142 -0.9872044 0.06980109 -0.5725893 -0.8168656 0.03815037 -0.5735712 -0.8182669 0.03814971 -0.469489 -0.8821138 7.3269e-5 -0.4698315 -0.8827561 7.32667e-5 -0.3586397 -0.933476 -0.03798454 -0.3583809 -0.9328024 -0.0379852 -0.2419331 -0.9695491 -0.07601881 -0.241407 -0.967442 -0.06549626 -0.2654094 -0.9619086 0.06977486 -0.6679382 -0.7409387 0.03815072 -0.6690825 -0.7422083 0.03815019 -0.5735709 -0.8182671 8.44638e-5 -0.5739884 -0.8188634 8.54792e-5 -0.4698071 -0.8827691 -0.03799229 -0.4694681 -0.8821317 -0.03799331 -0.3583986 -0.9327952 -0.076011 -0.3576198 -0.9307688 -0.06509613 -0.3816276 -0.922021 0.06974452 -0.7533353 -0.6539279 0.03815084 -0.7546245 -0.6550469 0.03815126 -0.6690804 -0.7422102 8.64993e-5 -0.6695678 -0.742751 8.64969e-5 -0.5739859 -0.8188652 -0.03800249 -0.5735712 -0.8182738 -0.03800314 -0.4694882 -0.8821206 -0.07600367 -0.4684687 -0.8802049 -0.0647028 -0.4920217 -0.8681753 0.03815573 -0.7546162 -0.6550561 8.14098e-5 -0.7551665 -0.6555332 8.03898e-5 -0.6695774 -0.7427424 -0.03799366 -0.6690944 -0.7422057 -0.03799426 -0.5735557 -0.8182851 -0.07601118 -0.5723102 -0.8165068 -0.06429958 -0.5950082 -0.8011435 8.54797e-5 -0.7551597 -0.6555409 -0.03799247 -0.7546142 -0.6550679 -0.03799295 -0.6690917 -0.7422082 -0.0760076 -0.6676379 -0.7405961 -0.06391733 -0.6889458 -0.7219892 -0.07611244 -0.8748759 -0.4783296 -0.07600772 -0.8270846 -0.5569148 -0.03799325 -0.8288846 -0.5581282 -0.03799587 -0.8288902 -0.5581196 7.53026e-5 -0.8294888 -0.5585235 8.56508e-5 -0.8294758 -0.5585429 0.03815203 -0.8288708 -0.5581377 0.03815662 -0.8288669 -0.5581433 0.06974089 -0.8274517 -0.5571894 0.07627069 -0.8096199 -0.581978 -0.06311583 -0.844296 -0.5321474 -0.07611519 -0.8094495 -0.5822354 -0.07600706 -0.7529808 -0.6536381 -0.06352275 -0.7724666 -0.6318705 -0.07611644 -0.7317901 -0.6772662 -0.07612407 -0.9024627 -0.4239885 -0.06958407 -0.8892477 -0.4521026 -0.03799462 -0.8907642 -0.452875 -0.03799325 -0.8907629 -0.4528776 8.19169e-5 -0.8914064 -0.4532049 7.56893e-5 -0.8914118 -0.4531944 0.03815722 -0.8907628 -0.452864 0.03815221 -0.890769 -0.4528521 0.07617622 -0.8888267 -0.4518675 0.07628339 -0.8436663 -0.531421 -0.07611513 -0.9477059 -0.3099359 -0.06960183 -0.9377538 -0.340255 -0.03800028 -0.9393553 -0.3408339 -0.03799456 -0.939351 -0.3408462 7.98829e-5 -0.9400297 -0.3410927 8.19916e-5 -0.9400278 -0.3410978 0.03815639 -0.9393432 -0.3408498 0.03815668 -0.9393435 -0.3408489 0.07616549 -0.9372975 -0.3401062 0.07627284 -0.9025839 -0.4237037 -0.07612854 -0.9786271 -0.1910328 -0.06961715 -0.9722493 -0.2233488 -0.03799706 -0.9739102 -0.2237303 -0.03799927 -0.9739113 -0.2237251 8.92934e-5 -0.9746152 -0.2238869 8.04552e-5 -0.97462 -0.2238659 0.0381444 -0.9739106 -0.2237033 0.03815585 -0.9739043 -0.2237294 0.07616841 -0.9717828 -0.223241 0.07627844 -0.9478163 -0.3095578 -0.07612609 -0.9946824 -0.0693674 -0.06965535 -0.9922285 -0.1031059 -0.03798466 -0.9939265 -0.1032825 -0.03799712 -0.9939292 -0.1032524 7.21231e-5 -0.9946475 -0.103327 8.97755e-5 -0.9946432 -0.1033678 0.03815197 -0.9939191 -0.1032926 0.03814423 -0.9939211 -0.1032759 0.07617539 -0.9917552 -0.1030491 0.0762881 -0.9786862 -0.1906662 -0.0761193 -0.9956695 0.05336815 -0.06970465 -0.9973922 0.01871341 -0.0379948 -0.9991021 0.01874369 -0.03798514 -0.999103 0.01872336 7.78651e-5 -0.9998245 0.01873672 7.25704e-5 -0.9998242 0.0187481 0.03815656 -0.9990962 0.01873487 0.03815209 -0.9990961 0.01874619 0.07617419 -0.9969191 0.01870512 0.07628881 -0.9946992 -0.06894737 -0.0761218 -0.9815701 0.1752871 -0.06976628 -0.9876618 0.1402029 -0.03799235 -0.9893594 0.1404444 -0.03799468 -0.9893587 0.140448 7.40307e-5 -0.9900738 0.1405494 7.77142e-5 -0.9900748 0.1405417 0.03815168 -0.9893541 0.140439 0.03815692 -0.9893555 0.1404271 0.07616657 -0.9872005 0.1401203 0.07628315 -0.9956328 0.05381643 -0.07612985 -0.9525889 0.2945823 -0.06984066 -0.963185 0.2596096 -0.03799462 -0.964846 0.2600553 -0.03799271 -0.9648465 0.2600534 8.19174e-5 -0.9655441 0.2602398 7.41198e-5 -0.9655393 0.2602573 0.03815418 -0.964836 0.2600692 0.0381518 -0.9648354 0.2600716 0.07617002 -0.9627327 0.2595071 0.07628816 -0.9814705 0.1757722 -0.07612723 -0.909148 0.4094566 -0.06991493 -0.9243156 0.3751702 -0.03799802 -0.9259136 0.3758195 -0.0379945 -0.9259172 0.375811 8.44618e-5 -0.9265863 0.3760822 8.1788e-5 -0.9265836 0.376089 0.03814578 -0.9259094 0.3758147 0.03815424 -0.9259167 0.3757958 0.07616609 -0.9238995 0.374978 0.07628607 -0.9524108 0.2951174 -0.07613271 -0.8519339 0.5180855 -0.07000857 -0.8716573 0.4850901 -0.03800034 -0.8731704 0.4859316 -0.03799736 -0.873174 0.4859254 8.67506e-5 -0.8738055 0.4862757 8.37564e-5 -0.8738011 0.4862838 0.03814983 -0.8731652 0.4859292 0.03814625 -0.8731618 0.4859356 0.07617747 -0.8712584 0.4848771 0.07629919 -0.908905 0.4099636 -0.07609272 -0.8182018 0.5698736 -0.07011634 -0.8059858 0.5877676 -0.0761339 -0.7818223 0.6188358 -0.0761128 -0.7474272 0.6599693 -0.07997447 -0.7379617 0.670087 1 0 0 1 5.73915e-7 0 1 -4.59129e-7 0 1 0 0 1 -2.29562e-7 0 1 -4.59133e-7 0 1 9.18255e-7 0 1 -4.59127e-7 0 1 3.44346e-7 0 1 3.44349e-7 0 1 -3.44346e-7 0 1 -4.59132e-7 0 1 2.29562e-7 0 -0.9723817 -0.2333965 -7.64163e-7 -0.9723817 -0.2333965 -7.43701e-7 -0.9723817 -0.2333965 -1.30687e-6 -0.9389063 -0.3441647 -0.002422511 -0.9933364 -0.1152508 0 -0.986592 -0.09621852 0.1318266 -0.9302595 -0.3663331 0.02043014 -0.9305177 -0.3594084 0.07044422 -0.9305177 -0.3594084 0.07044416 -0.9305177 -0.3594084 0.07044416 -0.7682015 -0.6047589 0.2100791 -0.7682015 -0.6047588 0.2100791 -0.7682016 -0.6047589 0.2100791 -0.8719596 -0.4577382 0.1736736 -0.5132454 -0.5576323 0.6523998 -0.5133272 -0.5576078 0.6523563 -0.5133272 -0.5576079 0.6523562 -0.5609757 -0.5723015 0.5981448 -0.5609757 -0.5723015 0.5981449 -0.5609758 -0.5723015 0.5981448 -0.5364993 -0.5868777 0.6064183 -0.7536359 -0.4956492 0.4317001 -0.7229216 -0.5227258 0.4518211 -0.3748015 -0.5876712 0.717054 -0.4189221 -0.5181364 0.7456802 -0.2555677 -0.5570986 0.7901433 -0.2555677 -0.5570987 0.7901433 -0.9978396 -0.04264056 0.04997998 -0.9978396 -0.0426405 0.04997998 -0.9978459 -0.04258477 0.04990226 -0.9966538 -0.0504617 0.06430399 -0.9966472 -0.04677611 0.06712836 -0.9814628 -0.1800357 0.06571042 -0.9935265 -0.1109342 0.02447009 -0.9883779 -0.1508195 0.01904785 -0.9709625 -0.233489 0.05210202 -0.8615773 -0.2798597 0.4235128 -0.9428133 -0.2042875 0.2633815 -0.9428143 -0.203574 0.2639298 -0.9850393 -0.1200166 0.1236675 -0.9860494 -0.1122361 0.1229218 -0.986045 -0.1148616 0.120508 -0.9915434 -0.09612476 0.08718925 -0.9901348 -0.1044751 0.09337049 -0.9994378 -0.0283218 0.01794493 -0.999518 -0.02580273 0.01726466 -0.999518 -0.02580273 0.01726478 -0.9995166 -0.02584922 0.01727628 -0.9750298 -0.1849004 0.1229993 -0.9750297 -0.1849005 0.1229993 -0.9750298 -0.1849005 0.1229992 -0.9993106 -0.03326237 0.01649624 -0.9540766 -0.2531721 0.1601309 -0.9816267 -0.1725211 0.08152002 -0.8182059 -0.4970105 0.2889979 -0.8726516 -0.4376377 0.2166853 -0.9202168 -0.3065774 0.2433336 -0.8545467 -0.387311 0.3460349 -0.8545778 -0.3746713 0.3596086 -0.7739501 -0.4371861 0.4581152 -0.7739014 -0.4174885 0.4762145 -0.6467346 -0.4806283 0.5922254 -0.6466189 -0.4413098 0.6221975 -0.5331616 -0.4744991 0.7004209 -0.6945376 -0.4026296 0.596244 -0.8235801 -0.3311696 0.4604809 -0.8235801 -0.3311696 0.4604808 -0.8232173 -0.3585405 0.4401841 -0.9125887 -0.2696931 0.3073233 -0.9126027 -0.282383 0.2956621 -0.9606494 -0.2012183 0.1914785 -0.9606373 -0.2063234 0.1860284 -0.9905592 -0.109619 0.08231824 -0.9905268 -0.1135012 0.07729369 -0.9202355 -0.3132016 0.2346735 -0.954074 -0.2519352 0.1620845 -0.7731273 -0.5140889 0.3714657 -0.8717061 -0.413491 0.2629711 -0.6941771 -0.4172431 0.5865376 -0.2553833 -0.6496282 0.7160745 -0.2554842 -0.5604473 0.7877986 -0.2553732 -0.5604616 0.7878245 -0.2553732 -0.5604616 0.7878244 -0.5761777 -0.6198863 0.5326915 -0.25582 -0.7193685 0.6458058 -0.25582 -0.7193685 0.6458058 -0.255849 -0.6495341 0.7159937 -0.5804114 -0.6785615 0.4501965 -0.255458 -0.7933411 0.552586 -0.2560132 -0.79324 0.5524742 -0.2554579 -0.793341 0.552586 -0.256131 -0.7579377 0.5999397 -0.584688 -0.7263411 0.3613431 -0.2559058 -0.8551306 0.4508481 -0.2559888 -0.8259451 0.5022793 -0.5881853 -0.7630874 0.2678356 -0.2559243 -0.9040399 0.3423662 -0.2559243 -0.9040399 0.3423662 -0.2559243 -0.9040399 0.3423662 -0.2560727 -0.8813912 0.396959 -0.2562117 -0.8813579 0.3969433 -0.2565361 -0.881278 0.3969113 -0.5910882 -0.7883052 0.1708504 -0.2559996 -0.9392405 0.2286733 -0.2559996 -0.9392405 0.2286733 -0.2559996 -0.9392405 0.2286733 -0.2560825 -0.9234972 0.2856128 -0.2560825 -0.9234972 0.2856129 -0.5937203 -0.8014664 0.07175016 -0.2553952 -0.9603783 0.1115655 -0.2557893 -0.9516726 0.1699738 -0.2557893 -0.9516727 0.1699738 -0.2557893 -0.9516726 0.1699737 -0.5956791 -0.8027364 -0.02793914 -0.2559242 -0.9666692 -0.007312595 -0.2559242 -0.9666692 -0.007312655 -0.2559242 -0.9666692 -0.007312595 -0.2563147 -0.9652082 0.05173057 -0.5971046 -0.7920529 -0.1269579 -0.5971046 -0.7920529 -0.1269579 -0.2558999 -0.958444 -0.126097 -0.2559533 -0.9643471 -0.0672515 -0.598548 -0.7692069 -0.2237439 -0.2558756 -0.9357051 -0.2428656 -0.2559027 -0.9487944 -0.1852111 -0.5989032 -0.7353559 -0.3171224 -0.2556967 -0.8988138 -0.3560241 -0.2560386 -0.9188005 -0.3004164 -0.2560386 -0.9188005 -0.3004164 -0.599265 -0.6902013 -0.4055905 -0.2560324 -0.8481519 -0.4637735 -0.2560325 -0.8481519 -0.4637735 -0.2560325 -0.8481519 -0.4637735 -0.2554937 -0.8750537 -0.4111011 -0.5992347 -0.6346986 -0.4879299 -0.2562354 -0.7847021 -0.5644344 -0.2562652 -0.8177306 -0.5154075 -0.5984483 -0.5698395 -0.5631543 -0.5984482 -0.5698394 -0.5631543 -0.255989 -0.7094636 -0.6566057 -0.2558971 -0.7482634 -0.612061 -0.5973268 -0.4962589 -0.6300222 -0.5973267 -0.4962589 -0.6300222 -0.5973267 -0.4962589 -0.6300222 -0.2560317 -0.6233806 -0.7388128 -0.2556736 -0.6674534 -0.6993833 -0.2556736 -0.6674534 -0.6993833 -0.2555359 -0.6674931 -0.6993958 -0.5959403 -0.4149811 -0.6874925 -0.2561521 -0.5278561 -0.8097864 -0.2560828 -0.576354 -0.7760397 -0.5940939 -0.3272255 -0.7348306 -0.2559893 -0.4243128 -0.8685783 -0.2559893 -0.4243128 -0.8685782 -0.2559893 -0.4243128 -0.8685783 -0.2563498 -0.476579 -0.8409265 -0.591783 -0.2342175 -0.7713204 -0.5917831 -0.2342175 -0.7713204 -0.5917831 -0.2342174 -0.7713205 -0.2562574 -0.3143563 -0.9140636 -0.25619 -0.3696709 -0.8931463 -0.5886158 -0.1373211 -0.7966645 -0.256181 -0.199684 -0.9457789 -0.256181 -0.199684 -0.9457789 -0.256181 -0.1996881 -0.945778 -0.2560483 -0.2570988 -0.9318473 -0.2560483 -0.2570988 -0.9318473 -0.2560483 -0.2570989 -0.9318473 -0.5855748 -0.03775304 -0.8097388 -0.2557356 -0.08196765 -0.9632656 -0.2557355 -0.08196765 -0.9632657 -0.2557355 -0.08196765 -0.9632657 -0.2562358 -0.1406707 -0.9563237 -0.5815579 0.06301027 -0.8110613 -0.2559868 0.03700828 -0.9659717 -0.2559867 0.03700822 -0.9659717 -0.2559867 0.03700828 -0.9659717 -0.2553256 -0.02203971 -0.9666039 -0.5770103 0.1635985 -0.8001841 -0.2553623 0.1554519 -0.9542667 -0.2556344 0.09687483 -0.9619077 -0.2556344 0.09687483 -0.9619078 -0.2556344 0.09687483 -0.9619077 -0.5722913 0.2624387 -0.7769226 -0.2563975 0.2715145 -0.9276531 -0.2562465 0.2142816 -0.942561 -0.5665901 0.3583414 -0.7420021 -0.5668665 0.3582515 -0.7418344 -0.5665901 0.3583414 -0.7420021 -0.2555192 0.3834758 -0.8875001 -0.2557173 0.328559 -0.9092072 -0.2557173 0.3285589 -0.9092072 -0.2557173 0.328559 -0.9092072 -0.5606453 0.4496541 -0.6953331 -0.5606452 0.4496541 -0.6953332 -0.5606452 0.4496541 -0.6953331 -0.255789 0.4895737 -0.8336004 -0.255789 0.4895737 -0.8336005 -0.2560914 0.4377269 -0.8618657 -0.5545901 0.5348774 -0.637445 -0.2563259 0.5882401 -0.7669881 -0.2563259 0.5882402 -0.766988 -0.2563259 0.58824 -0.7669881 -0.2557688 0.5403905 -0.8015988 -0.547429 0.6131443 -0.5695399 -0.2558353 0.6781039 -0.6890017 -0.2556992 0.6348171 -0.7291264 -0.5395435 0.683067 -0.4922524 -0.2562122 0.7575878 -0.6003466 -0.2559676 0.7195401 -0.6455561 -0.5310854 0.7434597 -0.406468 -0.2560339 0.8256437 -0.5027516 -0.2557648 0.7934493 -0.5522885 -0.5216054 0.7935251 -0.3134421 -0.256302 0.8811475 -0.3973517 -0.2560604 0.855239 -0.4505545 -0.5121934 0.8317224 -0.2142335 -0.2560862 0.9233083 -0.2862198 -0.2558408 0.9041751 -0.3420715 -0.5012167 0.8582441 -0.1104491 -0.2561252 0.9514873 -0.1705053 -0.2553998 0.9394708 -0.2283982 -0.2553998 0.9394707 -0.2283982 -0.2553998 0.9394708 -0.228398 -0.2551285 0.7887758 0.5592337 -0.255073 0.8519425 0.4573091 -0.2553105 0.8518978 0.4572601 -0.2554494 0.8518689 0.4572365 -0.2557889 0.9018419 0.3482145 -0.2555419 0.9018909 0.3482688 -0.2555418 0.9018895 0.3482725 -0.2555419 0.901891 0.3482688 -0.2553077 0.9381313 0.2339397 -0.2553077 0.9381313 0.2339397 -0.2553077 0.9381313 0.2339397 -0.255381 0.9381149 0.2339252 -0.2553589 0.9598628 0.1159968 -0.2551758 0.9599103 0.116007 -0.2553207 0.9668261 0.007661223 -0.4897756 0.8718421 -0.0033589 -0.2557436 0.9653266 -0.0523439 -0.255467 0.960399 -0.1112224 -0.4168699 0.6668877 0.617641 -0.2559807 0.7486381 0.6115676 -0.2559807 0.7486381 0.6115676 -0.2559807 0.7486381 0.6115676 -0.2551727 0.7887686 0.5592235 -0.2556773 0.7133662 0.6524859 -0.2557098 0.6271013 0.7357693 -0.2558722 0.6270696 0.73574 -0.256152 0.5480611 0.7962507 -0.2552882 0.5481653 0.7964565 -0.2552881 0.5481653 0.7964564 -0.2552882 0.5481653 0.7964565 -0.9866502 0.08907693 0.1363331 -0.9795387 0.1140824 0.1657989 -0.9795386 0.1140823 0.1657989 -0.9795387 0.1140823 0.1657989 -0.9909445 0.08002626 0.1078182 -0.9647344 0.1707362 0.2003417 -0.9647344 0.1707363 0.2003416 -0.9647344 0.1707362 0.2003417 -0.9862603 0.1094164 0.1237689 -0.9869719 0.1164534 0.111018 -0.9628813 0.1991654 0.1821889 -0.9909836 0.1045151 0.0838344 -0.95965 0.2293919 0.162638 -0.9881784 0.1273355 0.08537554 -0.9843887 0.1540168 0.08519184 -0.9683499 0.2199261 0.1180294 -0.9907959 0.1236117 0.05517017 -0.9561282 0.2732833 0.1055225 -0.989441 0.1369112 0.04756063 -0.9802534 0.1916502 0.04871892 -0.9737854 0.2207137 0.05502504 -0.9903352 0.1368443 0.0225805 -0.954685 0.2954677 0.03571534 -0.9902558 0.1388369 0.01085859 -0.9745098 0.2243431 -8.65082e-4 -0.979516 0.2013606 -0.001476824 -0.9895668 0.1434561 -0.01334613 -0.9557595 0.2917444 -0.037539 -0.9907441 0.1335937 -0.02406102 -0.969085 0.2389273 -0.06154716 -0.9839692 0.1721781 -0.04646998 -0.9883906 0.142772 -0.05196577 -0.9590662 0.2633794 -0.1040353 -0.9909712 0.1216183 -0.05643707 -0.9635629 0.2346962 -0.1283133 -0.9866888 0.1411322 -0.08078962 -0.9865571 0.134384 -0.0929836 -0.963908 0.2160018 -0.1556422 -0.9909716 0.1033346 -0.08542412 -0.958791 0.2082753 -0.1932394 -0.958791 0.2082753 -0.1932394 -0.9884636 0.1080791 -0.1061069 -0.9837557 0.1168918 -0.1362388 -0.9693962 0.1578035 -0.1880667 -0.9907241 0.07937407 -0.1102977 -0.9556086 0.1599764 -0.2474265 -0.9896256 0.07366317 -0.1233488 -0.9791923 0.08879762 -0.1824761 -0.9748047 0.09700286 -0.2008637 -0.9902144 0.0501483 -0.1302335 -0.954658 0.0952779 -0.2820467 -0.9903715 0.03852885 -0.1329653 -0.9735016 0.04580038 -0.2240469 -0.9805363 0.03836834 -0.1925524 -0.9893773 0.01613169 -0.1444734 -0.95628 0.02265375 -0.2915741 -0.9908083 0.003487646 -0.1352292 -0.9680052 -0.011684 -0.2506582 -0.9845733 -0.01042783 -0.1746624 -0.9880859 -0.02224606 -0.1522869 -0.9598689 -0.04764264 -0.2763726 -0.990989 -0.03060376 -0.1304011 -0.9625826 -0.07872897 -0.2592999 -0.9870724 -0.0497958 -0.1523435 -0.9861062 -0.06489408 -0.1529159 -0.9649862 -0.1066935 -0.2396213 -0.9649861 -0.1066934 -0.2396213 -0.9909418 -0.06281393 -0.1186957 -0.9580921 -0.1480394 -0.2452425 -0.9887248 -0.0810796 -0.1258949 -0.9830535 -0.1120502 -0.1450885 -0.9703986 -0.1494407 -0.1897212 -0.9906446 -0.09233188 -0.10049 -0.9553027 -0.2102758 -0.2078002 -0.9897876 -0.1050509 -0.09635782 -0.9779896 -0.1652384 -0.1274081 -0.9757916 -0.1733859 -0.1332975 -0.9900874 -0.1181439 -0.0759539 -0.9547218 -0.2565214 -0.1506763 -0.9547218 -0.2565214 -0.1506762 -0.9547218 -0.2565214 -0.1506762 -0.9904767 -0.1217364 -0.06431275 -0.9724776 -0.2139471 -0.09227114 -0.9814884 -0.1763601 -0.07468432 -0.9891794 -0.139484 -0.04548186 -0.956803 -0.2791672 -0.08120208 -0.9908609 -0.1313436 -0.03071868 -0.9668642 -0.2520776 -0.04038053 -0.9668642 -0.2520776 -0.04038047 -0.9668642 -0.2520776 -0.04038053 -0.9851447 -0.1699409 -0.0247004 -0.9877782 -0.1555961 -0.009174346 -0.9607873 -0.2771189 -0.009646713 -0.9909966 -0.1338407 0.003549873 -0.96163 -0.2732563 0.02447038 -0.9874346 -0.1570395 0.01764953 -0.9856147 -0.1657272 0.0331391 -0.9658672 -0.2531632 0.05485498 -0.9908953 -0.1292871 0.03756791 -0.9573326 -0.2726863 0.09569019 -0.988959 -0.1382569 0.05334216 -0.9822731 -0.1684926 0.08215755 -0.9714617 -0.2123702 0.1056466 -0.9905618 -0.1176298 0.07036095 -0.9550375 -0.2470541 0.1639137 -0.9899504 -0.1147236 0.08268493 -0.9766944 -0.1627945 0.1398792 -0.9767626 -0.1625465 0.1396907 -0.9899432 -0.0990315 0.1010217 -0.9550485 -0.1991814 0.2195663 -0.9905712 -0.08720099 0.1056635 -0.9742649 -0.1306637 0.1836706 -0.9866296 -0.09264093 0.1340884 -0.8614816 0.2879125 0.4182775 -0.8612233 0.2881296 0.4186595 -0.8612233 0.2881296 0.4186595 -0.8610125 0.32992 0.3870533 -0.8610126 0.3299201 0.3870534 -0.8610125 0.32992 0.3870533 -0.8612579 0.3296366 0.3867489 -0.8612508 0.3749872 0.3429747 -0.8612522 0.3749886 0.3429697 -0.8612607 0.4145435 0.2939113 -0.8611858 0.4146542 0.2939745 -0.8611807 0.4478627 0.2403889 -0.8612041 0.4478191 0.2403867 -0.8611924 0.4741616 0.183081 -0.8611381 0.4742487 0.1831108 -0.861138 0.4932662 0.1230036 -0.861203 0.4931599 0.1229748 -0.8611963 0.5046012 0.06098037 -0.8611076 0.5047512 0.0609923 -0.8611171 0.5084032 -0.00196135 -0.8612255 0.5082194 -0.001950025 -0.861228 0.5040625 -0.06486475 -0.8611139 0.5042552 -0.06488192 -0.8611139 0.5042552 -0.06488198 -0.8611139 0.5042552 -0.06488192 -0.8612861 0.4920628 -0.1267306 -0.8611468 0.4922885 -0.1268005 -0.8611416 0.472813 -0.1867702 -0.8612036 0.4727104 -0.186744 -0.861169 0.4460155 -0.2438403 -0.8611872 0.445984 -0.243834 -0.8612069 0.4123411 -0.2971491 -0.8611797 0.4123775 -0.2971774 -0.8611776 0.3724194 -0.3459439 -0.861155 0.3724431 -0.3459742 -0.8611441 0.3267614 -0.3894328 -0.8612412 0.3266626 -0.389301 -0.8612334 0.2759611 -0.4267585 -0.8611658 0.2760244 -0.4268538 -0.8611483 0.2210576 -0.4577744 -0.8611626 0.2210496 -0.4577513 -0.8611743 0.1626887 -0.4815717 -0.8611107 0.1627119 -0.4816774 -0.8611168 0.101828 -0.4981056 -0.8610747 0.1018443 -0.4981749 -0.8610864 0.03938674 -0.5069307 -0.8610625 0.03938806 -0.5069714 -0.8610261 -0.02368092 -0.5080093 -0.8610919 -0.02367705 -0.5078979 -0.8610683 -0.0863741 -0.5010998 -0.8611509 -0.08634966 -0.5009621 -0.8611477 -0.1477215 -0.4864186 -0.8613029 -0.1476292 -0.4861717 -0.8613097 -0.2066691 -0.4641484 -0.8612131 -0.2067463 -0.4642931 -0.8611909 -0.2626588 -0.4351558 -0.8612117 -0.2626398 -0.4351263 -0.8611901 -0.314512 -0.3992918 -0.8611787 -0.3145231 -0.3993078 -0.8611907 -0.361521 -0.3572859 -0.8612466 -0.3614441 -0.3572291 -0.8609761 -0.4032937 -0.3099588 -0.8609762 -0.4032937 -0.3099588 -0.8609761 -0.4032937 -0.3099587 -0.8611235 -0.4030632 -0.3098491 -0.8611108 -0.4383382 -0.2575811 -0.8612243 -0.4381675 -0.2574917 -0.8612133 -0.4666911 -0.2012734 -0.8611038 -0.4668673 -0.2013337 -0.861108 -0.4881932 -0.1419879 -0.8612407 -0.487975 -0.1419327 -0.8612556 -0.5017667 -0.08043122 -0.8611851 -0.501886 -0.08044123 -0.8611845 -0.5079849 -0.01768308 -0.8612909 -0.5078046 -0.01768434 -0.8612794 -0.5061066 0.04531937 -0.8610848 -0.5064356 0.04534608 -0.8610846 -0.5064355 0.04534614 -0.8613371 -0.496507 0.1076075 -0.8612099 -0.4967172 0.1076549 -0.8612185 -0.479559 0.1683036 -0.8611529 -0.4796624 0.1683446 -0.8611696 -0.4550971 0.2264364 -0.8612877 -0.4549273 0.226329 -0.861108 -0.4236688 0.281066 -0.8611079 -0.4236688 0.281066 -0.861182 -0.4235532 0.281013 -0.8611729 -0.38552 0.3312939 -0.8611783 -0.3855133 0.3312876 -0.8611832 -0.3415341 0.3764543 -0.8611879 -0.3415227 0.3764541 -0.8612573 -0.2945604 0.4140893 -0.8612737 -0.2945481 0.4140642 -0.5867219 0.4591313 0.6670501 -0.5870627 0.4589756 0.6668574 -0.5870627 0.4589756 0.6668573 -0.5870627 0.4589756 0.6668574 -0.5866438 0.525328 0.6163439 -0.5866437 0.525328 0.6163437 -0.5863605 0.5254506 0.6165089 -0.5863785 0.5977244 0.5467045 -0.5865159 0.5976512 0.5466372 -0.5865145 0.6607286 0.4684426 -0.58669 0.660623 0.4683718 -0.5867002 0.7135113 0.3829942 -0.5863316 0.7137595 0.3830963 -0.5863418 0.7556893 0.2917827 -0.5868234 0.7553541 0.2916827 -0.5868203 0.7856577 0.195919 -0.5864939 0.7858929 0.1959528 -0.5865167 0.8040879 0.09716391 -0.5867823 0.8038951 0.09715521 -0.5867648 0.8097515 -0.003107309 -0.5865695 0.809893 -0.003118455 -0.5865716 0.8032748 -0.1033603 -0.5863161 0.8034568 -0.1033957 -0.586591 0.7842832 -0.2020175 -0.586591 0.7842831 -0.2020175 -0.5863192 0.7844749 -0.2020619 -0.5862895 0.7844952 -0.2020693 -0.5862421 0.7534813 -0.2976344 -0.5866112 0.7532331 -0.2975355 -0.586623 0.7105929 -0.3884987 -0.5866566 0.7105724 -0.3884856 -0.5865958 0.6570515 -0.4734858 -0.5863002 0.6572147 -0.4736255 -0.5863289 0.5935134 -0.5513261 -0.5865851 0.5933825 -0.5511944 -0.5865132 0.5206232 -0.6204465 -0.5864195 0.5206503 -0.6205123 -0.5864442 0.4398186 -0.6801787 -0.5864925 0.4398112 -0.6801416 -0.5865463 0.3522037 -0.7293258 -0.5864925 0.352222 -0.7293602 -0.5864925 0.352222 -0.7293601 -0.5867534 0.2591606 -0.7671743 -0.5865363 0.2591933 -0.7673292 -0.5865911 0.1622141 -0.7934718 -0.5868487 0.1621844 -0.7932873 -0.586788 0.06272298 -0.8073077 -0.5867661 0.06272226 -0.8073238 -0.5867864 -0.03770685 -0.8088634 -0.5866128 -0.03771758 -0.8089888 -0.5866694 -0.1375544 -0.7980588 -0.5865757 -0.1375724 -0.7981246 -0.5865567 -0.2353176 -0.774969 -0.5863088 -0.2353854 -0.7751361 -0.5863276 -0.3295245 -0.7400228 -0.5861195 -0.3295939 -0.7401567 -0.5861364 -0.418673 -0.6936549 -0.5863457 -0.4185916 -0.6935272 -0.5867435 -0.5010972 -0.6361082 -0.5867436 -0.5010972 -0.6361082 -0.5867436 -0.5010972 -0.6361082 -0.5865631 -0.5011402 -0.6362408 -0.5865633 -0.5760368 -0.56932 -0.5864193 -0.5761274 -0.5693765 -0.5864802 -0.6421526 -0.4936408 -0.586537 -0.6421107 -0.4936279 -0.5866088 -0.6982312 -0.4103211 -0.5865623 -0.6982622 -0.4103347 -0.5865853 -0.7436777 -0.32072 -0.586393 -0.7438145 -0.3207542 -0.5864049 -0.7777848 -0.2262306 -0.58646 -0.7777448 -0.2262254 -0.5864657 -0.799767 -0.128183 -0.5865585 -0.7996996 -0.1281788 -0.5865702 -0.8094078 -0.0281893 -0.5862389 -0.8096482 -0.02817887 -0.5862407 -0.8069089 0.07224959 -0.5864892 -0.8067311 0.07221943 -0.5864965 -0.7915732 0.1715624 -0.5866305 -0.7914794 0.1715378 -0.5863401 -0.7643597 0.2682527 -0.5863403 -0.7643597 0.2682527 -0.5863403 -0.7643597 0.2682527 -0.5866916 -0.7641095 0.268197 -0.5866916 -0.7641096 0.2681971 -0.5862836 -0.7253047 0.3608388 -0.5865592 -0.7251279 0.3607463 -0.5865564 -0.6748845 0.4477528 -0.5865622 -0.6748834 0.4477469 -0.5865895 -0.6142401 0.5278466 -0.5865139 -0.6142865 0.5278766 -0.5865026 -0.5442195 0.5998666 -0.586413 -0.5442549 0.5999221 -0.5865995 -0.4711211 0.6587459 -0.5327525 -0.4905623 0.6895822 -0.7303183 0.3633242 0.5784729 -0.9986296 0.04171288 0.03160464 -0.993939 0.1098997 0.002715349 -0.8957868 0.4281014 0.1195631 -0.8957867 0.4281014 0.1195631 -0.8961501 0.4107979 0.1678103 -0.8889642 0.4556339 0.04626572 -0.8889642 0.4556338 0.04626667 -0.8889425 0.4556763 0.0462659 -0.9414082 0.3361133 0.02789914 -0.9414083 0.3361133 0.02789914 -0.9414083 0.3361133 0.02789914 -0.7727698 0.618685 0.1416195 -0.989704 0.1414017 0.02217197 -0.995815 0.089603 0.01799595 -0.2560669 0.5302256 0.808264 -0.2560669 0.5302256 0.808264 -0.2561333 0.5301104 0.8083186 -0.3248462 0.5469299 0.7715846 -0.4599229 0.5262838 0.7151896 -0.3924693 0.5929539 0.7031171 -0.7162539 0.483291 0.5033987 -0.5818109 0.5765557 0.5736546 -0.7621789 0.5016031 0.4092404 -0.7621789 0.5016031 0.4092405 -0.7621789 0.5016031 0.4092405 -0.7611684 0.5024966 0.4100244 -0.8093277 0.5038623 0.3018466 -0.9172342 0.3377533 0.2111971 -0.8319043 0.4969813 0.2468701 -0.9861451 0.1545813 0.0601871 -0.986137 0.1563375 0.05560898 -0.9993329 0.03078341 0.01965498 -0.9963293 0.07335066 0.044133 -0.9931248 0.08681035 0.07853084 -0.9931248 0.08681035 0.07853084 -0.9931248 0.08681035 0.07853084 -0.9915683 0.09648865 0.08649963 -0.9884332 0.1056047 0.1088457 -0.9884333 0.1056022 0.108848 -0.9883823 0.1058306 0.1090885 -0.9978678 0.042203 0.04978877 -0.9979709 0.04311174 0.04685539 -0.9879016 0.09071028 0.1257859 -0.9879232 0.0869807 0.1282278 -0.9866542 0.08764505 0.1372293 -0.8614249 0.2905184 0.4165888 -0.8828424 0.2498945 0.3976711 -0.8825889 0.2779305 0.3791987 -0.952071 0.1751838 0.250742 -0.952071 0.1751838 0.250742 -0.9520295 0.2034508 0.2285775 -0.9520296 0.2034488 0.2285791 -0.9520295 0.2034488 0.2285791 -0.9921405 0.07856374 0.09739232 -0.9883798 0.1033546 0.1114597 -0.7303276 0.3987867 0.5546087 -0.8396318 0.3171932 0.440916 -0.8396319 0.3171932 0.440916 -0.8398743 0.3551377 0.4104736 -0.9244057 0.2498493 0.2881832 -0.9244457 0.2739949 0.2651924 -0.9700273 0.1738106 0.1698149 -0.9699941 0.1899021 0.151818 -0.9958612 0.07047271 0.05739504 -0.9958815 0.07403153 0.0523405 -0.5870211 0.4220949 0.6908273 -0.5261687 0.4897126 0.695218 -0.5259122 0.50016 0.6879364 -0.6679759 0.4309961 0.6066717 -0.6679759 0.4309961 0.6066718 -0.6679759 0.4309961 0.6066718 -0.6679961 0.4903609 0.5597566 -0.6679961 0.4903609 0.5597566 -0.6679961 0.4903609 0.5597566 -0.7921656 0.3962287 0.4641944 -0.7919613 0.3964186 0.4643809 -0.792251 0.4413765 0.4213374 -0.8722928 0.346953 0.3445705 -0.8721841 0.3847239 0.3021299 -0.935789 0.2713962 0.2250401 -0.9358177 0.3005344 0.1841856 -0.9670754 0.2106413 0.1428122 -0.9672392 0.2257233 0.1161779 -0.9990351 0.03963565 0.01892423 -0.9379671 0.3467246 0 -0.9939448 0.1098803 0 -0.9930354 0.1178166 7.8776e-5 -0.941761 0.336283 -7.65493e-5 -0.941761 0.336283 -7.65859e-5 -0.941761 0.336283 -7.85192e-5 -0.8892944 0.4573335 0.001247107 -0.8892942 0.4573341 0.001246809 -0.8892944 0.4573335 0.001323878 0.7660732 0.6427534 -2.56075e-4 -0.8518123 0.5238472 0 -0.6076598 0.7941974 2.44906e-5 -0.6451764 0.7640333 7.58555e-4 -0.6440078 0.7650189 4.53572e-4 -0.7123411 0.7018334 -3.81502e-4 -0.7127502 0.7014179 -2.72332e-4 -0.771672 0.6360208 2.91715e-4 -0.7754657 0.6313877 0.001605629 -0.8245225 0.5658279 -0.001268446 -0.8672029 0.4977571 0.01403343 -0.5700058 0.8216407 -2.39123e-4 -0.5693435 0.8220998 -1.25082e-4 -0.5135355 0.8580685 7.39146e-5 -0.4899535 0.871746 0.002165973 -0.4726326 0.8812596 3.765e-4 -0.4211469 0.9069924 -3.87501e-4 -0.4059444 0.9138972 0.001075088 -0.3828906 0.9237938 1.65983e-4 -0.3389975 0.9407873 -4.68227e-4 -0.3186615 0.9478673 0.001636207 -0.2948123 0.9555552 4.65409e-4 -0.2948122 0.9555551 4.65427e-4 -0.2948123 0.9555552 4.65402e-4 -0.2282758 0.9735959 0.001204669 -0.2490388 0.9684935 -3.82079e-6 -0.2793219 0.9601976 5.26882e-6 -0.08679598 0.9962262 -1.7211e-5 -0.1248601 0.9921743 3.10789e-4 -0.1362258 0.9906769 0.001419067 -0.1743136 0.9846902 -7.12638e-5 -0.2097184 0.9777619 1.10627e-4 -0.04418307 0.9990234 1.95488e-4 -0.04257696 0.9990932 3.57559e-4 0.02893334 0.9995813 -2.98101e-4 0.05103117 0.9986959 0.001559615 0.08353453 0.996505 -4.5282e-6 0.119009 0.9928932 7.87244e-7 0.1446077 0.9894884 0.00115776 0.1717997 0.9851317 -7.03869e-4 0.2126525 0.9771279 4.41182e-4 0.236483 0.9716345 0.001504838 0.2488751 0.9685356 3.18547e-4 0.2993773 0.9541348 -1.64235e-4 0.3267015 0.9451268 0.001280069 0.3357608 0.9419471 5.89904e-4 0.3906324 0.9205466 -7.51273e-4 0.4136421 0.910438 0.001754283 0.4434328 0.8963076 -5.17595e-6 0.4813898 0.8765067 5.52772e-6 0.4973359 0.8675568 0.001506447 0.542486 0.8400633 -0.00162816 0.5762724 0.8172549 0.002186417 0.5978367 0.8016179 2.6986e-6 0.718676 0.6953449 5.36287e-4 0.7331489 0.6800504 0.004932701 0.6504436 0.7595151 -0.007742285 0.684785 0.7287213 0.005912601 0.6344038 0.7730019 2.60642e-6 0.852781 0.5222688 -2.74632e-6 0.8808287 0.472658 0.02711415 0.8570441 0.515173 0.008507549 0.7807357 0.6247918 -0.009325385 0.8284929 0.5596413 0.0200299 0.8051385 0.5930493 0.006688773 0.2615322 0.7527722 0.6040987 0.6337583 0.6330054 0.4445839 0.6337583 0.6330053 0.4445838 0.6337584 0.6330053 0.4445837 0.06120967 0.7305324 0.6801294 0.02149325 0.8541413 0.5195969 -0.8395377 0.4677655 0.276355 -0.8322221 0.5099644 0.2175841 -0.832227 0.5100139 0.2174491 -0.8322221 0.5099644 0.217584 -0.8399396 0.520873 0.152292 -0.8716345 0.4874491 0.05144649 -0.8436785 0.5262383 0.1062071 -0.3458414 0.6293215 0.6959513 -0.346093 0.6430309 0.6831771 -0.214598 0.5675415 0.7948863 -0.1916121 0.619695 0.7610934 -0.1671988 0.6652575 0.7276518 -0.1689598 0.6676368 0.7250612 -0.1268405 0.6820937 0.7201804 -0.1430178 0.7074106 0.6921823 -0.09262782 0.6957616 0.7122753 -0.1169896 0.7445229 0.6572664 -0.06785506 0.6973304 0.7135307 -0.08352082 0.7876247 0.6104683 -0.08111733 0.7687554 0.6343777 -0.03560924 0.8038983 0.5936999 -0.03559017 0.8038727 0.5937356 -0.03559023 0.8038727 0.5937358 -0.0243746 0.7881736 0.6149702 -0.02426141 0.7879813 0.615221 -0.04378789 0.8009083 0.5971839 -0.06100213 0.795616 0.6027222 -0.03784143 0.775183 0.6306025 -0.07031124 0.793177 0.6049187 -0.03134369 0.8491634 0.5271994 -0.009845077 0.8565168 0.5160251 -0.003731966 0.8567047 0.5157936 0.003102123 0.8567163 0.5157787 0.003102123 0.8567163 0.5157787 0.003102123 0.8567163 0.5157787 0.01087534 0.8664413 0.4991606 0.01473063 0.8527947 0.5220385 0.005061089 0.8566108 0.5159381 0.05604457 0.7976342 0.6005321 0.0459758 0.8009884 0.5969119 0.02339708 0.7772828 0.6287162 0.04875165 0.8406204 0.5394263 0.0641784 0.7856823 0.6152923 0.06344288 0.7844986 0.6168769 0.08733147 0.7863904 0.6115255 0.06773877 0.726882 0.6834136 0.067456 0.7134277 0.6974745 0.067519 0.7134751 0.6974199 0.06751906 0.7134751 0.69742 0.1098282 0.7403424 0.6631975 0.1593606 0.6688044 0.7261577 0.1841391 0.635852 0.7495232 0.2028443 0.6359614 0.7445853 0.2150822 0.5707011 0.7924897 0.1429128 0.5645484 0.8129336 0.5603652 0.6207665 0.5483064 0.5149451 0.5992196 0.6129987 0.6654951 0.603736 0.4388841 0.8357087 0.5202406 0.1759003 0.8698736 0.4874398 0.07564741 0.8635867 0.5014249 0.05283182 0.8358346 0.5414626 0.09054708 0.8410638 0.5391033 0.04449158 0.8188265 0.5714055 0.05494523 0.7955418 0.6046078 0.03953433 0.8071114 0.5886999 -0.04476249 0.7451711 0.6640604 0.06118828 0.6324622 0.7693862 -0.08964657 0.6179322 0.7852585 0.03910374 0.6731511 0.7343405 0.08724552 0.7254228 0.6779636 -0.1188579 0.7189221 0.6936805 0.0442543 0.4348677 0.8985492 0.05915749 0.3707622 0.9275533 0.04669427 0.382658 0.9238176 -0.01157736 0.3131352 0.9478949 0.05866467 0.2514452 0.9655035 0.0676648 0.277527 0.955788 -0.09720242 0.2821692 0.9581779 0.04770278 0.08099949 0.9964703 0.02204787 0.108539 0.9920453 0.06376123 0.1671817 0.9855284 0.02800631 0.1674875 0.9857037 0.01833605 0.1977688 0.9787539 0.05411547 -0.04309296 0.9989091 0.0179879 0.02563506 0.9964618 0.08004242 -0.1933718 0.9793077 0.05969911 -0.1620137 0.9853774 0.05275553 -0.1459887 0.9892349 -0.01008433 -0.1144981 0.9915691 0.06067121 -0.07992821 0.9951732 0.05693703 -0.2549883 0.9667499 -0.01938349 -0.2549883 0.9667499 -0.01938349 -0.2549883 0.9667499 -0.01938349 -0.2439883 0.9697762 0.00197941 -0.2616362 0.9637886 0.051557 -0.3434479 0.9391557 0.005483567 -0.3237952 0.9453313 0.03880161 -0.2751163 0.9597846 0.05589795 -0.2751163 0.9597847 0.05589795 -0.2751163 0.9597846 0.05589801 -0.4627425 0.8858292 -0.03429335 -0.3932883 0.917225 0.06342667 -0.3619948 0.9308209 0.05032271 -0.5739829 0.8178188 -0.04142725 -0.4864152 0.8716871 0.05968284 -0.4534968 0.8902061 0.04328906 -0.6212337 0.7815287 0.05728596 -0.5848098 0.809487 0.0522347 -0.5544248 0.8314926 0.0351147 -0.3668456 0.7068538 0.6047993 -0.4079241 0.6594727 0.6314221 -0.4222614 0.6706888 0.609813 -0.4596639 0.6210491 0.6348285 -0.5472633 0.6367775 0.543155 -0.2101149 0.6422782 0.7371095 -0.3525246 0.6945878 0.6271158 -0.31835 0.7291137 0.6058436 -0.2296875 0.7237976 0.6506618 -0.2465588 0.7428423 0.6224099 -0.208468 0.771859 0.6006453 -0.196924 0.7573135 0.6226534 -0.1607242 0.7812331 0.6031938 -0.1504865 0.7661232 0.6248273 -0.1179885 0.7846181 0.6086485 -0.07332533 0.7469986 0.6607698 0.09643065 0.7821365 0.6156002 0.096188 0.7747949 0.6248526 0.1239026 0.7783874 0.615436 0.1368175 0.7711593 0.6217672 0.1618148 0.777645 0.607523 0.2347034 0.7498133 0.618623 0.2101951 0.7682154 0.6047008 0.1839379 0.7633976 0.6191858 0.5081652 0.5883914 0.6289386 0.5271986 0.557488 0.6413025 0.3648825 0.6405885 0.6756532 0.3949858 0.6710176 0.6274725 0.3436895 0.7274755 0.5938493 0.2304826 0.6562707 0.7184613 0.2941293 0.724379 0.6235088 0.1742249 0.6723644 0.7194247 0.1220661 0.6825686 0.7205554 0.1395518 0.7115488 0.688639 0.08860355 0.6967956 0.7117763 0.1000367 0.7215531 0.6850939 0.1000369 0.721553 0.6850941 0.1000369 0.7215532 0.6850939 0.1761875 0.7686921 0.6148745 0.1687395 0.7728731 0.6117142 0.1687391 0.7728734 0.6117141 0.1687391 0.7728731 0.6117142 -0.6879213 0.6785278 0.2576131 -0.6639931 0.6957771 0.2738751 -0.6357581 0.7283542 0.255562 -0.6096008 0.7446327 0.2718625 -0.5331799 0.7950689 0.2891102 -0.548777 0.8025466 0.2340151 -0.6815699 0.7301062 -0.049066 -0.6571758 0.7302871 0.1865496 -0.7193812 0.6943092 -0.0206269 -0.741167 0.6611757 0.116268 -0.760845 0.6480468 0.03391724 -0.4718538 0.8442942 0.2540109 -0.4020674 0.868483 0.2899642 -0.4018816 0.8725032 0.2779018 -0.3296404 0.9126185 0.241795 -0.322896 0.9019761 0.2866657 -0.2376711 0.938323 0.2511225 -0.2365072 0.9280752 0.287647 -0.1574083 0.9521493 0.2619816 -0.1603904 0.943768 0.2890969 -0.08735394 0.9580649 0.272912 -0.09176123 0.9528068 0.2893772 -0.04079574 0.9987946 0.0272988 -0.02335673 0.953684 0.2999023 -0.04333686 0.957772 0.2842441 -0.01518833 0.8558201 0.5170505 -0.02004677 0.8599912 0.5099149 0.002712845 0.8566632 0.5158693 0.007639706 0.9577952 0.2873499 0.02688407 0.9573568 0.2876548 0.02456873 0.9582068 0.2850197 0.06130909 0.9556608 0.2880168 -0.003692209 0.8567579 0.5157057 -0.01056557 0.9578077 0.2872159 0.006829798 0.9577756 0.2874358 0.01010584 0.9925057 0.1217805 0.01010578 0.9925057 0.1217805 0.01010578 0.9925057 0.1217805 0.03973942 0.997909 0.05097424 0.08831417 0.9939762 0.06490045 0.05665576 0.957798 0.2818034 0.1017901 0.9521309 0.288246 0.1158806 0.9551801 0.272402 0.1687217 0.9433415 0.2857268 0.1923193 0.9454496 0.2629417 0.247684 0.9267317 0.282526 0.2802609 0.9258016 0.2536638 0.3382133 0.8986022 0.2795101 0.3363736 0.9080498 0.2495964 0.3942373 0.8759158 0.2781163 0.3935053 0.8854917 0.2470995 0.4147021 0.8726674 0.2578252 0.4147018 0.8726676 0.2578254 0.4147017 0.8726676 0.2578256 0.4471104 0.8157423 0.3669563 0.4509594 0.8482605 0.2776505 0.4296348 0.8626554 0.2669082 0.4296349 0.8626552 0.2669081 0.4296343 0.8626552 0.266909 0.6742517 0.6812888 0.2850092 0.610237 0.7538161 0.2436639 0.5698904 0.7718346 0.2819509 0.4878562 0.8412845 0.2328881 0.6211966 0.7827435 -0.03778147 0.5118562 0.8550634 0.08288359 0.5118565 0.8550631 0.0828855 0.5118557 0.8550637 0.08288544 0.4952019 0.8630454 0.09963768 0.5057135 0.8620268 0.03411424 0.4517722 0.8897413 0.06528639 0.4494295 0.8932033 -0.01418083 0.8164083 0.5131868 0.2647963 0.8332656 0.4586396 0.3087366 0.7615322 0.5948404 0.2573593 0.7598533 0.5849547 0.2836389 0.708358 0.6605497 0.2488032 -0.8445833 0.5256484 -0.1018474 -0.8172134 0.5705699 0.08131605 -0.7418175 0.616028 0.2649839 -0.7361988 0.6113942 0.2901871 -0.5872471 0.6294324 0.5088769 -0.5390306 0.6943626 0.476767 -0.5271212 0.6863822 0.5010218 -0.4833191 0.7369051 0.4726241 -0.4712826 0.728215 0.4975898 -0.4092014 0.788906 0.4584557 -0.3799697 0.7754623 0.5042631 -0.3181182 0.8237848 0.4692328 -0.3079751 0.8130518 0.494063 -0.2656888 0.8409941 0.4713156 -0.256653 0.8297485 0.4956279 -0.2042129 0.8591011 0.4693 -0.1868985 0.8418154 0.5063753 -0.1299136 0.8661145 0.4826678 -0.1199051 0.8499277 0.5130747 -0.07423222 0.8638229 0.4982967 -0.07038819 0.8506264 0.5210378 -0.04049235 0.8565549 0.514465 -0.01855111 0.8052115 0.5926976 -0.01854217 0.8051836 0.5927357 -0.01854211 0.8051836 0.5927357 0.6163414 0.6035223 0.50585 0.5682172 0.6733193 0.4730438 0.530943 0.678561 0.5075967 0.4648047 0.7535294 0.4649195 0.4230546 0.7544941 0.5017606 0.3744273 0.7976119 0.4728844 0.3490982 0.7987356 0.4900531 0.3196119 0.8208805 0.47329 0.2944026 0.8202048 0.4905012 0.2838833 0.8271829 0.4849523 0.283848 0.8272073 0.4849315 0.2838483 0.8272073 0.4849312 0.2762108 0.832108 0.4809408 0.2762106 0.8321074 0.4809418 0.2762104 0.832108 0.4809409 0.2661512 0.8384086 0.4756414 0.2420112 0.8360205 0.4924431 0.2157532 0.8506025 0.479506 0.1931542 0.8465479 0.4960323 0.1589925 0.8623508 0.4807002 0.1315099 0.8509022 0.5085968 0.09490686 0.8633052 0.4956784 0.07670468 0.8523032 0.5173932 0.05942481 0.8562744 0.5130917 0.03833562 0.8475633 0.5293081 0.03619575 0.8542835 0.5185456 0.02646028 0.8554826 0.5171551 0.4047324 0.5257524 0.7481819 0.2015802 0.5468732 0.8125856 0.4004021 0.5423794 0.7385816 0.4027512 0.5697476 0.7163653 0.46038 0.5764285 0.6751152 0.2276782 0.6435405 0.7307656 0.4049258 0.5172864 0.7539561 0.2015056 0.5541457 0.8076621 0.3044133 0.544697 0.7814332 0.3040252 0.6169266 0.7259271 0.3040243 0.6169217 0.7259318 0.3040252 0.7020992 0.6439142 0.3039804 0.7021104 0.6439232 0.3039588 0.7764713 0.5519978 0.3040125 0.776454 0.5519925 0.3040195 0.8388514 0.4515534 0.3040088 0.8388565 0.4515513 0.3040184 0.8883228 0.3441733 0.3041532 0.8882786 0.3441686 0.3041484 0.9240767 0.2314651 0.3040513 0.9241092 0.2314634 0.3040519 0.9456595 0.1152417 0.3039903 0.9456794 0.1152402 0.3041583 0.9525882 0.007984876 0.3963232 0.9181071 -0.002718269 0.3046175 0.951099 -0.05117398 0.3042895 0.946304 -0.109163 0.4017609 0.9083559 -0.1160944 0.3046419 0.9376084 -0.1675829 0.3043398 0.9256943 -0.2246499 0.4070479 0.8847146 -0.227139 0.3044301 0.909924 -0.2817103 0.3041575 0.8911219 -0.3367345 0.4121407 0.8476279 -0.3341661 0.3046498 0.868335 -0.3913858 0.3043609 0.8429066 -0.4437037 0.4166513 0.7979142 -0.4355853 0.3046388 0.8136813 -0.4950942 0.3043805 0.7819747 -0.5439375 0.4209375 0.7362144 -0.5299057 0.3045223 0.7466788 -0.5913856 0.304295 0.7092109 -0.6359437 0.4249977 0.663509 -0.6157376 0.3045769 0.6683076 -0.6786738 0.3043387 0.6256277 -0.7183091 0.4286483 0.5810101 -0.6918728 0.304486 0.5798242 -0.7557065 0.3042991 0.5326137 -0.7897626 0.4322584 0.4898924 -0.7570721 0.3045023 0.482508 -0.821258 0.304311 0.4315179 -0.8492275 0.4354199 0.3917034 -0.8105418 0.3043956 0.3778961 -0.8743786 0.3041765 0.3238441 -0.8958805 0.4380831 0.2878534 -0.8516006 0.3045277 0.2676491 -0.9141263 0.3043536 0.211233 -0.9288431 0.4407083 0.1799003 -0.8794385 0.3044983 0.1532655 -0.9401014 0.304328 0.09547299 -0.9477707 0.4432318 0.06946718 -0.8937113 0.304461 0.03647094 -0.9518264 0.3043518 -0.02173203 -0.9523119 0.4453428 -0.04171925 -0.8943877 0.3046028 -0.08077549 -0.9490482 0.3044965 -0.1386381 -0.9423701 0.4471496 -0.1520314 -0.8814441 0.3046811 -0.1967915 -0.9319027 0.3041619 -0.2533874 -0.9183031 0.3041618 -0.2533874 -0.9183031 0.3041618 -0.2533873 -0.9183031 0.4486444 -0.2598183 -0.8551099 0.3043965 -0.3099163 -0.9007191 0.3043191 -0.3643429 -0.8801387 0.4500195 -0.3634625 -0.8157068 0.304461 -0.4182683 -0.8557775 0.3043761 -0.469785 -0.828648 0.4510837 -0.4614434 -0.763933 0.3045209 -0.5202777 -0.7978584 0.3044422 -0.5680831 -0.7645891 0.4517384 -0.5522994 -0.7006411 0.3047642 -0.6143814 -0.7277736 0.3047642 -0.6143814 -0.7277736 0.3047642 -0.6143814 -0.7277736 0.3042536 -0.6577479 -0.6890556 0.4524707 -0.6345748 -0.6265661 0.3044998 -0.6992291 -0.6468064 0.3045139 -0.7374282 -0.6028856 0.4526498 -0.7072243 -0.5430856 0.3043963 -0.7734513 -0.5559821 0.3044051 -0.8059768 -0.5076801 0.4525852 -0.7690832 -0.4513069 0.3044889 -0.8358852 -0.4567084 0.3045177 -0.8622294 -0.4047587 0.4524648 -0.8191168 -0.3525952 0.3044553 -0.8857073 -0.3504708 0.3044829 -0.9054511 -0.2957171 0.451983 -0.8567184 -0.2484855 0.3044248 -0.9220786 -0.238949 0.3044772 -0.9349418 -0.1821472 0.4511578 -0.8813154 -0.1404984 0.3045346 -0.9444211 -0.1238044 0.3045884 -0.950204 -0.06586545 0.4502664 -0.8923807 -0.03027808 0.3043507 -0.9525363 -0.006743967 0.3044289 -0.9511467 0.05141139 0.4489449 -0.889922 0.08054429 0.3042569 -0.9461726 0.1103865 0.304669 -0.9375292 0.1679759 0.304669 -0.9375292 0.1679759 0.304669 -0.9375292 0.1679759 0.4474799 -0.8738043 0.1903358 0.3045249 -0.9253478 0.2258232 0.3041706 -0.9099385 0.2819435 0.3041706 -0.9099386 0.2819435 0.3041706 -0.9099385 0.2819434 0.445742 -0.8443195 0.297387 0.3043321 -0.8906246 0.3378905 0.3044633 -0.8682852 0.3916412 0.4434886 -0.8019818 0.400179 0.3043724 -0.8423483 0.4447547 0.304512 -0.8135517 0.4953847 0.441256 -0.7471479 0.4970546 0.3043592 -0.7812803 0.5449464 0.4045614 -0.5289964 0.7459845 0.4045614 -0.5289964 0.7459845 0.4045614 -0.5289964 0.7459845 0.3045137 -0.7464715 0.5916517 0.4386168 -0.6807979 0.5866256 0.3044087 -0.7083687 0.6368274 0.3041019 -0.639098 0.706453 0.3041123 -0.6390947 0.7064515 0.3042511 -0.5552089 0.7740635 0.2011581 -0.566627 0.7990428 0.4028584 -0.5765545 0.7108376 0.4426569 -0.5521005 0.7065691 0.4426563 -0.5521003 0.7065697 0.4426566 -0.5521004 0.7065694 0.3338471 -0.6165825 0.7130023 0.4027724 -0.5421597 0.7374533 0.201347 -0.5468552 0.8126554 0.6798281 -0.4460086 0.58216 0.4050811 -0.5188157 0.7528212 0.85121 -0.4940844 0.1769806 -0.06378942 -0.9963924 0.05597567 -0.623085 -0.6439582 0.4439402 -0.623085 -0.6439583 0.4439402 -0.623085 -0.6439582 0.4439402 -0.5196746 -0.631115 0.5758752 -0.01872932 -0.7817922 0.6232577 -0.04669809 -0.8379638 0.5437241 0.02104973 -0.8572778 0.5144236 0.07595843 -0.7227786 0.6868927 0.09198248 -0.7130094 0.6950949 0.06081378 -0.678646 0.7319434 0.1424658 -0.7058244 0.6939132 0.1304697 -0.6736498 0.7274433 0.1761392 -0.6708607 0.7203617 0.166173 -0.6528816 0.7390076 0.2047588 -0.6257154 0.7526978 0.2057666 -0.6272286 0.7511622 0.2373507 -0.561482 0.7927185 0.3221452 -0.6209267 0.7146136 0.371588 -0.5822741 0.7231039 0.3667213 -0.6109337 0.7016234 0.08813136 -0.7858363 0.6121228 0.09840887 -0.7708058 0.6294236 0.02680271 -0.8046636 0.5931258 0.03500229 -0.8028072 0.5952104 0.02445995 -0.7809109 0.6241633 0.047158 -0.8003325 0.597699 0.06826525 -0.793332 0.6049497 0.0348047 -0.7661743 0.6416897 0.07482689 -0.7917569 0.6062361 0.02027481 -0.8590687 0.5114588 0.008615851 -0.8550176 0.5185276 0.002298831 -0.8608601 0.5088366 -0.007379889 -0.8505024 0.5259194 -0.0128898 -0.8565345 0.5159288 -0.04122233 -0.7778605 0.6270835 -0.0501697 -0.7989262 0.5993329 -0.04034107 -0.8019932 0.5959694 -0.04034113 -0.8019931 0.5959694 -0.04034113 -0.8019931 0.5959694 -0.112016 -0.6920401 0.713115 -0.1595767 -0.6720365 0.7231198 -0.1631381 -0.6728231 0.721592 -0.2026441 -0.5704841 0.7959167 -0.1421274 -0.5656504 0.812305 -0.6500214 -0.6160374 0.4449384 -0.8458173 -0.5210341 0.1145282 -0.8184803 -0.5349837 0.2094815 -0.7256965 -0.6859028 0.05387163 -0.7448859 -0.665448 0.04820901 -0.7985032 -0.6006522 -0.04011869 -0.6103149 -0.7912473 0.03799235 -0.621365 -0.7819086 0.05024546 -0.6679664 -0.7400341 0.07855272 -0.7191025 -0.6834837 -0.1254658 -0.7098805 -0.7029571 0.0438289 -0.460745 -0.8851566 -0.06489795 -0.4499157 -0.8929439 -0.01507276 -0.3746962 -0.925302 0.0584737 -0.3439146 -0.9378829 0.04581147 -0.3475363 -0.9372708 -0.02724093 -0.2846333 -0.9562984 0.0669139 -0.2269832 -0.973519 0.0271964 -0.2284892 -0.9734628 0.01276415 -0.255215 -0.9655095 0.05154412 -0.08103203 -0.9950392 0.05771428 -0.1010778 -0.9935638 0.05113059 -0.1010778 -0.9935638 0.05113059 -0.1368616 -0.9905494 -0.00899893 -0.1424691 -0.9884869 0.05095309 -0.1742426 -0.9830118 0.05768293 -0.01888507 -0.9989327 -0.04215264 -0.03268361 -0.9970593 0.06931591 0.05175268 -0.9974979 0.04816305 0.06488537 -0.9978837 0.004263579 0.08862602 -0.9950874 0.04412132 0.2061028 -0.9768275 0.05770409 0.1747794 -0.9833363 0.05001962 0.1698897 -0.9853512 -0.01484757 0.1267953 -0.9901276 0.0597527 0.09687483 -0.9937189 0.05601906 0.09687882 -0.9937185 0.0560196 0.09687876 -0.9937185 0.0560196 0.2479863 -0.9683725 0.02752524 0.2705141 -0.9626457 -0.01164203 0.2776796 -0.959695 0.04335409 0.2776797 -0.9596951 0.04335409 0.2776796 -0.959695 0.04335409 0.3132139 -0.9467445 0.07464504 0.3761965 -0.9263026 -0.02097404 0.3758566 -0.9217649 0.0952956 0.4583758 -0.8848277 0.08349597 0.4583919 -0.8848189 0.08350217 0.4838463 -0.8746771 -0.02885842 0.375897 -0.9217464 0.09531557 0.5724561 -0.8198984 0.007800996 0.5727023 -0.8197302 0.007386982 0.593784 -0.8032833 0.04643905 0.593784 -0.8032832 0.04643911 0.5936691 -0.8033754 0.04631632 0.8137156 -0.5776855 0.0643928 0.7920746 -0.6084002 0.04967087 0.7872498 -0.6161347 0.02481788 0.7379487 -0.6668394 0.103716 0.7422466 -0.6697372 0.02285194 0.6762284 -0.7301542 0.09792935 0.6996927 -0.7117856 -0.06157553 0.624261 -0.778398 0.06629508 0.5959294 -0.8014979 0.04969394 0.8548563 -0.5102106 0.09437143 0.9049182 -0.4255066 0.008196711 0.9049183 -0.4255067 0.008196771 0.9049183 -0.4255067 0.008196711 0.8499044 -0.5187515 0.09251773 0.860526 -0.5070051 -0.04940766 0.7725797 -0.5911868 0.2315576 0.8637351 -0.4470889 0.2325366 0.4760561 -0.6058633 0.637417 0.4377708 -0.6589598 0.6116607 0.4235765 -0.6480886 0.6329014 0.3826475 -0.6972485 0.6061564 0.3684024 -0.6853546 0.6281471 0.3276855 -0.7278323 0.6023973 0.3140056 -0.7150227 0.6246143 0.2740858 -0.75132 0.6003293 0.261018 -0.7376077 0.6227395 0.2094902 -0.7778112 0.5925568 0.1819361 -0.7547801 0.6302432 0.1311681 -0.7858596 0.6043342 0.03328484 -0.7043244 0.7090976 0.03328484 -0.7043244 0.7090976 0.03328484 -0.7043244 0.7090976 -0.2254387 -0.752675 0.6185935 -0.2012946 -0.7703493 0.6050145 -0.1751572 -0.765181 0.6195306 -0.1572594 -0.7765293 0.610141 -0.1369313 -0.7728606 0.619626 -0.4972776 -0.5968239 0.6296954 -0.5240919 -0.5539076 0.6469266 -0.3521394 -0.6465929 0.6766945 -0.383035 -0.680276 0.6249071 -0.3343929 -0.7323753 0.593134 -0.2038174 -0.6381995 0.7424015 -0.1755076 -0.6393159 0.748647 -0.2223262 -0.660503 0.7171519 -0.2847188 -0.7284092 0.6231815 -0.2522829 -0.7559787 0.6040279 -0.1742349 -0.718455 0.6733978 -0.08381962 -0.6994404 0.7097588 -0.1150159 -0.7450469 0.6570209 -0.07669943 -0.7218235 0.687814 -0.07680857 -0.7219261 0.6876942 -0.07669937 -0.7218235 0.687814 -0.06817448 -0.7268711 0.6833818 -0.06817448 -0.7268711 0.6833819 -0.06829392 -0.7269197 0.6833181 -0.22297 -0.7186742 0.6586288 -0.0991702 -0.7803317 0.6174528 -0.08150488 -0.7713422 0.6311802 -0.07921504 -0.7893932 0.6087557 -0.06617695 -0.7947402 0.6033313 -0.8774125 -0.4786047 0.03293895 -0.8777684 -0.4788491 0.0150398 -0.825329 -0.5545682 0.1062369 -0.8327458 -0.5518165 0.04509127 -0.8107488 -0.5828342 0.05468994 -0.7869544 -0.6157771 0.03900432 0.1023159 -0.9572485 0.2705675 0.1765173 -0.9409865 0.2887668 0.1742416 -0.9498954 0.2594968 0.2546634 -0.9233669 0.287298 0.2569845 -0.9338271 0.2488495 0.3435992 -0.8943108 0.2866142 0.3516613 -0.904829 0.2400394 0.4426478 -0.8495528 0.2869199 0.4552659 -0.8587102 0.2352657 0.5283025 -0.8023858 0.2776213 0.5274796 -0.7970253 0.2941364 0.597537 -0.7603113 0.2547085 0.6253704 -0.7312652 0.2723292 0.6508622 -0.7146977 0.256097 0.6790949 -0.6807655 0.2745696 0.7023208 -0.6633223 0.2583585 0.7553197 -0.5854428 0.2945317 0.637945 -0.6207118 0.4557884 -0.4407134 -0.8536148 0.277693 -0.403771 -0.8776476 0.2582709 -0.3782513 -0.8861089 0.2678379 -0.340056 -0.9068914 0.2488172 -0.3029049 -0.9106619 0.2809692 -0.2448971 -0.9348398 0.2570992 -0.2156509 -0.9343553 0.2836814 -0.1615717 -0.9501636 0.2666156 -0.1416781 -0.9474495 0.286822 -0.0889818 -0.9571189 0.2756913 -0.07839614 -0.9542355 0.288598 -0.02305614 -0.9588389 0.2830134 -0.02068859 -0.9577445 0.2868757 0.02496176 -0.9573951 0.2877003 0.03611975 -0.953391 0.2995682 0.05830138 -0.9573069 0.2831334 0.1067266 -0.9511993 0.2895333 0.03885078 -0.8519394 0.5221972 0.03638887 -0.8497164 0.5259827 -0.4976248 -0.8217806 0.277572 -0.4409707 -0.863239 0.2456896 -0.5582371 -0.8293681 0.02280318 -0.4616254 -0.8789591 0.1197203 -0.5009645 -0.8630911 0.06409853 -0.4516334 -0.8910039 0.04625481 -0.6647878 -0.6908159 0.284307 -0.6009412 -0.7613607 0.2433096 -0.5601226 -0.7790089 0.2817939 -0.4986345 -0.8313938 0.2452511 -0.6113959 -0.7907974 0.02889347 -0.5586666 -0.8265033 0.06916701 -0.811425 -0.5201616 0.2664983 -0.8112027 -0.5028481 0.2984867 -0.7517728 -0.6073818 0.2567587 -0.7503516 -0.5973899 0.2830161 -0.6991899 -0.6703408 0.2485492 0.06495565 -0.854239 0.5158069 0.07996463 -0.850789 0.5193879 0.08500611 -0.864809 0.4948529 0.1331185 -0.8489385 0.5114519 0.1447078 -0.8655664 0.4794314 0.2042371 -0.8384065 0.5053335 0.2232257 -0.8556746 0.4668954 0.2927734 -0.813404 0.5026506 0.31788 -0.8291674 0.4598194 0.3766019 -0.7835852 0.4941309 0.3878574 -0.7934701 0.4690116 0.4317087 -0.7536039 0.4956903 0.4433589 -0.7627863 0.4707335 0.4872922 -0.716949 0.4985283 0.499352 -0.7254689 0.4736481 0.542872 -0.6731775 0.5021175 0.5546609 -0.6809579 0.4781712 0.5772944 -0.6505569 0.4934644 0.5572553 -0.6057753 0.5678934 -0.6086735 -0.6106936 0.5065273 -0.5583187 -0.6820091 0.4723812 -0.5209938 -0.686956 0.5066131 -0.4552497 -0.759653 0.4644083 -0.413194 -0.7601388 0.5014577 -0.3646071 -0.8021658 0.472855 -0.3392258 -0.802965 0.4900748 -0.3098703 -0.8244517 0.4735608 -0.2847015 -0.8234307 0.4908227 -0.2614586 -0.8381888 0.4786219 -0.2418051 -0.8375576 0.4899261 -0.2079579 -0.8561886 0.4729636 -0.175146 -0.8457015 0.5040962 -0.1318696 -0.8637716 0.486322 -0.1080476 -0.852253 0.5118502 -0.07533878 -0.8618428 0.501549 -0.06054693 -0.8515828 0.5207118 -0.05793386 -0.852091 0.5201774 -0.03132319 -0.8541834 0.5190277 -0.03169226 -0.8500538 0.5257418 -0.02178478 -0.8558065 0.5168371 -0.7612113 -0.648504 -4.97116e-6 0.4956843 -0.8685028 -1.60375e-4 0.8527841 -0.5222638 -2.87113e-6 0.7802916 -0.6254154 -8.3168e-4 0.8312038 -0.5559676 6.51033e-4 0.8689484 -0.4946687 0.01521968 0.6520954 -0.7581368 6.43178e-4 0.6494349 -0.7604174 8.91494e-6 0.7152941 -0.6988236 -1.38008e-6 0.7181124 -0.6959267 7.97631e-4 0.7747318 -0.6322898 -7.17045e-4 0.8043236 -0.5941289 0.008635163 0.4969533 -0.8677774 -2.09994e-4 0.5757111 -0.8176532 2.34907e-4 0.5751783 -0.8180282 1.20608e-4 0.6137999 -0.7894617 9.42397e-7 0.6137999 -0.7894617 9.38482e-7 0.6137999 -0.7894617 9.59307e-7 0.6174291 -0.7866266 1.61931e-6 0.2931818 -0.9560567 5.98881e-6 0.3421393 -0.9396474 0.001856625 0.4123979 -0.9109033 0.01353687 0.3243485 -0.9459158 -0.006448328 0.4177629 -0.9085555 9.68189e-4 0.4119054 -0.9112266 -1.47942e-6 0.4968799 -0.8678194 -1.06623e-6 0.2567543 -0.9664768 -3.99249e-6 0.2341029 -0.9722107 0.00157082 0.2224909 -0.9749345 8.18777e-4 0.1416137 -0.9899217 8.80827e-4 0.1378279 -0.9904555 0.001247525 0.1872714 -0.9823082 -4.43408e-4 -0.01787847 -0.99984 -6.33751e-4 0.05540442 -0.9984635 0.001093804 0.04801374 -0.9988467 2.04071e-4 0.09404897 -0.9955676 -2.98963e-6 0.09404897 -0.9955676 -2.99755e-6 0.09404897 -0.9955676 -2.99566e-6 0.1050161 -0.9944706 -1.70554e-6 -0.1886845 -0.9820378 -3.75972e-5 -0.1529457 -0.9882346 2.627e-4 -0.13976 -0.9901846 0.001350045 -0.1088784 -0.9940551 2.97476e-6 -0.04617154 -0.9989336 -5.4199e-6 -0.08786994 -0.9961194 0.005004703 -0.08786994 -0.9961194 0.005004703 -0.08786994 -0.9961194 0.005004703 -0.0689271 -0.9976174 0.002926766 -0.3226083 -0.9465317 0.00134015 -0.3094444 -0.9509175 5.08692e-6 -0.2322769 -0.9726497 -6.34765e-6 -0.2709032 -0.9625931 0.005109012 -0.2320711 -0.9726987 5.21675e-4 -0.4102284 -0.9119815 0.001609504 -0.3993734 -0.9167882 6.64374e-4 -0.36256 -0.9319605 -3.51995e-4 -0.4940508 -0.8694312 0.00179553 -0.4722915 -0.8814425 6.92471e-6 -0.434305 -0.900766 -3.94932e-6 -0.7168253 -0.6972529 1.58525e-5 -0.7422724 -0.6700535 0.007757604 -0.6479436 -0.7615219 -0.01592344 -0.7183425 -0.6953623 0.02134102 -0.6761682 -0.7367296 0.00511682 -0.6419981 -0.7667049 0.001450181 -0.6264423 -0.7794678 1.64434e-7 -0.5736523 -0.819099 -8.03081e-7 -0.5884178 -0.8085511 0.00309509 -0.5308921 -0.847438 -0.001636922 -0.851812 -0.5238478 0 -0.8789649 -0.4762101 0.02539277 -0.8525451 -0.5226203 0.005922079 -0.779106 -0.6268612 -0.006247818 -0.8213418 -0.5701695 0.01745051 -0.7971506 -0.60376 0.005005776 -0.6250169 -0.3192418 0.7123473 -0.6250168 -0.3192418 0.7123473 -0.6250168 -0.3192418 0.7123473 -0.5239251 -0.3138144 0.7918479 -0.5237396 -0.3136189 0.792048 -0.5580844 -0.3370453 0.7582495 -0.6033998 -0.3710795 0.7058391 -0.5513609 -0.4436168 0.7065446 -0.3775185 -0.3342234 0.8635824 -0.2283364 -0.4494196 0.8636461 -0.5072339 -0.4933847 0.7066012 -0.458552 -0.5389297 0.7066009 -0.308345 -0.3988599 0.863617 -0.4058718 -0.5795314 0.7066906 -0.3495487 -0.6151377 0.7066975 -0.04733437 -0.5020259 0.8635563 -0.2902185 -0.6451867 0.7067584 -0.2282347 -0.6696326 0.706754 -0.1403149 -0.4841944 0.8636363 -0.1643825 -0.6883471 0.7065103 -0.09890908 -0.7007582 0.706509 0.140357 -0.4843322 0.8635521 -0.03267014 -0.7068338 0.7066249 0.03397554 -0.7068051 0.7065921 0.0473324 -0.5020049 0.8635687 0.1002194 -0.7005615 0.7065194 0.165679 -0.6880522 0.7064946 0.3084865 -0.3990409 0.8634828 0.2294592 -0.669191 0.7067758 0.2914128 -0.6446723 0.7067363 0.2283748 -0.449492 0.8635982 0.3506885 -0.6144531 0.7067284 0.4069727 -0.5788016 0.7066555 0.4595317 -0.5380575 0.7066291 0.5081693 -0.4924678 0.7065688 0.377693 -0.3343783 0.8634461 0.5518735 -0.4424003 0.7069072 0.5518735 -0.4424002 0.7069072 0.5518734 -0.4424003 0.7069072 0.6063694 -0.3662112 0.7058368 0.6065748 -0.3663292 0.705599 0.5538349 -0.3391792 0.7604108 -0.5580844 0.3370453 0.7582495 0.5591545 0.3376913 0.7571729 0.6041335 0.3699905 0.7057831 0.5524942 0.4421401 0.7065849 0.377948 0.3346027 0.8632476 0.5085791 0.4920682 0.7065523 0.4602379 0.5374125 0.7066604 0.3087575 0.3993914 0.8632239 0.4077506 0.5782659 0.7066456 0.351844 0.6137587 0.7067574 0.2286767 0.4500892 0.8632073 0.2926638 0.6441588 0.7066876 0.2311104 0.6685865 0.7068098 0.1405845 0.4851202 0.8630726 0.1673461 0.6874696 0.7066689 0.1673462 0.6874696 0.7066689 0.1673462 0.6874696 0.7066689 0.1023303 0.7002035 0.7065717 0.04743582 0.5031003 0.8629252 0.03611809 0.7064109 0.7068799 0.03611344 0.706411 0.70688 0.03611809 0.7064109 0.7068799 -0.03012448 0.7068881 0.7066837 -0.04745405 0.5032951 0.8628106 -0.0964204 0.7012016 0.7064132 -0.1615345 0.6889445 0.7065848 -0.1407815 0.4858046 0.8626555 -0.2254639 0.6706454 0.706683 -0.287153 0.6464696 0.7068383 -0.2291701 0.4510605 0.8625693 -0.3466936 0.6168522 0.7066094 -0.4027698 0.5815757 0.7067859 -0.3096311 0.4005216 0.8623868 -0.4557716 0.5414129 0.7065014 -0.504289 0.49627 0.7066886 -0.3792524 0.3357585 0.8622261 -0.5488518 0.4468778 0.7064432 -0.6047856 0.3690152 0.7057353 -0.5080261 0.3122352 0.8027569 -0.5080261 0.3122352 0.8027569 -0.5082456 0.3125666 0.802489 -0.6256904 0.3193181 0.7117215 0 0.1423165 0.9898213 0 0.415405 0.9096366 0 0.4154049 0.9096367 0 0.6548744 0.7557379 0 0.8412542 0.5406397 0 0.8412542 0.5406399 0 0.9594946 0.2817273 0 0.9594946 0.2817274 0 1 0 0 0.9594946 -0.2817273 0 0.9594946 -0.2817274 0 0.8412542 -0.5406399 0 0.8412542 -0.5406397 0 0.6548656 -0.7557454 0 0.6548653 -0.7557456 0 0.4154174 -0.909631 0 0.4154171 -0.9096311 0 0.1423165 -0.9898213 0 -0.1423165 -0.9898213 0 -0.4154174 -0.9096309 0 -0.4154171 -0.9096311 0 -0.6548655 -0.7557455 0 -0.6548655 -0.7557454 0 -0.8412542 -0.5406397 0 -0.8412542 -0.5406399 0 -0.9594946 -0.2817273 0 -0.9594946 -0.2817274 0 -1 0 0 -0.9594946 0.2817273 0 -0.9594946 0.2817274 0 -0.8412542 0.5406399 0 -0.8412542 0.5406397 0 -0.6548746 0.7557376 0 -0.6548742 0.755738 0 -0.415405 0.9096367 0 -0.4154049 0.9096366 0 -0.1423165 0.9898213 1 2.4342e-7 0 1 0 0 1 0 0 1 -9.23617e-6 0 1 4.16013e-7 0 1 -9.7445e-7 0 1 2.07735e-7 0 1 -2.07928e-7 0 1 2.43139e-7 0 1 3.8671e-6 0 1 -2.43677e-7 0 1 5.55188e-7 0 1 -1.38498e-7 0 1 -9.74953e-7 0 1 4.85059e-7 0 1 -7.30944e-7 0 1 1.21565e-7 0 1 1.38873e-7 0 1 -2.42291e-7 0 1 1.21675e-7 0 1 1.07747e-4 0 1 4.86719e-7 0 1 -2.42861e-7 0 1 1.21839e-7 0 1 1.11041e-6 0 1 -4.24213e-7 0 1 3.04667e-7 0 1 -3.03724e-6 0 1 1.21869e-7 0 1 3.62801e-7 0 1 -2.43649e-7 0 1 5.77277e-6 0 1 -7.60867e-7 0 1 -1.16172e-6 0 1 -4.60737e-7 0 1 1.64089e-6 0 1 -1.31245e-6 0 1 -8.92613e-7 0 1 5.05894e-7 0 1 -1.48257e-6 0 1 -1.7481e-6 0 1 2.67766e-7 0 -1 0 0 -1 -1.41858e-7 0 -1 4.95801e-6 0 -1 -3.57037e-7 0 -1 0 0 -1 1.59005e-6 0 -1 -1.60543e-6 0 -1 9.53208e-7 0 -1 -8.93347e-7 0 -1 -1.11013e-6 0 -1 2.67985e-7 0 -1 -1.67235e-7 0 -1 2.61513e-7 0 -1 -2.35316e-7 0 -1 2.1472e-7 0 -1 -2.33099e-7 0 -1 3.81803e-7 0 -1 -9.00799e-7 0 -1 4.4748e-7 0 -1 1.67329e-7 0 -1 2.57729e-7 0 -1 1.2426e-7 0 -1 -4.22639e-7 0 -1 -2.35878e-7 0 -1 1.76775e-6 0 -1 1.99811e-7 0 -1 -6.24485e-7 0 -1 -1.38508e-7 0 -1 -2.20028e-7 0 -1 7.56748e-7 0 -1 9.39207e-7 0 -1 -3.46026e-7 0 -1 3.41256e-7 0 -1 1.01383e-6 0 -1 -4.30674e-7 0 -1 0 0 -1 4.08401e-7 0 -1 -3.93205e-7 0 -1 -6.27185e-7 0 -1 2.97729e-7 0 -1 -4.07636e-7 0 -1 1.89195e-7 0 -1 3.53422e-7 0 -1 1.32953e-7 0 -1 1.20749e-7 0 -1 1.87828e-7 0 -1 0 0 -1 5.94395e-7 0 -1 -3.13833e-7 0 -1 4.15862e-7 0 -1 -4.93382e-7 0 -1 2.59414e-7 0 -1 2.79952e-7 0 0 0 1 3.74035e-7 0 1 0 0 1 -3.76345e-7 0 1 0 0 1 -3.95643e-7 0 1 0 0 1 -3.73442e-7 0 1 1.3528e-7 0 1 0 0 1 3.73441e-7 0 1 0 0 1 0 0 1 2.31676e-7 0 1 0 0 1 -3.74036e-7 0 1 0 0 1 -1.3528e-7 0 1 2.96733e-7 0 1 2.82259e-7 0 1 -2.33773e-7 0 1 0 0 1 -2.31675e-7 0 1 3.74035e-7 0 1 0.9848073 -0.1736512 0 0.8660193 -0.5000106 0 0.8660192 -0.5000109 0 0.6427945 -0.7660388 0 0.6427944 -0.7660387 0 0.3420276 -0.93969 0 -0.3420287 -0.9396896 0 -0.3420286 -0.9396896 0 -0.6427931 -0.7660399 0 -0.642793 -0.76604 0 -0.866019 -0.5000113 0 -0.9848073 -0.1736512 0 -0.9848073 0.1736512 0 -0.866019 0.5000113 0 -0.6427931 0.76604 0 -0.6427931 0.7660399 0 -0.3420286 0.9396896 0 -0.3420287 0.9396896 0 0.3420276 0.93969 0 0.6427945 0.7660388 0 0.6427944 0.7660387 0 0.8660192 0.5000109 0 0.8660193 0.5000106 0 0.9848073 0.1736512 0</float_array>
          <technique_common>
            <accessor source="#link_5_001-mesh-normals-array" count="2268" stride="3">
              <param name="X" type="float"/>
              <param name="Y" type="float"/>
              <param name="Z" type="float"/>
            </accessor>
          </technique_common>
        </source>
        <vertices id="link_5_001-mesh-vertices">
          <input semantic="POSITION" source="#link_5_001-mesh-positions"/>
        </vertices>
        <triangles count="2192">
          <input semantic="VERTEX" source="#link_5_001-mesh-vertices" offset="0"/>
          <input semantic="NORMAL" source="#link_5_001-mesh-normals" offset="1"/>
          <p>0 0 1 0 2 0 3 1 4 1 5 1 6 2 7 2 8 2 9 3 10 3 11 3 12 4 13 4 14 4 15 5 16 5 17 5 18 6 19 6 20 6 21 7 22 7 23 7 24 8 25 8 26 8 27 9 28 9 29 9 30 10 31 10 32 10 33 11 34 11 35 11 36 12 37 12 38 12 39 13 40 13 41 13 42 14 43 14 44 14 45 15 46 15 47 15 48 16 49 16 50 16 51 17 52 17 53 17 54 18 55 18 56 18 57 19 58 19 59 19 60 20 61 20 62 20 63 21 64 21 65 21 66 22 67 22 68 22 69 23 70 23 71 23 72 24 73 24 74 24 75 25 76 25 77 25 78 26 79 26 80 26 81 27 82 27 83 27 84 28 85 28 86 28 87 29 88 29 89 29 90 30 91 30 92 30 93 31 94 31 95 31 96 32 97 32 98 32 99 33 100 33 101 33 102 34 103 34 101 34 101 35 103 35 104 35 101 36 104 36 99 36 105 37 106 37 102 37 102 38 106 38 107 38 102 39 107 39 103 39 96 40 98 40 108 40 109 41 110 41 98 41 98 42 110 42 111 42 98 43 111 43 108 43 112 44 113 44 114 44 114 45 113 45 115 45 114 46 115 46 109 46 109 47 115 47 116 47 109 48 116 48 110 48 117 49 118 49 119 49 119 50 118 50 120 50 119 51 120 51 114 51 114 52 120 52 121 52 114 53 121 53 112 53 122 54 123 54 119 54 119 55 123 55 124 55 119 56 124 56 117 56 125 57 126 57 127 57 127 58 128 58 125 58 125 59 128 59 129 59 125 60 129 60 122 60 122 61 129 61 130 61 122 62 130 62 123 62 126 63 125 63 131 63 131 64 125 64 132 64 131 65 132 65 133 65 133 66 132 66 134 66 133 67 134 67 135 67 136 68 137 68 135 68 135 69 137 69 138 69 135 70 138 70 133 70 139 71 140 71 95 71 95 72 140 72 141 72 95 73 141 73 93 73 142 74 143 74 144 74 144 75 143 76 145 77 144 78 145 78 139 78 139 79 145 79 146 79 139 80 146 80 140 80 147 81 148 81 149 81 150 82 151 82 152 82 152 83 151 83 153 83 152 84 153 84 147 84 147 85 153 86 154 87 147 88 154 88 148 88 155 89 156 90 157 91 157 92 158 92 159 92 159 93 158 93 160 93 159 94 160 94 161 94 161 95 162 95 159 95 159 96 162 96 163 96 159 97 163 97 150 97 164 98 165 98 155 98 155 99 165 99 166 99 155 100 166 100 156 100 92 101 91 101 167 101 167 102 91 102 168 102 167 103 168 103 164 103 88 104 87 104 169 104 87 105 170 105 169 105 169 106 170 106 171 106 169 107 171 107 172 107 172 108 171 108 173 108 172 109 173 109 92 109 92 110 173 110 174 110 92 111 174 111 90 111 175 112 176 112 177 112 177 113 176 113 178 113 177 114 178 114 179 114 179 115 178 115 180 115 179 116 180 116 181 116 181 117 180 117 182 117 181 118 182 118 183 118 183 119 182 119 184 119 183 120 184 120 185 120 185 121 184 121 152 121 185 122 152 122 144 122 144 123 152 123 147 123 144 124 147 124 142 124 142 125 147 125 149 125 186 126 187 126 76 126 76 127 187 127 188 127 76 128 188 128 77 128 77 129 188 129 189 129 77 130 189 130 190 130 190 131 191 131 192 131 192 132 191 132 193 132 193 133 194 133 195 133 195 134 194 134 196 134 196 135 197 135 198 135 198 136 197 136 199 136 199 137 200 137 201 137 201 138 200 138 202 138 202 139 203 139 204 139 204 140 203 140 205 140 205 141 206 141 207 141 207 142 206 142 208 142 208 143 209 143 210 143 210 144 209 144 211 144 211 145 212 145 213 145 213 146 212 146 214 146 214 147 215 147 216 147 216 148 215 148 217 148 217 149 218 149 219 149 219 150 218 150 220 150 220 151 221 151 222 151 222 152 221 152 223 152 223 153 224 153 225 153 225 154 224 154 226 154 226 155 227 155 228 155 228 156 227 156 229 156 229 157 230 157 231 157 231 158 230 158 232 158 232 159 233 159 234 159 234 160 233 160 78 160 235 161 236 161 237 161 238 162 239 162 240 162 241 163 242 163 243 163 244 164 245 164 246 164 247 165 248 165 249 165 250 166 251 166 252 166 253 167 254 167 255 167 256 168 257 168 258 168 259 169 260 169 122 169 122 170 260 170 261 170 122 171 261 171 125 171 125 172 261 172 262 172 125 173 262 173 132 173 150 174 152 174 159 174 159 175 152 175 184 175 159 176 184 176 263 176 263 177 184 177 182 177 263 178 182 178 264 178 264 179 182 179 180 179 264 180 180 180 265 180 265 181 180 181 178 181 265 182 178 182 266 182 266 183 178 183 176 183 266 184 176 184 267 184 82 185 186 185 83 185 83 186 186 186 76 186 83 187 76 187 268 187 268 188 76 188 75 188 268 189 75 189 269 189 157 190 159 190 155 190 155 191 159 191 263 191 155 192 263 192 270 192 270 193 263 193 264 193 270 194 264 194 271 194 271 195 264 195 265 195 271 196 265 196 272 196 272 197 265 197 266 197 272 198 266 198 273 198 273 199 266 199 267 199 273 200 267 200 274 200 85 201 81 201 86 201 86 202 81 202 83 202 86 203 83 203 275 203 275 204 83 204 268 204 275 205 268 205 276 205 276 206 268 206 269 206 276 207 269 207 277 207 164 208 155 208 167 208 167 209 155 209 270 209 167 210 270 210 278 210 278 211 270 211 271 211 278 212 271 212 279 212 279 213 271 213 272 213 279 214 272 214 280 214 280 215 272 215 273 215 280 216 273 216 281 216 281 217 273 217 274 217 281 218 274 218 282 218 283 219 284 219 285 219 286 220 287 220 277 220 277 221 287 221 282 221 277 222 282 222 276 222 276 223 282 223 274 223 276 224 274 224 275 224 275 225 274 225 267 225 275 226 267 226 86 226 86 227 267 227 176 227 86 228 176 228 84 228 84 229 176 229 175 229 287 230 288 230 282 230 282 231 288 231 289 231 282 232 289 232 281 232 281 233 289 233 290 233 281 234 290 234 280 234 280 235 290 235 291 235 280 236 291 236 279 236 279 237 291 237 292 237 279 238 292 238 278 238 278 239 292 239 293 239 278 240 293 240 167 240 167 241 293 241 294 241 167 242 294 242 92 242 92 243 294 243 295 243 92 244 295 244 172 244 190 245 192 245 77 245 77 246 192 246 296 246 77 247 296 247 75 247 75 248 296 248 297 248 75 249 297 249 269 249 269 250 297 250 74 250 269 251 74 251 277 251 277 252 74 252 73 252 277 253 73 253 286 253 193 254 195 254 192 254 192 255 195 255 298 255 192 256 298 256 296 256 296 257 298 257 299 257 296 258 299 258 297 258 297 259 299 259 71 259 297 260 71 260 74 260 74 261 71 261 70 261 74 262 70 262 72 262 196 263 198 263 195 263 195 264 198 264 300 264 195 265 300 265 298 265 298 266 300 266 301 266 298 267 301 267 299 267 299 268 301 268 68 268 299 269 68 269 71 269 71 270 68 270 67 270 71 271 67 271 69 271 199 272 201 272 198 272 198 273 201 273 302 273 198 274 302 274 300 274 300 275 302 275 303 275 300 276 303 276 301 276 301 277 303 277 65 277 301 278 65 278 68 278 68 279 65 279 64 279 68 280 64 280 66 280 202 281 204 281 201 281 201 282 204 282 304 282 201 283 304 283 302 283 302 284 304 284 305 284 302 285 305 285 303 285 303 286 305 286 62 286 303 287 62 287 65 287 65 288 62 288 61 288 65 289 61 289 63 289 205 290 207 290 204 290 204 291 207 291 306 291 204 292 306 292 304 292 304 293 306 293 307 293 304 294 307 294 305 294 305 295 307 295 59 295 305 296 59 296 62 296 62 297 59 297 58 297 62 298 58 298 60 298 208 299 210 299 207 299 207 300 210 300 308 300 207 301 308 301 306 301 306 302 308 302 309 302 306 303 309 303 307 303 307 304 309 304 56 304 307 305 56 305 59 305 59 306 56 306 55 306 59 307 55 307 57 307 211 308 213 308 210 308 210 309 213 309 310 309 210 310 310 310 308 310 308 311 310 311 311 311 308 312 311 312 309 312 309 313 311 313 53 313 309 314 53 314 56 314 56 315 53 315 52 315 56 316 52 316 54 316 214 317 216 317 213 317 213 318 216 318 312 318 213 319 312 319 310 319 310 320 312 320 313 320 310 321 313 321 311 321 311 322 313 322 50 322 311 323 50 323 53 323 53 324 50 324 49 324 53 325 49 325 51 325 217 326 219 326 216 326 216 327 219 327 314 327 216 328 314 328 312 328 312 329 314 329 315 329 312 330 315 330 313 330 313 331 315 331 47 331 313 332 47 332 50 332 50 333 47 333 46 333 50 334 46 334 48 334 220 335 222 335 219 335 219 336 222 336 316 336 219 337 316 337 314 337 314 338 316 338 317 338 314 339 317 339 315 339 315 340 317 340 44 340 315 341 44 341 47 341 47 342 44 342 43 342 47 343 43 343 45 343 223 344 225 344 222 344 222 345 225 345 318 345 222 346 318 346 316 346 316 347 318 347 319 347 316 348 319 348 317 348 317 349 319 349 41 349 317 350 41 350 44 350 44 351 41 351 40 351 44 352 40 352 42 352 226 353 228 353 225 353 225 354 228 354 320 354 225 355 320 355 318 355 318 356 320 356 321 356 318 357 321 357 319 357 319 358 321 358 38 358 319 359 38 359 41 359 41 360 38 360 37 360 41 361 37 361 39 361 229 362 231 362 228 362 228 363 231 363 322 363 228 364 322 364 320 364 320 365 322 365 323 365 320 366 323 366 321 366 321 367 323 367 35 367 321 368 35 368 38 368 38 369 35 369 34 369 38 370 34 370 36 370 232 371 234 371 231 371 231 372 234 372 324 372 231 373 324 373 322 373 322 374 324 374 325 374 322 375 325 375 323 375 323 376 325 376 32 376 323 377 32 377 35 377 35 378 32 378 31 378 35 379 31 379 33 379 78 380 80 380 234 380 234 381 80 381 326 381 234 382 326 382 324 382 324 383 326 383 327 383 324 384 327 384 325 384 325 385 327 385 29 385 325 386 29 386 32 386 32 387 29 387 28 387 32 388 28 388 30 388 80 389 328 389 326 389 326 390 328 390 329 390 326 391 329 391 327 391 327 392 329 392 26 392 327 393 26 393 29 393 29 394 26 394 25 394 29 395 25 395 27 395 328 396 283 396 329 396 329 397 283 397 285 397 329 398 285 398 26 398 26 399 285 399 330 399 26 400 330 400 24 400 331 401 332 401 333 401 333 402 332 402 284 402 333 403 284 403 334 403 334 404 284 404 283 404 334 405 283 405 335 405 335 406 283 406 328 406 335 407 328 407 336 407 336 408 328 408 80 408 336 409 80 409 337 409 337 410 80 410 79 410 332 411 338 411 284 411 284 412 338 412 339 412 284 413 339 413 285 413 285 414 339 414 340 414 285 415 340 415 330 415 22 416 331 416 23 416 23 417 331 417 333 417 23 418 333 418 341 418 341 419 333 419 334 419 341 420 334 420 342 420 342 421 334 421 335 421 342 422 335 422 237 422 237 423 335 423 336 423 237 424 336 424 235 424 235 425 336 425 337 425 19 426 21 426 20 426 20 427 21 427 23 427 20 428 23 428 343 428 343 429 23 429 341 429 343 430 341 430 344 430 344 431 341 431 342 431 344 432 342 432 240 432 240 433 342 433 237 433 240 434 237 434 238 434 238 435 237 435 236 435 16 436 18 436 17 436 17 437 18 437 20 437 17 438 20 438 345 438 345 439 20 439 343 439 345 440 343 440 346 440 346 441 343 441 344 441 346 442 344 442 243 442 243 443 344 443 240 443 243 444 240 444 241 444 241 445 240 445 239 445 13 446 15 446 14 446 14 447 15 447 17 447 14 448 17 448 347 448 347 449 17 449 345 449 347 450 345 450 348 450 348 451 345 451 346 451 348 452 346 452 246 452 246 453 346 453 243 453 246 454 243 454 244 454 244 455 243 455 242 455 10 456 12 456 11 456 11 457 12 457 14 457 11 458 14 458 349 458 349 459 14 459 347 459 349 460 347 460 350 460 350 461 347 461 348 461 350 462 348 462 249 462 249 463 348 463 246 463 249 464 246 464 247 464 247 465 246 465 245 465 7 466 9 466 8 466 8 467 9 467 11 467 8 468 11 468 351 468 351 469 11 469 349 469 351 470 349 470 352 470 352 471 349 471 350 471 352 472 350 472 252 472 252 473 350 473 249 473 252 474 249 474 250 474 250 475 249 475 248 475 4 476 6 476 5 476 5 477 6 477 8 477 5 478 8 478 353 478 353 479 8 479 351 479 353 480 351 480 354 480 354 481 351 481 352 481 354 482 352 482 255 482 255 483 352 483 252 483 255 484 252 484 253 484 253 485 252 485 251 485 1 486 3 486 2 486 2 487 3 487 5 487 2 488 5 488 355 488 355 489 5 489 353 489 355 490 353 490 356 490 356 491 353 491 354 491 356 492 354 492 258 492 258 493 354 493 255 493 258 494 255 494 256 494 256 495 255 495 254 495 357 496 0 496 109 496 109 497 0 497 2 497 109 498 2 498 114 498 114 499 2 499 355 499 114 500 355 500 119 500 119 501 355 501 356 501 119 502 356 502 122 502 122 503 356 503 258 503 122 504 258 504 259 504 259 505 258 505 257 505 357 506 109 506 358 506 358 507 109 507 98 507 358 508 98 508 105 508 105 509 98 509 97 509 105 510 97 510 106 510 359 511 360 511 361 511 362 511 363 511 361 511 361 512 363 512 364 512 361 513 364 513 359 513 365 514 366 514 361 514 361 511 366 511 367 511 361 515 367 515 362 515 368 516 369 516 361 516 361 511 369 511 370 511 361 511 370 511 365 511 371 517 372 517 361 517 361 518 372 518 373 518 361 519 373 519 368 519 374 511 375 511 361 511 361 520 375 520 376 520 361 521 376 521 371 521 377 511 378 511 361 511 361 511 378 511 379 511 361 511 379 511 374 511 360 522 380 522 361 522 361 511 380 511 381 511 361 523 381 523 377 523 382 524 383 525 384 526 384 527 383 527 385 527 384 528 385 528 386 528 387 529 388 529 389 529 390 530 391 530 382 530 391 531 390 532 392 533 392 534 390 535 393 536 392 537 393 537 394 537 395 538 396 539 397 540 397 541 396 542 398 543 397 544 398 544 399 544 399 545 398 545 400 545 399 546 400 546 401 546 397 547 402 547 395 547 395 548 402 548 403 548 395 549 403 550 100 549 404 551 405 552 389 553 389 554 405 554 406 554 389 555 406 555 387 555 407 556 393 556 408 556 408 557 393 557 390 557 408 558 390 558 384 558 384 559 390 559 382 559 388 560 409 560 389 560 389 561 409 561 410 561 389 562 410 562 404 562 404 563 410 563 411 563 404 564 411 564 412 564 412 565 411 565 413 565 413 566 411 566 414 566 413 567 414 567 415 567 415 568 414 568 416 568 415 569 416 570 417 571 417 572 416 573 418 574 417 575 418 575 407 575 407 576 418 576 419 576 407 577 419 577 393 577 393 578 419 578 420 578 393 579 420 579 394 579 401 580 421 580 399 580 399 581 421 581 422 581 399 582 422 582 397 582 397 583 422 583 423 583 397 584 423 584 402 584 402 585 423 585 424 585 402 586 424 586 403 586 403 587 424 587 425 587 409 588 425 588 410 588 410 589 425 589 424 590 410 591 424 591 411 591 411 592 424 592 423 592 411 593 423 593 414 593 414 594 423 594 422 594 414 595 422 595 416 595 416 596 422 596 421 596 416 597 421 597 418 597 418 598 421 598 401 598 418 599 401 599 419 599 419 600 401 600 400 600 419 601 400 601 420 601 425 602 409 602 426 602 427 603 101 603 428 603 428 604 101 604 100 604 428 605 100 605 403 606 429 607 105 607 427 607 427 608 105 608 102 609 427 610 102 610 101 610 430 611 357 611 429 611 429 612 357 613 358 614 429 615 358 615 105 615 431 616 1 616 430 616 430 617 1 617 0 617 430 618 0 618 357 618 432 619 4 619 431 619 431 620 4 621 3 622 431 623 3 624 1 625 433 626 7 626 432 626 432 627 7 628 6 629 432 630 6 631 4 631 434 632 10 632 433 632 433 633 10 633 9 633 433 634 9 635 7 636 435 637 13 637 434 637 434 638 13 639 12 640 434 641 12 641 10 641 436 642 16 642 435 643 435 644 16 644 15 644 435 645 15 645 13 645 437 646 19 646 436 646 436 647 19 647 18 647 436 648 18 648 16 648 438 649 22 649 437 649 437 650 22 650 21 650 437 651 21 652 19 651 439 653 332 653 438 653 438 654 332 655 331 656 438 657 331 657 22 657 440 658 339 658 439 658 439 659 339 659 338 659 439 660 338 660 332 660 441 661 330 662 440 662 440 663 330 663 340 663 440 664 340 664 339 664 442 665 25 666 441 667 441 668 25 668 24 668 441 669 24 670 330 671 443 672 28 672 442 672 442 673 28 673 27 673 442 674 27 674 25 674 444 675 31 675 443 675 443 676 31 677 30 678 443 679 30 679 28 679 445 680 34 681 444 682 444 683 34 683 33 683 444 684 33 684 31 684 446 685 37 685 445 685 445 686 37 687 36 688 445 689 36 690 34 691 447 692 40 692 446 692 446 693 40 694 39 695 446 696 39 696 37 696 448 697 43 697 447 697 447 698 43 699 42 700 447 701 42 701 40 701 449 702 46 702 448 702 448 703 46 703 45 703 448 704 45 705 43 706 450 707 49 707 449 707 449 708 49 708 48 708 449 709 48 709 46 709 451 710 52 711 450 712 450 713 52 713 51 713 450 714 51 715 49 716 452 717 55 718 451 719 451 720 55 721 54 721 451 722 54 722 52 722 453 723 58 723 452 723 452 724 58 725 57 726 452 727 57 727 55 727 454 728 61 728 453 728 453 729 61 729 60 729 453 730 60 730 58 730 455 731 64 731 454 731 454 732 64 732 63 732 454 733 63 733 61 733 456 734 67 734 455 734 455 735 67 735 66 735 455 736 66 736 64 736 457 737 70 737 456 737 456 738 70 738 69 738 456 739 69 739 67 739 458 740 73 740 457 740 457 741 73 741 72 741 457 742 72 742 70 742 459 743 287 743 458 743 458 744 287 744 286 744 458 745 286 746 73 747 460 748 294 748 461 748 461 749 294 749 293 749 461 750 293 751 462 751 462 752 293 752 292 752 462 753 292 754 463 755 463 756 292 757 291 758 463 759 291 759 464 759 464 760 291 760 290 760 464 761 290 761 465 761 465 762 290 762 289 762 465 763 289 763 459 763 459 764 289 764 288 764 459 765 288 765 287 765 169 766 172 766 460 766 460 767 172 768 295 769 460 770 295 770 294 770 460 771 466 771 169 771 169 772 466 772 467 772 169 773 467 773 88 773 88 774 467 774 468 774 88 775 468 776 89 777 469 778 470 778 471 778 471 779 470 780 472 781 471 782 472 782 473 782 473 783 472 784 474 785 473 786 474 786 475 786 475 787 474 787 476 787 476 788 474 788 477 788 476 789 477 789 478 789 478 790 477 790 479 790 478 791 479 791 480 791 480 792 479 792 481 792 481 793 479 793 482 793 481 794 482 794 483 794 483 795 482 795 484 795 483 796 484 796 485 796 485 797 484 797 486 797 486 798 484 798 487 798 486 799 487 799 488 799 488 800 487 800 489 800 488 801 489 801 490 801 490 802 489 802 491 802 490 803 491 803 492 803 492 804 491 804 493 804 493 805 491 805 494 805 493 806 494 806 495 806 495 807 494 807 496 807 495 808 496 808 497 808 497 809 496 809 498 809 498 810 496 810 499 810 498 811 499 811 500 811 500 812 499 812 501 812 500 813 501 813 502 813 502 814 501 814 503 814 503 815 501 815 504 815 503 816 504 816 505 816 505 817 504 818 506 818 505 819 506 819 507 819 507 820 506 820 508 820 508 821 506 821 509 821 508 822 509 822 510 822 510 823 509 823 511 823 510 824 511 824 512 824 512 825 511 825 513 825 513 826 511 826 514 826 513 827 514 827 515 827 515 828 514 828 516 828 515 829 516 829 517 829 517 830 516 830 518 830 517 831 518 831 519 831 519 832 518 832 520 832 520 833 518 833 521 833 520 834 521 834 522 834 522 835 521 835 523 835 522 836 523 836 524 836 524 837 523 837 525 837 525 838 523 838 526 838 525 839 526 839 527 839 527 840 526 840 528 840 527 841 528 841 529 841 529 842 528 842 530 842 530 843 528 844 531 843 530 845 531 845 532 845 532 846 531 846 533 846 532 847 533 847 534 847 534 848 533 848 535 848 535 849 533 849 536 849 535 850 536 850 537 850 537 851 536 851 538 851 537 852 538 852 539 852 539 853 538 853 540 853 540 854 538 854 541 854 540 855 541 855 542 855 542 856 541 857 543 858 542 859 543 859 544 859 544 860 543 860 545 860 544 861 545 861 546 861 546 862 545 862 547 862 547 863 545 863 548 863 547 864 548 864 549 864 549 865 548 866 550 867 549 868 550 868 551 868 551 869 550 869 552 869 552 870 550 870 553 870 552 871 553 871 554 871 554 872 553 872 555 872 554 873 555 873 556 873 556 874 555 874 557 874 557 875 555 875 558 875 557 876 558 876 559 876 559 877 558 877 560 877 559 878 560 878 561 878 561 879 560 879 562 879 562 880 560 880 563 880 562 881 563 881 564 881 564 882 563 882 565 882 564 883 565 883 566 883 566 884 565 884 567 884 566 885 567 885 568 885 568 886 567 886 569 886 569 887 567 887 570 887 569 888 570 888 571 888 571 889 570 889 388 889 571 890 388 890 387 890 470 891 572 891 472 891 472 892 572 892 573 893 472 894 573 895 474 896 474 897 573 897 574 897 474 898 574 898 477 898 477 899 574 899 575 899 477 900 575 900 479 900 479 901 575 901 576 901 479 902 576 902 482 902 482 903 576 903 577 903 482 904 577 904 484 904 484 905 577 905 578 905 484 906 578 906 487 906 487 907 578 907 579 907 487 908 579 908 489 908 489 909 579 909 580 909 489 910 580 910 491 910 491 911 580 911 581 911 491 912 581 912 494 912 494 913 581 914 582 915 494 916 582 916 496 916 496 917 582 917 583 917 496 918 583 918 499 918 499 919 583 919 584 919 499 920 584 920 501 920 501 921 584 921 585 921 501 922 585 922 504 922 504 923 585 923 586 923 504 924 586 924 506 924 506 925 586 925 587 925 506 926 587 926 509 926 509 927 587 927 588 927 509 928 588 928 511 928 511 929 588 929 589 929 511 930 589 930 514 930 514 931 589 931 590 931 514 932 590 932 516 932 516 933 590 933 591 933 516 934 591 934 518 934 518 935 591 935 592 935 518 936 592 936 521 936 521 937 592 937 593 937 521 938 593 938 523 938 523 939 593 939 594 939 523 940 594 940 526 940 526 941 594 941 595 941 526 942 595 942 528 942 528 943 595 943 596 943 528 944 596 944 531 944 531 945 596 945 597 945 531 946 597 946 533 946 533 947 597 947 598 947 533 948 598 948 536 948 536 949 598 949 599 949 536 950 599 950 538 950 538 951 599 951 600 951 538 952 600 953 541 954 541 955 600 955 601 955 541 956 601 956 543 956 543 957 601 957 602 957 543 958 602 958 545 958 545 959 602 959 603 959 545 960 603 960 548 960 548 961 603 961 604 961 548 962 604 962 550 962 550 963 604 963 605 963 550 964 605 964 553 964 553 965 605 965 606 965 553 966 606 966 555 966 555 967 606 967 607 968 555 969 607 969 558 969 558 970 607 970 608 970 558 971 608 971 560 971 560 972 608 972 609 972 560 973 609 973 563 973 563 974 609 974 610 974 563 975 610 975 565 976 565 977 610 977 611 977 565 978 611 978 567 978 567 979 611 979 612 979 567 980 612 980 570 980 570 981 612 981 426 981 570 982 426 982 388 982 388 983 426 983 409 983 572 984 468 984 573 984 573 985 468 986 467 987 573 988 467 989 574 989 574 990 467 990 466 990 574 991 466 991 575 991 575 992 466 992 460 992 575 993 460 993 576 993 576 994 460 994 461 994 576 995 461 995 577 995 577 996 461 996 462 996 577 997 462 997 578 997 578 998 462 998 463 998 578 999 463 999 579 999 579 1000 463 1000 464 1000 579 1001 464 1001 580 1001 580 1002 464 1002 465 1002 580 1003 465 1003 581 1003 581 1004 465 1004 459 1004 581 1005 459 1005 582 1005 582 1006 459 1006 458 1006 582 1007 458 1008 583 1009 583 1010 458 1010 457 1010 583 1011 457 1011 584 1011 584 1012 457 1012 456 1012 584 1013 456 1013 585 1013 585 1014 456 1014 455 1014 585 1015 455 1015 586 1015 586 1016 455 1016 454 1016 586 1017 454 1017 587 1017 587 1018 454 1018 453 1018 587 1019 453 1019 588 1019 588 1020 453 1020 452 1020 588 1021 452 1021 589 1021 589 1022 452 1022 451 1022 589 1023 451 1023 590 1023 590 1024 451 1025 450 1024 590 1026 450 1026 591 1026 591 1027 450 1027 449 1027 591 1028 449 1028 592 1028 592 1029 449 1029 448 1029 592 1030 448 1030 593 1030 593 1031 448 1031 447 1031 593 1032 447 1032 594 1032 594 1033 447 1033 446 1033 594 1034 446 1034 595 1034 595 1035 446 1035 445 1035 595 1036 445 1036 596 1036 596 1037 445 1037 444 1037 596 1038 444 1038 597 1038 597 1039 444 1039 443 1039 597 1040 443 1040 598 1040 598 1041 443 1041 442 1041 598 1042 442 1043 599 1044 599 1045 442 1045 441 1045 599 1046 441 1046 600 1046 600 1047 441 1047 440 1047 600 1048 440 1048 601 1048 601 1049 440 1049 439 1049 601 1050 439 1050 602 1050 602 1051 439 1051 438 1051 602 1052 438 1052 603 1052 603 1053 438 1053 437 1053 603 1054 437 1054 604 1054 604 1055 437 1055 436 1055 604 1056 436 1056 605 1056 605 1057 436 1057 435 1057 605 1058 435 1058 606 1058 606 1059 435 1059 434 1059 606 1060 434 1060 607 1060 607 1061 434 1061 433 1061 607 1062 433 1062 608 1062 608 1063 433 1063 432 1063 608 1064 432 1065 609 1066 609 1067 432 1067 431 1068 609 1069 431 1069 610 1069 610 1070 431 1070 430 1070 610 1071 430 1071 611 1071 611 1072 430 1072 429 1072 611 1073 429 1073 612 1073 612 1074 429 1074 427 1074 612 1075 427 1075 426 1075 426 1076 427 1076 428 1076 426 1077 428 1077 425 1077 425 1078 428 1078 403 1078 613 1079 572 1079 614 1079 615 1080 616 1080 617 1080 618 1081 619 1081 620 1081 621 1082 622 1082 623 1083 623 1084 622 1084 624 1084 625 1085 621 1086 626 1087 626 1088 621 1089 620 1090 621 1091 623 1091 620 1091 620 1092 623 1092 627 1092 620 1093 627 1093 618 1093 468 1094 628 1095 89 1096 89 1097 628 1097 629 1097 89 1098 629 1098 630 1098 630 1099 629 1099 631 1099 630 1100 631 1100 632 1100 632 1101 631 1101 633 1101 632 1102 633 1103 634 1104 634 1105 633 1105 635 1105 634 1106 635 1106 624 1106 624 1107 635 1107 636 1107 624 1108 636 1108 623 1108 623 1109 636 1109 637 1109 623 1110 637 1110 627 1110 638 1111 639 1111 640 1111 640 1112 639 1112 641 1112 617 1113 616 1114 642 1115 642 1116 616 1116 643 1116 642 1117 643 1118 644 1119 645 1120 646 1120 647 1120 647 1121 646 1121 648 1121 647 1122 648 1122 649 1122 649 1123 648 1123 470 1123 649 1124 470 1124 469 1124 572 1125 470 1125 614 1125 614 1126 470 1126 648 1126 614 1127 648 1127 650 1127 650 1128 648 1129 646 1129 650 1130 646 1131 643 1132 643 1133 646 1133 645 1133 643 1134 645 1134 644 1134 613 1135 614 1135 651 1135 651 1136 614 1137 650 1136 651 1138 650 1138 652 1138 652 1139 650 1139 643 1139 652 1140 643 1140 653 1140 653 1141 643 1141 616 1141 653 1142 616 1142 641 1142 641 1143 616 1143 615 1143 641 1144 615 1144 640 1144 468 1145 572 1145 628 1145 628 1146 572 1146 613 1146 628 1147 613 1147 629 1147 629 1148 613 1149 651 1150 629 1151 651 1152 631 1153 631 1154 651 1155 652 1154 631 1156 652 1156 633 1156 633 1157 652 1157 653 1157 633 1158 653 1158 635 1158 635 1159 653 1159 641 1159 635 1160 641 1160 636 1160 636 1161 641 1161 639 1161 636 1162 639 1162 637 1162 637 1163 639 1163 638 1163 654 1164 655 1164 625 1164 619 1165 656 1165 620 1165 620 1166 656 1166 654 1166 620 1167 654 1168 626 1169 626 1170 654 1171 625 1172 657 1173 658 1173 659 1173 625 1174 655 1174 660 1174 661 1175 662 1175 663 1175 663 1176 662 1176 664 1176 663 1177 664 1177 665 1177 665 1178 664 1178 666 1178 665 1179 666 1179 667 1179 667 1180 666 1180 668 1180 667 1181 668 1181 660 1181 660 1182 668 1182 669 1182 660 1183 669 1183 625 1183 661 1184 663 1184 670 1184 670 1185 663 1185 671 1185 670 1186 671 1186 672 1186 672 1187 671 1187 673 1187 672 1188 673 1188 674 1188 674 1189 673 1189 675 1189 675 1190 673 1190 676 1190 675 1191 676 1191 677 1191 677 1192 676 1192 678 1192 678 1193 676 1193 679 1193 678 1194 679 1195 680 1196 681 1197 682 1197 679 1197 679 1198 682 1198 683 1198 679 1199 683 1199 680 1199 684 1200 685 1200 686 1200 686 1201 685 1201 687 1201 686 1202 687 1202 681 1202 681 1203 687 1203 688 1203 681 1204 688 1204 682 1204 684 1205 686 1205 689 1205 689 1206 686 1206 690 1206 689 1207 690 1207 691 1207 691 1208 690 1208 692 1208 691 1209 692 1209 693 1209 693 1210 692 1210 694 1210 694 1211 692 1211 695 1211 694 1212 695 1212 696 1212 696 1213 695 1213 697 1213 697 1214 695 1214 698 1214 697 1215 698 1215 699 1215 699 1216 698 1216 700 1216 700 1217 698 1217 701 1217 700 1218 701 1218 702 1218 702 1219 701 1219 703 1219 703 1220 701 1220 704 1220 703 1221 704 1221 705 1221 705 1222 704 1222 706 1222 706 1223 704 1223 707 1223 706 1224 707 1224 708 1224 708 1225 707 1225 709 1225 708 1226 709 1226 710 1226 659 1227 658 1227 711 1227 711 1228 658 1228 712 1228 711 1229 712 1229 709 1229 709 1230 712 1230 713 1230 709 1231 713 1231 710 1231 714 1232 715 1232 716 1232 716 1233 717 1233 714 1233 714 1234 717 1234 718 1234 714 1235 718 1235 659 1235 659 1236 718 1236 719 1236 659 1237 719 1237 657 1237 720 1238 721 1238 722 1238 723 1239 724 1240 725 1241 142 1242 726 1242 143 1242 162 1243 727 1243 728 1243 634 1244 624 1244 729 1244 729 1245 624 1246 622 1247 622 1248 621 1248 729 1248 729 1249 621 1249 625 1249 729 1250 625 1250 669 1250 632 1251 730 1251 630 1251 630 1252 730 1252 731 1252 630 1253 731 1253 89 1253 89 1254 732 1254 87 1254 87 1255 732 1255 733 1255 87 1256 733 1256 170 1256 170 1257 733 1257 734 1257 170 1258 734 1258 171 1258 734 1259 735 1259 171 1259 171 1260 735 1260 736 1260 171 1261 736 1261 173 1261 737 1262 90 1262 174 1262 737 1263 174 1263 738 1263 739 1264 740 1265 165 1266 165 1267 164 1268 739 1268 739 1269 164 1269 168 1269 739 1270 168 1270 737 1270 737 1271 168 1271 91 1271 737 1272 91 1272 90 1272 741 1273 742 1273 166 1273 743 1274 157 1274 156 1274 744 1275 158 1275 157 1275 745 1276 160 1277 158 1278 727 1279 162 1279 745 1279 745 1280 162 1280 161 1280 745 1281 161 1281 160 1281 154 1282 153 1282 746 1282 746 1283 153 1283 151 1283 746 1284 151 1284 747 1284 747 1285 151 1285 150 1285 154 1286 746 1286 148 1286 148 1287 746 1287 748 1287 148 1288 748 1288 149 1288 143 1289 726 1289 145 1289 145 1290 726 1291 749 1292 145 1293 749 1293 146 1293 140 1294 750 1294 141 1294 141 1295 750 1295 751 1295 141 1296 751 1296 93 1296 93 1297 751 1297 752 1297 93 1298 752 1298 94 1298 723 1299 753 1299 754 1299 754 1300 753 1300 755 1300 724 1301 723 1301 756 1301 757 1302 758 1302 759 1302 716 1303 758 1303 717 1303 717 1304 758 1304 757 1304 717 1305 757 1305 718 1305 718 1306 757 1306 760 1306 718 1307 760 1307 719 1307 719 1308 760 1308 657 1308 657 1309 760 1309 761 1309 657 1310 761 1310 658 1310 708 1311 710 1311 762 1311 762 1312 710 1312 713 1312 762 1313 713 1313 761 1313 761 1314 713 1314 712 1314 761 1315 712 1315 658 1315 763 1316 764 1316 703 1316 703 1317 764 1317 702 1317 702 1318 764 1318 765 1318 702 1319 765 1319 700 1319 766 1320 697 1320 765 1320 765 1321 697 1321 699 1321 765 1322 699 1322 700 1322 691 1323 693 1323 767 1323 767 1324 693 1324 694 1324 767 1325 694 1325 766 1325 766 1326 694 1326 696 1326 766 1327 696 1327 697 1327 684 1328 689 1328 768 1328 768 1329 689 1329 691 1329 682 1330 688 1330 769 1330 769 1331 688 1331 687 1331 769 1332 687 1332 770 1332 770 1333 687 1333 685 1333 770 1334 685 1334 684 1334 682 1335 769 1336 683 1337 683 1338 769 1338 771 1338 683 1339 771 1339 680 1339 772 1340 677 1340 771 1340 771 1341 677 1341 678 1341 771 1342 678 1343 680 1344 773 1345 674 1345 772 1345 772 1346 674 1346 675 1346 772 1347 675 1347 677 1347 774 1348 670 1348 773 1348 773 1349 670 1349 672 1349 773 1350 672 1350 674 1350 664 1351 662 1351 774 1351 774 1352 662 1352 661 1352 774 1353 661 1353 670 1353 775 1354 731 1354 776 1354 776 1355 731 1355 730 1355 776 1356 730 1356 777 1356 777 1357 730 1357 632 1357 777 1358 632 1358 634 1358 89 1359 731 1359 732 1359 732 1360 731 1360 775 1360 732 1361 775 1361 733 1361 733 1362 775 1362 778 1362 733 1363 778 1363 734 1363 734 1364 778 1364 779 1364 734 1365 779 1365 735 1365 735 1366 779 1366 738 1366 735 1367 738 1367 736 1367 736 1368 738 1368 174 1368 736 1369 174 1369 173 1369 149 1370 748 1370 142 1370 142 1371 748 1371 780 1371 142 1372 780 1372 726 1372 726 1373 780 1373 781 1373 726 1374 781 1374 749 1374 720 1375 722 1375 782 1375 782 1376 722 1376 783 1376 782 1377 783 1377 784 1377 755 1378 785 1378 754 1378 754 1379 785 1379 752 1379 754 1380 752 1380 786 1380 786 1381 752 1381 751 1381 786 1382 751 1382 720 1382 720 1383 751 1383 750 1383 720 1384 750 1384 721 1384 721 1385 750 1385 140 1385 721 1386 140 1386 722 1386 722 1387 140 1387 146 1387 722 1388 146 1388 783 1388 783 1389 146 1390 749 1391 783 1392 749 1392 784 1392 784 1393 749 1394 781 1395 787 1396 788 1396 789 1396 789 1397 788 1397 790 1397 789 1398 790 1398 791 1398 791 1399 790 1399 792 1399 793 1400 791 1400 774 1400 774 1401 791 1401 792 1401 774 1402 792 1402 664 1402 664 1403 792 1403 790 1403 664 1404 790 1404 666 1404 666 1405 790 1405 788 1405 666 1406 788 1406 668 1406 793 1407 774 1407 794 1407 794 1408 774 1408 773 1408 794 1409 773 1409 795 1409 795 1410 773 1410 772 1410 795 1411 772 1411 796 1411 796 1412 772 1412 771 1412 796 1413 771 1413 797 1413 797 1414 771 1414 769 1414 797 1415 769 1415 741 1415 741 1416 769 1416 770 1416 741 1417 770 1417 742 1417 684 1418 768 1418 770 1418 770 1419 768 1419 743 1419 770 1420 743 1420 742 1420 742 1421 743 1421 156 1421 742 1422 156 1422 166 1422 158 1423 744 1423 745 1423 745 1424 744 1424 798 1424 745 1425 798 1425 727 1425 727 1426 798 1426 799 1426 727 1427 799 1427 728 1427 157 1428 743 1428 744 1428 744 1429 743 1429 768 1429 744 1430 768 1430 798 1430 798 1431 768 1432 691 1433 798 1434 691 1434 799 1434 799 1435 691 1435 767 1435 799 1436 767 1436 728 1436 728 1437 767 1437 766 1437 728 1438 766 1438 800 1438 800 1439 766 1439 765 1439 800 1440 765 1440 801 1440 801 1441 765 1441 764 1441 801 1442 764 1442 802 1442 802 1443 764 1443 803 1443 803 1444 764 1444 763 1444 803 1445 763 1445 804 1445 804 1446 763 1446 805 1446 804 1447 805 1448 806 1449 807 1450 808 1450 806 1450 806 1451 808 1451 809 1451 806 1452 809 1453 804 1454 760 1455 810 1455 761 1455 761 1456 810 1456 807 1456 761 1457 807 1457 762 1457 762 1458 807 1458 806 1458 762 1459 806 1459 708 1459 708 1460 806 1461 805 1462 708 1463 805 1463 706 1463 706 1464 805 1464 763 1464 706 1465 763 1465 705 1465 705 1466 763 1466 703 1466 759 1467 725 1467 757 1467 757 1468 725 1468 724 1468 757 1469 724 1469 760 1469 760 1470 724 1470 756 1470 760 1471 756 1471 810 1471 669 1472 668 1472 729 1472 729 1473 668 1473 788 1473 729 1474 788 1474 634 1474 634 1475 788 1475 787 1475 634 1476 787 1476 777 1476 777 1477 787 1477 789 1477 777 1478 789 1478 776 1478 776 1479 789 1479 791 1479 776 1480 791 1480 775 1480 775 1481 791 1481 793 1481 775 1482 793 1482 778 1482 778 1483 793 1483 794 1483 778 1484 794 1484 779 1484 779 1485 794 1485 795 1485 779 1486 795 1486 738 1486 738 1487 795 1487 796 1487 738 1488 796 1488 737 1488 737 1489 796 1489 797 1489 737 1490 797 1490 739 1490 739 1491 797 1491 741 1491 739 1492 741 1492 740 1492 740 1493 741 1493 166 1493 740 1494 166 1495 165 1496 723 1497 754 1497 756 1497 756 1498 754 1498 786 1498 756 1499 786 1499 810 1499 810 1500 786 1500 720 1500 810 1501 720 1501 807 1501 807 1502 720 1502 782 1502 807 1503 782 1503 808 1503 808 1504 782 1504 784 1504 808 1505 784 1505 809 1505 809 1506 784 1507 781 1508 809 1509 781 1510 804 1511 804 1512 781 1512 780 1512 804 1513 780 1513 803 1513 803 1514 780 1514 748 1514 803 1515 748 1515 802 1515 802 1516 748 1516 746 1516 802 1517 746 1517 801 1517 801 1518 746 1518 747 1518 801 1519 747 1519 800 1519 800 1520 747 1520 150 1520 800 1521 150 1521 728 1521 728 1522 150 1522 163 1522 728 1523 163 1523 162 1523 811 1524 812 1524 813 1524 811 1525 94 1525 812 1525 812 1526 94 1526 752 1526 812 1527 752 1527 814 1527 814 1528 752 1528 785 1528 814 1529 785 1529 755 1529 811 1530 813 1530 815 1530 95 1531 94 1531 811 1531 811 1532 815 1532 95 1532 95 1533 815 1533 816 1533 95 1534 816 1534 139 1534 139 1535 816 1535 817 1535 139 1536 817 1536 144 1536 144 1537 817 1537 818 1537 144 1538 818 1538 185 1538 185 1539 818 1539 819 1539 185 1540 819 1540 183 1540 183 1541 819 1541 820 1541 183 1542 820 1542 181 1542 181 1543 820 1543 821 1543 181 1544 821 1544 179 1544 179 1545 821 1545 822 1545 179 1546 822 1546 177 1546 177 1547 822 1547 175 1547 175 1548 822 1548 823 1548 175 1549 823 1549 84 1549 84 1550 823 1550 85 1550 85 1551 823 1551 824 1551 85 1552 824 1552 81 1552 81 1553 824 1553 82 1553 82 1554 824 1554 825 1554 82 1555 825 1555 186 1555 186 1556 825 1556 187 1556 187 1557 825 1557 826 1557 187 1558 826 1558 188 1558 188 1559 826 1559 189 1559 189 1560 826 1560 827 1560 189 1561 827 1561 190 1561 190 1562 827 1562 191 1562 191 1563 827 1563 828 1563 191 1564 828 1564 193 1564 193 1565 828 1565 194 1565 194 1566 828 1566 829 1566 194 1567 829 1567 196 1567 196 1568 829 1568 197 1568 197 1569 829 1569 830 1569 197 1570 830 1570 199 1570 199 1571 830 1571 200 1571 200 1572 830 1572 831 1572 200 1573 831 1573 202 1573 202 1574 831 1574 203 1574 203 1575 831 1575 832 1575 203 1576 832 1576 205 1576 205 1577 832 1577 206 1577 206 1578 832 1578 833 1578 206 1579 833 1579 208 1579 208 1580 833 1580 209 1580 209 1581 833 1581 834 1581 209 1582 834 1582 211 1582 211 1583 834 1583 212 1583 212 1584 834 1584 835 1584 212 1585 835 1585 214 1585 214 1586 835 1586 215 1586 215 1587 835 1587 836 1587 215 1588 836 1588 217 1588 217 1589 836 1589 218 1589 218 1590 836 1590 837 1590 218 1591 837 1591 220 1591 220 1592 837 1593 221 1594 221 1595 837 1595 838 1595 221 1596 838 1596 223 1596 223 1597 838 1597 224 1597 224 1598 838 1598 839 1598 224 1599 839 1599 226 1599 226 1600 839 1600 227 1600 227 1601 839 1601 840 1601 227 1602 840 1602 229 1602 229 1603 840 1603 230 1603 230 1604 840 1604 841 1604 230 1605 841 1606 232 1607 232 1608 841 1608 233 1608 233 1609 841 1609 842 1609 233 1610 842 1610 78 1610 78 1611 842 1611 79 1611 79 1612 842 1612 843 1612 79 1613 843 1613 337 1613 337 1614 843 1614 235 1614 235 1615 843 1615 844 1615 235 1616 844 1616 236 1616 236 1617 844 1617 238 1617 238 1618 844 1618 845 1618 238 1619 845 1619 239 1619 239 1620 845 1620 241 1620 241 1621 845 1621 846 1621 241 1622 846 1622 242 1622 242 1623 846 1623 244 1623 244 1624 846 1624 847 1624 244 1625 847 1625 245 1625 245 1626 847 1626 247 1626 247 1627 847 1627 848 1627 247 1628 848 1628 248 1628 248 1629 848 1629 250 1629 250 1630 848 1630 849 1630 250 1631 849 1631 251 1631 251 1632 849 1633 253 1634 253 1635 849 1635 850 1635 253 1636 850 1636 254 1636 254 1637 850 1638 256 1639 256 1640 850 1640 851 1640 256 1641 851 1641 257 1641 257 1642 851 1642 259 1642 259 1643 851 1643 852 1643 259 1644 852 1644 260 1644 260 1645 852 1645 261 1645 261 1646 852 1646 853 1646 261 1647 853 1647 262 1647 854 1648 855 1649 856 1650 262 1651 853 1651 132 1651 132 1652 853 1652 857 1652 132 1653 857 1653 134 1653 134 1654 857 1654 854 1654 134 1655 854 1655 135 1655 135 1656 854 1656 856 1656 135 1657 856 1657 136 1657 858 1658 859 1658 860 1658 860 1659 859 1660 861 1661 860 1662 861 1662 862 1662 858 1663 136 1663 859 1663 859 1664 136 1664 856 1664 859 1665 856 1665 863 1665 863 1666 856 1666 855 1666 864 1667 865 1667 866 1667 867 1668 868 1668 869 1668 400 1669 870 1670 420 1671 400 1672 398 1672 871 1672 116 1673 872 1673 873 1673 872 1674 116 1674 115 1674 118 1675 874 1675 875 1675 126 1676 131 1676 876 1676 876 1677 131 1677 133 1677 876 1678 133 1678 877 1678 877 1679 133 1679 138 1679 877 1680 138 1680 878 1680 878 1681 138 1681 137 1681 878 1682 137 1682 879 1682 879 1683 137 1683 136 1683 879 1684 136 1684 880 1684 880 1685 136 1685 858 1685 880 1686 858 1686 881 1686 881 1687 858 1687 860 1687 881 1688 860 1688 862 1688 882 1689 128 1689 127 1689 882 1690 127 1690 883 1690 117 1691 124 1691 884 1691 884 1692 124 1692 123 1692 884 1693 123 1693 885 1693 885 1694 123 1694 130 1694 885 1695 130 1695 882 1695 882 1696 130 1696 129 1696 882 1697 129 1697 128 1697 118 1698 875 1698 120 1698 120 1699 875 1699 886 1699 120 1700 886 1700 121 1700 121 1701 886 1701 887 1701 121 1702 887 1702 112 1702 888 1703 111 1703 873 1703 873 1704 111 1704 110 1704 873 1705 110 1706 116 1707 107 1708 889 1708 103 1708 103 1709 889 1709 890 1709 103 1710 890 1710 104 1710 891 1711 395 1711 99 1711 99 1712 395 1712 100 1712 870 1713 400 1713 892 1713 391 1714 392 1714 893 1714 893 1715 392 1715 394 1715 894 1716 895 1716 896 1716 896 1717 895 1717 897 1717 896 1718 897 1718 898 1718 899 1719 900 1719 901 1719 901 1720 900 1720 902 1720 901 1721 902 1721 896 1721 896 1722 902 1722 903 1722 896 1723 903 1723 894 1723 904 1724 905 1724 906 1724 906 1725 905 1725 907 1725 906 1726 907 1726 908 1726 908 1727 907 1727 909 1727 909 1728 907 1728 910 1728 909 1729 910 1729 911 1729 912 1730 913 1730 910 1730 910 1731 913 1731 914 1731 910 1732 914 1732 911 1732 868 1733 915 1733 869 1733 869 1734 915 1735 916 1735 869 1736 916 1736 912 1736 912 1737 916 1737 917 1737 912 1738 917 1738 913 1738 867 1739 869 1739 918 1739 918 1740 869 1740 919 1740 918 1741 919 1741 920 1741 920 1742 919 1742 921 1742 920 1743 921 1743 922 1743 923 1744 924 1744 925 1744 925 1745 924 1745 926 1745 925 1746 926 1746 921 1746 921 1747 926 1747 927 1747 921 1748 927 1749 922 1750 923 1751 925 1751 928 1751 928 1752 925 1752 929 1752 928 1753 929 1754 930 1755 930 1756 929 1756 931 1756 931 1757 929 1757 932 1757 931 1758 932 1758 933 1758 934 1759 935 1759 936 1759 936 1760 935 1760 937 1760 936 1761 937 1761 932 1761 932 1762 937 1762 933 1762 934 1763 936 1763 938 1763 938 1764 936 1764 939 1764 938 1765 939 1766 940 1767 941 1768 942 1768 943 1768 943 1769 942 1769 944 1769 943 1770 944 1770 945 1770 945 1771 944 1771 946 1771 945 1772 946 1772 947 1772 947 1773 946 1773 948 1773 947 1774 948 1774 939 1774 939 1775 948 1775 949 1775 939 1776 949 1776 940 1776 865 1777 950 1777 866 1777 866 1778 950 1779 951 1780 866 1781 951 1781 941 1781 941 1782 943 1782 866 1782 866 1783 943 1783 952 1783 866 1784 952 1784 864 1784 862 1785 953 1785 881 1785 881 1786 953 1786 954 1786 881 1787 954 1787 880 1787 880 1788 954 1788 955 1788 880 1789 955 1789 879 1789 879 1790 955 1790 956 1790 879 1791 956 1791 878 1791 878 1792 956 1792 957 1792 878 1793 957 1793 877 1793 877 1794 957 1794 883 1794 877 1795 883 1795 876 1795 876 1796 883 1796 127 1796 876 1797 127 1798 126 1799 958 1800 959 1800 960 1800 960 1801 959 1801 961 1801 960 1802 961 1802 962 1802 962 1803 961 1803 963 1803 962 1804 963 1804 964 1804 398 1805 396 1805 871 1805 871 1806 396 1806 395 1806 871 1807 395 1807 965 1807 965 1808 395 1808 891 1808 965 1809 891 1809 958 1809 99 1810 104 1810 891 1810 891 1811 104 1811 890 1811 891 1812 890 1812 958 1812 958 1813 890 1813 889 1813 958 1814 889 1814 959 1814 959 1815 889 1815 107 1815 959 1816 107 1816 961 1816 961 1817 107 1817 106 1817 961 1818 106 1819 963 1820 963 1821 106 1822 97 1823 963 1824 97 1824 964 1824 964 1825 97 1825 96 1825 964 1826 96 1826 888 1826 888 1827 96 1827 108 1827 888 1828 108 1828 111 1828 382 1829 391 1829 966 1829 966 1830 391 1830 893 1830 966 1831 893 1831 967 1831 967 1832 893 1832 898 1832 967 1833 898 1833 968 1833 968 1834 898 1834 897 1834 921 1835 969 1835 925 1835 925 1836 969 1836 970 1836 925 1837 970 1837 929 1837 929 1838 970 1838 971 1838 929 1839 971 1839 932 1839 932 1840 971 1840 972 1840 932 1841 972 1841 936 1841 936 1842 972 1842 973 1842 936 1843 973 1843 939 1843 939 1844 973 1844 974 1844 939 1845 974 1845 947 1845 947 1846 974 1846 975 1846 947 1847 975 1847 945 1847 945 1848 975 1848 976 1848 945 1849 976 1849 943 1849 943 1850 976 1850 977 1850 943 1851 977 1851 952 1851 952 1852 977 1852 978 1852 979 1853 980 1853 981 1853 981 1854 980 1854 982 1854 981 1855 982 1855 905 1855 905 1856 982 1856 983 1856 905 1857 983 1857 907 1857 907 1858 983 1858 984 1858 907 1859 984 1859 910 1859 910 1860 984 1860 985 1860 910 1861 985 1861 912 1861 912 1862 985 1862 887 1862 912 1863 887 1863 869 1863 869 1864 887 1864 886 1864 869 1865 886 1865 919 1865 919 1866 886 1866 875 1866 919 1867 875 1867 921 1867 921 1868 875 1868 874 1868 921 1869 874 1869 969 1869 969 1870 874 1870 118 1870 969 1871 118 1871 117 1871 986 1872 979 1872 987 1872 987 1873 979 1873 981 1873 987 1874 981 1874 988 1874 988 1875 981 1875 905 1875 988 1876 905 1876 989 1876 989 1877 905 1877 904 1877 898 1878 990 1878 896 1878 896 1879 990 1879 986 1879 896 1880 986 1880 901 1880 901 1881 986 1881 987 1881 901 1882 987 1882 899 1882 899 1883 987 1883 988 1883 394 1884 420 1884 893 1884 893 1885 420 1885 870 1885 893 1886 870 1886 898 1886 898 1887 870 1887 892 1887 898 1888 892 1888 990 1888 117 1889 884 1889 969 1889 969 1890 884 1890 885 1890 969 1891 885 1891 970 1891 970 1892 885 1892 882 1892 970 1893 882 1893 971 1893 971 1894 882 1894 883 1894 971 1895 883 1895 972 1895 972 1896 883 1896 957 1896 972 1897 957 1897 973 1897 973 1898 957 1898 956 1898 973 1899 956 1899 974 1899 974 1900 956 1900 955 1900 974 1901 955 1901 975 1901 975 1902 955 1902 954 1902 975 1903 954 1903 976 1903 976 1904 954 1904 953 1904 976 1905 953 1905 977 1905 977 1906 953 1906 862 1906 977 1907 862 1907 978 1907 400 1908 871 1908 892 1908 892 1909 871 1909 965 1909 892 1910 965 1910 990 1910 990 1911 965 1911 958 1911 990 1912 958 1912 986 1912 986 1913 958 1913 960 1913 986 1914 960 1914 979 1914 979 1915 960 1915 962 1915 979 1916 962 1916 980 1916 980 1917 962 1917 964 1917 980 1918 964 1918 982 1918 982 1919 964 1919 888 1919 982 1920 888 1920 983 1920 983 1921 888 1921 873 1921 983 1922 873 1922 984 1922 984 1923 873 1923 872 1923 984 1924 872 1924 985 1924 985 1925 872 1925 115 1925 985 1926 115 1926 887 1926 887 1927 115 1927 113 1927 887 1928 113 1928 112 1928 897 1929 895 1929 991 1929 992 1930 993 1930 935 1930 951 1931 994 1931 995 1931 996 1932 942 1932 995 1932 995 1933 942 1933 941 1933 995 1934 941 1934 951 1934 949 1935 948 1935 997 1935 997 1936 948 1936 998 1936 998 1937 948 1937 946 1937 998 1938 946 1938 996 1938 996 1939 946 1939 944 1939 996 1940 944 1940 942 1940 935 1941 934 1941 992 1941 992 1942 934 1942 938 1942 992 1943 938 1943 997 1943 997 1944 938 1945 940 1946 997 1947 940 1947 949 1947 999 1948 928 1948 930 1948 930 1949 931 1949 999 1949 999 1950 931 1950 933 1950 999 1951 933 1951 1000 1951 1000 1952 933 1952 937 1952 1000 1953 937 1953 993 1953 993 1954 937 1954 935 1954 928 1955 999 1955 923 1955 923 1956 999 1956 1001 1956 923 1957 1001 1957 924 1957 1002 1958 927 1958 1001 1958 1001 1959 927 1959 926 1959 1001 1960 926 1960 924 1960 867 1961 918 1961 1003 1961 1003 1962 918 1962 920 1962 1003 1963 920 1963 1002 1963 1002 1964 920 1965 922 1966 1002 1967 922 1967 927 1967 913 1968 917 1968 1004 1968 1004 1969 917 1969 916 1969 1004 1970 916 1970 1005 1970 1005 1971 916 1971 915 1971 1005 1972 915 1972 1003 1972 1003 1973 915 1974 868 1975 1003 1976 868 1976 867 1976 1006 1977 909 1977 1007 1977 1007 1978 909 1978 911 1978 1007 1979 911 1979 1004 1979 1004 1980 911 1980 914 1980 1004 1981 914 1981 913 1981 1008 1982 906 1982 1006 1982 1006 1983 906 1983 908 1983 1006 1984 908 1984 909 1984 1009 1985 989 1985 1008 1985 1008 1986 989 1986 904 1986 1008 1987 904 1987 906 1987 991 1988 895 1988 1010 1988 1010 1989 895 1989 894 1989 1010 1990 894 1990 1011 1990 1011 1991 894 1991 903 1991 1011 1992 903 1992 902 1992 902 1993 900 1993 1011 1993 1011 1994 900 1994 899 1994 1011 1995 899 1995 1009 1995 1009 1996 899 1996 988 1996 1009 1997 988 1997 989 1997 1012 1998 383 1998 382 1998 382 1999 966 1999 1012 1999 1012 2000 966 2000 967 2000 1012 2001 967 2001 991 2001 991 2002 967 2002 968 2002 991 2003 968 2003 897 2003 385 2004 383 2005 386 2006 386 2007 383 2008 1013 2007 386 2009 1013 2009 1014 2009 383 2010 1012 2010 1013 2010 1013 2011 1012 2011 991 2011 1013 2012 991 2012 1015 2012 1008 2013 1016 2013 1017 2013 991 2014 1010 2014 1015 2014 1015 2015 1010 2015 1011 2015 1015 2016 1011 2016 1017 2016 1017 2017 1011 2017 1009 2017 1017 2018 1009 2018 1008 2018 1005 2019 1018 2019 1019 2019 1008 2020 1006 2020 1016 2020 1016 2021 1006 2021 1007 2021 1016 2022 1007 2022 1019 2022 1019 2023 1007 2023 1004 2023 1019 2024 1004 2024 1005 2024 999 2025 1020 2025 1021 2025 1005 2026 1003 2026 1018 2026 1018 2027 1003 2027 1002 2027 1018 2028 1002 2028 1021 2028 1021 2029 1002 2029 1001 2029 1021 2030 1001 2030 999 2030 997 2031 1022 2031 1023 2031 999 2032 1000 2032 1020 2032 1020 2033 1000 2033 993 2033 1020 2034 993 2034 1023 2034 1023 2035 993 2035 992 2035 1023 2036 992 2036 997 2036 997 2037 998 2037 1022 2037 1022 2038 998 2038 996 2038 1022 2039 996 2039 1024 2039 1024 2040 996 2041 995 2042 1024 2043 995 2044 1025 2043 1025 2045 995 2045 994 2045 656 2046 1026 2046 1027 2046 1028 2047 1029 2047 715 2047 715 2048 714 2048 1028 2048 1028 2049 714 2049 659 2049 1028 2050 659 2050 1030 2050 659 2051 711 2051 1030 2051 1030 2052 711 2052 709 2052 1030 2053 709 2053 1031 2053 709 2054 707 2054 1031 2054 1031 2055 707 2055 704 2055 1031 2056 704 2056 1032 2056 704 2057 701 2057 1032 2057 1032 2058 701 2058 698 2058 1032 2059 698 2059 1033 2059 698 2060 695 2061 1033 2062 1033 2063 695 2063 692 2063 1033 2064 692 2064 1034 2064 692 2065 690 2066 1034 2067 1034 2068 690 2068 686 2068 1034 2069 686 2069 1035 2069 686 2070 681 2070 1035 2070 1035 2071 681 2071 679 2071 1035 2072 679 2072 1036 2072 679 2073 676 2073 1036 2073 1036 2074 676 2074 673 2074 1036 2075 673 2075 1037 2075 673 2076 671 2076 1037 2076 1037 2077 671 2077 663 2077 1037 2078 663 2078 1038 2078 663 2079 665 2079 1038 2079 1038 2080 665 2080 667 2080 1038 2081 667 2081 1027 2081 1027 2082 667 2082 660 2082 1027 2083 660 2083 656 2083 656 2084 660 2085 655 2086 656 2087 655 2087 654 2087 1039 2088 359 2088 1040 2088 1040 2088 359 2088 364 2088 1040 2089 364 2089 1041 2089 1041 2090 364 2090 363 2090 1041 2091 363 2091 1042 2091 1042 2091 363 2091 362 2091 1042 2092 362 2092 1043 2092 1043 2093 362 2093 367 2093 1043 2094 367 2094 1044 2094 1044 2095 367 2095 366 2095 1044 2096 366 2096 1045 2096 1045 2096 366 2096 365 2096 1045 2097 365 2097 1046 2097 1046 2098 365 2098 370 2098 1046 2099 370 2099 1047 2099 1047 2100 370 2100 369 2100 1047 2101 369 2101 1048 2101 1048 2102 369 2102 368 2102 1048 2103 368 2103 1049 2103 1049 2104 368 2104 373 2104 1049 2105 373 2105 1050 2105 1050 2105 373 2105 372 2105 1050 2106 372 2106 1051 2106 1051 2106 372 2106 371 2106 1051 2107 371 2107 1052 2107 1052 2108 371 2108 376 2108 1052 2109 376 2109 1053 2109 1053 2110 376 2110 375 2110 1053 2111 375 2111 1054 2111 1054 2112 375 2112 374 2112 1054 2113 374 2113 1055 2113 1055 2114 374 2114 379 2114 1055 2115 379 2115 1056 2115 1056 2115 379 2115 378 2115 1056 2116 378 2116 1057 2116 1057 2117 378 2117 377 2117 1057 2118 377 2118 1058 2118 1058 2119 377 2119 381 2119 1058 2120 381 2120 1059 2120 1059 2121 381 2121 380 2121 1059 2122 380 2122 1060 2122 1060 2123 380 2123 360 2123 1060 2124 360 2124 1039 2124 1039 2124 360 2124 359 2124 821 511 820 511 1055 511 1055 511 820 511 1054 511 820 511 819 511 1054 511 1054 2125 819 2125 818 2125 1054 511 818 511 1053 511 821 2126 1055 2126 822 2126 822 511 1055 511 1056 511 822 2127 1056 2127 823 2127 844 511 843 511 1043 511 1043 511 843 511 1042 511 758 2128 716 2128 1051 2128 1051 511 716 511 715 511 1051 511 715 511 1050 511 831 511 1059 511 832 511 832 2129 1059 2129 1060 2129 832 2130 1060 2130 833 2130 833 511 1060 511 834 511 834 2131 1060 2131 1039 2131 834 511 1039 511 835 511 835 511 1039 511 836 511 836 2132 1039 2132 1040 2132 836 511 1040 511 837 511 843 511 842 511 1042 511 1042 511 842 511 841 511 1042 511 841 511 1041 511 851 2133 850 2133 1046 2133 1046 511 850 511 1045 511 723 511 725 511 1051 511 1051 2134 725 2134 759 2134 1051 511 759 511 758 511 818 511 817 511 1053 511 1053 2135 817 2135 816 2135 1053 2136 816 2136 1052 2136 827 2137 1057 2137 1058 2137 831 2138 830 2138 1059 2138 1059 2139 830 2139 829 2139 1059 511 829 511 1058 511 1058 2140 829 2140 828 2140 1058 2141 828 2141 827 2141 844 511 1043 511 845 511 845 2142 1043 2142 1044 2142 845 2143 1044 2143 846 2143 850 2144 849 2144 1045 2144 1045 511 849 511 848 511 1045 511 848 511 1044 511 1044 511 848 511 847 511 1044 511 847 511 846 511 951 2145 950 2145 1049 2145 827 2146 826 2146 1057 2146 1057 511 826 511 825 511 1057 511 825 511 1056 511 1056 2147 825 2147 824 2147 1056 511 824 511 823 511 841 511 840 511 1041 511 1041 2148 840 2148 839 2148 1041 2149 839 2149 1040 2149 1040 2150 839 2150 838 2150 1040 2151 838 2151 837 2151 715 511 1029 511 1050 511 1050 511 1029 511 1025 511 1050 511 1025 511 1049 511 1049 2152 1025 2152 994 2152 1049 511 994 511 951 511 1047 511 1048 511 854 511 854 511 857 511 1047 511 1047 2153 857 2153 853 2153 1047 511 853 511 1046 511 1046 2154 853 2154 852 2154 1046 2155 852 2155 851 2155 950 511 865 511 1049 511 1049 2156 865 2156 864 2156 1049 511 864 511 952 511 814 511 755 511 1051 511 1051 2157 755 2157 753 2157 1051 2158 753 2158 723 2158 816 511 815 511 1052 511 1052 2159 815 2159 813 2159 1052 511 813 511 1051 511 1051 2160 813 2160 812 2160 1051 2161 812 2161 814 2161 952 511 978 511 1049 511 1049 2162 978 2162 862 2162 1049 2163 862 2163 861 2163 861 511 859 511 1049 511 1049 2164 859 2164 863 2164 1049 511 863 511 1048 511 1048 2165 863 2165 855 2165 1048 2166 855 2166 854 2166 490 2167 492 2167 415 2167 485 2167 486 2167 417 2167 492 2167 493 2167 415 2167 415 2168 493 2168 495 2168 415 2167 495 2167 413 2167 476 2167 478 2167 407 2167 386 2167 1014 2167 384 2167 384 2167 1014 2167 1026 2167 627 2167 408 2167 618 2167 618 2167 408 2167 384 2167 618 2167 384 2167 619 2167 619 2167 384 2167 1026 2167 619 2169 1026 2169 656 2169 627 2167 637 2167 408 2167 408 2167 637 2167 638 2167 408 2170 638 2170 640 2170 404 2167 503 2167 405 2167 405 2171 503 2171 505 2171 405 2167 505 2167 406 2167 406 2172 505 2172 507 2172 406 2173 507 2173 387 2173 387 2174 507 2174 508 2174 387 2175 508 2175 571 2175 417 2176 486 2176 415 2176 415 2177 486 2177 488 2177 415 2178 488 2178 490 2178 478 2167 480 2167 407 2167 407 2179 480 2179 481 2179 407 2167 481 2167 417 2167 417 2180 481 2180 483 2180 417 2181 483 2181 485 2181 640 2167 615 2167 408 2167 408 2182 615 2182 617 2182 408 2183 617 2183 642 2183 566 2184 568 2184 508 2184 508 2185 568 2185 569 2185 508 2186 569 2186 571 2186 495 2167 497 2167 413 2167 413 2187 497 2187 498 2187 413 2167 498 2167 412 2167 412 2188 498 2188 500 2188 412 2167 500 2167 404 2167 404 2189 500 2189 502 2189 404 2190 502 2190 503 2190 647 2167 649 2167 408 2167 408 2191 649 2191 469 2191 642 2167 644 2167 408 2167 408 2192 644 2192 645 2192 408 2193 645 2193 647 2193 469 2167 471 2167 408 2167 408 2194 471 2194 473 2194 408 2167 473 2167 407 2167 407 2195 473 2195 475 2195 407 2196 475 2196 476 2196 561 2197 562 2197 508 2197 508 2198 562 2198 564 2198 508 2199 564 2199 566 2199 556 2200 557 2200 508 2200 508 2201 557 2201 559 2201 508 2202 559 2202 561 2202 551 2167 552 2167 508 2167 508 2203 552 2203 554 2203 508 2204 554 2204 556 2204 546 2167 547 2167 508 2167 508 2205 547 2205 549 2205 508 2206 549 2206 551 2206 540 2207 542 2207 508 2207 508 2208 542 2208 544 2208 508 2209 544 2209 546 2209 535 2210 537 2210 508 2210 508 2211 537 2211 539 2211 508 2167 539 2167 540 2167 530 2212 532 2212 508 2212 508 2213 532 2213 534 2213 508 2167 534 2167 535 2167 525 2214 527 2214 508 2214 508 2215 527 2215 529 2215 508 2167 529 2167 530 2167 520 2167 522 2167 508 2167 508 2216 522 2216 524 2216 508 2217 524 2217 525 2217 515 2167 517 2167 508 2167 508 2218 517 2218 519 2218 508 2219 519 2219 520 2219 510 2167 512 2167 508 2167 508 2167 512 2167 513 2167 508 2167 513 2167 515 2167 1034 2220 1061 2220 1062 2220 1063 2221 1038 2221 1064 2221 1064 2222 1038 2222 1027 2222 1064 2223 1027 2223 1065 2223 1065 2224 1027 2224 1026 2224 1065 2225 1026 2225 1066 2225 1034 2220 1035 2220 1061 2220 1061 2226 1035 2226 1036 2226 1061 2227 1036 2227 1063 2227 1063 2228 1036 2228 1037 2228 1063 2229 1037 2229 1038 2229 1067 2230 1032 2230 1062 2230 1062 2231 1032 2231 1033 2231 1062 2232 1033 2232 1034 2232 1029 2233 1028 2233 1068 2233 1068 2234 1028 2234 1030 2234 1068 2235 1030 2235 1067 2235 1067 2236 1030 2236 1031 2236 1067 2237 1031 2237 1032 2237 1066 2220 1026 2220 1069 2220 1069 2220 1026 2220 1014 2220 1069 2220 1014 2220 1070 2220 1068 2220 1071 2220 1029 2220 1029 2238 1071 2238 1072 2238 1029 2220 1072 2220 1025 2220 1025 2238 1072 2238 1073 2238 1025 2220 1073 2220 1024 2220 1024 2239 1073 2239 1074 2239 1024 2220 1074 2220 1022 2220 1022 2240 1074 2240 1075 2240 1076 2230 1020 2230 1075 2230 1075 2237 1020 2237 1023 2237 1075 2236 1023 2236 1022 2236 1077 2220 1018 2220 1076 2220 1076 2232 1018 2232 1021 2232 1076 2231 1021 2231 1020 2231 1078 2227 1016 2227 1077 2227 1077 2226 1016 2226 1019 2226 1077 2241 1019 2241 1018 2241 1014 2242 1013 2242 1070 2242 1070 2222 1013 2222 1015 2222 1070 2243 1015 2243 1078 2243 1078 2229 1015 2229 1017 2229 1078 2228 1017 2228 1016 2228 1072 2244 1079 2244 1073 2244 1073 2245 1079 2245 1080 2245 1073 2246 1080 2246 1074 2246 1074 2247 1080 2247 1081 2247 1074 2248 1081 2248 1075 2248 1075 2249 1081 2249 1082 2249 1075 2249 1082 2249 1076 2249 1076 2115 1082 2115 1083 2115 1076 2115 1083 2115 1077 2115 1077 2250 1083 2250 1084 2250 1077 2251 1084 2251 1078 2251 1078 2252 1084 2252 1085 2252 1078 2253 1085 2253 1070 2253 1070 2254 1085 2254 1086 2254 1070 2254 1086 2254 1069 2254 1069 2255 1086 2255 1087 2255 1069 2255 1087 2255 1066 2255 1066 2256 1087 2256 1088 2256 1066 2256 1088 2256 1065 2256 1065 2257 1088 2257 1089 2257 1065 2257 1089 2257 1064 2257 1064 2258 1089 2258 1090 2258 1064 2259 1090 2259 1063 2259 1063 2260 1090 2260 1091 2260 1063 2261 1091 2261 1061 2261 1061 2096 1091 2096 1092 2096 1061 2096 1092 2096 1062 2096 1062 2262 1092 2262 1093 2262 1062 2262 1093 2262 1067 2262 1067 2263 1093 2263 1094 2263 1067 2264 1094 2264 1068 2264 1068 2265 1094 2265 1095 2265 1068 2266 1095 2266 1071 2266 1071 2267 1095 2267 1096 2267 1071 2267 1096 2267 1072 2267 1072 2244 1096 2244 1079 2244 1089 2220 1088 2220 1097 2220 1097 2220 1088 2220 1087 2220 1097 2220 1087 2220 1086 2220 1092 2220 1091 2220 1097 2220 1097 2220 1091 2220 1090 2220 1097 2220 1090 2220 1089 2220 1095 2220 1094 2220 1097 2220 1097 2220 1094 2220 1093 2220 1097 2220 1093 2220 1092 2220 1080 2220 1079 2220 1097 2220 1097 2220 1079 2220 1096 2220 1097 2220 1096 2220 1095 2220 1083 2220 1082 2220 1097 2220 1097 2220 1082 2220 1081 2220 1097 2220 1081 2220 1080 2220 1086 2220 1085 2220 1097 2220 1097 2220 1085 2220 1084 2220 1097 2220 1084 2220 1083 2220</p>
        </triangles>
      </mesh>
    </geometry>
  </library_geometries>
  <library_visual_scenes>
    <visual_scene id="Scene" name="Scene">
      <node id="link_5" name="link_5" type="NODE">
        <matrix sid="transform">10 0 0 -1.02818e-6 0 10 0 0.1497647 0 0 10 11.65767 0 0 0 1</matrix>
        <instance_geometry url="#link_5_001-mesh" name="link_5"/>
      </node>
    </visual_scene>
  </library_visual_scenes>
  <scene>
    <instance_visual_scene url="#Scene"/>
  </scene>
</COLLADA>